id,segmentation
000001,0 30 40 114 158 5 175 110 295 115 413 6 430 111 549 126 685 111 804 127 938 113 1059 128 1192 115 1315 127 1447 116 1571 127 1703 116 1827 127 1958 116 2083 127 2213 116 2338 247 2594 246 2850 246 3105 247 3361 246 3616 247 3872 247 4128 247 4384 247 4640 247 4896 246 5152 245 5409 243 5665 243 5922 222 6147 16 6178 222 6403 16 6434 222 6659 16 6690 222 6914 17 6946 222 7170 18 7202 222 7426 18 7458 222 7682 18 7713 223 7938 18 7969 223 8195 16 8225 223 8451 16 8482 222 8708 15 8738 222 8964 14 8994 222 9221 12 9250 222 9478 13 9506 222 9735 2 9741 8 9760 224 9996 10 10009 169 10180 60 10252 181 10438 58 10506 186 10694 58 10760 189 10951 57 11015 249 11270 250 11525 15 11541 253 11797 253 12052 253 12307 3072 15381 253 15640 250 15898 248 16155 247 16412 251 16668 252 16925 119 17047 123 17171 5 17181 119 17303 121 17427 6 17437 119 17560 120 17683 5 17694 119 17816 120 17940 4 17950 120 18072 126 18206 246 18462 243 18719 241 18975 240 19231 238 19488 189 19682 44 19744 184 19938 44 20001 181 20194 45 20257 179 20450 45 20514 176 20704 47 20769 170 20942 1 20957 35 20993 13 21024 132 21161 24 21186 7 21212 36 21249 12 21280 124 21421 8 21430 11 21468 36 21505 11 21536 124 21679 2 21687 10 21723 48 21794 122 21943 11 21978 47 22053 75 22135 37 22199 11 22234 46 22308 75 22391 36 22456 10 22489 45 22564 75 22647 33 22712 9 22745 44 22820 74 22902 32 23000 44 23075 74 23157 32 23241 3 23256 43 23331 73 23413 31 23497 1 23512 42 23587 72 23668 32 23768 41 23842 72 23924 29 24024 40 24079 6 24097 51 24153 17 24180 28 24279 41 24335 6 24352 48 24410 17 24436 28 24533 43 24590 7 24605 39 24647 7 24667 16 24693 27 24788 44 24846 7 24861 39 24903 6 24922 16 24953 23 25044 44 25092 1 25102 7 25117 38 25159 6 25178 15 25210 22 25299 45 25347 4 25357 9 25373 36 25433 15 25467 21 25555 45 25602 5 25613 12 25631 29 25689 14 25723 21 25811 45 25857 7 25869 15 25892 24 25944 14 25979 21 26067 53 26124 16 26150 22 26200 14 26236 20 26323 74 26408 20 26455 14 26492 20 26579 75 26665 20 26711 14 26747 21 26835 76 26922 19 26966 15 27004 19 27091 76 27179 19 27222 14 27260 14 27346 78 27435 20 27478 13 27516 12 27602 78 27692 19 27716 1 27734 11 27773 10 27858 79 27948 19 27970 4 27991 7 28029 8 28114 79 28205 18 28225 6 28250 1 28286 5 28370 80 28461 26 28626 80 28718 25 28882 81 28975 24 29138 81 29232 23 29395 80 29491 20 29651 81 29748 20 29908 80 30004 20 30164 80 30266 13 30421 79 30523 12 30678 78 30781 10 30934 78 31037 10 31191 77 31293 9 31447 77 31548 10 31703 77 31804 9 31960 76 32060 9 32217 75 32296 1 32315 9 32474 81 32572 8 32732 81 32828 7 32988 83 33084 7 33245 86 33340 6 33502 86 33596 5 33760 85 33854 1 34018 84 34275 84 34532 84 34788 86 35045 86 35236 11 35251 5 35301 87 35491 23 35557 88 35746 25 35813 90 36002 26 36069 90 36237 4 36257 28 36326 90 36491 7 36512 30 36582 91 36747 8 36768 30 36838 91 37002 9 37023 32 37094 92 37257 11 37279 33 37350 94 37510 15 37534 36 37606 94 37766 17 37790 37 37861 96 38021 19 38045 44 38117 96 38276 71 38373 97 38531 77 38630 96 38781 83 38886 97 39033 87 39143 96 39288 88 39400 95 39543 89 39657 94 39798 89 39914 93 40053 90 40171 92 40308 90 40429 90 40564 90 40687 88 40819 90 40944 86 41075 89 41202 83 41330 89 41458 80 41585 89 41715 79 41840 88 41973 79 42095 88 42230 78 42351 87 42486 79 42607 47 42655 37 42695 3 42742 80 42835 4 42863 47 42911 35 42951 3 42998 80 43090 6 43118 47 43167 35 43207 4 43245 1 43254 80 43346 8 43357 4 43373 48 43423 30 43463 4 43496 8 43509 81 43602 17 43627 49 43679 29 43720 4 43751 11 43764 82 43859 74 43934 10 43947 15 43977 2 44006 95 44115 85 44204 13 44233 1 44262 95 44370 87 44460 12 44518 95 44626 102 44774 94 44882 102 44986 2 45030 94 45137 109 45286 93 45392 111 45542 91 45647 112 45798 90 45903 97 46001 14 46054 88 46159 97 46258 14 46309 86 46416 95 46514 14 46563 87 46672 96 46772 14 46819 87 46929 96 47029 13 47075 87 47186 95 47290 7 47330 88 47442 96 47549 2 47586 88 47699 95 47804 3 47842 88 47956 94 48056 5 48097 89 48213 94 48310 6 48353 89 48469 94 48565 7 48608 90 48725 103 48863 92 48982 102 49118 102 49238 102 49372 107 49494 102 49627 110 49750 103 49882 112 50006 104 50138 112 50263 104 50391 115 50520 103 50643 119 50776 103 50898 120 51032 102 51153 120 51289 98 51405 124 51546 96 51660 124 51802 96 51912 128 52058 95 52166 131 52314 95 52420 134 52571 94 52674 137 52828 92 52927 140 53089 86 53182 142 53346 84 53438 143 53602 73 53680 5 53694 143 53859 71 53950 143 54115 70 54207 142 54372 68 54463 142 54628 8 54637 58 54720 141 54886 5 54896 55 54976 141 55154 52 55232 141 55412 50 55488 142 55669 49 55744 143 55926 48 56000 144 56183 47 56244 5 56256 145 56442 43 56499 7 56512 146 56703 38 56753 9 56768 146 56960 36 57009 10 57025 146 57217 35 57264 11 57281 147 57472 36 57519 12 57538 149 57726 39 57775 13 57794 150 57981 41 58030 15 58050 151 58235 43 58285 16 58306 152 58490 45 58541 17 58560 155 58745 46 58796 175 59001 47 59052 171 59257 218 59513 212 59770 212 60026 217 60282 218 60539 218 60766 6 60797 218 61021 8 61055 217 61276 9 61313 229 61573 226 61830 121 61952 104 62092 115 62208 110 62350 113 62464 112 62606 112 62720 113 62863 89 62958 15 62976 113 63119 88 63214 15 63232 114 63375 87 63470 15 63488 114 63606 6 63630 90 63726 14 63744 115 63861 8 63885 92 63981 14 64000 127 64139 96 64236 14 64256 129 64395 110 64512 130 64651 110 64768 130 64907 110 65024 130 65163 110 65280 130 65420 93 65515 14
000002,0 252 256 252 512 252 768 252 1024 251 1280 251 1536 251 1792 250 2048 250 2304 250 2560 250 2816 249 3072 248 3327 249 3582 250 3837 252 4092 512 4606 60930
000003,0 65536
000004,0 65536
000005,0 65536
000006,153 9 192 57 412 3 447 57 703 57 958 57 1214 57 1469 58 1724 59 1980 59 2236 60 2492 60 2748 60 3004 60 3259 61 3514 62 3765 66 4015 72 4270 74 4525 77 4780 29 4810 51 5035 28 5067 53 5290 28 5323 53 5545 29 5580 52 5800 29 5836 52 6056 27 6092 52 6311 26 6348 52 6567 25 6604 52 6823 24 6860 52 7079 23 7115 53 7335 22 7370 54 7592 19 7625 55 7848 7 7857 8 7881 55 8106 3 8137 55 8392 51 8647 50 8902 50 9156 53 9410 56 9666 57 9921 58 10176 59 10431 60 10687 59 10944 58 11200 57 11457 53 11714 62 11971 61 12227 61 12484 60 12742 36 12780 20 13000 30 13036 20 13256 30 13292 20 13513 30 13547 21 13769 55 14026 54 14282 54 14538 54 14795 53 15052 52 15316 44 15573 43 15829 43 16085 43 16329 6 16340 44 16584 8 16595 45 16839 10 16851 45 17094 58 17349 59 17604 13 17619 45 17860 12 17875 45 18116 11 18131 45 18373 10 18386 46 18630 8 18641 47 18887 7 18896 12 18914 30 19145 5 19152 11 19171 29 19405 13 19427 29 19662 12 19684 28 19918 11 19940 9 19952 16 20175 9 20196 9 20210 5 20219 5 20434 3 20453 7 20467 1 20711 5 20967 2 21724 2 21973 9 22227 12 22482 13 22738 13 22992 16 23247 17 23503 17 23758 17 23807 1 24014 20 24052 4 24061 3 24271 21 24307 6 24316 4 24527 21 24563 8 24572 4 24784 11 24798 6 24819 13 25040 10 25056 2 25075 13 25297 8 25332 12 25553 7 25588 12 25810 5 25844 12 26100 12 26357 11 26612 12 26868 12 27124 12 27379 13 27634 14 27890 14 28146 14 28402 14 28658 14 28914 14 29169 15 29424 16 29680 16 29936 16 30192 13 30449 10 30706 8 30963 6 31222 2
000007,0 65536
000008,32 43 108 3 153 7 195 48 288 43 363 5 409 7 450 49 544 43 618 7 666 5 706 49 801 43 873 8 961 50 1057 44 1129 9 1217 50 1313 44 1384 10 1473 50 1569 45 1640 10 1729 51 1826 46 1895 11 1986 52 2082 48 2151 11 2242 52 2339 48 2408 9 2497 54 2596 48 2664 9 2753 42 2796 11 2853 47 2920 7 3009 54 3109 48 3177 5 3264 55 3364 50 3433 5 3520 55 3610 5 3618 54 3690 4 3776 55 3863 66 3946 3 4032 55 4117 69 4288 56 4372 71 4479 4 4544 58 4627 73 4734 6 4776 3 4800 59 4883 74 4989 8 5030 8 5055 60 5138 76 5243 10 5285 14 5310 61 5394 79 5497 14 5534 24 5566 61 5650 82 5752 17 5789 27 5821 62 5906 85 6007 18 6043 31 6075 64 6163 85 6262 19 6299 95 6419 86 6518 19 6554 96 6675 86 6773 19 6810 95 6931 85 7029 19 7065 96 7187 85 7285 19 7320 96 7443 84 7542 18 7575 96 7686 4 7699 84 7798 18 7830 97 7941 6 7955 83 8056 15 8085 98 8196 8 8210 84 8313 8 8341 97 8448 102 8571 5 8597 97 8704 102 8822 2 8827 5 8852 98 8960 103 9076 5 9084 3 9107 98 9216 103 9332 5 9340 2 9363 98 9472 103 9589 3 9618 98 9728 103 9874 98 9984 103 10130 96 10240 76 10317 26 10386 95 10496 76 10574 25 10642 94 10752 76 10830 24 10898 93 11008 76 11085 24 11155 92 11264 101 11412 91 11520 99 11669 90 11776 98 11926 89 12032 98 12183 88 12288 97 12439 88 12544 97 12696 87 12800 97 12952 88 13056 97 13209 89 13312 98 13466 89 13568 98 13723 88 13824 98 13980 87 14080 98 14236 88 14336 98 14493 86 14592 98 14748 85 14848 99 15004 83 15104 99 15259 83 15360 100 15477 7 15515 83 15616 101 15727 14 15771 82 15872 103 15982 21 16027 82 16128 104 16237 23 16283 82 16384 105 16493 24 16539 82 16640 104 16749 26 16796 82 16896 73 16971 28 17005 27 17052 82 17152 74 17229 26 17261 28 17310 79 17408 75 17487 24 17516 30 17567 78 17664 104 17770 32 17825 76 17920 139 18083 73 18176 139 18337 75 18432 139 18575 5 18590 78 18688 140 18830 7 18845 78 18944 150 19100 78 19200 150 19356 77 19456 151 19612 75 19712 151 19867 75 19960 3 19968 151 20123 75 20215 5 20224 151 20377 76 20471 5 20480 229 20727 4 20736 228 20982 4 20992 228 21238 3 21248 228 21494 4 21504 228 21739 3 21750 4 21760 228 21994 5 22006 4 22016 229 22249 7 22262 5 22272 240 22518 5 22528 241 22775 4 22784 241 23031 5 23040 241 23287 5 23296 241 23544 3 23552 243 23808 243 24064 244 24320 243 24576 243 24832 243 25088 242 25344 242 25600 242 25856 241 26112 240 26368 239 26624 238 26880 237 27136 237 27392 236 27648 236 27904 236 28160 236 28416 236 28672 235 28928 126 29059 104 29184 125 29317 102 29440 125 29573 102 29696 124 29828 103 29952 123 30083 103 30208 122 30339 102 30464 121 30594 103 30720 119 30849 103 30976 117 31105 102 31232 115 31360 102 31488 115 31615 103 31744 116 31868 107 32000 116 32123 110 32242 6 32256 116 32378 113 32496 9 32512 117 32634 113 32752 9 32768 117 32889 113 33007 10 33027 114 33144 114 33263 11 33284 114 33399 114 33518 12 33541 95 33637 131 33774 12 33797 87 33901 122 34030 12 34053 86 34157 120 34287 11 34309 84 34412 117 34546 8 34560 1 34564 75 34667 116 34803 7 34816 71 34923 116 35059 8 35072 71 35178 116 35315 8 35328 71 35433 115 35571 8 35584 71 35688 115 35827 8 35840 69 35943 115 36084 7 36096 65 36198 116 36340 7 36352 63 36454 117 36598 3 36605 65 36709 118 36860 65 36965 119 37115 65 37221 119 37371 64 37477 119 37627 63 37733 119 37869 3 37884 62 37978 1 37989 119 38124 5 38144 57 38246 117 38380 4 38400 56 38502 102 38607 11 38637 3 38656 55 38759 99 38866 7 38912 53 39015 99 39155 8 39168 52 39271 98 39411 64 39516 2 39527 97 39666 64 39771 4 39782 99 39922 63 40026 6 40038 99 40178 61 40273 4 40280 9 40294 100 40434 14 40449 44 40526 19 40549 101 40689 15 40706 41 40781 21 40805 101 40938 5 40944 16 40962 36 41036 126 41193 23 41218 35 41292 126 41448 24 41475 32 41548 126 41701 27 41731 31 41804 126 41957 27 41987 29 42060 126 42219 21 42245 26 42316 127 42475 21 42504 20 42572 128 42730 22 42762 17 42828 128 42986 22 43019 14 43085 128 43241 23 43275 12 43343 126 43496 24 43532 6 43601 125 43748 28 43789 4 43858 123 44003 28 44114 10 44129 107 44260 3 44267 19 44372 7 44386 105 44517 1 44525 16 44642 105 44782 15 44899 103 45039 14 45155 103 45295 13 45411 102 45551 12 45668 99 45768 1 45807 10 45925 102 46064 5 46182 103 46438 103 46694 104 46950 103 47178 1 47206 103 47421 4 47432 5 47462 101 47674 8 47687 7 47718 99 47928 11 47942 8 47974 98 48181 15 48197 11 48229 98 48435 30 48484 99 48690 31 48737 102 48887 1 48945 32 48991 104 49096 3 49141 5 49200 32 49246 110 49391 17 49456 32 49502 111 49645 19 49711 31 49758 73 49833 35 49900 20 49967 30 50015 71 50090 34 50155 21 50221 31 50271 71 50347 32 50409 23 50465 2 50474 33 50528 70 50603 31 50662 26 50720 6 50728 35 50784 72 50859 31 50916 28 50975 44 51040 73 51114 30 51171 29 51231 44 51294 105 51427 29 51486 45 51547 107 51684 28 51734 53 51798 1 51801 109 51941 27 51988 54 52051 115 52197 27 52242 56 52307 115 52453 27 52493 61 52563 117 52709 27 52747 63 52819 121 52951 41 53002 63 53075 124 53206 42 53258 63 53331 126 53462 42 53513 64 53586 128 53718 42 53770 63 53842 130 53974 42 54026 63 54098 174 54282 63 54354 174 54538 63 54608 176 54793 247 55049 247 55305 247 55560 205 55768 40 55816 205 56024 40 56072 205 56280 40 56328 205 56534 42 56584 248 56840 248 57096 248 57352 248 57609 247 57865 247 58122 246 58379 245 58636 244 58893 243 59150 242 59407 241 59664 240 59929 231 60186 230 60441 231 60697 231 60953 231 61209 231 61465 231 61721 231 61978 230 62236 228 62493 227 62750 226 63007 225 63264 224 63522 222 63779 221 64035 221 64292 220 64548 220 64805 219 65061 219 65308 3 65317 219
000009,0 25 43 18 108 2 154 127 299 17 410 126 556 16 666 111 779 4 786 6 806 21 922 111 1043 4 1061 12 1077 4 1178 111 1301 2 1317 9 1434 111 1572 11 1691 110 1827 12 1894 7 1948 109 2080 16 2148 11 2204 108 2335 17 2403 13 2460 108 2590 20 2659 13 2715 109 2845 22 2876 1 2914 15 2970 110 3101 22 3126 1 3132 8 3170 16 3226 110 3357 27 3390 8 3426 16 3482 110 3613 28 3646 8 3682 16 3738 110 3870 28 3902 9 3938 15 3994 110 4127 27 4158 9 4194 14 4250 109 4384 27 4415 9 4450 13 4507 108 4630 2 4641 27 4671 9 4706 13 4763 107 4885 5 4899 25 4927 10 4961 13 5020 106 5141 6 5155 39 5217 12 5276 105 5397 8 5412 38 5473 12 5533 103 5653 8 5669 37 5729 12 5790 101 5910 8 5927 36 5972 5 5987 10 6047 100 6166 8 6184 36 6226 8 6243 9 6304 99 6423 8 6441 50 6500 8 6560 100 6680 8 6697 52 6756 7 6816 101 6928 2 6937 8 6953 52 7013 5 7072 102 7183 19 7210 51 7271 2 7328 96 7425 5 7438 21 7467 50 7584 96 7681 5 7693 23 7723 50 7840 96 7938 3 7948 24 7979 50 8096 96 8204 25 8231 54 8352 96 8460 81 8609 95 8716 81 8866 94 8973 81 9122 94 9229 82 9378 94 9485 29 9515 52 9633 95 9741 28 9772 51 9888 96 9996 28 10029 50 10144 96 10252 27 10286 48 10382 7 10392 4 10398 98 10509 26 10542 48 10635 117 10765 25 10798 48 10890 118 11021 24 11054 48 11146 118 11278 23 11310 49 11402 118 11534 22 11566 49 11657 119 11790 21 11822 50 11912 120 12046 20 12078 50 12167 121 12303 19 12335 50 12422 122 12560 17 12593 49 12678 122 12819 14 12853 45 12933 123 13079 8 13110 44 13188 124 13367 43 13442 126 13624 42 13696 128 13881 41 13952 128 14137 42 14208 128 14393 42 14464 128 14649 41 14721 127 14905 41 14978 126 15161 42 15234 126 15418 41 15491 125 15674 43 15746 126 15930 44 16001 127 16187 43 16257 47 16305 79 16443 44 16512 48 16562 78 16699 44 16769 48 16818 78 16955 44 17025 127 17210 46 17281 127 17466 46 17538 126 17721 47 17791 129 17975 50 18046 130 18227 54 18302 130 18479 58 18558 4 18565 123 18732 60 18821 123 18986 61 19077 123 19242 61 19333 123 19498 28 19528 32 19590 122 19753 29 19784 32 19846 122 20009 29 20040 33 20103 121 20264 30 20296 34 20359 121 20519 29 20551 36 20616 4 20624 112 20775 29 20809 35 20871 7 20881 111 21030 30 21066 34 21127 7 21138 110 21286 30 21322 34 21382 10 21394 110 21542 30 21578 34 21637 123 21798 31 21833 34 21893 123 22054 31 22089 33 22148 124 22310 32 22344 33 22405 123 22566 67 22661 123 22823 66 22917 123 23079 67 23173 123 23335 67 23428 124 23591 68 23681 127 23847 68 23936 128 24103 68 24192 128 24359 69 24448 128 24615 70 24704 128 24871 70 24961 127 25094 5 25126 71 25218 126 25348 8 25382 71 25475 125 25603 11 25637 71 25732 124 25859 14 25893 72 25988 124 26114 15 26148 74 26245 123 26371 13 26404 75 26501 123 26627 12 26660 76 26759 121 26885 8 26917 76 27015 121 27144 3 27175 74 27268 4 27273 119 27431 75 27524 124 27687 75 27779 125 27944 74 28035 125 28184 1 28200 75 28290 126 28457 75 28546 126 28713 76 28801 127 28970 76 29056 128 29227 7 29235 69 29307 133 29491 205 29748 204 30005 203 30262 202 30520 64 30585 135 30778 62 30841 135 31036 60 31098 134 31295 56 31355 133 31552 55 31613 131 31808 54 31871 129 32063 55 32126 130 32319 46 32368 5 32382 130 32575 45 32623 6 32638 130 32830 46 32878 8 32894 130 33087 45 33133 9 33151 129 33344 54 33407 129 33604 50 33663 129 33862 48 33919 129 34118 48 34174 130 34374 49 34429 131 34630 104 34735 81 34886 102 34992 80 35142 102 35248 80 35331 3 35341 1 35398 38 35437 62 35505 79 35587 5 35594 7 35654 100 35761 79 35842 15 35910 40 35951 56 36019 77 36098 16 36166 94 36276 76 36354 16 36422 93 36533 75 36610 16 36678 93 36788 76 36866 16 36885 5 36934 92 37043 77 37122 16 37140 7 37190 92 37298 78 37379 15 37395 8 37446 92 37554 78 37636 23 37702 92 37810 78 37898 17 37958 93 38067 77 38155 17 38213 94 38322 78 38412 16 38469 96 38576 80 38673 11 38725 97 38831 81 38928 12 38982 64 39048 31 39086 82 39184 12 39239 39 39279 22 39304 30 39341 83 39439 13 39497 36 39535 22 39559 27 39597 83 39693 15 39753 36 39791 23 39815 27 39852 84 39949 14 40009 35 40048 50 40108 84 40204 15 40266 35 40305 49 40364 84 40460 15 40522 36 40561 22 40585 26 40619 85 40716 15 40778 38 40817 21 40843 25 40875 85 40971 16 41010 3 41034 60 41100 24 41131 85 41227 17 41266 3 41291 49 41341 8 41356 24 41387 85 41482 22 41522 4 41548 47 41598 7 41612 24 41643 85 41738 23 41778 4 41805 45 41855 5 41868 24 41899 85 41994 25 42034 3 42061 13 42075 31 42125 23 42153 87 42249 28 42316 14 42333 29 42382 22 42408 88 42504 30 42553 2 42571 14 42591 27 42638 21 42663 89 42760 30 42808 4 42826 15 42851 23 42895 18 42919 89 43015 31 43063 6 43082 14 43109 20 43151 16 43175 89 43271 31 43319 5 43337 15 43365 20 43408 10 43431 89 43528 31 43576 4 43587 22 43621 20 43664 6 43688 88 43784 31 43832 3 43842 24 43877 21 43922 3 43945 87 44041 30 44098 24 44132 22 44202 86 44297 31 44354 25 44387 23 44458 86 44553 31 44610 25 44642 26 44714 86 44809 31 44846 3 44866 25 44898 29 44970 86 45065 32 45101 7 45110 3 45122 24 45154 31 45226 86 45321 32 45355 15 45378 25 45409 33 45481 87 45577 50 45634 26 45665 34 45737 87 45830 55 45890 26 45920 36 45992 88 46083 59 46146 27 46175 38 46247 89 46339 61 46402 68 46502 90 46594 62 46659 67 46757 91 46849 63 46915 68 47012 157 47171 68 47267 158 47429 67 47522 159 47687 65 47778 160 47945 63 48034 160 48201 62 48289 162 48457 62 48545 163 48710 64 48801 229 49056 229 49312 228 49568 227 49824 226 50080 217 50336 169 50511 41 50592 168 50768 40 50848 167 51027 38 51104 164 51283 38 51360 162 51539 38 51617 8 51628 149 51795 39 51874 4 51884 148 52051 41 52139 149 52307 44 52395 148 52563 45 52650 150 52820 44 52906 150 53076 45 53162 150 53332 45 53419 149 53588 44 53676 148 53846 42 53933 147 54103 42 54190 145 54360 44 54414 7 54428 3 54447 144 54616 47 54670 18 54704 143 54872 49 54925 21 54959 144 55128 51 55181 21 55215 145 55384 74 55462 4 55467 155 55640 73 55717 162 55896 73 55973 162 56152 11 56166 58 56228 163 56408 10 56424 57 56484 163 56664 10 56681 56 56741 162 56920 10 56941 53 56997 161 57177 8 57203 48 57252 162 57434 6 57462 208 57691 4 57718 10 57730 196 57974 9 57991 121 58113 69 58229 10 58251 3 58255 113 58369 69 58486 8 58511 113 58626 68 58742 8 58768 112 58881 69 58998 6 59024 112 59137 68 59256 1 59281 111 59393 69 59538 110 59649 69 59795 109 59905 69 60052 108 60162 69 60309 107 60419 69 60566 106 60675 70 60823 105 60930 74 61079 15 61097 87 61185 76 61337 2 61354 164 61609 166 61864 167 62119 168 62375 167 62631 89 62721 76 62887 89 62978 75 63143 89 63234 75 63398 90 63489 76 63569 2 63654 90 63745 76 63823 6 63910 90 64001 75 64079 7 64089 4 64167 89 64257 6 64267 64 64335 15 64390 4 64423 89 64523 63 64591 16 64645 6 64680 2 64686 82 64780 62 64847 16 64900 8 64942 82 65046 50 65103 15 65156 8 65198 82 65303 48 65360 13 65412 8 65453 83
000010,0 65536
000011,65330 1
000012,873 8 1128 10 1384 10 1640 10 1896 10 2152 10 2408 9 2425 4 2665 7 2680 6 2922 4 2934 8 3187 12 3439 17 3694 18 3949 20 4205 20 4460 20 4715 21 4971 19 5227 18 5483 15 5739 13 5995 11 6252 10 6509 9 6765 9 7023 6 7280 3 12681 7 12933 13 13186 16 13441 18 13696 19 13952 20 14208 20 14464 21 14720 21 14977 20 15234 19 15491 18 15749 14 16015 3 17555 2 17810 4 18066 6 18321 7 18577 8 18832 9 19087 10 19344 8 19600 7 19858 2 20988 4 21243 5 21499 5 21754 6 22010 6 22266 6 22522 6 22779 5 31860 5 32084 10 32115 7 32339 12 32369 10 32590 18 32625 10 32844 21 32882 10 33099 23 33139 8 33353 26 33396 7 33609 27 33652 6 33864 28 33909 4 34120 27 34160 3 34165 4 34376 24 34414 6 34422 1 34633 21 34668 8 34891 12 34915 17 35150 8 35171 15 35426 15 35682 14 35939 13 36195 12 36451 11 36708 9 36966 5 39500 3 39755 6 40009 9 40264 11 40519 13 40773 15 41028 16 41283 17 41538 17 41792 19 42048 19 42303 21 42559 22 42814 24 43070 24 43325 26 43581 26 43836 28 44089 31 44343 33 44598 35 44854 36 45110 36 45366 36 45622 36 45878 36 46100 3 46134 36 46353 8 46390 36 46607 10 46646 35 46862 12 46902 35 47117 14 47158 35 47372 17 47414 35 47627 18 47670 34 47883 18 47927 33 48138 19 48184 31 48393 19 48441 29 48640 3 48648 20 48697 29 48896 5 48904 19 48959 22 49152 28 49216 21 49408 28 49472 22 49664 27 49728 22 49920 27 49984 23 50176 26 50240 23 50432 26 50495 24 50688 20 50709 4 50751 25 50944 16 51007 25 51200 14 51262 26 51454 5 51463 6 51518 26 51709 5 51721 3 51773 26 51963 5 52029 26 52219 5 52285 26 52475 5 52541 26 52731 5 52798 24 52987 5 53055 23 53243 5 53312 21 53351 3 53498 7 53568 20 53606 5 53754 7 53824 19 53862 5 54008 8 54080 19 54119 4 54263 9 54336 18 54376 2 54386 4 54518 10 54593 17 54641 7 54774 10 54822 4 54849 13 54897 7 55030 10 55077 7 55105 12 55153 8 55286 11 55332 10 55361 11 55410 8 55543 11 55587 12 55618 10 55660 1 55666 9 55800 9 55842 14 55874 8 55915 4 55922 11 56056 7 56064 1 56096 24 56131 6 56170 6 56178 12 56314 4 56349 29 56387 5 56426 20 56605 30 56644 2 56682 21 56860 31 56937 23 57116 32 57193 7 57201 15 57372 32 57450 5 57459 13 57628 31 57706 5 57715 13 57884 31 57963 2 57972 13 58141 30 58228 14 58397 30 58440 1 58484 15 58653 30 58695 4 58739 17 58909 30 58948 8 58976 4 58984 1 58995 19 59165 31 59203 10 59232 6 59239 4 59251 20 59429 23 59459 12 59487 13 59507 23 59657 2 59685 22 59714 14 59743 13 59763 24 59912 5 59941 22 59969 16 59999 13 60020 23 60167 7 60195 22 60225 17 60255 12 60277 23 60423 8 60447 26 60480 17 60511 10 60534 22 60678 9 60701 28 60736 17 60760 3 60767 9 60791 21 60934 10 60955 30 60991 17 61016 4 61023 9 61047 21 61189 11 61201 1 61208 34 61247 17 61272 5 61279 9 61303 21 61444 54 61503 16 61529 4 61535 8 61559 21 61699 35 61735 18 61759 15 61786 3 61793 5 61815 21 61954 55 62016 13 62070 22 62209 56 62273 10 62325 23 62465 56 62531 6 62580 23 62720 57 62836 23 62976 57 63085 3 63091 24 63232 58 63340 30 63488 57 63596 30 63744 57 63851 30 64000 57 64107 30 64256 56 64361 31 64512 56 64617 31 64768 56 64874 30 65024 55 65130 29 65280 55 65387 25
000013,198 14 454 13 710 14 967 14 1225 12 6536 5 6791 8 7046 9 7301 11 7556 12 7810 14 8065 15 8321 15 8577 15 8834 13 9091 6 9349 2 9873 2 9907 3 10128 4 10162 5 10373 2 10384 5 10417 6 10623 11 10640 4 10672 8 10877 14 10896 4 10927 9 11132 24 11181 12 11388 24 11436 14 11456 10 11644 25 11692 31 11900 25 11947 32 12156 26 12202 33 12412 26 12457 34 12668 26 12713 33 12924 26 12968 33 13179 27 13224 31 13435 26 13480 29 13691 26 13736 30 13946 26 13992 30 14201 26 14248 31 14457 26 14504 31 14713 25 14760 32 14969 25 15015 33 15224 26 15271 34 15480 25 15526 35 15735 25 15782 36 15991 24 16037 20 16058 17 16077 4 16247 23 16293 19 16314 17 16332 7 16502 23 16549 19 16570 26 16759 21 16806 18 16827 27 17015 19 17062 17 17084 30 17271 18 17318 16 17340 32 17527 17 17575 15 17597 32 17784 16 17832 15 17853 33 18041 14 18089 15 18109 33 18298 9 18346 15 18365 34 18602 15 18621 34 18860 51 19118 3 19126 41 19383 40 19639 40 19894 41 20150 41 20406 41 20662 41 20918 41 21175 40 21431 40 21687 39 21943 38 22199 37 22454 38 22710 37 22965 38 23221 37 23476 37 23732 37 23988 36 24243 36 24500 34 24756 34 25012 33 25268 32 25524 31 25780 31 26036 32 26293 32 26550 32 26806 32 27063 8 27074 20 27320 6 27330 19 27578 3 27587 19 27844 18 28101 18 28359 17 28616 16 28872 17 29129 15 29386 14 29643 13 29901 10 30158 7 30416 2
000014,184 6 439 7 695 7 952 5 1023 1 1154 4 1208 4 1277 3 1410 5 1526 2 1532 4 1666 6 1787 5 1922 7 2042 6 2177 9 2298 6 2432 11 2554 6 2688 11 2811 5 2943 13 3010 4 3067 5 3198 15 3234 1 3265 7 3323 5 3449 20 3478 4 3488 5 3520 9 3578 6 3703 22 3734 4 3744 6 3775 11 3835 5 3956 26 3990 5 3999 7 4030 12 4091 5 4212 27 4246 5 4254 8 4286 12 4348 4 4467 33 4502 4 4510 8 4542 13 4723 35 4760 1 4767 7 4799 13 4979 35 5023 8 5055 13 5234 36 5280 8 5311 14 5488 38 5535 10 5567 15 5743 40 5788 13 5823 16 5998 41 6042 15 6078 17 6254 42 6297 15 6334 17 6509 59 6590 17 6764 60 6845 18 7019 61 7101 17 7273 62 7357 17 7413 1 7528 57 7586 4 7613 16 7669 2 7711 2 7783 55 7870 14 7924 3 7965 10 8039 52 8127 13 8181 1 8219 14 8294 52 8383 13 8417 3 8474 16 8550 52 8640 12 8673 4 8729 17 8805 53 8896 13 8928 6 8984 18 9062 52 9152 13 9184 6 9239 20 9318 52 9408 14 9439 7 9493 22 9574 52 9664 13 9695 6 9747 23 9830 52 9921 12 9951 5 10003 23 10086 52 10177 11 10259 22 10343 51 10433 11 10514 22 10600 50 10690 8 10770 21 10856 50 10946 7 11026 9 11039 8 11113 49 11203 4 11282 8 11296 6 11370 48 11538 8 11552 6 11627 46 11776 1 11794 8 11809 5 11884 45 12032 1 12051 7 12066 4 12142 43 12288 1 12308 6 12323 2 12401 40 12564 6 12580 1 12658 39 12821 5 12916 37 13078 3 13173 37 13315 3 13429 37 13570 6 13685 37 13826 7 13941 38 14081 9 14197 37 14337 10 14453 37 14580 4 14592 13 14710 36 14834 8 14848 15 14911 3 14966 36 15089 11 15104 16 15167 6 15223 35 15344 12 15360 19 15422 11 15479 13 15495 18 15598 14 15616 21 15678 11 15736 9 15753 15 15853 15 15872 22 15934 12 16011 12 16108 16 16128 23 16190 11 16267 10 16364 15 16384 23 16445 12 16524 7 16620 14 16640 23 16702 10 16876 14 16896 22 16958 9 17132 13 17152 23 17214 8 17388 13 17408 24 17472 4 17644 13 17664 24 17899 13 17922 23 18151 16 18179 22 18407 15 18435 22 18662 15 18692 21 18919 13 18948 20 19176 11 19205 19 19433 9 19465 15 19587 4 19689 8 19721 15 19841 6 19946 7 19976 15 20096 7 20112 4 20123 6 20202 5 20231 16 20352 7 20367 5 20377 9 20487 16 20607 7 20622 6 20631 12 20742 17 20863 7 20877 23 20998 17 21119 7 21132 24 21254 17 21375 7 21388 25 21510 17 21632 7 21644 25 21766 17 21887 8 21900 26 22022 17 22142 10 22157 29 22278 17 22398 10 22413 30 22534 17 22653 11 22669 31 22789 18 22909 10 22926 30 23045 18 23165 10 23182 31 23301 17 23421 9 23438 31 23558 15 23678 7 23695 31 23815 13 23934 7 23951 31 24073 8 24191 5 24208 31 24449 3 24464 32 24706 1 24721 31 24978 38 25236 38 25493 38 25749 38 26006 38 26111 1 26263 38 26366 2 26520 37 26621 3 26776 37 26876 4 27033 36 27131 5 27289 36 27386 6 27546 29 27642 6 27803 27 27897 7 28060 26 28152 8 28324 17 28408 8 28581 15 28663 9 28840 9 28914 14 29099 2 29169 15 29424 16 29680 16 29936 16 30193 5 30200 8 30451 1 30458 6 30714 6 30971 5 31228 4 31485 3 31742 2 31998 2 32254 2 32509 3 32765 3 33020 4 33276 4 33532 4 33788 4 34044 4 34301 3 34558 2 34815 1 35581 3 35835 5 36088 8 36344 8 36599 9 36854 10 37109 11 37365 11 37621 11 37877 8 37886 2 38134 3 38143 1 38399 1 38655 1 38730 3 38910 2 38985 6 39166 2 39241 7 39422 2 39496 9 39752 10 40008 10 40264 11 40447 1 40520 12 40702 2 40776 13 40957 3 41033 13 41212 4 41289 13 41451 6 41468 4 41545 14 41704 11 41723 5 41801 14 41958 14 41978 6 42057 15 42211 18 42232 8 42314 15 42466 30 42571 15 42722 30 42827 15 42977 31 43083 15 43234 30 43338 16 43490 30 43594 16 43746 30 43850 15 44002 30 44105 14 44259 29 44362 9 44516 28 44618 6 44772 28 45028 28 45283 29 45540 28 45796 28 46052 28 46309 27 46566 26 46822 26 47076 28 47330 30 47585 31 47840 32 48096 32 48351 33 48607 33 48863 33 49119 33 49374 34 49629 35 49884 36 50139 37 50394 38 50650 38 50905 39 51160 40 51414 42 51669 43 51924 44 52179 45 52379 5 52434 46 52634 7 52690 46 52888 10 52945 47 53144 10 53200 48 53399 11 53438 3 53456 48 53655 11 53692 8 53711 49 53910 11 53946 13 53965 51 54166 11 54201 71 54422 10 54456 72 54678 10 54712 72 54934 9 54968 72 55190 9 55224 72 55446 8 55480 72 55703 6 55736 72 55993 71 56249 71 56506 70 56762 70 57018 70 57103 5 57274 70 57357 8 57531 69 57612 10 57789 73 57867 12 58050 69 58123 12 58310 82 58567 82 58824 43 58870 35 59082 79 59339 78 59600 73 59858 71 60116 69 60376 65 60636 60 60892 60 61147 61 61403 61 61658 62 61914 63 62170 63 62425 64 62681 64 62937 65 63193 65 63452 62 63708 36 63745 25 63964 36 64002 24 64220 36 64259 23 64476 36 64515 24 64732 36 64770 25 64988 63 65244 63 65501 35
000015,6 20 31 4 38 9 225 27 262 20 287 4 295 7 481 27 518 20 543 4 551 7 737 27 775 18 799 4 809 4 892 4 993 27 1031 18 1055 4 1148 5 1249 28 1288 17 1404 6 1505 28 1544 17 1660 7 1762 27 1792 1 1801 16 1835 4 1917 6 2019 26 2048 2 2057 15 2089 8 2175 3 2280 21 2304 3 2313 13 2343 10 2536 20 2560 3 2569 12 2598 11 2792 19 2816 4 2825 11 2852 14 3048 18 3072 6 3080 11 3098 2 3107 15 3304 18 3328 19 3353 5 3361 18 3560 17 3584 19 3608 7 3617 19 3816 17 3840 8 3849 10 3863 8 3876 16 4071 18 4096 7 4106 21 4132 16 4327 17 4352 7 4363 20 4386 18 4584 16 4608 6 4619 20 4641 19 4840 15 4864 5 4873 44 5097 10 5128 7 5137 36 5353 9 5384 7 5393 36 5611 7 5640 6 5649 37 5867 7 5905 39 6124 6 6162 39 6381 5 6418 39 6675 39 6931 40 7188 40 7443 42 7699 42 7951 46 8207 46 8462 47 8718 46 8974 44 9231 37 9487 37 9743 36 9999 35 10255 34 10397 11 10511 33 10578 1 10651 15 10742 4 10767 31 10831 7 10902 22 10998 6 11023 30 11087 10 11109 5 11140 3 11157 24 11253 7 11279 29 11342 15 11365 6 11395 5 11413 24 11509 6 11535 28 11597 18 11620 8 11651 5 11669 11 11681 13 11764 6 11792 26 11852 20 11875 9 11908 4 11923 12 11940 10 12019 5 12050 24 12108 21 12131 9 12171 22 12197 8 12275 2 12308 8 12318 13 12363 23 12387 9 12427 22 12455 5 12565 6 12575 12 12619 23 12643 9 12683 23 12823 2 12832 12 12875 23 12899 8 12939 24 13089 12 13131 25 13158 2 13194 25 13345 14 13387 25 13444 4 13450 26 13601 14 13642 26 13699 34 13832 3 13857 14 13896 28 13954 35 14087 4 14114 12 14150 31 14209 37 14336 12 14373 8 14406 32 14463 39 14592 11 14662 32 14717 41 14848 10 14919 31 14973 41 15104 8 15176 31 15229 40 15360 7 15434 29 15486 38 15616 6 15695 25 15743 37 15872 5 15952 24 16001 35 16128 5 16209 22 16258 34 16298 1 16384 5 16466 20 16515 34 16551 6 16640 6 16724 17 16771 42 16896 7 16954 3 16981 15 17027 42 17152 8 17210 4 17239 12 17283 42 17408 9 17465 5 17498 8 17540 41 17664 11 17679 2 17721 5 17758 1 17796 41 17920 12 17934 4 17976 6 18052 41 18176 18 18227 12 18308 40 18432 19 18482 14 18565 37 18688 19 18740 12 18821 35 18944 19 18997 12 19077 35 19200 18 19254 11 19332 36 19456 12 19513 7 19586 38 19712 11 19770 6 19840 41 19968 3 19973 4 20026 5 20094 43 20284 5 20350 43 20543 3 20605 44 20660 3 20797 6 20861 44 20915 4 21052 7 21117 45 21170 5 21307 9 21374 43 21427 2 21562 11 21632 28 21665 8 21810 19 21889 28 21922 7 22065 20 22147 26 22178 7 22320 21 22404 25 22435 5 22576 20 22660 25 22693 1 22832 18 22916 24 23088 14 23173 21 23199 2 23345 12 23428 21 23603 9 23684 18 23862 5 23941 16 24197 15 24454 14 24711 13 24967 12 25069 7 25224 11 25324 10 25480 11 25580 10 25736 11 25835 12 25993 10 26090 13 26252 6 26346 13 26602 13 26851 21 27106 22 27362 23 27618 22 27643 1 27874 22 27899 1 28130 22 28386 21 28642 21 28899 20 29155 19 29411 19 29668 17 29924 17 30181 8 30190 6 30436 8 30693 6 30949 6 31205 5 31281 4 31462 3 31536 6 31790 9 31999 1 32044 12 32228 1 32254 2 32299 18 32483 3 32509 3 32554 21 32586 3 32765 3 32810 22 32841 5 33020 4 33065 24 33097 6 33275 5 33321 25 33353 6 33530 6 33576 27 33609 7 33785 7 33832 28 33866 6 34039 9 34086 30 34123 6 34293 11 34339 33 34379 5 34548 12 34594 34 34636 4 34803 13 34850 34 35059 13 35106 33 35314 13 35362 33 35570 12 35618 33 35827 10 35873 34 36084 8 36128 35 36341 6 36383 36 36599 1 36639 36 36894 37 37150 37 37406 37 37662 36 37919 34 38175 33 38431 33 38636 11 38654 2 38688 26 38717 3 38891 14 38908 4 38946 25 38973 4 39146 22 39203 25 39401 23 39460 25 39653 27 39723 19 39907 29 39981 17 40161 31 40242 11 40321 6 40411 1 40417 31 40501 7 40572 15 40667 3 40673 31 40759 3 40828 16 40923 3 40930 30 41083 16 41179 3 41187 29 41339 16 41435 2 41443 29 41595 14 41700 28 41852 12 41956 28 42111 9 42212 28 42369 7 42468 28 42625 8 42724 28 42882 7 42901 5 42980 28 43138 7 43156 8 43235 29 43394 7 43412 8 43490 30 43650 6 43668 9 43746 30 43906 5 43924 10 44002 30 44164 1 44180 10 44258 30 44436 10 44515 29 44691 10 44774 26 44947 10 45032 24 45203 9 45289 23 45460 7 45546 22 45716 6 45803 21 45973 4 46060 20 46316 20 46573 19 46829 19 47086 18 47342 18 47599 17 47856 16 48113 15 48369 15 48626 14 48884 12 49141 4 49149 3 49406 2 49663 1 52531 4 52786 7 53041 9 53296 10 53549 14 53802 18 53932 7 54056 20 54186 10 54271 1 54311 21 54432 4 54440 12 54525 3 54567 21 54688 20 54780 4 54822 23 54943 20 55032 8 55077 24 55198 20 55287 9 55333 24 55454 20 55480 5 55542 10 55588 25 55710 20 55734 8 55797 11 55844 25 55966 34 56050 14 56100 25 56221 36 56301 19 56356 24 56477 36 56554 22 56613 6 56622 14 56732 37 56807 25 56870 4 56879 13 56988 35 57062 26 57135 13 57244 29 57318 26 57384 3 57389 15 57506 11 57521 7 57574 26 57640 21 57764 7 57778 6 57830 26 57896 22 58022 4 58034 6 58086 26 58151 24 58291 4 58342 26 58407 24 58599 25 58663 25 58856 24 58919 26 59112 24 59175 26 59369 23 59431 26 59625 23 59687 26 59882 22 59942 27 60138 22 60198 26 60394 22 60453 26 60650 22 60708 26 60785 4 60906 22 60964 26 61040 9 61161 23 61221 25 61296 23 61416 24 61478 24 61552 24 61672 24 61734 24 61808 24 61928 24 61990 24 62065 23 62185 23 62246 23 62323 21 62443 21 62502 9 62516 8 62580 21 62663 13 62704 16 62758 8 62837 20 62918 15 62960 16 63018 1 63093 21 63174 15 63216 16 63349 21 63429 17 63473 15 63604 22 63684 17 63730 14 63859 24 63940 17 63986 14 64115 24 64194 20 64243 13 64370 25 64450 20 64500 12 64627 23 64705 21 64757 11 64883 23 64960 22 65014 10 65140 21 65216 22 65271 9 65397 6 65408 7 65472 22 65529 7
000016,3726 7 3981 12 4236 19 4492 21 4748 24 5004 27 5260 28 5492 5 5516 28 5748 7 5772 28 6003 10 6029 27 6259 12 6285 27 6515 13 6541 26 6772 22 6797 24 7028 47 7285 44 7542 41 7799 39 8056 37 8313 34 8570 33 8827 32 9084 31 9341 30 9598 29 9855 28 10111 29 10367 29 10623 29 10879 29 11135 29 11392 28 11648 27 11904 26 12160 25 12416 25 12672 27 12928 29 13184 30 13441 29 13697 29 13955 27 14213 24 14472 18 14732 12 14990 8 15248 4 28301 8 28556 11 28811 13 29067 13 29322 15 29578 15 29834 15 30091 13 30349 11 30606 9 30862 8 31119 6 31377 2 61437 3 61691 5 61946 6 62198 10 62453 11 62709 11 62964 12 63220 12 63476 12 63731 13 63987 13 64243 13 64499 13 64755 13 65011 13 65268 12 65524 12
000017,203 53 459 53 715 53 971 53 1227 53 1483 53 1739 53 1995 53 2250 54 2506 54 2762 54 3019 53 3275 53 3530 54 3786 54 4042 54 4298 54 4563 45 4820 44 5076 44 5332 44 5588 44 5844 44 6101 43 6357 43 6613 43 6869 43 7125 43 7382 42 7638 42 7894 42 8138 2 8149 43 8393 3 8404 44 8649 3 8659 45 8904 4 8913 47 9160 3 9169 47 9416 3 9425 47 9672 2 9682 46 9929 1 9938 46 10195 45 10453 43 10709 43 10965 43 11222 42 11478 42 11734 42 11990 42 12245 43 12499 4 12504 40 12755 4 12760 40 13012 2 13016 40 13272 40 13528 40 13784 40 14040 40 14296 40 14545 4 14552 40 14801 5 14808 40 15057 5 15064 40 15313 6 15320 40 15569 6 15576 40 15825 6 15832 40 16081 4 16087 41 16344 40 16600 40 16857 39 17115 37 17370 38 17626 38 17881 39 18136 40 18392 40 18647 41 18903 41 19161 39 19418 38 19674 38 19930 38 20185 39 20441 39 20695 41 20950 42 21206 42 21461 43 21717 43 21973 43 22230 42 22486 42 22742 42 22998 42 23253 43 23509 43 23765 43 24023 41 24280 40 24536 40 24793 39 25049 39 25307 37 25564 36 25821 35 26077 35 26334 34 26592 32 26853 27 27110 26 27367 25 27623 25 27879 25 28135 25 28390 26 28645 27 28900 28 29155 29 29411 29 29666 30 29921 31 30177 31 30433 31 30690 30 30946 30 31203 29 31460 28 31717 27 31974 26 32230 26 32486 26 32742 26 32998 26 33254 26 33509 27 33765 27 34023 25 34280 24 34539 21 34798 11 34813 3 35060 3 35071 1 37375 1 37631 1 38511 3 38767 5 39023 8 39278 9 39301 7 39534 10 39550 2 39554 17 39572 4 39790 11 39802 38 39850 2 40047 64 40303 69 40377 4 40561 77 40826 68 41083 67 41339 67 41582 3 41594 67 41830 1 41838 4 41849 68 42086 1 42093 7 42103 70 42342 1 42348 8 42357 72 42604 82 42861 81 43118 81 43375 5 43381 74 43639 21 43662 48 43859 2 43896 20 43919 46 44115 3 44157 14 44176 5 44183 38 44370 5 44412 14 44441 35 44626 4 44666 14 44697 7 44710 19 44769 4 44799 1 44884 2 44920 16 44954 4 44967 16 45022 9 45054 2 45170 24 45196 1 45210 2 45230 8 45277 16 45309 3 45422 13 45437 13 45451 4 45486 5 45532 21 45557 6 45564 4 45673 18 45693 21 45742 3 45766 2 45780 3 45785 39 45927 20 45950 21 46022 2 46035 45 46180 23 46207 12 46222 5 46290 46 46434 40 46479 2 46494 3 46546 46 46687 43 46747 7 46800 48 46937 3 46941 45 47003 9 47052 52 47191 5 47197 46 47259 11 47308 52 47447 55 47516 11 47562 54 47703 57 47772 10 47816 56 47959 58 48028 11 48069 59 48215 58 48285 11 48323 61 48472 57 48541 12 48579 61 48729 57 48796 15 48831 1 48835 61 48986 60 49048 20 49072 4 49086 66 49236 4 49243 89 49341 67 49492 97 49596 68 49748 100 49850 70 50004 172 50260 172 50517 171 50762 1 50774 170 51018 1 51034 166 51291 165 51547 165 51803 165 52056 1 52060 164 52311 169 52566 170 52822 170 53078 170 53334 8 53343 161 53590 7 53603 157 53837 3 53849 2 53859 157 54092 5 54114 158 54348 5 54370 158 54604 4 54616 1 54625 159 54872 1 54882 1 54886 1 54890 13 54910 130 55127 2 55148 8 55169 31 55204 92 55405 7 55426 11 55443 13 55461 91 55662 6 55683 8 55701 4 55710 2 55718 90 55919 4 55939 7 55955 5 55967 2 55975 89 56176 2 56196 2 56200 1 56211 5 56223 3 56232 88 56470 1 56491 85 56662 1 56668 1 56748 84 56916 4 57005 83 57172 4 57262 82 57427 5 57519 81 57683 5 57775 81 57940 5 58032 80 58198 3 58291 77 58508 2 58553 71 58764 2 58809 71 59067 69 59327 65 59584 64 59842 62 60098 62 60347 5 60354 62 60603 69 60858 70 61113 71 61368 72 61623 73 61879 73 62135 73 62337 3 62390 74 62593 3 62646 74 62850 1 62901 75 63158 74 63414 74 63670 74 63927 73 64185 71 64442 70 64698 70 64955 69 65211 69 65467 69
000018,137 53 202 15 221 11 392 54 458 15 478 10 647 55 714 16 734 10 901 57 969 18 991 9 1014 4 1156 58 1224 19 1248 8 1269 6 1412 88 1505 6 1525 7 1668 89 1763 3 1780 8 1924 90 2036 9 2179 92 2292 9 2435 93 2548 9 2691 94 2804 9 2947 95 3060 9 3203 95 3313 14 3459 95 3568 16 3715 95 3823 17 3972 93 4078 18 4228 92 4333 19 4484 90 4587 21 4740 89 4840 24 4997 87 5094 26 5253 85 5349 27 5510 82 5605 27 5766 81 5860 28 6023 80 6115 29 6280 79 6371 29 6536 79 6627 29 6793 78 6882 30 7051 75 7138 30 7308 74 7394 30 7565 73 7651 29 7822 72 7907 29 8079 71 8164 28 8336 70 8420 28 8574 1 8592 70 8676 28 8827 7 8848 71 8933 27 9079 12 9104 81 9190 26 9332 16 9360 84 9446 26 9587 18 9616 112 9843 19 9872 87 9960 24 10099 20 10127 113 10355 21 10381 115 10611 20 10637 115 10864 21 10892 116 11119 19 11148 116 11374 19 11405 115 11631 17 11661 115 11887 14 11917 115 12144 10 12173 115 12429 106 12537 7 12684 106 12793 7 12939 104 13049 7 13194 104 13305 7 13450 103 13561 7 13705 103 13818 6 13961 103 14075 5 14217 102 14335 1 14472 103 14728 102 14984 102 15241 101 15497 100 15754 98 16010 97 16267 95 16523 94 16780 91 17037 88 17296 85 17555 81 17811 80 18068 79 18325 78 18582 77 18839 77 19104 69 19363 66 19620 65 19877 65 20134 65 20390 66 20646 67 20902 67 21159 67 21416 66 21673 65 21931 44 21980 13 22188 42 22239 10 22446 40 22496 9 22704 38 22753 8 22961 36 23009 8 23218 31 23264 9 23475 42 23519 10 23732 53 23989 53 24247 53 24504 53 24761 53 24831 1 25018 52 25086 2 25275 14 25290 37 25341 3 25533 4 25538 4 25548 36 25596 4 25806 34 25852 4 26062 35 26108 4 26318 42 26364 4 26574 44 26620 4 26829 51 27084 52 27338 54 27593 55 27849 55 28104 56 28360 56 28615 57 28871 57 29126 58 29382 58 29629 3 29638 58 29884 6 29894 58 30139 69 30395 69 30651 69 30908 68 31088 3 31164 68 31343 5 31422 66 31598 6 31678 66 31854 6 31935 65 32111 4 32191 65 32368 2 32446 66 32702 66 32958 66 33130 3 33214 66 33384 5 33470 66 33640 6 33727 65 33895 14 33985 63 34150 15 34244 60 34406 15 34500 60 34661 16 34757 59 34917 16 35014 58 35173 15 35271 57 35429 14 35528 56 35685 15 35785 55 35940 16 36044 52 36192 21 36301 44 36348 4 36446 25 36557 42 36604 4 36702 25 36813 41 36861 3 36958 25 37068 40 37117 3 37214 26 37323 40 37375 1 37470 25 37579 39 37726 25 37834 41 37982 25 38090 41 38238 24 38346 42 38495 23 38600 45 38752 3 38759 15 38854 47 39016 14 39109 48 39272 14 39364 49 39527 15 39620 49 39782 17 39876 49 40038 5 40045 10 40131 50 40294 4 40301 10 40387 50 40551 2 40559 7 40643 50 40898 50 41154 50 41410 49 41665 50 41922 48 42059 2 42178 48 42248 5 42314 4 42435 46 42504 5 42569 5 42693 45 42761 4 42825 5 42951 43 43081 5 43137 7 43209 40 43337 4 43388 13 43465 40 43594 3 43643 15 43722 39 43899 17 43978 39 44154 21 44233 40 44305 6 44410 24 44489 39 44559 12 44666 26 44744 40 44814 15 44922 26 45000 39 45069 17 45178 27 45256 39 45324 20 45434 28 45512 38 45580 21 45691 27 45767 21 45790 9 45803 1 45836 22 45947 27 46023 21 46047 7 46092 22 46203 27 46279 20 46304 5 46348 23 46459 27 46536 18 46560 5 46604 23 46713 29 46792 17 46818 2 46860 23 46968 30 47049 15 47116 23 47224 31 47373 21 47480 31 47629 21 47735 32 47885 20 47991 31 48143 18 48247 31 48401 16 48503 30 48659 4 48666 7 48759 28 48923 7 49016 23 49179 7 49272 22 49435 7 49528 17 49691 6 49784 16 49947 6 50041 15 50204 4 50299 13 50557 10 50814 8 51070 7 51328 2 52572 4 52828 4 53084 4 53340 4 53595 4 53851 3 54108 1 55637 2 55870 4 55889 13 56125 6 56143 17 56380 8 56396 21 56633 12 56649 24 56888 42 57144 42 57399 44 57653 47 57907 49 58161 52 58417 52 58673 51 58929 51 59184 51 59442 49 59700 46 59956 46 60213 46 60469 46 60724 48 60980 53 61236 54 61492 55 61748 55 62004 55 62260 54 62516 54 62772 54 63028 53 63284 52 63541 9 63551 20 63574 18 63799 5 63809 11 63836 11 64067 3 64094 8 64353 5 64836 3 65092 4 65347 6
000019,0 65536
000020,0 65536
000021,0 103 256 103 512 102 768 60 832 38 1024 60 1089 37 1280 59 1347 34 1536 59 1605 30 1792 58 1864 25 2048 57 2123 21 2304 56 2381 19 2560 54 2639 17 2816 52 2895 17 3072 49 3151 16 3328 43 3407 15 3584 42 3663 12 3840 42 3920 6 4096 42 4178 1 4352 41 4608 41 4864 40 5120 39 5376 39 5632 38 5888 37 6144 36 6400 35 6656 34 6912 33 7168 32 7424 18 7443 12 7680 16 7701 9 7936 16 7959 4 8192 16 8448 17 8704 17 8960 17 9216 17 9472 17 9728 16 9984 16 10240 16 10496 15 10752 15 11008 15 11264 14 11520 13 11776 13 12032 7 12288 4 12544 2 17000 5 17255 7 17493 2 17504 14 17748 3 17758 17 18004 4 18012 20 18036 3 18260 3 18267 29 18516 1 18522 31 18770 5 18778 32 19026 6 19033 34 19281 42 19536 43 19791 45 20046 46 20301 48 20556 50 20811 52 21066 54 21322 54 21577 56 21833 56 22088 58 22344 58 22599 58 22855 59 23110 60 23366 61 23621 63 23876 65 24131 69 24387 69 24643 70 24899 70 25155 71 25411 71 25668 70 25924 70 26181 69 26437 69 26693 68 26949 68 27204 69 27460 69 27716 70 27973 69 28229 7 28237 60 28493 60 28749 59 29005 59 29261 58 29517 58 29774 56 30029 57 30285 56 30541 55 30797 53 31053 52 31309 51 31566 49 31824 2 31829 41 32087 38 32343 37 32600 31 32856 30 33114 3 33121 20 33378 18 33635 16 33891 14 34148 6 34404 5 48377 1 48627 9 48880 12 49136 13 49392 13 49648 13 49882 5 49888 7 49904 13 50136 16 50160 16 50390 18 50416 16 50645 20 50672 11 50684 4 50900 21 50928 16 51156 22 51184 16 51412 24 51439 17 51668 25 51694 18 51923 28 51952 16 52179 28 52208 16 52434 46 52690 46 52946 46 53202 46 53459 45 53719 41 53976 40 54232 40 54488 40 54744 19 54766 18 55000 13 55023 3 55028 12 55256 12 55285 11 55511 12 55541 11 55767 11 55797 11 56023 9 56053 11 56280 7 56308 12 56536 6 56565 11 56795 1 56821 11 57078 10 57336 8 57592 8 57849 7 58104 8 58360 8 58616 8 58872 8 59128 8 59385 7 59643 5 59900 4 60156 4 60412 4 60669 3 60925 3 61180 4 61436 4 61692 4 61948 4 62204 4 62460 4 62716 4 62972 4 63229 3
000022,46566 12 46821 16 46838 6 47076 28 47331 29 47587 29 47842 30 48099 29 48355 29 48612 28 48869 27 49126 26 49382 26 49639 25 49895 25 50152 24 50408 16 50426 6 50664 13 50682 6 50921 12 50938 6 51178 11 51194 10 51435 9 51451 10 51693 5 51707 11 51951 1 51963 11 52002 5 52188 5 52203 2 52219 10 52255 10 52444 7 52458 10 52476 9 52509 18 52699 26 52732 8 52763 23 52891 4 52956 26 52988 8 53019 24 53145 7 53212 27 53244 8 53274 25 53398 11 53459 4 53468 40 53530 25 53652 12 53714 8 53726 38 53786 25 53907 13 53969 10 53982 37 54043 23 54161 14 54225 11 54238 37 54299 23 54415 16 54480 12 54494 36 54554 23 54670 17 54731 18 54750 34 54810 22 54926 17 54985 55 55066 22 55181 19 55202 2 55239 57 55321 23 55393 5 55437 25 55493 59 55565 36 55647 10 55688 31 55747 61 55820 37 55901 14 55943 32 56002 62 56076 39 56156 15 56198 33 56255 65 56331 41 56411 17 56454 34 56509 67 56587 41 56667 17 56709 36 56764 68 56842 42 56923 17 56964 39 57019 69 57098 43 57178 17 57218 42 57274 70 57352 45 57435 15 57470 47 57530 70 57607 46 57692 14 57725 49 57786 70 57862 48 57914 5 57950 20 57979 51 58041 71 58117 49 58169 7 58207 21 58233 53 58297 71 58372 51 58426 6 58461 81 58552 72 58627 52 58683 5 58716 82 58805 75 58883 52 58941 6 58971 84 59060 76 59138 53 59198 7 59225 167 59393 54 59454 9 59479 169 59649 54 59709 11 59734 226 59965 11 59989 227 60221 12 60244 229 60478 10 60499 230 60735 9 60753 110 60865 120 60994 5 61006 113 61121 119 61261 113 61378 117 61517 115 61634 117 61773 233 62029 232 62285 232 62540 231 62795 229 63048 229 63303 229 63557 227 63812 227 64067 227 64322 227 64578 226 64833 226 65089 222 65345 191
000023,2 37 78 14 102 49 242 11 254 2 258 38 334 13 358 49 497 15 514 38 591 10 615 48 752 16 770 40 848 7 872 46 960 2 1008 16 1026 41 1106 3 1130 5 1138 36 1207 3 1214 6 1264 16 1283 41 1395 35 1462 16 1521 15 1540 40 1651 35 1717 17 1777 15 1798 38 1907 36 1972 18 2034 14 2055 37 2163 36 2227 20 2290 14 2311 38 2420 36 2483 20 2547 13 2567 38 2676 35 2738 22 2804 12 2823 38 2933 34 2994 23 3061 11 3078 40 3189 33 3250 24 3317 11 3334 6 3344 30 3446 31 3505 25 3573 4 3578 6 3591 4 3601 29 3702 30 3757 38 3828 5 3836 4 3858 29 3959 29 4012 42 4084 7 4092 4 4114 29 4216 28 4268 46 4339 13 4371 28 4472 28 4524 49 4595 13 4628 27 4728 28 4780 50 4852 12 4885 26 4983 28 5036 51 5108 12 5143 24 5239 28 5291 53 5346 4 5364 12 5400 23 5494 28 5547 61 5620 12 5657 23 5750 27 5802 63 5876 12 5914 6 5922 14 6007 25 6057 65 6132 12 6171 3 6179 13 6263 24 6313 66 6388 12 6437 12 6520 22 6569 67 6644 12 6694 11 6777 20 6826 67 6900 12 6953 7 7028 25 7082 23 7107 42 7156 12 7210 5 7284 25 7339 21 7363 42 7413 11 7539 28 7595 20 7619 42 7668 12 7795 28 7838 1 7851 19 7875 42 7924 12 8051 29 8093 5 8107 19 8131 41 8180 12 8306 30 8349 6 8364 18 8387 40 8436 12 8562 30 8605 6 8622 16 8644 38 8692 12 8818 31 8861 6 8881 14 8901 33 8948 12 9074 31 9117 6 9138 13 9160 31 9205 11 9330 31 9374 5 9394 14 9417 30 9463 9 9554 5 9586 32 9630 4 9651 13 9675 28 9721 7 9810 7 9842 32 9887 2 9908 12 9932 27 9978 6 10066 8 10100 30 10166 9 10188 27 10234 6 10322 13 10358 27 10402 5 10423 7 10443 28 10490 6 10578 14 10615 24 10657 9 10699 28 10747 5 10833 16 10871 23 10913 11 10954 29 11003 5 11088 20 11109 2 11128 21 11169 13 11211 28 11260 4 11283 3 11343 25 11386 2 11389 16 11425 18 11467 29 11517 3 11539 4 11598 26 11653 6 11681 19 11723 30 11794 5 11853 29 11911 2 11937 20 11979 31 12050 5 12108 32 12193 21 12235 32 12307 4 12363 33 12449 22 12492 36 12620 34 12705 22 12748 39 12876 38 12960 23 13005 22 13028 16 13132 39 13215 24 13262 11 13276 3 13287 14 13390 38 13470 25 13545 12 13646 39 13725 26 13802 12 13902 39 13980 27 14058 12 14157 40 14235 28 14300 4 14314 13 14413 40 14485 3 14489 29 14554 8 14570 13 14599 2 14669 39 14740 34 14808 13 14826 13 14854 3 14924 40 14995 35 15063 15 15082 13 15180 40 15251 35 15317 18 15336 14 15435 41 15507 35 15572 34 15690 41 15762 35 15828 35 15946 39 16018 27 16048 4 16084 36 16202 39 16273 28 16341 36 16458 39 16528 30 16597 36 16715 38 16784 30 16854 35 16971 39 17039 32 17111 34 17186 8 17227 39 17295 34 17368 32 17441 12 17483 38 17551 35 17625 30 17697 13 17738 39 17807 38 17846 1 17883 23 17952 14 17994 39 18064 42 18141 21 18207 15 18250 39 18320 44 18398 19 18463 15 18506 39 18576 46 18654 19 18719 14 18739 7 18763 38 18832 47 18911 18 18974 15 18993 10 19019 42 19088 48 19168 18 19230 14 19249 11 19275 44 19344 48 19425 20 19486 14 19504 12 19532 44 19601 47 19652 3 19682 20 19741 14 19760 12 19788 45 19857 48 19906 6 19938 21 19997 14 20016 13 20045 44 20114 55 20195 20 20253 14 20272 13 20302 18 20324 22 20370 55 20452 19 20508 15 20528 14 20559 15 20582 20 20626 55 20708 18 20764 15 20783 16 20816 13 20840 19 20862 3 20882 55 20965 16 21020 15 21039 16 21074 4 21098 24 21138 55 21221 14 21242 3 21276 16 21293 19 21354 23 21395 55 21478 11 21497 5 21532 37 21610 23 21653 33 21690 16 21734 9 21752 6 21787 38 21866 18 21885 3 21907 34 21947 15 21990 9 22008 6 22043 38 22121 18 22160 36 22204 14 22246 9 22264 5 22297 40 22376 18 22415 37 22460 14 22502 10 22521 3 22552 41 22632 18 22670 37 22716 14 22757 12 22807 42 22888 18 22925 43 22972 13 23013 13 23061 19 23092 14 23144 10 23156 5 23181 45 23228 13 23269 14 23317 19 23346 16 23400 9 23433 50 23484 12 23524 16 23572 20 23602 16 23657 7 23687 53 23741 9 23775 22 23828 21 23857 17 23914 4 23943 52 24000 3 24029 25 24084 21 24113 17 24200 51 24283 27 24341 20 24369 17 24456 12 24470 37 24539 26 24598 19 24625 17 24713 10 24727 36 24794 26 24855 17 24881 16 24971 7 24983 36 25050 26 25112 15 25137 16 25240 35 25305 27 25370 11 25394 13 25497 34 25561 29 25629 7 25651 8 25730 4 25755 31 25816 33 25887 4 25908 6 25984 7 26013 29 26072 34 26164 5 26238 9 26272 1 26279 18 26328 35 26493 10 26537 4 26543 10 26584 36 26748 9 26800 7 26840 36 27003 9 27026 3 27057 4 27097 36 27257 9 27281 5 27353 37 27502 1 27510 12 27537 5 27555 7 27609 37 27756 21 27793 5 27810 9 27866 36 28012 21 28050 3 28066 10 28122 35 28268 21 28322 10 28379 33 28474 3 28525 20 28579 9 28636 31 28728 8 28782 19 28836 7 28893 28 28933 4 28983 10 29040 21 29150 27 29189 5 29238 11 29297 22 29406 26 29444 7 29494 11 29554 21 29662 27 29695 1 29700 7 29749 12 29811 20 29918 28 29950 2 29957 6 30005 11 30067 20 30174 29 30206 2 30213 6 30261 9 30325 18 30430 19 30452 8 30463 1 30469 5 30518 6 30557 5 30569 6 30579 19 30686 18 30709 7 30726 3 30812 7 30824 29 30941 19 30966 6 31057 3 31067 9 31080 28 31197 19 31223 4 31312 8 31323 9 31336 22 31453 19 31481 1 31568 22 31591 22 31709 19 31824 44 31965 20 32080 45 32221 21 32335 54 32478 21 32591 58 32735 20 32847 60 32993 19 33103 40 33145 19 33251 17 33358 36 33402 20 33508 16 33614 34 33657 22 33764 16 33871 33 33913 23 33951 5 34020 16 34127 32 34168 26 34206 6 34275 18 34383 30 34423 28 34461 7 34530 20 34639 29 34678 29 34714 10 34785 21 34895 29 34933 31 34967 14 34983 3 35041 21 35151 29 35188 32 35222 15 35238 4 35297 21 35375 2 35406 30 35443 33 35478 19 35552 21 35630 5 35661 30 35698 55 35808 20 35886 8 35916 30 35954 49 36005 3 36064 20 36131 3 36142 11 36175 26 36210 48 36320 19 36385 7 36398 13 36432 22 36467 46 36524 5 36576 19 36638 10 36654 14 36689 20 36723 46 36775 12 36798 2 36805 3 36832 19 36893 11 36909 15 36946 6 36953 10 36980 44 37029 17 37054 2 37060 6 37089 17 37149 11 37164 16 37212 5 37238 42 37284 19 37310 2 37316 7 37345 17 37405 11 37417 19 37496 40 37539 21 37567 1 37572 7 37601 17 37661 31 37751 39 37793 24 37827 9 37857 16 37916 31 38006 39 38048 27 38081 11 38099 1 38114 14 38173 29 38262 38 38304 44 38354 4 38371 13 38429 28 38517 38 38560 44 38610 6 38628 10 38671 2 38685 26 38773 39 38816 44 38865 8 38886 8 38926 3 38941 26 39029 14 39046 3 39052 16 39073 44 39121 9 39182 3 39198 24 39285 13 39308 16 39329 44 39377 10 39438 3 39454 24 39541 11 39564 17 39585 46 39632 12 39677 3 39695 2 39710 24 39798 9 39819 18 39841 60 39933 3 39966 23 40054 8 40074 19 40097 61 40189 3 40222 23 40312 3 40330 19 40353 61 40445 3 40479 9 40490 11 40508 12 40585 19 40610 60 40701 3 40736 6 40747 13 40761 16 40841 18 40866 60 40958 2 40993 3 41005 28 41098 16 41124 26 41152 30 41215 1 41262 28 41355 14 41381 26 41408 29 41520 26 41613 12 41639 24 41671 21 41721 5 41777 25 41806 3 41870 11 41896 23 41928 19 41975 8 42034 24 42062 3 42126 10 42152 23 42183 20 42230 10 42290 24 42318 3 42382 9 42408 23 42439 19 42485 11 42548 22 42573 3 42639 5 42664 23 42694 20 42741 11 42805 20 42828 4 42919 23 42950 19 42996 12 43062 13 43084 5 43172 21 43194 1 43206 19 43252 11 43319 12 43339 9 43427 19 43461 19 43508 11 43577 10 43594 12 43682 15 43716 19 43764 11 43836 7 43850 13 43922 4 43938 14 43971 19 44021 10 44092 8 44105 15 44154 1 44177 7 44194 14 44226 20 44277 11 44347 9 44361 15 44408 5 44432 9 44451 12 44481 21 44533 11 44602 9 44617 15 44664 7 44676 2 44687 15 44707 11 44737 21 44788 12 44857 10 44873 15 44919 9 44930 5 44943 16 44964 10 44993 21 45044 12 45112 10 45129 15 45175 16 45198 20 45223 7 45249 21 45300 11 45368 9 45385 15 45430 16 45454 21 45482 3 45506 11 45521 5 45536 2 45557 9 45624 8 45642 14 45686 16 45710 22 45763 6 45778 3 45790 6 45814 6 45881 5 45899 13 45940 18 45966 22 46045 8 46155 13 46194 19 46222 22 46301 9 46412 12 46450 18 46478 22 46556 11 46668 11 46706 17 46734 22 46811 12 46924 11 46962 16 46990 22 47063 16 47180 10 47218 15 47246 22 47318 17 47435 10 47474 6 47484 4 47501 22 47574 17 47691 8 47731 4 47757 22 47831 15 47947 6 48012 23 48089 13 48204 3 48268 22 48346 9 48440 1 48524 22 48603 6 48689 9 48780 22 48944 11 49037 21 49199 12 49215 5 49294 9 49305 8 49375 1 49452 25 49505 9 49551 7 49562 6 49631 3 49707 27 49760 13 49808 4 49820 4 49826 5 49834 6 49886 4 49962 29 50016 14 50066 1 50078 19 50142 4 50219 28 50271 15 50334 34 50399 3 50475 27 50527 15 50589 37 50732 23 50782 16 50845 37 50988 22 51038 15 51099 40 51249 10 51261 4 51294 14 51353 41 51506 6 51550 13 51607 43 51807 10 51862 42 52063 10 52116 43 52320 8 52371 44 52576 8 52626 45 52833 7 52881 45 53090 5 53136 45 53392 45 53648 44 53905 43 54162 41 54418 41 54675 39 54933 37 55190 35 55232 1 55447 33 55703 30 55959 28 56216 26 56364 1 56472 25 56618 5 56729 21 56847 2 56873 6 56896 3 56986 18 57101 6 57123 13 57151 8 57242 16 57356 12 57377 16 57406 12 57498 15 57595 1 57612 13 57632 17 57661 20 57754 14 57851 2 57868 13 57887 19 57917 21 58012 10 58107 1 58123 14 58142 23 58173 22 58379 14 58397 25 58429 23 58624 25 58653 25 58685 28 58880 24 58909 25 58940 30 59136 23 59165 25 59196 31 59392 21 59421 62 59586 6 59648 20 59677 62 59836 15 59904 12 59932 63 60089 19 60160 10 60188 63 60342 22 60416 9 60443 64 60596 25 60672 7 60698 64 60850 27 60928 6 60954 64 61104 19 61127 6 61210 64 61360 18 61385 1 61466 64 61616 18 61722 64 61872 17 61903 2 61979 41 62021 20 62128 17 62158 12 62236 40 62277 20 62384 16 62414 13 62436 2 62492 39 62534 19 62640 16 62667 18 62690 6 62749 10 62764 13 62781 5 62790 18 62895 17 62921 22 62944 8 63005 9 63021 12 63039 2 63047 17 63151 16 63176 33 63261 7 63279 9 63308 12 63406 17 63432 33 63517 6 63535 8 63565 10 63662 17 63687 35 63774 3 63791 7 63823 8 63917 18 63942 37 64048 4 64080 5 64173 17 64197 38 64429 7 64439 6 64453 39 64686 7 64697 3 64708 40 64942 7 64964 40 65198 7 65220 39 65454 7 65476 25 65504 2
000024,0 130 154 9 167 11 208 11 255 130 412 6 424 10 464 11 510 131 681 8 721 3 765 131 1021 130 1279 128 1536 126 1792 126 2048 126 2304 126 2507 3 2555 1 2560 127 2761 6 2810 3 2814 129 3015 9 3066 133 3271 10 3321 133 3527 13 3577 133 3784 14 3823 1 3833 131 4040 15 4089 130 4226 4 4248 4 4297 15 4345 130 4481 10 4503 5 4553 16 4600 131 4736 11 4758 7 4810 15 4856 132 4991 11 5014 8 5066 15 5112 132 5245 12 5269 10 5322 16 5367 144 5525 11 5579 15 5622 144 5781 12 5835 15 5877 144 6037 12 6092 14 6132 145 6294 11 6349 13 6387 146 6550 12 6605 13 6642 147 6807 12 6842 4 6861 13 6898 146 7062 14 7096 6 7116 13 7154 146 7317 16 7337 2 7351 7 7372 12 7409 115 7527 27 7570 20 7592 4 7607 7 7629 11 7665 115 7784 24 7825 27 7861 9 7886 9 7921 114 8042 21 8079 28 8116 10 8143 8 8176 115 8299 19 8334 29 8370 13 8385 2 8401 5 8432 116 8555 18 8590 28 8624 22 8687 117 8811 17 8845 29 8876 27 8941 118 9067 16 9100 30 9131 28 9193 1 9196 119 9323 16 9355 30 9386 29 9449 120 9580 14 9611 60 9705 120 9836 14 9867 60 9961 120 10093 12 10123 48 10174 8 10216 121 10351 9 10379 46 10431 7 10472 122 10635 45 10687 7 10727 123 10891 44 10944 7 10983 124 11147 44 11200 8 11239 125 11402 45 11456 10 11495 126 11657 47 11712 10 11751 126 11912 48 11967 12 12007 128 12168 49 12223 12 12263 129 12423 50 12478 13 12520 128 12655 3 12679 50 12734 11 12776 129 12910 5 12935 50 12989 8 13033 128 13165 7 13192 49 13245 8 13290 128 13420 8 13449 7 13457 39 13500 9 13548 126 13675 10 13708 1 13713 37 13756 9 13806 15 13824 117 13969 35 14012 9 14063 13 14080 118 14225 34 14267 10 14319 14 14336 118 14480 34 14523 10 14575 15 14592 118 14736 33 14779 9 14831 135 14992 32 15035 8 15087 135 15248 33 15291 8 15344 122 15467 10 15505 33 15547 8 15600 122 15724 7 15762 32 15803 8 15856 122 15981 4 16020 31 16059 8 16110 123 16276 30 16315 9 16366 123 16533 28 16572 8 16622 123 16789 26 16828 8 16879 115 16995 5 17045 25 17085 7 17136 114 17303 17 17343 3 17396 109 17560 14 17653 9 17664 81 17749 4 17758 3 17816 13 17913 3 17920 78 18072 12 18176 75 18329 11 18432 74 18585 11 18688 74 18842 9 18944 73 19101 5 19137 2 19200 73 19391 6 19456 73 19635 1 19647 7 19712 73 19889 5 19902 8 19968 73 20144 7 20158 9 20224 74 20399 9 20413 10 20480 75 20652 13 20669 9 20736 75 20896 4 20906 16 20924 10 20992 76 21151 40 21248 75 21407 40 21504 75 21663 40 21760 76 21918 44 22016 76 22173 46 22272 76 22427 49 22528 76 22682 51 22784 76 22899 2 22937 52 23040 77 23154 5 23189 58 23296 77 23410 5 23446 59 23552 78 23666 6 23703 59 23808 78 23922 6 23962 16 23981 37 24064 78 24178 7 24220 13 24237 38 24319 79 24434 8 24480 2 24483 4 24493 38 24574 80 24690 9 24748 39 24830 80 24947 11 25004 39 25086 80 25203 13 25259 39 25342 80 25460 13 25515 38 25598 80 25716 13 25771 38 25853 80 25973 13 26027 38 26110 79 26230 12 26283 37 26366 78 26487 11 26540 36 26623 76 26743 10 26796 35 26879 58 26943 10 27000 9 27052 35 27134 57 27202 6 27256 10 27308 34 27389 54 27458 7 27512 11 27565 31 27645 54 27713 9 27767 12 27821 29 27900 55 27969 11 28023 13 28076 27 28155 56 28224 15 28280 13 28331 4 28337 22 28411 55 28479 16 28535 14 28586 5 28594 21 28666 56 28735 17 28791 15 28842 5 28851 20 28921 57 28990 18 29047 15 29098 6 29108 19 29177 58 29245 20 29302 16 29353 8 29364 19 29432 59 29501 21 29553 3 29558 16 29609 9 29621 18 29688 60 29756 22 29807 24 29865 10 29878 17 29935 2 29944 60 30011 24 30062 25 30121 10 30135 16 30189 6 30199 61 30267 24 30318 25 30378 9 30392 4 30399 7 30444 72 30523 25 30575 23 30635 8 30656 7 30700 71 30779 25 30836 17 30892 8 30914 5 30956 70 31035 25 31092 17 31149 7 31170 6 31211 71 31292 24 31347 17 31406 6 31427 5 31467 70 31548 24 31603 18 31664 4 31683 6 31723 69 31805 24 31858 19 31921 3 31939 6 31979 70 32062 23 32113 20 32195 5 32236 69 32319 23 32367 23 32452 3 32492 69 32575 23 32621 25 32748 70 32831 23 32876 27 33005 69 33087 23 33131 27 33261 70 33342 24 33387 27 33518 70 33599 23 33642 27 33775 69 33856 22 33897 28 34032 69 34117 17 34153 26 34288 69 34373 18 34410 18 34432 2 34545 68 34630 18 34665 17 34688 3 34801 68 34887 19 34921 16 34944 6 35058 67 35145 18 35177 17 35202 5 35247 6 35314 66 35402 18 35433 17 35459 5 35503 7 35518 4 35528 3 35571 65 35659 18 35689 17 35715 4 35760 6 35773 5 35783 5 35827 64 35915 18 35944 17 35966 2 35970 4 36016 7 36028 6 36039 5 36084 63 36171 19 36200 17 36222 2 36226 3 36273 6 36284 6 36295 5 36341 62 36427 20 36456 17 36479 1 36530 5 36540 5 36551 5 36598 61 36682 22 36712 17 36795 6 36808 4 36855 61 36938 23 36968 17 37028 4 37051 6 37120 53 37193 24 37224 17 37283 5 37307 6 37376 53 37448 25 37480 17 37533 1 37538 7 37564 4 37632 54 37704 25 37737 17 37787 14 37888 54 37960 25 37993 17 38042 14 38144 55 38216 26 38249 17 38293 19 38400 55 38463 4 38472 26 38504 19 38548 19 38656 56 38719 4 38728 27 38761 18 38803 19 38851 4 38912 56 38976 1 38984 28 39017 18 39054 23 39106 8 39168 57 39240 29 39272 19 39308 24 39362 12 39424 58 39496 30 39528 19 39563 25 39618 13 39680 59 39751 52 39818 26 39873 15 39936 60 40007 52 40074 26 40128 16 40192 65 40263 52 40329 27 40383 17 40448 67 40520 51 40582 31 40638 19 40704 70 40776 52 40832 37 40886 3 40892 21 40960 124 41085 40 41140 29 41216 122 41341 39 41395 33 41472 108 41581 13 41597 39 41651 34 41728 108 41837 13 41852 39 41906 19 41928 16 41984 122 42108 38 42163 17 42185 16 42240 122 42363 39 42419 17 42442 16 42496 114 42611 46 42677 15 42698 16 42752 72 42825 41 42868 45 42934 14 42954 16 43008 70 43081 41 43125 44 43191 13 43210 16 43264 70 43337 88 43448 11 43466 16 43520 70 43594 88 43705 6 43721 17 43776 71 43851 89 43962 4 43977 17 44003 2 44029 76 44107 90 44232 18 44258 3 44284 78 44363 91 44488 17 44513 4 44540 170 44744 17 44768 6 44797 169 45001 15 45024 6 45043 3 45053 169 45257 7 45280 7 45297 8 45310 169 45515 3 45536 7 45553 10 45566 169 45792 7 45808 183 46049 6 46064 182 46306 5 46320 182 46564 2 46576 183 46826 190 47082 190 47338 191 47594 194 47848 197 48101 200 48356 27 48384 172 48611 28 48640 172 48866 29 48896 171 49121 30 49152 171 49377 30 49408 171 49633 30 49664 171 49889 29 49920 172 50146 28 50176 172 50403 26 50432 174 50660 23 50688 181 50899 4 50917 22 50944 183 51155 6 51175 19 51200 184 51411 9 51432 17 51456 124 51581 59 51668 8 51689 15 51712 121 51839 7 51851 46 51923 10 51945 13 51968 119 52096 4 52108 45 52180 10 52201 11 52224 117 52364 46 52436 10 52457 11 52480 117 52619 47 52693 10 52713 11 52736 117 52872 50 52949 11 52970 10 52992 117 53126 52 53204 14 53227 9 53248 117 53381 53 53458 17 53484 8 53504 116 53637 53 53713 19 53741 6 53760 116 53893 52 53968 20 53999 4 54016 116 54148 53 54224 20 54255 5 54272 116 54404 52 54480 20 54511 7 54528 116 54660 52 54736 20 54766 9 54784 115 54916 52 54992 19 55022 9 55040 115 55172 52 55248 18 55277 11 55296 113 55427 53 55503 17 55533 11 55552 109 55682 54 55759 17 55789 11 55808 109 55937 54 56014 18 56045 11 56064 109 56180 1 56193 54 56270 19 56302 11 56320 109 56434 4 56449 53 56517 4 56526 21 56558 12 56576 109 56690 5 56706 52 56772 32 56815 12 56832 109 56946 5 56964 47 57027 33 57072 12 57088 109 57201 6 57221 45 57282 34 57329 11 57344 109 57457 5 57478 43 57538 34 57587 9 57600 109 57712 5 57735 41 57794 35 57846 4 57856 110 57967 6 57993 38 58050 35 58112 117 58249 37 58307 35 58368 116 58505 36 58564 34 58624 115 58762 35 58820 34 58880 108 59018 34 59076 35 59136 107 59274 34 59331 37 59392 105 59531 32 59585 40 59648 104 59788 30 59840 41 59904 103 60044 29 60096 41 60160 101 60301 26 60352 41 60416 101 60559 24 60608 40 60672 101 60818 21 60856 7 60864 40 60928 102 61075 20 61111 47 61184 103 61331 20 61366 47 61440 104 61586 21 61615 53 61696 105 61842 21 61870 53 61939 3 61952 105 62097 23 62126 53 62195 4 62208 105 62353 23 62382 53 62450 5 62464 105 62607 24 62637 54 62706 6 62720 104 62861 26 62893 54 62962 6 62976 103 63117 26 63149 54 63218 6 63232 100 63372 30 63404 55 63474 7 63488 99 63628 87 63731 6 63744 98 63863 4 63884 88 63987 7 64000 99 64118 6 64140 89 64243 7 64256 99 64374 8 64389 3 64396 89 64500 6 64512 100 64630 9 64644 5 64654 87 64756 6 64768 100 64886 10 64899 6 64912 85 65013 3 65024 100 65142 10 65155 6 65168 79 65248 4 65280 99 65398 10 65411 6 65425 44 65471 28
000025,33011 1 33267 3 33278 2 33524 2 33532 4 33781 1 33788 4 34043 5 34299 5 34555 5 34811 5 35067 5 35323 5 35580 4 35836 4 36093 3 36349 3 36605 3 36861 3 37116 4 37372 4 37628 4 37884 4 38137 7 38392 8 38647 9 38903 9 39159 9 39415 9 39671 9 39926 10 40182 10 40439 9 40696 8 40952 8 41209 7 41467 5 48633 3 48887 6 49141 9 49397 10 49652 12 49908 12 50164 12 50420 12 50673 15 50927 17 51182 18 51437 19 51693 19 51949 19 52205 19 52461 19 52718 18 52975 17 53232 16 53490 14 53746 14 54002 14 54259 13 54516 12 54773 11 55030 10 55234 5 55287 9 55490 5 55543 9 55747 4 55799 9 56055 9 56311 9 56567 9 56823 9 57080 8 57336 8 57592 8 57848 8 58104 8 58360 8 58616 8 58872 8 59128 8 59384 8 59640 8 59897 7 60152 8 60408 8 60664 8 60921 7 61176 8 61432 8 61686 10 61941 11 62197 11 62453 11 62709 11 62965 11 63221 11 63477 11 63733 11 63988 12 64244 12 64500 12 64757 11 65013 11 65270 10 65526 10
000026,61855 6 62109 10 62364 12 62619 14 62874 16 63130 17 63386 18 63621 6 63642 18 63875 10 63898 19 64131 12 64154 20 64386 14 64410 21 64642 15 64666 21 64898 16 64921 23 65154 16 65177 23 65411 15 65433 23
000027,76 1 151 12 407 12 664 11 921 9 1178 7 1435 5 1693 2 5211 6 5465 9 5719 13 5975 14 6230 17 6487 17 6743 18 6999 18 7256 17 7512 17 7768 18 8024 17 8280 17 8536 16 8792 15 9049 12 9305 10 9562 9 9819 4 9826 3 10082 4 10175 2 10217 1 10339 3 10430 5 10471 5 10685 7 10725 7 10940 9 10979 9 11195 11 11235 9 11444 4 11450 13 11490 10 11697 22 11742 14 11951 25 11997 15 12206 26 12253 14 12461 27 12508 15 12716 28 12763 16 12932 5 12972 27 13019 16 13040 4 13186 9 13228 27 13275 16 13294 7 13441 11 13484 27 13530 27 13696 12 13740 28 13786 28 13923 5 13951 13 13996 30 14041 29 14178 7 14206 14 14252 31 14296 30 14433 9 14462 14 14508 33 14551 31 14688 10 14717 15 14764 37 14808 31 14843 5 14944 10 14972 16 15020 38 15065 30 15099 5 15200 9 15219 2 15227 18 15276 39 15324 27 15354 6 15456 8 15473 28 15532 40 15581 35 15713 5 15725 32 15788 40 15838 34 15980 33 16044 41 16095 33 16235 33 16299 42 16353 31 16491 32 16555 42 16612 28 16747 31 16809 45 16868 28 17003 30 17062 49 17125 27 17260 29 17317 51 17382 26 17517 28 17572 53 17640 24 17773 27 17827 54 17897 23 18029 27 18082 54 18153 23 18284 27 18337 52 18408 24 18540 27 18593 51 18664 24 18796 10 18807 16 18848 51 18919 25 19052 10 19064 15 19104 51 19174 26 19295 2 19309 9 19321 15 19360 51 19430 26 19550 5 19566 8 19577 15 19616 51 19685 27 19805 7 19824 5 19833 15 19872 51 19941 27 20061 8 20089 16 20128 13 20142 37 20196 28 20317 9 20345 16 20385 12 20399 36 20451 28 20573 10 20601 16 20642 10 20655 36 20707 27 20829 11 20858 14 20898 10 20912 35 20962 27 21064 1 21085 11 21114 8 21155 9 21168 35 21217 27 21317 6 21341 11 21371 5 21413 5 21425 34 21474 26 21571 9 21597 12 21684 30 21730 25 21827 9 21853 12 21944 26 21987 22 22082 10 22109 13 22201 25 22245 17 22338 10 22365 12 22458 24 22502 14 22594 10 22621 12 22716 22 22759 12 22850 10 22877 11 22972 22 23015 11 23038 2 23107 9 23134 9 23228 21 23271 4 23293 3 23363 9 23392 5 23484 23 23620 7 23740 24 23880 1 23995 26 24251 26 24444 2 24506 27 24572 4 24699 4 24762 27 24825 7 24942 3 24955 4 25018 27 25079 9 25197 6 25211 4 25274 27 25334 10 25453 7 25529 27 25588 12 25709 7 25785 27 25843 13 25964 8 26040 27 26099 13 26219 9 26286 2 26294 29 26355 13 26474 10 26540 7 26549 31 26611 13 26729 11 26795 18 26817 19 26868 12 26984 12 27051 17 27073 19 27124 12 27240 12 27306 17 27329 19 27381 11 27497 11 27561 17 27585 19 27637 11 27753 12 27817 13 27840 19 27894 10 28010 11 28072 14 28094 21 28151 9 28266 12 28328 14 28348 23 28413 3 28522 13 28584 43 28778 13 28833 2 28840 43 29034 13 29096 43 29290 13 29352 43 29545 14 29608 43 29801 13 29865 42 30057 13 30121 41 30313 12 30377 39 30569 12 30633 33 30825 12 30890 32 31082 11 31147 30 31338 11 31407 6 31417 16 31594 10 31674 15 31850 9 31931 13 32107 6 32188 11 32364 3 32444 10 32702 5 34384 5 34637 9 34891 13 35147 14 35402 16 35658 16 35914 16 36170 16 36426 16 36682 15 36938 15 37194 15 37451 12 37710 8 37970 1 38884 5 39137 12 39383 6 39390 16 39630 33 39741 5 39884 35 39996 8 40139 37 40252 10 40394 38 40507 14 40650 38 40763 15 40905 38 41020 15 41161 38 41277 14 41416 39 41533 14 41672 39 41790 13 41927 39 42046 12 42182 40 42262 2 42303 11 42438 40 42518 4 42562 2 42693 41 42774 5 42949 41 43031 4 43205 41 43288 1 43328 1 43461 41 43582 4 43716 43 43838 5 43972 43 44094 5 44228 43 44350 5 44484 43 44607 4 44740 43 44864 2 44997 42 45255 39 45512 37 45769 35 46025 30 46281 30 46537 30 46793 29 47049 29 47304 31 47560 32 47815 34 48071 34 48327 34 48583 34 48839 34 49095 34 49351 34 49606 35 49862 35 50117 36 50372 38 50627 39 50882 41 51137 42 51391 25 51419 16 51646 25 51680 9 51901 26 51939 4 52157 25 52375 10 52413 24 52630 12 52669 24 52885 14 52925 23 53141 15 53180 24 53396 16 53436 24 53652 16 53692 25 53786 1 53907 17 53947 27 54041 2 54163 17 54203 28 54293 5 54419 17 54459 31 54546 8 54674 18 54716 31 54801 9 54926 23 54953 3 54974 31 55057 9 55182 23 55208 5 55231 31 55313 9 55437 24 55464 5 55488 30 55569 9 55693 16 55714 3 55720 5 55745 29 55825 8 55948 17 55976 4 56001 29 56081 8 56203 17 56232 4 56258 27 56298 5 56336 8 56453 24 56489 2 56506 2 56514 27 56553 10 56592 7 56707 27 56760 6 56771 26 56808 13 56848 6 56962 29 57016 7 57027 25 57064 14 57105 4 57217 31 57272 7 57284 24 57320 15 57362 2 57472 33 57528 7 57540 24 57576 16 57728 34 57785 5 57796 14 57811 9 57832 16 57983 35 58052 13 58067 9 58088 16 58239 36 58308 11 58323 9 58343 18 58495 36 58565 9 58580 7 58599 20 58750 38 58821 8 58836 7 58856 21 59007 37 59078 6 59095 1 59112 24 59263 37 59334 6 59368 24 59520 36 59591 4 59624 24 59776 37 59849 1 59880 24 60033 36 60134 26 60290 35 60389 27 60547 33 60644 28 60804 9 60816 20 60899 29 61061 6 61074 18 61155 29 61332 15 61411 29 61589 12 61667 29 61923 29 62179 29 62435 29 62691 29 62946 30 63202 30 63458 30 63714 30 63969 31 64225 31 64481 31 64738 30 64994 29 65251 27 65507 25
000028,0 65536
000029, 
000030,0 65536
000031,29085 4 29090 5 29340 11 29597 9 29853 8
000032,0 65536
000033,65518 2
000034,196 60 452 60 708 60 964 60 1220 60 1476 60 1732 60 1988 60 2244 60 2501 59 2757 59 3013 59 3269 59 3524 60 3779 61 4035 61 4290 62 4546 62 4802 62 5057 63 5313 63 5568 64 5824 64 6080 64 6336 64 6592 64 6848 64 7104 64 7359 65 7599 3 7615 65 7843 17 7871 65 8098 20 8125 67 8353 23 8379 69 8608 96 8864 96 9120 96 9376 96 9632 96 9888 96 10144 96 10400 96 10656 96 10912 96 11168 96 11424 96 11679 97 11934 98 12190 98 12445 99 12701 99 12956 100 13212 100 13468 100 13723 101 13979 101 14235 101 14490 102 14746 102 15002 102 15257 103 15512 104 15767 105 16022 106 16278 106 16535 105 16791 105 17047 105 17303 105 17559 105 17815 105 18072 104 18328 104 18584 104 18840 104 19096 104 19351 105 19607 105 19863 105 20118 106 20375 105 20631 105 20887 105 21143 105 21400 104 21656 104 21912 104 22168 104 22424 104 22679 105 22935 105 23191 105 23447 105 23703 105 23958 106 24213 107 24469 107 24724 108 24980 108 25236 108 25492 108 25748 108 26004 108 26260 108 26515 109 26770 110 27026 110 27281 111 27537 111 27793 111 28049 111 28305 111 28561 111 28817 111 29072 112 29328 112 29584 112 29839 113 30096 112 30352 112 30608 112 30864 68 30935 41 31121 65 31191 41 31377 62 31447 41 31633 61 31703 41 31888 61 31960 40 32144 59 32215 41 32400 57 32471 41 32656 46 32707 5 32728 40 32912 42 32984 40 33168 39 33241 4 33246 34 33424 35 33498 3 33504 32 33680 35 33755 1 33761 31 33937 33 34018 6 34030 18 34193 32 34287 17 34450 30 34545 15 34706 10 34718 17 34802 14 34979 11 35060 12 35236 9 35317 11 35493 7 35573 11 35753 2 35830 10 36087 9 36344 8 36601 7 36857 7 37113 7 37370 6 37626 6 37882 6 38138 6 38394 6 38650 6 38907 5 39164 4 39420 4 39676 4 39932 4 40188 4 40445 3 40701 3
000035,33 122 171 40 229 27 288 124 427 41 485 27 543 126 683 41 741 27 797 128 939 46 998 26 1049 133 1196 46 1254 26 1297 142 1453 46 1509 27 1552 143 1709 46 1765 27 1806 146 1966 46 2020 28 2051 157 2223 46 2274 191 2479 244 2736 244 2992 244 3249 244 3506 245 3764 247 4021 247 4279 247 4537 246 4796 243 5051 244 5307 244 5563 245 5819 246 6076 246 6324 3 6332 252 6588 254 6845 67 6916 183 7102 66 7174 182 7358 66 7431 249 7688 10 7699 237 7946 7 7957 235 8203 4 8213 235 8469 235 8706 3 8725 235 8961 6 8981 235 9217 7 9237 235 9473 8 9495 233 9729 9 9752 232 9986 8 10011 229 10243 7 10268 228 10500 7 10523 229 10757 6 10779 229 11016 3 11032 232 11279 1 11285 235 11539 237 11795 237 12050 238 12306 238 12561 239 12816 240 13072 240 13329 239 13585 241 13841 242 14098 242 14354 244 14610 245 14867 246 15123 251 15379 252 15635 254 15890 3204 19099 250 19352 252 19608 252 19863 254 20119 1829 21952 250 22209 211 22422 35 22466 208 22678 35 22722 208 22934 34 22978 207 23190 33 23235 206 23446 25 23490 207 23703 12 23718 5 23746 184 23933 19 23957 10 24002 183 24191 7 24210 11 24257 183 24465 10 24513 181 24721 9 24769 182 24978 7 25025 182 25234 6 25281 184 25491 4 25537 185 25794 185 26050 186 26305 187 26561 187 26816 188 27072 53 27126 134 27327 51 27384 131 27583 49 27639 131 27777 3 27839 49 27895 130 28032 5 28096 48 28150 131 28288 5 28353 47 28404 133 28544 15 28610 46 28659 134 28800 17 28867 183 29057 17 29123 184 29313 18 29379 185 29569 19 29634 187 29825 20 29889 190 30080 22 30145 214 30400 215 30657 215 30914 216 31171 220 31428 221 31684 224 31940 225 32196 227 32451 230 32706 232 32962 234 33217 236 33472 239 33728 240 33983 42 34026 200 34238 246 34493 248 34749 249 35004 250 35260 250 35516 251 35772 251 36029 251 36285 251 36541 250 36797 250 37054 249 37310 249 37566 86 37654 161 37821 87 37911 159 38072 92 38167 158 38327 93 38422 158 38582 251 38834 2 38838 250 39093 252 39348 2043 41397 249 41655 246 41912 245 42169 244 42426 243 42684 241 42940 241 43196 89 43286 151 43451 89 43543 150 43707 88 43799 150 43962 89 44055 150 44218 89 44311 150 44474 90 44567 150 44730 91 44823 149 44986 92 45079 149 45242 241 45497 242 45752 243 46007 245 46254 1165 47421 3 47428 247 47684 212 47897 34 47940 212 48153 34 48197 246 48454 245 48711 244 48968 243 49225 243 49482 242 49739 195 49939 41 49996 192 50195 41 50252 190 50452 40 50508 189 50709 39 50764 6 50771 181 50965 39 51021 4 51028 180 51222 38 51284 179 51478 38 51540 178 51736 36 51796 172 51994 33 52053 171 52251 32 52309 171 52508 31 52565 171 52764 30 52821 171 53020 30 53077 171 53276 31 53333 171 53532 32 53588 172 53788 32 53844 172 54044 33 54099 173 54301 34 54355 173 54558 35 54610 174 54815 35 54865 175 55045 4 55073 33 55120 176 55300 7 55330 32 55375 177 55555 9 55587 32 55631 177 55810 14 55842 33 55885 179 56066 19 56098 33 56139 181 56322 23 56354 34 56394 182 56577 25 56610 222 56833 27 56866 251 57121 3041 60169 247 60427 245 60685 243 60940 244 61195 2574 63772 254 64035 247 64292 247 64549 246 64806 245 65062 245 65319 217
000036,15 13 41 19 145 111 272 13 301 15 401 111 528 14 559 13 658 110 784 14 816 12 914 110 1039 16 1072 12 1138 2 1170 74 1249 31 1295 17 1329 11 1393 4 1427 60 1494 4 1507 29 1551 19 1574 7 1586 11 1648 5 1684 46 1751 2 1766 26 1808 30 1843 10 1901 10 1941 44 2025 23 2064 31 2100 10 2156 12 2198 42 2283 21 2321 30 2357 9 2409 16 2455 41 2541 19 2577 30 2613 9 2630 21 2663 19 2711 41 2799 17 2833 30 2869 12 2885 26 2916 23 2969 39 3059 13 3089 31 3125 71 3226 38 3317 11 3345 109 3482 38 3576 8 3602 109 3738 38 3837 3 3858 108 3995 37 4095 1 4114 108 4251 37 4369 110 4508 37 4613 4 4624 111 4765 37 4863 1 4867 10 4879 113 5023 36 5119 1 5122 126 5281 35 5373 3 5377 128 5538 36 5621 11 5633 128 5795 38 5877 11 5889 129 6051 40 6092 2 6132 12 6145 130 6278 6 6307 47 6387 13 6402 148 6563 51 6643 13 6662 144 6819 53 6898 14 6919 144 7076 54 7154 14 7175 145 7335 52 7409 15 7431 145 7594 50 7664 16 7687 146 7850 51 7918 18 7943 146 8108 49 8163 2 8172 20 8202 143 8364 50 8416 6 8426 22 8469 6 8479 123 8615 1 8618 61 8680 24 8735 124 8867 1 8869 91 8991 225 9247 225 9503 225 9759 225 10019 221 10277 219 10534 218 10791 217 11047 217 11303 212 11558 213 11813 213 12062 220 12315 223 12568 225 12823 225 13079 217 13334 216 13591 214 13847 213 14104 210 14361 208 14618 206 14875 204 15132 203 15388 203 15643 206 15898 207 16155 200 16411 7 16422 1 16427 182 16669 5 16685 179 16903 2 16926 5 16941 178 17154 13 17179 11 17197 173 17408 15 17434 13 17453 170 17664 16 17688 16 17708 170 17920 18 17939 185 18127 4 18176 203 18432 203 18688 202 18944 202 19200 202 19456 203 19712 203 19968 204 20224 203 20480 196 20736 195 20992 195 21248 194 21504 192 21760 162 21924 27 22016 162 22181 26 22272 122 22402 31 22438 25 22528 122 22660 29 22696 24 22784 122 22917 27 22955 3 22961 14 23040 122 23174 17 23219 12 23296 123 23431 15 23477 9 23552 124 23688 13 23808 124 23944 14 24064 125 24202 12 24320 127 24458 12 24474 5 24576 131 24714 11 24729 7 24832 132 24970 10 24985 7 25088 134 25225 8 25241 8 25344 135 25481 7 25498 7 25600 144 25754 10 25856 143 26011 8 26112 143 26268 5 26368 140 26524 2 26624 140 26880 140 27064 5 27136 140 27319 7 27392 141 27573 10 27648 141 27828 16 27904 142 28083 21 28108 3 28160 22 28183 120 28337 31 28419 140 28592 32 28678 138 28847 34 28900 11 28941 131 29103 34 29148 19 29197 132 29359 34 29403 21 29455 130 29615 35 29658 22 29712 130 29845 3 29871 35 29914 23 29968 129 30101 3 30127 35 30169 24 30224 129 30383 36 30423 25 30479 131 30639 65 30734 132 30896 64 30990 125 31119 4 31151 63 31245 125 31377 3 31406 63 31501 124 31634 2 31662 62 31757 113 31875 6 31894 3 31898 1 31917 62 32014 112 32131 7 32150 5 32173 61 32271 112 32388 6 32407 4 32422 3 32429 60 32527 113 32645 5 32658 9 32676 6 32684 60 32783 114 32902 5 32914 9 32931 69 33039 103 33143 9 33159 4 33169 9 33185 71 33295 101 33400 8 33416 3 33424 10 33440 72 33536 1 33552 100 33657 6 33680 9 33695 72 33792 1 33808 99 33913 3 33937 6 33950 73 34048 2 34065 98 34168 4 34205 74 34304 2 34322 97 34420 9 34461 73 34560 3 34579 96 34676 9 34716 72 34816 3 34837 94 34932 9 34972 67 35072 3 35095 103 35228 67 35328 3 35353 76 35431 23 35483 68 35584 3 35610 76 35689 21 35739 68 35840 3 35849 2 35866 76 35947 19 35995 68 36096 3 36103 6 36122 76 36202 20 36249 70 36352 3 36357 10 36377 77 36457 21 36502 72 36608 3 36613 17 36632 78 36711 23 36751 78 36864 3 36869 95 36965 25 37006 79 37120 3 37125 95 37221 24 37261 79 37376 3 37381 93 37477 25 37516 80 37632 98 37733 26 37771 80 37888 97 37988 28 38026 80 38144 88 38236 3 38244 30 38282 79 38400 88 38499 32 38537 79 38656 89 38755 33 38793 77 38912 90 39010 34 39049 76 39168 90 39266 35 39306 75 39424 90 39523 34 39564 73 39680 90 39779 34 39821 71 39936 90 40035 34 40078 70 40166 4 40192 90 40290 35 40335 68 40420 7 40448 88 40546 13 40566 15 40591 66 40674 9 40704 87 40802 13 40824 14 40848 62 40928 11 40960 85 41058 13 41081 13 41104 62 41183 12 41216 82 41314 12 41337 13 41359 62 41438 13 41472 81 41570 12 41593 12 41615 62 41694 13 41728 6 41739 70 41827 6 41849 12 41871 62 41949 15 41981 2 41984 5 41997 69 42106 12 42127 62 42204 19 42233 12 42253 69 42362 12 42383 63 42460 42 42509 68 42619 11 42639 63 42717 42 42764 69 42875 11 42895 63 42973 43 43020 69 43131 10 43151 63 43229 44 43275 70 43388 9 43406 63 43485 117 43644 8 43662 63 43738 120 43900 7 43917 66 43993 121 44157 5 44173 68 44248 122 44414 3 44429 70 44504 124 44685 71 44760 124 44941 71 45017 124 45197 71 45273 125 45453 71 45529 18 45550 105 45692 2 45710 70 45785 14 45807 105 45947 3 45966 69 46041 13 46064 111 46203 3 46223 68 46298 10 46321 111 46460 1 46480 66 46556 3 46579 110 46737 65 46837 108 46994 4 47000 7 47010 1 47014 43 47095 107 47271 41 47352 105 47527 40 47609 102 47753 4 47780 40 47868 100 48008 7 48034 41 48125 99 48262 67 48384 97 48518 59 48640 98 48772 60 48896 99 49028 58 49152 98 49283 57 49347 1 49408 98 49538 54 49602 4 49664 98 49793 56 49857 6 49920 98 50039 3 50048 58 50113 6 50176 99 50293 7 50303 61 50369 7 50432 99 50548 8 50558 63 50625 7 50688 99 50803 74 50881 7 50944 99 51059 75 51138 5 51200 99 51314 76 51395 4 51456 100 51570 77 51652 2 51692 6 51712 101 51825 78 51947 8 51968 102 52080 80 52203 15 52224 102 52333 83 52458 18 52480 103 52587 85 52714 20 52736 104 52843 86 52969 22 52992 104 53097 90 53225 22 53248 104 53354 92 53480 128 53611 92 53734 130 53867 92 53989 131 54123 92 54243 228 54498 230 54753 231 55008 232 55264 158 55423 74 55516 162 55682 72 55771 163 55941 69 56026 164 56198 68 56281 165 56455 67 56537 165 56711 67 56793 38 56832 127 56967 60 57049 38 57088 129 57223 60 57297 5 57304 38 57344 194 57552 45 57600 193 57798 4 57808 44 57856 193 58052 7 58064 39 58112 192 58306 10 58319 38 58368 192 58562 11 58575 37 58624 191 58817 12 58831 33 58880 190 59073 45 59136 172 59311 14 59328 44 59392 170 59567 57 59648 118 59767 45 59823 50 59890 9 59904 164 60078 48 60141 15 60160 164 60333 47 60397 15 60416 117 60535 44 60588 47 60652 17 60672 117 60792 43 60844 47 60908 18 60928 116 61049 42 61100 46 61164 19 61184 116 61305 43 61356 38 61397 4 61419 20 61440 117 61561 43 61612 37 61675 138 61816 28 61847 13 61868 36 61927 173 62105 10 62125 35 62173 7 62182 174 62361 10 62381 18 62400 15 62428 184 62618 8 62637 17 62658 13 62684 184 62874 6 62894 14 62916 10 62940 184 63131 4 63151 12 63174 7 63197 184 63408 9 63432 4 63453 183 63664 7 63709 135 63846 2 63849 39 63921 3 63965 139 64105 39 64221 139 64363 37 64477 178 64695 5 64733 178 64949 8 64990 185 65204 9 65246 186 65446 3 65460 10 65502 34
000037,7218 3 7473 5 7728 7 7985 7 8241 7 8498 6 8754 5
000038,189 17 209 27 249 6 446 16 466 26 505 5 703 15 722 26 762 4 961 12 980 23 1020 2 1222 6 1237 22 1479 5 1497 1 1504 10 1736 4 1762 7 1992 4 2019 5 2248 5 2276 3 2504 7 2512 3 2761 13 3017 13 3274 13 3529 15 3785 15 4042 14 4299 13 4556 9 4813 7 5071 5 5328 3 38656 1 38912 2 39168 3 39424 3 39680 3 39936 3 40192 2 40448 1 46875 1 49954 4 51243 1 51498 3 51754 3 65358 3
000039,0 65536
000040,0 65536
000041,0 65536
000042,0 6 92 18 148 12 241 20 349 17 404 11 432 4 497 19 605 17 661 8 687 5 752 19 861 16 943 6 1008 17 1117 16 1198 8 1261 19 1373 15 1454 9 1464 3 1516 20 1630 14 1709 16 1728 4 1739 2 1771 21 1895 4 1965 33 2027 21 2221 34 2259 1 2282 22 2476 36 2514 4 2539 21 2732 47 2794 22 2989 47 3049 23 3246 46 3304 24 3503 44 3560 24 3762 41 3815 25 3892 1 4017 42 4071 25 4147 7 4273 42 4326 26 4403 9 4528 43 4582 26 4658 11 4673 2 4784 44 4839 25 4915 17 5040 44 5096 24 5172 17 5296 44 5352 24 5429 23 5553 44 5609 23 5686 23 5810 43 5866 22 5941 25 6065 44 6123 21 6197 26 6320 46 6380 20 6451 28 6572 50 6638 18 6706 29 6827 51 6896 16 6961 31 7082 52 7152 16 7215 33 7337 53 7408 16 7471 33 7592 54 7664 16 7727 33 7848 54 7920 16 7983 33 8103 54 8177 15 8240 32 8352 4 8357 56 8434 14 8496 33 8608 60 8690 14 8752 33 8864 60 8947 13 9008 34 9121 57 9204 12 9264 34 9378 55 9461 11 9521 33 9634 54 9718 10 9777 33 9891 52 9975 9 10035 31 10148 49 10231 9 10291 31 10405 46 10487 9 10548 29 10661 44 10743 9 10806 26 10918 39 10999 9 11065 19 11175 36 11255 9 11321 16 11433 34 11511 9 11578 14 11695 26 11767 9 11835 12 11953 23 12024 8 12094 8 12210 19 12281 7 12352 5 12466 18 12540 4 12723 16 12980 3 12988 6 13141 2 13245 4 13394 7 13644 13 13758 13 13899 15 14014 15 14153 17 14269 16 14342 2 14350 4 14400 3 14407 19 14525 17 14596 7 14605 6 14655 28 14781 18 14851 17 14911 28 15036 20 15107 17 15167 29 15293 19 15362 18 15423 29 15549 20 15618 19 15678 31 15806 19 15872 21 15933 32 16063 18 16128 21 16187 35 16320 18 16384 21 16441 38 16576 18 16640 21 16696 39 16833 16 16896 21 16951 40 17089 16 17152 20 17207 40 17346 14 17408 20 17463 39 17603 12 17664 20 17718 39 17784 4 17799 13 17852 4 17861 9 17920 19 17972 10 17984 28 18038 7 18053 16 18108 4 18119 6 18176 19 18227 33 18293 9 18309 16 18363 5 18432 20 18483 29 18549 9 18564 17 18619 5 18688 20 18739 29 18805 10 18820 17 18876 4 18944 20 18995 28 19061 13 19075 19 19133 1 19200 20 19250 29 19318 32 19456 20 19506 29 19575 23 19599 7 19712 19 19762 28 19823 2 19832 21 19856 6 19968 19 20017 29 20078 6 20089 19 20113 4 20224 18 20272 29 20333 8 20344 21 20370 2 20480 18 20527 29 20589 33 20630 7 20736 18 20783 27 20844 34 20885 14 20992 18 21039 25 21100 34 21141 15 21248 19 21295 24 21356 35 21396 18 21504 19 21551 23 21581 2 21613 34 21651 19 21760 20 21808 21 21836 3 21869 35 21906 20 22016 20 22065 18 22091 4 22124 36 22161 22 22272 20 22322 17 22348 3 22359 2 22380 59 22528 20 22579 14 22599 2 22613 5 22636 58 22784 20 22835 14 22853 7 22869 5 22892 58 23040 19 23091 14 23107 10 23124 6 23149 57 23296 19 23347 29 23379 8 23405 57 23552 19 23603 40 23661 58 23755 4 23808 18 23859 41 23917 58 24009 7 24069 12 24114 42 24173 59 24263 11 24277 5 24328 7 24370 42 24429 60 24518 21 24627 42 24685 62 24774 22 24883 42 24941 51 25030 23 25139 41 25197 49 25286 24 25387 1 25396 39 25453 50 25542 24 25642 2 25653 38 25710 50 25798 24 25910 36 25966 53 26055 23 26167 35 26223 53 26312 21 26424 33 26480 53 26569 20 26680 32 26737 52 26828 17 26935 27 26965 2 26993 52 27085 15 27185 5 27191 27 27251 51 27341 15 27440 35 27511 47 27598 13 27695 38 27769 45 27854 12 27952 39 28025 45 28110 11 28208 43 28281 46 28367 9 28466 41 28537 45 28625 6 28723 41 28792 46 28980 40 29048 46 29237 39 29303 46 29496 8 29507 25 29559 46 29764 25 29815 45 30019 26 30071 45 30274 27 30328 44 30529 27 30584 44 30784 28 30840 44 31039 28 31097 42 31294 29 31353 41 31550 29 31609 41 31806 30 31838 5 31865 40 32063 37 32120 41 32320 36 32375 42 32577 35 32631 40 32833 34 32886 39 33089 34 33142 37 33346 32 33399 35 33603 31 33655 34 33860 30 33912 33 34118 28 34170 30 34376 25 34428 25 34638 4 34645 12 34685 15 34903 9 34943 11 35160 9 35203 6 35417 8 35673 8 35822 4 35828 4 35930 7 36075 14 36186 6 36330 16 36444 2 36584 19 36827 2 36838 26 37082 6 37093 27 37338 7 37349 27 37593 8 37604 28 37848 10 37860 28 38002 6 38098 17 38116 28 38257 8 38354 46 38513 8 38609 47 38768 9 38865 47 39021 17 39121 47 39276 19 39377 47 39508 1 39532 19 39634 46 39788 19 39890 46 40044 19 40147 45 40301 18 40403 45 40557 18 40659 45 40814 17 40915 45 41070 18 41171 45 41323 21 41427 45 41576 24 41683 45 41830 27 41939 45 42086 27 42194 46 42342 27 42449 46 42505 2 42598 26 42704 37 42745 5 42761 3 42850 30 42960 37 43016 4 43104 31 43216 37 43272 4 43360 31 43472 37 43527 5 43615 7 43624 24 43728 37 43782 7 43871 5 43881 23 43984 38 44036 10 44127 5 44138 22 44240 38 44291 11 44382 5 44394 21 44496 38 44547 12 44639 5 44651 19 44751 39 44802 13 44895 5 44908 15 45006 39 45058 13 45151 5 45164 12 45261 34 45314 13 45408 4 45421 11 45516 33 45570 13 45665 4 45677 10 45772 10 45788 16 45826 13 45912 3 45934 9 46028 8 46046 13 46083 12 46168 3 46192 5 46285 5 46304 10 46339 13 46424 3 46542 2 46561 8 46572 9 46595 13 46818 6 46826 13 46850 13 47076 2 47082 14 47103 1 47106 13 47337 15 47357 3 47362 12 47593 16 47610 6 47617 10 47849 23 47873 7 48105 23 48129 4 48361 23 48617 23 48873 23 49129 23 49385 23 49641 23 49897 23 50153 23 50408 24 50663 25 50918 26 51174 26 51429 27 51684 28 51829 3 51940 28 52082 7 52195 29 52336 10 52452 28 52591 11 52708 27 52847 12 52964 24 53103 12 53221 20 53359 11 53476 14 53615 10 53732 10 53871 8 53989 5 54127 7 54384 4 54614 4 54869 9 55123 12 55145 2 55377 15 55399 6 55632 18 55652 11 55887 34 56143 35 56399 35 56655 36 56910 38 57166 38 57222 3 57422 38 57477 4 57678 39 57732 5 57935 38 57986 7 58192 36 58240 9 58448 36 58496 9 58705 35 58752 9 58867 2 58962 33 59008 9 59123 3 59219 29 59264 7 59378 4 59474 29 59521 3 59635 1 59722 1 59729 29 59978 36 60233 35 60399 3 60490 32 60654 6 60746 30 60909 7 61002 31 61166 7 61258 31 61422 7 61514 32 61678 7 61770 32 61934 7 62027 32 62190 7 62283 32 62447 6 62540 34 62703 6 62798 33 62961 4 63055 32 63311 32 63568 32 63825 31 64006 4 64082 30 64261 7 64338 30 64516 9 64595 29 64772 9 64851 29 65027 10 65107 28 65283 9 65362 27
000043,0 65536
000044, 
000045,24828 3 25083 5 25338 6 25593 7 25849 7 26106 6 26362 6 26618 6 26870 10 27126 10 27382 10 27638 10 27894 5 27900 4 28151 4 28156 4 28407 9 28665 7 28923 5 29180 4
000046,108 17 363 20 618 22 873 24 902 4 1129 24 1158 4 1385 25 1414 3 1640 26 1896 29 2152 30 2408 30 2665 29 2921 29 3177 29 3433 28 3472 3 3688 28 3728 4 3944 27 3984 4 4201 25 4240 3 4457 25 4714 23 4927 5 4970 23 5015 4 5089 2 5182 7 5226 23 5270 6 5343 6 5438 7 5483 22 5526 7 5599 8 5694 7 5739 21 5782 7 5854 10 5949 9 5995 21 6038 6 6110 11 6202 13 6251 21 6294 5 6366 11 6447 4 6456 17 6507 21 6622 12 6701 9 6711 18 6763 21 6877 14 6952 33 7018 21 7133 14 7205 36 7274 20 7389 15 7460 38 7530 17 7645 14 7715 39 7786 16 7902 13 7969 42 8042 16 8161 9 8224 43 8299 14 8419 6 8479 44 8556 10 8734 40 8775 3 8990 38 9207 1 9245 38 9452 3 9461 6 9499 39 9707 17 9754 40 9962 19 10009 40 10217 20 10264 41 10471 23 10520 41 10725 24 10775 42 10981 24 11031 42 11237 26 11286 43 11493 27 11542 43 11749 27 11797 44 12005 27 12053 43 12261 27 12309 42 12518 25 12565 42 12729 2 12774 23 12821 42 12985 2 13030 22 13077 42 13287 20 13334 41 13544 11 13556 7 13592 38 13752 3 13801 9 13813 5 13849 37 14007 4 14058 7 14105 37 14263 5 14316 4 14361 37 14519 4 14573 1 14618 6 14627 27 14876 3 14884 26 15141 24 15398 22 15656 18 15914 15 16171 14 16423 2 16428 12 16680 1 16686 3 18688 1 18944 2 19200 1 19572 3 19828 3 19971 2 20076 1 20083 4 20130 8 20226 4 20332 1 20340 2 20385 8 20481 6 20588 1 20640 9 20737 6 20896 10 20993 6 21151 11 21249 5 21407 12 21507 2 21663 13 21919 16 22176 16 22432 16 22688 16 22944 16 23200 15 23456 14 23713 13 23970 11 24227 8 24484 4 24664 3 24920 2 25176 1 26708 5 26964 5 27219 6 27476 4 35072 1 35328 2 35584 2 35840 2 36096 1 40230 3 40483 8 40738 10 40993 12 41249 12 41505 12 41761 12 42017 11 42273 11 42530 10 42786 10 43043 9 43299 9 43556 7 43812 7 43947 5 44068 8 44201 15 44324 8 44456 19 44579 9 44712 23 44835 9 44968 28 45091 10 45224 32 45348 9 45480 36 45605 7 45735 38 45862 6 45991 39 46246 41 46502 41 46757 42 47012 43 47268 42 47523 44 47779 46 48035 47 48291 48 48547 50 48711 4 48803 52 48966 9 49060 52 49220 14 49316 53 49475 16 49572 54 49730 17 49830 53 49985 18 50086 54 50241 18 50343 54 50496 19 50599 54 50752 18 50855 53 51008 18 51111 53 51264 17 51367 51 51520 17 51623 50 51777 16 51879 46 52034 14 52135 44 52290 14 52391 44 52510 3 52548 12 52647 32 52681 8 52765 6 52808 8 52903 30 53020 8 53065 7 53159 30 53276 8 53322 6 53416 28 53532 8 53579 5 53672 28 53787 9 53836 2 53928 27 54043 8 54185 26 54298 7 54442 24 54554 5 54700 22 54810 5 54958 19 55066 5 55215 18 55323 4 55471 17 55579 4 55728 16 55835 5 55985 14 56091 6 56242 12 56346 7 56501 7 56601 8 56857 8 57108 13 57364 13 57620 13 57876 12 58132 10 58389 8 58645 8 58902 6 59160 3 63127 4 63382 6 63638 6 63893 8 64149 8 64405 8 64567 2 64661 10 64822 5 64917 12 65078 5 65174 11 65334 5 65431 11
000047,0 65536
000048,5069 4 5325 5 5581 5 5838 4 6095 2
000049,45231 1 45486 3 45742 4 45999 3
000050, 
000051,13 29 56 2 162 4 239 6 269 29 311 4 415 8 494 8 525 29 567 4 656 2 663 17 750 8 780 30 822 5 911 27 1005 9 1035 31 1077 6 1167 28 1261 9 1291 31 1333 6 1422 30 1517 10 1547 31 1588 7 1678 31 1773 10 1803 31 1844 6 1934 31 2029 10 2060 29 2101 5 2189 32 2285 10 2318 27 2358 4 2445 32 2542 9 2575 25 2615 2 2701 32 2798 9 2831 23 2957 32 3056 7 3087 15 3213 32 3313 6 3342 16 3469 32 3598 16 3725 32 3853 17 3982 31 4109 16 4239 29 4364 17 4500 23 4620 16 4757 21 4876 16 4896 2 5014 20 5132 23 5271 18 5388 24 5424 3 5528 16 5643 26 5678 6 5784 16 5899 29 5934 6 6042 13 6155 31 6191 5 6299 11 6412 31 6447 4 6555 9 6668 32 6704 1 6812 6 6925 31 7068 5 7181 31 7325 3 7438 31 7694 14 7709 17 7950 13 7966 16 8206 11 8222 16 8451 4 8462 10 8478 17 8707 4 8718 9 8734 18 8963 4 8976 6 8990 18 9218 5 9246 19 9474 6 9503 18 9728 8 9760 17 9984 9 10016 17 10240 9 10273 16 10496 8 10529 16 10752 7 10777 2 10786 15 11008 7 11032 3 11043 14 11111 3 11264 7 11287 4 11300 12 11366 6 11520 7 11542 5 11558 9 11622 8 11637 1 11639 4 11776 7 11794 1 11796 8 11815 8 11877 23 12032 8 12048 12 12071 7 12133 24 12288 29 12328 6 12388 26 12544 29 12584 6 12645 5 12651 20 12800 30 12841 3 12901 5 12908 19 13056 30 13156 6 13165 19 13312 30 13412 7 13421 19 13568 31 13668 7 13677 19 13824 31 13924 29 14080 31 14180 31 14336 31 14436 32 14592 32 14692 32 14848 32 14948 32 15104 34 15204 30 15360 35 15460 29 15616 36 15718 29 15872 40 15975 29 16128 41 16231 29 16384 42 16487 30 16640 42 16742 31 16896 42 16997 32 17152 42 17252 33 17408 43 17507 34 17664 43 17762 35 17920 43 18018 34 18176 43 18274 35 18432 15 18450 25 18529 36 18688 14 18707 25 18785 36 18944 14 18963 25 19041 35 19200 14 19219 25 19297 35 19456 14 19476 24 19542 4 19553 35 19712 16 19730 25 19798 6 19807 37 19968 42 20053 47 20224 42 20309 47 20480 41 20565 47 20736 41 20821 47 20992 41 21078 46 21248 43 21334 45 21504 45 21590 45 21760 44 21846 45 22016 40 22102 45 22272 39 22358 44 22528 38 22614 44 22784 39 22870 44 23040 39 23127 43 23296 40 23383 42 23552 40 23639 41 23684 3 23808 41 23888 2 23895 41 23939 5 24064 41 24143 6 24151 41 24194 7 24320 41 24398 8 24407 41 24450 7 24576 41 24654 49 24706 8 24817 4 24832 40 24909 49 24962 8 25073 6 25088 40 25165 49 25218 9 25328 7 25342 42 25420 49 25474 9 25582 11 25596 43 25676 48 25730 10 25782 14 25837 58 25932 47 25986 10 26036 19 26092 59 26188 46 26243 9 26290 23 26347 33 26383 25 26445 45 26500 7 26545 25 26603 33 26639 25 26701 15 26719 26 26758 4 26800 27 26859 33 26896 24 26957 14 26975 21 27055 28 27115 33 27152 24 27213 14 27231 19 27280 5 27310 30 27371 33 27409 22 27469 14 27488 18 27535 7 27566 30 27627 33 27665 22 27708 6 27725 14 27745 18 27790 16 27821 32 27883 33 27922 20 27964 7 27981 15 28001 18 28045 18 28077 32 28137 24 28162 10 28179 15 28219 9 28237 15 28257 18 28300 20 28333 33 28384 32 28420 8 28435 14 28474 10 28493 14 28513 17 28554 22 28589 33 28639 33 28677 7 28692 12 28730 10 28749 14 28768 17 28809 24 28846 32 28894 34 28933 6 28949 11 28985 11 29005 14 29025 16 29062 27 29102 32 29150 13 29165 19 29190 5 29206 9 29241 11 29261 13 29281 15 29317 28 29358 32 29406 13 29422 18 29447 2 29463 7 29497 12 29518 6 29525 4 29537 15 29572 29 29614 32 29662 13 29679 17 29719 6 29753 12 29793 15 29828 8 29838 19 29870 32 29914 3 29918 12 29936 16 29976 4 30009 11 30050 13 30076 2 30084 9 30095 18 30126 32 30176 9 30192 16 30234 1 30265 11 30306 13 30331 5 30340 10 30352 17 30383 30 30435 2 30449 15 30521 11 30562 13 30586 7 30594 31 30638 31 30706 14 30776 12 30818 12 30842 39 30894 30 30963 13 31032 13 31074 11 31097 39 31150 29 31219 13 31287 14 31330 10 31353 39 31406 28 31476 12 31542 16 31586 9 31608 39 31662 28 31732 12 31798 18 31843 7 31864 39 31918 29 31989 11 32053 20 32100 3 32119 39 32174 29 32246 10 32309 22 32375 39 32430 30 32506 6 32562 24 32631 38 32686 30 32734 4 32763 5 32816 22 32840 1 32887 37 32942 29 32989 6 33020 4 33069 24 33142 37 33200 27 33242 10 33276 4 33323 25 33398 36 33457 25 33496 13 33517 3 33533 3 33578 27 33654 36 33714 23 33751 16 33772 7 33789 3 33832 30 33910 36 33970 22 34006 18 34028 15 34046 2 34088 30 34165 37 34227 21 34262 18 34284 17 34343 31 34421 37 34483 20 34517 20 34540 17 34599 31 34677 36 34739 20 34773 20 34795 18 34856 30 34933 36 34995 21 35029 19 35050 19 35113 29 35188 36 35251 21 35286 39 35370 28 35444 36 35497 4 35507 21 35542 39 35626 28 35699 37 35752 6 35764 20 35798 39 35882 28 35955 36 36007 8 36020 20 36053 41 36137 30 36212 35 36262 9 36277 19 36309 42 36393 32 36469 34 36517 11 36534 9 36546 5 36565 20 36586 21 36643 39 36726 33 36773 11 36793 1 36821 20 36843 20 36898 40 36985 30 37028 12 37077 19 37100 19 37154 40 37242 28 37285 12 37332 21 37357 18 37410 40 37500 25 37542 11 37586 23 37614 17 37666 40 37757 23 37799 11 37841 24 37871 15 37922 40 38018 7 38029 5 38057 10 38096 25 38128 14 38178 40 38314 10 38351 27 38386 12 38433 41 38570 10 38606 29 38643 11 38687 43 38827 9 38862 30 38899 12 38942 43 39084 8 39118 30 39156 11 39198 43 39340 6 39374 31 39413 9 39453 37 39492 5 39630 31 39670 7 39709 37 39749 4 39886 31 39928 3 39965 36 40006 5 40142 31 40221 37 40261 7 40398 31 40477 48 40653 32 40733 48 40909 31 40989 47 41165 30 41244 47 41420 30 41500 47 41676 29 41756 46 41932 28 42013 46 42188 28 42269 46 42444 27 42525 45 42700 27 42781 45 42956 27 43038 43 43212 27 43294 43 43469 26 43550 42 43724 27 43807 41 43981 25 44063 40 44237 24 44320 38 44493 23 44576 33 44750 7 44768 2 44832 31 45007 5 45088 30 45345 29 45601 28 45857 26 46113 26 46369 25 46625 25 46881 24 47136 25 47355 3 47392 25 47610 5 47648 24 47865 7 47904 6 47915 11 48120 8 48161 2 48173 8 48376 8 48430 5 48632 8 48663 5 48685 6 48888 8 48917 8 48940 7 49145 7 49173 8 49196 7 49401 7 49429 8 49452 7 49657 7 49686 7 49708 7 49913 7 49943 6 49965 5 50169 7 50201 2 50425 7 50681 7 50937 7 51194 6 51451 5 51709 3 56672 4 56927 6 57181 10 57437 12 57692 14 57944 19 58199 20 58454 23 58710 24 58965 26 59220 28 59476 28 59731 30 59986 33 60241 35 60424 4 60497 36 60679 7 60753 37 60934 13 61008 39 61189 15 61264 40 61445 17 61521 39 61701 19 61779 38 61957 20 62035 38 62213 21 62291 38 62468 23 62547 38 62723 24 62804 37 62979 25 63059 37 63236 24 63315 37 63493 24 63571 36 63749 24 63826 37 64006 24 64082 36 64263 23 64339 35 64520 21 64595 35 64777 20 64853 32 65033 20 65110 31 65289 11 65303 4 65368 27
000052,0 65536
000053,0 65536
000054,0 65536
000055,0 65536
000056,0 65536
000057,0 65536
000058,0 65536
000059,0 65536
000060,11118 2 11373 3 11630 1 50143 3 50398 5 50654 5 50910 5 51166 4 51423 2 55520 2 55776 2 56033 1
000061,0 65536
000062,2234 2 2478 2 2490 3 2734 3 2746 2 2990 2 7165 1 7419 5 7674 6 7930 6 8187 5 8444 4 8700 4 8955 5 9211 5 9467 5 9724 4 9981 3 10237 3 10493 3 10749 3 34372 1
000063, 
000064,0 65536
000065, 
000066, 
000067,0 65536
000068,0 65536
000069,0 65536
000070,0 65536
000071,65388 4
000072,0 65536
000073,0 65536
000074,0 65536
000075,0 65536
000076,0 65536
000077,121 2 125 26 376 31 610 16 631 33 864 56 1120 56 1375 57 1631 57 1886 58 2142 57 2398 57 2654 57 2911 56 3168 56 3425 56 3674 3 3682 55 3929 7 3939 55 3998 3 4185 7 4195 63 4441 8 4451 64 4698 7 4707 66 4955 6 4964 71 5212 4 5220 72 5477 71 5734 70 5991 68 6248 66 6504 65 6760 64 7016 64 7272 64 7528 63 7784 63 7919 3 8040 63 8173 6 8296 63 8428 8 8440 4 8552 63 8683 18 8808 62 8939 18 8959 1 9064 61 9175 2 9196 17 9214 2 9320 60 9428 4 9452 17 9470 2 9577 58 9682 5 9709 19 9834 56 9938 5 9966 17 10095 51 10193 6 10221 19 10351 50 10448 7 10477 19 10598 3 10607 50 10704 7 10732 20 10852 6 10863 50 10960 7 10987 21 11104 11 11119 50 11216 7 11242 22 11358 13 11374 50 11473 7 11496 24 11613 14 11630 50 11728 10 11754 22 11868 15 11887 37 11927 8 11983 12 12010 22 12123 15 12143 38 12184 5 12237 15 12267 21 12379 14 12399 39 12440 1 12492 17 12523 21 12634 15 12655 42 12748 17 12779 21 12889 15 12910 43 13004 18 13035 21 13143 19 13163 45 13261 18 13291 21 13398 65 13518 17 13546 22 13654 65 13776 16 13802 22 13909 67 14037 11 14058 22 14165 67 14293 12 14312 24 14420 69 14549 43 14676 70 14804 44 14931 72 15059 45 15184 75 15314 46 15439 76 15570 46 15694 77 15827 45 15950 77 16083 45 16207 75 16341 43 16463 75 16599 41 16719 73 16843 4 16855 41 16976 70 17098 6 17111 41 17232 70 17354 7 17367 41 17487 71 17609 9 17623 41 17743 71 17865 10 17878 42 17998 72 18121 11 18134 42 18254 73 18376 12 18390 42 18510 66 18578 8 18631 14 18646 42 18766 64 18836 7 18887 57 19022 19 19051 31 19093 6 19143 57 19278 18 19309 29 19349 6 19399 57 19534 17 19565 28 19604 6 19655 57 19791 16 19822 27 19860 5 19912 56 20047 16 20078 26 20114 7 20163 1 20168 56 20304 15 20335 23 20370 8 20417 63 20561 14 20591 14 20607 7 20626 9 20673 63 20818 13 20848 11 20865 3 20882 9 20929 63 21075 11 21105 8 21138 10 21186 62 21332 9 21362 5 21396 7 21442 62 21589 6 21620 1 21653 6 21699 61 21910 4 21955 61 22212 60 22468 60 22530 1 22724 65 22952 3 22979 74 23206 9 23234 76 23461 13 23484 82 23716 106 23831 3 23972 106 24086 5 24227 108 24342 5 24483 108 24598 5 24739 109 24854 5 24995 109 25111 4 25250 110 25367 5 25506 111 25623 6 25762 112 25878 8 26018 124 26273 126 26529 126 26785 86 26880 31 27042 83 27136 31 27298 80 27392 31 27554 79 27648 31 27811 75 27904 31 28066 76 28160 31 28320 79 28400 2 28416 30 28575 83 28672 29 28830 84 28928 27 29086 84 29184 26 29342 84 29440 25 29598 84 29696 23 29854 84 29952 15 30110 84 30208 12 30366 83 30464 11 30622 82 30720 9 30877 77 30976 6 31132 76 31232 6 31388 75 31488 5 31644 74 31744 4 31901 72 32000 4 32157 71 32256 3 32413 69 32512 2 32669 69 32768 1 32925 69 33024 1 33181 69 33280 1 33437 68 33660 1 33687 2 33692 69 33913 5 33941 76 34168 7 34196 77 34423 9 34450 78 34678 12 34705 79 34933 14 34960 62 35025 8 35036 3 35069 3 35189 15 35216 61 35284 2 35293 1 35323 5 35444 18 35471 62 35563 5 35576 8 35700 19 35726 62 35803 4 35818 6 35831 9 35956 19 35982 62 36058 7 36073 8 36086 10 36211 20 36238 61 36313 9 36328 9 36341 11 36468 19 36494 61 36569 10 36582 13 36596 12 36724 20 36749 62 36825 39 36981 3 36986 14 37003 63 37082 38 37244 79 37331 2 37342 34 37477 4 37504 87 37602 30 37732 6 37762 86 37858 30 37988 8 38023 82 38115 29 38244 9 38279 82 38371 29 38499 10 38535 83 38628 28 38755 10 38791 83 38884 28 39011 10 39047 88 39140 28 39268 9 39303 90 39396 28 39524 9 39559 121 39780 8 39809 125 40065 122 40321 95 40419 14 40434 8 40578 88 40676 12 40690 8 40834 88 40934 9 40947 6 41091 87 41190 8 41203 5 41347 88 41437 3 41447 5 41461 2 41603 95 41858 96 42113 98 42367 105 42622 108 42734 2 42877 91 42971 22 43133 91 43229 21 43388 91 43485 21 43644 91 43741 22 43900 90 43997 22 44156 90 44253 22 44412 90 44510 21 44668 89 44766 11 44778 9 44924 88 45023 9 45035 8 45180 87 45279 9 45293 5 45436 86 45537 6 45692 85 45948 84 46205 82 46461 47 46510 31 46718 37 46758 3 46767 3 46772 25 46974 36 47030 23 47230 35 47288 22 47487 33 47545 21 47745 31 47804 16 48003 28 48068 5 48259 29 48515 29 48771 29 49026 31 49282 35 49322 2 49538 36 49575 10 49595 1 49794 36 49831 11 49849 4 50051 47 50104 6 50307 49 50359 7 50564 58 50820 58 51076 58 51333 58 51589 58 51846 58 52082 1 52102 60 52219 4 52326 18 52358 63 52465 15 52580 22 52614 66 52719 17 52835 23 52869 73 52973 19 53090 24 53115 4 53125 75 53227 21 53346 24 53371 5 53381 75 53483 21 53601 33 53635 78 53738 22 53850 4 53857 112 53994 22 54104 8 54113 98 54214 11 54250 22 54359 106 54471 10 54506 22 54614 106 54728 8 54762 22 54868 108 54985 7 55018 22 55123 105 55242 5 55274 22 55377 107 55530 22 55632 107 55787 21 55886 105 56043 21 56140 106 56300 20 56395 107 56522 4 56559 17 56649 109 56776 8 56820 12 56903 110 57032 9 57078 10 57157 111 57288 9 57335 9 57413 110 57537 3 57543 9 57592 8 57668 109 57792 16 57832 2 57848 8 57923 110 58047 17 58087 4 58105 7 58179 110 58303 17 58343 5 58361 7 58435 110 58559 16 58600 3 58619 4 58690 112 58816 15 58857 1 58944 115 59072 14 59200 116 59330 11 59456 117 59590 6 59712 118 59968 118 60228 1 60230 113 60488 112 60745 111 61002 110 61260 107 61521 101 61779 99 61951 1 62037 97 62205 3 62297 93 62461 3 62555 64 62622 23 62717 3 62813 61 62879 22 62973 3 63069 60 63134 16 63152 2 63326 58 63389 16 63583 57 63642 19 63841 55 63897 21 64098 48 64148 26 64355 46 64405 25 64612 44 64661 24 64868 4 64873 39 64917 24 65126 1 65131 16 65150 17 65174 23 65389 11 65414 9 65430 22
000078,0 65536
000079,29 49 285 53 542 54 798 56 1054 58 1311 59 1568 59 1824 59 2080 59 2336 58 2593 57 2849 55 3105 9 3117 42 3328 8 3363 5 3373 41 3584 9 3629 40 3840 11 3885 38 4096 11 4113 4 4141 37 4352 13 4367 13 4398 35 4608 30 4655 33 4864 32 4897 7 4912 32 5120 41 5170 22 5193 6 5376 43 5428 17 5451 2 5632 44 5685 15 5888 45 5942 12 6144 45 6199 10 6400 45 6456 11 6656 45 6712 12 6912 46 6967 13 7168 46 7223 13 7424 46 7479 13 7680 46 7735 12 7936 47 7992 10 8192 48 8254 1 8448 50 8704 55 8960 55 9216 55 9472 54 9728 52 9984 50 10240 49 10496 48 10752 47 11008 46 11264 45 11520 45 11776 44 12033 43 12290 41 12546 40 12802 39 13058 39 13314 39 13568 41 13824 42 14080 44 14336 45 14592 46 14848 46 15104 46 15360 45 15616 10 15628 13 15643 18 15872 9 15885 11 15899 18 16128 9 16141 11 16155 18 16384 9 16398 9 16412 17 16640 8 16655 7 16669 16 16896 8 16912 5 16926 15 17152 7 17169 4 17182 15 17408 5 17427 9 17439 14 17664 5 17684 25 17920 4 17940 25 18176 3 18196 25 18432 1 18452 25 18688 5 18708 24 18944 7 18964 22 19200 7 19220 21 19456 9 19477 9 19488 8 19712 10 19734 8 19745 6 19968 11 19991 6 20002 4 20224 13 20248 4 20480 19 20736 19 20992 19 21248 20 21504 21 21760 23 22016 24 22272 25 22528 26 22784 26 23040 25 23296 26 23552 27 23808 28 24064 29 24320 30 24576 30 24832 30 25088 30 25316 4 25344 30 25571 6 25600 30 25656 11 25827 7 25856 31 25908 16 26083 7 26112 31 26156 25 26340 7 26368 31 26409 28 26596 7 26624 32 26663 30 26854 5 26880 69 27136 69 27392 68 27648 68 27809 1 27904 70 28064 2 28074 6 28160 71 28319 3 28329 8 28416 71 28574 5 28584 9 28672 71 28830 6 28837 13 28928 71 29085 21 29184 71 29341 21 29440 71 29596 22 29696 71 29851 23 29952 72 30106 25 30208 73 30362 25 30464 73 30618 26 30720 73 30874 26 30976 72 31130 27 31232 66 31299 4 31386 27 31488 65 31642 29 31679 4 31744 64 31898 29 31934 6 32000 38 32041 24 32155 31 32190 9 32256 37 32299 22 32412 3 32417 39 32512 36 32556 21 32674 39 32768 36 32814 19 32930 40 33024 35 33072 17 33185 42 33280 35 33333 11 33440 44 33536 35 33590 9 33696 44 33792 34 33846 9 33951 46 34048 33 34103 6 34207 46 34304 24 34359 6 34462 47 34560 24 34599 3 34718 47 34816 23 34852 7 34974 47 35072 24 35107 8 35230 47 35328 24 35360 11 35486 47 35584 26 35613 14 35741 47 35840 42 35997 47 36096 42 36253 47 36352 42 36510 45 36608 42 36766 45 36864 41 37022 44 37120 41 37279 43 37376 40 37535 42 37632 39 37790 43 37888 37 38046 42 38145 31 38303 40 38403 27 38559 39 38662 5 38672 12 38816 38 38870 5 38930 7 39052 1 39072 38 39125 7 39187 5 39308 3 39328 38 39380 8 39445 1 39563 4 39584 39 39635 9 39819 5 39840 43 39891 9 40074 6 40096 45 40146 9 40330 6 40352 46 40402 8 40585 7 40608 57 40840 8 40865 55 41095 9 41121 53 41351 10 41378 45 41424 4 41607 11 41634 45 41863 11 41891 42 41950 4 42120 11 42147 41 42203 8 42377 10 42404 39 42459 8 42634 10 42662 36 42714 9 42890 10 42920 33 42969 10 43147 9 43177 30 43225 9 43403 9 43434 28 43481 8 43658 10 43690 27 43737 7 43914 10 43946 26 43994 6 44170 10 44202 23 44250 4 44426 10 44458 21 44682 11 44714 21 44938 6 44946 4 44971 19 45160 1 45194 6 45201 5 45227 19 45416 8 45450 12 45484 17 45671 9 45707 11 45741 13 45928 8 45964 10 45999 10 46184 7 46220 10 46256 7 46440 6 46476 10 46513 5 46696 6 46732 10 46953 4 46988 10 47245 9 47501 9 47757 9 48013 9 48268 10 48524 9 48781 8 49038 6 49296 2 49564 2 49586 6 49819 5 49840 9 50075 6 50095 11 50330 9 50350 13 50585 10 50604 16 50838 14 50858 18 51019 5 51093 15 51113 20 51275 6 51349 16 51368 19 51530 7 51603 19 51623 17 51786 7 51859 36 52041 9 52115 35 52297 9 52371 35 52553 9 52627 35 52809 10 52883 35 53065 10 53139 35 53322 10 53396 34 53578 11 53652 10 53666 20 53835 10 53908 12 53921 21 54091 10 54166 2 54169 29 54346 10 54422 2 54425 29 54602 9 54678 2 54681 29 54859 7 54937 29 55116 2 55193 7 55202 20 55451 4 55458 19 55714 17 55970 16 56225 15 56481 9 56737 8 56994 7 57252 5 57509 2 63860 3 64113 7 64368 9 64396 2 64623 10 64651 7 64878 12 64905 16 65134 12 65161 15 65391 11 65416 13
000080,58471 2 58724 7 58979 8 59235 9 59491 9 59748 8 60005 6 60262 4
000081,0 65536
000082,0 116 245 127 502 126 758 20 780 103 1013 20 1037 102 1269 19 1293 101 1525 19 1550 99 1781 19 1808 96 2039 17 2065 95 2297 15 2323 55 2386 30 2553 15 2579 55 2642 30 2809 15 2837 53 2898 30 3065 15 3095 51 3154 31 3320 8 3329 7 3352 49 3409 32 3576 8 3585 7 3609 48 3665 32 3830 10 3842 6 3869 37 3909 2 3922 32 4082 14 4098 7 4127 33 4178 33 4336 16 4356 5 4383 32 4436 31 4588 20 4614 3 4640 31 4693 29 4842 22 4878 1 4896 32 4950 27 5096 24 5132 4 5152 33 5207 26 5334 2 5350 26 5387 6 5406 37 5464 24 5588 7 5604 28 5643 6 5661 39 5721 23 5842 11 5859 29 5899 6 5916 42 5959 4 5978 21 6098 13 6114 30 6155 6 6172 47 6235 19 6353 16 6370 30 6411 6 6427 49 6609 48 6667 6 6683 49 6865 18 6884 30 6923 5 6938 51 7121 18 7140 31 7180 3 7194 53 7377 49 7450 53 7634 46 7706 54 7885 4 7890 46 7961 55 8140 6 8148 44 8197 2 8217 55 8396 7 8404 44 8453 4 8473 55 8578 5 8651 53 8709 4 8730 54 8830 10 8906 54 8966 3 8986 54 9084 13 9161 55 9243 52 9339 16 9417 55 9499 52 9595 18 9673 55 9756 50 9846 2 9850 23 9929 55 10012 52 10102 29 10185 55 10268 57 10357 30 10442 54 10524 59 10598 5 10613 31 10698 54 10780 65 10852 9 10869 32 10954 54 11035 4 11043 60 11107 11 11124 35 11210 54 11291 3 11301 59 11361 14 11379 37 11467 53 11547 2 11558 114 11724 52 11802 3 11814 115 11980 52 12057 3 12071 114 12237 51 12312 3 12328 113 12496 48 12568 3 12586 111 12753 47 12824 3 12845 108 13009 47 13081 11 13102 107 13265 47 13337 13 13353 4 13361 104 13520 48 13588 1 13593 22 13618 103 13776 48 13842 4 13849 22 13874 104 14032 48 14097 7 14105 131 14289 5 14299 37 14353 7 14362 130 14546 4 14556 36 14608 8 14618 130 14813 40 14864 8 14873 132 15069 47 15119 142 15324 98 15430 87 15580 97 15686 87 15836 96 15942 87 16087 105 16197 87 16345 195 16601 193 16858 191 17114 190 17370 186 17627 185 17883 185 18070 1 18140 183 18399 106 18507 7 18519 60 18655 105 18765 4 18775 59 18911 104 19030 60 19166 104 19286 60 19421 35 19457 68 19542 60 19676 36 19714 68 19798 60 19932 36 19971 69 20053 62 20188 36 20227 70 20309 62 20444 36 20483 3 20491 63 20565 62 20700 36 20739 2 20746 64 20822 61 20955 37 20995 1 21002 64 21080 59 21211 37 21257 65 21337 58 21465 39 21513 65 21594 56 21719 41 21768 67 21851 33 21885 5 21892 14 21974 42 22024 68 22107 32 22149 12 22229 43 22280 68 22364 32 22408 5 22485 43 22536 69 22621 32 22741 43 22792 69 22877 33 22997 43 23049 68 23133 34 23252 44 23306 68 23389 34 23508 44 23563 68 23645 34 23758 4 23765 43 23819 69 23901 34 24013 51 24076 69 24156 35 24268 52 24334 69 24412 35 24524 52 24590 70 24668 35 24780 52 24846 70 24924 35 25037 51 25101 72 25180 34 25294 50 25356 73 25436 34 25551 49 25612 74 25692 34 25808 48 25868 74 25948 34 26065 47 26125 74 26204 34 26321 47 26381 75 26461 37 26578 7 26588 36 26638 74 26718 38 26834 5 26846 34 26894 75 26974 38 27091 3 27103 33 27150 75 27230 39 27348 1 27360 32 27407 75 27487 38 27617 31 27663 75 27743 39 27873 31 27920 74 27999 39 28130 30 28177 73 28255 39 28386 30 28434 72 28512 38 28643 29 28692 69 28768 38 28900 28 28948 69 29025 37 29158 26 29204 69 29282 36 29416 24 29460 69 29538 36 29673 23 29716 70 29795 35 29929 23 29972 70 30053 3 30057 29 30185 23 30228 69 30315 27 30441 23 30485 68 30573 24 30698 22 30741 67 30831 22 30954 22 30998 65 31089 18 31209 23 31254 59 31347 15 31465 23 31511 56 31603 14 31721 23 31767 54 31860 11 31977 23 32023 51 32116 8 32233 23 32279 51 32360 1 32374 3 32490 22 32535 51 32614 5 32746 22 32791 51 32868 8 33002 22 33047 50 33124 9 33259 21 33303 49 33379 11 33515 21 33559 46 33635 11 33772 20 33816 42 33890 13 34028 20 34072 42 34146 14 34285 19 34328 41 34402 14 34542 18 34583 42 34658 15 34799 11 34838 43 34915 14 35057 8 35094 43 35172 12 35315 4 35349 44 35428 11 35605 43 35684 10 35862 42 35941 5 36118 41 36198 3 36375 38 36632 33 36890 2 36898 23 37156 21 37413 21 37669 21 37926 21 38183 19 38440 18 38698 14 38956 10 39213 8 39470 7 39727 5 51297 4 51552 7 51808 9 52063 11 52319 11 52574 13 52830 13 52856 4 53086 13 53111 9 53340 15 53366 11 53594 17 53622 12 53712 2 53848 20 53877 14 53964 7 54103 22 54132 16 54218 10 54358 24 54387 22 54472 12 54613 25 54642 24 54721 19 54790 5 54868 27 54898 25 54977 19 55045 8 55124 27 55153 26 55232 19 55301 9 55379 27 55409 26 55488 19 55557 10 55634 28 55665 27 55744 19 55813 11 55889 28 55920 27 56000 19 56064 1 56069 11 56145 27 56176 27 56257 17 56320 16 56401 27 56431 28 56513 17 56576 16 56658 26 56685 31 56770 15 56832 19 56915 58 57026 14 57088 20 57174 56 57282 11 57344 21 57433 8 57445 42 57538 8 57600 23 57690 5 57701 42 57795 6 57856 24 57943 7 57955 45 58053 2 58112 27 58197 8 58210 46 58368 28 58451 65 58624 29 58706 67 58880 29 58962 68 59136 28 59217 70 59290 3 59392 28 59473 77 59559 1 59648 27 59728 79 59814 3 59904 26 59981 82 60070 3 60160 25 60234 86 60326 4 60416 18 60435 4 60478 2 60489 87 60580 7 60672 17 60734 3 60745 102 60928 17 60990 3 60999 103 61184 17 61238 4 61247 3 61252 106 61440 17 61477 4 61494 5 61504 109 61696 18 61733 6 61750 6 61760 109 61952 19 61989 7 62006 5 62016 109 62208 19 62244 8 62262 5 62272 108 62464 19 62501 8 62517 7 62527 110 62720 20 62758 8 62772 8 62783 110 62976 20 63015 135 63232 27 63271 135 63488 28 63527 136 63744 29 63784 136 63930 10 64000 29 64041 135 64186 10 64256 29 64300 132 64442 10 64512 27 64557 132 64699 10 64768 25 64814 132 64955 10 65024 23 65070 132 65211 9 65280 21 65327 131 65467 9
000083,0 65536
000084,0 65536
000085,60874 6 61129 9 61384 11 61640 12 61895 14 62151 14 62407 14 62663 13 62920 11 63177 6 64409 3 64664 6 64919 7 65175 7 65432 6
000086, 
000087,0 65536
000088,0 65536
000089,0 18 62 17 89 46 232 42 319 11 331 4 344 47 488 43 576 10 587 3 600 47 743 45 824 3 832 12 855 49 999 47 1072 5 1079 21 1110 50 1170 4 1255 54 1326 31 1365 51 1425 6 1512 55 1582 32 1620 52 1681 7 1768 57 1837 35 1875 53 1933 12 2025 57 2092 92 2188 13 2281 57 2347 93 2443 15 2537 57 2602 95 2699 15 2793 57 2855 116 3048 58 3111 116 3304 58 3368 115 3560 57 3624 116 3816 57 3881 115 4071 57 4138 115 4326 58 4394 115 4580 61 4651 113 4835 64 4907 113 5091 65 5163 113 5347 67 5419 114 5603 68 5674 115 5859 186 6115 187 6371 187 6625 189 6879 191 7135 191 7390 193 7645 195 7900 197 8156 198 8412 198 8668 198 8924 27 8954 160 9117 5 9180 27 9212 157 9374 4 9436 27 9469 155 9692 25 9726 152 9948 24 9982 149 10203 23 10238 148 10459 22 10494 148 10714 22 10749 149 10970 22 11005 149 11225 23 11260 150 11481 24 11516 150 11737 25 11772 113 11889 33 11993 26 12027 113 12145 32 12249 27 12284 111 12401 25 12506 27 12540 111 12657 24 12763 27 12796 113 12912 22 13020 26 13052 13 13068 119 13238 6 13276 27 13308 12 13326 34 13361 77 13493 9 13508 3 13532 27 13564 11 13585 31 13618 75 13705 4 13749 10 13763 7 13788 27 13819 12 13843 28 13874 74 13960 6 14004 12 14018 10 14048 23 14074 11 14099 28 14130 72 14216 7 14261 24 14296 4 14305 31 14355 27 14385 71 14473 6 14517 25 14551 5 14562 30 14611 14 14627 11 14641 70 14729 6 14773 26 14806 6 14821 27 14867 11 14884 9 14897 49 14950 17 14986 6 15006 3 15030 11 15042 15 15060 9 15080 7 15090 14 15123 8 15141 8 15154 46 15207 9 15243 5 15261 5 15284 12 15298 28 15346 14 15379 7 15398 7 15410 44 15464 7 15500 3 15517 5 15539 13 15554 28 15602 14 15635 6 15655 5 15666 42 15721 6 15773 5 15793 42 15856 16 15892 4 15922 41 15978 4 16030 4 16048 43 16111 17 16178 40 16303 45 16367 17 16434 39 16559 45 16623 17 16691 38 16746 1 16815 49 16879 17 16947 37 17001 4 17072 49 17135 17 17205 35 17256 5 17328 50 17392 16 17462 33 17512 6 17585 49 17650 14 17717 33 17769 4 17842 49 17908 12 17973 31 18026 1 18099 48 18165 11 18228 33 18356 47 18421 11 18483 35 18550 4 18613 45 18677 11 18739 38 18805 5 18869 45 18934 10 18994 40 19061 6 19125 43 19190 7 19250 40 19316 7 19381 42 19446 6 19506 41 19572 7 19637 41 19703 4 19762 41 19827 8 19894 27 19922 12 20018 40 20083 8 20150 27 20181 7 20274 39 20339 8 20406 27 20440 2 20530 29 20595 9 20663 26 20749 3 20786 28 20850 10 20920 25 21002 7 21043 26 21106 10 21177 24 21257 9 21299 26 21363 8 21434 23 21512 10 21555 26 21620 6 21694 19 21758 2 21767 12 21810 26 21947 23 22012 4 22023 12 22064 28 22196 31 22228 5 22268 4 22279 13 22320 3 22326 21 22450 40 22523 5 22535 13 22576 2 22585 11 22597 3 22703 44 22778 6 22791 13 22842 6 22957 46 23033 7 23046 15 23062 3 23069 4 23100 2 23212 47 23288 8 23302 28 23467 48 23544 8 23558 29 23723 47 23800 8 23814 29 23978 48 24056 8 24070 29 24234 49 24311 9 24326 29 24490 49 24567 9 24583 28 24746 50 24823 9 24839 28 25001 51 25078 10 25095 28 25244 64 25331 13 25351 28 25500 64 25584 16 25608 27 25756 66 25840 16 25864 28 26012 66 26096 16 26122 26 26269 66 26352 16 26379 26 26527 64 26609 15 26636 25 26783 64 26865 15 26892 25 27016 4 27038 65 27122 14 27148 25 27271 7 27291 68 27379 13 27398 1 27404 24 27526 10 27545 70 27636 12 27654 2 27660 24 27720 1 27781 90 27897 7 27916 23 27974 4 28036 91 28154 6 28172 23 28229 6 28292 91 28411 5 28428 23 28484 7 28547 91 28667 5 28684 23 28738 10 28803 91 28923 5 28941 21 28994 11 29058 92 29180 4 29197 21 29250 11 29314 92 29436 4 29454 19 29505 13 29571 90 29692 4 29711 18 29761 13 29827 89 29948 4 29968 16 30017 13 30084 87 30204 4 30229 9 30274 11 30341 16 30361 65 30460 4 30486 7 30530 11 30586 1 30597 14 30617 64 30717 3 30743 5 30786 10 30840 6 30847 20 30873 64 30973 3 31001 2 31046 6 31095 28 31129 64 31230 2 31304 4 31350 29 31384 64 31562 1 31604 32 31640 64 31859 33 31895 65 32114 35 32151 65 32369 37 32407 65 32624 103 32880 103 33136 103 33392 102 33648 102 33883 4 33904 102 34138 6 34161 100 34393 9 34417 100 34649 10 34673 100 34904 13 34921 3 34928 100 35158 16 35175 7 35183 98 35413 17 35431 104 35668 122 35923 123 36178 124 36434 124 36690 125 36946 126 37202 126 37458 126 37714 110 37828 10 37970 109 38226 108 38482 106 38737 106 38991 107 39246 88 39338 15 39501 87 39595 14 39756 87 39853 11 40010 89 40110 10 40265 90 40368 6 40520 91 40775 91 41031 91 41286 91 41542 90 41798 90 42054 90 42310 60 42372 28 42560 64 42630 27 42815 55 42871 6 42886 27 43071 55 43142 27 43327 54 43398 27 43583 54 43653 28 43839 53 43908 28 44095 53 44163 28 44352 44 44397 6 44419 27 44609 42 44656 1 44674 27 44866 41 44930 27 45122 42 45186 26 45379 41 45443 25 45635 41 45698 18 45717 6 45891 40 45944 1 45954 16 46148 38 46199 4 46209 17 46407 35 46455 4 46465 17 46664 14 46679 17 46711 4 46721 17 46920 12 46935 6 46943 7 46967 4 46977 18 47177 9 47192 3 47223 5 47233 18 47437 3 47478 6 47488 20 47619 3 47734 30 47873 6 47991 29 48128 7 48160 4 48178 3 48247 29 48384 8 48414 7 48430 16 48503 29 48640 8 48669 9 48680 24 48760 28 48896 8 48924 36 49016 28 49152 8 49179 38 49273 27 49408 8 49434 39 49530 27 49664 8 49688 42 49787 26 49920 7 49942 44 50045 24 50176 7 50197 45 50303 21 50432 7 50453 46 50560 20 50688 8 50709 45 50817 18 50944 8 50965 45 51074 16 51200 8 51220 46 51332 6 51456 9 51475 47 51712 67 51968 69 52155 5 52224 70 52410 7 52480 72 52665 9 52736 74 52920 10 52992 76 53175 11 53248 77 53431 11 53504 78 53687 12 53712 1 53760 78 53943 13 53967 3 54016 79 54199 14 54215 1 54224 3 54233 1 54272 79 54454 21 54480 12 54528 79 54710 22 54736 13 54784 80 54965 24 54992 13 55040 81 55221 24 55247 14 55296 73 55476 41 55552 72 55732 41 55808 72 55899 4 55988 41 56064 73 56154 6 56174 1 56244 41 56320 73 56410 6 56427 10 56501 40 56576 74 56665 9 56681 15 56758 38 56832 74 56921 32 57015 37 57088 75 57177 32 57272 35 57344 76 57433 32 57528 34 57600 77 57689 32 57784 32 57856 78 57945 31 58040 27 58095 2 58112 78 58200 31 58296 25 58331 3 58349 6 58368 79 58457 30 58551 25 58587 4 58604 8 58624 79 58713 29 58807 24 58843 9 58860 9 58880 80 58970 27 59063 24 59099 11 59113 13 59136 81 59228 25 59319 25 59355 28 59392 81 59483 26 59576 27 59614 26 59648 82 59738 28 59832 35 59870 26 59904 81 59994 28 60088 64 60160 81 60249 29 60345 64 60416 81 60505 30 60602 63 60672 80 60760 32 60859 12 60872 50 60928 79 61015 37 61116 9 61128 50 61184 79 61271 38 61373 7 61384 50 61440 79 61527 40 61630 4 61639 51 61696 79 61783 41 61866 4 61895 51 61952 81 62039 9 62049 32 62120 9 62150 52 62208 82 62295 8 62306 32 62375 12 62405 53 62464 18 62485 62 62552 6 62562 33 62631 13 62659 55 62720 17 62742 61 62810 4 62819 33 62886 15 62909 61 62976 16 62999 60 63075 33 63142 16 63164 55 63220 6 63232 15 63255 60 63331 33 63398 18 63418 55 63477 5 63488 14 63510 61 63587 34 63654 75 63744 13 63766 61 63834 1 63842 38 63910 75 64000 13 64021 62 64088 4 64096 42 64165 77 64256 13 64277 62 64342 7 64351 44 64421 77 64512 12 64533 63 64597 55 64677 78 64768 10 64789 7 64797 112 64933 79 65024 10 65044 7 65053 113 65189 78 65280 8 65300 7 65309 113 65445 78
000090, 
000091, 
000092,0 65536
000093,0 65536
000094,0 65536
000095,0 65536
000096,0 65536
000097, 
000098,250 6 505 7 761 7 1017 7 1273 7 1529 7 1785 7 2041 7 2297 7 2553 7 2809 7 3065 7 3321 7 3577 7 3833 7 4089 7 4344 8 4599 9 4855 9 5111 9 5368 8 5624 8 5881 7 6137 7 6393 7 6649 7 6904 8 7160 8 7416 8 7672 8 7929 7 8185 7 8443 2
000099,0 8 27 31 69 24 102 7 151 7 162 11 182 74 258 5 283 30 325 23 356 11 409 4 419 9 438 74 539 30 582 21 609 15 677 6 694 74 795 29 839 18 862 19 950 74 1051 29 1096 15 1115 22 1206 36 1245 35 1306 14 1323 13 1353 15 1369 24 1427 6 1461 37 1504 32 1562 14 1579 13 1610 39 1682 8 1717 18 1736 18 1761 31 1818 13 1837 11 1868 36 1937 10 1973 11 1994 16 2018 30 2074 12 2095 8 2126 33 2192 12 2229 10 2251 15 2275 29 2330 11 2355 3 2382 33 2448 13 2485 9 2508 13 2532 28 2585 11 2637 35 2704 13 2742 7 2765 12 2788 28 2841 9 2893 35 2961 13 2999 4 3026 5 3045 27 3097 7 3149 36 3218 13 3302 26 3354 5 3406 36 3456 3 3476 14 3558 26 3662 37 3712 4 3733 13 3814 26 3917 38 3967 5 3990 13 4070 26 4172 40 4223 4 4246 14 4327 25 4427 43 4479 4 4503 13 4582 26 4683 45 4731 9 4759 12 4838 26 4917 3 4939 57 5015 11 5095 25 5172 6 5195 57 5270 10 5351 25 5428 7 5451 62 5526 8 5608 24 5683 10 5707 63 5782 7 5864 24 5938 12 5964 54 6022 4 6037 8 6121 23 6194 12 6221 51 6280 2 6293 7 6312 7 6377 6 6384 16 6449 13 6477 53 6548 8 6568 8 6582 4 6606 2 6644 12 6705 13 6734 53 6795 5 6804 7 6823 19 6861 5 6903 9 6962 10 6991 53 7050 16 7079 20 7117 7 7159 9 7219 4 7248 29 7279 22 7305 17 7334 21 7373 8 7415 9 7506 25 7542 35 7590 22 7629 8 7671 9 7763 23 7805 27 7846 22 7886 8 7928 8 8019 23 8063 18 8102 22 8142 7 8184 8 8276 22 8320 17 8358 22 8398 6 8440 8 8533 21 8577 15 8602 2 8612 24 8654 5 8696 8 8789 22 8833 15 8857 34 8912 2 8953 7 9045 9 9059 8 9089 14 9112 29 9209 7 9302 6 9319 5 9344 15 9367 28 9457 5 9467 1 9559 7 9576 4 9600 13 9623 29 9690 4 9712 9 9728 6 9803 4 9816 7 9833 3 9856 9 9878 22 9904 5 9946 6 9967 11 9984 8 10059 5 10071 8 10090 3 10112 7 10134 32 10202 8 10223 11 10240 9 10314 7 10327 9 10347 2 10367 8 10390 32 10447 3 10458 9 10471 2 10480 10 10496 9 10570 8 10583 10 10623 8 10647 31 10701 6 10715 7 10726 5 10736 9 10752 9 10826 9 10838 12 10866 4 10879 8 10903 31 10956 8 10971 6 10981 7 10993 8 11008 9 11082 25 11121 5 11134 10 11160 30 11203 3 11212 9 11229 3 11236 9 11249 8 11264 8 11339 26 11377 6 11390 10 11416 30 11458 5 11467 10 11492 10 11506 7 11520 7 11595 32 11633 6 11646 10 11672 30 11714 19 11747 12 11762 7 11776 7 11852 32 11889 6 11902 10 11927 30 11969 20 12002 23 12032 5 12110 4 12115 25 12146 4 12157 12 12183 30 12225 22 12258 23 12288 4 12371 26 12409 17 12439 30 12481 25 12514 23 12544 4 12628 25 12664 21 12694 31 12736 26 12770 23 12800 3 12885 24 12919 23 12950 32 12992 26 13025 23 13056 3 13142 23 13175 24 13205 35 13248 26 13281 23 13312 3 13355 2 13399 22 13432 14 13447 8 13461 37 13504 26 13538 21 13568 3 13611 4 13656 21 13688 12 13704 7 13716 38 13758 28 13794 21 13824 3 13867 5 13914 19 13945 9 13960 7 13972 39 14014 28 14051 20 14080 3 14123 5 14172 19 14203 7 14216 7 14228 40 14269 29 14308 18 14336 3 14379 6 14430 18 14460 5 14472 8 14484 70 14564 18 14592 3 14634 8 14687 17 14716 4 14728 10 14740 54 14798 12 14820 18 14848 3 14890 9 14944 17 14973 2 14984 11 14996 53 15054 12 15076 18 15104 2 15145 10 15201 17 15241 10 15254 46 15310 12 15332 18 15360 1 15401 11 15458 16 15497 10 15511 41 15566 12 15588 18 15657 11 15714 16 15752 11 15768 39 15825 1 15843 18 15912 13 15970 15 16008 10 16025 37 16099 17 16168 13 16227 12 16263 11 16281 37 16356 15 16424 14 16484 7 16519 9 16537 36 16612 15 16682 12 16775 9 16793 35 16868 15 16916 3 16939 11 17031 8 17049 32 17124 16 17172 4 17195 11 17287 7 17305 27 17379 19 17428 4 17452 10 17543 6 17562 26 17634 22 17684 3 17706 12 17801 3 17820 23 17890 22 17923 4 17960 14 18077 22 18146 22 18179 6 18215 15 18334 20 18385 14 18401 24 18434 8 18470 16 18540 4 18590 17 18638 43 18690 8 18705 5 18726 16 18796 5 18846 17 18893 44 18945 9 18959 10 18982 16 19052 7 19103 16 19148 45 19201 9 19214 13 19238 16 19307 10 19359 16 19383 2 19404 46 19456 10 19467 17 19495 20 19562 15 19616 16 19638 3 19660 46 19712 28 19751 13 19765 6 19818 17 19873 15 19916 46 19968 28 20007 12 20022 5 20073 19 20131 14 20172 46 20224 29 20264 7 20280 3 20328 21 20388 13 20427 46 20481 30 20520 5 20539 3 20580 26 20645 13 20683 42 20737 31 20777 5 20795 4 20835 27 20902 12 20938 42 20993 32 21034 8 21051 5 21090 29 21158 12 21194 33 21230 6 21248 33 21290 10 21307 6 21345 31 21415 11 21450 32 21486 6 21504 34 21546 12 21563 7 21601 32 21672 10 21706 31 21743 4 21760 34 21802 26 21837 4 21856 35 21929 8 21962 14 21978 13 22001 1 22016 34 22057 28 22091 8 22111 37 22186 7 22218 12 22235 9 22272 34 22312 30 22344 12 22366 39 22443 5 22474 11 22494 4 22528 84 22621 41 22732 9 22784 134 22990 6 23040 135 23296 135 23552 135 23808 135 24064 68 24133 65 24320 67 24390 64 24470 2 24576 66 24647 63 24722 9 24832 66 24904 62 24975 13 25088 65 25160 63 25230 14 25344 64 25417 61 25487 13 25600 63 25674 60 25743 13 25856 61 25930 59 26000 12 26112 58 26186 58 26256 12 26368 57 26442 58 26513 10 26625 55 26699 57 26770 9 26882 53 26956 56 27031 3 27138 52 27215 53 27396 3 27402 43 27471 53 27660 41 27706 1 27728 53 27918 39 27962 1 27984 53 28175 38 28241 52 28432 37 28497 52 28689 36 28754 51 28945 36 29011 50 29202 35 29269 48 29458 35 29526 47 29617 6 29714 35 29782 47 29871 9 29971 34 30038 46 30127 10 30228 32 30292 46 30382 11 30486 30 30545 47 30638 12 30743 29 30800 36 30838 10 30894 13 31000 28 31056 35 31095 8 31150 13 31257 26 31311 34 31352 5 31405 14 31514 24 31567 26 31661 14 31772 21 31822 26 31917 16 32000 2 32029 8 32040 8 32078 25 32172 18 32256 5 32286 5 32300 3 32334 24 32428 19 32481 4 32512 5 32590 24 32683 21 32713 6 32735 7 32768 5 32846 23 32938 22 32967 9 32984 4 32990 8 33024 5 33102 23 33193 23 33222 11 33238 16 33280 4 33358 22 33447 25 33478 11 33493 18 33536 3 33614 20 33703 24 33733 13 33748 19 33840 1 33870 18 33958 25 33989 14 34004 20 34093 7 34126 18 34152 1 34214 25 34244 37 34344 14 34381 20 34407 6 34470 26 34499 39 34599 17 34637 22 34663 7 34727 26 34754 40 34852 21 34894 22 34919 8 34984 66 35055 2 35106 23 35150 23 35175 8 35241 66 35360 26 35407 23 35432 8 35498 65 35615 27 35651 4 35665 21 35689 7 35754 66 35869 29 35905 8 35923 19 35946 9 36011 65 36124 30 36161 8 36180 19 36202 10 36267 66 36378 32 36417 8 36436 19 36459 10 36523 66 36634 32 36672 9 36692 20 36714 11 36779 66 36890 32 36928 9 36948 33 37035 67 37146 32 37183 11 37198 1 37204 34 37292 66 37402 48 37451 6 37460 34 37549 65 37658 55 37716 14 37731 19 37809 61 37914 56 37972 8 37988 18 38066 60 38170 56 38229 6 38244 17 38323 8 38334 48 38426 57 38487 2 38500 14 38580 7 38590 48 38682 57 38756 13 38837 5 38846 48 38938 57 39012 12 39095 1 39103 47 39194 58 39269 10 39359 47 39450 58 39526 8 39615 47 39706 58 39782 4 39870 48 39946 1 39948 5 39961 58 40126 48 40192 3 40198 13 40217 58 40382 49 40448 19 40473 55 40638 63 40704 19 40729 54 40894 64 40960 19 40985 54 41092 13 41150 65 41216 19 41242 52 41345 16 41406 85 41499 10 41513 37 41600 17 41662 66 41729 18 41756 7 41769 36 41855 18 41918 66 41986 18 42022 1 42024 35 42111 18 42174 45 42221 19 42242 18 42274 40 42366 20 42430 42 42478 18 42499 18 42529 27 42559 9 42620 22 42686 40 42735 17 42755 18 42785 26 42816 7 42875 23 42943 38 42991 17 43012 17 43041 25 43072 6 43125 29 43201 36 43247 17 43269 16 43297 23 43329 4 43379 31 43458 5 43465 28 43504 16 43526 4 43536 4 43553 21 43633 32 43730 18 43760 16 43810 18 43887 33 43987 17 44016 16 44036 9 44068 14 44139 37 44242 18 44271 17 44291 12 44309 2 44325 9 44393 39 44498 17 44525 19 44547 24 44582 8 44641 47 44754 16 44781 19 44802 26 44839 6 44896 48 45011 14 45036 20 45058 26 45151 51 45268 11 45292 20 45313 27 45406 53 45524 8 45548 20 45569 27 45616 1 45661 56 45783 1 45804 20 45825 26 45872 2 45916 62 46059 21 46082 25 46128 1 46170 65 46315 21 46338 24 46425 66 46570 22 46594 24 46642 4 46680 67 46798 2 46826 22 46850 23 46898 5 46914 1 46935 68 47053 4 47082 22 47106 23 47153 7 47191 68 47308 5 47338 22 47362 23 47409 8 47446 68 47564 5 47594 22 47618 22 47666 7 47701 69 47820 4 47849 23 47874 21 47923 5 47947 2 47957 69 48076 4 48105 23 48130 20 48213 69 48360 24 48386 20 48469 70 48615 25 48642 21 48725 70 48870 26 48899 20 48944 3 48964 4 48981 71 49126 26 49157 19 49192 5 49198 7 49216 18 49237 71 49382 26 49413 19 49439 2 49447 15 49471 21 49493 71 49637 27 49667 21 49694 4 49702 17 49726 95 49893 27 49921 22 49950 4 49958 17 49982 95 50149 49 50214 18 50237 97 50405 48 50470 18 50493 98 50662 45 50725 123 50918 43 50981 123 51175 42 51237 124 51431 14 51446 27 51493 126 51688 11 51703 28 51750 127 51945 8 51960 27 52006 129 52203 5 52216 28 52262 130 52473 27 52519 130 52686 7 52729 28 52774 131 52940 12 52990 23 53029 132 53196 15 53248 22 53284 133 53451 18 53504 22 53540 134 53707 19 53760 23 53796 134 53955 28 54016 23 54052 134 54211 28 54272 23 54308 137 54466 29 54528 23 54564 140 54722 29 54784 23 54819 143 54979 28 55040 23 55074 145 55236 27 55297 21 55329 147 55492 27 55554 20 55585 149 55749 26 55811 19 55841 151 56005 27 56039 1 56067 6 56075 10 56097 152 56261 27 56293 5 56331 10 56353 153 56518 26 56548 8 56588 8 56609 155 56775 26 56803 12 56818 4 56845 6 56864 157 57034 46 57103 2 57120 158 57292 45 57377 158 57553 41 57633 164 57810 41 57889 166 58067 42 58145 167 58324 13 58340 26 58402 167 58580 43 58658 167 58836 44 58913 167 59092 44 59156 6 59167 168 59347 45 59411 180 59603 45 59666 96 59769 78 59859 45 59922 93 60027 75 60116 7 60124 36 60178 86 60284 74 60372 6 60380 36 60435 79 60540 74 60628 6 60636 36 60691 78 60795 64 60862 7 60885 43 60948 77 61051 64 61119 5 61140 44 61205 76 61307 63 61396 44 61461 76 61563 63 61651 45 61717 76 61806 5 61819 63 61907 45 61973 65 62041 6 62055 13 62075 62 62163 45 62230 63 62297 6 62308 17 62332 60 62419 45 62486 62 62554 4 62563 19 62588 59 62675 45 62742 9 62759 2 62764 39 62818 21 62845 57 62910 4 62931 45 62999 7 63021 37 63073 22 63102 57 63166 4 63186 46 63256 2 63277 35 63328 23 63360 56 63422 4 63441 47 63534 31 63583 24 63617 8 63627 47 63679 2 63697 47 63791 11 63803 14 63839 23 63874 5 63885 47 63952 48 64056 1 64060 12 64095 19 64144 44 64209 47 64316 12 64351 18 64402 42 64465 47 64573 11 64606 18 64659 40 64721 48 64829 11 64861 18 64915 40 64977 48 65085 11 65116 19 65172 38 65233 48 65342 10 65372 18 65428 37 65488 48
104502,0 55 61 250 318 248 574 248 831 246 1085 246 1339 247 1593 249 1848 249 2104 249 2359 250 2614 251 2869 252 3125 252 3380 1018 4402 250 4657 251 4913 250 5169 251 5422 508 5931 54499 60433 252 60690 250 60948 247 61206 245 61462 244 61719 243 61975 242 62231 242 62488 240 62748 236 63005 235 63262 234 63518 234 63775 234 64022 4 64029 237 64277 248 64533 248 64789 249 65046 248 65304 1 65306 230
106940,0 28032 28034 253 28291 252 28547 252 28803 253 29059 254 29315 254 29572 253 29829 252 30085 252 30342 251 30600 249 30859 246 31116 245 31373 244 31629 244 31884 246 32138 248 32393 250 32648 251 32903 252 33159 253 33414 28455 61871 254 62127 255 62383 1792 64177 254 64433 1103
112782,0 65536
123643,0 65536
126000,0 65536
126135,0 120 121 254 377 253 634 183 822 64 890 183 1079 57 1138 2 1146 184 1331 59 1402 242 1658 198 1863 36 1912 200 2120 35 2166 203 2375 36 2421 204 2632 35 2676 206 2888 35 2931 207 3144 35 3186 208 3400 33 3442 208 3656 32 3697 210 3912 31 3953 212 4168 31 4209 215 4425 29 4465 215 4681 29 4721 146 4873 92 4978 9 4989 131 5130 90 5236 3 5247 129 5386 84 5503 129 5642 83 5758 130 5897 84 6013 131 6146 3 6152 84 6268 132 6402 90 6524 132 6657 90 6779 140 6920 83 7035 140 7177 81 7291 141 7433 81 7547 222 7803 221 8060 219 8316 160 8477 57 8573 157 8734 56 8830 156 8991 54 9085 156 9247 31 9281 19 9306 3 9341 155 9504 30 9538 18 9561 4 9596 156 9760 29 9795 17 9816 6 9852 155 10016 28 10050 17 10072 7 10109 147 10259 2 10273 27 10304 18 10327 9 10366 146 10515 1 10529 65 10622 130 10757 15 10785 17 10807 20 10835 15 10878 130 11014 15 11042 11 11063 17 11091 17 11134 130 11271 14 11299 9 11319 16 11347 19 11390 130 11527 14 11556 8 11574 7 11586 2 11602 21 11646 131 11784 13 11813 6 11829 8 11857 23 11902 151 12085 8 12112 23 12159 138 12300 9 12340 9 12367 23 12395 4 12403 5 12415 138 12557 8 12596 9 12622 23 12651 5 12657 10 12671 138 12813 8 12853 8 12877 24 12906 20 12927 137 13070 5 13109 8 13119 2 13132 26 13163 156 13327 3 13366 13 13388 26 13420 156 13627 8 13643 27 13676 148 13829 5 13884 7 13899 28 13932 148 14084 7 14141 3 14154 29 14187 149 14340 8 14409 30 14443 149 14597 6 14665 30 14698 150 14853 6 14920 32 14953 151 15109 5 15175 185 15430 98 15534 82 15685 100 15789 83 15941 100 16045 83 16197 187 16454 186 16711 3 16715 181 16973 179 17229 182 17413 1 17486 186 17741 188 17997 188 18253 188 18509 53 18563 134 18766 50 18820 132 19023 49 19076 131 19280 48 19332 129 19536 47 19588 128 19792 47 19844 128 20048 47 20100 127 20303 49 20356 57 20416 67 20559 31 20594 15 20612 57 20674 62 20814 33 20852 20 20873 51 20930 62 21068 36 21108 19 21131 48 21186 62 21323 37 21364 21 21386 49 21441 63 21578 38 21620 70 21697 63 21834 39 21875 65 21942 2 21953 63 22090 39 22131 64 22208 64 22347 37 22387 64 22464 69 22537 9 22603 36 22642 65 22720 71 22793 11 22860 34 22898 65 22978 84 23117 29 23154 66 23236 84 23373 29 23409 67 23492 87 23629 28 23665 66 23749 17 23770 66 23886 27 23920 66 24005 16 24027 66 24143 26 24175 65 24260 16 24285 26 24317 33 24399 27 24429 62 24516 17 24541 25 24576 30 24655 92 24772 18 24798 23 24832 31 24904 101 25007 6 25028 19 25053 23 25088 12 25103 16 25160 110 25285 19 25308 19 25343 13 25360 17 25415 112 25541 19 25564 19 25599 12 25618 19 25671 112 25798 18 25820 19 25855 11 25874 21 25923 116 26057 15 26076 20 26112 9 26131 21 26178 116 26319 8 26332 20 26368 9 26387 23 26434 116 26575 6 26588 20 26624 8 26643 24 26689 116 26844 20 26880 7 26899 25 26944 115 27083 5 27100 18 27136 4 27155 27 27198 115 27338 6 27356 15 27411 29 27453 116 27593 7 27613 12 27667 30 27708 116 27848 8 27869 9 27924 30 27963 117 28104 8 28180 31 28219 116 28360 8 28441 27 28474 116 28616 8 28697 28 28730 115 28872 8 28954 3 28960 23 28986 122 29116 5 29128 7 29217 23 29241 125 29370 8 29386 4 29474 160 29731 103 29837 53 29988 102 30092 54 30245 157 30501 156 30689 3 30759 18 30781 13 30795 118 30944 5 31015 22 31040 131 31200 6 31268 1 31271 22 31303 127 31456 6 31483 3 31524 26 31560 127 31712 5 31738 6 31779 27 31817 126 31968 4 31994 6 32035 27 32074 125 32249 7 32291 6 32300 18 32336 125 32496 5 32505 7 32548 4 32565 8 32593 125 32752 7 32760 8 32805 2 32824 3 32849 125 33007 17 33105 126 33261 19 33361 126 33515 21 33602 3 33614 129 33770 22 33858 3 33868 131 34026 22 34114 3 34123 131 34269 1 34282 22 34355 5 34370 3 34378 131 34514 3 34524 4 34538 22 34609 7 34627 2 34634 131 34769 6 34779 6 34794 22 34853 4 34863 9 34889 143 35035 10 35048 24 35108 6 35117 12 35145 79 35227 62 35290 38 35362 23 35398 82 35485 62 35548 36 35617 25 35653 17 35675 61 35742 98 35868 30 35909 16 35931 61 35999 62 36062 34 36124 36 36163 16 36187 62 36254 34 36292 25 36318 34 36380 53 36444 61 36510 20 36534 10 36549 24 36576 32 36629 5 36636 53 36700 63 36766 19 36792 7 36807 24 36832 32 36882 62 36956 64 37021 18 37065 8 37076 44 37135 64 37212 82 37322 7 37332 44 37389 67 37469 80 37578 7 37588 44 37644 68 37725 78 37835 6 37845 43 37900 69 37982 75 38091 6 38101 43 38156 69 38240 3 38247 52 38301 13 38348 5 38358 42 38413 69 38503 51 38558 13 38614 6 38624 32 38670 67 38760 50 38814 14 38871 4 38880 32 38927 5 38933 59 39012 1 39017 29 39049 17 39070 16 39138 30 39184 3 39192 55 39266 4 39277 25 39308 14 39326 16 39394 30 39449 53 39522 5 39536 22 39566 11 39583 16 39649 31 39706 51 39777 7 39793 21 39824 8 39839 16 39904 32 39962 50 40033 7 40049 20 40081 5 40096 15 40159 33 40209 5 40218 49 40289 8 40306 18 40353 14 40414 34 40464 8 40474 47 40545 8 40563 16 40611 11 40669 35 40720 55 40801 9 40820 14 40869 8 40925 35 40976 10 40987 41 41058 8 41071 4 41079 3 41128 2 41181 35 41232 11 41245 37 41315 9 41325 7 41438 34 41485 14 41508 31 41572 17 41694 34 41740 15 41765 30 41829 17 41950 34 41995 15 42021 29 42086 17 42207 33 42251 15 42277 28 42342 17 42421 3 42463 33 42507 14 42534 9 42545 16 42597 18 42676 6 42719 33 42764 12 42791 7 42802 15 42853 19 42932 7 42940 2 42975 33 43021 10 43047 6 43059 13 43109 19 43187 13 43231 33 43277 10 43304 4 43315 12 43366 18 43443 13 43486 34 43532 11 43570 12 43622 19 43699 14 43742 34 43787 13 43825 11 43879 18 43956 13 43998 34 44043 16 44076 14 44135 18 44212 13 44254 34 44291 5 44299 16 44332 13 44392 17 44468 13 44511 4 44518 26 44546 7 44556 15 44589 11 44648 18 44724 13 44775 25 44801 8 44812 15 44845 11 44905 17 44979 14 45007 2 45031 34 45068 15 45102 9 45162 16 45235 15 45260 7 45288 33 45324 12 45359 7 45419 15 45490 16 45514 10 45544 35 45580 11 45616 4 45676 13 45746 34 45799 46 45933 11 46002 35 46055 46 46190 10 46258 37 46311 5 46320 36 46447 8 46515 37 46568 4 46580 25 46607 3 46703 7 46771 37 46825 1 46839 22 46960 5 47028 36 47098 18 47216 7 47284 35 47356 15 47472 9 47540 34 47614 12 47727 13 47796 13 47810 15 47872 9 47982 17 48052 12 48067 13 48128 8 48239 18 48308 11 48329 5 48384 8 48495 18 48564 11 48640 7 48752 17 48823 1 48826 3 48896 7 49009 15 49152 8 49267 9 49408 8 49524 4 49664 9 49920 4 49926 3 50176 3 50312 9 50371 3 50421 5 50567 20 50625 7 50637 1 50675 8 50822 23 50851 3 50880 16 50928 12 51078 35 51136 17 51159 3 51183 14 51334 46 51387 23 51413 6 51439 15 51590 48 51640 36 51695 15 51846 85 51952 14 52103 84 52209 13 52359 85 52465 13 52616 84 52722 12 52872 85 52959 7 52978 12 53128 94 53234 12 53384 95 53489 13 53639 96 53746 13 53889 101 54003 12 54136 1 54143 70 54216 30 54259 13 54390 77 54475 26 54516 12 54645 77 54734 23 54771 13 54900 78 54988 25 55027 13 55156 68 55226 8 55244 25 55282 14 55411 68 55482 8 55500 25 55538 14 55667 67 55739 6 55755 25 55794 14 55923 61 55997 3 56011 25 56050 14 56180 60 56268 24 56306 14 56436 60 56524 25 56561 15 56693 60 56782 24 56817 15 56916 1 56950 62 57023 5 57039 24 57072 16 57169 6 57206 62 57277 7 57296 24 57323 21 57424 8 57470 56 57532 9 57553 47 57679 9 57726 57 57788 9 57809 8 57818 38 57935 10 57982 59 58042 13 58064 7 58076 36 58190 12 58237 89 58333 35 58444 19 58493 89 58590 34 58697 23 58749 89 58848 7 58856 24 58952 25 59006 89 59105 5 59112 24 59207 27 59262 89 59361 4 59369 23 59463 27 59518 103 59624 24 59719 27 59775 103 59880 24 59975 27 60032 127 60231 28 60289 124 60487 31 60545 123 60744 10 60756 19 60801 121 60999 32 61057 119 61253 11 61265 22 61312 117 61500 43 61568 118 61753 19 61776 23 61825 117 62008 20 62031 23 62082 118 62263 21 62287 20 62339 118 62503 3 62519 21 62543 17 62596 118 62759 4 62775 21 62800 16 62853 117 63015 3 63031 21 63057 15 63082 4 63110 116 63272 1 63287 21 63314 15 63337 6 63366 116 63542 22 63571 14 63592 7 63623 114 63797 23 63828 14 63847 9 63879 113 64052 25 64085 13 64104 8 64135 113 64307 27 64341 13 64360 8 64391 113 64563 27 64597 12 64616 8 64647 114 64819 27 64853 11 64873 7 64904 113 65075 27 65110 9 65130 5 65161 113 65330 29 65366 3 65419 111
136374,0 65536
142027,0 13 30 24 69 75 256 13 287 18 326 42 372 29 512 13 544 16 582 41 631 26 769 12 802 13 838 35 875 2 888 25 1026 11 1061 10 1094 32 1146 23 1281 12 1317 10 1349 32 1403 22 1537 12 1574 9 1605 31 1660 20 1793 16 1831 6 1861 31 1917 19 2049 18 2117 31 2173 19 2305 19 2368 1 2372 31 2430 18 2561 19 2617 41 2686 19 2818 19 2872 42 2943 18 3027 1 3074 20 3127 42 3200 1 3205 13 3282 4 3330 20 3383 30 3417 8 3462 12 3537 5 3586 21 3638 31 3675 4 3719 11 3793 6 3842 22 3894 32 3975 12 4049 6 4098 23 4150 32 4231 12 4305 7 4355 22 4406 32 4488 11 4561 7 4613 20 4662 33 4746 8 4818 6 4864 2 4871 18 4919 34 5004 5 5074 6 5120 3 5128 16 5175 34 5233 4 5330 6 5376 4 5385 10 5397 2 5431 35 5487 7 5587 5 5632 5 5641 10 5688 34 5743 7 5843 5 5888 7 5896 11 5945 33 5985 7 5999 6 6144 19 6201 33 6240 9 6255 6 6400 19 6458 32 6495 10 6512 3 6656 19 6714 32 6751 10 6912 18 6966 35 7007 10 7168 11 7183 2 7222 35 7263 10 7424 11 7477 36 7520 9 7680 11 7733 37 7777 11 7936 11 7988 38 8033 13 8192 10 8243 39 8290 12 8448 10 8496 42 8546 12 8682 2 8704 9 8750 43 8802 13 8933 8 8960 9 9006 42 9058 13 9185 12 9216 8 9262 41 9315 12 9439 15 9472 8 9517 40 9571 12 9694 20 9728 7 9773 37 9828 10 9949 24 9984 6 10029 37 10085 9 10204 27 10240 5 10284 38 10342 7 10459 29 10491 9 10539 40 10599 5 10714 41 10792 34 10830 6 10855 4 10967 44 11047 33 11086 5 11112 2 11222 45 11303 32 11342 4 11476 46 11559 30 11728 48 11816 27 11983 49 12074 24 12239 49 12332 22 12494 50 12589 21 12751 49 12845 21 12874 1 13008 48 13088 3 13102 20 13130 1 13148 2 13256 4 13264 48 13343 6 13358 11 13374 4 13403 4 13511 6 13520 48 13598 8 13613 6 13622 1 13659 4 13767 6 13777 47 13854 10 13868 5 13915 3 14023 6 14033 47 14109 19 14172 1 14280 5 14288 48 14365 19 14536 5 14544 48 14620 21 14793 3 14799 49 14876 21 14914 3 15050 2 15054 50 15120 3 15132 21 15168 6 15310 50 15375 6 15389 20 15413 18 15566 50 15631 7 15645 19 15668 19 15822 50 15886 8 15900 18 15923 21 16078 50 16141 9 16156 18 16179 22 16334 50 16397 9 16411 19 16435 24 16590 50 16645 17 16667 52 16846 50 16898 78 17102 26 17130 22 17154 80 17358 27 17389 19 17409 83 17615 27 17648 16 17665 85 17871 28 17905 104 18126 30 18162 104 18383 31 18417 105 18639 140 18901 34 18936 99 19158 32 19193 99 19414 33 19450 98 19667 14 19684 19 19709 2 19712 66 19782 21 19923 12 19936 98 20039 20 20178 11 20193 97 20296 18 20434 10 20447 98 20552 18 20690 9 20702 99 20809 16 20835 2 20946 79 21027 20 21049 8 21065 16 21088 6 21201 81 21283 21 21305 9 21321 15 21344 7 21457 114 21577 15 21600 8 21712 116 21833 14 21856 8 21967 117 22089 12 22112 9 22222 120 22343 12 22368 10 22477 132 22625 13 22732 52 22786 79 22879 17 22987 53 23043 77 23133 20 23242 54 23300 63 23367 9 23381 29 23498 54 23557 32 23594 24 23624 8 23633 33 23753 55 23814 4 23823 22 23852 22 23881 47 24009 55 24081 20 24110 19 24138 32 24171 15 24264 56 24338 18 24367 19 24393 50 24520 56 24595 17 24625 18 24649 50 24776 56 24852 15 24882 18 24904 52 25032 56 25118 4 25139 18 25159 53 25287 57 25396 72 25543 57 25653 71 25790 4 25798 58 25909 69 26000 4 26045 6 26054 58 26165 68 26256 7 26301 7 26309 59 26384 1 26422 66 26511 11 26557 67 26639 4 26678 59 26739 4 26765 15 26813 65 26894 5 26934 59 27018 18 27068 63 27150 6 27191 59 27273 19 27324 60 27405 8 27447 58 27529 23 27579 63 27661 9 27704 57 27785 25 27834 65 27917 11 27950 66 28041 26 28090 70 28173 13 28204 65 28296 28 28345 71 28429 13 28451 4 28458 65 28552 28 28601 71 28686 13 28707 71 28808 27 28857 71 28942 13 28963 70 29064 27 29112 72 29198 13 29219 69 29320 26 29365 75 29454 12 29475 69 29576 26 29618 78 29710 11 29732 67 29832 26 29873 79 29965 11 29990 54 30047 7 30088 27 30130 78 30221 10 30250 50 30306 3 30344 27 30386 55 30444 20 30477 10 30506 48 30600 27 30643 53 30700 9 30710 10 30733 9 30762 46 30856 27 30901 49 30956 7 30966 10 30990 7 31018 34 31053 10 31113 26 31157 48 31214 3 31222 10 31248 4 31275 33 31310 7 31369 26 31405 4 31413 48 31478 10 31531 33 31567 5 31626 25 31660 6 31669 28 31700 17 31735 9 31788 32 31883 24 31916 36 31956 18 31992 8 32045 31 32139 25 32172 35 32213 18 32248 8 32301 31 32396 26 32428 34 32470 17 32505 7 32557 31 32651 9 32664 15 32684 33 32726 17 32761 7 32814 30 32904 11 32923 16 32940 33 32982 17 33017 7 33070 30 33160 12 33179 49 33239 15 33274 6 33327 28 33416 13 33435 50 33495 14 33583 26 33674 11 33690 50 33752 12 33838 24 33931 11 33943 53 34009 10 34092 26 34187 35 34223 16 34244 7 34265 10 34347 27 34443 35 34480 14 34501 4 34521 11 34603 26 34699 35 34736 13 34777 12 34859 26 34955 35 34993 5 35032 14 35115 25 35204 44 35288 14 35372 23 35414 4 35448 4 35458 47 35544 14 35629 22 35669 6 35703 5 35714 48 35799 14 35886 20 35924 9 35958 6 35970 48 36053 16 36145 17 36179 10 36214 6 36226 48 36303 21 36404 13 36435 11 36470 5 36482 48 36534 6 36558 22 36663 6 36689 14 36728 1 36737 50 36790 8 36808 27 36920 1 36942 17 36993 50 37045 10 37062 29 37198 18 37225 3 37249 63 37317 29 37454 18 37475 11 37505 64 37570 14 37585 16 37710 32 37761 79 37841 16 37966 32 38019 95 38221 33 38277 60 38340 30 38476 34 38533 46 38580 12 38596 21 38619 7 38731 35 38789 46 38837 10 38853 19 38876 6 38985 37 39045 45 39094 8 39110 18 39240 38 39301 45 39350 8 39366 17 39493 41 39557 44 39607 6 39624 14 39747 43 39813 43 39863 6 39882 12 39915 5 40001 45 40069 39 40119 5 40141 8 40169 8 40256 48 40325 38 40375 5 40424 10 40512 49 40581 38 40630 6 40674 17 40767 51 40837 37 40886 7 40928 19 41023 51 41093 37 41142 6 41183 19 41279 51 41349 37 41399 1 41439 19 41535 51 41605 37 41695 17 41791 52 41862 36 41952 16 42048 44 42094 6 42119 35 42208 18 42304 42 42353 4 42375 34 42465 20 42560 42 42609 6 42631 34 42705 1 42720 22 42817 40 42865 7 42887 34 42960 4 42975 23 43074 39 43121 9 43142 36 43215 5 43226 29 43331 37 43377 9 43396 38 43471 6 43480 31 43588 36 43633 11 43648 42 43727 6 43734 32 43845 34 43890 56 43983 39 44101 32 44146 53 44239 38 44358 20 44380 7 44402 49 44495 38 44615 18 44637 5 44659 48 44751 38 44871 18 44895 2 44915 48 45006 39 45127 17 45170 31 45203 15 45262 39 45384 15 45426 30 45461 13 45517 40 45641 14 45681 31 45718 11 45774 39 45901 9 45937 31 45975 8 46030 39 46158 8 46193 30 46233 4 46287 37 46415 4 46449 30 46544 37 46706 29 46800 40 46963 27 47057 40 47220 26 47315 39 47456 8 47479 22 47582 28 47710 12 47736 20 47845 21 47965 13 47993 17 48102 20 48220 15 48250 14 48358 20 48476 16 48507 11 48581 2 48614 19 48731 21 48763 9 48836 4 48870 19 48987 22 49020 6 49092 4 49125 19 49243 24 49278 1 49348 4 49381 19 49499 25 49526 3 49604 3 49636 19 49755 31 49860 3 49893 18 50011 31 50116 2 50149 18 50266 33 50405 17 50521 34 50661 17 50777 35 50911 3 50917 17 51033 35 51166 5 51174 16 51289 35 51422 5 51432 13 51545 7 51555 25 51678 5 51688 13 51767 2 51801 5 51812 24 51935 4 51944 13 52022 3 52057 4 52069 23 52191 3 52200 13 52326 21 52448 2 52457 11 52583 20 52713 11 52845 14 52970 10 53104 10 53227 8 53254 5 53311 2 53363 7 53485 5 53509 6 53560 11 53620 5 53743 3 53760 13 53815 14 53999 3 54016 14 54070 17 54255 3 54272 15 54325 18 54484 3 54510 5 54528 16 54569 31 54738 6 54765 7 54784 16 54825 31 54992 9 55020 9 55040 17 55063 8 55081 32 55248 10 55275 10 55296 18 55319 9 55337 32 55503 11 55531 10 55552 18 55574 11 55593 33 55759 12 55787 9 55808 18 55830 12 55849 33 56015 12 56043 4 56064 19 56085 15 56104 34 56271 12 56300 2 56320 75 56527 12 56576 75 56784 11 56832 75 57042 9 57088 75 57300 6 57344 74 57556 5 57600 73 57813 3 57856 72 58039 2 58112 70 58294 4 58368 71 58549 5 58562 6 58624 71 58803 7 58817 9 58880 71 59059 9 59072 11 59136 72 59314 26 59392 72 59570 27 59648 72 59825 28 59904 72 60079 31 60160 72 60334 32 60416 72 60589 33 60672 72 60845 33 60928 72 61070 5 61101 34 61184 72 61326 6 61356 35 61440 72 61581 7 61613 35 61696 73 61837 8 61860 2 61869 35 61952 73 62093 8 62114 5 62126 34 62208 5 62215 66 62350 8 62369 7 62384 32 62464 74 62608 5 62624 8 62641 31 62720 75 62866 3 62879 9 62897 31 62976 75 63134 11 63152 32 63232 76 63389 12 63407 33 63488 76 63645 12 63661 34 63744 77 63901 12 63916 34 64000 77 64156 13 64171 33 64256 10 64269 63 64412 46 64512 10 64525 62 64667 47 64768 10 64781 49 64831 11 64923 47 65024 10 65037 48 65087 10 65179 47 65280 11 65293 46 65344 8 65435 48
143150,0 65536
144284,36 16 156 13 189 67 293 16 412 13 446 66 550 15 668 13 703 65 809 13 923 14 959 65 1066 11 1179 14 1215 65 1329 3 1435 14 1472 64 1537 4 1691 13 1729 38 1769 29 1948 12 1987 34 2027 28 2204 11 2243 33 2284 28 2458 13 2499 32 2540 29 2671 4 2713 13 2755 31 2797 29 2831 7 2926 7 2968 13 3012 30 3054 41 3181 9 3223 12 3251 5 3269 29 3311 41 3429 20 3480 11 3506 6 3526 28 3568 40 3683 24 3736 11 3762 7 3783 27 3826 11 3838 27 3937 28 3992 10 4019 6 4039 26 4084 7 4096 25 4190 32 4248 10 4275 6 4294 26 4343 2 4352 24 4445 33 4504 10 4533 2 4549 25 4608 24 4700 35 4759 10 4804 23 4864 24 4956 35 5012 13 5060 25 5120 24 5212 35 5267 14 5315 26 5376 23 5468 35 5524 12 5570 28 5632 22 5724 35 5780 12 5826 29 5888 23 5932 3 5979 35 6036 12 6082 29 6144 23 6187 6 6235 34 6292 12 6338 29 6400 24 6443 6 6490 35 6547 14 6593 30 6656 25 6698 8 6709 2 6746 32 6803 14 6849 30 6912 25 6945 3 6954 14 7002 30 7056 18 7105 30 7146 3 7168 25 7200 6 7210 15 7258 28 7311 19 7362 29 7400 6 7424 24 7455 9 7465 16 7515 26 7566 20 7619 28 7656 6 7680 24 7710 27 7771 25 7822 20 7876 27 7911 7 7936 24 7966 26 8027 24 8077 22 8132 26 8167 7 8192 23 8221 26 8254 4 8283 22 8333 22 8388 26 8423 7 8448 23 8477 26 8509 5 8539 13 8553 8 8589 23 8643 26 8680 5 8704 22 8732 27 8765 6 8794 13 8810 8 8845 23 8899 25 8937 3 8954 2 8960 23 8988 27 9021 5 9049 14 9065 9 9100 24 9154 25 9208 5 9216 24 9244 27 9278 4 9305 25 9356 24 9410 25 9459 11 9472 26 9499 20 9521 6 9560 29 9612 23 9666 24 9714 13 9728 47 9779 4 9817 30 9869 21 9922 24 9969 14 9984 47 10074 29 10126 18 10179 22 10226 61 10330 30 10383 15 10435 14 10486 56 10593 24 10642 12 10691 13 10743 55 10849 29 10899 10 10947 11 10999 53 11104 31 11156 8 11203 9 11255 52 11360 32 11413 6 11459 8 11511 51 11616 32 11671 1 11715 8 11768 50 11871 33 11971 8 12024 50 12127 33 12173 3 12219 3 12227 8 12282 48 12383 33 12428 4 12473 6 12484 6 12540 46 12639 35 12684 4 12727 9 12742 3 12800 7 12809 33 12895 37 12941 3 12980 12 13056 3 13067 32 13149 41 13234 13 13312 2 13323 32 13403 43 13489 14 13568 1 13579 32 13652 50 13744 15 13835 32 13907 52 13989 3 14000 15 14080 2 14093 31 14162 53 14244 7 14254 19 14336 3 14355 26 14418 53 14499 30 14592 3 14611 26 14673 55 14754 30 14848 3 14868 26 14928 56 15010 30 15104 3 15125 25 15174 6 15181 59 15265 31 15360 3 15383 24 15428 68 15519 33 15616 2 15640 23 15681 70 15775 33 15872 1 15897 23 15936 71 16031 32 16121 4 16154 21 16191 72 16286 32 16376 5 16411 20 16447 72 16542 31 16632 5 16671 15 16703 72 16798 31 16888 5 16928 12 16958 72 17053 31 17145 3 17162 3 17185 12 17213 73 17309 31 17417 5 17442 11 17468 73 17551 4 17567 29 17674 4 17699 11 17724 73 17806 6 17825 27 17930 3 17955 11 17981 72 18061 7 18081 26 18212 11 18237 74 18317 6 18337 25 18423 1 18468 11 18492 76 18573 6 18594 22 18678 4 18724 10 18748 77 18829 5 18851 21 18934 4 18944 1 18981 9 19003 79 19085 5 19108 19 19191 2 19200 2 19215 1 19237 8 19259 79 19342 3 19368 16 19456 3 19469 6 19494 6 19514 80 19625 15 19712 4 19725 7 19751 7 19771 79 19881 15 19968 4 19981 7 20009 12 20028 78 20137 16 20224 4 20237 6 20264 13 20285 76 20393 16 20480 5 20495 4 20520 13 20541 76 20648 16 20736 6 20775 15 20797 75 20904 16 20992 9 21031 15 21053 74 21159 17 21248 10 21286 17 21309 75 21415 17 21504 11 21542 18 21565 75 21671 17 21760 11 21798 18 21822 74 21927 16 22016 12 22054 18 22079 73 22184 15 22272 17 22311 18 22335 35 22371 37 22441 13 22528 18 22567 18 22593 30 22630 26 22659 4 22699 11 22784 17 22823 19 22851 26 22889 30 22957 8 23040 17 23078 20 23108 24 23146 35 23296 17 23333 21 23365 23 23404 3 23411 28 23552 16 23589 20 23622 21 23668 32 23808 16 23844 20 23877 22 23923 34 24064 16 24099 20 24131 23 24172 1 24178 36 24320 17 24355 20 24383 26 24427 42 24576 17 24611 19 24638 27 24682 43 24791 4 24832 16 24867 19 24893 26 24938 42 25046 6 25088 16 25124 17 25149 24 25193 43 25302 6 25344 15 25380 17 25405 22 25447 47 25557 7 25600 14 25637 15 25660 22 25701 50 25813 6 25856 14 25895 13 25915 22 25957 51 26068 7 26112 15 26155 8 26171 22 26213 51 26324 7 26368 16 26413 5 26425 22 26469 52 26579 8 26617 2 26624 16 26680 22 26726 51 26835 7 26870 7 26880 16 26935 21 26982 52 27091 7 27124 9 27136 16 27191 18 27238 52 27347 7 27379 11 27392 15 27446 19 27494 53 27604 7 27634 13 27648 15 27702 19 27751 32 27788 15 27860 9 27889 14 27904 14 27958 20 28007 32 28043 16 28117 10 28144 30 28214 21 28263 32 28298 17 28373 11 28396 33 28470 21 28519 52 28629 12 28650 34 28728 19 28775 51 28885 12 28904 36 28949 2 28985 17 29030 51 29141 11 29160 36 29204 4 29241 16 29286 51 29397 10 29416 37 29460 4 29498 14 29541 51 29653 10 29671 38 29716 4 29754 6 29763 3 29796 51 29910 8 29927 39 30010 5 30019 2 30050 54 30167 7 30182 34 30217 5 30268 1 30273 4 30304 56 30425 5 30438 39 30526 7 30559 57 30682 2 30693 26 30720 13 30781 9 30814 58 30949 25 30976 12 31037 10 31070 57 31204 27 31232 10 31292 17 31327 55 31460 27 31488 10 31548 19 31583 55 31644 3 31715 28 31744 10 31804 20 31839 54 31898 6 31970 29 32000 10 32060 20 32096 64 32226 28 32256 10 32316 21 32352 64 32482 23 32512 12 32572 21 32608 64 32737 23 32768 13 32829 21 32864 64 32992 24 33024 14 33085 21 33120 63 33248 24 33280 14 33342 20 33376 25 33403 12 33418 21 33504 24 33536 15 33599 20 33633 23 33660 10 33675 19 33761 24 33792 15 33855 20 33889 23 33917 8 33933 17 34018 23 34048 15 34112 19 34146 21 34174 6 34191 15 34275 22 34304 16 34368 19 34402 20 34432 3 34449 13 34532 21 34560 17 34625 17 34658 24 34705 13 34788 21 34816 17 34882 15 34914 25 34961 13 35044 21 35072 17 35140 12 35170 26 35216 13 35300 20 35328 16 35398 7 35426 26 35472 13 35556 19 35584 16 35683 26 35728 13 35813 17 35840 16 35939 27 35969 6 35984 13 36070 15 36096 16 36182 4 36196 26 36224 8 36239 13 36328 12 36352 16 36436 9 36452 26 36479 9 36493 15 36586 9 36608 16 36691 11 36710 24 36735 28 36843 7 36864 16 36885 10 36946 13 36970 20 36991 9 37001 16 37100 6 37120 16 37140 12 37202 13 37227 18 37247 7 37258 13 37357 3 37376 16 37395 14 37458 13 37482 18 37505 2 37516 10 37632 16 37649 16 37714 14 37737 18 37776 3 37824 3 37888 34 37970 14 37991 19 38079 5 38144 34 38227 13 38245 21 38335 6 38400 35 38483 38 38591 7 38647 3 38656 35 38740 36 38822 3 38847 8 38860 2 38903 3 38912 36 38997 11 39009 20 39033 6 39077 5 39104 16 39159 3 39168 36 39254 31 39288 8 39334 4 39360 16 39415 1 39424 36 39511 30 39543 9 39590 4 39617 15 39680 37 39769 28 39799 9 39847 3 39874 13 39936 38 40028 25 40055 8 40103 4 40118 4 40131 10 40192 39 40284 25 40311 7 40346 6 40359 4 40374 4 40390 6 40448 40 40542 25 40569 4 40600 9 40614 6 40630 4 40704 41 40799 24 40856 11 40870 6 40887 3 40960 43 41056 23 41111 20 41216 45 41312 22 41367 20 41472 46 41568 22 41616 2 41623 19 41728 47 41824 22 41870 28 41984 48 42080 22 42125 29 42240 49 42335 23 42381 30 42496 49 42590 23 42623 4 42636 31 42680 3 42752 50 42845 24 42878 6 42892 32 42936 3 43008 50 43098 27 43132 10 43146 34 43264 51 43353 27 43387 49 43520 50 43608 27 43642 49 43776 50 43864 27 43897 50 44032 50 44119 27 44152 50 44288 49 44375 27 44407 52 44544 49 44630 29 44662 53 44800 48 44885 31 44917 54 45056 48 45139 88 45314 45 45394 87 45571 44 45649 36 45687 48 45827 43 45904 36 45944 46 46083 42 46160 36 46200 46 46339 41 46388 3 46415 27 46443 8 46456 46 46595 40 46641 8 46672 23 46700 7 46712 45 46850 40 46897 8 46928 21 46957 5 46968 45 47106 40 47147 14 47186 19 47223 46 47360 57 47442 19 47479 45 47616 57 47697 21 47735 44 47872 57 47952 22 47991 42 48101 1 48128 56 48208 23 48235 2 48247 41 48351 9 48384 41 48427 12 48464 31 48503 40 48604 12 48640 40 48683 12 48719 32 48758 40 48859 14 48896 40 48940 10 48975 32 49013 41 49114 16 49152 40 49196 10 49231 32 49269 40 49370 18 49399 1 49408 40 49450 11 49487 32 49524 41 49625 21 49654 3 49664 45 49713 3 49743 32 49780 40 49881 22 49910 3 49920 46 49995 2 50000 32 50036 39 50137 23 50166 2 50176 47 50252 1 50255 33 50292 39 50393 23 50432 47 50511 34 50547 40 50649 23 50688 47 50767 34 50803 40 50904 23 50944 48 51022 36 51059 40 51159 23 51200 48 51278 36 51315 40 51414 23 51456 48 51534 36 51571 39 51669 24 51712 48 51791 35 51827 39 51925 25 51968 49 52048 34 52084 37 52180 27 52224 50 52306 5 52316 6 52328 9 52339 37 52417 6 52434 29 52480 51 52576 1 52585 7 52595 36 52671 9 52689 30 52736 51 52843 3 52850 36 52925 11 52944 32 52992 52 53106 25 53133 8 53181 11 53199 34 53248 52 53308 1 53363 23 53391 6 53428 1 53436 13 53453 37 53504 52 53562 5 53619 22 53648 5 53683 3 53692 54 53760 51 53817 7 53836 5 53876 23 53939 3 53948 54 54016 51 54073 9 54091 7 54132 23 54195 3 54203 55 54272 68 54347 8 54388 18 54459 56 54528 68 54602 10 54644 16 54714 57 54784 70 54857 11 54900 14 54969 59 55040 70 55113 11 55146 5 55156 13 55223 61 55296 84 55402 5 55412 12 55476 64 55552 84 55657 7 55668 12 55730 66 55808 84 55914 4 55924 12 55984 16 56005 48 56064 84 56170 2 56180 12 56240 14 56261 38 56300 9 56320 85 56436 11 56496 13 56517 38 56558 7 56577 84 56692 10 56752 11 56773 37 56815 5 56834 84 57010 5 57029 37 57090 85 57192 2 57286 35 57346 93 57448 3 57542 36 57602 94 57703 4 57799 35 57859 94 57958 4 58054 36 58117 93 58214 4 58293 2 58309 37 58374 92 58472 1 58548 4 58565 36 58631 91 58804 4 58820 37 58887 91 59061 1 59076 36 59144 89 59332 34 59400 87 59588 32 59653 2 59656 83 59843 31 59910 1 59912 82 60098 29 60168 82 60347 35 60425 31 60457 50 60512 1 60602 35 60682 27 60715 48 60767 4 60858 34 60939 24 60971 48 61023 4 61113 35 61159 3 61195 23 61228 47 61278 4 61367 37 61407 3 61414 4 61451 24 61483 48 61535 3 61622 38 61662 12 61707 24 61739 47 61877 38 61918 12 61965 10 61979 8 61994 48 62132 39 62172 14 62226 3 62236 8 62249 49 62385 42 62428 13 62493 7 62505 49 62639 44 62684 11 62750 6 62761 49 62894 56 63007 4 63017 49 63149 56 63273 49 63405 56 63485 3 63529 49 63660 58 63740 4 63786 47 63916 58 63996 4 64042 47 64172 58 64251 5 64297 47 64428 58 64507 5 64554 45 64683 59 64763 5 64811 43 64939 58 65019 5 65067 35 65103 6 65194 59 65275 5 65311 5 65325 31 65361 2 65449 60 65531 5
149617, 
157706,0 73 113 78 256 73 370 77 512 73 624 2 627 76 768 73 878 4 883 77 1024 73 1134 4 1142 74 1280 72 1390 4 1398 74 1536 72 1646 3 1655 73 1792 73 1903 2 1911 74 2048 73 2167 74 2304 74 2423 74 2560 74 2679 74 2816 73 2936 74 3072 73 3192 74 3328 73 3448 75 3584 72 3704 75 3840 71 3959 76 4096 70 4215 77 4352 69 4471 77 4608 68 4727 77 4864 67 4983 78 5120 67 5240 77 5376 66 5497 76 5632 65 5753 77 5888 64 6010 76 6144 62 6266 76 6400 61 6523 75 6656 52 6711 4 6779 76 6912 51 6968 1 7035 76 7168 50 7291 76 7424 49 7548 76 7680 36 7721 8 7803 77 7936 36 7982 1 8050 86 8192 34 8305 87 8448 33 8550 99 8704 31 8804 101 8960 30 9059 102 9216 28 9314 104 9472 27 9570 104 9728 24 9826 104 9984 22 10081 105 10240 21 10337 106 10496 20 10593 106 10752 19 10798 3 10833 3 10846 110 11008 19 11054 2 11080 3 11087 125 11264 19 11309 3 11335 133 11520 19 11566 1 11591 134 11776 19 11846 135 12032 19 12101 136 12288 18 12350 1 12355 139 12544 14 12559 1 12605 3 12609 141 12800 13 12861 145 13056 18 13115 147 13312 20 13371 148 13568 22 13627 148 13824 23 13883 148 14080 22 14140 148 14336 22 14397 147 14592 21 14650 150 14848 18 14905 151 15104 18 15159 154 15360 17 15414 155 15616 16 15669 156 15872 15 15924 158 16128 15 16180 158 16384 14 16436 158 16640 13 16689 162 16896 13 16942 165 17152 13 17197 166 17408 13 17453 167 17664 13 17709 167 17920 13 17965 167 18176 13 18220 169 18432 12 18476 169 18688 12 18731 170 18944 12 18986 171 19200 12 19241 173 19456 12 19495 175 19712 12 19751 175 19968 12 20006 177 20224 12 20262 177 20480 6 20488 3 20519 28 20549 146 20736 6 20743 5 20775 25 20806 146 20992 12 21031 25 21065 143 21248 6 21274 4 21287 24 21322 142 21504 5 21526 9 21543 23 21579 142 21760 6 21779 2 21783 6 21798 22 21836 141 22016 7 22032 5 22043 2 22054 21 22094 139 22272 7 22289 4 22309 21 22351 139 22528 7 22546 3 22563 22 22609 137 22784 6 22802 4 22818 23 22864 138 23040 5 23058 5 23073 21 23120 1 23124 24 23154 9 23165 93 23297 2 23313 6 23328 20 23376 2 23379 3 23383 21 23411 104 23568 7 23584 18 23616 4 23631 6 23639 19 23668 103 23823 8 23840 18 23872 6 23887 5 23895 19 23922 105 24065 3 24079 9 24096 18 24128 7 24143 5 24150 20 24177 106 24320 4 24335 8 24356 3 24360 8 24385 8 24398 28 24431 109 24576 4 24591 8 24618 3 24641 8 24653 28 24685 111 24832 5 24845 11 24898 6 24909 143 25088 5 25100 13 25155 4 25164 145 25344 5 25355 14 25382 1 25418 147 25600 4 25611 13 25638 3 25673 149 25856 4 25867 13 25894 3 25906 5 25929 149 26112 4 26123 14 26150 3 26161 10 26185 149 26368 5 26379 14 26416 12 26441 150 26624 5 26635 14 26671 15 26697 150 26880 5 26890 15 26923 20 26952 151 27136 5 27143 17 27164 3 27178 22 27207 153 27392 6 27399 24 27433 23 27462 154 27648 30 27689 24 27717 155 27904 30 27944 185 28160 30 28200 185 28416 28 28456 185 28672 26 28703 1 28711 186 28928 27 28967 187 29184 27 29223 187 29440 27 29479 187 29696 27 29735 187 29952 28 29990 189 30208 29 30246 189 30464 29 30502 189 30720 28 30758 190 30976 28 31014 190 31232 27 31271 189 31488 27 31528 3 31533 183 31744 25 31790 183 32000 25 32045 184 32256 24 32300 185 32512 28 32555 187 32768 29 32806 192 33024 30 33057 197 33280 32 33313 198 33536 231 33792 231 34048 231 34304 232 34560 232 34816 232 35072 232 35328 230 35584 227 35840 227 36096 227 36352 228 36608 230 36864 232 37120 233 37376 234 37632 235 37888 236 38144 236 38400 236 38656 237 38912 237 39168 237 39424 237 39680 238 39936 238 40192 239 40448 239 40704 240 40960 240 41216 240 41472 240 41728 241 41984 241 42240 242 42496 242 42752 242 43008 243 43264 243 43520 243 43776 244 44032 244 44288 244 44544 245 44800 245 45056 245 45312 246 45568 246 45824 246 46080 246 46336 246 46592 247 46848 247 47104 248 47360 248 47616 248 47872 249 48128 249 48384 249 48640 250 48896 250 49152 250 49408 56 49466 193 49664 56 49723 3 49727 4 49733 182 49920 55 49991 180 50176 55 50247 181 50432 55 50503 181 50688 57 50748 1 50759 182 50944 61 51015 182 51200 63 51272 181 51456 64 51528 182 51712 64 51787 180 51968 64 52045 229 52278 9 52302 228 52535 8 52559 227 52791 6 52816 226 53048 5 53073 7 53081 217 53329 6 53340 214 53586 3 53604 205 53859 206 54114 206 54370 205 54584 3 54625 205 54840 4 54881 204 55092 1 55096 4 55137 203 55344 5 55392 203 55599 7 55644 207 55854 8 55899 207 56110 8 56134 3 56155 208 56366 8 56390 3 56396 7 56410 210 56622 8 56636 1 56646 14 56666 220 56891 3 56905 13 56922 200 57125 17 57147 3 57161 14 57178 198 57381 17 57400 12 57415 17 57433 198 57638 15 57655 234 57893 14 57909 237 58147 15 58165 252 58422 4 58427 244 58686 242 58943 227 59171 14 59199 245 59453 233 59687 14 59708 248 59963 248 60218 247 60474 246 60729 247 60985 247 61233 1 61241 251 61497 243 61741 7 61753 252 62009 252 62265 251 62521 251 62777 251 63033 251 63288 252 63544 251 63800 250 64055 249 64310 250 64566 250 64822 250 65079 249 65335 201
158770,0 3 7 109 264 108 522 106 704 2 786 97 958 6 973 3 1011 1 1043 96 1213 8 1227 8 1266 4 1300 95 1468 10 1482 11 1521 6 1560 91 1718 32 1776 8 1819 88 1972 36 2032 9 2075 87 2227 37 2288 9 2333 85 2481 40 2545 15 2590 83 2736 42 2801 15 2846 83 2992 43 3059 13 3098 3 3104 81 3247 45 3319 9 3350 8 3362 80 3503 46 3575 9 3606 8 3619 79 3758 49 3830 10 3862 9 3876 78 4014 50 4086 10 4118 8 4133 77 4268 52 4342 10 4374 7 4389 76 4520 56 4598 10 4631 6 4645 75 4773 59 4854 10 4901 74 5028 60 5096 7 5110 10 5157 72 5283 61 5351 10 5367 9 5414 71 5538 62 5607 10 5622 10 5672 70 5794 61 5863 11 5878 10 5931 69 6051 60 6120 10 6134 10 6187 69 6308 59 6376 10 6390 10 6444 68 6564 58 6633 9 6647 9 6700 68 6820 52 6889 8 6903 9 6933 3 6957 65 7076 50 7142 10 7160 8 7188 7 7213 65 7331 49 7397 5 7405 1 7416 8 7444 10 7468 65 7586 49 7654 3 7672 8 7701 10 7724 65 7841 49 7910 2 7928 7 7957 11 7980 64 8097 48 8214 11 8236 64 8353 47 8460 23 8492 68 8608 49 8714 29 8749 68 8864 50 8969 31 9005 68 9120 51 9216 41 9262 68 9377 51 9472 41 9518 67 9634 50 9728 42 9775 66 9892 47 9977 1 9984 42 10032 65 10149 46 10233 3 10240 42 10289 63 10406 45 10489 4 10496 41 10545 63 10666 40 10746 3 10752 38 10802 62 10928 34 11008 37 11058 62 11185 8 11196 22 11264 37 11313 63 11442 6 11454 20 11520 37 11562 70 11713 18 11776 38 11817 70 11970 17 12032 110 12226 18 12288 110 12482 19 12527 5 12544 111 12738 20 12781 8 12800 112 12994 21 13033 14 13057 112 13247 25 13287 18 13316 110 13502 5 13513 16 13542 23 13574 2 13580 102 13758 5 13770 15 13797 27 13837 102 14014 5 14027 14 14053 28 14092 103 14288 8 14310 28 14348 102 14568 30 14604 102 14826 29 14860 22 14888 73 15084 28 15116 19 15143 47 15192 24 15339 31 15372 17 15399 46 15449 21 15595 49 15655 48 15705 19 15849 50 15911 49 15962 17 16023 6 16104 50 16168 67 16278 9 16358 51 16425 49 16477 13 16532 16 16613 52 16669 4 16682 49 16733 14 16788 17 16868 53 16923 7 16939 48 16990 13 17043 19 17124 62 17198 46 17246 4 17251 9 17299 19 17380 63 17458 42 17502 2 17507 9 17554 21 17635 65 17715 41 17764 9 17811 20 17890 75 17971 42 18021 8 18067 20 18109 10 18144 79 18227 43 18278 7 18324 19 18361 15 18399 81 18483 11 18497 30 18536 4 18581 19 18614 18 18654 82 18739 9 18754 28 18837 19 18870 18 18910 82 18995 7 19013 25 19094 18 19119 25 19166 19 19186 64 19251 5 19269 23 19350 17 19374 26 19423 18 19443 65 19509 1 19525 22 19606 16 19628 28 19679 17 19700 65 19781 19 19862 15 19883 29 19937 15 19956 65 20037 18 20092 3 20118 14 20139 29 20195 13 20215 63 20283 3 20293 18 20348 4 20374 14 20395 29 20451 15 20474 60 20537 6 20549 17 20603 6 20630 14 20651 28 20707 16 20731 69 20806 15 20858 6 20886 13 20912 24 20963 16 20988 68 21067 8 21113 7 21142 13 21170 23 21219 17 21244 68 21320 10 21368 7 21399 10 21426 24 21475 16 21501 67 21576 8 21622 8 21656 5 21682 24 21730 17 21758 66 21833 9 21878 7 21938 24 21987 16 22013 67 22089 10 22134 6 22195 24 22243 16 22267 69 22347 8 22392 2 22452 23 22501 14 22522 71 22605 6 22709 21 22758 13 22777 74 22860 8 22966 21 23013 14 23033 92 23223 20 23269 14 23289 6 23296 86 23480 6 23489 18 23525 14 23552 87 23737 1 23748 16 23780 15 23808 87 24004 16 24036 15 24064 87 24260 16 24291 16 24320 86 24515 16 24546 17 24576 85 24770 16 24802 18 24832 85 25026 16 25058 20 25088 84 25281 17 25314 23 25339 90 25537 16 25570 117 25792 16 25826 11 25841 103 26049 11 26083 9 26096 105 26206 5 26305 9 26339 8 26352 104 26461 6 26561 9 26596 7 26608 104 26716 7 26818 7 26852 6 26863 104 26972 8 27074 6 27110 3 27119 104 27228 8 27330 5 27374 104 27485 7 27587 3 27629 105 27742 6 27868 2 27884 106 27999 3 28123 3 28140 105 28379 3 28395 106 28520 4 28636 2 28650 107 28775 6 28905 107 29029 9 29160 107 29284 10 29412 111 29539 11 29596 6 29604 3 29666 112 29794 13 29851 14 29920 113 30050 13 30106 16 30173 115 30305 14 30362 18 30428 115 30561 14 30618 19 30683 116 30817 14 30868 28 30938 116 31066 4 31071 17 31123 30 31194 115 31320 24 31378 31 31449 115 31576 24 31634 30 31705 115 31831 27 31890 30 31961 114 32087 28 32146 30 32217 77 32298 33 32344 28 32402 31 32474 75 32554 33 32605 23 32657 32 32732 72 32809 34 32862 22 32907 40 32989 71 33065 34 33118 7 33128 12 33162 42 33247 69 33321 8 33333 22 33375 5 33389 6 33417 44 33504 68 33577 7 33591 20 33647 3 33672 43 33760 67 33834 4 33853 13 33916 1 33927 43 34016 65 34110 10 34171 3 34181 44 34272 63 34367 6 34426 4 34436 44 34528 62 34624 3 34683 2 34691 45 34784 61 34946 46 34999 4 35041 58 35202 47 35253 7 35297 58 35459 57 35554 57 35716 58 35810 57 35973 57 36066 58 36231 56 36322 59 36488 56 36579 34 36615 22 36745 55 36836 32 36872 21 37001 56 37094 30 37128 21 37257 56 37353 26 37384 21 37514 56 37611 24 37640 21 37770 56 37868 20 37897 20 38026 62 38125 19 38153 19 38282 63 38382 18 38413 14 38539 63 38638 18 38671 12 38795 64 38894 18 38927 12 39051 65 39149 19 39183 11 39306 66 39404 20 39440 10 39562 67 39660 20 39697 9 39817 68 39916 20 39955 6 40073 67 40156 3 40173 19 40212 3 40226 3 40329 66 40409 9 40430 18 40480 9 40586 65 40665 11 40687 17 40735 13 40843 64 40920 12 40944 16 40990 17 41101 63 41175 13 41203 13 41246 18 41346 3 41359 61 41430 14 41460 12 41501 19 41602 4 41615 61 41685 15 41708 3 41716 12 41757 20 41858 5 41871 62 41941 14 41964 3 41972 12 42013 20 42114 5 42126 64 42196 15 42220 3 42228 12 42268 21 42370 6 42381 67 42452 16 42476 3 42484 12 42522 22 42627 6 42636 70 42709 15 42733 1 42739 13 42777 22 42884 6 42891 72 42966 15 42989 2 42994 15 43031 23 43142 4 43147 72 43223 42 43285 25 43386 1 43403 73 43479 42 43539 26 43642 2 43659 74 43735 42 43795 26 43897 5 43916 116 44050 26 44151 9 44164 2 44172 116 44307 25 44406 19 44427 117 44563 24 44662 138 44819 24 44918 138 45076 22 45174 138 45332 21 45431 97 45530 38 45588 19 45688 96 45786 38 45844 18 45945 96 46042 5 46048 32 46099 17 46143 4 46201 135 46356 15 46378 4 46392 12 46457 135 46617 9 46632 10 46644 17 46713 94 46810 38 46875 5 46887 31 46969 90 47068 36 47143 34 47224 90 47328 32 47399 36 47464 3 47480 90 47585 31 47655 36 47719 10 47735 92 47843 29 47911 36 47969 114 48101 27 48167 37 48224 115 48351 33 48423 37 48479 117 48606 34 48679 37 48735 117 48861 35 48935 37 48989 119 49116 36 49191 37 49244 121 49372 36 49441 42 49499 122 49628 36 49696 43 49755 122 49885 35 49952 43 50010 123 50141 35 50207 45 50266 123 50398 34 50463 45 50522 124 50655 33 50719 46 50777 125 50911 33 50974 48 51031 127 51167 33 51230 48 51286 127 51423 33 51487 48 51542 25 51571 97 51679 33 51744 3 51749 42 51798 24 51828 96 51935 33 52006 41 52054 23 52086 94 52191 33 52262 41 52310 21 52343 93 52441 39 52519 40 52567 15 52600 92 52695 41 52775 39 52824 12 52857 90 52951 41 53033 35 53083 8 53114 89 53206 42 53290 31 53372 132 53546 30 53629 131 53803 29 53886 130 54059 29 54144 128 54316 28 54401 127 54572 27 54612 8 54658 126 54828 26 54867 12 54914 126 55084 25 55123 14 55170 126 55341 22 55379 16 55426 91 55519 33 55597 20 55635 17 55682 91 55777 31 55854 18 55889 20 55939 91 56035 29 56112 16 56143 23 56195 91 56292 28 56370 15 56397 26 56452 90 56548 28 56628 13 56652 27 56709 89 56805 27 56885 14 56907 29 56965 89 57063 25 57115 6 57141 16 57162 31 57222 88 57322 22 57370 9 57397 17 57417 32 57479 79 57561 3 57580 20 57625 10 57653 52 57735 78 57836 20 57880 12 57909 52 57992 76 58092 20 58134 15 58165 51 58248 74 58347 21 58388 17 58422 49 58503 70 58602 22 58643 18 58685 40 58759 60 58820 6 58858 12 58873 7 58899 18 58941 39 59014 61 59113 12 59155 18 59198 30 59229 4 59270 61 59368 12 59412 16 59456 28 59526 41 59569 18 59624 11 59669 14 59713 27 59782 40 59826 17 59881 8 59925 13 59969 27 60038 41 60082 16 60138 3 60182 11 60226 27 60295 41 60341 12 60379 3 60409 3 60439 8 60482 8 60493 15 60555 39 60602 3 60634 5 60663 8 60740 5 60751 13 60812 38 60890 6 60918 10 60998 1 61007 9 61069 37 61146 6 61171 13 61264 7 61325 37 61402 6 61425 15 61521 5 61581 37 61658 5 61681 15 61837 36 61915 3 61937 15 62093 36 62195 14 62350 6 62357 28 62453 12 62556 1 62614 27 62709 13 62751 5 62811 4 62870 27 62966 10 63006 7 63067 4 63126 25 63222 10 63261 10 63324 2 63383 24 63478 10 63517 11 63639 12 63652 11 63735 9 63768 18 63787 3 63891 3 63896 10 63908 11 63991 9 64023 24 64145 6 64153 22 64247 9 64278 26 64400 7 64410 21 64503 9 64535 25 64656 7 64667 20 64758 10 64792 23 64911 9 64925 18 64969 2 65013 11 65053 16 65167 9 65184 16 65224 4 65269 11 65310 12 65423 9 65441 15 65479 7 65524 12
169327,0 65536
187649,201 4 208 21 459 30 716 30 972 31 1227 33 1483 33 1739 33 1994 32 2250 31 2319 2 2506 30 2574 10 2763 29 2830 11 3020 29 3085 12 3277 27 3342 11 3534 26 3598 11 3791 24 3855 10 4046 23 4111 8 4301 23 4368 5 4556 24 4625 3 4812 24 5068 25 5324 25 5580 25 5706 2 5815 5 5836 25 5959 7 6070 7 6092 24 6214 9 6325 9 6348 5 6354 14 6470 10 6582 9 6604 6 6612 12 6726 10 6839 8 6859 8 6870 13 6889 3 6982 10 7097 6 7114 9 7126 15 7144 5 7239 9 7355 3 7368 38 7496 8 7623 22 7646 16 7752 7 7879 21 7902 17 8010 3 8018 3 8135 22 8158 17 8273 5 8391 22 8415 17 8530 4 8648 21 8672 16 8786 4 8904 21 8931 1 8936 9 9160 22 9193 10 9417 21 9450 11 9664 30 9706 12 9918 31 9962 14 10171 34 10218 15 10426 19 10446 14 10474 16 10682 18 10702 14 10731 16 10938 18 10959 12 10988 16 11027 4 11194 17 11216 11 11244 16 11282 6 11449 17 11474 8 11501 15 11538 6 11703 20 11731 7 11759 13 11794 7 11958 22 11988 6 12019 8 12049 8 12213 37 12276 6 12305 8 12468 38 12533 4 12560 9 12724 38 12816 9 12979 39 13072 8 13235 39 13328 7 13491 39 13584 6 13750 36 13840 4 13972 3 14008 33 14097 1 14227 5 14265 22 14291 5 14481 7 14522 20 14549 2 14734 10 14778 20 14988 12 15034 20 15090 4 15242 14 15290 19 15345 5 15495 17 15546 17 15600 6 15749 20 15802 16 15857 5 16004 21 16059 12 16113 5 16260 20 16316 10 16515 21 16575 5 16771 20 17027 17 17282 16 17538 15 17794 13 18051 11 18308 9 18566 7 18606 5 18824 4 18861 7 19117 8 19373 9 19413 3 19449 1 19629 11 19667 6 19703 5 19884 12 19922 8 19959 5 20140 13 20177 9 20215 5 20396 12 20433 9 20473 1 20651 13 20688 10 20906 13 20944 10 21162 11 21200 10 21417 11 21457 9 21673 9 21714 7 21929 8 21972 3 22184 8 22441 6 22579 3 22699 2 22818 1 22835 3 22936 4 23074 1 23090 5 23192 5 23330 1 23448 7 23703 9 23960 8 24216 9 24362 3 24472 11 24616 7 24728 15 24857 2 24871 9 24984 15 25063 5 25085 3 25110 1 25113 2 25127 9 25152 1 25241 14 25317 10 25338 6 25365 2 25381 10 25407 4 25470 5 25497 14 25572 13 25593 7 25621 2 25636 9 25663 5 25724 8 25753 14 25827 15 25847 9 25875 4 25892 10 25919 5 25980 8 26009 15 26082 30 26130 5 26148 11 26174 6 26188 4 26235 10 26265 15 26337 31 26386 5 26396 19 26428 10 26443 4 26490 13 26522 14 26592 32 26642 5 26651 20 26684 19 26746 14 26778 15 26848 32 26898 28 26940 18 27001 17 27034 15 27103 33 27153 29 27195 18 27256 19 27290 15 27359 33 27409 29 27445 24 27512 19 27547 13 27614 34 27665 30 27700 25 27767 21 27804 12 27870 34 27921 59 28021 23 28060 12 28126 34 28177 59 28276 24 28316 11 28382 34 28422 3 28431 60 28531 25 28573 10 28638 34 28678 5 28685 61 28787 9 28797 14 28829 8 28891 37 28933 67 29043 9 29055 12 29086 6 29147 37 29185 70 29299 8 29313 9 29344 1 29403 109 29555 8 29570 6 29659 109 29812 7 29916 108 30068 8 30175 105 30323 10 30432 103 30578 12 30688 103 30834 12 30945 101 31090 12 31135 5 31201 100 31346 12 31388 10 31457 100 31603 9 31641 13 31713 101 31860 4 31896 14 31969 102 32152 14 32226 103 32407 14 32482 105 32663 13 32739 105 32920 10 32984 4 32998 102 33176 8 33239 5 33255 102 33400 2 33436 1 33494 6 33512 101 33655 4 33750 7 33768 102 33899 3 33910 5 34007 6 34026 100 34153 7 34166 5 34265 4 34283 99 34408 10 34422 4 34523 3 34530 6 34541 97 34663 11 34780 13 34797 96 34918 11 34968 8 35036 14 35054 95 35162 1 35173 12 35222 11 35292 15 35309 96 35428 14 35477 13 35549 111 35684 14 35729 18 35805 110 35939 16 35984 20 36060 111 36196 15 36240 21 36315 110 36452 15 36495 23 36569 111 36709 14 36750 25 36825 111 36966 14 37005 28 37042 3 37080 113 37222 14 37260 30 37298 4 37336 114 37479 13 37515 34 37553 5 37592 114 37735 14 37771 37 37810 4 37848 115 37991 15 38027 38 38067 1 38104 115 38247 15 38283 38 38361 114 38503 15 38539 38 38618 113 38748 1 38759 15 38795 39 38874 114 39004 1 39017 13 39052 38 39131 114 39274 12 39309 38 39350 4 39390 112 39531 11 39565 38 39605 7 39649 109 39766 3 39787 10 39821 38 39861 8 39907 16 39924 90 40022 4 40043 10 40076 39 40117 8 40166 12 40182 89 40277 5 40299 9 40332 39 40373 8 40423 9 40439 88 40533 5 40555 8 40587 40 40630 6 40696 86 40788 6 40811 7 40842 50 40953 84 41045 4 41067 5 41097 51 41175 6 41211 82 41302 2 41314 1 41323 4 41353 51 41429 12 41472 76 41568 4 41580 2 41609 52 41683 16 41728 76 41824 4 41866 36 41905 12 41938 17 41984 48 42033 27 42080 5 42123 35 42161 11 42193 19 42240 48 42289 27 42336 5 42380 33 42418 10 42448 20 42496 48 42545 26 42592 5 42637 32 42675 7 42704 20 42752 57 42811 16 42848 5 42895 30 42933 2 42960 20 43008 55 43069 14 43104 4 43153 28 43216 21 43264 48 43326 12 43348 1 43358 5 43411 26 43472 21 43520 48 43583 10 43612 7 43668 25 43728 21 43776 47 43840 2 43843 3 43867 8 43926 22 43985 21 44032 46 44122 9 44183 21 44241 21 44288 46 44376 11 44441 18 44498 21 44544 45 44630 13 44698 16 44756 20 44800 45 44885 14 44954 15 45013 21 45056 46 45140 15 45211 10 45269 22 45312 47 45363 5 45395 15 45468 7 45525 16 45543 3 45568 58 45643 22 45726 3 45780 15 45824 58 45890 4 45899 19 46036 14 46080 60 46146 5 46154 19 46291 13 46336 60 46402 5 46410 19 46547 12 46592 60 46659 4 46667 17 46803 18 46848 60 46915 4 46923 17 47061 17 47104 60 47172 2 47179 16 47323 13 47360 60 47428 22 47580 12 47616 61 47684 20 47837 10 47872 61 47939 17 47957 2 48081 8 48094 7 48128 61 48195 14 48336 11 48352 2 48384 61 48451 14 48560 1 48591 13 48640 61 48706 15 48814 5 48847 15 48896 61 48962 15 49069 7 49102 17 49152 60 49217 17 49325 7 49358 18 49408 60 49473 17 49581 7 49613 20 49664 60 49729 17 49837 6 49869 20 49920 61 49985 17 50094 4 50124 22 50176 61 50241 17 50380 23 50432 62 50497 17 50518 3 50637 23 50688 63 50753 17 50774 3 50893 24 50944 82 51030 3 51149 24 51200 82 51405 24 51456 85 51631 4 51661 24 51712 85 51886 6 51916 24 51968 75 52045 8 52141 7 52171 24 52224 74 52301 8 52397 7 52427 21 52480 67 52557 9 52653 8 52683 18 52736 67 52813 9 52909 8 52939 16 52992 67 53069 9 53166 7 53196 14 53248 86 53423 6 53454 4 53504 88 53680 3 53760 90 53859 3 54016 91 54114 6 54272 91 54370 14 54528 92 54626 16 54784 92 54882 17 55040 92 55138 19 55296 93 55395 19 55552 94 55651 19 55808 94 55907 19 56064 94 56164 18 56320 95 56419 19 56576 96 56675 20 56832 96 56931 21 57088 96 57187 22 57344 97 57444 21 57571 4 57600 97 57700 22 57825 7 57841 2 57856 96 57957 20 58081 8 58096 4 58112 96 58214 19 58336 10 58351 6 58362 3 58368 97 58471 20 58593 10 58606 16 58624 97 58728 21 58849 11 58862 16 58880 98 58984 20 59106 28 59136 99 59239 20 59363 27 59392 100 59493 14 59509 5 59621 25 59648 114 59765 5 59878 23 59904 114 60135 22 60160 114 60292 3 60314 1 60392 20 60416 115 60548 4 60566 6 60585 4 60649 19 60672 115 60804 6 60819 10 60839 7 60906 16 60928 114 61048 5 61059 8 61073 14 61095 8 61162 15 61184 114 61303 9 61315 9 61327 17 61350 10 61419 13 61440 113 61558 43 61606 10 61675 14 61696 111 61814 7 61823 35 61863 10 61932 14 61952 111 62071 6 62078 36 62120 8 62188 15 62208 111 62328 4 62333 38 62377 7 62444 15 62464 112 62584 46 62634 6 62701 14 62720 112 62841 46 62891 4 62957 13 62976 113 63096 10 63109 34 63164 8 63213 13 63232 114 63352 10 63365 35 63413 16 63468 14 63488 115 63611 5 63620 36 63666 20 63723 16 63740 120 63868 4 63875 37 63922 20 63979 137 64131 37 64178 21 64235 137 64386 39 64434 22 64490 138 64642 42 64691 21 64745 17 64765 119 64897 44 64947 21 64998 19 65024 117 65153 45 65203 21 65254 18 65280 117 65408 46 65460 20 65509 19
190259,0 214 229 25 256 215 486 23 512 215 743 22 768 215 1000 20 1024 215 1256 20 1280 136 1417 79 1511 20 1536 136 1673 79 1767 19 1792 136 1929 78 2023 9 2035 6 2048 215 2279 8 2292 5 2304 216 2536 6 2549 3 2560 216 2794 3 2816 217 3072 217 3328 218 3584 219 3840 219 4096 219 4352 38 4394 177 4608 38 4650 178 4864 41 4906 179 5097 5 5120 221 5351 9 5376 115 5496 14 5511 105 5632 114 5754 12 5767 106 5888 115 6015 114 6144 116 6262 3 6271 114 6400 116 6519 122 6656 118 6775 122 6912 241 7168 241 7423 242 7679 243 7935 242 8191 242 8448 242 8704 242 8960 243 9216 243 9472 243 9728 243 9984 243 10240 242 10496 242 10752 204 10960 33 11008 204 11217 32 11264 204 11473 31 11520 38 11561 163 11730 30 11776 38 11818 162 11985 17 12007 8 12032 24 12061 3 12065 4 12075 161 12241 13 12263 7 12288 24 12321 4 12332 159 12496 14 12520 5 12544 25 12577 5 12590 7 12600 147 12752 13 12776 4 12800 25 12833 5 12848 5 12857 146 13008 12 13056 24 13089 5 13104 3 13112 146 13264 11 13312 23 13345 10 13360 1 13368 145 13521 10 13568 23 13598 1 13601 3 13605 7 13614 4 13623 106 13730 39 13779 7 13824 23 13853 4 13861 15 13877 108 13990 34 14038 2 14080 23 14109 5 14117 124 14248 32 14336 23 14364 6 14373 124 14505 30 14592 22 14619 133 14762 28 14848 21 14875 133 15018 27 15104 21 15130 134 15274 27 15360 20 15383 137 15530 27 15616 18 15639 136 15786 27 15872 17 15895 136 16042 6 16052 18 16128 17 16149 137 16309 17 16384 157 16566 16 16640 157 16824 13 16896 157 17082 10 17152 157 17408 157 17664 158 17864 2 17920 158 18121 1 18130 2 18176 158 18381 7 18432 158 18637 7 18688 159 18894 3 18900 3 18925 5 18944 160 19156 4 19180 8 19200 160 19412 5 19436 8 19456 161 19668 5 19675 1 19692 9 19712 161 19931 1 19942 5 19948 9 19967 162 20187 1 20196 18 20221 164 20452 17 20477 164 20707 18 20733 165 20963 16 20989 165 21218 16 21244 166 21474 13 21500 167 21728 13 21749 173 21983 14 22003 174 22239 15 22258 174 22494 15 22513 103 22617 71 22750 15 22768 104 22873 24 22901 43 23006 13 23023 105 23129 21 23158 43 23261 11 23279 12 23294 113 23415 43 23517 10 23535 12 23548 115 23672 6 23679 36 23773 10 23790 130 23937 35 24030 9 24046 130 24193 35 24287 9 24299 133 24450 33 24544 9 24554 15 24572 117 24706 33 24802 15 24818 2 24830 90 24921 25 24961 33 25059 6 25069 1 25087 88 25178 25 25217 33 25317 3 25343 87 25434 25 25472 33 25571 7 25599 86 25691 24 25728 32 25826 9 25856 80 25947 22 25984 31 26082 9 26112 79 26203 13 26218 5 26239 31 26338 10 26368 79 26460 12 26475 4 26494 32 26595 7 26624 80 26716 11 26732 3 26750 32 26880 79 26972 11 26988 3 27007 31 27136 79 27228 12 27243 4 27263 31 27392 79 27484 11 27500 1 27520 30 27648 79 27740 11 27776 29 27904 78 27997 9 28033 27 28121 4 28160 78 28254 7 28290 24 28376 10 28416 77 28512 4 28546 24 28631 13 28672 77 28803 22 28886 15 28928 46 28976 29 29062 19 29141 17 29184 45 29235 26 29321 16 29396 19 29440 44 29491 27 29577 15 29652 19 29696 44 29747 27 29833 14 29907 22 29952 44 30003 27 30084 18 30164 23 30208 43 30260 26 30339 18 30420 25 30464 43 30516 26 30594 19 30676 25 30720 12 30733 29 30772 4 30779 18 30850 19 30932 26 30976 12 30989 28 31029 2 31038 11 31106 8 31117 7 31189 24 31232 12 31245 28 31362 7 31374 5 31446 22 31488 41 31619 4 31703 19 31744 40 31966 11 32000 22 32025 15 32223 10 32256 21 32281 15 32479 10 32512 22 32538 14 32738 6 32768 23 32801 6 33024 23 33059 3 33202 12 33280 23 33455 16 33536 24 33711 17 33792 24 33828 1 33969 15 34048 24 34226 14 34304 25 34482 14 34560 25 34739 13 34816 25 34995 13 35072 25 35253 11 35328 25 35358 4 35510 10 35584 25 35613 5 35768 7 35840 35 36028 2 36096 35 36352 35 36608 35 36864 36 37120 36 37376 36 37632 36 37888 36 38144 35 38400 34 38656 30 38912 28 39158 5 39168 22 39414 7 39424 21 39669 9 39680 10 39691 8 39925 9 39936 9 39949 5 40181 10 40192 8 40438 9 40448 7 40694 17 40950 16 41071 8 41206 15 41326 12 41461 15 41581 14 41717 15 41836 16 41972 16 42052 4 42092 17 42228 16 42307 6 42347 18 42484 17 42563 7 42603 19 42741 16 42811 2 42818 9 42859 19 42997 16 43065 5 43073 11 43115 19 43252 17 43320 21 43371 20 43397 11 43493 5 43507 19 43575 23 43628 20 43652 13 43748 7 43762 19 43829 26 43884 20 43907 15 44003 9 44017 20 44084 27 44140 39 44253 15 44273 10 44284 9 44339 28 44396 38 44507 18 44529 10 44540 3 44544 5 44595 28 44652 37 44762 19 44786 8 44797 1 44800 5 44851 27 44908 36 45017 21 45046 8 45056 5 45106 27 45164 21 45187 13 45272 22 45303 6 45312 5 45340 4 45361 23 45388 1 45420 20 45444 12 45528 24 45558 7 45568 5 45595 7 45616 21 45677 19 45700 13 45784 26 45814 9 45824 6 45850 8 45872 19 45933 19 45956 15 46039 28 46070 9 46080 6 46106 9 46127 19 46190 17 46212 16 46290 34 46326 16 46361 10 46383 18 46447 16 46468 17 46545 36 46582 17 46617 10 46639 16 46705 13 46724 18 46793 1 46800 37 46838 16 46872 11 46895 14 46962 12 46979 19 47048 5 47056 54 47122 17 47144 19 47221 8 47233 21 47302 7 47312 53 47377 18 47400 17 47479 3 47487 23 47557 64 47631 18 47656 15 47742 23 47811 65 47886 18 47911 15 47998 22 48066 66 48142 17 48165 17 48254 21 48319 21 48342 45 48398 16 48419 19 48510 21 48570 73 48654 15 48671 24 48766 23 48826 71 48910 14 48927 25 49023 15 49040 6 49082 70 49166 16 49183 25 49280 12 49296 7 49338 70 49422 43 49537 10 49552 8 49594 70 49672 49 49795 8 49808 9 49851 69 49928 50 50051 7 50063 11 50080 2 50092 9 50108 68 50184 51 50308 5 50319 23 50347 11 50364 68 50439 52 50565 3 50574 26 50602 13 50620 68 50695 53 50830 42 50876 68 50949 55 51085 43 51132 68 51205 57 51341 45 51388 68 51460 61 51597 49 51649 63 51716 61 51852 48 51910 58 51973 61 52108 9 52120 36 52168 56 52230 60 52306 3 52364 7 52378 35 52425 55 52488 59 52560 6 52595 4 52620 6 52635 34 52681 52 52734 2 52744 59 52816 8 52849 7 52877 13 52891 34 52938 51 53001 58 53071 13 53098 3 53104 9 53133 48 53194 53 53257 6 53265 50 53327 14 53353 16 53389 48 53450 54 53514 4 53521 50 53583 15 53609 17 53645 48 53706 54 53778 48 53839 16 53865 17 53900 48 53961 55 54034 48 54095 17 54120 19 54155 49 54216 56 54291 46 54352 15 54375 23 54409 52 54472 56 54548 44 54609 14 54630 28 54663 54 54728 56 54804 42 54866 11 54880 94 54984 56 55061 40 55123 8 55135 96 55240 56 55317 39 55381 6 55390 97 55496 56 55573 30 55637 7 55645 99 55753 55 55829 29 55894 106 56009 55 56086 26 56150 108 56266 54 56343 16 56406 110 56523 53 56599 15 56662 111 56780 52 56855 13 56918 111 57036 52 57112 8 57175 67 57245 40 57293 51 57431 67 57502 39 57549 13 57569 31 57687 66 57758 39 57805 7 57826 30 57944 65 58014 39 58062 5 58084 28 58200 64 58271 38 58319 4 58341 27 58454 66 58528 38 58598 26 58681 10 58709 65 58786 36 58854 26 58937 13 58964 67 59045 33 59109 27 59192 16 59219 68 59302 32 59364 28 59448 22 59473 70 59558 32 59619 29 59704 94 59814 31 59875 29 59960 94 60071 30 60131 29 60216 94 60327 29 60388 28 60472 94 60572 2 60584 28 60644 28 60676 4 60702 1 60728 94 60827 9 60841 23 60900 28 60930 7 60985 93 61084 10 61098 22 61156 38 61241 93 61340 10 61355 21 61412 28 61441 9 61499 92 61596 13 61611 22 61667 29 61697 10 61758 89 61852 37 61923 29 61955 8 62014 90 62108 24 62134 10 62178 19 62202 6 62214 5 62270 90 62364 22 62390 10 62434 19 62459 5 62471 4 62525 93 62619 18 62646 9 62690 18 62715 5 62728 4 62755 3 62780 21 62803 90 62902 8 62946 18 62972 4 62983 5 63011 4 63033 116 63158 9 63202 17 63229 3 63238 5 63267 5 63288 117 63414 9 63424 4 63458 16 63486 2 63495 2 63510 3 63522 6 63543 118 63670 16 63715 16 63743 1 63765 4 63777 7 63798 119 63926 16 63971 16 64022 3 64032 9 64054 119 64182 17 64228 15 64278 4 64286 11 64308 122 64438 17 64484 15 64534 7 64543 16 64563 123 64691 21 64741 13 64770 1 64787 11 64800 169 64998 12 65034 20 65058 168 65254 7 65289 21 65315 66 65386 1 65390 92 65511 4
191621,0 65536
191853,0 18268 18271 253 18528 252 18783 252 19039 253 19293 253 19547 509 20057 45479
192744,0 59 77 238 332 239 588 239 844 240 1099 242 1355 243 1611 244 1867 243 2123 243 2378 243 2634 243 2890 243 3146 242 3401 243 3657 243 3912 244 4167 245 4422 247 4677 249 4932 250 5187 251 5442 252 5697 253 5951 40430 46385 232 46621 12 46642 230 46880 7 46899 228 47155 227 47412 224 47647 7 47669 222 47902 10 47924 5 47931 215 48157 27 48189 212 48413 27 48446 210 48667 31 48707 203 48917 37 48966 199 49172 39 49222 189 49415 5 49427 41 49479 185 49683 42 49735 185 49939 42 49991 185 50195 41 50248 184 50452 1 50455 36 50505 183 50710 32 50763 181 50965 32 51021 179 51221 33 51279 177 51476 34 51538 174 51732 34 51793 175 51988 34 52049 175 52244 35 52305 175 52501 34 52560 176 52758 8 52767 24 52816 176 53024 23 53072 176 53281 22 53327 177 53539 19 53583 177 53795 18 53839 177 54052 15 54096 154 54254 6 54264 8 54307 17 54353 153 54520 8 54544 5 54563 17 54613 148 54775 9 54794 2 54797 10 54818 18 54870 147 55031 9 55047 17 55074 4 55080 12 55126 147 55282 14 55303 23 55336 13 55381 171 55558 27 55592 13 55637 171 55813 29 55847 14 55892 172 56069 29 56102 15 56147 173 56324 30 56357 15 56401 175 56579 31 56612 16 56656 176 56833 32 56867 17 56911 207 57123 17 57166 207 57379 17 57421 207 57635 17 57677 209 57891 17 57932 211 58147 17 58188 213 58403 19 58443 214 58659 19 58699 237 58955 238 59212 238 59468 239 59724 238 59980 238 60236 237 60493 235 60750 84 60835 147 61007 81 61092 144 61266 75 61350 141 61522 27 61555 41 61606 140 61779 23 61816 36 61864 128 61995 5 62035 22 62072 35 62121 127 62291 20 62327 35 62378 126 62547 21 62582 35 62634 126 62804 20 62838 34 62890 86 62979 6 62986 31 63022 2 63061 19 63093 34 63143 89 63245 29 63277 4 63322 13 63348 33 63397 91 63501 36 63579 12 63603 34 63652 92 63758 36 63836 10 63859 35 63908 92 64014 30 64045 5 64094 7 64114 37 64158 3 64164 92 64270 30 64302 3 64370 38 64412 6 64420 92 64527 29 64625 143 64784 2 64788 23 64880 144 65046 21 65136 144 65304 18 65392 144
196973,0 65536
217771,0 65536
222553,0 65536
222596,0 65536
227391,0 65536
232617,0 2 19 39 149 11 219 20 256 2 274 39 396 1 404 12 475 20 512 2 530 39 651 4 659 13 731 20 768 2 785 40 906 23 987 19 1024 2 1038 42 1162 24 1243 18 1280 2 1288 47 1418 25 1500 17 1536 2 1543 47 1674 25 1757 15 1792 2 1799 45 1930 25 2014 14 2048 1 2055 44 2186 25 2272 12 2311 32 2345 9 2442 25 2529 11 2567 31 2603 5 2699 24 2786 9 2823 31 2860 2 2884 5 2954 25 3044 7 3080 29 3139 13 3210 26 3305 1 3341 24 3394 16 3465 27 3598 23 3650 16 3721 28 3855 21 3906 18 3979 27 4112 9 4125 6 4156 2 4161 19 4236 26 4370 5 4382 4 4410 27 4492 26 4666 27 4748 26 4921 28 5004 26 5120 1 5177 28 5261 26 5376 3 5429 32 5518 27 5632 3 5684 32 5776 25 5888 3 5938 35 6034 23 6144 3 6193 38 6291 22 6400 3 6449 39 6548 21 6656 2 6704 41 6805 20 6912 2 6960 42 7061 19 7168 1 7216 43 7318 18 7472 44 7541 2 7576 16 7727 11 7739 34 7791 10 7835 1 7843 4 7982 12 7995 35 8047 11 8217 1 8236 14 8251 35 8303 11 8472 4 8490 52 8550 5 8557 13 8727 10 8745 54 8805 20 8976 3 8984 11 9001 80 9232 4 9241 11 9256 79 9487 5 9500 9 9511 8 9521 69 9743 6 9757 17 9778 68 10000 5 10013 17 10035 66 10256 5 10270 15 10291 65 10513 4 10527 14 10547 66 10769 5 10783 12 10804 66 11026 5 11039 7 11061 67 11182 2 11283 6 11295 6 11319 66 11430 3 11437 3 11540 5 11552 4 11575 67 11685 12 11796 6 11809 1 11831 67 11940 14 12032 7 12052 6 12087 66 12195 15 12288 11 12308 5 12343 65 12451 15 12544 12 12563 7 12575 4 12599 65 12709 13 12800 13 12818 8 12829 6 12856 63 12968 10 13056 12 13073 19 13114 10 13127 47 13224 9 13312 12 13327 21 13372 6 13383 45 13481 6 13568 38 13616 1 13630 2 13640 44 13737 4 13824 40 13870 5 13896 43 13993 3 14080 42 14125 6 14152 43 14336 51 14409 42 14592 27 14622 21 14666 40 14848 27 14878 20 14922 40 15104 26 15135 18 15178 39 15360 26 15391 16 15433 40 15616 26 15647 14 15688 41 15872 26 15903 13 15943 42 16128 26 16159 13 16199 39 16384 26 16415 12 16454 36 16640 26 16673 9 16710 36 16896 25 16931 4 16966 35 17152 26 17222 34 17408 26 17478 34 17664 26 17733 36 17920 27 17989 36 18176 27 18245 35 18432 19 18452 7 18501 35 18688 27 18720 7 18758 32 18944 27 18975 8 19014 30 19200 17 19219 8 19230 9 19270 30 19456 16 19475 9 19485 10 19526 30 19713 14 19733 7 19741 9 19782 32 19818 3 19969 13 19991 4 19997 8 20039 31 20073 5 20226 10 20255 5 20295 39 20483 8 20511 4 20552 39 20740 4 20767 4 20808 41 21024 3 21064 43 21114 4 21320 44 21370 4 21576 45 21625 5 21831 47 21883 2 22077 7 22085 49 22331 59 22585 62 22839 64 23094 66 23163 5 23349 76 23604 78 23858 80 24112 82 24367 83 24623 70 24697 8 24708 6 24878 70 24953 19 25134 69 25209 7 25217 12 25389 69 25462 9 25473 13 25645 69 25718 4 25729 14 25901 69 25973 5 25984 17 26156 69 26228 6 26240 18 26412 70 26484 7 26495 19 26669 69 26739 8 26751 20 26925 79 27005 22 27181 103 27438 102 27694 102 27950 102 28206 103 28462 103 28680 10 28718 103 28936 12 28974 103 29192 14 29230 53 29287 46 29447 20 29486 53 29543 45 29702 22 29742 53 29798 45 29957 24 29998 53 30054 45 30212 27 30252 56 30309 46 30467 31 30502 14 30518 46 30565 47 30723 32 30757 12 30775 94 30979 32 31013 12 31032 95 31235 46 31289 95 31491 46 31545 96 31747 46 31802 95 32003 47 32058 95 32259 47 32314 96 32515 49 32569 97 32770 152 33026 152 33280 154 33536 154 33792 154 34048 154 34304 153 34560 154 34816 154 35072 154 35328 153 35584 152 35840 150 36096 149 36352 149 36608 148 36864 139 37120 138 37376 138 37632 139 37888 140 38144 140 38400 141 38656 141 38912 141 39168 140 39424 137 39680 135 39936 133 40192 132 40448 132 40704 131 40960 130 41216 130 41472 115 41591 11 41728 115 41848 9 41984 116 42105 7 42240 116 42362 4 42496 115 42752 115 43008 114 43264 114 43520 114 43776 114 44032 114 44288 114 44544 114 44800 114 45056 114 45312 114 45568 114 45824 113 46080 113 46336 112 46592 94 46689 13 46848 93 46945 10 47104 92 47203 2 47360 92 47616 93 47872 93 48128 94 48384 94 48640 93 48896 93 49152 92 49408 92 49664 98 49920 40 49963 57 50176 3 50183 5 50190 25 50219 57 50432 2 50440 4 50447 23 50475 57 50697 5 50704 22 50731 61 50953 6 50961 20 50986 63 51208 8 51219 17 51241 65 51464 9 51477 14 51496 66 51721 8 51739 7 51753 66 51968 1 51977 8 51995 6 52009 4 52016 60 52224 1 52233 7 52252 4 52273 59 52480 1 52490 5 52530 59 52736 1 52786 58 53042 37 53083 16 53298 36 53339 15 53554 36 53596 12 53809 2 53813 32 53852 10 54064 3 54071 21 54093 7 54109 8 54320 3 54328 12 54349 6 54366 5 54576 3 54585 9 54605 6 54834 1 54842 5 54861 5 55117 4 56832 9 57088 10 57104 4 57344 21 57406 4 57600 22 57661 9 57856 22 57916 11 58112 23 58154 4 58172 12 58368 23 58409 8 58428 12 58624 23 58665 8 58684 12 58880 23 58921 8 58941 10 59137 22 59177 7 59198 8 59394 14 59433 6 59456 3 59653 4 59689 6 59945 6 59968 6 60200 7 60216 3 60223 11 60454 11 60470 22 60708 41 60964 41 61221 40 61477 40 61734 40 61990 40 62247 27 62277 9 62503 27 62533 10 62760 25 62790 9 63023 18 63046 8 63280 16 63303 6 63536 15 63793 8 64049 6 64306 3 64771 3 65026 5 65281 7 65449 3
238364,0 977 978 7470 8449 255 8705 5167 13874 253 14130 253 14386 253 14642 253 14898 253 15153 254 15409 1775 17185 255 17441 1282 18724 253 18981 2546 21531 250 21787 248 22043 3 22047 243 22300 1 22304 240 22560 240 22816 240 23072 240 23328 241 23583 243 23839 244 24094 245 24349 247 24605 245 24860 244 25115 245 25366 250 25622 251 25878 251 26134 252 26389 253 26645 253 26901 254 27156 1004 28162 254 28419 253 28676 252 28932 255 29190 255 29446 256 29703 4837 34550 244 34807 241 35064 240 35320 237 35558 2 35572 243 35827 243 36083 243 36339 237 36578 3 36595 236 36851 233 37107 231 37363 229 37598 3 37619 228 37852 7 37875 226 38106 13 38131 226 38360 19 38386 536 38926 252 39182 253 39437 2833 42271 254 42529 249 42785 245 43042 243 43298 243 43555 242 43811 241 44067 240 44323 240 44579 242 44835 244 45091 246 45346 249 45602 250 45858 251 46114 253 46369 254 46625 489 47115 254 47372 252 47629 250 47887 241 48132 6 48145 239 48388 8 48403 7 48411 229 48643 11 48657 5 48668 228 48898 20 48924 228 49154 21 49179 229 49409 23 49435 253 49691 8933 58626 254 58882 254 59138 254 59393 2695 62089 21 62114 108 62223 118 62346 19 62371 226 62603 19 62626 226 62860 18 62882 226 63116 17 63137 227 63373 15 63392 229 63630 12 63648 230 63887 10 63903 231 64144 8 64159 201 64361 30 64402 4 64415 233 64659 1 64670 111 64783 93 64879 26 64923 104 65029 105 65137 25 65178 105 65286 104 65394 24 65433 103
243578,31997 3 32246 3 32252 4 32498 14 32751 17 33004 20 33258 22 33512 24 33766 26 34015 33 34269 35 34523 37 34777 39 35031 41 35284 44 35535 49 35780 3 35784 56 36034 62 36290 62 36546 62 36801 63 37055 65 37309 67 37563 69 37818 70 38072 72 38326 74 38577 79 38829 83 39082 86 39335 89 39589 91 39842 94 40096 96 40350 98 40604 100 40858 102 41112 104 41365 107 41618 110 41872 112 42126 114 42379 117 42633 119 42887 121 43138 126 43391 129 43644 132 43895 137 44149 139 44402 142 44654 146 44908 148 45163 149 45418 150 45673 151 45926 154 46179 157 46430 162 46683 165 46936 168 47190 170 47444 172 47696 176 47946 182 48198 186 48449 191 48702 194 48956 196 49209 199 49463 201 49717 203 49970 206 50218 214 50471 217 50722 222 50974 226 51228 228 51479 233 51731 237 51982 242 52236 244 52489 247 52743 249 52997 251 53252 253 53506 12030
246195,0 32 37 1831 1870 254 2128 125 2258 123 2386 123 2514 124 2643 121 2770 128 2899 121 3026 250 3283 108 3393 139 3543 104 3649 140 3801 244 4057 245 4312 247 4566 249 4819 10260 15080 4555 19636 254 19892 254 20149 253 20404 255 20660 676 21337 252 21594 252 21851 251 22107 164 22272 86 22363 252 22619 254 22875 497 23375 252 23633 123 23758 123 23890 246 24147 244 24403 244 24659 243 24915 243 25171 105 25281 132 25427 103 25536 131 25682 104 25792 129 25937 74 26015 27 26047 128 26184 4 26193 72 26272 25 26302 129 26440 5 26448 71 26528 25 26558 129 26696 6 26703 60 26770 3 26784 25 26813 123 26939 3 26953 65 27041 150 27209 63 27297 149 27466 62 27557 143 27722 61 27797 2 27814 141 27978 61 28052 4 28075 135 28216 5 28233 62 28308 5 28319 3 28333 136 28471 8 28489 63 28564 4 28575 4 28589 147 28745 63 28822 1 28831 5 28845 147 29000 65 29087 5 29098 150 29255 66 29344 4 29351 153 29509 69 29606 228 29862 228 30116 131 30249 5 30256 91 30370 132 30513 5 30521 83 30625 132 30778 83 30880 132 31034 84 31135 132 31290 73 31366 9 31391 131 31546 73 31622 9 31647 130 31802 73 31879 9 31904 128 32057 87 32160 126 32313 87 32417 122 32569 88 32673 117 32824 93 32930 113 33080 95 33186 108 33336 96 33441 95 33537 11 33592 200 33848 200 34104 200 34360 200 34612 204 34866 206 35089 6 35098 5 35121 127 35250 78 35342 18 35373 130 35508 76 35597 20 35627 130 35765 75 35853 20 35882 128 36021 6 36032 9 36044 52 36100 4 36109 21 36137 129 36278 4 36290 8 36301 51 36355 6 36365 22 36393 130 36534 5 36547 7 36558 50 36611 32 36649 132 36786 12 36804 8 36814 50 36866 34 36906 150 37061 8 37071 49 37121 36 37161 153 37318 254 37574 9273 46848 254 47104 216 47326 31 47360 213 47583 29 47616 211 47838 29 47872 209 48094 28 48128 210 48351 27 48384 207 48592 2 48607 26 48640 182 48827 20 48865 17 48885 3 48896 182 49085 18 49127 11 49152 183 49341 17 49387 6 49408 73 49486 105 49598 16 49644 4 49664 72 49741 46 49791 57 49854 14 49920 72 49997 45 50046 58 50176 184 50432 184 50688 184 50944 183 51200 183 51456 66 51523 116 51712 184 51899 7 51968 195 52224 195 52480 195 52736 194 52992 193 53248 190 53504 189 53760 187 54016 176 54193 9 54272 175 54450 8 54528 174 54706 7 54784 174 54963 3 55040 174 55296 78 55375 95 55552 76 55631 94 55808 75 55887 94 56064 73 56143 93 56320 72 56400 92 56576 72 56656 91 56832 74 56911 91 57088 76 57165 93 57344 170 57600 86 57687 82 57856 86 57943 82 58112 85 58199 81 58368 85 58455 82 58624 85 58711 83 58880 85 58968 82 59136 85 59225 80 59392 84 59482 78 59648 84 59739 73 59904 85 59996 72 60160 85 60252 72 60416 85 60508 73 60672 86 60764 73 60928 86 61021 31 61055 38 61184 86 61279 19 61312 35 61440 85 61536 17 61568 30 61696 85 61793 5 61825 26 61952 85 62084 21 62208 84 62340 18 62464 83 62597 15 62720 82 62853 11 62976 81 63110 8 63232 80 63367 6 63488 79 63744 63 63809 13 64000 62 64063 15 64256 7 64266 10 64278 39 64319 15 64513 4 64524 6 64533 38 64575 15 64781 3 64789 35 64831 14 65045 34 65087 14 65301 31 65343 13
246347,36 32 89 21 118 6 148 6 159 17 194 7 293 30 345 21 374 6 404 6 415 18 450 7 549 30 600 22 631 4 660 6 671 18 706 6 805 29 855 22 916 5 927 18 962 5 1061 29 1111 21 1172 4 1183 18 1218 4 1316 32 1367 20 1439 17 1477 4 1567 38 1623 19 1696 15 1734 7 1822 40 1880 17 1952 14 1990 10 2076 42 2136 17 2208 12 2247 10 2330 45 2392 17 2464 10 2504 11 2585 46 2648 16 2711 5 2720 9 2761 12 2839 48 2904 16 2965 9 2975 8 3017 12 3094 49 3160 15 3218 21 3273 14 3350 36 3389 10 3416 14 3473 23 3529 15 3607 34 3646 8 3672 12 3728 24 3768 4 3785 15 3863 33 3905 5 3928 10 3984 24 4022 7 4042 14 4119 31 4163 2 4184 10 4240 10 4251 12 4271 15 4299 12 4376 30 4440 10 4495 9 4507 11 4526 16 4581 3 4633 28 4696 9 4751 8 4764 9 4782 16 4837 4 4889 28 4952 8 5006 8 5020 8 5038 17 5093 5 5145 28 5208 7 5262 6 5276 5 5294 17 5349 5 5400 29 5464 7 5518 6 5532 4 5550 17 5605 5 5656 28 5720 7 5775 4 5787 5 5806 17 5861 5 5912 28 5976 6 6041 8 6052 2 6062 17 6116 6 6167 28 6232 5 6296 10 6307 3 6318 17 6373 4 6424 26 6487 5 6502 1 6551 14 6574 16 6629 2 6671 3 6680 25 6743 4 6756 6 6807 13 6829 17 6926 4 6936 20 6959 2 7000 1 7011 8 7062 13 7086 16 7183 2 7192 19 7215 3 7267 10 7318 13 7342 16 7448 20 7470 4 7524 9 7573 14 7598 15 7704 20 7726 5 7781 9 7824 19 7854 15 7961 18 7982 4 8037 9 8079 19 8110 14 8131 1 8217 18 8238 4 8293 9 8326 5 8334 20 8366 13 8386 4 8473 17 8548 10 8581 24 8608 6 8622 7 8641 5 8666 2 8729 17 8804 10 8836 24 8864 7 8878 6 8895 8 8921 5 8984 17 9060 10 9091 25 9119 9 9134 6 9150 9 9176 7 9240 16 9315 11 9345 27 9374 11 9390 6 9405 9 9432 7 9496 12 9571 11 9601 27 9629 12 9647 9 9661 9 9687 9 9751 12 9828 10 9856 42 9903 10 9917 9 9943 9 10008 10 10084 10 10098 8 10111 43 10159 10 10172 9 10198 11 10265 9 10341 68 10415 9 10426 11 10454 11 10521 9 10598 67 10671 7 10682 10 10710 11 10777 8 10855 66 10927 6 10937 11 10966 10 11034 6 11112 65 11184 4 11192 13 11222 10 11290 5 11373 60 11440 4 11447 14 11477 10 11547 4 11628 61 11696 22 11732 10 11804 1 11884 61 11951 24 11988 9 12140 61 12206 25 12244 8 12396 60 12462 25 12501 6 12652 61 12716 27 12759 2 12909 90 13165 90 13410 5 13422 89 13655 8 13665 6 13679 88 13909 18 13935 17 13957 66 14163 20 14192 9 14209 69 14418 20 14448 8 14465 7 14475 59 14545 2 14674 21 14703 9 14720 8 14731 58 14799 6 14930 21 14958 11 14976 9 14987 57 15055 7 15187 21 15214 11 15232 67 15310 9 15443 21 15470 11 15489 65 15566 9 15699 21 15727 9 15742 67 15821 10 15955 20 15983 9 15997 67 16076 10 16211 19 16240 7 16253 67 16330 12 16467 18 16497 5 16508 68 16585 13 16724 16 16756 1 16764 69 16840 13 16875 3 16880 5 16896 4 16981 15 17020 69 17095 14 17130 13 17244 7 17277 68 17351 14 17384 15 17502 4 17534 67 17606 14 17639 16 17792 16 17809 47 17862 14 17895 16 18049 9 18066 46 18119 13 18151 15 18173 1 18306 6 18323 45 18376 12 18407 25 18562 6 18580 4 18588 36 18633 4 18638 6 18664 24 18820 2 18845 36 18896 4 18921 23 19102 20 19124 14 19177 23 19359 18 19381 13 19433 23 19616 16 19638 12 19688 24 19872 16 19897 9 19943 25 20130 12 20155 6 20198 26 20387 10 20412 4 20454 26 20644 6 20668 4 20709 27 20902 3 20965 27 21221 27 21476 31 21732 31 21989 31 22245 32 22502 32 22759 31 23020 27 23277 26 23533 26 23790 25 24047 11 24064 7 24305 1 24320 7 24576 7 24832 8 25045 3 25088 8 25299 6 25344 8 25555 6 25600 8 25798 7 25810 7 25856 8 26054 7 26067 5 26112 7 26309 9 26323 4 26368 7 26565 9 26624 8 26821 9 26880 9 27077 9 27136 11 27332 11 27392 14 27588 11 27648 14 27843 12 27883 5 27904 15 28100 10 28138 6 28160 16 28357 3 28394 6 28416 18 28649 8 28671 21 28905 8 28922 26 29161 8 29173 31 29416 9 29428 32 29672 9 29682 20 29703 13 29928 30 29959 13 30185 29 30216 12 30448 24 30473 10 30704 24 30733 4 30961 24 31217 25 31473 25 31729 25 31986 6 31996 14 32230 3 32243 3 32253 13 32485 6 32509 14 32740 8 32768 16 32996 8 33024 17 33251 9 33280 17 33507 10 33536 18 33763 10 33792 18 34020 9 34048 18 34276 8 34304 19 34533 5 34560 19 34816 19 35072 19 35328 20 35584 19 35840 17 36096 15 36352 15 36608 15 36864 15 37120 15 37376 15 37632 15 37888 16 38144 16 38400 17 38656 16 38912 16 39168 16 39424 16 39680 16 39936 16 40192 16 40448 17 40704 17 40960 18 41216 17 41472 17 41728 17 41984 18 42240 21 42496 23 42752 23 43008 23 43264 23 43520 22 43776 22 44032 22 44288 22 44544 22 44800 22 45056 22 45312 21 45568 21 45824 21 46080 20 46336 20 46592 20 46848 20 47104 20 47360 19 47616 18 47872 17 48128 17 48385 15 48643 12 48901 10 49158 8 49417 2 49694 4 49949 6 50197 5 50204 8 50452 17 50706 20 50962 20 51218 19 51474 19 51730 19 51987 18 52244 17 52505 12 52737 1 52762 11 52992 3 53019 10 53248 3 53276 10 53504 4 53532 3 53537 5 53760 4 53790 7 54016 5 54046 7 54272 7 54302 7 54528 8 54558 8 54784 9 54815 7 55040 9 55071 7 55079 1 55296 10 55328 9 55552 12 55584 11 55808 14 55842 9 56064 15 56099 7 56320 15 56576 16 56832 16 57088 17 57344 17 57600 17 57856 17 58112 17 58270 3 58368 17 58525 4 58624 17 58781 5 58880 17 59136 17 59392 17 59648 17 59904 18 60160 18 60234 6 60322 4 60416 18 60489 13 60577 5 60672 18 60744 15 60830 9 60928 18 61000 16 61086 9 61184 18 61257 15 61343 8 61440 19 61519 9 61599 8 61696 21 61736 3 61746 1 61777 7 61855 8 61952 23 61991 16 62034 4 62112 7 62208 25 62247 20 62368 7 62464 28 62502 22 62624 7 62720 29 62757 25 62880 6 62976 31 63013 26 63136 6 63232 32 63268 29 63392 6 63488 66 63640 4 63646 8 63668 4 63744 66 63856 4 63894 15 63923 6 64000 66 64111 5 64149 16 64176 9 64256 65 64366 7 64403 17 64431 10 64512 65 64622 7 64658 18 64686 11 64768 39 64811 21 64878 6 64913 18 64941 13 65024 39 65069 18 65134 6 65170 12 65196 15 65280 39 65328 14 65392 2 65427 10 65451 18
250616,0 65536
252446,82 5 104 1 858 1 1112 4 1368 5 1624 5 1881 4 2137 3 2394 2 2468 2 2650 1 2723 3 2906 4 2979 3 3162 5 3418 5 3674 4 3931 2 4187 3 4443 3 4454 3 4699 5 4711 3 4955 5 4967 3 5212 3 5224 3 5480 4 5736 5 5758 2 5991 6 6012 5 6247 7 6268 5 6502 8 6514 3 6758 8 6769 5 7014 17 7270 17 7527 17 7784 16 8041 18 8063 2 8297 26 8552 28 8808 29 9065 28 9321 25 9579 24 9837 22 10093 23 10350 22 10481 3 10606 24 10736 5 10863 23 10992 6 11120 21 11249 6 11376 17 11506 5 11633 15 11763 5 11890 14 12021 4 12147 13 12277 5 12408 7 12534 4 12666 3 12791 3 14859 1 18161 3 18417 2 18673 2 20667 1
254228,0 65536
255130,0 65536
255132,0 173 200 23 256 171 455 24 512 170 710 24 768 164 933 4 965 24 1024 164 1219 26 1280 134 1420 24 1474 27 1536 132 1676 24 1729 27 1792 132 1932 16 1951 3 1985 27 2048 132 2188 15 2241 27 2304 132 2444 14 2498 25 2560 132 2701 12 2754 25 2816 132 2957 11 3012 23 3072 131 3213 10 3268 23 3328 130 3468 10 3520 26 3584 130 3724 8 3736 1 3773 27 3840 132 3979 15 4028 23 4096 133 4235 15 4283 22 4352 154 4539 21 4608 153 4796 10 4809 6 4864 152 5055 4 5120 152 5365 4 5376 151 5605 1 5620 6 5632 150 5843 3 5860 4 5876 7 5888 149 6099 4 6115 7 6130 10 6144 148 6355 3 6371 8 6384 13 6398 150 6626 11 6638 166 6882 29 6912 147 7138 177 7394 177 7650 177 7906 177 8163 176 8420 175 8678 172 8935 166 9191 164 9447 163 9654 2 9703 162 9900 3 9909 3 9959 161 10155 5 10215 161 10411 5 10471 161 10666 5 10719 1 10727 161 10923 4 10974 5 10982 162 11179 3 11228 173 11483 174 11739 174 11994 174 12249 175 12504 176 12759 177 13013 179 13267 180 13523 179 13778 180 14034 178 14290 177 14545 177 14801 171 14976 1 15056 170 15312 37 15354 98 15453 10 15474 6 15567 32 15610 109 15730 6 15823 35 15865 111 15987 5 16079 35 16120 110 16244 3 16334 37 16376 110 16589 38 16632 111 16844 39 16888 112 17099 40 17144 112 17272 10 17355 40 17399 113 17526 14 17610 41 17655 114 17780 17 17802 4 17866 41 17910 116 18035 29 18121 42 18166 117 18290 31 18377 42 18422 156 18631 203 18886 204 19142 203 19397 202 19652 202 19907 201 20162 53 20216 146 20418 53 20472 145 20674 52 20728 144 20930 189 21123 2 21186 189 21442 189 21699 189 21956 188 22212 189 22468 189 22724 49 22776 135 22979 50 23032 133 23235 49 23289 131 23491 47 23546 129 23746 47 23803 127 24003 45 24058 67 24129 57 24260 44 24313 128 24517 43 24568 127 24775 42 24824 123 25030 43 25079 123 25285 44 25334 124 25540 45 25589 125 25796 47 25844 126 26052 45 26100 127 26294 2 26307 46 26356 108 26466 17 26547 5 26563 45 26612 106 26723 16 26802 7 26819 45 26868 106 26980 15 27056 9 27073 47 27124 106 27237 14 27311 12 27324 52 27380 106 27494 12 27566 66 27636 106 27751 8 27821 67 27892 107 28009 3 28076 68 28148 108 28331 68 28403 109 28586 68 28659 110 28842 67 28914 111 29098 183 29354 182 29610 182 29866 181 30121 181 30369 3 30377 180 30624 6 30633 179 30879 7 30889 179 31135 7 31145 178 31390 9 31400 180 31645 191 31900 193 32155 194 32410 69 32483 122 32666 66 32738 122 32921 65 32994 117 33176 64 33249 115 33431 65 33504 115 33686 65 33759 115 33942 65 34015 115 34198 64 34270 117 34454 62 34526 117 34710 60 34782 118 34902 3 34965 60 35037 95 35133 29 35221 47 35273 7 35293 93 35389 30 35476 48 35532 4 35548 92 35646 29 35731 48 35804 92 35903 28 35987 48 36060 91 36161 26 36243 48 36315 91 36420 5 36429 13 36499 48 36571 91 36687 10 36755 48 36826 91 36946 4 37011 47 37081 91 37267 47 37337 90 37524 47 37592 90 37780 47 37849 88 38036 47 38106 87 38292 46 38362 87 38548 46 38620 85 38804 46 38877 84 39060 45 39134 83 39293 10 39307 5 39316 45 39390 84 39548 20 39572 46 39647 83 39803 22 39829 44 39903 82 40059 22 40085 43 40162 78 40313 25 40342 40 40419 70 40493 2 40566 28 40601 37 40675 69 40748 3 40820 30 40858 35 40931 69 41002 5 41075 32 41114 35 41186 78 41328 35 41370 35 41442 78 41580 39 41626 35 41697 79 41835 42 41882 36 41953 73 42027 4 42090 44 42138 37 42209 73 42346 45 42395 36 42465 73 42602 45 42651 36 42720 73 42857 45 42907 37 42976 72 43110 48 43164 36 43231 72 43365 49 43421 35 43486 72 43619 51 43677 35 43742 72 43874 52 43932 36 43997 73 44124 58 44187 37 44253 73 44378 60 44443 37 44509 74 44628 65 44698 38 44765 75 44883 65 44953 38 45021 76 45138 65 45209 37 45277 76 45393 65 45465 36 45534 76 45648 66 45721 29 45790 75 45904 66 45977 28 46046 75 46159 68 46233 27 46302 75 46414 70 46489 24 46559 74 46670 70 46746 21 46815 74 46925 71 47003 20 47042 3 47071 74 47180 72 47260 2 47267 11 47292 10 47327 74 47435 73 47524 10 47546 13 47584 74 47691 73 47781 8 47798 18 47840 74 47918 1 47946 74 48039 6 48052 21 48096 74 48171 6 48201 74 48298 1 48303 26 48351 82 48438 5 48457 73 48557 29 48607 83 48692 11 48712 73 48811 32 48863 97 48967 73 49051 4 49067 34 49120 175 49307 5 49323 35 49376 175 49563 5 49578 37 49633 177 49819 5 49834 37 49890 178 50075 5 50089 38 50146 179 50331 5 50345 37 50403 179 50588 2 50601 37 50659 179 50857 36 50916 178 51113 36 51173 177 51370 34 51434 172 51626 34 51691 172 51881 34 51948 19 51968 151 52136 34 52204 18 52224 151 52387 39 52461 16 52480 152 52641 41 52718 14 52736 152 52896 42 52975 12 52992 152 53152 43 53231 9 53248 152 53407 45 53489 5 53504 129 53635 20 53663 46 53760 130 53893 17 53919 47 54016 130 54156 9 54174 48 54272 130 54414 8 54428 28 54460 18 54528 130 54671 7 54682 29 54722 12 54784 130 54927 39 54977 13 55040 129 55183 39 55233 13 55296 129 55440 37 55489 12 55552 90 55643 37 55696 38 55745 12 55808 88 55900 36 55953 37 56002 11 56064 87 56157 35 56210 36 56258 11 56320 87 56412 36 56466 38 56512 13 56576 83 56662 2 56666 37 56722 40 56767 15 56832 83 56917 42 56977 41 57022 16 57088 82 57171 43 57232 43 57277 17 57344 82 57427 42 57488 42 57533 17 57600 125 57744 42 57788 18 57856 127 58000 41 58045 17 58112 128 58258 39 58301 17 58368 128 58515 38 58558 16 58624 129 58771 37 58815 15 58880 80 58963 18 58985 24 59027 37 59070 17 59136 79 59219 17 59242 22 59284 36 59326 18 59392 77 59476 7 59488 3 59499 20 59540 36 59581 19 59648 76 59734 4 59756 19 59796 35 59836 20 59904 75 60015 15 60052 36 60092 19 60160 75 60273 13 60308 36 60348 18 60416 74 60530 11 60565 35 60603 18 60672 74 60790 6 60821 35 60858 18 60928 74 61078 54 61184 74 61335 52 61440 75 61593 50 61696 75 61851 48 61952 75 62109 45 62208 76 62366 43 62464 75 62629 36 62702 4 62720 75 62886 34 62957 5 62976 74 63143 33 63212 6 63232 74 63399 33 63467 7 63488 74 63655 35 63723 7 63744 74 63911 36 63978 8 64000 74 64167 37 64234 9 64245 6 64256 74 64423 38 64490 9 64500 85 64679 38 64746 9 64756 85 64936 38 64998 99 65192 38 65253 99 65449 37 65508 28
255544,0 16640 16641 255 16898 254 17154 254 17411 253 17667 253 17923 253 18179 253 18436 252 18692 252 18949 251 19205 251 19461 251 19718 250 19974 250 20230 250 20487 249 20743 249 20999 249 21256 248 21512 248 21768 248 22025 247 22281 247 22537 247 22793 247 23050 246 23306 246 23562 246 23819 245 24075 245 24331 245 24588 244 24845 243 25101 243 25357 243 25613 243 25869 243 26126 242 26382 242 26639 241 26895 241 27151 241 27407 241 27664 240 27921 239 28177 239 28433 239 28689 239 28946 238 29203 237 29459 237 29715 237 29972 236 30228 236 30484 236 30741 235 30997 235 31253 235 31510 234 31766 234 32022 234 32280 232 32536 232 32792 232 33048 232 33304 232 33560 232 33817 231 34073 231 34330 230 34586 230 34842 230 35098 230 35356 228 35612 228 35868 228 36124 228 36380 228 36636 228 36893 227 37150 226 37406 226 37662 226 37918 226 38174 226 38431 225 38687 225 38943 225 39199 225 39456 224 39712 224 39969 223 40226 222 40482 222 40738 222 40994 222 41251 221 41508 220 41765 219 42021 219 42277 219 42533 219 42789 219 43046 218 43303 217 43558 218 43814 218 44070 218 44326 218 44583 217 44839 217 45096 216 45352 216 45608 216 45864 216 46121 215 46377 215 46633 215 46890 214 47146 214 47402 214 47659 213 47915 213 48171 213 48428 212 48684 212 48940 212 49197 211 49453 211 49709 211 49966 210 50222 210 50478 210 50734 210 50991 209 51247 209 51504 208 51760 208 52016 208 52273 207 52529 207 52785 207 53042 206 53298 206 53554 206 53811 205 54067 205 54323 205 54580 204 54836 204 55092 204 55349 203 55605 203 55861 203 56118 202 56374 202 56630 202 56886 202 57143 201 57399 201 57656 200 57912 200 58168 200 58425 199 58681 199 58938 198 59194 198 59450 198 59706 198 59963 197 60219 197 60475 197 60732 196 60988 196 61244 196 61501 195 61757 195 62013 195 62270 194 62526 194 62782 194 63039 193 63295 193 63552 192 63808 192 64064 192 64320 192 64577 191 64833 191 65089 191 65346 190
260940,0 117 222 2 230 13 256 116 442 4 477 5 486 12 512 114 697 7 732 7 742 12 768 112 953 9 988 9 998 11 1024 109 1209 10 1230 4 1243 20 1280 106 1466 9 1485 6 1499 19 1536 104 1723 8 1741 7 1754 19 1792 103 1979 9 1997 7 2010 18 2048 103 2236 7 2246 2 2254 6 2265 20 2304 104 2493 3 2510 6 2520 22 2560 96 2657 7 2766 6 2776 23 2816 94 2913 7 3023 5 3034 22 3072 94 3169 8 3280 3 3290 23 3328 94 3423 10 3546 23 3584 105 3714 3 3802 23 3840 105 3969 5 4058 23 4096 105 4213 2 4220 11 4314 22 4349 2 4352 104 4467 21 4570 22 4605 103 4722 22 4825 7 4836 11 4860 103 4977 24 5096 6 5117 101 5231 27 5327 5 5354 2 5373 101 5486 28 5581 9 5631 99 5739 31 5836 11 5888 98 5992 35 6091 15 6144 99 6248 35 6346 17 6400 140 6601 20 6656 140 6857 21 6912 140 7114 19 7168 140 7345 3 7371 18 7424 140 7600 5 7629 16 7680 139 7855 7 7887 13 7936 139 8110 9 8150 7 8192 138 8366 10 8406 8 8448 84 8535 51 8621 11 8662 9 8704 83 8793 49 8871 17 8918 10 8960 83 9049 49 9126 18 9175 10 9216 83 9306 49 9381 19 9431 10 9472 85 9561 50 9636 19 9688 9 9728 86 9817 50 9892 18 9945 7 9984 73 10062 61 10148 17 10202 6 10240 36 10279 31 10318 60 10403 17 10458 6 10496 33 10537 29 10567 5 10573 60 10658 18 10711 10 10752 32 10793 95 10914 17 10966 11 11008 31 11049 95 11170 15 11221 13 11264 30 11304 95 11426 14 11477 13 11520 29 11559 95 11684 2 11690 3 11733 14 11776 28 11814 60 11875 35 11989 15 12032 28 12066 62 12130 35 12245 16 12288 29 12320 60 12386 35 12500 17 12544 92 12640 37 12755 18 12800 91 12896 36 13010 19 13056 94 13151 37 13266 19 13312 131 13522 19 13568 131 13778 19 13824 135 14034 19 14080 137 14290 20 14336 138 14546 22 14592 138 14803 22 14848 74 14925 7 14935 52 15002 3 15060 21 15104 72 15183 5 15190 54 15245 5 15257 5 15320 17 15343 4 15360 8 15371 60 15441 66 15512 7 15577 16 15599 6 15615 9 15627 59 15697 11 15711 5 15719 45 15767 8 15834 15 15855 7 15869 10 15883 58 15953 11 15976 44 16021 10 16090 16 16111 8 16122 13 16140 37 16179 16 16208 12 16239 48 16347 17 16367 25 16396 35 16437 13 16464 11 16495 49 16594 7 16605 16 16624 24 16652 24 16678 9 16696 6 16719 11 16752 48 16848 30 16882 23 16909 19 16935 2 16941 3 16975 10 17009 48 17103 31 17140 21 17167 18 17191 11 17231 9 17266 48 17358 32 17397 21 17425 7 17436 5 17447 12 17487 8 17523 50 17611 34 17654 19 17682 5 17693 5 17702 13 17744 5 17780 51 17839 3 17865 35 17910 19 17939 3 17949 5 17958 14 18037 51 18094 5 18118 35 18166 19 18205 5 18215 12 18252 6 18293 52 18350 6 18372 36 18422 19 18461 5 18472 11 18507 8 18549 52 18607 5 18627 36 18678 18 18716 6 18728 10 18762 9 18804 53 18862 4 18882 37 18934 18 18972 6 18985 8 19000 1 19018 10 19059 54 19117 4 19138 36 19190 9 19200 8 19221 14 19242 6 19273 11 19315 55 19372 6 19394 35 19446 8 19456 8 19475 17 19529 12 19571 7 19581 54 19649 35 19702 7 19712 8 19729 20 19785 13 19827 6 19839 54 19905 34 19958 7 19968 8 19984 22 20042 12 20075 5 20084 4 20096 55 20160 35 20215 6 20224 8 20239 23 20300 10 20330 8 20352 56 20415 34 20472 5 20480 8 20495 23 20557 9 20586 9 20608 59 20670 33 20728 4 20736 6 20751 23 20813 10 20842 10 20864 94 20992 3 21007 24 21069 10 21099 10 21120 93 21247 1 21264 25 21325 10 21355 10 21376 92 21502 2 21521 25 21582 9 21612 9 21632 53 21688 35 21757 3 21778 24 21838 9 21870 7 21888 54 21945 34 22013 3 22035 23 22096 6 22128 4 22144 54 22203 25 22230 6 22269 3 22291 23 22368 4 22401 14 22419 36 22463 21 22486 5 22525 3 22547 23 22623 7 22659 11 22679 34 22720 20 22744 3 22781 3 22804 22 22871 2 22879 7 22917 11 22935 37 22975 20 23037 3 23053 3 23060 22 23124 6 23135 8 23174 11 23190 59 23294 2 23307 6 23316 22 23379 7 23392 6 23432 2 23435 6 23446 57 23551 1 23562 8 23573 20 23633 9 23649 5 23691 7 23702 44 23817 9 23829 20 23889 9 23906 3 23947 7 23959 42 24073 10 24085 20 24144 9 24162 3 24202 8 24216 40 24328 11 24342 18 24400 7 24457 10 24476 35 24582 13 24600 15 24619 5 24630 3 24712 12 24734 33 24838 13 24857 14 24875 14 24968 13 24990 32 25027 3 25094 12 25114 13 25129 13 25224 13 25247 31 25282 7 25290 3 25354 8 25371 13 25385 22 25412 7 25480 14 25503 47 25611 6 25627 13 25641 23 25667 9 25736 14 25759 48 25867 6 25884 36 25921 14 25993 13 26014 49 26122 7 26140 52 26250 12 26270 49 26378 7 26388 61 26507 10 26526 49 26633 8 26643 62 26764 9 26781 50 26889 73 27021 7 27037 50 27145 6 27153 65 27278 5 27293 50 27401 6 27409 65 27549 51 27658 6 27666 65 27805 53 27914 73 28060 54 28171 8 28180 63 28316 54 28427 72 28572 55 28683 72 28829 54 28939 73 29077 1 29085 54 29195 74 29332 4 29342 53 29447 79 29589 3 29598 52 29700 82 29846 1 29854 51 29956 82 30110 43 30211 83 30366 42 30469 81 30623 40 30726 80 30815 4 30842 4 30879 40 30983 79 31071 6 31097 6 31135 40 31239 79 31326 9 31351 9 31386 4 31392 39 31495 79 31579 12 31606 11 31642 45 31752 78 31834 13 31861 13 31897 45 32009 76 32090 12 32117 14 32152 46 32266 33 32301 39 32345 13 32372 15 32408 46 32524 71 32601 12 32628 16 32646 8 32663 47 32781 69 32858 10 32883 29 32918 14 32935 31 33041 65 33128 5 33139 29 33174 13 33193 29 33300 63 33383 8 33393 32 33429 14 33451 27 33557 62 33639 60 33708 25 33814 61 33894 63 33964 24 34070 60 34150 64 34221 23 34325 60 34406 66 34477 23 34504 6 34581 59 34663 66 34733 34 34837 58 34920 66 34989 34 35093 57 35177 65 35244 36 35348 57 35433 65 35500 37 35604 57 35689 65 35756 40 35859 57 35945 65 36011 42 36115 57 36200 93 36294 16 36370 58 36456 93 36551 15 36626 58 36710 94 36808 14 36882 58 36965 78 37046 14 37064 7 37072 6 37138 57 37219 79 37303 13 37322 3 37328 6 37365 6 37393 58 37464 1 37472 81 37561 10 37585 5 37618 11 37649 56 37718 4 37727 81 37818 8 37842 3 37873 13 37904 55 37974 4 37981 83 38075 6 38128 14 38159 55 38230 4 38237 83 38331 6 38384 15 38415 9 38426 43 38492 83 38588 4 38634 5 38640 16 38670 10 38683 41 38742 1 38747 83 38846 1 38889 23 38926 11 38939 41 38996 90 39144 24 39180 14 39195 40 39251 91 39400 24 39436 55 39504 83 39592 7 39656 24 39691 55 39760 82 39848 8 39912 24 39948 53 40015 68 40085 13 40103 9 40167 25 40204 1 40206 50 40271 67 40342 12 40359 10 40423 25 40463 47 40527 67 40598 12 40614 12 40679 25 40718 46 40783 67 40854 11 40870 12 40934 25 40973 46 41040 67 41110 8 41126 12 41190 25 41228 47 41296 68 41365 9 41381 13 41446 24 41482 49 41552 102 41702 23 41738 49 41808 6 41817 93 41958 23 41993 50 42064 6 42073 93 42214 23 42249 50 42320 6 42329 93 42471 21 42505 50 42576 76 42654 19 42727 20 42761 50 42832 74 42911 17 42984 18 43018 48 43088 73 43168 14 43240 17 43275 46 43344 73 43432 4 43496 17 43531 45 43600 75 43752 17 43787 44 43855 78 44008 16 44042 45 44111 79 44264 15 44295 47 44366 80 44521 13 44550 47 44622 80 44777 14 44804 48 44877 81 45034 13 45058 49 45133 80 45290 13 45313 49 45389 65 45456 12 45546 13 45568 50 45645 64 45712 12 45801 14 45824 49 45901 63 45968 11 46057 14 46080 49 46157 63 46225 10 46312 16 46336 47 46412 64 46481 9 46568 16 46592 44 46668 63 46736 10 46755 4 46824 18 46848 41 46924 63 46991 11 47010 7 47079 19 47104 39 47168 2 47181 61 47246 12 47266 7 47335 20 47360 39 47422 6 47437 61 47502 12 47522 7 47590 22 47616 39 47677 8 47693 60 47759 11 47780 5 47846 22 47872 40 47932 9 47949 59 48016 9 48093 1 48101 23 48128 40 48187 11 48205 59 48273 6 48316 4 48348 2 48357 22 48384 41 48443 11 48460 60 48571 6 48603 4 48613 22 48640 41 48700 11 48715 61 48816 2 48826 7 48855 8 48868 22 48896 41 48956 12 48969 62 49071 5 49082 7 49110 9 49124 22 49152 42 49212 73 49326 6 49338 7 49365 11 49380 23 49408 42 49468 72 49579 10 49593 8 49621 12 49636 23 49664 42 49725 70 49832 13 49849 7 49877 13 49891 24 49920 41 49982 69 50086 15 50104 8 50134 36 50176 41 50239 66 50342 14 50361 5 50390 36 50432 41 50495 62 50598 14 50617 4 50646 34 50688 41 50750 62 50854 13 50902 33 50944 41 51006 62 51110 12 51157 33 51200 42 51262 61 51367 11 51412 34 51456 43 51517 62 51594 3 51624 9 51665 37 51712 44 51773 61 51844 10 51881 8 51918 40 51968 44 52015 3 52029 60 52099 11 52139 6 52174 40 52224 44 52271 4 52285 58 52354 13 52396 4 52429 30 52460 8 52480 44 52525 6 52540 56 52610 14 52685 29 52721 1 52736 51 52794 58 52866 14 52941 29 52992 52 53050 58 53114 1 53122 16 53196 30 53248 52 53305 59 53368 6 53377 17 53452 31 53504 52 53560 60 53623 28 53678 4 53708 32 53760 52 53816 60 53878 29 53933 9 53964 32 54016 52 54071 61 54133 31 54188 14 54220 32 54272 51 54327 94 54444 16 54476 33 54531 46 54582 95 54693 1 54700 16 54733 18 54757 8 54789 46 54838 95 54947 4 54955 17 54990 15 55014 6 55029 7 55050 42 55093 95 55203 5 55210 18 55235 4 55248 13 55270 5 55284 9 55306 137 55458 6 55466 18 55490 6 55506 11 55540 8 55552 4 55563 134 55713 27 55745 7 55763 10 55795 8 55808 4 55819 133 55968 28 56001 7 56020 8 56051 7 56064 5 56075 132 56224 27 56256 9 56276 7 56306 8 56320 3 56331 36 56370 92 56479 27 56512 9 56533 4 56551 1 56557 14 56584 1 56587 34 56626 92 56735 27 56768 10 56806 4 56812 15 56840 37 56882 92 56991 26 57025 8 57061 22 57095 38 57138 92 57247 24 57283 5 57316 24 57345 45 57394 91 57503 21 57572 25 57600 46 57648 93 57760 18 57828 26 57856 140 58016 16 58045 2 58084 27 58112 139 58273 15 58298 7 58340 35 58377 128 58530 14 58553 8 58596 35 58634 79 58717 44 58790 14 58809 8 58853 33 58891 77 58974 43 59048 14 59064 9 59109 32 59148 76 59230 43 59304 15 59320 9 59365 32 59404 72 59486 43 59560 14 59576 8 59621 31 59659 72 59742 43 59816 14 59832 8 59877 110 59998 43 60072 13 60090 5 60133 28 60164 35 60202 40 60255 42 60328 12 60346 4 60389 65 60458 33 60511 42 60584 11 60645 63 60714 32 60768 2 60774 35 60840 10 60901 36 60939 25 60970 29 61031 33 61098 5 61156 36 61196 24 61226 27 61287 19 61310 9 61412 33 61453 7 61463 12 61482 27 61542 18 61569 4 61667 33 61710 4 61721 10 61738 26 61798 18 61922 33 61978 9 61993 25 62053 19 62178 32 62234 8 62248 24 62309 20 62433 32 62490 36 62564 21 62689 31 62746 34 62785 3 62819 23 62944 32 63003 5 63009 25 63040 5 63074 25 63200 32 63260 3 63265 20 63295 6 63330 26 63456 32 63521 15 63548 9 63574 1 63585 27 63711 33 63777 13 63803 10 63828 5 63840 29 63966 34 64003 5 64033 14 64058 9 64082 43 64222 34 64259 7 64289 14 64314 7 64336 45 64478 34 64515 10 64545 20 64570 7 64592 45 64734 34 64771 12 64801 21 64826 6 64848 45 64990 34 65027 12 65058 20 65084 4 65104 45 65247 33 65282 14 65314 20 65342 1 65360 45 65503 33
263633,0 28 79 8 256 29 335 9 512 33 592 8 768 34 848 9 1024 35 1103 11 1280 36 1347 6 1359 12 1536 36 1576 4 1601 9 1614 14 1792 48 1852 14 1870 14 1888 5 2048 52 2107 16 2126 14 2143 7 2304 52 2362 17 2382 14 2399 7 2560 53 2618 17 2639 7 2647 2 2656 6 2816 53 2873 19 2896 5 2912 6 3072 53 3128 20 3169 4 3186 2 3329 53 3383 22 3440 5 3585 76 3696 5 3842 63 3910 8 3952 5 4098 61 4167 8 4208 4 4355 56 4424 7 4463 5 4611 54 4681 6 4719 4 4867 52 4938 4 5124 50 5195 2 5380 49 5637 48 5892 47 6148 37 6405 35 6457 2 6661 34 6714 1 6916 36 7171 37 7284 1 7425 41 7539 4 7680 44 7794 6 7936 44 8050 6 8192 44 8306 6 8448 43 8561 13 8704 42 8817 15 8960 41 9072 18 9216 40 9328 18 9472 41 9585 18 9728 41 9841 19 9984 42 10084 2 10097 19 10240 43 10340 3 10353 20 10496 44 10596 3 10610 21 10752 45 10866 22 11008 46 11123 21 11264 47 11380 21 11520 49 11639 17 11776 13 11791 35 11897 14 12032 51 12146 3 12153 11 12288 51 12401 5 12409 9 12553 43 12657 5 12665 8 12809 43 12913 6 12922 6 13066 41 13170 5 13180 2 13322 40 13426 5 13576 41 13832 41 14087 42 14178 5 14342 43 14432 9 14597 44 14688 8 14851 47 14944 7 14997 3 15105 50 15200 3 15252 5 15360 51 15490 8 15508 6 15616 51 15744 11 15763 7 15872 50 15999 15 16019 8 16128 50 16182 4 16216 1 16252 19 16275 9 16305 5 16384 50 16435 8 16467 9 16507 21 16530 10 16559 9 16640 60 16722 10 16737 4 16762 35 16815 11 16897 60 16978 9 16992 6 17017 36 17071 12 17153 60 17234 3 17247 7 17272 37 17327 13 17409 61 17503 7 17527 38 17583 14 17665 61 17729 7 17759 6 17784 37 17836 17 17922 71 18015 5 18040 36 18091 17 18178 73 18297 25 18326 5 18347 17 18368 2 18435 72 18554 23 18602 16 18622 5 18691 72 18810 23 18858 17 18877 7 18947 7 18956 40 18997 22 19066 23 19114 17 19132 8 19203 6 19213 37 19253 21 19322 15 19339 5 19372 23 19456 3 19470 35 19509 20 19577 15 19596 4 19629 22 19712 6 19726 36 19763 21 19829 20 19886 20 19968 7 19982 58 20081 24 20144 18 20224 8 20238 58 20336 25 20399 19 20480 9 20494 58 20591 26 20653 22 20736 9 20750 58 20847 21 20870 3 20904 27 20992 10 21006 58 21102 20 21158 29 21248 72 21359 19 21413 30 21504 72 21615 19 21668 31 21760 73 21872 3 21877 13 21924 30 22016 43 22063 28 22134 12 22180 30 22272 42 22318 27 22390 10 22438 27 22528 41 22574 25 22648 5 22695 25 22784 41 22830 24 22952 23 23040 41 23087 23 23209 17 23296 71 23465 16 23552 7 23567 57 23722 14 23808 9 23825 57 23979 11 24064 9 24085 2 24091 37 24131 8 24237 6 24320 9 24348 47 24494 2 24576 10 24605 47 24832 10 24860 48 25088 11 25116 48 25344 11 25373 46 25600 12 25629 46 25856 12 25885 45 26112 12 26140 45 26368 12 26395 46 26624 11 26651 46 26880 5 26887 3 26907 46 27136 4 27163 45 27392 3 27421 43 27648 3 27679 35 27715 4 27904 3 27936 33 27972 1 28160 3 28193 31 28416 3 28450 33 28672 3 28708 31 28928 2 28968 28 29199 1 29224 28 29453 4 29479 30 29531 6 29704 10 29734 31 29786 9 29959 11 29989 32 30042 9 30055 5 30208 2 30214 12 30244 33 30298 10 30310 7 30464 19 30499 34 30554 18 30720 19 30754 35 30810 18 30976 19 31010 35 31066 17 31232 19 31264 37 31322 16 31488 19 31520 37 31577 17 31744 19 31776 2 31782 32 31833 16 31967 4 32000 19 32031 2 32040 29 32088 16 32222 6 32256 19 32287 2 32298 27 32343 17 32478 7 32512 19 32554 18 32575 5 32599 17 32621 4 32734 8 32768 20 32810 18 32832 1 32855 17 32874 9 32990 8 33024 21 33064 20 33111 17 33129 10 33247 8 33280 22 33319 22 33368 27 33503 8 33536 23 33565 4 33575 23 33625 26 33760 7 33792 34 33830 25 33883 23 34016 6 34048 35 34086 24 34139 22 34274 2 34304 35 34341 25 34395 20 34561 35 34597 24 34651 18 34817 59 34907 17 35074 57 35164 16 35332 55 35420 3 35425 11 35590 53 35683 10 35847 52 35940 9 36104 51 36172 5 36196 10 36362 33 36400 10 36411 10 36426 9 36454 8 36547 3 36608 1 36619 33 36657 3 36667 24 36710 8 36802 6 36864 1 36876 34 36922 25 36968 5 37057 8 37120 2 37132 22 37157 14 37177 26 37312 9 37376 2 37388 23 37413 15 37431 28 37568 10 37632 3 37644 24 37670 44 37824 10 37888 3 37900 69 38080 10 38144 2 38157 67 38338 8 38413 65 38596 6 38669 65 38852 7 38924 66 39108 10 39178 50 39230 15 39363 3 39369 5 39432 46 39489 12 39619 1 39626 4 39687 46 39747 8 39884 2 39943 45 40004 5 40151 3 40199 45 40262 1 40407 3 40455 45 40624 4 40663 4 40712 44 40878 8 40920 3 40968 44 41131 16 41225 44 41386 18 41455 2 41481 45 41641 20 41710 4 41738 45 41897 21 41966 5 41995 45 42153 23 42222 5 42253 44 42409 24 42479 9 42510 44 42666 25 42740 5 42767 44 42922 26 42997 5 43023 44 43177 28 43253 5 43279 44 43350 2 43433 28 43509 5 43536 42 43605 4 43689 28 43766 4 43792 41 43861 4 43945 27 44022 4 44050 38 44117 3 44201 27 44279 3 44310 33 44457 26 44568 31 44713 26 44827 29 44968 26 45051 4 45083 29 45224 26 45305 7 45339 29 45480 27 45561 7 45595 29 45736 27 45816 8 45851 29 45992 27 46071 9 46106 30 46249 27 46301 2 46322 14 46362 31 46404 4 46506 26 46555 5 46577 15 46618 31 46659 6 46763 26 46811 5 46833 15 46873 33 46914 8 47020 25 47066 6 47089 15 47106 2 47128 34 47170 8 47278 24 47323 4 47345 21 47383 35 47426 8 47534 26 47579 3 47602 21 47636 37 47682 8 47789 28 47858 21 47891 38 47938 8 48044 30 48115 20 48145 41 48194 7 48299 32 48371 19 48400 42 48447 10 48553 36 48627 18 48656 43 48702 11 48806 40 48882 17 48911 58 49061 42 49138 15 49167 58 49317 42 49393 15 49423 58 49573 41 49647 17 49679 59 49829 40 49901 18 49935 59 50085 39 50157 16 50191 5 50200 50 50341 38 50412 16 50448 3 50459 47 50584 1 50597 37 50669 15 50717 46 50853 37 50913 1 50925 15 50975 45 51110 35 51167 4 51182 14 51232 44 51290 4 51366 34 51423 5 51438 14 51488 44 51545 6 51623 32 51680 4 51694 14 51745 43 51801 8 51870 7 51878 31 51951 12 52001 43 52057 9 52125 39 52207 6 52259 41 52313 10 52378 41 52465 2 52516 40 52569 11 52632 43 52771 40 52824 12 52888 43 53026 41 53080 12 53143 44 53282 40 53329 2 53335 13 53400 43 53538 40 53584 6 53591 14 53656 43 53743 2 53794 39 53840 22 53913 23 53942 12 53997 6 54050 38 54095 24 54170 20 54252 8 54306 37 54351 25 54427 18 54508 9 54561 37 54607 26 54684 16 54764 10 54817 35 54857 4 54863 26 54941 13 55020 10 55045 4 55073 34 55112 33 55198 11 55276 11 55300 7 55329 35 55367 34 55455 8 55532 11 55556 7 55585 72 55711 7 55788 11 55812 8 55841 71 55938 4 55967 8 56044 11 56068 8 56084 3 56097 70 56191 9 56223 9 56235 3 56300 11 56324 8 56339 5 56353 69 56445 12 56479 16 56555 13 56581 8 56595 6 56607 69 56700 14 56736 16 56810 18 56837 8 56850 9 56861 69 56956 14 56992 16 57025 1 57065 23 57093 8 57106 79 57212 13 57241 2 57249 16 57279 6 57319 25 57349 8 57362 78 57468 12 57496 3 57505 20 57534 14 57574 26 57605 8 57617 78 57724 11 57750 5 57760 26 57790 16 57816 2 57829 27 57861 90 57979 11 58006 7 58015 48 58070 5 58085 27 58117 89 58235 10 58262 59 58324 8 58341 27 58373 88 58492 8 58518 70 58598 26 58629 86 58748 7 58774 70 58854 26 58885 25 58911 12 58924 44 59004 6 59030 69 59109 27 59141 24 59170 9 59181 42 59261 4 59286 50 59338 17 59365 27 59397 24 59425 11 59438 41 59542 50 59594 16 59621 27 59653 23 59681 11 59695 38 59798 67 59877 27 59909 9 59923 8 59934 1 59936 52 60055 64 60133 27 60166 6 60180 6 60189 55 60311 58 60390 26 60422 5 60438 2 60444 55 60558 2 60568 53 60645 27 60679 4 60700 54 60813 5 60825 52 60901 27 60935 3 60956 53 61062 3 61068 7 61082 50 61156 28 61190 4 61212 46 61316 16 61338 50 61411 29 61468 45 61571 18 61594 49 61667 29 61725 43 61826 72 61922 30 61980 42 62082 71 62177 31 62236 41 62337 27 62366 42 62432 32 62491 42 62593 70 62688 32 62746 43 62846 71 62943 33 63002 44 63099 33 63133 38 63199 32 63258 21 63282 20 63353 34 63390 36 63455 32 63514 44 63607 37 63645 37 63711 33 63770 43 63859 79 63968 32 64026 42 64114 48 64167 26 64223 33 64266 5 64282 41 64368 26 64395 21 64425 23 64478 34 64521 6 64538 41 64624 26 64652 20 64681 18 64732 36 64776 7 64793 41 64880 16 64908 20 64937 17 64987 37 65032 7 65043 3 65049 40 65138 12 65168 16 65194 7 65243 37 65288 7 65298 6 65305 37 65428 11 65450 3 65499 37
268600,0 4266 4268 253 4525 252 4782 251 5039 251 5297 253 5553 2804 8359 254 8616 253 8872 254 9128 15301 24431 253 24691 249 24950 246 25208 9 25219 233 25466 3 25477 232 25734 231 25989 233 26245 51 26298 182 26500 52 26556 181 26755 53 26813 182 27000 1 27009 54 27070 189 27264 55 27327 189 27518 56 27583 247 27839 246 28095 246 28350 247 28606 247 28862 248 29118 250 29374 254 29630 19778 49410 254 49666 254 49922 1136 51059 255 51315 255 51572 254 51829 253 52086 254 52342 2242 54585 70 54658 181 54842 68 54915 179 55098 68 55172 178 55354 68 55428 178 55611 67 55684 177 55867 67 55940 177 56123 67 56196 176 56379 67 56452 176 56634 68 56708 176 56890 70 56963 177 57145 251 57400 252 57655 7171 64829 253 65086 252 65342 194
269087,0 43776 43777 255 44033 255 44291 253 44548 252 44804 252 45060 252 45316 252 45572 252 45828 252 46085 251 46341 251 46597 251 46853 251 47108 252 47363 253 47618 254 47873 255 48129 255 48385 255 48641 255 48897 255 49153 255 49410 254 49666 254 49923 253 50179 253 50436 252 50692 252 50949 251 51206 250 51464 248 51722 246 51979 245 52236 244 52492 244 52749 243 53005 243 53261 243 53517 243 53773 243 54029 243 54284 244 54539 245 54794 246 55046 250 55302 250 55557 251 55813 251 56069 251 56324 252 56580 252 56836 252 57092 252 57348 252 57604 252 57860 252 58116 252 58372 252 58628 252 58883 253 59139 253 59395 253 59651 253 59908 252 60165 251 60421 251 60677 252 60933 253 61189 254 61444 255 61700 252 61953 255 62209 255 62465 255 62721 2815
270495,0 12 39 48 91 38 175 36 212 32 249 18 296 47 347 38 431 35 470 30 506 17 553 47 604 37 688 34 732 24 764 15 809 47 860 38 944 35 988 24 1021 13 1065 47 1117 37 1200 35 1244 24 1277 13 1321 48 1375 35 1442 3 1457 36 1500 23 1533 12 1576 49 1633 34 1697 5 1711 39 1756 23 1789 12 1820 5 1832 49 1891 33 1941 3 1952 54 2012 23 2044 13 2074 7 2088 25 2123 13 2148 32 2195 7 2206 57 2268 23 2298 15 2328 9 2344 24 2383 8 2406 31 2450 69 2524 23 2554 15 2584 8 2600 23 2641 4 2663 31 2706 69 2780 22 2810 14 2840 7 2856 23 2919 31 2962 68 3036 22 3066 13 3096 7 3113 21 3174 32 3217 68 3292 22 3322 9 3354 2 3370 9 3430 32 3473 36 3512 27 3548 22 3579 7 3628 5 3686 31 3728 36 3769 25 3805 21 3836 6 3942 28 3985 37 4024 25 4063 19 4094 4 4199 25 4241 64 4320 19 4350 4 4455 24 4497 63 4577 18 4606 4 4630 3 4636 5 4711 22 4753 63 4834 17 4857 1 4863 6 4883 16 4967 22 5009 63 5095 12 5111 4 5120 7 5136 20 5223 22 5265 62 5352 11 5365 7 5376 8 5389 23 5455 2 5479 22 5521 61 5610 19 5632 8 5645 23 5710 4 5735 22 5776 60 5874 11 5888 9 5901 22 5968 1 5992 19 6032 59 6130 11 6144 9 6157 22 6231 4 6249 16 6288 38 6329 14 6344 2 6386 11 6400 9 6413 21 6484 7 6506 14 6545 41 6588 10 6642 10 6656 10 6670 19 6739 8 6762 14 6801 41 6848 5 6899 9 6912 10 6928 16 6994 9 7021 9 7058 40 7106 2 7155 8 7168 10 7184 15 7250 9 7315 39 7415 1 7424 10 7441 14 7507 5 7572 39 7680 10 7697 14 7764 2 7828 39 7882 5 7936 10 7953 14 8085 38 8136 9 8192 11 8209 14 8342 37 8391 11 8441 1 8448 30 8600 35 8647 13 8696 4 8704 30 8869 22 8903 13 8951 5 8960 17 8979 10 9126 21 9159 13 9206 6 9216 17 9235 10 9319 2 9383 20 9415 14 9461 8 9472 27 9574 3 9640 19 9671 13 9718 7 9728 25 9802 1 9830 2 9896 19 9928 12 9974 33 10042 18 10066 1 10075 4 10152 19 10186 8 10230 32 10295 23 10320 6 10327 9 10408 19 10444 4 10487 29 10542 2 10550 43 10598 1 10663 21 10744 27 10797 4 10805 45 10851 4 10919 21 11001 26 11052 5 11061 50 11175 19 11258 24 11309 4 11318 50 11432 10 11515 24 11560 2 11568 1 11574 50 11688 9 11772 23 11816 2 11831 49 11945 7 12029 23 12071 2 12087 42 12131 4 12203 3 12286 22 12327 2 12338 3 12342 42 12388 1 12545 19 12582 3 12594 44 12670 3 12802 18 12837 3 12850 43 12910 3 12923 8 13059 16 13093 3 13105 44 13165 4 13178 11 13315 15 13360 43 13421 4 13433 15 13572 5 13581 4 13616 43 13678 5 13688 23 13829 2 13838 1 13871 42 13934 6 13943 27 14056 8 14083 8 14093 3 14127 50 14189 38 14311 10 14337 15 14383 52 14444 43 14566 13 14580 2 14592 17 14637 56 14697 47 14821 18 14848 17 14871 2 14892 111 15076 20 15104 17 15127 2 15148 113 15301 5 15331 23 15360 17 15383 2 15404 104 15510 8 15555 8 15587 24 15616 19 15640 1 15661 103 15766 8 15810 9 15830 3 15842 25 15872 19 15917 102 16021 9 16064 12 16085 5 16098 26 16128 20 16173 113 16318 14 16340 6 16354 26 16384 10 16397 8 16429 113 16572 18 16595 8 16611 26 16640 21 16685 114 16808 3 16826 22 16850 10 16867 26 16896 22 16942 113 17063 7 17074 31 17106 13 17123 27 17152 22 17200 111 17319 58 17378 28 17408 23 17457 110 17574 88 17664 23 17713 110 17830 88 17920 23 17970 48 18019 61 18086 87 18176 23 18227 45 18284 52 18341 88 18432 23 18483 45 18541 52 18596 89 18688 22 18733 51 18798 52 18852 89 18944 21 18987 53 19055 142 19200 20 19242 54 19307 147 19456 19 19496 38 19535 16 19560 140 19703 28 19751 49 19802 5 19815 139 19959 21 20006 49 20060 3 20069 140 20215 21 20260 52 20316 5 20325 138 20472 5 20478 13 20514 56 20573 145 20729 1 20736 11 20770 183 20954 18 20992 10 21025 67 21093 62 21158 49 21211 16 21248 9 21282 66 21349 63 21415 48 21467 14 21505 7 21538 66 21605 64 21672 46 21724 12 21762 8 21794 66 21861 64 21929 45 21980 11 22019 10 22051 64 22117 64 22186 44 22238 7 22276 11 22307 63 22373 64 22442 42 22532 11 22563 63 22629 63 22698 41 22771 5 22788 11 22819 64 22885 63 22954 40 23022 11 23044 12 23075 65 23142 61 23211 37 23276 15 23300 11 23332 64 23397 62 23467 36 23532 16 23555 12 23588 126 23723 36 23786 19 23810 12 23844 125 23975 39 24039 22 24065 12 24099 125 24230 39 24295 22 24320 13 24355 126 24485 39 24550 23 24576 12 24591 4 24611 126 24739 41 24805 23 24832 20 24868 167 25060 24 25089 19 25125 165 25310 30 25345 21 25367 1 25381 67 25453 93 25564 33 25602 24 25638 47 25689 13 25710 66 25778 2 25788 14 25817 36 25858 25 25894 43 25945 13 25967 64 26044 11 26056 1 26072 37 26115 25 26151 41 26202 11 26224 63 26300 13 26327 39 26371 26 26408 39 26460 8 26482 61 26556 12 26583 38 26627 26 26665 38 26720 3 26741 57 26804 5 26810 14 26838 38 26884 26 26917 11 26933 17 26952 6 26998 56 27059 21 27094 35 27141 40 27189 16 27210 3 27255 54 27315 21 27350 33 27397 39 27445 14 27511 54 27570 22 27606 31 27653 39 27700 13 27767 54 27826 21 27862 26 27909 40 27954 13 28022 55 28082 21 28118 26 28160 1 28165 40 28209 11 28256 3 28278 55 28338 20 28374 26 28416 2 28422 39 28465 8 28512 4 28534 55 28594 20 28630 26 28672 2 28679 39 28720 8 28768 5 28791 31 28823 22 28851 18 28886 25 28928 1 28935 38 28976 8 29024 3 29048 30 29080 20 29109 15 29142 25 29192 37 29232 8 29306 27 29337 19 29368 11 29398 24 29448 36 29487 9 29563 14 29586 2 29594 12 29626 8 29654 24 29704 35 29742 10 29820 12 29852 10 29883 7 29910 24 29960 48 30077 11 30114 2 30141 3 30167 23 30216 48 30338 7 30423 24 30472 48 30595 6 30669 4 30680 23 30717 5 30728 49 30852 5 30924 7 30936 24 30971 8 30984 50 31110 1 31179 8 31193 22 31226 64 31301 4 31334 3 31434 10 31450 19 31481 65 31552 11 31586 8 31690 10 31706 17 31737 65 31806 14 31839 12 31946 10 31963 15 31993 65 32061 16 32090 17 32202 10 32220 13 32248 50 32303 11 32315 18 32346 17 32458 10 32476 12 32504 49 32560 10 32571 17 32601 18 32714 10 32731 13 32760 48 32817 8 32827 15 32854 21 32972 8 32987 12 33016 48 33073 7 33083 13 33108 23 33228 8 33243 11 33272 48 33330 4 33339 11 33362 25 33485 8 33499 11 33528 48 33582 1 33586 3 33595 7 33618 25 33741 8 33757 7 33785 47 33836 6 33852 3 33874 26 33997 7 34016 2 34042 46 34091 9 34130 26 34255 4 34299 59 34386 27 34556 59 34642 29 34812 60 34888 1 34898 30 35068 60 35142 4 35154 30 35323 61 35398 4 35410 31 35577 64 35653 4 35667 31 35832 5 35840 46 35887 10 35908 4 35923 31 35964 3 36087 6 36097 2 36102 39 36145 8 36162 5 36180 31 36219 5 36343 5 36359 38 36401 8 36417 5 36436 32 36474 9 36599 4 36615 37 36657 7 36673 5 36695 29 36730 13 36871 36 36913 7 36929 4 36954 27 36985 16 37128 35 37168 8 37186 2 37212 45 37384 34 37422 10 37469 45 37641 31 37677 11 37725 46 37898 22 37924 2 37933 11 37981 47 38051 7 38156 20 38189 11 38237 48 38305 10 38414 7 38423 8 38444 12 38493 49 38560 12 38585 5 38680 7 38700 11 38749 53 38814 14 38840 8 38937 6 38956 11 39004 14 39021 39 39067 17 39096 13 39195 2 39213 9 39260 12 39283 35 39319 21 39351 15 39470 6 39516 11 39540 56 39606 16 39772 11 39796 56 39862 17 39931 3 40027 11 40052 55 40118 17 40185 6 40283 10 40308 55 40374 16 40439 8 40503 16 40539 8 40564 54 40631 14 40694 10 40758 19 40796 1 40819 54 40888 13 40950 10 41013 22 41075 53 41145 12 41206 10 41268 24 41331 53 41401 11 41462 10 41524 25 41587 52 41656 11 41718 10 41779 26 41843 52 41911 11 41926 3 41930 4 41974 10 42035 25 42100 51 42166 27 42231 9 42291 25 42356 51 42421 29 42487 9 42548 24 42613 49 42676 31 42743 9 42804 24 42870 47 42932 31 42978 4 42999 9 43062 22 43128 43 43187 32 43223 4 43233 6 43255 9 43319 20 43386 40 43443 33 43479 5 43488 13 43511 11 43577 18 43642 40 43699 34 43736 5 43744 14 43767 15 43833 17 43882 4 43900 3 43907 31 43956 59 44023 16 44089 15 44136 7 44163 31 44212 59 44278 18 44345 13 44391 8 44420 30 44468 59 44534 19 44601 10 44645 10 44677 28 44724 57 44791 18 44858 7 44898 14 44934 27 44980 56 45048 17 45153 21 45191 24 45235 54 45306 3 45310 11 45392 1 45408 24 45447 19 45491 54 45568 9 45642 10 45664 27 45703 19 45747 54 45824 9 45897 13 45911 2 45920 29 45959 18 45987 2 46002 55 46080 9 46152 14 46177 29 46215 18 46244 1 46256 33 46293 20 46336 8 46408 14 46433 30 46471 18 46511 33 46551 16 46592 8 46663 15 46680 3 46687 33 46727 18 46767 31 46811 11 46848 7 46919 57 46983 18 47023 30 47104 7 47175 56 47239 6 47249 7 47278 6 47288 21 47360 6 47432 55 47495 5 47506 5 47534 5 47545 20 47616 5 47688 54 47751 5 47763 3 47790 5 47803 17 47872 5 47945 51 48007 5 48046 5 48061 15 48128 4 48203 49 48263 5 48302 5 48318 13 48384 3 48461 46 48519 5 48558 4 48576 9 48640 2 48717 46 48776 4 48815 2 48896 2 48966 1 48973 46 49152 2 49220 54 49408 2 49475 54 49664 2 49730 54 49920 2 49985 55 50176 2 50239 56 50432 3 50495 56 50655 3 50688 4 50750 57 50910 5 50944 5 51006 56 51165 7 51200 6 51214 5 51260 57 51324 4 51421 7 51456 7 51468 9 51515 58 51578 10 51678 6 51712 7 51724 11 51738 2 51765 63 51834 12 51934 6 51968 8 51980 18 52019 64 52089 13 52191 5 52224 8 52236 19 52273 65 52345 14 52448 4 52480 9 52491 20 52527 67 52600 15 52705 2 52736 31 52782 67 52856 15 52992 31 53037 67 53112 14 53249 30 53294 62 53368 14 53507 29 53550 61 53623 14 53764 27 53806 61 53879 12 54020 26 54062 60 54135 12 54275 28 54317 61 54390 13 54531 28 54572 62 54645 14 54787 29 54828 62 54900 1 54907 9 55043 29 55084 63 55155 2 55163 10 55298 31 55341 63 55419 13 55554 31 55597 65 55666 1 55675 15 55811 30 55853 72 55928 19 56067 36 56109 95 56322 37 56364 96 56578 38 56619 79 56700 15 56832 41 56874 79 56956 15 57088 120 57212 15 57344 119 57467 17 57534 2 57600 38 57641 78 57722 19 57789 4 57856 36 57897 78 57977 19 58045 4 58112 35 58153 72 58228 23 58270 14 58300 5 58368 34 58409 70 58484 19 58523 18 58557 3 58597 9 58624 33 58665 25 58692 42 58740 18 58776 21 58850 13 58880 33 58919 26 58948 43 58995 18 59030 24 59105 15 59136 64 59205 43 59251 17 59286 24 59360 16 59392 63 59461 45 59507 18 59542 24 59615 17 59648 63 59717 64 59797 25 59870 18 59904 63 59973 65 60053 24 60123 20 60160 62 60229 66 60309 23 60378 20 60416 64 60481 71 60565 23 60633 20 60672 80 60753 56 60821 22 60889 19 60928 138 61077 22 61145 17 61184 139 61334 20 61401 16 61440 140 61590 19 61656 14 61696 141 61846 17 61912 13 61952 141 62103 15 62165 15 62208 141 62360 12 62420 15 62441 1 62464 142 62608 1 62617 9 62675 16 62694 5 62720 50 62773 94 62873 7 62930 16 62949 7 62976 48 63031 92 63131 3 63186 26 63233 46 63293 62 63360 19 63441 28 63488 8 63499 35 63550 6 63558 52 63616 19 63697 28 63744 8 63755 34 63807 3 63815 16 63833 33 63872 19 63954 28 64000 9 64010 35 64071 16 64090 32 64127 20 64211 28 64256 44 64326 17 64346 32 64383 20 64470 27 64512 44 64581 19 64603 31 64639 20 64726 28 64768 44 64837 20 64859 31 64896 19 64982 29 65024 44 65092 22 65115 13 65129 18 65153 18 65237 31 65280 43 65347 23 65373 7 65388 15 65411 15 65493 12 65508 16
271746,2987 3 3242 5 3498 6 3753 7 4009 7 4265 7 4515 4 4520 8 4771 12 5027 5 5034 3 5283 5 5540 2 7919 3 8174 4 8429 6 8685 6 8941 6 9197 7 9452 8 9709 7 9965 7 10221 8 10477 9 10733 10 10990 10 11246 10 11503 9 11760 7 12013 1 12268 3 12523 5 12738 1 12777 9 12993 3 13033 10 13250 7 13288 12 13508 10 13543 13 13764 10 13798 14 14020 10 14054 13 14277 8 14310 13 14517 5 14534 5 14566 13 14773 6 14791 2 14823 13 15028 7 15080 12 15285 6 15336 11 15541 5 15592 10 15848 10 16104 9 16305 2 16362 6 16559 6 16621 2 16813 8 17068 10 17324 10 17580 9 17837 8 18094 7 18352 4 18849 4 19103 7 19360 7 19616 8 19872 9 20129 8 20385 8 20642 7 20899 4 20992 3 21248 4 21504 5 21760 5 22016 5 22272 4 22528 3 22784 2 23040 1 23727 2 23982 4 24238 4 24494 5 24505 1 24750 5 24759 5 25006 6 25015 5 25262 14 25519 12 25776 11 26032 9 26288 7 26546 4 27462 1 27717 4 27973 4 28229 3 29153 3 29409 4 29665 5 29921 8 30177 10 30433 11 30689 11 30945 11 31201 11 31458 10 31714 10 31971 10 32229 8 32489 4 42230 5 42485 7 42740 8 42836 1 42996 8 43090 5 43251 10 43346 5 43507 9 43602 6 43763 9 43858 6 44019 8 44114 5 44276 5 44532 4 45187 3 45286 5 45442 6 45541 7 45696 9 45797 8 45950 11 46052 10 46205 12 46297 1 46308 12 46461 11 46551 5 46563 13 46717 11 46806 9 46819 13 46974 9 47055 18 47074 14 47230 8 47310 33 47360 1 47486 8 47566 32 47616 3 47743 7 47822 31 47872 4 48000 7 48078 20 48100 9 48128 5 48256 8 48290 5 48334 19 48357 7 48384 5 48511 11 48544 9 48589 20 48615 3 48640 5 48766 12 48797 13 48845 8 48856 8 48896 5 49021 13 49051 15 49101 7 49112 8 49152 3 49277 12 49306 17 49357 8 49368 6 49449 4 49534 3 49561 23 49613 16 49704 7 49817 24 49869 15 49959 10 50072 26 50125 15 50215 13 50328 26 50382 14 50469 16 50584 27 50639 13 50724 18 50840 26 50896 12 50980 18 51095 27 51152 12 51235 19 51351 27 51408 12 51490 19 51590 5 51607 26 51664 12 51746 19 51846 6 51863 25 51921 10 52002 18 52101 7 52119 24 52179 6 52257 19 52357 8 52376 23 52513 19 52613 8 52634 20 52768 8 52779 9 52868 9 52892 15 53024 7 53036 7 53124 8 53151 6 53243 5 53280 7 53292 7 53319 4 53356 8 53380 8 53496 8 53536 6 53548 6 53574 6 53610 11 53636 8 53751 9 53793 5 53803 7 53829 7 53866 12 53893 8 54006 10 54050 3 54059 7 54085 8 54122 12 54149 9 54259 13 54315 7 54341 12 54379 11 54405 9 54515 13 54571 7 54597 15 54636 9 54661 9 54770 14 54828 5 54852 21 54894 6 54917 9 55026 14 55085 4 55108 22 55174 8 55282 14 55364 24 55432 6 55537 15 55619 26 55689 4 55793 15 55875 26 56049 15 56131 27 56305 15 56387 27 56561 15 56643 26 56817 15 56900 25 57074 14 57156 23 57332 15 57413 19 57475 2 57590 14 57669 18 57718 4 57730 3 57851 1 57854 7 57926 9 57939 2 57974 6 57987 2 58112 7 58127 4 58148 1 58183 6 58229 9 58368 9 58381 6 58478 17 58624 10 58637 7 58652 2 58733 18 58880 20 58908 2 58987 15 59003 2 59136 21 59164 2 59238 19 59392 21 59420 1 59492 20 59648 21 59747 21 59904 21 60002 22 60160 15 60177 4 60258 22 60416 14 60435 1 60514 22 60584 5 60672 13 60769 23 60839 11 60928 13 61025 23 61094 13 61126 1 61184 12 61282 22 61349 15 61379 7 61440 12 61538 22 61604 16 61628 15 61669 1 61696 12 61794 22 61860 16 61884 15 61922 7 61952 11 62050 22 62115 17 62139 16 62177 9 62208 10 62306 21 62370 18 62395 16 62432 11 62464 9 62540 7 62562 21 62626 18 62652 15 62688 11 62720 7 62794 10 62818 21 62882 19 62908 15 62944 10 62976 5 63049 11 63074 22 63139 18 63165 13 63201 9 63305 12 63330 22 63396 18 63422 12 63458 8 63561 13 63587 21 63653 16 63679 11 63715 7 63817 14 63843 22 63910 15 63936 9 63972 6 64072 16 64099 23 64164 15 64194 5 64228 6 64328 16 64356 6 64364 16 64419 11 64485 5 64585 16 64613 3 64620 16 64653 6 64674 11 64741 4 64842 15 64876 16 64908 8 64930 10 65099 14 65132 14 65164 9 65186 9 65356 13 65388 12 65420 10 65442 8
274444,0 65536
280079,0 65536
283388,14 223 248 8 270 224 503 9 526 224 758 10 782 225 1014 10 1038 227 1270 10 1294 229 1526 10 1550 231 1782 10 1807 121 1929 108 2038 10 2064 120 2186 118 2320 120 2441 119 2577 79 2658 158 2833 6 2845 7 2856 55 2916 156 3090 3 3101 7 3113 53 3172 156 3359 4 3370 50 3428 156 3626 48 3685 155 3882 47 3941 155 4138 46 4196 25 4225 127 4394 46 4446 30 4481 127 4651 45 4701 30 4737 127 4908 44 4956 30 4993 107 5102 18 5165 43 5212 27 5249 106 5359 17 5422 70 5505 104 5614 18 5678 70 5762 103 5870 18 5933 29 5965 38 6018 106 6126 18 6188 30 6223 13 6237 22 6275 125 6419 7 6444 32 6482 6 6494 20 6532 124 6673 10 6701 32 6750 19 6788 124 6929 12 6945 2 6963 27 7005 16 7044 105 7155 13 7184 22 7220 26 7261 14 7301 103 7413 11 7439 24 7476 26 7517 13 7557 102 7669 11 7695 24 7732 26 7772 13 7814 100 7923 13 7951 24 7988 26 8028 12 8071 99 8178 14 8206 25 8244 26 8284 11 8329 96 8433 15 8457 30 8501 25 8541 6 8587 93 8689 15 8711 33 8757 25 8845 90 8945 15 8965 35 9011 27 9101 88 9202 14 9220 38 9265 28 9358 85 9459 13 9476 40 9518 32 9613 84 9715 13 9732 75 9869 83 9972 12 9988 76 10094 3 10126 79 10228 12 10245 76 10349 5 10383 77 10485 4 10492 4 10509 69 10604 6 10640 75 10748 4 10766 6 10774 60 10860 7 10870 2 10896 75 11005 3 11024 2 11030 8 11039 50 11116 13 11151 11 11163 64 11286 6 11297 37 11336 8 11372 14 11407 9 11421 61 11540 8 11553 37 11594 3 11628 14 11662 9 11678 60 11796 8 11811 35 11885 13 11918 8 11934 59 12051 8 12071 31 12147 8 12174 7 12190 58 12307 8 12328 9 12341 17 12403 12 12431 5 12445 56 12563 7 12584 7 12597 17 12659 13 12701 54 12820 5 12853 16 12916 12 12956 53 13060 2 13109 15 13172 12 13213 51 13314 5 13365 15 13428 12 13469 38 13508 2 13514 5 13568 8 13621 13 13686 10 13725 37 13824 9 13878 11 13943 9 13981 37 14080 9 14135 4 14200 7 14238 35 14323 6 14336 9 14456 7 14494 34 14578 9 14592 9 14713 5 14752 30 14789 5 14808 3 14833 11 14848 9 14970 1 15010 26 15044 8 15063 6 15089 11 15104 8 15299 10 15318 9 15345 11 15360 7 15553 13 15573 13 15601 11 15616 6 15734 6 15809 14 15827 15 15857 11 15872 5 15989 7 16064 34 16113 10 16128 6 16245 8 16320 15 16336 18 16368 11 16384 6 16428 1 16501 9 16576 15 16592 18 16624 10 16640 6 16682 5 16757 11 16832 34 16880 9 16896 6 16938 5 17012 13 17076 6 17088 34 17136 7 17149 2 17152 5 17193 7 17268 13 17331 9 17345 34 17393 5 17408 5 17449 7 17524 14 17586 11 17601 34 17649 3 17706 6 17780 14 17843 49 17962 6 18036 15 18100 49 18219 4 18292 16 18357 48 18549 15 18576 4 18614 47 18805 14 18831 6 18871 46 19062 13 19086 8 19128 44 19318 13 19342 8 19395 33 19575 12 19598 7 19652 33 19831 11 19854 8 19865 3 19909 32 20087 11 20110 17 20166 31 20344 8 20367 18 20422 31 20601 6 20623 19 20678 31 20879 20 20934 31 21134 22 21189 32 21390 22 21418 4 21445 34 21646 23 21673 7 21700 36 21902 23 21929 7 21956 37 22158 23 22185 8 22211 38 22415 22 22441 9 22467 39 22673 20 22698 8 22723 39 22839 4 22933 18 22954 9 22980 38 23094 6 23190 17 23211 8 23236 38 23350 7 23447 16 23468 7 23493 37 23606 8 23705 14 23725 5 23750 35 23862 8 23969 5 24006 35 24119 7 24262 35 24376 5 24519 35 24633 4 24775 35 24890 1 25032 34 25288 33 25545 32 25802 30 26059 28 26116 2 26317 25 26370 12 26576 21 26624 15 26834 17 26880 15 26916 1 27094 13 27136 15 27168 8 27351 11 27392 15 27423 10 27608 10 27648 15 27679 10 27865 9 27904 15 27934 11 28160 16 28189 13 28416 19 28445 13 28672 19 28701 12 28851 4 28928 20 28958 12 29106 6 29184 20 29215 12 29360 8 29440 21 29472 11 29615 9 29696 21 29729 11 29871 9 29952 22 29991 4 30126 10 30208 23 30382 10 30465 22 30639 9 30722 22 30895 8 30980 20 31153 5 31238 4 31245 11 31507 6 31764 5 32021 6 32278 6 32534 6 32790 6 33046 6 33302 6 33559 4 33816 2 38055 1 38307 7 38561 10 38813 15 39055 4 39067 18 39105 2 39310 7 39323 19 39360 4 39567 7 39578 21 39616 4 39823 8 39834 24 39872 4 40079 37 40128 4 40335 38 40384 4 40590 40 40640 4 40845 42 40897 3 41099 45 41153 4 41353 48 41409 4 41608 50 41666 3 41863 52 41927 4 42118 55 42182 5 42373 56 42438 5 42629 58 42694 5 42885 58 42950 5 43141 59 43207 4 43237 3 43396 61 43463 3 43489 10 43651 64 43743 14 43904 67 43998 16 44157 70 44253 18 44411 72 44509 18 44666 72 44765 19 44922 72 45021 19 45179 70 45277 19 45437 68 45534 17 45588 5 45694 67 45790 17 45842 7 45951 66 46046 16 46098 7 46206 66 46302 9 46353 8 46456 4 46461 66 46558 8 46609 8 46712 71 46814 7 46865 7 46968 71 47070 6 47121 6 47225 73 47326 5 47377 4 47482 75 47560 10 47583 3 47739 88 47995 67 48063 21 48251 65 48319 22 48507 64 48575 27 48763 64 48830 29 48866 4 49018 65 49086 31 49121 9 49274 99 49376 11 49531 11 49545 98 49788 9 49802 98 50044 9 50060 96 50300 8 50320 93 50556 8 50578 91 50809 10 50836 90 51061 15 51093 89 51317 16 51350 88 51572 19 51593 2 51607 87 51828 27 51862 88 52084 28 52117 89 52340 122 52597 121 52854 2 52861 113 53118 112 53373 112 53629 112 53885 112 54142 111 54398 111 54655 37 54693 72 54770 3 54915 33 54949 71 55025 5 55172 22 55195 8 55205 71 55280 6 55431 17 55453 4 55461 70 55536 6 55689 4 55717 69 55792 6 55973 70 56048 6 56229 71 56303 7 56485 72 56558 8 56603 3 56739 84 56857 7 56993 88 57112 10 57248 90 57368 12 57504 91 57623 13 57760 91 57879 14 58016 91 58134 15 58273 90 58388 17 58530 89 58643 17 58787 89 58899 17 59051 81 59155 17 59309 80 59411 17 59567 80 59667 16 59824 80 59923 16 60081 79 60178 16 60339 77 60435 14 60463 5 60596 76 60691 13 60718 7 60852 76 60948 11 60973 10 61109 75 61210 4 61229 11 61367 73 61485 12 61625 71 61740 13 61883 69 61996 14 62140 68 62252 14 62279 2 62397 67 62508 14 62534 5 62657 63 62764 14 62789 7 62914 62 63020 13 63045 7 63170 62 63277 12 63291 7 63301 7 63426 62 63533 11 63546 18 63682 62 63789 10 63801 19 63938 62 64045 10 64057 20 64194 62 64302 8 64313 21 64450 62 64513 3 64559 5 64569 21 64706 73 64825 21 64962 74 65081 21 65219 18 65240 52 65337 21 65475 16 65499 3 65506 30
283877,208 9 238 18 464 9 494 18 721 7 750 18 979 3 1006 18 1262 18 1519 17 1775 17 1985 3 2034 14 2240 6 2292 12 2495 7 2548 12 2750 8 2805 11 3006 9 3062 10 3262 9 3319 9 3520 6 3576 8 3777 3 3832 8 4088 8 4344 8 4599 8 4856 7 5113 5 18176 2 18432 3 18688 4 18944 4 19200 4 19456 3 22016 1 22272 3 22528 5 22784 5 23040 6 23296 6 23552 7 23808 7 24064 7 24320 7 24576 7 24777 3 24832 7 25032 5 25088 5 25287 7 25345 1 25543 7 25799 7 26055 7 26312 5 26569 3 31342 8 31386 6 31398 6 31596 11 31641 9 31654 8 31851 13 31897 11 31909 10 32106 15 32152 24 32361 17 32405 27 32616 18 32660 28 32871 20 32916 26 33127 20 33172 26 33382 22 33429 24 33638 22 33686 24 33893 24 33943 24 34148 25 34200 24 34403 27 34456 25 34658 28 34711 27 34914 28 34965 29 35027 5 35170 28 35220 31 35282 7 35427 27 35476 31 35538 8 35683 27 35731 33 35793 9 35939 27 35986 37 36048 10 36194 28 36241 40 36303 11 36450 27 36497 40 36559 10 36706 26 36752 42 36803 1 36815 9 36962 25 37008 12 37021 29 37059 1 37071 9 37218 23 37264 43 37327 9 37475 21 37520 43 37584 8 37732 19 37776 44 37840 8 37990 16 38032 45 38098 5 38289 44 38546 44 38802 43 39059 42 39315 10 39328 28 39571 8 39585 26 39828 4 39842 24 40098 24 40354 23 40610 23 40865 15 41121 11 41376 12 41632 12 41887 13 42143 13 42398 13 42653 14 42908 6 42917 6 43017 5 43145 4 43162 8 43174 5 43272 7 43400 6 43412 15 43430 4 43527 8 43655 9 43667 17 43685 5 43783 9 43910 10 43922 18 43942 2 44038 10 44166 10 44178 18 44295 9 44422 10 44433 18 44551 8 44679 8 44689 17 44808 6 44936 5 44946 15 45203 5 46030 2 46284 6 46539 8 46794 9 47043 17 47296 20 47345 4 47550 21 47599 10 47805 22 47853 14 48058 23 48108 16 48312 25 48364 16 48567 26 48620 17 48823 26 48876 18 49078 27 49132 20 49335 25 49388 20 49591 20 49612 4 49645 19 49808 5 49848 23 49901 19 50063 7 50105 19 50158 18 50313 13 50361 19 50414 18 50568 14 50618 17 50670 18 50823 14 50875 16 50926 18 51079 13 51132 15 51182 18 51334 12 51389 13 51438 18 51590 11 51646 10 51694 18 51846 10 51902 8 51950 18 52102 8 52116 5 52158 7 52206 18 52359 6 52371 9 52415 5 52462 18 52626 11 52673 1 52718 18 52879 15 52974 15 53133 18 53230 14 53389 20 53486 12 53644 23 53742 11 53900 24 53998 10 54156 25 54254 8 54412 25 54510 8 54668 25 54766 7 54925 25 55023 5 55181 25 55281 3 55438 25 55694 25 55950 25 56206 25 56376 2 56463 24 56630 7 56719 12 56735 6 56885 9 56982 2 57140 11 57395 13 57650 15 57906 15 58162 16 58419 20 58675 21 58879 1 58931 21 59135 1 59187 22 59390 2 59443 23 59646 2 59699 23 59901 3 59955 24 60157 3 60211 24 60413 3 60467 24 60669 3 60723 25 60925 3 60978 26 61182 2 61233 27 61271 6 61439 1 61488 27 61522 13 61744 27 61776 15 62000 26 62031 17 62257 24 62286 19 62512 23 62543 18 62768 22 62799 19 63024 21 63055 19 63279 21 63312 18 63535 20 63569 17 63791 20 63825 16 64048 18 64082 14 64305 16 64339 12 64561 15 64596 11 64818 12 64853 9 65074 11 65109 9 65330 10 65366 6
291134,0 65536
293458,42 16 135 5 147 43 276 1 297 17 392 2 403 42 552 18 659 42 807 19 915 42 1063 19 1171 42 1319 17 1428 40 1574 19 1683 40 1829 20 1939 40 2085 21 2194 40 2339 24 2439 5 2449 23 2474 15 2595 25 2694 34 2731 6 2850 26 2950 34 2988 3 3105 27 3198 5 3205 37 3244 2 3335 1 3361 27 3453 49 3590 2 3617 27 3708 51 3847 2 3873 27 3954 4 3963 53 4103 2 4123 1 4129 20 4152 2 4209 64 4359 4 4378 3 4386 19 4417 2 4439 6 4464 65 4615 4 4634 4 4642 18 4668 8 4695 7 4720 66 4871 3 4892 23 4923 10 4949 9 4975 67 5128 2 5135 2 5139 2 5149 22 5179 11 5205 9 5231 67 5384 5 5391 2 5395 2 5404 1 5406 20 5434 12 5460 10 5487 68 5614 2 5640 5 5647 6 5660 1 5663 19 5689 13 5715 11 5743 69 5862 11 5897 5 5906 4 5919 20 5945 13 5970 11 6000 73 6117 13 6153 4 6162 4 6176 20 6199 15 6225 12 6257 74 6372 15 6408 4 6419 4 6425 2 6433 38 6480 12 6513 75 6628 15 6664 3 6676 7 6690 37 6735 13 6769 75 6883 16 6921 2 6930 8 6946 38 6990 13 7025 75 7139 16 7177 2 7185 7 7203 38 7245 13 7282 74 7394 16 7417 3 7423 1 7435 2 7460 55 7538 75 7651 14 7670 10 7688 1 7691 2 7716 55 7794 75 7907 10 7924 12 7944 1 7947 3 7959 3 7972 56 8049 77 8164 28 8203 3 8216 2 8229 55 8305 77 8421 27 8460 5 8474 1 8488 11 8501 39 8561 77 8677 27 8717 4 8746 7 8757 39 8816 78 8933 27 8974 4 9001 7 9013 39 9072 77 9190 26 9233 2 9256 8 9270 39 9327 77 9447 25 9476 1 9491 2 9512 8 9526 42 9580 25 9607 53 9701 27 9732 1 9747 3 9768 11 9783 43 9834 26 9864 49 9951 33 10002 4 10025 57 10090 26 10122 45 10207 33 10255 7 10282 57 10346 26 10387 22 10411 9 10463 33 10503 2 10511 6 10539 7 10551 46 10602 25 10644 20 10670 3 10718 34 10759 2 10766 6 10778 1 10795 6 10808 48 10859 23 10911 7 10974 34 11015 5 11021 8 11052 5 11065 73 11230 34 11270 17 11309 4 11322 72 11485 35 11525 21 11579 71 11740 36 11780 22 11837 69 11996 36 12035 23 12093 69 12220 1 12252 36 12289 24 12350 69 12475 3 12507 37 12545 27 12581 3 12586 4 12607 67 12729 4 12741 3 12763 37 12801 31 12837 10 12863 39 12904 26 12985 3 12996 5 13019 37 13058 18 13077 28 13120 36 13161 26 13208 5 13252 6 13275 37 13315 47 13377 35 13417 27 13464 6 13502 12 13531 37 13572 5 13578 45 13634 4 13639 29 13672 28 13720 6 13758 11 13787 37 13835 44 13895 29 13928 29 13976 6 14013 11 14044 36 14092 44 14151 29 14183 19 14204 9 14232 5 14269 10 14301 35 14348 44 14408 27 14439 17 14460 10 14525 9 14548 5 14558 34 14603 45 14665 25 14695 16 14717 14 14781 9 14802 46 14859 45 14922 22 14951 14 14974 15 15037 9 15057 47 15115 2 15119 43 15182 16 15208 12 15231 14 15293 8 15311 49 15371 2 15376 43 15441 11 15465 10 15487 15 15548 9 15566 21 15588 28 15632 24 15660 16 15721 9 15743 15 15804 10 15820 23 15848 24 15889 21 15917 15 15977 9 15999 15 16060 11 16074 25 16106 22 16141 22 16175 14 16233 7 16251 18 16316 40 16364 20 16397 20 16432 13 16489 6 16504 21 16573 39 16622 18 16654 19 16689 12 16746 3 16759 21 16830 39 16878 18 16911 18 16946 11 17015 20 17087 38 17134 18 17168 16 17203 11 17271 18 17344 38 17388 20 17425 15 17460 10 17528 14 17601 63 17682 14 17717 9 17785 10 17857 63 17940 11 17975 7 18044 1 18113 63 18198 8 18231 7 18368 64 18489 4 18623 65 18878 66 19133 67 19388 65 19455 1 19644 62 19899 62 20154 62 20410 61 20667 59 20923 60 21179 60 21279 3 21436 59 21533 9 21692 60 21789 10 21949 59 22044 11 22206 58 22300 11 22463 57 22556 11 22720 56 22813 8 22976 56 23232 56 23489 55 23746 53 24004 50 24182 4 24261 48 24430 1 24437 7 24518 46 24684 6 24692 9 24774 45 24938 19 25031 44 25192 21 25288 43 25447 23 25545 40 25702 24 25802 37 25956 27 26059 34 26211 30 26316 30 26465 33 26572 27 26720 34 26828 18 26976 34 27085 14 27231 36 27341 11 27487 37 27598 5 27743 39 27999 39 28255 39 28510 41 28765 42 29021 42 29276 44 29532 44 29788 44 30044 44 30300 44 30556 44 30812 45 31069 45 31326 44 31582 45 31826 4 31839 44 32081 11 32095 43 32336 14 32351 42 32590 55 32844 36 32881 18 33100 22 33126 8 33137 14 33355 22 33384 4 33393 12 33611 23 33641 3 33648 9 33868 22 33897 4 33904 6 34125 21 34154 1 34383 19 34641 17 34898 15 35154 14 35411 11 35667 8
295041,25084 4 25340 4 25596 4 25852 4 26109 3 56916 1 57172 1 64721 4 64975 7 65230 9 65281 2 65485 10 65533 1
303895,0 33792 33802 246 34063 241 34322 238 34586 230 34845 227 35108 220 35367 217 35629 211 35887 209 36149 203 36408 200 36668 196 36928 192 37188 188 37450 182 37711 177 37972 172 38235 165 38493 163 38752 160 39014 154 39273 151 39534 146 39794 142 40056 136 40317 131 40578 126 40836 124 41098 118 41356 116 41620 108 41879 105 42140 100 42400 96 42662 90 42923 85 43184 80 43443 77 43705 71 43964 68 44226 62 44485 59 44747 53 45006 50 45269 43 45529 39 45791 33 46054 26 46312 24 46571 21 46833 15 47093 11 47355 5 47612 4
304629,0 14846 14848 251 15104 252 15360 252 15616 252 15872 252 16128 252 16384 246 16632 4 16640 245 16889 2 16896 243 17152 246 17408 248 17659 1 17664 249 17920 249 18176 249 18432 249 18688 250 18944 251 19200 252 19456 253 19712 253 19968 252 20224 253 20480 253 20736 253 20992 253 21248 253 21504 253 21760 253 22016 254 22272 254 22528 254 22784 254 23040 254 23296 24831 48128 255 48384 254 48640 253 48896 253 49152 255 49408 2047 51456 254 51712 254 51968 255 52224 255 52480 255 52736 254 52992 254 53248 254 53504 254 53760 254 54016 254 54272 254 54528 254 54784 255 55040 4594 59636 251 59893 252 60149 252 60404 5132
305222,0 65536
308936,0 65536
315120,0 160 173 4 190 4 195 221 427 8 444 228 682 10 698 251 953 2269 3224 253 3481 252 3737 252 3993 252 4249 62 4312 188 4504 22 4528 38 4569 187 4759 22 4785 5 4792 30 4825 187 5015 22 5042 2 5049 29 5082 211 5306 9 5319 8 5328 5 5338 211 5564 6 5577 5 5584 3 5595 210 5821 4 5834 3 5851 212 6090 4 6108 9 6118 202 6347 4 6365 7 6375 201 6604 2 6621 6 6633 199 6879 4 6890 200 7136 2 7146 200 7392 2 7403 200 7648 2 7659 201 7903 2 7915 202 8170 203 8425 202 8681 201 8937 201 9193 200 9449 200 9705 200 9961 200 10217 16 10234 183 10473 16 10490 183 10718 6 10728 201 10973 8 10982 203 11227 213 11467 2 11482 215 11722 6 11738 220 11978 6 11994 222 12234 7 12250 223 12490 7 12506 223 12746 7 12760 226 13001 9 13013 230 13255 249 13508 52028
317877,1826 6 2080 9 2336 10 2591 12 2607 2 2847 20 3103 21 3359 22 3614 23 3870 22 4125 22 4382 18 4638 8 4647 4 4895 6 5154 1 5668 1 5924 2 6180 2 6723 4 6979 4 7234 6 7461 5 7491 4 7716 7 7747 4 7971 9 8004 1 8227 12 8481 20 8736 22 8992 22 9247 24 9503 23 9758 24 10013 25 10269 25 10525 26 10781 27 11037 27 11293 27 11549 27 11806 25 12064 23 12321 21 12578 21 12836 20 13085 5 13093 20 13340 7 13349 21 13596 7 13604 23 13852 32 14108 32 14364 7 14373 23 14621 4 14629 23 14886 21 15143 19 15402 16 15659 14 15915 13 15992 3 16172 11 16248 4 16430 6 16504 5 16761 2 16771 5 17025 7 17281 8 17536 9 17793 8 18049 8 18306 7 18564 5 18752 1 19007 3 19016 1 19262 4 19271 4 19518 5 19526 5 19773 6 19781 7 19808 5 19910 3 20029 7 20037 7 20062 8 20165 5 20282 18 20317 9 20421 5 20527 3 20536 20 20571 12 20677 5 20782 6 20790 25 20824 16 20934 3 21038 34 21078 19 21293 39 21333 20 21548 62 21804 62 22059 63 22316 61 22572 61 22829 59 23089 53 23237 1 23346 52 23492 3 23602 51 23748 3 23859 49 24115 49 24316 3 24372 48 24561 4 24572 2 24630 46 24816 9 24828 2 24887 45 25071 13 25088 3 25144 44 25327 13 25344 5 25400 43 25583 12 25600 5 25657 42 25800 3 25839 12 25856 5 25914 41 26056 4 26096 11 26112 5 26171 39 26311 6 26353 9 26368 5 26426 41 26566 8 26609 9 26624 4 26681 15 26700 23 26822 8 26865 8 26880 4 26936 16 26956 24 27077 8 27121 7 27136 3 27192 15 27213 24 27333 8 27377 6 27392 2 27448 15 27470 23 27589 7 27634 4 27705 14 27727 21 27848 2 27962 4 27969 6 27981 23 28226 5 28236 22 28483 3 28491 22 28740 1 28745 20 28998 23 29253 24 29508 24 29763 25 30019 26 30064 5 30275 27 30317 9 30531 28 30569 15 30788 29 30824 17 31044 30 31079 19 31300 32 31334 21 31554 58 31807 61 32063 62 32318 63 32575 62 32831 63 33087 63 33343 64 33599 65 33856 63 34112 7 34123 52 34368 6 34385 46 34626 2 34642 45 34901 42 35157 41 35414 40 35670 39 35925 13 35940 24 36181 13 36195 25 36436 39 36493 5 36692 39 36747 8 36949 39 36997 3 37001 11 37205 40 37251 17 37461 41 37504 20 37717 63 37968 68 38222 71 38478 72 38733 74 38988 76 39188 1 39244 78 39441 5 39500 79 39693 10 39755 81 39948 11 40012 80 40204 11 40268 81 40461 9 40525 81 40718 8 40784 78 40975 6 41042 77 41232 3 41299 76 41550 1 41556 76 41740 3 41805 4 41813 75 41995 4 42060 6 42069 75 42251 4 42316 83 42508 1 42571 84 42824 86 43079 87 43335 87 43590 87 43846 87 44028 3 44102 14 44117 73 44283 5 44358 13 44376 72 44453 5 44537 7 44615 12 44632 72 44708 7 44789 11 44871 13 44888 72 44963 9 45044 12 45127 13 45144 72 45220 8 45300 12 45383 14 45399 73 45476 9 45547 4 45554 14 45639 89 45732 10 45802 22 45895 90 45987 11 46056 24 46151 104 46311 25 46407 105 46566 26 46664 38 46704 64 46822 26 46921 36 46960 64 47077 27 47177 35 47216 64 47333 27 47433 35 47471 65 47589 27 47689 34 47727 66 47844 28 47945 33 47983 66 48100 28 48201 33 48238 68 48356 28 48457 33 48494 70 48612 28 48714 32 48751 72 48868 28 48970 32 49007 73 49101 4 49125 27 49226 32 49263 75 49357 6 49381 8 49391 16 49483 31 49520 77 49613 7 49640 4 49648 13 49742 29 49776 82 49870 8 49904 11 49999 28 50031 84 50120 2 50126 10 50160 9 50255 27 50285 108 50417 4 50511 27 50540 110 50657 2 50768 26 50796 111 50912 6 51025 24 51053 112 51166 9 51281 24 51309 123 51537 23 51565 124 51793 23 51821 66 51889 56 52049 24 52077 56 52135 7 52146 56 52305 25 52333 54 52403 56 52560 26 52589 52 52659 57 52816 26 52845 52 52915 59 53071 27 53101 52 53171 61 53327 27 53357 52 53422 4 53428 60 53583 26 53613 59 53676 7 53684 61 53839 25 53869 70 53942 2 53946 54 54095 25 54125 70 54202 53 54351 25 54381 70 54458 52 54607 25 54638 69 54714 52 54864 24 54895 68 54969 52 55120 24 55152 66 55225 52 55376 24 55409 65 55480 52 55632 23 55665 64 55736 51 55808 12 55886 25 55921 64 55992 51 56064 13 56141 26 56177 64 56248 50 56320 13 56396 27 56433 64 56504 49 56576 13 56652 27 56687 65 56760 47 56832 12 56907 28 56943 66 57016 46 57088 12 57163 28 57199 66 57273 42 57344 11 57418 29 57455 66 57529 41 57600 11 57674 30 57711 67 57786 38 57856 10 57931 28 57966 68 58042 36 58112 10 58187 28 58221 70 58298 33 58368 10 58443 27 58475 75 58553 33 58624 10 58699 26 58727 115 58880 10 58954 26 58985 113 59136 10 59208 27 59241 113 59392 10 59469 21 59496 113 59648 9 59725 21 59752 79 59834 31 59904 9 59981 21 60009 77 60090 30 60160 9 60237 21 60265 9 60275 66 60347 28 60416 9 60493 20 60522 7 60531 66 60603 30 60672 9 60749 20 60778 6 60788 65 60860 30 60928 8 61006 18 61035 45 61087 22 61117 6 61126 22 61184 7 61262 16 61292 42 61344 21 61386 19 61440 6 61517 16 61551 38 61601 21 61645 16 61696 4 61772 16 61808 6 61816 28 61858 20 61903 14 62028 16 62065 4 62073 26 62114 21 62160 11 62284 16 62322 2 62330 25 62371 20 62403 1 62417 7 62540 17 62586 28 62628 19 62656 5 62675 2 62797 17 62842 30 62885 17 62911 6 63054 17 63098 31 63142 16 63167 6 63311 17 63353 33 63390 4 63400 13 63423 5 63566 18 63609 33 63646 4 63656 13 63680 4 63812 2 63822 19 63864 35 63902 5 63914 10 64066 5 64078 19 64104 4 64120 35 64159 4 64172 7 64320 8 64333 20 64358 7 64376 35 64415 4 64576 9 64589 20 64614 7 64632 35 64672 3 64832 10 64845 20 64869 9 64888 20 64911 12 64928 2 65023 1 65088 10 65102 19 65125 9 65138 4 65145 18 65168 11 65279 1 65344 11 65358 18 65381 9 65393 6 65403 16 65425 9 65533 3
326172,0 65536
331069,29 19 60 60 144 6 164 14 187 64 285 18 316 60 402 3 420 13 443 64 538 19 572 59 676 12 699 64 793 17 830 57 934 9 955 63 1048 17 1087 55 1192 6 1211 63 1304 16 1343 55 1467 62 1560 15 1599 55 1723 60 1791 1 1815 13 1856 53 1979 58 2045 3 2071 13 2113 42 2161 2 2234 59 2301 3 2327 14 2370 40 2418 1 2486 64 2557 3 2583 15 2627 39 2673 4 2736 70 2813 3 2839 17 2883 41 2927 8 2947 8 2990 73 3071 1 3094 19 3139 53 3202 12 3246 73 3328 1 3334 6 3348 22 3376 4 3396 54 3458 14 3502 67 3570 4 3584 14 3603 23 3632 5 3652 56 3714 15 3757 66 3840 16 3859 23 3890 2 3906 8 3924 1 3929 37 3970 16 4013 65 4096 43 4160 8 4186 36 4226 17 4269 66 4352 43 4413 12 4442 37 4481 18 4524 68 4608 43 4666 21 4698 38 4737 18 4779 71 4856 5 4864 44 4918 28 4954 57 5034 73 5111 7 5120 44 5173 31 5210 57 5290 85 5376 44 5429 35 5465 59 5546 131 5684 96 5802 131 5940 96 6058 131 6197 42 6242 18 6262 31 6314 131 6453 42 6499 15 6519 30 6570 131 6709 42 6756 13 6776 29 6826 130 6965 43 7013 11 7033 27 7081 131 7221 43 7269 11 7290 26 7337 131 7477 44 7525 12 7551 21 7593 131 7734 59 7808 19 7850 130 7991 3 7995 54 8065 18 8106 116 8227 9 8252 53 8322 16 8363 116 8484 8 8508 54 8581 13 8619 116 8741 7 8765 54 8845 4 8875 118 8997 6 9011 4 9021 56 9128 131 9265 70 9383 132 9520 72 9594 4 9639 132 9775 80 9895 216 10152 216 10408 217 10666 128 10796 90 10926 123 11053 91 11182 122 11309 92 11438 122 11566 92 11694 122 11822 93 11950 123 12077 95 12207 123 12333 96 12440 3 12464 221 12696 4 12720 220 12947 10 12976 237 13232 238 13488 239 13744 241 14000 243 14257 38 14296 203 14515 35 14553 84 14640 116 14772 34 14816 76 14898 114 15031 31 15074 75 15156 114 15290 28 15332 13 15347 58 15412 122 15547 27 15590 10 15604 58 15668 123 15803 27 15845 11 15858 60 15924 124 16060 5 16066 20 16101 73 16180 125 16315 27 16357 26 16384 46 16434 128 16570 28 16612 23 16640 47 16689 129 16825 29 16869 22 16896 48 16945 130 17080 31 17125 23 17152 48 17201 131 17334 35 17373 32 17408 304 17714 254 17970 1652 19623 343 19968 252 20224 166 20394 81 20480 166 20651 78 20736 166 20908 76 20992 166 21164 71 21248 166 21421 71 21504 108 21615 55 21679 71 21752 2 21760 108 21871 55 21936 75 22016 56 22073 52 22127 55 22195 72 22272 110 22383 52 22449 74 22528 52 22581 108 22703 76 22784 51 22838 95 22939 4 22959 76 23040 51 23095 71 23172 15 23214 76 23296 50 23352 69 23430 7 23439 3 23471 75 23552 50 23611 65 23688 4 23706 2 23728 36 23766 35 23808 51 23868 62 23959 6 23987 33 24024 32 24064 52 24125 61 24213 9 24245 13 24262 14 24280 29 24320 51 24382 60 24468 10 24503 10 24519 13 24537 27 24576 50 24641 58 24723 11 24760 8 24777 10 24793 26 24832 54 24899 45 24946 9 24979 12 25018 5 25034 8 25050 25 25088 55 25156 43 25203 8 25235 12 25291 6 25307 24 25344 57 25416 38 25460 6 25491 13 25548 4 25566 21 25600 58 25673 37 25745 15 25824 19 25856 33 25891 23 25928 37 26000 15 26065 4 26080 19 26112 32 26149 22 26182 38 26255 14 26320 6 26336 18 26368 36 26405 21 26437 39 26511 13 26569 15 26592 18 26624 58 26691 41 26749 4 26768 12 26824 18 26847 19 26880 57 26947 42 27003 8 27024 11 27080 20 27102 19 27137 8 27150 12 27163 30 27203 43 27258 10 27280 11 27336 41 27410 6 27421 24 27461 42 27512 13 27535 13 27592 40 27678 19 27729 31 27766 16 27791 13 27847 22 27870 18 27934 17 27985 31 28021 19 28046 15 28096 4 28102 21 28127 16 28191 8 28202 3 28242 32 28276 22 28301 17 28351 27 28384 13 28448 5 28485 2 28498 77 28606 27 28640 12 28740 5 28755 77 28862 24 28897 11 28948 1 28996 5 29012 6 29019 69 29117 24 29154 8 29202 9 29251 7 29278 67 29372 24 29458 11 29507 7 29535 66 29627 24 29715 11 29764 5 29791 66 29877 3 29884 22 29952 1 29971 12 30020 7 30046 67 30134 2 30141 20 30208 1 30228 12 30277 10 30300 69 30391 1 30398 17 30464 1 30485 11 30532 12 30552 74 30645 5 30654 18 30720 1 30742 9 30787 13 30806 77 30900 7 30912 17 30961 2 30976 1 30989 3 31001 6 31042 14 31062 76 31155 9 31168 18 31215 5 31232 1 31237 13 31260 1 31296 17 31317 77 31407 14 31424 18 31462 15 31488 19 31552 18 31572 77 31662 16 31680 18 31713 20 31744 20 31807 97 31916 38 31968 22 31996 24 32063 97 32167 43 32223 53 32318 97 32422 43 32477 54 32574 98 32677 43 32732 55 32830 99 32933 43 32987 56 33086 101 33189 42 33242 57 33342 102 33446 39 33498 57 33599 101 33702 39 33753 59 33855 101 33959 39 34008 61 34113 99 34214 40 34263 62 34354 1 34375 93 34470 41 34517 64 34607 5 34632 135 34771 66 34861 7 34888 88 34980 44 35026 66 35116 9 35132 3 35144 37 35183 45 35235 112 35371 11 35386 8 35401 35 35440 43 35491 93 35585 17 35627 12 35641 10 35658 34 35698 41 35747 93 35844 1 35852 5 35882 27 35916 32 35955 39 36003 93 36110 1 36139 26 36172 33 36212 38 36259 93 36395 27 36427 35 36469 37 36514 94 36651 29 36683 35 36726 36 36771 97 36907 51 36959 17 36982 36 37027 98 37163 71 37238 36 37282 100 37418 112 37538 103 37672 62 37737 48 37793 106 37923 35 37959 30 37993 47 38049 107 38177 37 38217 27 38249 46 38305 108 38431 39 38473 27 38504 38 38543 7 38562 107 38686 40 38728 28 38758 35 38819 106 38942 40 38983 65 39076 106 39198 105 39331 107 39454 103 39585 110 39709 15 39727 86 39840 111 39965 14 39984 84 40096 6 40103 104 40221 14 40240 85 40351 7 40361 102 40476 15 40497 85 40607 7 40618 102 40732 15 40754 86 40863 6 40874 5 40884 92 40986 17 41010 89 41120 4 41131 3 41141 92 41239 21 41265 91 41387 3 41398 92 41491 123 41643 3 41654 220 41899 4 41909 222 42157 230 42415 228 42671 226 42926 226 43171 7 43180 227 43424 236 43678 106 43787 121 43910 3 43934 105 44044 119 44189 105 44301 119 44444 102 44560 118 44683 4 44699 101 44818 126 44954 102 45074 126 45208 104 45330 127 45463 105 45586 127 45718 106 45831 2 45842 128 45973 108 46085 4 46099 127 46229 116 46356 126 46485 116 46613 125 46741 116 46869 125 46997 115 47124 126 47252 113 47379 127 47508 113 47634 242 47888 243 48143 243 48398 242 48654 242 48909 243 49165 243 49422 223 49646 18 49678 242 49935 241 50191 241 50448 240 50705 239 50962 238 51219 237 51476 236 51733 235 51990 234 52247 233 52504 232 52761 231 53017 231 53274 230 53530 230 53780 1 53786 230 54034 5 54043 229 54289 6 54299 229 54545 7 54555 229 54785 4 54801 6 54812 234 55056 6 55072 231 55330 229 55587 229 55817 5 55827 3 55845 234 56082 5 56103 241 56363 238 56621 236 56878 236 57135 236 57391 236 57647 135 57784 101 57903 14 57920 119 58041 101 58148 6 58159 7 58177 119 58298 102 58402 9 58415 7 58433 120 58555 113 58670 8 58689 121 58812 68 58881 53 58945 191 59139 51 59202 125 59337 55 59395 51 59458 127 59594 54 59651 50 59715 127 59851 53 59907 53 59972 127 60116 44 60163 55 60234 121 60373 8 60384 32 60419 55 60486 126 60629 8 60640 32 60674 57 60742 127 60885 7 60895 33 60930 59 60997 131 61140 9 61150 34 61185 62 61253 35 61290 96 61396 44 61441 65 61508 34 61549 85 61635 8 61646 50 61697 99 61806 81 61892 60 61954 98 62062 80 62148 60 62210 97 62318 79 62404 60 62467 95 62574 80 62660 60 62724 94 62831 79 62917 59 62980 5 62988 85 63088 78 63174 58 63237 3 63245 84 63345 78 63430 58 63503 82 63604 74 63687 57 63761 79 63861 71 63944 56 64018 78 64118 68 64199 57 64275 77 64376 65 64454 66 64533 75 64633 65 64700 4 64709 68 64792 37 64833 31 64890 12 64903 58 64964 70 65050 33 65090 30 65147 11 65161 57 65220 71 65312 1 65314 25 65348 27 65403 10 65418 56 65476 60
332934,0 65536
337798, 
349461,0 65536
372637,0 58 70 172 246 69 328 171 500 71 585 183 769 59 842 182 1025 59 1098 243 1355 244 1611 244 1868 244 2124 10 2135 141 2279 1 2283 86 2381 8 2393 139 2540 86 2637 7 2649 139 2795 88 2893 7 2905 140 3050 90 3149 6 3161 237 3406 4 3415 247 3663 2 3671 58 3731 191 3926 7479 11409 251 11666 250 11923 249 12179 249 12435 185 12621 65 12691 184 12877 66 12946 185 13134 66 13202 185 13390 8712 22103 521 22627 254 22883 241 23125 2506 25633 254 25891 252 26149 250 26406 250 26663 249 26918 4 26923 246 27173 5 27182 253 27439 209 27653 39 27695 209 27911 246 28160 3 28173 239 28416 4 28430 238 28672 4 28687 237 28928 5 28943 238 29184 5 29199 36 29237 200 29440 51 29493 202 29696 51 29751 253 30007 254 30263 1537 31801 255 32058 79 32143 169 32314 76 32403 165 32569 75 32660 237 32917 235 33174 95 33272 132 33430 95 33530 129 33686 95 33787 127 33942 95 34048 122 34198 95 34304 121 34454 96 34560 120 34709 97 34816 119 34964 97 35072 120 35218 99 35328 121 35461 4 35474 99 35584 122 35715 7 35729 99 35840 126 35970 9 35984 100 36096 128 36225 11 36239 100 36352 242 36608 242 36864 242 37120 243 37376 22 37400 219 37632 21 37656 219 37888 21 37913 218 38144 21 38169 218 38400 21 38426 216 38656 22 38682 215 38912 22 38938 215 39168 23 39195 214 39424 24 39452 212 39680 25 39709 67 39779 142 39936 26 39967 64 40037 41 40080 98 40192 26 40229 56 40293 42 40336 99 40448 27 40486 7 40495 46 40549 42 40592 102 40703 28 40742 6 40752 44 40805 147 40958 29 40998 6 41008 45 41061 47 41109 99 41213 29 41254 55 41317 147 41469 29 41510 55 41572 139 41712 8 41725 30 41766 54 41828 105 41937 28 41968 7 41981 30 42015 6 42023 52 42084 105 42194 27 42223 7 42237 93 42340 104 42450 26 42479 7 42493 91 42596 102 42706 17 42725 16 42750 19 42773 64 42852 101 42962 17 42983 14 43006 19 43032 60 43107 102 43218 17 43242 10 43263 19 43288 59 43363 101 43474 18 43498 9 43520 20 43544 59 43618 55 43674 46 43730 18 43754 9 43776 20 43801 58 43874 55 43933 43 43985 20 44010 9 44032 21 44057 19 44080 35 44130 55 44191 41 44241 23 44267 8 44288 21 44313 19 44336 36 44386 55 44447 41 44497 24 44524 7 44541 2 44544 21 44569 19 44593 35 44643 55 44704 40 44752 25 44780 7 44796 26 44825 18 44849 38 44898 56 44960 41 45008 25 45037 5 45050 50 45104 43 45153 56 45216 41 45263 26 45293 5 45305 98 45408 49 45472 41 45519 25 45550 4 45561 99 45663 11 45677 35 45728 40 45775 24 45806 7 45817 99 45919 12 45934 34 45985 39 46030 11 46046 8 46062 9 46074 113 46189 34 46241 39 46285 11 46303 6 46317 10 46331 3 46336 108 46445 34 46497 39 46541 11 46562 2 46573 11 46592 84 46677 59 46753 38 46796 14 46830 11 46848 84 46934 58 47009 38 47050 17 47086 13 47104 82 47191 57 47265 59 47332 3 47343 99 47447 57 47521 60 47587 5 47600 99 47702 60 47777 9 47788 49 47842 7 47858 98 47957 62 48033 9 48045 50 48096 10 48115 97 48213 63 48290 10 48302 61 48372 160 48546 11 48559 61 48632 156 48803 81 48890 154 49060 81 49147 142 49292 8 49317 81 49403 142 49548 8 49574 81 49660 141 49805 8 49830 81 49916 141 50061 9 50086 82 50173 139 50318 10 50342 82 50429 139 50574 12 50598 82 50685 49 50736 81 50819 4 50830 13 50853 82 50941 47 50993 79 51087 13 51109 80 51197 47 51249 31 51284 45 51342 21 51365 78 51453 47 51504 32 51541 44 51598 99 51710 46 51760 31 51798 24 51823 19 51852 102 51965 46 52016 30 52054 24 52079 19 52107 104 52221 46 52272 30 52310 157 52477 45 52528 30 52566 86 52653 71 52733 45 52784 29 52822 85 52910 71 52989 44 53040 28 53078 84 53167 70 53246 43 53296 24 53335 79 53423 70 53501 45 53551 23 53593 5 53602 69 53680 70 53757 46 53807 22 53850 1 53858 70 53937 69 54010 50 54063 21 54113 72 54193 123 54319 22 54361 4 54368 204 54575 22 54617 5 54623 205 54832 22 54873 211 55089 22 55129 211 55345 24 55386 210 55601 25 55642 210 55858 25 55898 211 56114 25 56154 242 56397 5 56403 2347 58753 252 59015 23 59041 218 59273 20 59298 216 59531 18 59555 214 59788 6 59796 8 59811 215 60044 17 60066 217 60300 17 60322 218 60555 242 60811 242 61066 164 61234 75 61322 222 61549 16 61577 222 61807 15 61832 226 62064 15 62087 228 62321 15 62341 232 62578 252 62835 253 63089 408 63500 252 63762 246 64016 247 64271 6 64281 238 64528 5 64538 236 64785 4 64794 229 65024 5 65050 229 65280 5 65305 49 65358 177
373056,0 65536
386606,0 65536
391427,5 22 79 25 172 7 231 6 249 7 261 22 336 24 427 9 442 2 488 4 505 7 518 21 592 25 682 11 697 4 745 2 761 7 774 20 850 24 937 21 1017 7 1031 19 1116 15 1191 23 1219 5 1274 6 1288 17 1372 16 1445 26 1474 9 1545 16 1628 17 1700 27 1728 12 1783 1 1806 10 1884 17 1956 41 2037 4 2063 8 2140 17 2212 42 2292 6 2321 5 2396 17 2469 41 2548 6 2653 17 2726 40 2804 6 2901 5 2910 15 2985 38 3060 6 3154 9 3167 14 3223 5 3242 27 3272 7 3316 5 3409 11 3423 14 3474 11 3497 27 3528 8 3573 3 3664 12 3679 13 3728 14 3753 27 3785 7 3919 13 3936 11 3983 16 4006 30 4041 8 4175 14 4192 10 4238 18 4261 31 4297 7 4431 15 4447 10 4492 20 4516 32 4553 7 4680 22 4703 9 4746 30 4778 25 4810 6 4935 23 4959 8 5001 28 5034 25 5066 5 5191 23 5215 8 5256 28 5290 24 5324 2 5335 4 5447 22 5471 7 5512 27 5546 24 5591 5 5703 21 5728 5 5768 27 5802 24 5847 5 5950 1 5959 20 5985 3 6024 27 6058 24 6103 5 6204 5 6216 18 6279 28 6314 24 6360 4 6458 7 6472 8 6481 9 6535 28 6570 23 6713 8 6729 7 6739 7 6790 16 6810 10 6826 23 6969 9 6986 6 6995 7 7046 16 7066 11 7083 21 7224 10 7243 5 7251 7 7301 17 7323 10 7340 19 7479 10 7498 6 7509 4 7557 16 7579 10 7598 16 7734 11 7754 6 7813 16 7835 11 7854 15 7989 12 8010 7 8043 2 8057 4 8070 14 8091 11 8110 14 8244 12 8266 7 8298 6 8307 12 8326 14 8347 11 8367 12 8500 12 8522 8 8554 22 8583 13 8604 10 8623 8 8757 11 8779 8 8809 24 8840 13 8860 9 8879 7 9013 11 9036 7 9065 25 9102 7 9135 7 9270 10 9293 6 9322 24 9359 7 9390 8 9527 9 9549 6 9578 12 9593 10 9615 8 9646 8 9785 8 9806 5 9836 8 9850 9 9871 9 9892 2 9902 8 10043 5 10063 4 10107 8 10121 15 10147 3 10158 8 10300 3 10363 7 10376 17 10402 4 10415 6 10620 6 10632 18 10658 4 10665 3 10672 2 10877 4 10889 18 10914 11 11145 18 11170 12 11402 18 11426 12 11519 1 11658 18 11684 2 11687 6 11773 3 11915 17 11943 6 12025 7 12172 16 12200 4 12275 13 12402 4 12429 15 12457 1 12530 14 12657 6 12686 13 12786 14 12912 8 12942 12 13041 15 13166 10 13198 11 13297 15 13421 12 13454 10 13553 15 13625 1 13676 13 13710 8 13808 16 13880 3 13931 14 13966 7 14063 17 14136 3 14186 14 14222 5 14319 17 14392 3 14442 13 14478 3 14575 17 14698 12 14716 3 14830 18 14954 11 14971 7 15086 18 15210 13 15226 8 15342 18 15467 24 15598 18 15720 27 15854 18 15976 26 16110 17 16230 29 16366 16 16484 33 16623 14 16739 36 16880 12 16994 38 17138 7 17250 38 17506 38 17763 37 18020 35 18276 35 18532 35 18777 4 18788 34 19028 10 19044 34 19283 11 19300 33 19538 12 19556 31 19794 12 19811 29 20050 12 20067 28 20184 2 20306 12 20323 19 20438 8 20563 10 20578 20 20693 13 20820 10 20833 21 20948 15 21076 10 21089 20 21203 17 21333 9 21343 22 21459 18 21590 30 21715 18 21760 1 21831 6 21847 7 21855 20 21971 18 22016 3 22086 8 22104 3 22111 7 22120 10 22173 4 22228 18 22272 3 22342 8 22368 5 22428 6 22485 17 22528 4 22598 8 22684 7 22742 15 22784 6 22854 7 22940 6 22999 14 23040 8 23110 7 23197 5 23255 14 23296 10 23366 7 23511 13 23552 11 23622 7 23768 12 23808 11 23879 5 24025 10 24064 11 24136 4 24282 9 24320 11 24391 5 24540 6 24576 11 24646 6 24832 12 24902 6 25088 12 25158 6 25344 13 25414 4 25600 13 25670 3 25838 3 25856 14 26094 6 26112 15 26307 6 26350 7 26368 16 26562 8 26606 7 26624 18 26818 9 26862 7 26874 2 26880 18 27073 9 27118 16 27136 6 27143 3 27151 3 27329 9 27374 17 27392 9 27580 1 27585 8 27629 18 27648 9 27669 4 27836 2 27842 6 27884 18 27904 10 27923 7 28091 3 28099 5 28140 18 28160 11 28178 8 28347 3 28356 3 28397 6 28404 9 28416 11 28433 9 28660 9 28675 24 28706 1 28898 4 28916 9 28930 26 28961 4 29152 7 29172 10 29184 39 29407 9 29427 11 29440 39 29516 1 29641 4 29662 10 29682 12 29696 41 29767 8 29897 6 29917 11 29937 12 29952 42 30021 11 30153 7 30172 12 30192 12 30208 42 30275 13 30408 9 30425 15 30448 11 30464 43 30530 14 30665 8 30680 16 30703 12 30720 44 30785 16 30921 8 30936 16 30959 12 30976 45 31040 17 31065 3 31120 4 31178 7 31192 14 31215 12 31232 46 31296 16 31319 11 31374 8 31436 5 31448 12 31471 11 31488 46 31552 19 31573 15 31630 10 31694 2 31703 10 31728 8 31744 46 31807 39 31886 19 31956 10 31985 6 32000 46 32063 40 32142 21 32211 9 32242 4 32256 46 32319 40 32381 5 32398 22 32465 10 32512 45 32575 40 32635 7 32653 23 32721 10 32768 44 32831 40 32887 11 32908 25 32977 10 33024 43 33086 41 33140 14 33164 26 33233 11 33280 41 33342 40 33394 16 33419 27 33489 11 33536 41 33599 40 33650 17 33675 28 33745 11 33792 41 33855 40 33905 19 33930 29 34002 9 34048 41 34110 41 34161 55 34260 7 34304 41 34365 43 34417 56 34517 5 34560 42 34620 45 34673 56 34775 1 34816 42 34874 47 34930 55 35072 43 35129 49 35187 54 35328 43 35385 49 35444 52 35584 39 35642 48 35701 51 35840 37 35900 46 35958 50 36096 35 36157 45 36214 49 36352 34 36414 44 36471 48 36608 33 36670 43 36728 47 36864 32 36927 31 36963 6 36991 40 37121 29 37183 30 37248 38 37378 28 37439 29 37505 37 37635 26 37696 28 37762 35 37891 26 37952 5 37959 21 38019 25 38047 4 38148 3 38158 14 38217 18 38275 25 38422 5 38480 10 38532 24 38737 7 38788 24 39044 23 39302 14 39320 2 39485 4 39559 3 39740 5 39995 6 40250 7 40271 2 40447 1 40505 8 40520 3 40525 6 40701 3 40761 7 40774 13 40955 5 41017 6 41029 13 41210 6 41274 5 41284 16 41465 7 41532 4 41540 18 41720 8 41789 5 41796 20 41976 10 42045 7 42053 21 42232 11 42285 5 42301 7 42309 22 42488 12 42539 9 42557 30 42745 11 42794 12 42812 32 43001 11 43049 13 43069 31 43257 11 43304 15 43325 31 43513 11 43559 16 43581 32 43769 9 43814 17 43837 32 44025 7 44069 18 44093 11 44105 20 44281 7 44323 19 44350 10 44361 19 44410 3 44511 3 44537 7 44578 19 44607 7 44618 18 44665 4 44767 4 44793 7 44833 20 44864 6 44873 19 44920 5 45022 6 45034 2 45050 6 45088 21 45122 26 45176 5 45278 16 45307 5 45343 23 45379 25 45431 4 45534 17 45565 3 45599 24 45635 25 45682 8 45704 3 45789 19 45854 26 45891 24 45938 8 45958 7 46042 22 46109 28 46147 24 46193 9 46212 10 46293 28 46365 29 46402 25 46449 10 46466 13 46489 3 46549 29 46620 10 46633 18 46658 25 46705 11 46721 16 46743 7 46804 31 46876 8 46891 17 46913 25 46960 12 46974 21 46997 10 47060 32 47132 7 47147 18 47169 25 47216 47 47309 5 47316 34 47388 6 47403 19 47423 26 47471 49 47564 42 47645 3 47659 45 47727 50 47819 43 47915 44 47983 51 48075 43 48170 29 48205 8 48238 54 48332 42 48424 10 48435 19 48461 6 48480 3 48494 55 48588 42 48679 30 48718 4 48734 6 48750 58 48847 39 48935 30 48974 4 48989 7 49006 60 49105 37 49191 30 49230 4 49245 7 49263 60 49362 36 49446 31 49486 10 49500 8 49520 61 49619 36 49702 31 49742 12 49755 9 49776 62 49875 35 49957 32 49998 23 50033 63 50131 35 50213 31 50253 27 50289 63 50386 36 50469 31 50508 30 50546 63 50641 36 50726 29 50764 32 50803 62 50895 29 50928 2 50982 29 51020 34 51060 61 51151 28 51239 29 51277 34 51316 60 51406 28 51496 28 51534 35 51572 59 51662 25 51766 15 51790 96 51918 20 52023 14 52047 94 52167 24 52279 14 52303 94 52422 25 52535 14 52560 93 52678 24 52792 13 52821 88 52934 24 53048 12 53077 88 53191 23 53220 4 53304 11 53333 44 53386 34 53447 24 53475 6 53560 10 53589 43 53644 32 53702 36 53808 3 53817 8 53846 42 53901 30 53957 38 54063 4 54073 8 54103 41 54158 28 54213 38 54319 4 54330 4 54362 38 54401 6 54414 27 54468 40 54576 3 54618 47 54666 30 54723 42 54832 3 54874 78 54977 46 55130 76 55232 48 55386 75 55487 50 55585 3 55643 72 55743 50 55840 5 55900 70 55999 50 56096 6 56157 68 56254 52 56352 9 56414 65 56510 52 56608 10 56674 19 56696 35 56766 52 56864 10 56931 17 56953 33 57022 52 57120 10 57188 16 57211 30 57277 53 57360 8 57376 11 57444 15 57475 22 57531 54 57605 21 57630 13 57702 12 57735 7 57744 9 57785 55 57859 39 57964 5 58002 8 58039 57 58114 39 58258 9 58294 58 58369 39 58514 10 58550 57 58624 39 58770 10 58805 58 58880 37 59026 10 59060 58 59136 35 59282 9 59316 58 59392 34 59538 9 59571 58 59648 34 59794 8 59826 58 59904 34 60051 6 60082 57 60160 34 60309 2 60338 53 60416 33 60592 54 60672 33 60846 56 60928 32 61100 57 61184 31 61355 57 61439 31 61610 57 61694 31 61865 41 61913 8 61949 32 62121 39 62172 3 62205 32 62377 39 62460 33 62633 31 62716 33 62889 31 62972 33 63146 29 63227 8 63239 21 63402 29 63483 5 63496 20 63660 26 63739 5 63753 18 63920 22 63996 4 64009 17 64177 19 64253 3 64266 16 64433 18 64522 17 64690 15 64777 18 64947 13 65032 20 65202 14 65287 21 65458 12
398196,4570 1
398477, 
399102,109 8 122 40 197 59 364 10 377 42 454 58 620 57 710 58 875 62 967 57 1130 64 1222 58 1386 64 1468 3 1477 59 1642 64 1723 4 1733 59 1898 65 1978 5 1988 60 2154 66 2234 5 2244 60 2410 67 2490 4 2506 54 2666 68 2747 3 2764 52 2922 69 3025 47 3178 70 3283 45 3434 71 3540 44 3690 72 3797 8 3808 32 3946 73 4054 5 4066 30 4202 73 4311 2 4324 28 4457 74 4580 28 4712 76 4837 27 4967 77 5092 28 5222 78 5349 27 5478 79 5607 25 5734 79 5863 25 5990 81 6119 25 6246 81 6374 26 6503 81 6629 27 6760 80 6885 27 7016 80 7140 28 7272 80 7395 29 7529 79 7620 3 7639 3 7651 29 7786 79 7874 6 7894 5 7906 30 8043 78 8127 9 8148 8 8162 30 8300 52 8356 22 8382 10 8403 9 8418 30 8557 50 8613 21 8638 11 8658 11 8672 27 8814 49 8870 20 8894 11 8913 12 8927 27 9073 9 9084 35 9126 20 9150 12 9167 13 9182 21 9205 6 9331 8 9341 35 9382 20 9407 13 9422 37 9464 4 9588 8 9597 34 9638 20 9663 63 9844 9 9855 32 9894 19 9920 64 10100 42 10150 17 10177 3 10189 51 10357 39 10407 14 10446 50 10613 38 10664 12 10703 6 10712 40 10869 38 10922 10 10961 1 10968 40 11125 38 11178 10 11200 6 11225 39 11381 13 11396 23 11435 9 11454 10 11482 37 11638 38 11691 8 11708 14 11736 38 11862 1 11894 38 11947 8 11962 16 11989 40 12068 4 12116 5 12142 1 12150 38 12204 7 12218 16 12243 41 12321 7 12371 7 12386 7 12396 48 12474 16 12498 41 12576 8 12627 8 12642 58 12731 15 12753 41 12830 9 12883 8 12898 57 12989 13 13005 44 13085 10 13139 8 13154 57 13246 12 13260 45 13340 11 13357 5 13394 8 13410 30 13443 24 13504 7 13514 47 13566 2 13595 12 13612 7 13644 1 13649 10 13665 31 13699 25 13759 8 13770 47 13821 3 13851 12 13868 8 13898 18 13920 32 13955 25 14015 8 14025 48 14076 4 14107 13 14123 9 14140 1 14153 19 14176 61 14270 66 14363 26 14396 2 14409 18 14432 62 14524 68 14610 1 14620 25 14652 3 14665 18 14689 61 14777 71 14863 10 14877 24 14908 3 14921 18 14945 62 15032 72 15115 27 15147 10 15166 1 15177 17 15201 61 15287 73 15370 28 15403 10 15433 16 15457 61 15542 74 15625 30 15660 9 15689 14 15713 59 15797 75 15881 31 15916 9 15945 11 15969 55 16052 76 16138 30 16173 7 16202 8 16226 54 16308 76 16395 30 16430 4 16460 3 16482 10 16493 44 16564 76 16651 29 16739 8 16749 45 16820 76 16909 27 16996 6 17005 47 17077 75 17169 23 17255 3 17262 46 17334 74 17428 19 17513 2 17519 51 17592 72 17685 17 17768 59 17848 72 17942 14 18023 60 18104 72 18199 4 18279 60 18360 72 18491 2 18535 59 18616 72 18694 2 18745 6 18791 36 18829 20 18872 72 18948 5 18991 6 19000 7 19047 35 19086 19 19127 73 19204 4 19245 18 19303 35 19343 17 19384 72 19459 4 19501 18 19560 34 19601 15 19640 72 19715 4 19757 18 19816 33 19858 13 19896 72 19971 4 20013 18 20072 33 20114 13 20153 71 20227 5 20269 18 20328 32 20370 12 20409 71 20484 5 20526 17 20585 31 20627 11 20665 71 20740 6 20753 3 20783 16 20842 29 20883 10 20922 70 20996 7 21009 4 21032 3 21041 15 21100 1 21104 22 21140 9 21179 69 21253 6 21287 6 21297 15 21360 21 21395 10 21437 67 21509 6 21542 8 21553 15 21617 20 21651 9 21695 65 21766 4 21792 15 21809 18 21873 20 21907 10 21919 2 21950 66 22047 38 22129 20 22162 18 22206 66 22303 39 22386 18 22419 19 22463 65 22559 40 22630 4 22644 2 22647 13 22675 30 22719 65 22815 41 22886 4 22904 11 22932 30 22975 65 23070 42 23141 5 23160 11 23190 29 23231 65 23326 42 23398 4 23417 9 23448 27 23487 65 23582 42 23654 4 23673 9 23708 23 23743 65 23838 42 23911 3 23931 5 23960 27 23995 1 23999 65 24095 40 24168 2 24216 27 24249 4 24256 64 24321 4 24336 1 24351 40 24424 5 24471 28 24505 5 24512 70 24589 8 24608 38 24680 7 24726 29 24761 6 24770 68 24844 10 24864 39 24936 9 24982 28 25017 76 25099 12 25120 39 25192 9 25238 27 25274 9 25284 64 25354 13 25376 40 25448 10 25495 28 25530 70 25610 13 25632 40 25704 10 25751 31 25787 69 25865 15 25887 41 25961 9 25987 5 26007 32 26042 70 26121 15 26143 42 26218 14 26241 8 26263 105 26378 14 26398 46 26475 31 26519 105 26634 15 26653 48 26736 28 26776 104 26891 14 26909 49 26992 28 27023 3 27032 104 27147 14 27165 49 27247 36 27289 65 27359 33 27404 11 27422 49 27503 37 27545 65 27616 32 27680 47 27759 37 27800 66 27873 31 27937 47 28015 37 28056 67 28127 33 28194 46 28271 37 28311 68 28382 34 28451 46 28528 35 28566 106 28707 46 28785 13 28802 16 28822 106 28964 45 29043 3 29047 5 29059 14 29079 105 29205 4 29221 44 29294 3 29316 12 29335 102 29439 1 29461 4 29479 41 29550 3 29573 10 29592 102 29717 4 29736 40 29806 3 29830 9 29849 101 29974 2 29992 39 30087 7 30108 99 30249 37 30344 5 30367 97 30505 37 30589 6 30600 5 30624 96 30761 35 30842 18 30881 7 30892 84 31019 33 31096 20 31139 2 31149 83 31247 3 31276 6 31284 25 31352 20 31406 82 31501 6 31533 4 31541 25 31607 21 31663 81 31757 7 31798 24 31862 22 31920 10 31933 67 32012 8 32054 24 32116 24 32177 6 32189 48 32239 17 32268 9 32311 23 32369 27 32445 45 32495 17 32523 9 32568 22 32622 30 32701 41 32751 20 32779 9 32839 6 32877 32 32957 39 33007 21 33035 8 33097 3 33132 34 33213 38 33262 23 33291 7 33388 34 33469 38 33517 25 33546 7 33644 35 33697 2 33726 36 33773 27 33802 7 33901 35 33952 5 33983 21 34008 6 34029 27 34059 5 34157 35 34207 9 34240 20 34284 27 34317 2 34342 3 34414 35 34463 11 34503 13 34540 27 34598 3 34670 36 34719 12 34760 11 34785 4 34795 27 34854 3 34927 35 34963 26 35016 11 35038 8 35050 28 35184 62 35273 9 35291 12 35306 28 35443 61 35513 1 35530 7 35546 43 35699 63 35768 4 35786 7 35802 43 35955 17 35973 46 36024 4 36042 7 36058 42 36211 64 36280 4 36299 7 36313 41 36467 63 36536 4 36555 7 36569 39 36621 4 36723 62 36794 1 36812 6 36824 40 36876 7 36979 59 37068 6 37080 40 37132 8 37234 58 37324 7 37336 40 37387 10 37489 58 37580 7 37592 40 37643 10 37704 5 37741 62 37837 7 37847 41 37899 11 37958 9 37997 13 38012 47 38093 51 38155 11 38214 10 38253 12 38269 46 38349 51 38411 11 38469 12 38509 11 38525 47 38605 51 38668 10 38725 13 38766 9 38786 42 38861 51 38925 8 38955 6 38982 13 38998 4 39022 9 39043 41 39117 51 39184 4 39209 10 39239 21 39280 5 39299 41 39363 1 39373 51 39463 13 39496 21 39555 41 39617 4 39629 51 39714 3 39719 14 39757 17 39782 1 39811 41 39873 4 39885 51 39970 4 39975 17 40016 14 40038 3 40064 44 40130 3 40140 52 40226 3 40231 20 40273 14 40294 2 40320 44 40378 4 40386 1 40394 54 40487 20 40529 14 40576 44 40633 9 40648 56 40744 20 40785 14 40832 45 40888 11 40904 56 41001 19 41040 17 41088 45 41144 11 41159 47 41209 7 41258 18 41296 20 41345 44 41398 14 41414 14 41432 30 41466 6 41517 15 41552 21 41601 44 41653 30 41690 29 41724 4 41773 15 41808 27 41857 43 41905 35 41946 29 41980 4 42030 14 42065 27 42113 43 42160 36 42202 31 42236 4 42287 13 42321 27 42369 42 42416 36 42458 38 42545 10 42578 27 42626 40 42672 36 42714 38 42807 3 42835 26 42881 41 42928 36 42970 38 43092 6 43099 19 43137 42 43184 14 43200 21 43226 38 43348 5 43356 18 43393 43 43439 15 43458 19 43482 38 43606 1 43613 17 43648 45 43695 14 43715 18 43738 38 43870 16 43904 46 43951 14 43971 18 43993 39 44126 16 44160 61 44227 18 44246 42 44382 16 44416 62 44483 18 44502 42 44638 17 44672 65 44738 62 44892 19 44928 128 45146 21 45184 128 45401 22 45439 129 45657 23 45695 129 45913 22 45951 129 46170 21 46207 129 46426 20 46462 130 46682 20 46717 131 46939 19 46972 132 47195 19 47227 133 47451 19 47483 133 47708 17 47738 134 47965 16 47990 138 48222 14 48246 138 48478 14 48501 139 48735 11 48756 140 48988 1 48993 8 49012 140 49244 2 49267 141 49500 2 49523 141 49756 1 49779 141 50012 3 50021 5 50034 142 50267 6 50276 7 50290 142 50522 18 50546 142 50777 19 50802 142 51033 20 51058 142 51289 20 51315 141 51545 20 51571 141 51802 19 51829 7 51839 129 52059 18 52086 5 52096 128 52317 15 52344 1 52353 110 52464 16 52574 14 52609 110 52721 15 52831 12 52864 128 53089 9 53120 128 53348 5 53375 129 53631 129 53886 130 54097 4 54142 130 54353 4 54398 130 54609 5 54653 131 54792 2 54865 5 54911 130 55047 4 55121 4 55168 130 55303 5 55378 1 55426 129 55558 7 55682 130 55814 7 55938 140 56194 139 56449 140 56705 10 56719 126 56961 9 56975 126 57216 9 57231 126 57472 9 57487 125 57728 9 57743 112 57856 10 57983 10 57999 111 58112 8 58213 6 58239 11 58254 111 58368 7 58467 10 58495 126 58624 6 58723 16 58751 126 58880 4 58976 20 59006 127 59229 25 59260 57 59319 71 59483 29 59516 22 59541 31 59581 66 59739 31 59771 23 59799 29 59838 66 59983 6 59994 57 60055 33 60095 65 60237 8 60250 59 60311 18 60333 13 60353 63 60492 10 60507 80 60589 13 60609 63 60747 11 60763 69 60834 10 60846 13 60865 60 60996 4 61003 11 61019 67 61090 27 61119 65 61250 8 61259 11 61275 67 61345 95 61506 20 61532 164 61761 21 61789 163 62017 22 62046 162 62272 25 62303 161 62528 25 62559 161 62784 25 62815 161 63039 26 63071 161 63295 26 63328 160 63552 26 63585 159 63808 27 63842 158 64064 28 64099 157 64320 29 64355 157 64576 29 64611 157 64833 28 64866 158 65089 24 65121 159 65346 20 65377 159
402143,33 83 167 3 202 49 290 82 424 2 458 48 547 81 714 48 806 78 970 48 1063 79 1226 48 1319 81 1483 8 1495 34 1575 81 1741 1 1744 2 1753 31 1830 83 2008 29 2085 85 2262 29 2341 16 2358 69 2518 29 2597 13 2615 68 2774 29 2854 7 2871 68 3030 30 3110 6 3127 67 3286 31 3383 66 3542 32 3583 1 3639 65 3799 32 3837 3 3896 64 4056 31 4091 5 4153 63 4312 40 4410 63 4568 40 4667 62 4824 40 4923 62 5081 39 5180 61 5337 26 5364 12 5436 61 5595 24 5620 12 5692 60 5857 18 5876 12 5946 61 6114 17 6132 12 6202 47 6254 7 6370 17 6388 12 6459 46 6627 16 6644 12 6715 47 6883 15 6901 11 6973 4 6981 37 7140 13 7157 11 7238 36 7397 11 7414 10 7494 36 7654 9 7670 10 7750 36 7913 1 7926 10 8007 35 8182 10 8263 35 8439 9 8520 34 8696 8 8776 33 8953 7 9033 31 9137 2 9210 6 9289 27 9391 6 9467 5 9544 27 9646 7 9724 4 9800 27 9902 7 9981 3 10055 28 10159 5 10311 27 10417 2 10568 12 10583 9 10825 10 10840 5 11083 8 11340 7 11411 4 11597 6 11631 4 11665 6 11854 5 11886 9 11920 8 12084 5 12111 6 12142 10 12175 9 12223 3 12339 7 12368 6 12397 11 12430 11 12467 4 12476 8 12594 8 12626 4 12652 13 12686 13 12721 21 12848 10 12883 3 12908 15 12942 14 12976 23 13102 12 13140 1 13164 17 13198 14 13232 24 13357 13 13420 17 13453 15 13487 25 13613 14 13675 19 13709 15 13743 26 13868 15 13931 19 13965 15 13999 27 14124 16 14186 20 14222 14 14255 29 14379 24 14441 20 14478 13 14511 31 14635 24 14697 21 14735 12 14768 31 14891 24 14952 22 14979 3 14992 10 15025 31 15147 24 15208 32 15248 10 15284 28 15402 24 15464 33 15504 9 15542 26 15657 26 15720 34 15760 7 15798 26 15912 27 15976 35 16017 5 16055 26 16167 28 16232 36 16312 26 16423 28 16488 36 16569 26 16678 29 16744 36 16823 29 16933 29 17001 35 17078 32 17186 32 17259 33 17333 34 17408 2 17441 13 17456 17 17519 29 17588 36 17664 5 17696 14 17712 19 17775 30 17843 37 17920 5 17952 14 17968 21 18032 30 18098 39 18176 5 18208 14 18224 21 18288 31 18354 38 18432 5 18464 14 18480 21 18544 32 18609 37 18688 5 18719 14 18739 18 18799 33 18865 36 18944 4 18974 14 19004 3 19050 37 19121 29 19153 3 19200 2 19229 15 19302 40 19377 28 19485 7 19500 7 19557 40 19633 28 19740 9 19755 9 19813 39 19889 27 19996 9 20011 10 20069 19 20090 17 20145 22 20174 3 20252 9 20266 12 20326 17 20346 17 20400 23 20430 4 20508 10 20522 12 20582 16 20602 16 20655 24 20686 5 20764 11 20778 13 20800 2 20838 15 20859 9 20871 2 20911 25 20942 5 21020 12 21033 14 21055 4 21086 4 21093 15 21115 7 21167 25 21198 13 21276 27 21311 4 21341 22 21371 6 21422 27 21453 17 21532 29 21567 5 21597 21 21628 4 21678 29 21708 18 21789 31 21821 7 21853 22 21896 1 21933 51 22046 38 22108 23 22151 3 22188 53 22305 35 22365 23 22405 5 22443 57 22565 31 22621 23 22658 8 22699 59 22822 30 22877 23 22914 7 22956 61 23078 29 23121 5 23134 23 23170 6 23212 63 23296 1 23331 2 23334 29 23376 7 23390 24 23427 3 23469 63 23535 9 23552 2 23586 4 23591 28 23630 9 23646 24 23726 63 23790 14 23808 2 23841 6 23849 26 23885 11 23902 25 23982 79 24095 8 24107 23 24140 12 24158 26 24189 1 24238 82 24350 9 24364 21 24396 12 24415 25 24444 4 24493 83 24605 10 24621 19 24651 14 24671 25 24699 5 24748 84 24860 12 24878 18 24907 15 24930 22 24954 6 25002 86 25111 18 25135 16 25163 17 25193 15 25209 7 25256 88 25365 21 25392 15 25420 17 25450 23 25511 89 25620 22 25649 14 25676 17 25708 21 25766 69 25836 20 25875 24 25906 13 25934 16 25968 19 26022 68 26093 19 26129 27 26164 11 26195 11 26226 18 26277 69 26350 18 26384 30 26421 10 26451 11 26483 18 26533 69 26606 18 26639 33 26677 9 26707 11 26740 18 26788 70 26863 17 26894 35 26934 9 26961 12 26996 18 27044 70 27118 18 27150 36 27190 9 27216 13 27251 19 27299 16 27319 51 27373 19 27406 36 27446 11 27471 13 27502 24 27556 14 27579 48 27628 20 27662 36 27702 12 27726 13 27758 24 27812 12 27836 68 27918 36 27958 13 27982 11 28013 24 28069 11 28092 68 28174 36 28215 12 28238 10 28269 22 28330 5 28349 67 28430 36 28472 11 28494 9 28524 23 28587 3 28607 65 28686 35 28729 10 28751 8 28778 24 28864 64 28942 35 28986 9 29007 8 29034 24 29121 63 29198 35 29243 7 29264 7 29288 25 29377 36 29416 24 29454 34 29499 6 29520 7 29544 24 29633 35 29673 23 29710 34 29756 4 29776 7 29800 24 29889 33 29931 21 29967 29 30032 8 30056 24 30144 33 30188 20 30224 22 30247 2 30288 10 30312 25 30400 32 30445 19 30481 19 30545 11 30568 26 30655 31 30701 19 30739 16 30802 11 30824 28 30910 30 30957 19 30996 14 31050 3 31059 12 31080 28 31166 28 31213 19 31256 9 31305 5 31315 12 31337 28 31423 26 31468 20 31560 7 31570 14 31595 26 31680 23 31724 20 31816 24 31853 24 31940 15 31979 21 32072 24 32110 23 32197 11 32235 21 32327 25 32367 22 32454 9 32491 21 32583 25 32623 22 32711 8 32746 22 32839 24 32878 23 32967 8 32995 29 33094 6 33101 18 33132 24 33222 8 33250 30 33350 6 33357 16 33387 25 33478 7 33504 32 33606 6 33613 13 33642 25 33733 8 33757 35 33862 6 33870 11 33897 26 33989 7 34010 38 34118 5 34127 9 34152 28 34245 6 34266 38 34373 6 34383 8 34408 29 34502 4 34521 39 34627 7 34639 6 34663 30 34777 39 34882 7 34896 3 34919 32 35032 40 35137 8 35175 33 35288 40 35393 8 35432 32 35543 41 35650 7 35687 34 35799 42 35865 2 35906 7 35943 15 35961 18 36055 50 36114 1 36119 5 36162 6 36199 13 36217 19 36310 52 36368 13 36419 4 36454 14 36473 20 36566 41 36608 11 36623 15 36710 14 36729 21 36823 38 36864 11 36878 16 36966 13 36984 22 37079 37 37120 31 37222 13 37240 23 37335 37 37376 31 37477 12 37496 23 37592 35 37632 32 37730 14 37752 24 37831 3 37848 35 37888 33 37986 13 38009 23 38085 6 38105 34 38144 33 38242 13 38268 21 38326 3 38340 7 38361 33 38400 34 38499 12 38528 17 38581 5 38596 7 38617 32 38656 34 38756 9 38785 17 38837 5 38852 8 38873 31 38912 35 39013 3 39043 16 39094 3 39108 8 39129 29 39168 35 39299 18 39364 8 39385 6 39403 1 39406 8 39424 36 39556 17 39620 8 39665 3 39680 36 39813 17 39876 8 39936 36 40070 21 40132 8 40192 36 40327 21 40388 7 40448 37 40586 19 40644 7 40704 37 40844 17 40901 5 40960 37 41100 18 41157 5 41216 37 41357 16 41413 5 41472 37 41614 14 41670 4 41728 36 41872 9 41984 36 42132 3 42240 35 42496 36 42639 3 42752 36 42892 7 42911 4 43008 38 43147 8 43166 14 43264 39 43403 7 43422 16 43520 41 43660 4 43677 17 43776 41 43847 7 43917 1 43933 18 44032 41 44102 10 44188 19 44288 41 44357 12 44443 20 44544 4 44549 35 44612 14 44698 21 44800 39 44868 14 44953 22 45056 38 45124 14 45209 23 45312 37 45380 13 45465 23 45568 37 45636 13 45721 24 45824 15 45845 15 45891 13 45977 24 46080 18 46101 15 46146 14 46233 24 46336 19 46357 14 46402 15 46490 22 46592 35 46635 3 46658 16 46747 21 46848 28 46891 4 46914 17 47004 4 47011 12 47104 29 47146 5 47170 17 47275 1 47360 29 47402 6 47426 18 47616 31 47657 8 47682 18 47729 2 47872 33 47913 8 47938 17 47984 4 48128 35 48169 9 48194 17 48240 4 48384 36 48425 9 48450 16 48497 2 48640 37 48681 9 48706 16 48730 1 48896 39 48937 9 48962 16 48985 3 48995 2 49152 51 49218 16 49242 1 49249 5 49335 6 49408 51 49475 15 49505 5 49583 2 49590 9 49664 36 49701 15 49731 15 49760 6 49838 18 49920 35 49962 10 49988 13 50016 6 50093 20 50176 35 50218 9 50232 6 50246 9 50273 4 50349 21 50432 36 50474 8 50486 9 50503 5 50529 3 50604 22 50688 36 50730 7 50742 9 50770 3 50778 11 50860 22 50944 36 50987 5 50997 10 51025 5 51032 13 51116 22 51200 36 51244 3 51254 8 51280 23 51371 23 51456 37 51510 8 51535 25 51626 24 51712 37 51767 6 51790 26 51882 24 51968 37 52024 4 52046 26 52137 25 52224 37 52301 26 52392 27 52480 10 52491 26 52540 1 52557 25 52648 27 52736 10 52749 23 52794 4 52812 26 52904 28 52992 11 53007 19 53049 5 53067 26 53160 28 53248 12 53264 18 53305 5 53322 27 53416 28 53504 12 53521 17 53560 5 53577 27 53671 28 53760 13 53778 17 53816 5 53834 26 53926 20 53950 4 54016 13 54036 15 54073 3 54090 25 54179 20 54272 13 54293 13 54346 25 54437 15 54528 13 54550 12 54602 22 54637 3 54693 13 54784 13 54807 10 54858 20 54892 5 54949 12 55000 3 55040 13 55065 6 55105 4 55114 19 55147 7 55206 10 55255 5 55296 14 55360 6 55370 19 55402 8 55462 8 55511 5 55552 14 55615 7 55625 20 55658 8 55718 7 55766 6 55808 16 55867 35 55914 7 55975 3 56022 6 56051 5 56064 17 56123 36 56170 6 56279 4 56301 1 56305 8 56320 17 56378 39 56428 1 56453 4 56536 2 56555 16 56576 18 56634 40 56703 12 56810 18 56832 19 56890 41 56957 15 57065 20 57088 20 57147 41 57212 21 57321 20 57344 22 57404 39 57468 6 57475 16 57577 20 57600 23 57662 36 57724 6 57732 16 57832 20 57856 24 57882 5 57919 34 57980 4 57989 16 58083 26 58112 32 58175 23 58246 15 58338 27 58368 33 58432 5 58440 12 58503 14 58593 30 58624 33 58690 1 58697 10 58760 12 58849 30 58880 33 58955 5 59015 13 59104 65 59271 13 59360 65 59527 14 59615 66 59783 14 59870 67 60038 16 60126 66 60294 17 60382 65 60551 17 60638 62 60809 15 60894 62 61065 15 61150 61 61298 1 61307 4 61322 15 61406 61 61562 6 61575 18 61662 60 61817 10 61830 20 61917 60 62073 32 62172 60 62328 32 62428 60 62584 32 62684 60 62840 31 62939 61 63097 7 63106 20 63195 61 63353 5 63364 17 63451 34 63488 23 63610 2 63620 16 63646 3 63707 34 63744 23 63877 14 63900 6 63940 2 63962 11 63976 20 64000 23 64075 5 64133 14 64155 8 64192 9 64218 12 64232 20 64256 23 64329 9 64389 15 64410 10 64430 6 64447 11 64473 13 64488 18 64512 23 64583 11 64640 20 64665 13 64684 14 64702 12 64728 15 64744 15 64768 22 64836 14 64895 22 64920 35 64957 14 64984 31 65024 22 65092 14 65151 22 65176 51 65240 30 65280 21 65347 15 65407 23 65431 52 65496 30
402654,0 65536
403524,0 58 65 9 126 6 147 5 256 58 321 12 383 5 404 3 428 2 512 58 577 13 641 2 684 2 768 58 833 13 939 4 974 1 1024 58 1090 13 1194 5 1280 58 1346 14 1449 7 1536 58 1602 14 1705 6 1793 57 1858 15 1960 7 2050 55 2114 15 2216 6 2306 55 2370 15 2472 5 2562 54 2626 15 2766 1 2817 56 2882 12 3020 5 3072 58 3139 9 3275 6 3328 60 3395 8 3530 8 3584 65 3652 6 3786 9 3840 66 3910 2 3921 2 4014 3 4041 10 4096 67 4175 6 4192 1 4269 6 4295 13 4313 2 4352 68 4427 11 4445 5 4524 10 4548 19 4568 3 4608 68 4683 13 4701 5 4780 12 4804 23 4864 69 4939 13 4958 4 5036 13 5060 23 5120 69 5196 12 5214 3 5293 13 5316 22 5376 68 5452 13 5549 16 5571 23 5623 1 5632 68 5707 15 5806 16 5827 21 5877 5 5888 68 5962 16 6063 16 6083 18 6133 6 6144 68 6217 16 6320 16 6340 15 6388 7 6400 68 6472 17 6576 16 6597 13 6644 8 6656 68 6728 16 6832 15 6855 2 6862 2 6900 8 6912 68 6983 15 7087 5 7095 8 7156 9 7168 68 7239 15 7342 6 7352 6 7379 6 7412 9 7424 70 7497 13 7578 3 7597 6 7610 3 7634 10 7661 3 7669 8 7680 70 7754 12 7832 6 7852 7 7890 11 7906 4 7916 4 7925 8 7936 69 8011 11 8052 3 8087 8 8109 6 8146 12 8160 7 8171 6 8181 7 8192 69 8268 10 8307 4 8343 9 8365 5 8403 21 8426 7 8438 6 8448 68 8523 10 8558 1 8562 6 8598 10 8660 29 8695 4 8704 69 8777 12 8812 4 8818 6 8854 10 8916 29 8953 1 8960 85 9066 6 9077 3 9110 10 9172 29 9216 85 9321 8 9333 3 9366 9 9429 21 9452 4 9472 86 9574 10 9590 2 9623 8 9685 6 9694 11 9728 86 9827 16 9846 3 9879 7 9943 1 9950 11 9984 88 10073 27 10101 4 10137 4 10207 9 10240 121 10394 1 10463 9 10496 121 10719 8 10752 121 10977 2 11008 121 11210 5 11264 121 11465 7 11520 113 11636 5 11721 8 11776 112 11894 2 11976 9 12025 6 12032 112 12184 1 12221 3 12230 12 12281 119 12439 3 12476 7 12484 16 12538 118 12696 1 12733 24 12795 118 12916 1 12989 24 13051 124 13246 24 13309 123 13503 23 13566 121 13760 21 13823 119 14016 21 14080 117 14273 19 14336 113 14477 2 14530 17 14592 113 14733 4 14787 15 14848 114 14964 1 14971 1 14989 6 15044 13 15087 5 15104 118 15228 1 15245 9 15302 10 15342 7 15360 118 15484 1 15501 14 15597 8 15616 117 15738 2 15758 10 15852 9 15872 115 15994 2 16014 10 16108 9 16128 115 16249 4 16271 7 16363 10 16384 115 16505 5 16527 7 16619 10 16640 116 16762 3 16770 3 16778 13 16875 9 16896 116 17018 2 17024 25 17129 4 17134 6 17152 116 17274 2 17279 21 17301 4 17307 7 17383 8 17392 2 17408 118 17530 1 17535 21 17558 2 17561 10 17639 7 17664 118 17786 2 17790 21 17817 10 17895 6 17920 119 18042 25 18073 10 18151 5 18176 116 18298 25 18329 11 18408 2 18432 116 18555 7 18565 13 18584 12 18688 116 18810 8 18820 14 18840 3 18944 115 19066 8 19076 14 19096 1 19200 115 19322 8 19332 14 19452 2 19456 116 19579 7 19588 13 19708 121 19835 21 19962 125 20090 21 20218 147 20472 148 20728 146 20984 142 21239 144 21496 144 21659 3 21752 144 21914 5 21922 2 22008 122 22134 19 22168 15 22265 4 22272 136 22424 15 22452 4 22528 136 22680 15 22707 6 22742 2 22784 135 22928 4 22934 17 22963 6 22998 2 23040 127 23169 3 23182 24 23207 3 23218 7 23254 2 23296 124 23426 4 23437 29 23473 8 23552 108 23661 11 23682 4 23692 34 23728 9 23808 125 23937 6 23947 46 24064 126 24191 10 24203 46 24320 184 24576 184 24832 183 25088 183 25344 183 25600 182 25795 1 25856 182 26051 3 26112 183 26307 7 26368 182 26558 13 26624 182 26812 15 26880 181 27068 14 27136 181 27324 13 27392 181 27580 10 27648 181 27837 8 27904 181 28093 7 28134 2 28160 181 28349 6 28389 4 28416 182 28604 6 28645 4 28672 184 28860 5 28900 6 28928 183 29156 5 29184 148 29334 31 29413 4 29440 146 29591 31 29669 4 29696 145 29848 30 29952 142 30104 28 30185 1 30208 142 30360 21 30441 1 30464 142 30615 21 30697 1 30720 142 30867 24 30976 172 31232 179 31488 181 31683 2 31734 2 31744 187 31934 8 31988 5 32000 187 32191 7 32244 5 32256 186 32448 6 32499 5 32512 187 32704 6 32755 5 32768 187 32961 5 32983 4 33011 4 33024 188 33217 6 33238 9 33269 1 33280 189 33474 2 33477 4 33494 10 33533 1 33536 191 33728 9 33750 11 33788 205 34006 12 34043 206 34262 12 34299 205 34518 3 34523 6 34560 197 34780 3 34816 125 34942 70 35072 195 35283 1 35328 195 35528 3 35537 6 35584 196 35782 6 35793 7 35840 205 36049 8 36096 205 36307 7 36352 205 36563 9 36608 206 36819 10 36864 208 37075 11 37120 222 37376 223 37632 148 37781 74 37888 148 38038 73 38124 2 38144 148 38293 69 38367 1 38400 215 38616 2 38623 1 38656 110 38768 100 38912 110 39024 98 39168 209 39424 208 39640 2 39680 202 39884 4 39895 3 39936 200 40142 2 40150 5 40192 199 40397 1 40406 5 40448 198 40652 2 40662 4 40704 198 40906 5 40917 4 40960 197 41160 8 41173 4 41216 198 41416 8 41430 2 41472 209 41728 209 41984 209 42240 202 42444 5 42496 201 42701 4 42752 200 43008 199 43264 199 43520 200 43776 200 44032 200 44288 199 44544 189 44734 10 44785 1 44800 188 45000 2 45041 1 45056 188 45256 2 45312 188 45512 2 45568 190 45768 3 45824 195 46024 6 46080 207 46336 210 46592 211 46824 2 46848 213 47062 2 47081 1 47104 217 47360 175 47537 40 47616 150 47768 22 47793 39 47872 150 48024 22 48049 38 48128 175 48305 38 48384 215 48640 216 48896 211 49110 2 49152 209 49408 202 49613 2 49664 201 49920 200 50176 201 50432 201 50641 3 50688 201 50896 4 50944 192 51138 7 51151 5 51200 191 51395 5 51407 6 51447 1 51456 191 51652 4 51662 8 51712 191 51905 8 51918 8 51968 190 52160 9 52175 5 52224 177 52402 23 52480 173 52659 23 52716 2 52736 146 52883 26 52915 23 52992 146 53140 25 53170 24 53248 147 53396 26 53423 27 53504 202 53730 2 53760 202 53982 7 54016 202 54224 3 54234 11 54272 202 54478 5 54487 13 54528 201 54732 8 54742 14 54784 201 54986 9 54998 13 55040 211 55254 5 55262 3 55296 145 55443 72 55552 144 55699 71 55808 215 56024 2 56064 214 56320 214 56537 1 56542 4 56576 214 56793 1 56797 5 56832 214 57052 6 57061 3 57088 214 57308 4 57316 6 57344 214 57564 4 57571 8 57600 215 57822 2 57826 10 57856 216 58082 10 58112 216 58337 8 58368 218 58594 6 58624 218 58846 2 58850 6 58880 219 59106 6 59136 219 59360 8 59392 218 59616 8 59648 217 59872 8 59904 166 60075 46 60127 9 60160 164 60332 44 60382 10 60416 160 60588 43 60638 9 60672 158 60844 42 60893 9 60928 158 61099 42 61149 8 61184 157 61354 43 61404 9 61440 157 61610 58 61696 157 61865 34 61902 21 61952 158 62120 37 62158 20 62208 159 62375 38 62414 17 62455 1 62464 162 62628 59 62711 1 62720 223 62967 1 62976 222 63222 2 63232 221 63478 2 63488 221 63733 3 63744 221 63989 3 64000 220 64245 1 64256 220 64512 220 64768 220 65024 222 65250 3 65279 234 65533 3
403905,7 38 69 58 129 71 228 9 265 36 325 130 484 9 522 35 582 130 739 10 779 34 848 121 993 14 1036 33 1107 119 1247 17 1293 32 1366 1 1370 12 1383 100 1501 20 1550 31 1626 10 1640 100 1755 23 1792 1 1806 32 1862 6 1873 7 1882 8 1896 100 2010 25 2048 2 2063 31 2118 18 2137 8 2152 101 2266 25 2304 2 2319 31 2374 26 2408 102 2522 24 2560 3 2575 31 2631 25 2664 102 2777 24 2816 4 2832 29 2888 23 2919 103 3033 23 3072 5 3090 26 3144 23 3174 104 3288 22 3328 7 3349 20 3400 22 3430 103 3539 27 3584 8 3607 17 3656 21 3686 103 3794 27 3840 8 3864 13 3912 19 3942 52 4002 11 4021 23 4050 27 4096 8 4124 3 4157 4 4168 18 4197 52 4277 23 4306 27 4352 7 4412 29 4452 52 4533 24 4562 27 4608 7 4668 27 4707 53 4788 25 4818 27 4855 4 4864 6 4924 25 4963 53 5042 28 5075 26 5110 7 5120 7 5180 24 5218 53 5297 30 5332 25 5365 9 5376 8 5436 23 5474 50 5553 32 5588 25 5620 21 5693 22 5729 47 5809 60 5876 21 5950 19 5985 46 6065 59 6132 21 6206 16 6240 46 6320 59 6388 21 6462 15 6496 41 6576 58 6643 21 6718 15 6751 39 6825 65 6899 19 6974 14 7007 35 7079 67 7155 17 7229 15 7263 17 7283 8 7335 67 7410 19 7485 14 7520 15 7540 5 7590 68 7666 20 7694 4 7741 13 7777 13 7797 3 7846 50 7898 15 7921 22 7949 7 7960 1 7963 5 7998 11 8034 13 8049 5 8102 50 8154 14 8176 24 8205 20 8255 10 8292 18 8358 34 8394 13 8411 11 8432 24 8461 21 8511 9 8552 13 8614 21 8637 10 8651 12 8667 11 8688 25 8716 24 8766 9 8809 10 8869 19 8895 7 8909 9 8923 11 8944 25 8971 26 9022 9 9066 9 9124 19 9152 5 9179 11 9200 25 9227 26 9278 9 9312 1 9322 9 9379 19 9436 11 9457 53 9534 8 9566 5 9578 10 9634 19 9692 11 9713 53 9790 7 9821 9 9833 16 9889 19 9949 10 9968 54 10047 5 10076 30 10117 2 10145 18 10205 10 10223 55 10304 1 10332 31 10370 8 10402 16 10459 12 10478 11 10494 9 10505 29 10588 33 10626 8 10660 6 10713 15 10734 9 10752 5 10762 28 10843 35 10881 9 10896 4 10917 4 10968 17 10991 6 11008 3 11023 22 11099 47 11151 5 11223 20 11247 7 11264 2 11279 21 11334 2 11354 49 11406 7 11471 3 11478 23 11504 6 11535 21 11587 7 11609 51 11661 8 11725 6 11733 33 11791 21 11842 9 11864 62 11981 42 12048 19 12098 9 12119 63 12236 43 12305 18 12354 9 12374 65 12491 44 12561 18 12609 11 12629 67 12746 45 12817 18 12865 12 12885 70 13002 45 13074 17 13120 15 13141 72 13258 44 13331 16 13374 19 13397 49 13447 24 13514 43 13588 15 13629 73 13709 20 13770 43 13844 16 13883 75 13967 19 14026 35 14062 6 14101 16 14139 74 14224 19 14283 32 14318 5 14360 13 14394 75 14480 20 14540 31 14575 4 14617 12 14650 106 14798 28 14833 1 14874 11 14906 106 15059 1 15062 19 15130 11 15162 107 15321 16 15386 11 15418 108 15579 14 15642 12 15674 112 15828 5 15835 17 15894 17 15929 116 16084 25 16147 20 16185 118 16339 27 16399 24 16440 121 16595 27 16654 24 16696 121 16850 28 16910 23 16952 122 17106 29 17145 3 17165 24 17208 123 17359 32 17400 8 17421 23 17464 125 17612 35 17655 9 17677 24 17719 127 17867 53 17933 24 17975 128 18122 54 18189 25 18231 129 18378 54 18445 26 18486 130 18634 54 18701 27 18742 130 18889 55 18957 27 18998 130 19145 55 19213 28 19254 129 19395 61 19470 27 19504 2 19511 87 19601 37 19648 64 19726 28 19759 5 19768 18 19789 67 19858 36 19902 66 19982 28 20014 7 20026 16 20046 67 20114 36 20157 67 20239 28 20269 8 20287 11 20302 104 20412 68 20495 39 20546 8 20558 105 20668 68 20751 4 20758 33 20802 8 20814 1 20818 101 20923 69 21006 4 21015 34 21059 6 21078 97 21179 69 21260 7 21272 37 21313 8 21336 96 21434 70 21515 9 21529 47 21592 168 21770 11 21788 9 21799 33 21849 167 22025 13 22046 5 22057 31 22106 112 22222 50 22280 15 22313 30 22364 111 22478 50 22536 15 22569 28 22622 110 22734 50 22791 17 22825 29 22879 163 23046 22 23081 29 23136 164 23301 24 23336 30 23391 192 23591 32 23647 194 23846 33 23903 195 24102 19 24125 10 24160 194 24358 19 24382 9 24416 195 24614 19 24638 8 24674 194 24871 19 24894 8 24933 191 25128 18 25150 7 25192 115 25310 70 25388 15 25406 6 25449 114 25567 68 25645 22 25705 114 25827 64 25902 22 25926 1 25961 115 26084 63 26159 30 26210 1 26217 117 26341 63 26416 30 26464 127 26596 65 26663 4 26674 29 26720 105 26827 22 26851 73 26930 30 26975 206 27187 29 27231 207 27444 16 27461 12 27487 207 27701 15 27717 12 27743 207 27957 15 27973 13 27999 207 28213 15 28229 14 28255 207 28469 15 28485 14 28511 208 28724 17 28743 13 28767 207 28979 18 28999 13 29024 206 29233 21 29255 13 29280 206 29487 36 29537 242 29794 28 29824 212 30051 28 30080 213 30308 28 30337 213 30563 245 30818 251 31074 254 31329 1972 33306 140 33448 109 33563 138 33705 108 33820 136 33964 105 34076 136 34220 105 34333 135 34473 107 34589 247 34845 174 35022 70 35100 173 35279 68 35356 173 35537 66 35611 174 35794 64 35866 176 36052 61 36122 246 36377 247 36633 246 36889 246 37145 230 37376 15 37401 230 37632 15 37657 246 37913 67 37981 177 38169 65 38238 175 38426 65 38495 173 38682 65 38751 171 38938 66 39005 172 39194 237 39450 237 39705 238 39960 44 40011 188 40215 43 40270 185 40469 44 40528 183 40724 44 40785 182 40979 45 41042 181 41234 46 41299 180 41489 48 41555 180 41744 50 41811 179 42000 50 42066 180 42256 52 42322 133 42457 45 42512 54 42578 133 42716 42 42769 54 42834 133 42972 41 43026 54 43090 133 43228 41 43282 54 43346 133 43484 41 43539 53 43603 132 43739 43 43795 53 43860 50 43911 81 43995 45 44051 54 44117 47 44167 81 44250 47 44307 55 44373 47 44423 131 44565 54 44629 182 44813 5 44821 54 44885 190 45077 54 45141 59 45202 130 45333 54 45397 60 45461 11 45473 169 45653 61 45719 9 45729 169 45908 62 45976 8 45986 168 46162 64 46233 5 46242 168 46417 65 46490 3 46498 169 46672 67 46754 170 46927 68 47009 171 47183 68 47264 172 47440 67 47519 173 47696 67 47774 97 47872 54 47927 21 47953 66 48030 94 48128 75 48211 64 48286 91 48384 75 48468 63 48542 90 48640 74 48725 41 48768 21 48798 42 48845 43 48896 74 48981 40 49025 22 49054 42 49102 43 49152 73 49237 40 49281 25 49310 42 49358 43 49408 73 49493 40 49538 25 49567 40 49614 44 49664 73 49749 40 49794 25 49824 39 49870 44 49920 73 50006 39 50050 24 50081 37 50127 43 50176 58 50242 6 50262 39 50306 24 50338 36 50383 43 50432 56 50500 3 50519 38 50562 24 50594 36 50639 43 50688 55 50775 38 50818 24 50851 38 50896 41 50944 53 51032 37 51073 25 51107 39 51152 41 51200 52 51288 37 51329 23 51364 38 51409 39 51456 50 51546 34 51585 22 51620 38 51665 39 51712 49 51805 4 51813 22 51840 23 51878 36 51922 41 51968 48 52070 19 52096 24 52135 35 52178 45 52224 50 52327 17 52352 23 52395 25 52433 99 52584 16 52607 24 52652 13 52669 5 52687 102 52842 15 52862 25 52908 11 52942 7 52951 95 53099 15 53117 25 53147 5 53165 7 53196 9 53209 63 53274 29 53355 43 53402 8 53422 3 53451 10 53466 60 53531 28 53611 43 53657 11 53706 12 53724 4 53732 50 53787 28 53867 5 53876 48 53960 14 53980 5 53992 7 54000 38 54043 28 54083 8 54123 5 54135 46 54194 4 54214 17 54237 4 54249 45 54299 21 54321 6 54340 7 54380 5 54390 48 54450 6 54469 19 54492 5 54504 46 54555 20 54584 2 54596 8 54636 6 54646 50 54705 8 54725 20 54748 5 54759 70 54839 5 54852 7 54891 7 54901 52 54961 9 54981 20 55005 5 55014 70 55095 6 55108 8 55147 64 55217 9 55236 21 55261 5 55270 70 55350 8 55361 12 55402 66 55475 7 55492 20 55517 5 55526 70 55605 25 55657 69 55734 4 55748 20 55773 6 55782 70 55861 26 55913 69 56003 22 56028 81 56116 27 56168 71 56259 106 56372 28 56424 72 56514 106 56628 28 56681 72 56769 107 56883 29 56937 74 57025 106 57139 29 57193 77 57280 107 57395 28 57449 79 57536 108 57651 28 57704 80 57792 111 57906 28 57944 5 57954 86 58048 59 58108 4 58114 76 58199 97 58305 57 58364 4 58369 76 58454 98 58561 57 58620 81 58710 97 58818 56 58876 80 58965 98 59075 55 59132 79 59221 31 59254 65 59332 53 59386 81 59476 32 59511 63 59590 132 59731 33 59767 63 59847 131 59985 35 60023 63 60104 129 60239 37 60279 64 60361 127 60494 38 60535 66 60618 125 60750 38 60790 69 60875 124 61005 111 61131 83 61217 38 61261 111 61387 82 61480 32 61517 111 61643 81 61742 26 61773 111 61899 82 61998 26 62029 112 62157 58 62218 20 62254 27 62285 112 62413 58 62474 21 62511 25 62537 116 62669 58 62731 21 62767 25 62793 33 62829 80 62925 57 62987 21 63014 3 63022 24 63047 17 63067 12 63085 80 63181 51 63244 21 63268 32 63304 15 63325 8 63342 80 63437 51 63501 19 63523 32 63559 16 63597 83 63694 50 63759 9 63771 5 63778 33 63815 17 63853 34 63891 46 63950 50 64018 4 64034 32 64070 18 64109 33 64149 44 64206 50 64290 32 64326 18 64366 31 64405 45 64462 50 64547 30 64582 18 64622 31 64661 34 64699 6 64718 50 64803 29 64838 18 64878 30 64916 34 64957 4 64974 50 65060 28 65094 17 65135 27 65172 26 65230 47 65317 26 65350 15 65393 23 65428 22 65487 44
409913,0 14 42 124 209 13 256 13 297 125 466 11 512 13 553 124 723 9 768 11 808 125 982 4 1024 10 1064 125 1280 10 1319 125 1536 9 1575 125 1792 9 1831 125 2048 9 2086 126 2304 9 2342 126 2560 9 2598 126 2816 9 2855 124 3072 8 3112 122 3328 8 3372 117 3584 7 3629 115 3840 7 3886 114 4096 7 4142 113 4352 7 4398 111 4608 7 4654 110 4864 6 4910 109 5120 6 5166 109 5376 4 5423 108 5632 1 5679 108 5935 108 6191 108 6449 105 6706 104 6964 101 7221 21 7247 51 7299 21 7478 19 7504 48 7557 19 7737 15 7761 45 7813 19 7996 11 8018 43 8069 19 8276 41 8325 19 8535 38 8581 18 8794 35 8836 18 9051 34 9091 15 9307 34 9347 12 9563 17 9581 15 9603 11 9819 16 9839 13 9859 11 10075 16 10096 11 10115 11 10331 13 10353 10 10372 9 10588 15 10609 9 10628 9 10644 1 10820 1 10845 14 10867 7 10884 10 10899 5 11074 4 11104 12 11126 1 11140 10 11155 6 11330 5 11362 4 11397 9 11411 6 11587 2 11653 9 11666 7 11909 9 11921 8 12165 9 12175 8 12421 17 12677 15 12933 15 13195 8 13452 6 13708 5 13964 4 24831 1 25085 3 25340 4 25594 6 25841 4 25848 8 26097 15 26352 16 26608 16 26864 16 27120 16 27376 16 27632 16 27888 16 28144 16 28363 5 28400 16 28603 7 28617 8 28654 18 28858 25 28909 19 29097 4 29113 26 29165 19 29351 8 29362 33 29421 19 29607 44 29677 19 29863 45 29932 20 30119 45 30188 20 30375 46 30444 20 30631 46 30701 6 30710 10 30774 6 30887 45 30958 4 30968 8 31029 8 31143 45 31224 8 31282 12 31400 44 31480 8 31537 13 31656 44 31736 8 31792 14 31913 42 31991 9 32046 17 32169 32 32204 7 32233 6 32247 9 32288 1 32300 19 32425 31 32489 8 32503 9 32542 4 32555 21 32681 31 32744 11 32758 10 32797 6 32811 22 32938 30 33000 24 33053 6 33067 23 33194 30 33255 23 33309 5 33323 24 33451 29 33510 23 33565 5 33578 26 33707 8 33716 20 33765 21 33822 3 33833 27 33963 7 33975 17 34021 16 34088 28 34219 7 34233 3 34244 4 34276 17 34343 29 34475 6 34501 1 34532 16 34599 29 34730 7 34787 17 34849 2 34853 32 34985 8 35043 16 35105 36 35239 10 35299 16 35361 36 35494 11 35555 16 35616 37 35750 10 35811 16 35872 37 36007 9 36067 16 36128 37 36263 8 36323 16 36383 39 36521 4 36579 16 36639 39 36834 17 36895 40 37089 18 37113 2 37151 39 37344 18 37369 4 37375 1 37407 39 37600 18 37624 8 37663 38 37856 17 37880 8 37920 36 38112 16 38135 9 38176 34 38368 15 38390 10 38433 7 38443 19 38551 6 38624 14 38645 11 38689 6 38699 18 38807 7 38881 12 38900 12 38946 3 38956 16 39062 9 39137 12 39156 12 39212 16 39318 9 39394 11 39411 13 39468 14 39574 10 39653 7 39667 13 39723 9 39829 11 39911 5 39922 14 39978 9 39995 4 40083 17 40173 19 40233 10 40250 6 40338 20 40428 20 40489 11 40505 8 40524 3 40593 22 40683 21 40744 32 40778 6 40849 23 40939 21 40999 43 41105 23 41195 21 41254 47 41361 23 41451 21 41508 51 41606 3 41617 23 41660 3 41707 21 41762 54 41861 5 41872 24 41915 9 41963 21 42017 55 42116 36 42169 12 42219 21 42272 56 42371 36 42423 15 42475 21 42528 56 42591 5 42627 36 42677 19 42731 21 42784 55 42845 8 42882 37 42932 21 42986 22 43040 54 43100 10 43116 3 43137 39 43187 23 43243 21 43296 54 43355 11 43369 7 43393 39 43443 23 43498 22 43553 53 43610 12 43623 10 43648 40 43698 23 43754 22 43809 53 43865 13 43879 11 43904 41 43954 23 44010 22 44065 69 44135 12 44160 41 44210 23 44265 23 44321 68 44391 12 44416 41 44466 24 44520 24 44576 67 44647 13 44672 42 44722 24 44775 25 44833 67 44903 13 44928 74 45030 26 45089 83 45183 76 45285 27 45345 83 45439 76 45539 29 45601 82 45694 77 45793 31 45857 82 45950 77 46046 34 46113 81 46206 77 46298 38 46369 80 46462 77 46553 39 46626 78 46718 77 46808 40 46883 77 46973 79 47054 4 47062 42 47139 77 47229 131 47396 75 47485 131 47652 75 47732 1 47741 131 47909 74 47985 5 47998 130 48165 82 48259 125 48421 83 48515 125 48677 84 48771 125 48934 84 49027 125 49189 86 49282 126 49410 5 49446 86 49538 135 49702 87 49794 140 49958 87 50050 142 50215 86 50305 145 50472 84 50561 148 50728 61 50792 19 50817 149 50985 58 51048 18 51073 150 51241 57 51304 17 51329 150 51499 3 51506 48 51559 18 51586 150 51768 42 51816 16 51843 149 52025 40 52072 15 52100 149 52282 39 52329 13 52358 147 52538 39 52586 12 52616 145 52794 39 52842 17 52872 145 53051 38 53097 19 53129 144 53307 39 53352 21 53386 9 53396 132 53563 39 53607 23 53644 6 53652 132 53820 74 53902 3 53908 132 54078 73 54164 131 54334 75 54419 131 54591 75 54675 131 54849 73 54931 131 55106 73 55187 131 55362 73 55443 132 55617 74 55699 133 55861 85 55955 133 56115 87 56212 133 56371 87 56468 133 56627 87 56725 132 56883 45 56929 41 56981 132 57139 45 57186 40 57238 51 57292 77 57395 45 57441 40 57495 50 57548 77 57651 86 57751 50 57804 76 57907 87 58008 48 58060 27 58088 48 58164 86 58264 47 58315 26 58344 47 58421 85 58521 46 58571 26 58601 46 58678 84 58777 45 58827 25 58857 46 58935 83 59033 43 59083 24 59112 47 59192 82 59290 6 59297 34 59339 24 59367 49 59453 77 59547 2 59553 33 59595 78 59711 76 59809 32 59852 83 59963 81 60065 32 60108 88 60210 4 60218 82 60320 32 60365 89 60462 9 60475 82 60575 32 60621 89 60716 11 60731 82 60830 32 60878 90 60971 13 60988 82 61085 32 61135 106 61246 80 61341 31 61394 16 61413 85 61502 81 61596 32 61656 10 61670 85 61758 82 61850 34 61914 9 61926 86 62013 83 62105 35 62163 189 62360 36 62412 195 62615 39 62667 195 62870 40 62923 195 63125 43 63178 195 63379 47 63433 199 63634 48 63688 118 63807 132 63943 118 64063 254 64320 253 64576 253 64832 253 65088 254 65344 12 65357 179
416208,6911 1 7679 1 7935 1 8189 3 8445 3 8693 4 8698 6 8945 15 9199 17 9454 18 9703 1 9708 20 9957 27 10212 28 10466 30 10720 32 10968 4 10975 33 11224 40 11479 41 11729 47 11984 48 12240 48 12496 48 12749 51 13004 52 13260 52 13515 53 13771 53 14026 54 14281 55 14531 1 14536 56 14783 6 14791 57 15039 65 15295 65 15551 65 15805 67 16056 72 16311 73 16566 74 16821 75 17076 76 17302 2 17331 77 17557 4 17586 78 17813 5 17842 78 18044 5 18055 4 18069 7 18098 78 18296 21 18318 1 18325 6 18354 78 18550 26 18581 5 18609 79 18804 28 18836 5 18865 79 19057 31 19091 6 19121 79 19310 33 19346 9 19377 79 19564 34 19602 10 19634 78 19818 37 19857 11 19890 78 20072 53 20145 79 20324 60 20393 3 20401 79 20577 65 20647 7 20656 80 20833 66 20903 89 21086 72 21159 89 21341 163 21595 77 21674 86 21846 82 21929 87 22101 171 22355 173 22609 175 22859 181 23114 182 23368 184 23622 186 23876 188 24130 190 24373 203 24624 208 24878 210 25130 214 25383 217 25637 219 25891 221 26142 226 26394 230 26649 231 26904 232 27158 234 27412 236 27658 3 27667 237 27913 5 27921 239 28169 247 28424 248 28676 16818 45497 19 45518 232 45754 232 45989 17 46010 21 46032 206 46245 8 46255 7 46265 228 46501 8 46511 6 46521 14 46536 212 46758 15 46776 14 46795 5 46803 201 47014 15 47032 14 47060 200 47270 4 47276 10 47287 14 47317 199 47525 4 47533 23 47574 198 47781 4 47790 21 47830 198 48037 3 48046 20 48087 197 48287 8 48302 7 48312 11 48343 197 48542 9 48558 6 48568 2 48577 2 48599 198 48798 7 48812 7 48851 208 49068 6 49107 207 49324 6 49362 208 49580 6 49618 7 49626 200 49835 6 49874 199 50075 7 50090 7 50130 223 50386 223 50643 222 50902 219 51159 1 51162 215 51417 216 51673 215 51930 209 52140 2 52177 2 52187 211 52433 1 52445 209 52687 3 52702 208 52942 3 52961 206 53197 4 53218 205 53452 4 53474 205 53708 4 53731 205 53963 4 53987 206 54218 4 54238 2 54244 205 54475 2 54493 1 54501 205 54762 201 55020 201 55233 1 55276 201 55489 1 55534 199 55745 1 55790 200 56046 200 56303 198 56552 3 56558 199 56808 3 56814 199 57065 1 57070 198 57326 199 57582 200 57838 201 58094 202 58350 11 58368 183 58606 11 58624 183 58819 1 58863 10 58878 184 59076 2 59120 10 59133 183 59332 2 59377 195 59633 191 59826 2 59889 194 60146 5 60153 186 60402 5 60416 175 60592 3 60657 6 60671 175 60848 3 60913 2 60916 3 60927 175 61105 2 61168 7 61184 175 61424 7 61440 181 61680 7 61695 183 61937 6 61951 186 62193 6 62207 187 62407 1 62449 5 62463 188 62676 3 62719 183 62904 4 62922 2 62932 6 62967 1 62976 181 63162 2 63177 4 63185 9 63231 182 63418 2 63432 18 63486 186 63688 15 63742 188 63944 5 63950 2 63954 4 63998 188 64191 1 64194 2 64212 2 64254 188 64446 8 64507 1 64510 189 64702 7 64767 188 64957 8 65024 197 65280 197 65533 2
416662,56 7 75 8 98 8 111 3 116 16 162 90 312 7 331 8 354 8 368 20 418 89 568 7 585 10 611 6 624 20 674 88 822 10 836 16 869 3 879 21 931 83 1077 11 1091 17 1133 23 1190 77 1332 12 1345 20 1388 24 1448 75 1587 34 1644 23 1704 74 1842 35 1900 23 1960 75 2097 36 2156 22 2217 75 2353 36 2412 20 2473 76 2609 36 2668 18 2728 79 2813 3 2859 2 2865 36 2923 18 2983 81 3066 6 3115 4 3122 34 3179 18 3238 90 3371 3 3377 35 3430 1 3435 17 3493 91 3627 3 3633 36 3684 4 3691 17 3749 91 3875 5 3889 42 3938 7 3947 17 4005 91 4130 8 4144 44 4194 8 4203 16 4261 18 4282 70 4384 10 4398 48 4450 7 4460 15 4518 17 4540 68 4640 63 4706 6 4717 12 4775 15 4797 67 4895 65 4962 5 4974 9 5032 4 5039 7 5054 66 5151 67 5219 3 5231 6 5296 5 5311 5 5317 59 5407 67 5488 4 5547 2 5554 2 5574 58 5663 67 5802 5 5831 57 5919 68 6058 11 6087 57 6175 69 6313 13 6344 17 6362 38 6432 68 6569 14 6600 17 6619 37 6690 67 6824 15 6857 16 6876 36 6947 67 7080 17 7113 55 7205 66 7284 5 7336 19 7367 57 7462 66 7539 8 7591 8 7601 11 7620 60 7719 66 7792 12 7847 7 7857 13 7876 51 7928 8 7975 67 8045 16 8103 6 8114 13 8132 2 8141 42 8184 8 8231 86 8359 6 8371 13 8388 1 8400 39 8440 8 8487 87 8616 4 8628 15 8657 47 8743 87 8872 3 8885 14 8914 7 8926 34 8999 87 9142 13 9170 5 9184 32 9255 88 9398 13 9426 5 9441 31 9511 89 9654 13 9681 7 9696 32 9767 89 9910 13 9937 8 9951 33 10023 88 10166 14 10193 47 10279 88 10422 14 10449 47 10535 87 10678 14 10704 48 10790 88 10935 12 10960 48 11044 90 11193 8 11215 49 11299 91 11453 2 11471 49 11554 93 11726 50 11810 93 11982 50 12066 62 12133 25 12176 2 12238 50 12322 61 12396 18 12430 5 12494 50 12580 58 12653 16 12675 5 12686 6 12750 50 12838 55 12913 12 12929 7 12942 6 13006 50 13096 50 13167 15 13184 9 13198 7 13262 50 13353 49 13424 25 13453 9 13467 3 13519 49 13610 50 13680 39 13722 5 13775 49 13867 49 13936 49 14031 49 14124 49 14193 49 14287 49 14385 45 14433 2 14450 48 14543 49 14642 49 14706 48 14801 47 14899 48 14962 48 15058 46 15146 3 15155 41 15199 4 15218 48 15314 46 15400 5 15412 18 15434 17 15456 2 15473 49 15570 46 15655 6 15669 9 15692 14 15729 48 15826 46 15909 8 15926 5 15949 13 15985 47 16082 46 16164 9 16205 12 16242 43 16338 46 16418 10 16462 9 16499 41 16594 46 16672 13 16756 6 16766 30 16849 47 16927 15 17023 30 17105 47 17182 16 17279 31 17361 47 17437 18 17535 32 17617 47 17692 19 17752 1 17758 4 17764 1 17790 33 17872 48 17946 20 18006 22 18045 35 18128 48 18202 20 18260 26 18300 35 18384 48 18457 20 18514 29 18556 34 18639 49 18713 19 18754 7 18769 31 18812 34 18895 49 18968 18 19002 2 19007 11 19024 32 19068 34 19151 49 19224 17 19257 18 19280 33 19324 35 19407 49 19479 18 19512 19 19536 34 19580 35 19663 49 19735 19 19768 19 19791 35 19836 35 19919 49 19991 19 20024 19 20046 37 20092 35 20175 32 20211 10 20247 19 20280 19 20301 38 20349 34 20431 32 20469 7 20503 20 20535 20 20557 38 20606 33 20688 31 20727 3 20750 1 20759 20 20792 20 20813 37 20862 33 20945 31 20983 4 21004 5 21016 19 21048 58 21118 33 21202 33 21239 4 21260 5 21272 19 21303 59 21374 33 21455 26 21486 13 21516 5 21532 15 21559 59 21630 32 21699 2 21711 25 21742 13 21773 5 21789 14 21815 59 21886 30 21954 5 21966 25 21999 11 22031 6 22045 14 22071 59 22142 29 22210 6 22222 23 22256 9 22286 8 22301 14 22328 7 22339 46 22398 28 22465 9 22476 22 22515 5 22542 8 22558 12 22586 3 22603 37 22655 27 22721 31 22798 8 22816 10 22860 36 22911 26 22976 32 23054 7 23073 8 23117 35 23168 24 23232 31 23312 4 23330 6 23373 35 23425 19 23488 36 23588 1 23629 34 23682 15 23743 39 23886 32 23938 13 23999 39 24143 28 24195 10 24255 38 24402 24 24452 7 24510 38 24661 20 24709 5 24765 37 24919 18 25020 38 25179 13 25276 35 25440 7 25532 39 25698 4 25778 51 26032 54 26287 56 26542 57 26797 58 27052 59 27247 3 27308 59 27501 6 27563 60 27756 8 27819 60 28011 9 28075 60 28266 11 28331 60 28522 11 28587 60 28718 1 28778 11 28843 60 28973 4 29034 12 29098 60 29179 4 29228 7 29260 5 29289 13 29352 62 29434 6 29484 9 29515 12 29545 14 29590 1 29595 75 29688 8 29741 9 29771 13 29791 2 29800 15 29848 77 29943 9 29998 11 30027 13 30044 7 30056 15 30103 78 30198 10 30256 10 30282 14 30299 10 30311 16 30346 3 30359 78 30454 10 30512 11 30538 14 30554 30 30615 79 30707 13 30769 11 30794 14 30809 35 30871 88 30961 15 31026 11 31051 13 31065 36 31127 105 31282 11 31307 13 31321 37 31383 105 31505 5 31538 11 31563 51 31640 104 31761 6 31794 10 31819 51 31896 104 32016 7 32049 11 32074 52 32152 104 32272 8 32305 10 32330 24 32355 27 32408 104 32528 8 32560 11 32586 12 32599 11 32612 25 32665 103 32784 8 32816 11 32842 11 32856 10 32869 15 32888 4 32921 103 33040 8 33072 12 33097 11 33112 10 33125 15 33178 102 33296 8 33309 2 33329 11 33353 10 33369 9 33381 15 33434 102 33552 9 33564 4 33585 12 33606 11 33626 8 33637 14 33692 2 33695 6 33704 88 33809 8 33819 6 33841 12 33860 12 33883 6 33893 13 33953 2 33963 44 34008 40 34065 7 34075 6 34097 11 34116 11 34150 12 34221 83 34321 7 34332 4 34353 10 34371 11 34407 9 34479 81 34577 7 34608 11 34628 9 34664 7 34738 24 34765 51 34833 6 34862 13 34884 8 34922 1 34998 19 35023 49 35089 6 35118 13 35140 7 35255 17 35281 47 35345 6 35373 13 35396 6 35511 16 35540 44 35601 6 35627 15 35652 6 35768 14 35798 42 35858 5 35882 8 35892 4 35909 6 36025 11 36055 41 36114 4 36138 13 36165 6 36281 10 36312 40 36393 14 36421 6 36538 8 36568 40 36649 14 36676 9 36794 7 36823 41 36904 16 36931 12 37052 4 37074 46 37161 15 37187 14 37309 2 37329 47 37417 15 37442 17 37584 48 37674 14 37697 19 37839 49 37930 14 37952 21 38095 49 38186 14 38208 22 38351 49 38443 11 38464 22 38607 49 38720 22 38863 49 38977 22 39120 48 39233 22 39376 48 39489 22 39633 47 39746 21 39890 46 40002 20 40147 45 40259 19 40403 45 40516 18 40660 38 40701 3 40773 17 40917 36 40958 2 40999 5 41031 15 41158 2 41178 30 41215 1 41253 7 41289 12 41413 3 41434 21 41460 2 41508 9 41669 3 41690 20 41763 11 41925 3 41947 20 42018 15 42053 5 42211 13 42237 3 42274 16 42308 7 42457 1 42469 13 42492 4 42530 17 42563 8 42711 5 42726 13 42746 6 42786 18 42819 8 42966 6 42982 26 43043 17 43075 8 43213 3 43221 8 43237 27 43300 15 43330 9 43369 5 43466 19 43491 29 43558 13 43580 1 43585 10 43624 7 43721 20 43747 29 43817 8 43834 5 43841 10 43879 8 43977 20 44002 30 44076 2 44090 4 44097 11 44134 10 44152 9 44232 20 44258 30 44346 3 44353 11 44390 10 44407 11 44488 18 44513 31 44613 6 44646 10 44661 13 44743 15 44768 32 44869 6 44901 11 44916 15 44999 14 45023 33 45125 5 45157 12 45171 16 45255 4 45260 8 45278 34 45382 3 45413 30 45517 7 45534 34 45669 31 45775 4 45789 35 45924 32 46044 36 46132 8 46179 33 46299 39 46387 15 46431 36 46555 39 46643 16 46686 37 46811 40 46899 16 46942 37 47067 40 47155 16 47197 38 47324 39 47411 15 47438 2 47452 38 47580 39 47666 16 47708 39 47837 40 47922 16 47954 3 47964 38 48094 42 48141 2 48178 15 48202 4 48210 4 48219 38 48350 43 48397 3 48434 15 48457 5 48465 7 48473 37 48606 43 48653 3 48678 2 48690 15 48713 5 48719 46 48862 43 48909 2 48933 4 48946 14 48970 51 49117 45 49187 8 49201 15 49227 50 49374 15 49393 25 49443 9 49457 15 49483 50 49629 14 49655 20 49698 10 49712 17 49739 9 49751 38 49884 14 49916 15 49954 11 49967 18 49995 8 50011 34 50139 14 50173 16 50210 11 50223 18 50251 7 50269 32 50394 11 50429 20 50465 13 50479 18 50507 6 50525 31 50648 11 50685 21 50721 13 50736 17 50765 3 50782 29 50855 11 50903 12 50944 19 50977 14 50993 16 51039 27 51094 2 51110 13 51159 12 51200 19 51233 15 51249 16 51295 24 51349 4 51365 14 51416 11 51456 19 51489 31 51552 21 51605 6 51620 16 51672 10 51712 19 51746 15 51767 9 51809 17 51862 5 51875 17 51929 8 51957 29 52003 14 52024 7 52066 15 52118 5 52128 20 52187 4 52194 6 52212 29 52259 13 52281 5 52323 13 52340 3 52374 6 52383 22 52449 7 52468 28 52516 12 52538 3 52580 11 52595 5 52630 6 52638 23 52704 8 52722 22 52748 6 52772 12 52837 10 52851 6 52885 32 52957 11 52977 16 53004 9 53029 11 53094 8 53107 6 53137 36 53212 12 53232 16 53261 10 53286 10 53328 5 53350 8 53364 4 53372 3 53389 40 53453 6 53462 17 53488 16 53517 10 53543 10 53583 7 53607 6 53627 6 53642 42 53708 26 53744 16 53773 11 53801 8 53839 7 53864 1 53882 59 53964 22 54000 16 54029 11 54057 8 54094 9 54137 60 54220 21 54256 16 54286 11 54314 6 54350 9 54382 1 54393 60 54477 20 54512 16 54543 10 54571 5 54606 10 54635 7 54645 64 54733 20 54759 6 54767 17 54800 9 54863 10 54891 73 54990 5 54998 11 55014 26 55057 8 55121 10 55146 74 55255 10 55269 30 55315 5 55381 7 55402 73 55512 8 55524 34 55573 1 55637 8 55658 28 55688 42 55769 7 55779 41 55884 1 55894 7 55914 28 55946 40 56034 44 56137 8 56150 5 56169 29 56203 39 56289 45 56380 1 56392 9 56406 1 56425 29 56459 38 56545 49 56635 5 56646 11 56681 30 56715 37 56801 49 56890 22 56936 72 57057 47 57105 1 57145 23 57191 73 57313 45 57400 24 57442 77 57570 43 57653 27 57697 78 57826 42 57908 27 57952 77 58040 2 58081 39 58163 28 58208 70 58295 5 58336 39 58418 28 58463 70 58550 6 58592 38 58672 30 58719 70 58805 7 58848 37 58927 30 58973 72 59059 9 59104 37 59182 31 59228 50 59281 20 59314 11 59343 1 59360 36 59438 31 59484 48 59539 18 59570 13 59616 35 59694 31 59739 47 59797 11 59813 3 59825 16 59872 34 59949 33 59995 46 60056 8 60069 2 60081 17 60128 32 60204 34 60251 46 60313 6 60325 2 60337 19 60385 31 60460 34 60505 48 60568 9 60593 22 60641 31 60715 35 60759 50 60824 10 60849 23 60898 30 60969 36 61015 51 61080 11 61104 24 61155 29 61224 37 61270 52 61335 13 61360 25 61411 29 61480 37 61526 50 61589 16 61615 26 61667 29 61736 37 61783 48 61842 21 61871 26 61924 28 61993 35 62038 48 62098 22 62126 27 62181 27 62249 35 62294 48 62354 23 62380 29 62438 26 62506 33 62551 47 62610 24 62635 29 62694 26 62767 28 62809 45 62866 54 62951 25 63023 28 63066 44 63121 55 63208 24 63278 30 63323 43 63377 56 63465 23 63534 29 63576 46 63633 57 63720 24 63789 30 63829 48 63889 65 63976 24 64045 30 64085 49 64146 65 64232 24 64301 30 64340 51 64402 65 64488 24 64557 30 64597 51 64650 4 64656 67 64745 22 64813 29 64853 126 65001 20 65069 18 65090 5 65111 124 65257 16 65325 16 65369 122 65514 13
417960,0 65536
418853,0 65536
421383,13 6 49 82 164 8 204 41 270 5 279 2 305 81 420 13 453 1 460 41 526 6 533 7 560 82 675 15 708 3 715 42 783 15 816 82 931 16 962 50 1042 14 1072 50 1123 30 1186 18 1217 51 1302 11 1328 49 1379 30 1439 23 1473 50 1558 12 1580 1 1584 48 1635 30 1693 26 1729 50 1814 34 1858 30 1892 28 1949 27 1985 49 2069 35 2117 26 2148 28 2204 28 2240 50 2324 37 2375 24 2404 28 2460 27 2494 52 2579 38 2631 25 2658 30 2716 27 2749 52 2835 39 2887 13 2903 40 2971 28 3004 53 3090 41 3143 11 3160 38 3224 31 3260 53 3343 45 3399 9 3417 32 3478 32 3516 54 3598 47 3654 10 3672 32 3733 33 3771 56 3855 10 3867 36 3909 12 3928 31 3988 33 4027 56 4125 3 4132 46 4182 32 4244 31 4284 54 4350 2 4388 80 4500 30 4540 48 4603 5 4643 81 4756 29 4796 47 4862 2 4898 81 5012 21 5037 3 5052 24 5077 21 5153 81 5268 20 5295 1 5308 23 5334 20 5407 82 5524 19 5549 11 5564 23 5590 22 5662 82 5781 18 5804 40 5846 25 5873 5 5917 83 6036 18 6059 76 6173 83 6292 18 6314 79 6428 84 6549 19 6570 80 6683 85 6805 102 6926 1 6938 85 7061 101 7181 98 7318 100 7437 98 7575 99 7692 98 7833 36 7870 59 7948 96 8090 34 8129 56 8204 94 8347 32 8386 55 8461 91 8605 29 8640 56 8718 7 8728 79 8862 28 8894 58 8975 6 8984 77 9073 3 9119 28 9150 57 9233 2 9241 74 9328 5 9376 87 9492 2 9497 66 9583 7 9632 87 9747 71 9839 8 9854 4 9876 1 9888 86 10002 72 10096 8 10109 7 10132 1 10145 86 10257 72 10352 8 10363 10 10389 2 10402 85 10511 73 10609 6 10619 10 10646 2 10659 84 10764 74 10866 4 10874 12 10902 2 10916 83 11015 80 11130 13 11148 3 11174 80 11270 81 11386 14 11402 7 11431 79 11525 83 11613 5 11642 24 11688 79 11781 83 11868 9 11899 23 11945 2 11949 74 12036 83 12124 9 12155 24 12208 72 12291 84 12380 10 12412 26 12449 3 12466 71 12547 83 12636 10 12667 29 12722 71 12803 82 12892 10 12920 32 12960 1 12979 70 13059 82 13150 8 13175 34 13216 2 13243 62 13315 82 13410 1 13431 35 13468 2 13471 9 13500 62 13572 82 13688 50 13756 64 13829 11 13842 68 13944 52 14012 66 14086 9 14098 70 14200 53 14263 1 14268 68 14344 6 14355 70 14455 55 14517 75 14601 5 14611 70 14712 54 14773 75 14860 1 14867 45 14919 18 14969 53 15029 75 15110 1 15124 43 15177 17 15226 52 15286 74 15364 7 15380 9 15391 32 15433 17 15484 50 15542 74 15619 10 15637 7 15648 31 15690 15 15741 9 15753 37 15798 74 15874 13 15893 5 15904 30 15948 12 15997 9 16010 36 16054 74 16129 15 16160 29 16203 14 16254 8 16265 9 16275 27 16311 90 16416 28 16458 15 16511 7 16521 7 16531 28 16567 41 16610 48 16673 24 16713 17 16768 16 16788 27 16824 39 16866 49 16929 22 16968 18 17026 14 17045 26 17081 37 17122 49 17185 22 17224 18 17282 16 17301 26 17338 35 17378 50 17442 20 17481 17 17539 15 17557 27 17594 34 17635 49 17700 16 17737 17 17795 17 17813 27 17851 33 17891 50 17959 12 17993 16 18014 4 18052 44 18108 32 18147 50 18217 10 18250 16 18268 7 18309 15 18326 26 18364 33 18404 13 18418 13 18432 21 18477 5 18506 10 18517 16 18566 13 18583 25 18621 32 18660 9 18678 7 18688 21 18734 5 18764 26 18822 42 18879 31 18917 7 18935 5 18944 21 18990 5 19022 26 19079 41 19137 29 19175 3 19193 1 19200 21 19247 4 19278 27 19334 43 19395 27 19456 20 19533 28 19589 44 19643 3 19653 26 19712 19 19789 28 19845 44 19898 5 19910 24 19968 18 20044 29 20101 44 20153 6 20167 23 20224 19 20300 28 20357 44 20409 7 20424 22 20480 19 20556 27 20613 43 20665 7 20682 19 20736 20 20812 27 20869 43 20920 8 20939 17 20992 20 21068 26 21122 46 21175 10 21196 14 21248 21 21323 27 21376 48 21430 11 21452 13 21504 21 21579 31 21632 47 21686 11 21708 12 21741 3 21760 21 21834 37 21888 25 21915 20 21941 13 21964 11 21991 11 22016 21 22090 39 22145 21 22172 19 22197 19 22221 9 22246 14 22272 20 22345 43 22402 18 22427 20 22453 21 22479 6 22501 16 22528 20 22601 46 22665 11 22683 20 22709 22 22757 18 22784 31 22857 47 22921 10 22938 20 22965 23 23013 18 23040 32 23110 26 23137 23 23176 9 23193 21 23221 23 23270 19 23296 32 23363 29 23393 23 23434 6 23445 25 23476 24 23525 21 23552 32 23618 30 23650 21 23692 2 23699 27 23732 24 23781 21 23808 32 23873 53 23940 4 23948 34 23987 25 24034 24 24064 32 24129 19 24149 33 24194 7 24204 34 24241 27 24289 25 24320 32 24385 17 24405 33 24446 48 24496 29 24545 24 24576 32 24640 18 24661 33 24700 49 24752 4 24758 25 24801 20 24832 32 24895 19 24917 33 24954 50 25009 4 25014 26 25057 22 25088 32 25140 3 25149 20 25173 33 25210 47 25265 32 25313 22 25344 32 25395 5 25404 21 25428 34 25466 49 25520 33 25569 24 25600 32 25650 7 25660 21 25684 34 25722 51 25776 34 25825 24 25856 32 25906 7 25915 21 25939 34 25979 50 26032 34 26080 26 26112 31 26162 6 26171 21 26195 34 26235 50 26287 15 26305 17 26336 26 26368 32 26418 5 26426 21 26450 35 26491 50 26544 13 26563 14 26592 26 26624 33 26674 4 26682 20 26706 35 26746 51 26800 13 26820 13 26847 27 26880 34 26929 5 26937 21 26962 35 27002 51 27057 11 27076 10 27103 27 27136 37 27185 6 27193 21 27217 36 27258 50 27313 10 27332 8 27358 27 27391 41 27435 5 27441 6 27449 21 27474 35 27514 50 27573 5 27589 6 27613 28 27646 58 27705 21 27731 33 27770 49 27845 5 27869 27 27901 59 27961 21 27987 32 28027 47 28103 1 28125 27 28156 58 28217 21 28243 31 28283 47 28381 25 28412 56 28475 19 28499 29 28540 43 28637 24 28666 57 28731 18 28755 27 28796 29 28830 7 28894 20 28921 48 28971 7 28988 17 29011 26 29052 30 29151 10 29163 6 29176 49 29227 7 29244 17 29267 25 29308 31 29407 9 29431 50 29485 4 29501 15 29523 24 29564 32 29664 7 29686 51 29758 13 29778 24 29820 34 29920 6 29942 50 30015 12 30034 23 30077 35 30165 5 30175 5 30197 51 30272 10 30290 22 30334 37 30420 13 30453 51 30530 6 30546 21 30591 38 30674 16 30708 51 30764 1 30801 21 30848 38 30926 20 30964 50 31019 2 31057 19 31105 37 31181 22 31220 50 31274 3 31313 19 31362 36 31436 23 31475 51 31531 2 31570 17 31618 35 31692 23 31731 51 31826 17 31874 35 31948 24 31986 53 32083 15 32130 34 32195 3 32204 25 32241 55 32343 10 32386 34 32449 38 32497 56 32603 5 32643 33 32704 40 32753 59 32899 33 32959 41 33009 61 33156 31 33214 44 33264 63 33413 29 33470 45 33516 16 33535 48 33670 27 33726 62 33792 48 33927 22 33981 64 34048 48 34150 1 34184 21 34236 65 34304 49 34364 3 34417 4 34442 24 34492 65 34560 49 34619 4 34672 6 34702 21 34748 65 34816 50 34875 4 34928 8 34959 20 35004 65 35072 52 35184 8 35215 21 35259 66 35328 52 35441 8 35472 20 35515 66 35584 53 35698 7 35720 28 35770 68 35840 53 35954 7 35974 30 36026 123 36211 6 36229 32 36282 123 36467 6 36484 33 36538 123 36724 5 36739 34 36795 123 36935 4 36980 7 36992 37 37052 122 37178 3 37190 6 37237 48 37309 130 37446 7 37494 46 37567 119 37688 7 37701 9 37750 46 37826 115 37945 6 37957 14 38006 45 38083 113 38202 5 38213 16 38263 43 38339 112 38464 21 38520 41 38595 110 38720 22 38778 38 38851 58 38910 46 38975 23 39034 37 39107 57 39168 44 39232 22 39290 33 39363 55 39424 43 39478 3 39488 23 39545 33 39619 52 39680 42 39730 10 39745 23 39774 5 39801 32 39876 33 39916 8 39936 41 39985 13 40001 23 40027 11 40043 3 40057 32 40132 31 40192 42 40241 39 40283 20 40314 31 40388 30 40448 88 40539 21 40570 33 40643 30 40701 90 40795 22 40826 34 40899 29 40956 88 41051 23 41082 39 41155 28 41212 4 41217 82 41307 23 41338 41 41411 26 41466 6 41475 79 41563 24 41594 43 41666 26 41720 8 41731 78 41820 24 41850 44 41922 25 41963 1 41974 10 41988 76 42077 23 42105 46 42178 24 42218 22 42244 76 42334 23 42361 46 42434 23 42474 22 42501 75 42591 22 42616 47 42690 20 42729 23 42757 75 42848 21 42871 49 42947 19 42985 23 43014 5 43023 65 43104 71 43204 20 43235 29 43280 63 43361 70 43461 20 43488 32 43537 62 43617 70 43717 22 43740 36 43799 56 43872 70 43973 59 44055 56 44128 70 44228 60 44312 50 44363 2 44384 70 44484 60 44568 48 44639 70 44740 60 44824 47 44895 70 44996 60 45081 46 45152 68 45252 60 45337 46 45409 66 45508 60 45594 45 45665 65 45764 60 45850 45 45922 62 46020 60 46106 45 46177 59 46277 59 46361 46 46432 60 46533 59 46617 46 46686 62 46792 56 46873 46 46941 63 47050 54 47129 47 47196 16 47213 47 47310 50 47385 47 47451 15 47470 46 47566 50 47642 46 47707 12 47727 46 47823 49 47899 45 47962 13 47983 47 48079 49 48155 44 48218 13 48239 48 48336 48 48411 43 48474 15 48495 51 48593 47 48667 42 48731 17 48751 55 48853 43 48923 41 48987 18 49007 13 49021 42 49111 41 49179 39 49243 18 49265 6 49277 43 49368 40 49435 39 49500 8 49509 8 49522 3 49533 43 49625 39 49691 43 49756 6 49765 8 49788 45 49883 37 49947 44 50021 8 50044 45 50140 36 50203 4 50209 48 50278 7 50299 46 50404 28 50461 1 50468 4 50474 41 50534 7 50555 47 50660 28 50731 41 50790 7 50811 47 50917 27 50987 41 51046 7 51067 48 51173 27 51243 41 51302 6 51322 50 51429 27 51499 40 51552 11 51578 50 51685 27 51755 39 51807 9 51833 51 51940 28 52012 38 52062 11 52089 52 52197 27 52268 40 52317 13 52345 52 52454 26 52524 41 52568 18 52600 53 52712 24 52780 42 52823 21 52856 52 52969 23 53036 64 53112 52 53226 22 53293 64 53368 52 53483 21 53548 65 53624 52 53700 1 53741 19 53804 65 53881 50 53954 5 53966 4 53997 19 54060 65 54138 49 54196 20 54220 7 54254 18 54315 66 54395 7 54403 43 54451 23 54476 8 54510 18 54570 67 54651 5 54659 45 54705 35 54746 6 54766 18 54826 66 54915 81 55002 6 55023 17 55082 65 55171 82 55257 8 55280 16 55337 66 55428 81 55513 9 55536 16 55593 66 55686 79 55769 11 55793 15 55849 67 55945 77 56024 14 56050 14 56105 67 56202 22 56225 74 56307 13 56362 66 56458 22 56481 77 56564 10 56619 65 56714 101 56822 6 56877 63 56970 102 57134 62 57226 103 57390 62 57482 104 57646 61 57738 104 57903 58 57995 104 58159 13 58173 43 58253 103 58416 8 58429 43 58513 100 58674 5 58685 19 58705 9 58715 13 58771 98 58941 18 58961 9 58973 11 59028 98 59197 16 59218 8 59231 9 59287 96 59424 3 59453 7 59464 4 59474 7 59489 6 59544 96 59679 5 59700 3 59709 5 59731 5 59748 1 59800 97 59935 5 59955 6 59965 5 59988 1 60057 97 60191 5 60211 7 60219 6 60285 9 60314 98 60447 4 60467 15 60540 12 60572 97 60703 3 60722 17 60795 15 60830 96 60958 5 60978 17 61050 16 61091 91 61213 7 61234 17 61270 3 61304 19 61348 90 61469 7 61489 19 61524 6 61558 21 61604 90 61725 8 61744 20 61770 3 61778 9 61813 22 61860 90 61982 7 61998 45 62068 23 62116 90 62238 7 62253 46 62324 23 62372 90 62496 5 62508 47 62580 23 62627 10 62638 80 62753 5 62763 47 62836 23 62883 8 62897 78 63009 5 63019 49 63092 22 63139 10 63153 78 63265 6 63274 52 63348 21 63394 11 63408 79 63521 63 63604 21 63650 93 63777 65 63860 18 63905 94 64033 66 64117 16 64160 96 64289 67 64375 12 64416 39 64456 56 64546 34 64586 27 64633 10 64671 40 64712 56 64802 4 64809 24 64844 25 64891 8 64926 39 64968 56 65065 24 65099 26 65154 1 65182 27 65223 57 65321 23 65354 8 65363 18 65410 3 65437 22 65479 57
423047,65 82 164 7 174 12 282 3 321 83 420 6 429 13 537 8 577 83 677 5 684 14 793 11 827 88 940 14 1048 13 1077 94 1195 16 1303 18 1332 52 1389 37 1451 17 1557 22 1586 54 1645 37 1708 17 1812 24 1842 53 1902 35 1967 14 2067 26 2097 54 2158 34 2224 13 2323 27 2353 54 2415 32 2480 13 2553 7 2578 86 2672 31 2736 12 2809 7 2833 86 2930 28 2992 12 3065 7 3088 87 3188 26 3248 13 3295 5 3321 7 3340 90 3445 25 3504 13 3549 9 3578 6 3594 92 3703 23 3760 14 3805 10 3835 5 3849 92 3959 22 4016 14 4061 11 4093 3 4105 92 4215 22 4273 14 4317 11 4361 90 4474 11 4489 3 4530 13 4574 11 4617 86 4726 1 4731 11 4788 11 4830 11 4872 86 4980 19 5045 9 5087 9 5127 86 5236 8 5245 11 5301 9 5343 1 5346 6 5382 86 5491 9 5504 10 5558 7 5597 4 5619 1 5639 83 5747 9 5761 10 5815 4 5822 3 5852 5 5873 4 5896 82 6003 9 6018 10 6077 5 6106 7 6129 5 6153 79 6259 10 6274 10 6332 7 6361 10 6384 7 6409 77 6514 4 6519 7 6531 9 6588 7 6616 13 6640 7 6666 76 6769 4 6777 6 6788 7 6844 8 6872 7 6880 6 6896 7 6921 76 7024 6 7033 7 7045 6 7101 6 7116 2 7128 6 7137 6 7151 7 7176 77 7279 8 7289 7 7302 4 7358 5 7370 6 7383 7 7393 6 7407 6 7431 79 7534 18 7558 4 7624 8 7639 7 7650 5 7663 7 7687 79 7788 21 7815 2 7880 9 7895 7 7907 5 7920 7 7930 3 7942 80 8043 23 8068 5 8129 5 8136 9 8152 6 8163 6 8176 7 8184 7 8198 80 8299 30 8382 18 8408 6 8420 6 8433 14 8454 81 8554 31 8635 21 8664 6 8675 7 8690 14 8710 81 8809 32 8890 21 8920 6 8931 7 8946 13 8967 81 9064 33 9146 21 9177 5 9186 7 9203 3 9210 4 9223 81 9320 33 9402 21 9434 3 9441 8 9478 81 9577 32 9658 22 9696 9 9710 3 9734 81 9833 32 9913 23 9952 9 9965 5 9989 82 10090 30 10169 23 10208 8 10220 6 10245 82 10350 26 10425 23 10464 8 10476 7 10501 82 10609 23 10680 24 10721 7 10731 8 10758 81 10872 16 10936 24 10977 6 10987 8 11014 81 11131 13 11192 23 11234 5 11243 7 11270 81 11387 13 11448 23 11499 7 11526 81 11644 12 11705 22 11757 5 11781 81 11901 11 11961 22 12014 5 12037 80 12157 11 12217 22 12270 6 12292 80 12402 3 12414 10 12473 22 12527 6 12548 74 12624 3 12669 11 12698 4 12729 22 12783 6 12803 75 12925 10 12953 6 12971 3 12985 22 13039 7 13057 76 13174 16 13209 8 13226 6 13241 21 13295 7 13312 77 13429 16 13465 11 13481 8 13496 22 13551 7 13568 77 13684 16 13722 23 13751 22 13798 4 13807 6 13824 77 13940 15 13979 23 14007 21 14053 6 14064 4 14080 77 14196 14 14230 2 14235 24 14263 20 14308 7 14321 1 14336 77 14451 15 14485 32 14520 17 14564 8 14592 76 14706 13 14740 35 14776 14 14820 8 14848 70 14962 11 14996 36 15033 9 15076 9 15092 3 15103 71 15180 1 15218 12 15252 36 15290 8 15332 9 15346 6 15359 71 15435 5 15474 13 15508 37 15547 7 15588 9 15600 9 15614 72 15689 7 15729 14 15764 46 15839 14 15854 12 15871 71 15943 10 15985 13 16019 48 16092 31 16128 81 16241 13 16274 49 16347 33 16384 80 16497 11 16522 1 16529 49 16603 34 16640 80 16754 9 16784 50 16859 36 16896 80 17012 6 17040 42 17115 117 17270 1 17297 40 17372 116 17554 38 17629 115 17811 36 17885 116 18068 35 18142 114 18324 36 18398 114 18581 35 18655 112 18838 35 18910 113 19094 35 19165 115 19350 35 19420 119 19606 34 19674 122 19830 1 19863 29 19929 123 20084 5 20119 25 20185 124 20340 6 20376 24 20440 125 20596 6 20633 24 20696 126 20852 6 20891 22 20951 128 21108 6 21153 16 21207 130 21364 5 21410 14 21463 131 21620 4 21667 13 21718 132 21878 1 21927 8 21974 132 22184 6 22230 132 22440 5 22485 53 22539 70 22614 2 22697 4 22741 123 22955 1 22997 122 23253 123 23467 3 23509 56 23566 66 23720 8 23765 130 23976 9 24021 131 24202 3 24231 10 24277 132 24455 7 24487 10 24534 132 24709 10 24743 11 24790 40 24832 89 24965 10 24992 18 25047 38 25088 89 25220 11 25241 25 25303 37 25344 88 25477 10 25496 26 25559 37 25600 88 25733 12 25751 27 25815 36 25856 89 25988 16 26006 28 26070 37 26112 89 26242 47 26326 36 26368 90 26498 48 26581 37 26624 92 26754 49 26837 36 26880 95 27010 49 27092 36 27136 96 27266 50 27343 32 27378 6 27392 96 27522 50 27597 33 27635 3 27648 96 27778 50 27851 34 27904 96 28034 49 28106 34 28160 96 28262 1 28290 49 28362 33 28416 95 28516 4 28545 49 28618 32 28672 94 28771 6 28799 49 28857 1 28875 30 28928 92 29027 7 29054 48 29113 1 29127 34 29184 91 29283 7 29310 46 29382 34 29437 93 29539 12 29564 47 29626 1 29637 35 29691 95 29795 14 29816 50 29882 3 29893 35 29946 96 30051 14 30071 51 30130 14 30148 36 30202 96 30307 14 30326 52 30385 54 30458 96 30564 13 30581 54 30639 57 30714 95 30820 13 30837 55 30894 62 30970 95 31076 13 31091 122 31226 51 31280 41 31332 138 31483 49 31537 39 31588 138 31741 44 31794 37 31844 138 32000 40 32050 6 32057 30 32102 136 32256 39 32306 3 32313 30 32360 133 32499 1 32512 38 32562 3 32570 30 32617 132 32753 4 32768 38 32817 4 32827 29 32873 48 32926 78 33008 6 33024 38 33074 3 33085 27 33129 48 33182 79 33264 5 33280 38 33330 1 33344 24 33385 49 33437 20 33459 58 33518 7 33536 38 33603 21 33640 73 33716 65 33792 38 33860 20 33896 74 33973 64 34048 38 34115 23 34151 141 34304 38 34371 29 34407 141 34560 38 34627 30 34663 141 34816 38 34883 30 34919 141 35072 38 35139 31 35175 141 35328 38 35395 32 35431 141 35584 38 35652 32 35688 133 35822 5 35840 38 35909 32 35945 5 35951 125 36079 4 36096 38 36165 33 36207 126 36336 2 36352 38 36423 31 36464 130 36608 39 36680 10 36691 20 36719 131 36864 39 36938 5 36948 19 36972 133 37110 2 37120 40 37178 4 37204 19 37227 134 37365 4 37376 41 37433 9 37459 21 37482 133 37621 4 37631 43 37688 12 37715 21 37737 134 37877 3 37886 45 37933 5 37944 13 37971 35 38011 116 38142 53 38200 12 38227 36 38268 115 38399 53 38456 11 38483 36 38525 116 38642 5 38656 52 38713 7 38740 36 38782 122 38912 52 38997 36 39039 121 39168 52 39254 36 39296 121 39424 53 39515 31 39553 122 39680 54 39774 28 39810 121 39936 57 40031 27 40067 9 40077 111 40192 58 40287 28 40324 7 40333 112 40448 59 40543 28 40581 4 40589 112 40704 59 40799 28 40834 3 40845 113 40960 59 41054 29 41088 5 41101 114 41216 59 41309 29 41344 6 41357 174 41563 30 41600 6 41613 175 41818 16 41836 13 41856 7 41868 177 42073 16 42093 12 42113 7 42124 179 42328 16 42350 11 42370 6 42379 185 42584 15 42607 11 42626 196 42840 13 42863 11 42882 197 43096 11 43119 11 43139 196 43352 10 43376 9 43395 196 43608 6 43622 2 43635 5 43651 196 43864 4 43876 6 43907 195 44122 1 44130 10 44162 195 44386 10 44418 195 44641 12 44670 1 44675 194 44897 12 44925 2 44937 189 45152 14 45193 137 45334 49 45407 15 45449 136 45589 52 45664 14 45704 137 45845 53 45920 14 45960 136 46101 54 46178 13 46216 130 46350 3 46354 57 46436 13 46472 127 46606 60 46693 14 46728 126 46862 59 46950 14 46985 125 47118 59 47206 15 47245 14 47260 106 47374 58 47462 16 47501 13 47516 105 47629 59 47720 15 47757 12 47772 105 47884 59 47978 14 48012 12 48028 104 48138 61 48237 11 48269 10 48284 103 48393 61 48494 10 48525 9 48541 102 48649 35 48687 23 48750 11 48784 6 48797 102 48904 35 48946 18 48996 1 49006 11 49042 2 49054 101 49160 35 49211 7 49252 3 49261 12 49284 2 49311 100 49416 34 49468 5 49480 5 49507 5 49517 12 49538 6 49567 100 49672 34 49735 8 49763 6 49772 11 49794 7 49823 100 49929 32 49990 9 50018 8 50027 11 50049 8 50079 12 50094 85 50185 32 50246 9 50274 21 50301 11 50334 12 50350 85 50441 32 50502 9 50530 22 50556 11 50590 11 50607 83 50696 33 50758 7 50786 33 50846 10 50863 83 50952 34 50996 4 51014 6 51042 33 51101 12 51119 82 51208 34 51248 9 51270 5 51297 34 51346 4 51357 100 51464 34 51502 13 51526 3 51549 38 51601 6 51613 100 51720 35 51757 15 51781 4 51802 41 51857 7 51868 101 51976 52 52037 3 52053 46 52112 114 52232 53 52294 1 52306 49 52368 115 52489 52 52561 48 52624 115 52745 20 52766 32 52817 47 52881 114 53002 19 53023 33 53073 46 53120 4 53137 114 53258 20 53279 35 53329 53 53392 114 53515 57 53585 15 53601 38 53647 116 53772 19 53793 35 53841 14 53858 38 53901 118 54029 18 54053 31 54096 14 54114 38 54156 119 54286 16 54311 29 54349 18 54369 40 54411 120 54542 16 54568 29 54604 184 54798 16 54824 29 54860 184 55054 16 55080 30 55116 184 55309 18 55336 32 55372 185 55565 18 55592 32 55629 185 55821 18 55849 32 55885 186 56077 18 56105 19 56125 12 56142 185 56333 18 56361 18 56382 12 56398 184 56590 17 56616 19 56639 11 56655 178 56846 16 56871 21 56895 12 56912 176 57103 15 57126 38 57169 175 57358 16 57381 40 57425 11 57437 163 57614 17 57637 41 57682 10 57699 157 57871 15 57893 41 57937 10 57957 155 58127 5 58136 6 58149 41 58193 9 58228 4 58235 133 58393 4 58405 29 58435 10 58449 8 58491 133 58660 29 58692 7 58706 6 58748 132 58915 29 58949 2 58964 3 59004 132 59169 31 59261 131 59424 24 59450 5 59518 130 59680 11 59693 10 59775 129 59936 10 59949 10 60031 129 60191 11 60207 8 60247 4 60287 129 60447 10 60464 5 60503 5 60543 129 60703 10 60758 6 60799 129 60959 10 61015 5 61052 132 61216 9 61271 4 61304 136 61473 8 61528 3 61557 140 61731 4 61784 3 61812 143 62068 143 62324 143 62580 143 62837 142 63093 141 63350 141 63545 3 63606 141 63800 7 63862 141 64056 10 64120 139 64312 13 64382 132 64568 13 64639 130 64824 14 64898 126 65079 15 65155 125 65335 15 65411 125
423050,0 65536
432006,0 255 256 255 512 16019 16534 251 16792 248 17049 246 17305 246 17561 245 17818 243 18074 242 18331 241 18588 239 18844 238 19101 236 19357 235 19613 234 19868 235 20123 236 20379 237 20635 239 20892 4 20899 233 21156 233 21413 233 21670 58 21734 169 21927 56 21990 35 22027 134 22184 55 22246 35 22284 134 22441 54 22502 35 22541 135 22698 53 22757 36 22797 136 22954 52 23012 37 23053 137 23210 51 23268 179 23467 48 23524 180 23723 47 23779 181 23979 45 24035 182 24236 42 24291 183 24494 40 24547 183 24751 38 24803 183 25007 37 25059 184 25263 36 25315 185 25519 33 25571 186 25776 31 25827 187 26033 29 26084 187 26290 27 26341 187 26546 26 26597 187 26802 25 26854 186 27058 23 27110 187 27314 21 27366 187 27570 12 27622 188 27827 9 27878 188 28084 7 28135 188 28342 2 28392 187 28648 188 28904 188 29160 188 29417 187 29673 187 29929 16 29946 169 30185 15 30204 167 30441 14 30461 165 30698 13 30718 130 30853 28 30956 10 30975 25 31002 103 31109 26 31213 9 31231 25 31259 105 31365 25 31418 7 31470 7 31488 24 31515 131 31673 10 31727 4 31744 24 31771 131 31929 20 32000 25 32027 131 32184 26 32255 26 32283 131 32432 2 32440 28 32510 28 32539 131 32687 5 32696 28 32765 29 32795 131 32942 39 33021 161 33198 39 33277 161 33454 39 33533 162 33710 40 33789 32 33823 128 33966 41 34045 32 34080 128 34222 42 34302 32 34337 129 34467 5 34478 44 34559 32 34593 137 34733 45 34816 171 34988 48 35072 221 35328 222 35584 223 35840 224 36096 224 36352 227 36582 4 36608 235 36864 237 37120 238 37376 240 37632 241 37888 243 38144 245 38400 246 38656 246 38912 246 39168 247 39424 247 39680 248 39936 248 40192 248 40448 248 40704 248 40960 248 41216 248 41472 248 41728 248 41984 249 42240 249 42496 248 42752 248 43008 248 43264 249 43520 249 43776 249 44032 249 44288 248 44544 248 44800 247 45056 246 45312 245 45568 244 45824 243 46080 243 46336 244 46592 245 46848 245 47104 28 47134 216 47360 28 47391 215 47616 28 47647 216 47872 29 47903 217 48128 29 48158 218 48384 249 48640 250 48896 250 49152 251 49408 251 49664 251 49920 252 50176 253 50432 224 50658 27 50688 225 50914 27 50944 253 51200 253 51456 253 51712 253 51968 254 52224 254 52480 221 52702 32 52736 221 52958 31 52992 20 53013 200 53214 30 53248 20 53269 229 53504 28 53537 215 53760 27 53793 214 54016 27 54049 213 54272 29 54305 213 54528 30 54561 213 54784 31 54817 213 55040 245 55296 241 55552 241 55808 241 56064 32 56097 209 56320 243 56576 244 56832 244 57088 207 57298 35 57344 208 57555 33 57600 208 57811 33 57848 5 57856 209 58066 34 58102 288 58391 253 58648 44 58693 207 58905 42 58951 205 59162 40 59209 204 59417 41 59465 206 59673 40 59722 246 59979 243 60235 242 60492 8 60504 228 60749 5 60762 229 61023 120 61144 104 61280 119 61402 104 61536 118 61660 103 61791 119 61917 103 62047 118 62174 7 62182 94 62302 119 62431 4 62440 92 62558 119 62702 86 62813 120 62958 87 63069 121 63214 87 63324 123 63469 89 63581 122 63724 90 63837 122 63979 91 64093 121 64234 93 64349 121 64483 3 64488 94 64605 120 64737 101 64861 120 64992 102 65117 120 65248 103 65373 119 65503 33
432339,0 65536
433193,0 14869 14870 255 15126 254 15382 253 15638 251 15894 250 16149 251 16405 251 16658 18123 34785 238 35042 234 35297 232 35553 231 35809 231 36064 231 36320 222 36575 222 36831 222 37063 2 37087 221 37319 3 37344 219 37575 3 37601 215 37832 1 37858 213 38115 211 38371 211 38627 210 38883 208 39127 3 39139 207 39383 4 39395 205 39639 5 39651 205 39895 6 39906 205 40152 6 40161 206 40375 4 40408 215 40630 6 40665 194 40862 16 40886 7 40920 214 41142 7 41176 213 41397 7 41431 212 41654 6 41686 211 41912 2 41942 207 42198 207 42454 208 42708 11 42721 197 42953 3 42958 216 43206 224 43458 227 43703 236 43958 237 44212 238 44465 241 44714 249 44967 253 45221 4826 50051 250 50307 249 50563 248 50820 240 51076 239 51336 231 51593 229 51849 227 52106 226 52362 225 52617 226 52871 227 53126 228 53380 231 53634 233 53888 235 54143 224 54371 8 54398 224 54628 7 54653 225 54885 6 54908 226 55142 3 55163 228 55418 231 55673 233 55920 6 55927 236 56174 245 56430 245 56685 246 56941 246 57198 245 57453 8083
435772,0 77 86 79 194 17 256 78 342 79 449 18 512 78 593 2 598 79 705 17 768 164 961 17 1024 164 1217 17 1280 163 1473 17 1536 162 1729 18 1792 162 1986 19 2048 162 2242 19 2283 2 2304 161 2498 20 2539 3 2560 104 2665 56 2755 19 2795 3 2816 103 2921 55 3011 8 3024 6 3072 103 3177 54 3268 6 3280 6 3328 102 3431 54 3526 2 3538 4 3547 2 3584 157 3795 1 3802 3 3840 156 4059 2 4096 100 4197 55 4352 100 4453 55 4608 100 4709 54 4864 100 4965 54 5064 5 5120 100 5221 53 5319 8 5376 100 5478 51 5574 10 5632 100 5735 48 5829 12 5888 99 5991 46 6085 12 6144 99 6247 46 6341 12 6400 100 6503 45 6596 13 6656 100 6759 44 6853 11 6912 100 7016 38 7109 10 7168 99 7272 37 7365 7 7424 98 7529 36 7623 1 7680 97 7785 35 7936 96 8041 35 8192 96 8298 33 8448 96 8555 32 8704 96 8811 31 8960 96 9067 25 9216 96 9323 23 9472 97 9580 14 9728 97 9837 2 9984 97 10240 97 10496 97 10752 97 11008 98 11264 3 11274 89 11520 1 11536 87 11793 87 12050 88 12306 88 12563 88 12820 88 13078 97 13336 96 13592 97 13848 97 14104 97 14361 97 14618 96 14878 92 15104 1 15135 91 15360 5 15391 91 15616 6 15647 91 15872 7 15904 9 15918 76 16030 3 16128 7 16162 7 16175 75 16384 6 16420 3 16433 74 16640 7 16691 73 16896 7 16906 2 16947 74 17152 7 17161 4 17203 75 17408 13 17459 75 17664 13 17715 75 17920 13 17971 75 18176 13 18227 76 18432 12 18484 76 18688 14 18740 77 18944 16 18996 78 19200 17 19251 80 19456 22 19506 82 19712 25 19762 83 19968 25 20017 86 20224 25 20273 87 20480 26 20529 87 20736 26 20786 86 20992 26 21043 85 21248 26 21299 85 21504 27 21555 84 21760 26 21811 83 22016 26 22067 82 22272 24 22323 82 22528 23 22564 5 22580 80 22784 23 22820 5 22837 77 23040 22 23075 6 23095 74 23296 21 23332 3 23351 73 23552 20 23608 72 23808 19 23863 71 24064 19 24116 73 24320 19 24371 73 24576 25 24625 74 24832 26 24880 75 25088 29 25134 77 25344 31 25388 79 25600 123 25856 122 26112 122 26368 122 26624 122 26880 122 27136 121 27392 121 27648 116 27904 115 28160 115 28416 115 28672 115 28928 114 29184 114 29440 114 29696 113 29952 113 30208 112 30464 111 30722 108 30977 106 31233 104 31488 103 31744 101 32000 101 32256 80 32338 18 32512 79 32595 16 32768 79 32853 13 33024 79 33110 9 33280 79 33368 5 33536 79 33792 79 34048 80 34304 80 34560 82 34816 85 35072 86 35328 86 35584 87 35840 87 36096 86 36352 86 36608 86 36864 85 37073 3 37120 86 37328 5 37376 86 37583 7 37632 86 37839 9 37888 87 38094 17 38144 87 38350 18 38400 86 38606 18 38656 86 38863 18 38912 86 39120 18 39168 87 39377 18 39424 89 39635 16 39680 90 39892 16 39936 90 40148 16 40192 90 40405 16 40448 90 40661 16 40704 89 40916 18 40960 88 41172 19 41216 87 41428 19 41472 87 41684 19 41728 86 41940 19 41984 86 42164 5 42196 18 42240 86 42416 10 42452 18 42496 89 42670 14 42708 18 42752 93 42926 15 42945 3 42963 19 43008 95 43182 15 43200 6 43218 21 43264 96 43437 28 43473 23 43520 103 43693 32 43728 24 43776 105 43948 61 44032 108 44147 4 44203 62 44288 109 44402 6 44459 63 44544 121 44715 63 44800 121 44970 65 45056 121 45226 66 45312 121 45481 71 45568 121 45737 74 45824 122 45991 77 46080 122 46246 80 46336 123 46501 82 46592 123 46756 84 46848 124 47011 85 47104 124 47267 86 47360 124 47522 87 47616 124 47778 88 47872 124 48033 90 48128 124 48286 97 48384 124 48541 223 48797 224 49053 225 49309 225 49564 226 49820 226 50075 227 50331 228 50587 228 50835 4 50842 230 51090 238 51345 240 51592 1 51601 141 51747 94 51847 3 51857 140 52004 94 52102 6 52113 140 52263 91 52358 6 52368 141 52520 90 52613 8 52624 141 52776 90 52870 152 53031 91 53128 151 53287 90 53386 149 53543 90 53643 148 53798 91 53899 148 54053 9 54063 81 54155 148 54308 7 54321 79 54411 148 54563 6 54578 79 54666 148 54818 6 54835 79 54921 148 55074 5 55091 79 55177 147 55329 5 55339 2 55347 232 55585 4 55594 5 55603 231 55842 1 55849 7 55858 231 56105 239 56360 238 56615 237 56870 238 57126 238 57381 239 57637 238 57892 239 58148 238 58404 92 58497 144 58660 91 58753 144 58916 237 59172 237 59428 236 59685 235 59941 234 60197 234 60454 82 60537 150 60711 80 60794 149 60968 78 61050 134 61186 13 61224 78 61306 134 61443 12 61481 77 61563 133 61700 11 61737 76 61819 133 61956 10 61994 74 62074 134 62212 10 62250 74 62330 134 62468 9 62506 74 62586 147 62762 73 62841 147 63018 73 63098 146 63275 71 63354 145 63531 71 63609 144 63787 71 63865 138 64043 71 64121 135 64299 70 64376 136 64555 70 64632 136 64812 68 64888 136 65069 68 65144 136 65326 67 65400 136
442157,5 53 90 1 261 52 518 51 775 49 1032 49 1084 3 1293 51 1550 50 1807 49 2063 48 2319 47 2577 45 2837 3 2841 37 3098 36 3138 3 3355 43 3602 2 3612 27 3643 12 3858 2 3867 10 3881 12 3899 12 4122 9 4137 11 4155 12 4186 1 4376 13 4393 9 4411 12 4441 4 4631 14 4649 9 4667 12 4697 5 4886 16 4904 9 4924 11 4953 6 5142 27 5180 11 5209 6 5397 28 5436 10 5456 4 5466 4 5533 5 5653 29 5691 11 5712 5 5788 9 5798 1 5909 30 5948 9 5968 6 6044 14 6164 32 6207 5 6225 5 6300 15 6420 32 6482 3 6556 15 6676 33 6812 14 6933 32 7068 14 7189 32 7323 14 7445 31 7579 14 7701 30 7740 1 7835 14 7957 30 7994 3 8090 15 8213 29 8248 5 8346 16 8469 29 8503 6 8602 16 8725 28 8758 7 8858 17 8982 27 9014 7 9115 17 9238 26 9269 7 9371 18 9493 21 9526 6 9628 19 9749 19 9782 5 9885 19 10005 18 10141 20 10262 17 10391 3 10397 20 10519 15 10647 4 10653 20 10777 13 10903 4 10909 21 10938 2 11036 9 11165 21 11193 5 11294 6 11421 21 11448 6 11461 3 11552 2 11677 21 11702 9 11716 4 11933 21 11958 9 11971 5 12189 21 12214 9 12226 6 12445 20 12471 7 12482 6 12604 3 12701 20 12727 6 12739 4 12859 5 12958 18 12983 5 12996 3 13115 6 13214 18 13239 3 13371 7 13466 4 13471 17 13494 3 13627 12 13721 23 13751 1 13883 13 13976 24 14140 12 14232 24 14398 10 14488 24 14655 9 14744 16 14762 6 14912 8 15001 15 15019 5 15170 5 15258 15 15277 1 15428 1 15520 9 15720 4 15777 9 15949 4 15975 7 16034 9 16202 8 16231 8 16290 9 16457 10 16487 9 16546 9 16713 10 16741 11 16802 9 16969 10 16995 13 17059 7 17225 10 17247 17 17317 2 17481 9 17503 18 17737 8 17751 26 17993 7 18006 27 18248 7 18261 26 18504 6 18517 24 18760 6 18773 22 19017 4 19030 19 19271 6 19286 18 19526 7 19542 18 19780 9 19797 17 20035 10 20053 15 20290 11 20310 12 20546 11 20566 12 20802 10 20824 8 21059 8 21318 3 28048 1 28302 6 28558 6 28813 7 29068 8 29323 9 29579 8 29835 6 30091 6 30348 5 30605 3 30862 2 31124 1 31142 4 31322 3 31378 5 31396 8 31578 3 31634 5 31653 8 31834 4 31891 4 31909 9 32090 6 32133 4 32165 9 32346 8 32366 3 32387 7 32422 8 32601 10 32619 8 32641 10 32679 7 32857 11 32874 12 32895 12 32936 5 33112 14 33129 15 33149 16 33166 1 33182 2 33368 34 33403 22 33437 4 33623 59 33692 5 33879 59 33947 6 33965 3 34135 15 34153 41 34202 7 34218 7 34391 14 34409 41 34458 8 34474 8 34648 13 34665 41 34714 8 34729 10 34910 6 34921 41 34970 8 34983 13 35177 41 35227 25 35433 41 35483 25 35689 41 35739 25 35945 42 35994 26 36201 41 36249 25 36457 40 36505 20 36713 39 36760 19 36969 39 37017 17 37225 39 37273 16 37482 38 37530 14 37739 6 37750 25 37786 13 37996 5 38007 24 38043 10 38254 1 38265 22 38300 7 38314 3 38521 21 38557 6 38569 5 38777 21 38813 5 38823 7 39032 20 39063 6 39071 3 39078 8 39288 17 39319 8 39333 9 39544 16 39568 5 39575 8 39588 10 39800 17 39820 9 39832 9 39842 13 40056 3 40065 5 40071 14 40088 23 40328 13 40344 24 40584 13 40600 26 40840 13 40856 26 41095 14 41113 26 41351 14 41370 25 41607 14 41627 23 41863 13 41884 22 42119 12 42140 22 42376 2 42381 5 42397 20 42636 7 42650 23 42892 7 42905 6 42913 15 43148 7 43159 23 43404 6 43415 11 43430 6 43661 5 43672 11 43918 3 43930 8 44190 3 50950 4 51204 8 51459 10 51715 12 51969 14 52224 16 52480 16 52736 16 52992 16 53248 16 53504 16 53760 17 54016 17 54272 16 54528 16 54784 16 55040 16 55296 16 55552 16 55808 15 56064 15 56320 14 56576 13 56832 14 57088 15 57344 17 57600 17 57856 17 58112 7 58122 7 58368 5 58378 6 58634 5 58888 5 59143 5 59399 5 59654 5 61794 3 61808 3 62049 11 62063 5 62304 20 62559 21 62815 21 63071 21 63327 21 63583 20 63839 20 64096 18 64344 3 64353 16 64598 6 64609 16 64854 7 64866 15 65110 6 65122 15 65367 5 65379 14
442220,0 65536
447372,3 25 78 93 180 16 202 22 259 25 334 93 435 17 458 22 516 24 590 93 690 17 715 21 773 22 845 94 945 18 971 20 1030 21 1101 94 1200 18 1227 20 1287 10 1301 5 1357 93 1456 16 1485 18 1544 9 1613 93 1713 15 1746 14 1799 11 1869 92 1969 15 2003 13 2050 2 2055 11 2125 93 2225 16 2260 12 2304 20 2382 92 2482 15 2516 11 2560 20 2639 91 2738 16 2771 12 2816 21 2895 91 2994 16 3027 11 3072 21 3151 92 3250 17 3283 11 3328 22 3406 93 3508 16 3539 10 3584 22 3662 95 3765 15 3794 11 3840 23 3917 97 4021 15 4051 10 4096 23 4172 98 4277 16 4307 9 4352 23 4426 101 4533 16 4563 9 4608 23 4681 102 4788 18 4820 7 4864 8 4875 12 4938 100 5044 18 5078 4 5120 7 5131 12 5194 100 5300 19 5376 6 5388 9 5451 98 5556 19 5632 5 5707 96 5812 20 5888 5 5963 85 6050 4 6068 20 6144 5 6219 84 6308 1 6324 20 6400 5 6475 84 6581 17 6656 5 6731 84 6912 4 6987 83 7168 4 7243 83 7327 5 7424 4 7499 89 7680 4 7755 89 7936 4 8012 88 8192 5 8269 87 8448 6 8525 86 8704 6 8781 71 8854 12 8960 5 8972 3 9037 71 9216 5 9227 6 9292 72 9472 6 9482 7 9547 72 9728 6 9736 10 9801 74 9984 18 10054 77 10240 23 10309 77 10496 3 10501 20 10538 6 10565 76 10752 1 10757 21 10792 8 10821 75 11013 21 11048 9 11076 76 11269 22 11304 9 11332 76 11526 24 11560 9 11588 74 11782 27 11814 11 11844 60 12039 43 12101 58 12296 42 12357 58 12552 43 12614 59 12809 43 12870 59 13065 43 13126 60 13321 43 13383 59 13579 42 13639 58 13836 41 13896 57 14091 42 14153 54 14347 42 14410 52 14602 44 14668 26 14696 20 14857 45 14926 22 14953 17 15113 45 15184 6 15209 16 15369 45 15443 2 15465 15 15626 44 15717 18 15882 44 15943 4 15973 17 16139 43 16197 7 16218 4 16229 17 16396 42 16451 10 16474 5 16486 16 16653 63 16730 4 16743 14 16910 62 16986 3 17000 12 17152 9 17166 61 17257 9 17408 10 17423 59 17664 11 17679 59 17920 12 17935 59 18176 11 18192 65 18289 4 18432 11 18448 67 18544 5 18688 11 18705 14 18721 50 18944 11 18961 5 18978 48 19200 11 19236 47 19401 1 19456 11 19495 44 19654 6 19712 13 19729 2 19752 44 19909 7 19968 14 19983 6 20009 44 20164 9 20224 22 20266 44 20419 10 20480 22 20523 44 20674 11 20736 22 20779 44 20929 18 20992 22 21035 43 21185 19 21248 22 21291 43 21440 20 21504 23 21547 42 21695 22 21760 24 21803 41 21950 23 22016 25 22059 31 22093 7 22205 25 22272 26 22315 25 22350 5 22462 24 22528 29 22571 23 22607 3 22718 24 22784 32 22827 23 22975 23 23040 33 23083 22 23231 23 23296 39 23339 24 23488 22 23524 4 23552 68 23744 22 23779 7 23808 52 23863 13 23908 2 24002 24 24034 9 24064 49 24119 13 24161 5 24170 1 24259 25 24288 14 24320 48 24375 14 24413 16 24516 25 24543 18 24576 47 24631 14 24668 18 24772 48 24832 47 24887 14 24923 18 25028 48 25088 46 25143 13 25178 19 25284 49 25344 46 25401 10 25432 21 25541 49 25600 45 25687 22 25788 2 25798 49 25856 46 25942 23 26043 4 26055 48 26113 45 26197 24 26299 5 26312 48 26370 48 26452 25 26555 4 26568 51 26627 48 26707 27 26812 3 26824 52 26883 48 26962 28 27080 52 27140 48 27210 1 27217 31 27336 52 27397 47 27464 4 27472 32 27590 55 27655 45 27718 43 27843 58 27912 32 27945 10 27974 42 28098 61 28168 32 28202 9 28229 41 28354 61 28424 42 28485 41 28528 2 28608 64 28680 41 28740 41 28783 5 28791 2 28863 65 28936 27 28967 8 28996 40 29039 11 29118 66 29192 18 29213 5 29224 5 29252 40 29294 13 29369 72 29448 19 29469 5 29482 2 29508 38 29550 13 29624 74 29704 26 29765 36 29806 12 29877 78 29959 28 30021 36 30062 12 30132 79 30215 21 30237 6 30278 34 30317 12 30336 4 30387 80 30471 21 30493 7 30534 34 30574 10 30591 6 30643 81 30726 22 30750 6 30791 33 30830 9 30847 7 30898 82 30982 21 31007 5 31048 32 31086 8 31104 6 31154 83 31238 20 31265 2 31305 31 31342 7 31360 6 31410 103 31523 5 31561 31 31596 7 31618 3 31666 102 31779 5 31817 42 31923 99 32035 5 32074 39 32175 3 32181 95 32291 5 32331 37 32429 5 32439 92 32548 3 32587 31 32619 3 32684 6 32696 91 32845 28 32940 6 32953 88 33101 27 33196 6 33208 86 33358 25 33453 5 33462 88 33615 24 33709 4 33716 90 33871 24 33970 92 34128 24 34154 2 34226 92 34384 30 34482 58 34543 31 34602 1 34641 29 34738 60 34800 30 34856 5 34898 27 34995 60 35056 30 35105 5 35111 7 35157 22 35252 59 35313 29 35349 6 35361 13 35415 19 35513 55 35571 27 35604 9 35617 14 35671 18 35714 1 35769 55 35829 24 35860 9 35872 15 35927 18 35968 4 36025 55 36086 23 36115 11 36128 15 36183 17 36224 5 36280 56 36342 21 36371 11 36384 16 36439 17 36468 6 36480 7 36536 56 36598 20 36626 30 36695 16 36723 21 36789 59 36854 19 36881 31 36951 16 36976 27 37043 61 37109 24 37135 33 37207 14 37232 28 37297 63 37364 60 37464 12 37488 28 37551 65 37619 62 37721 11 37744 28 37806 66 37875 62 37978 8 38000 28 38061 67 38131 62 38235 6 38255 29 38317 68 38388 62 38492 1 38500 3 38509 31 38572 69 38645 62 38754 42 38827 70 38902 62 39009 43 39083 70 39159 61 39265 42 39339 70 39416 61 39520 43 39595 70 39674 59 39776 42 39851 69 39932 58 40033 41 40108 48 40162 14 40193 53 40289 41 40364 46 40418 13 40449 53 40547 39 40620 46 40673 14 40704 54 40804 38 40876 46 40929 14 40960 54 41061 37 41133 46 41182 17 41216 54 41317 37 41389 46 41436 20 41472 54 41574 36 41646 5 41654 58 41728 53 41833 33 41880 1 41904 1 41910 59 41984 53 42092 30 42134 4 42154 2 42167 58 42240 52 42349 30 42389 6 42409 3 42423 58 42496 51 42606 36 42645 6 42665 4 42680 57 42752 50 42864 43 42921 3 42936 23 42962 31 43008 48 43121 42 43193 19 43218 31 43264 47 43378 39 43450 17 43474 30 43520 44 43635 34 43708 11 43731 29 43776 28 43808 11 43892 33 43965 7 43988 27 44034 9 44044 16 44066 8 44151 31 44223 5 44246 25 44291 6 44301 15 44324 5 44409 30 44482 2 44503 23 44548 2 44557 14 44581 4 44666 29 44738 4 44759 23 44812 15 44924 28 44994 4 45015 23 45064 19 45186 22 45250 4 45271 23 45319 20 45449 15 45506 4 45527 23 45574 20 45706 15 45762 3 45783 22 45829 20 45963 14 46019 1 46039 22 46083 22 46220 13 46295 21 46338 23 46476 13 46550 20 46593 24 46732 15 46806 19 46849 23 46986 19 47061 19 47105 22 47240 22 47317 17 47361 21 47494 25 47571 6 47581 3 47617 18 47749 26 47826 7 47873 17 48005 26 48045 3 48082 7 48128 19 48259 27 48300 5 48339 6 48384 20 48515 26 48556 6 48595 6 48640 20 48771 21 48811 7 48896 20 49027 21 49067 7 49152 18 49284 20 49323 7 49408 16 49540 21 49579 6 49664 15 49773 3 49797 20 49835 5 49920 15 50028 9 50053 21 50092 3 50176 15 50283 12 50308 22 50432 15 50538 14 50564 24 50688 15 50794 16 50820 25 50905 6 50944 14 51050 17 51075 27 51158 14 51200 9 51306 19 51331 28 51413 16 51456 7 51562 20 51587 29 51668 18 51712 7 51817 22 51843 29 51924 19 51968 7 52073 23 52099 30 52180 20 52224 7 52330 23 52355 30 52437 19 52480 7 52580 3 52586 24 52611 31 52694 19 52736 7 52836 3 52845 54 52951 18 52992 6 53092 3 53103 53 53208 17 53248 6 53350 1 53358 54 53466 15 53491 1 53504 5 53606 2 53614 54 53724 13 53747 3 53760 4 53861 6 53869 55 53982 10 54003 3 54016 3 54102 2 54116 63 54240 8 54259 1 54272 2 54356 6 54372 63 54496 8 54611 15 54627 63 54753 7 54867 79 55011 3 55123 79 55378 80 55633 81 55888 81 56144 65 56210 15 56399 65 56468 12 56655 65 56726 8 56910 65 57166 65 57421 65 57677 65 57914 4 57933 66 58168 7 58188 69 58423 9 58433 7 58443 71 58677 94 58933 95 59188 96 59443 97 59699 97 59955 97 60160 2 60212 97 60363 1 60392 2 60416 2 60470 96 60616 7 60646 6 60664 2 60672 3 60726 96 60861 6 60869 14 60901 8 60918 7 60928 3 60981 96 61116 24 61154 13 61173 10 61184 3 61237 96 61348 6 61371 26 61406 19 61428 18 61493 95 61604 5 61627 28 61659 44 61749 94 61860 5 61883 77 62004 94 62118 2 62139 78 62259 89 62395 78 62500 2 62514 89 62651 78 62756 3 62764 95 62899 5 62906 80 63018 97 63154 88 63273 98 63409 89 63527 101 63663 90 63782 102 63918 91 64014 3 64036 104 64174 89 64267 11 64292 104 64430 109 64546 106 64686 111 64800 108 64942 111 65055 109 65199 221 65456 80
451709,0 5 10 7 19 82 112 94 256 5 266 8 275 82 368 94 512 5 522 92 624 94 768 6 777 95 873 5 881 93 1025 5 1033 101 1137 93 1281 6 1289 197 1537 6 1545 196 1794 5 1802 195 2049 5 2058 195 2305 5 2313 196 2560 7 2568 196 2816 204 3072 204 3323 1 3329 204 3576 8 3585 204 3831 214 4082 219 4337 138 4482 75 4591 139 4739 74 4846 84 4931 58 4995 73 5101 85 5188 60 5251 73 5356 86 5445 135 5612 88 5701 135 5868 96 5965 127 6123 96 6223 125 6379 97 6481 9 6494 109 6635 6 6642 92 6737 8 6750 109 6885 4 6890 5 6899 105 7005 112 7139 11 7155 219 7394 11 7410 221 7649 12 7665 223 7905 12 7920 224 8161 240 8417 161 8581 76 8672 162 8837 76 8928 161 9093 75 9183 161 9349 73 9439 164 9606 70 9694 180 9877 54 9950 47 9998 132 10134 55 10206 46 10254 131 10391 55 10463 178 10646 56 10720 177 10902 56 10976 171 11150 2 11158 56 11233 169 11414 56 11490 168 11672 54 11746 168 11929 9 11940 42 12003 166 12199 39 12259 165 12459 35 12515 166 12688 5 12715 36 12772 4 12780 158 12942 8 12971 37 13029 2 13038 156 13197 10 13225 41 13295 169 13479 44 13552 31 13585 135 13733 46 13809 30 13842 134 13985 51 14066 30 14099 133 14241 51 14323 29 14357 130 14497 52 14581 27 14614 129 14753 52 14843 22 14871 129 15010 51 15100 21 15126 136 15267 51 15358 20 15383 136 15524 51 15616 17 15641 135 15782 50 15872 6 15880 8 15898 134 16039 49 16128 5 16139 4 16155 133 16295 49 16384 4 16411 133 16551 50 16640 4 16667 133 16807 49 16896 4 16923 133 17062 50 17152 3 17178 136 17318 51 17408 3 17433 192 17664 3 17689 193 17920 4 17945 194 18176 4 18204 191 18432 4 18463 189 18655 2 18688 4 18718 198 18944 5 18974 199 19200 10 19230 199 19457 12 19487 199 19713 13 19742 6 19749 194 19969 13 19996 1 19998 6 20006 193 20224 15 20257 1 20263 192 20480 3 20487 14 20519 192 20736 3 20748 10 20776 190 20992 3 21005 10 21032 190 21248 4 21260 10 21288 190 21504 8 21515 11 21544 189 21760 8 21771 2 21775 6 21802 189 22016 8 22027 2 22059 188 22248 5 22272 13 22297 3 22315 196 22528 13 22551 5 22577 192 22784 12 22807 7 22834 191 23040 11 23056 7 23064 6 23092 131 23225 56 23296 11 23312 4 23322 5 23349 85 23437 40 23481 55 23552 11 23567 4 23579 5 23606 83 23694 38 23736 56 23808 13 23823 3 23835 6 23863 81 23950 37 23993 55 24064 18 24091 7 24102 1 24119 80 24207 36 24250 4 24260 46 24320 18 24342 1 24346 9 24357 2 24376 78 24463 36 24517 46 24576 17 24596 3 24601 15 24632 78 24719 28 24748 8 24778 42 24833 15 24850 22 24893 72 24975 26 25009 1 25034 42 25090 14 25106 23 25150 69 25231 26 25290 43 25347 13 25362 23 25407 64 25487 26 25546 45 25603 13 25619 22 25663 63 25743 26 25802 48 25860 12 25875 22 25919 63 25999 26 26058 49 26117 11 26131 23 26175 8 26187 51 26255 27 26314 50 26374 9 26387 23 26428 5 26442 51 26510 27 26570 50 26631 8 26642 24 26682 6 26698 51 26766 27 26825 51 26887 35 26938 6 26953 41 26996 8 27022 27 27080 50 27136 2 27143 36 27194 6 27209 37 27254 5 27278 27 27328 55 27392 3 27397 38 27451 5 27460 42 27510 4 27536 24 27583 56 27648 44 27708 2 27715 23 27745 12 27766 3 27795 21 27838 57 27904 44 27969 25 28003 8 28053 20 28093 58 28160 44 28225 25 28252 4 28311 19 28349 59 28416 44 28480 26 28507 6 28567 8 28578 13 28605 59 28672 44 28735 35 28823 7 28834 15 28861 59 28928 44 28991 36 29079 7 29090 16 29108 2 29117 59 29185 42 29247 38 29335 8 29347 15 29364 4 29374 58 29442 41 29504 38 29590 34 29630 53 29684 3 29702 37 29760 39 29845 35 29888 51 29960 35 30016 40 30101 35 30145 50 30217 34 30271 41 30357 35 30402 21 30424 30 30469 2 30473 34 30527 43 30615 34 30659 18 30680 29 30723 6 30731 31 30783 13 30801 28 30850 1 30877 29 30916 14 30936 28 30973 3 30979 6 30987 32 31040 9 31058 27 31105 3 31132 32 31173 5 31193 28 31222 10 31235 7 31245 30 31296 6 31315 25 31361 3 31388 33 31449 39 31491 8 31502 29 31554 3 31571 8 31582 13 31617 3 31643 36 31692 3 31706 38 31748 7 31759 28 31826 8 31838 12 31873 3 31898 38 31948 4 31963 37 32005 6 32014 28 32082 8 32093 14 32129 3 32153 40 32203 5 32218 38 32261 6 32270 28 32338 7 32348 16 32385 3 32408 41 32459 5 32471 41 32526 27 32594 7 32603 19 32639 5 32663 44 32715 5 32725 43 32782 26 32850 6 32859 20 32895 6 32916 48 32971 5 32980 44 33038 26 33106 5 33113 22 33151 6 33166 55 33227 5 33235 45 33293 27 33362 4 33368 23 33400 1 33407 4 33419 58 33482 6 33490 46 33548 29 33617 31 33673 61 33739 53 33804 29 33873 31 33916 1 33928 63 34000 48 34060 29 34116 45 34172 1 34182 68 34256 33 34290 14 34317 27 34366 52 34428 2 34435 71 34512 31 34546 14 34573 28 34621 53 34683 80 34769 47 34828 33 34876 55 34932 2 34937 83 35025 47 35084 36 35131 145 35281 47 35339 43 35387 146 35537 24 35566 18 35595 44 35643 147 35792 25 35823 17 35851 45 35897 176 36080 16 36107 222 36336 16 36363 224 36594 14 36619 227 36850 14 36874 229 37106 14 37130 229 37363 13 37385 231 37620 12 37641 232 37876 12 37897 147 38047 82 38133 11 38153 146 38303 83 38390 10 38409 146 38559 84 38646 10 38666 145 38814 86 38902 10 38923 145 39070 98 39180 244 39436 244 39692 128 39821 115 39949 126 40077 115 40209 121 40334 114 40466 120 40591 113 40723 119 40848 112 40979 118 41104 112 41235 118 41360 112 41491 79 41573 35 41616 112 41747 79 41829 35 41872 112 42004 80 42085 35 42127 113 42261 115 42382 114 42503 3 42520 112 42637 115 42757 6 42777 9 42793 95 42892 116 43012 7 43034 8 43049 215 43268 7 43291 6 43305 200 43506 14 43523 7 43548 3 43561 197 43763 13 43779 7 43817 197 44020 12 44034 7 44057 3 44068 202 44278 10 44290 6 44312 5 44323 203 44535 9 44546 5 44565 8 44578 205 44794 6 44802 4 44820 9 44833 206 45052 4 45076 220 45311 1 45332 221 45588 221 45813 4 45832 4 45844 222 46069 4 46086 9 46099 223 46325 4 46339 14 46355 222 46581 4 46593 17 46612 220 46839 1 46848 19 46868 219 47094 2 47104 239 47347 7 47360 239 47602 11 47616 255 47872 2031 49904 271 50176 254 50432 253 50688 142 50833 107 50944 141 51089 107 51200 141 51345 107 51456 136 51594 2 51601 107 51712 138 51853 111 51968 139 52108 112 52224 252 52480 13 52494 238 52736 11 52752 230 52992 11 53010 217 53230 5 53248 15 53265 196 53463 17 53504 213 53722 11 53760 213 53982 6 54016 144 54164 65 54240 2 54266 3 54272 144 54421 65 54521 5 54528 145 54678 64 54777 6 54784 146 54934 64 55034 4 55040 10 55051 135 55190 64 55296 4 55301 4 55309 135 55445 65 55552 3 55566 200 55808 3 55823 199 56064 3 56072 1 56080 198 56320 4 56328 5 56336 196 56576 5 56584 7 56592 191 56832 207 57088 208 57344 176 57524 28 57600 174 57780 29 57841 11 57856 165 58023 5 58036 30 58095 16 58112 162 58279 4 58292 30 58350 181 58536 3 58551 1 58556 22 58606 181 58792 2 58813 22 58861 184 59048 2 59069 21 59118 187 59325 21 59374 188 59581 5 59590 10 59630 188 59838 3 59847 7 59887 188 60143 188 60399 188 60655 188 60911 188 61165 191 61417 195 61672 196 61927 198 62182 200 62438 200 62693 10 62706 188 62949 6 62962 188 63205 4 63218 135 63357 49 63462 2 63474 135 63613 49 63730 134 63869 49 63986 132 64124 51 64241 132 64380 51 64497 131 64634 52 64751 127 64890 52 65006 126 65146 51 65262 121 65403 50 65519 4 65525 11
455136,0 65536
460549,12 4 232 15 254 2 268 5 488 15 510 2 523 6 744 15 765 3 777 9 1000 15 1021 3 1032 11 1256 15 1277 3 1288 11 1513 12 1526 3 1532 4 1545 11 1769 11 1782 10 1801 12 2002 3 2026 9 2038 10 2057 12 2257 5 2284 6 2294 10 2313 13 2465 3 2512 7 2541 4 2550 10 2569 13 2637 3 2721 3 2768 8 2806 10 2826 13 2892 5 2977 2 3023 9 3062 10 3082 13 3148 5 3279 10 3317 11 3337 13 3404 6 3535 11 3573 11 3593 13 3660 6 3792 10 3829 11 3849 12 3916 6 4048 11 4086 10 4105 12 4172 5 4305 10 4344 8 4362 10 4453 4 4510 4 4562 7 4604 4 4619 7 4708 6 4766 5 4861 3 4963 8 5016 3 5021 7 5219 8 5269 7 5277 7 5475 8 5534 5 5731 8 5790 4 5987 8 6023 5 6243 6 6278 7 6500 3 6534 7 6790 8 7046 8 7302 7 7558 7 7814 6 8070 6 8326 5 8583 2 13595 4 13850 6 14106 7 14363 7 14619 7 14875 8 15131 8 15387 9 15644 8 15900 9 16157 7 16415 3 16470 1 16725 5 16974 13 17228 15 17483 14 17739 14 17994 15 18248 17 18501 20 18687 2 18754 22 18831 4 18944 2 19010 22 19080 13 19200 2 19266 21 19335 16 19456 2 19522 14 19538 1 19590 19 19712 3 19779 13 19846 20 19968 3 20036 14 20102 21 20221 1 20224 2 20292 18 20358 21 20390 1 20476 5 20516 1 20549 18 20614 20 20646 2 20731 5 20805 19 20869 21 20901 4 20911 3 20986 6 21062 18 21124 20 21157 5 21166 5 21205 4 21242 6 21318 18 21380 20 21413 14 21460 6 21477 1 21497 7 21574 18 21635 21 21669 10 21680 4 21707 3 21715 7 21726 3 21732 4 21753 7 21831 16 21891 22 21925 10 21936 6 21962 5 21970 9 21980 12 22008 8 22090 11 22146 23 22181 9 22193 6 22217 32 22263 9 22348 7 22402 24 22436 20 22473 37 22518 10 22606 2 22658 24 22692 20 22729 40 22774 10 22792 4 22913 25 22948 20 22985 42 23030 10 23044 10 23167 28 23204 20 23241 43 23287 9 23301 9 23422 30 23461 20 23497 55 23557 10 23677 34 23717 20 23753 55 23813 9 23933 37 23974 20 24009 55 24070 8 24188 40 24231 20 24266 54 24324 12 24444 63 24522 76 24700 63 24777 79 24956 56 25014 4 25033 80 25212 55 25288 81 25420 1 25468 55 25544 81 25674 5 25724 56 25800 80 25930 5 25980 57 26055 50 26107 28 26186 5 26234 62 26310 3 26316 44 26364 27 26490 10 26502 51 26565 4 26572 44 26620 27 26745 9 26758 52 26820 4 26828 45 26876 27 26910 1 27002 9 27012 54 27075 6 27085 44 27132 27 27165 5 27258 65 27331 6 27341 16 27358 27 27388 28 27419 8 27516 48 27568 11 27587 6 27598 15 27615 70 27775 30 27807 11 27830 5 27843 6 27854 15 27872 71 28031 29 28066 8 28087 3 28100 5 28110 14 28130 70 28287 29 28323 6 28344 2 28357 4 28367 12 28386 70 28544 28 28580 5 28600 1 28624 7 28642 69 28801 28 28838 7 28899 69 29061 24 29094 8 29153 72 29321 21 29349 9 29407 75 29578 20 29604 10 29662 76 29835 20 29858 12 29911 83 30092 34 30167 82 30348 34 30387 1 30423 82 30605 33 30640 6 30680 62 30748 12 30862 40 30937 50 30992 3 31005 10 31120 39 31193 49 31261 9 31378 38 31449 39 31517 9 31635 44 31705 39 31773 9 31891 25 31918 18 31961 39 32028 17 32148 45 32218 38 32284 19 32404 47 32475 37 32540 20 32661 47 32732 36 32796 21 32852 1 32918 46 32989 35 33051 23 33106 5 33175 45 33246 34 33307 24 33362 7 33432 44 33502 30 33561 27 33618 7 33689 43 33759 29 33815 29 33874 8 33946 42 34017 26 34071 10 34083 18 34130 8 34203 40 34276 23 34325 12 34339 23 34386 8 34459 39 34533 21 34580 40 34642 8 34715 35 34795 14 34836 41 34898 8 34971 33 35053 10 35074 4 35092 41 35155 6 35227 30 35310 8 35329 6 35348 42 35412 4 35484 28 35567 6 35585 8 35605 41 35670 1 35740 27 35795 2 35823 6 35841 9 35862 41 35997 26 36050 4 36080 4 36097 11 36118 41 36190 2 36254 25 36307 2 36337 1 36353 13 36374 23 36400 15 36445 4 36511 24 36609 13 36630 22 36657 13 36700 6 36767 26 36864 15 36881 4 36887 21 36913 13 36956 5 37023 27 37088 3 37120 22 37143 21 37168 13 37212 5 37279 29 37342 6 37376 44 37422 14 37468 5 37478 4 37535 31 37598 7 37632 59 37724 4 37733 5 37792 31 37854 7 37888 58 37988 7 38048 32 38110 8 38144 58 38244 8 38317 20 38366 8 38400 58 38500 16 38577 16 38622 8 38656 59 38756 17 38835 14 38879 7 38912 60 39012 18 39034 1 39093 12 39135 7 39168 62 39268 20 39289 4 39349 12 39391 6 39424 64 39524 26 39606 10 39638 2 39648 5 39680 66 39747 2 39779 28 39863 9 39892 7 39900 3 39904 4 39936 70 40035 30 40120 8 40147 12 40192 71 40290 33 40378 5 40402 13 40448 70 40546 36 40658 13 40704 68 40802 37 40914 13 40960 68 41059 36 41171 12 41216 68 41315 36 41368 1 41426 13 41472 68 41572 6 41579 28 41622 5 41681 13 41728 68 41830 2 41841 22 41878 4 41936 13 41984 68 42103 15 42134 4 42151 4 42192 12 42240 67 42360 14 42391 2 42401 11 42447 12 42496 67 42617 13 42634 3 42655 13 42703 12 42752 67 42872 13 42889 5 42910 14 42960 12 43008 67 43127 13 43145 5 43157 1 43165 14 43216 12 43264 67 43382 14 43400 6 43410 26 43472 12 43520 67 43637 14 43656 6 43665 29 43729 14 43776 67 43892 15 43912 38 43985 18 44032 69 44148 16 44170 37 44242 21 44288 70 44405 15 44429 34 44499 23 44544 71 44634 1 44662 14 44683 37 44755 26 44800 72 44883 11 44918 14 44933 43 45012 28 45056 73 45137 14 45174 14 45190 44 45268 29 45312 74 45393 15 45431 13 45446 46 45524 30 45568 75 45648 17 45688 12 45703 46 45780 30 45824 76 45904 18 45944 11 45961 46 46036 31 46080 76 46161 17 46202 9 46219 48 46292 31 46336 77 46417 18 46459 6 46476 48 46548 11 46561 17 46592 78 46673 18 46731 49 46804 10 46818 16 46848 80 46929 18 46987 49 47060 10 47074 16 47104 8 47115 87 47243 47 47315 10 47330 16 47360 7 47372 15 47391 67 47500 45 47570 10 47586 16 47616 6 47629 13 47648 66 47757 44 47827 6 47842 16 47872 6 47887 10 47904 66 48014 42 48084 3 48098 15 48128 5 48147 6 48161 64 48270 42 48355 13 48384 4 48406 2 48417 64 48518 6 48525 42 48612 10 48674 62 48773 49 48931 60 49029 48 49188 59 49284 49 49445 59 49539 49 49701 59 49794 49 49957 59 50049 49 50214 58 50274 3 50305 47 50471 70 50561 46 50727 71 50819 26 50850 12 50984 70 51076 25 51107 10 51241 69 51332 25 51366 6 51498 68 51588 25 51623 4 51665 5 51755 66 51844 25 51916 12 52013 2 52018 58 52101 24 52170 15 52278 53 52357 25 52408 5 52426 15 52538 48 52613 27 52664 7 52682 16 52794 45 52870 27 52912 6 52919 10 52938 16 53051 41 53126 13 53143 10 53167 20 53194 17 53306 41 53351 4 53383 11 53401 8 53415 5 53422 22 53449 18 53562 31 53598 3 53606 7 53639 9 53657 8 53671 30 53705 18 53818 20 53841 3 53862 9 53896 6 53912 9 53926 31 53961 19 54074 19 54117 10 54152 6 54167 10 54182 32 54216 20 54331 17 54372 12 54392 4 54407 7 54420 13 54437 34 54472 21 54587 16 54627 13 54646 8 54662 8 54675 14 54692 57 54843 17 54883 14 54901 11 54917 9 54930 15 54947 59 55098 18 55139 37 55177 3 55186 46 55234 32 55274 2 55354 18 55395 36 55442 47 55490 34 55529 3 55610 18 55652 34 55698 47 55746 36 55785 3 55866 18 55907 33 55954 47 56003 35 56041 3 56123 16 56164 32 56210 47 56260 34 56379 15 56420 32 56464 49 56515 36 56636 13 56676 32 56718 50 56771 36 56892 12 56933 32 56972 52 57028 35 57148 12 57190 3 57197 9 57207 7 57215 7 57227 53 57285 34 57404 11 57423 4 57454 8 57463 7 57474 5 57482 56 57542 32 57617 4 57659 10 57678 6 57711 7 57720 5 57730 5 57736 13 57752 43 57798 32 57872 5 57915 7 57933 14 57967 6 57987 3 57993 11 58008 77 58127 7 58171 5 58189 14 58224 5 58250 9 58265 75 58382 9 58427 5 58445 14 58482 1 58520 72 58637 12 58684 4 58701 13 58774 73 58890 16 58916 1 58940 4 58957 12 59028 76 59145 19 59169 6 59197 3 59214 11 59283 77 59400 21 59424 8 59473 7 59538 78 59656 32 59731 4 59793 79 59913 33 59972 4 59981 12 60044 84 60152 4 60170 33 60227 27 60299 85 60407 7 60429 31 60467 4 60482 33 60555 84 60663 7 60688 29 60722 6 60738 35 60810 85 60920 6 60944 30 60977 8 60993 37 61067 83 61164 3 61177 3 61201 12 61215 27 61248 39 61323 39 61364 41 61418 6 61457 10 61471 27 61504 40 61579 39 61620 40 61665 2 61673 8 61713 8 61728 26 61760 41 61835 38 61878 3 61883 32 61919 6 61928 9 61952 3 61970 5 61984 26 62017 40 62091 38 62139 31 62176 16 62208 4 62240 7 62250 15 62274 40 62347 38 62396 29 62432 16 62464 4 62497 5 62507 14 62531 40 62601 41 62652 27 62688 15 62720 5 62753 5 62764 13 62787 41 62855 43 62908 26 62944 14 62970 5 62976 4 63010 3 63021 12 63043 41 63109 46 63165 24 63197 17 63225 10 63278 12 63300 40 63364 48 63421 24 63452 19 63480 11 63535 12 63556 40 63619 50 63678 22 63708 18 63736 10 63792 11 63813 39 63864 3 63875 51 63934 21 63962 20 63991 10 64040 3 64048 14 64069 40 64120 2 64131 51 64191 21 64216 19 64248 8 64295 7 64303 21 64325 41 64387 51 64447 18 64467 13 64505 7 64551 72 64644 50 64706 12 64722 13 64762 6 64807 72 64900 50 64964 9 64978 12 65018 6 65063 72 65157 48 65222 6 65234 12 65275 5 65319 7 65327 64 65414 46 65481 1 65490 11 65511 3 65531 5
461675,0 65536
468422,0 65536
470274,0 28 29 8 80 50 180 8 223 6 256 27 286 5 336 50 437 6 479 7 512 26 592 51 695 1 727 2 734 10 768 26 796 1 849 55 982 18 1024 26 1051 2 1106 56 1237 20 1280 26 1307 2 1363 57 1494 20 1536 25 1563 2 1570 5 1619 59 1750 20 1792 24 1824 8 1876 58 2007 20 2048 23 2079 9 2132 59 2263 20 2304 22 2335 10 2386 61 2519 21 2560 22 2588 13 2606 3 2613 4 2638 65 2775 21 2816 21 2842 15 2861 5 2867 9 2892 68 3031 21 3072 20 3097 16 3116 17 3145 71 3287 21 3328 20 3353 17 3371 19 3398 75 3544 20 3584 19 3609 38 3654 75 3801 18 3840 18 3865 38 3909 76 4057 17 4096 17 4120 40 4165 77 4308 21 4352 14 4375 40 4421 79 4510 4 4561 23 4608 12 4627 44 4678 81 4766 4 4816 24 4864 12 4880 46 4935 81 5021 6 5072 24 5120 11 5135 46 5201 72 5276 7 5328 23 5376 10 5391 44 5457 82 5584 22 5632 10 5647 44 5713 81 5841 20 5886 12 5903 44 5961 3 5970 80 6096 21 6141 14 6160 44 6214 8 6226 79 6352 22 6396 15 6417 44 6469 10 6482 79 6608 24 6650 18 6675 45 6723 12 6738 79 6864 24 6904 21 6935 57 6994 79 7116 29 7159 23 7191 57 7250 79 7372 29 7414 24 7447 56 7507 78 7628 30 7669 25 7702 57 7763 78 7884 33 7924 26 7957 58 8019 77 8140 34 8178 28 8213 59 8274 78 8397 64 8469 59 8529 78 8652 65 8725 137 8908 45 8954 19 8983 135 9163 44 9213 1 9216 13 9239 134 9419 43 9472 13 9496 133 9675 41 9728 14 9752 132 9931 36 9984 14 10007 132 10186 35 10240 15 10263 91 10355 40 10442 35 10496 17 10519 91 10612 39 10697 35 10752 18 10775 91 10869 37 10952 35 11008 19 11031 92 11125 37 11208 33 11264 19 11286 132 11464 32 11520 19 11542 131 11720 31 11776 20 11797 131 11976 31 12032 19 12055 2 12060 123 12232 31 12288 19 12317 80 12399 40 12488 31 12544 18 12574 63 12640 12 12657 41 12744 32 12800 18 12830 62 12898 9 12913 42 13000 32 13056 17 13085 63 13155 8 13170 42 13257 32 13312 17 13341 63 13412 6 13427 13 13442 26 13513 32 13568 16 13596 64 13684 12 13700 24 13746 5 13769 33 13823 16 13852 65 13941 12 13957 22 14001 7 14025 34 14078 16 14107 68 14199 11 14213 22 14256 9 14282 33 14333 16 14363 69 14456 10 14469 21 14509 12 14538 33 14587 18 14618 70 14715 6 14725 20 14765 12 14795 31 14840 20 14873 72 14974 2 14981 19 15021 11 15052 30 15094 17 15127 74 15236 21 15281 5 15308 30 15350 16 15382 75 15492 21 15565 29 15605 16 15638 75 15747 21 15821 29 15861 15 15894 75 16003 21 16077 29 16116 15 16150 76 16258 21 16334 28 16370 16 16407 55 16465 18 16513 20 16592 26 16624 16 16663 53 16722 17 16768 22 16849 25 16879 17 16920 52 16979 17 17024 22 17106 24 17134 18 17177 51 17236 16 17281 20 17363 45 17435 49 17494 14 17537 20 17620 44 17690 51 17753 10 17793 20 17876 44 17946 52 18010 9 18049 19 18132 44 18201 55 18265 10 18304 20 18388 44 18457 58 18521 9 18533 6 18559 20 18644 44 18713 61 18777 19 18814 21 18900 44 18952 6 18962 1 18969 83 19064 26 19156 44 19206 15 19225 84 19318 27 19381 6 19412 44 19460 18 19481 84 19574 27 19635 9 19668 44 19716 18 19738 84 19830 26 19890 11 19930 38 19969 22 19994 84 20085 27 20146 12 20187 60 20250 84 20342 25 20402 13 20444 59 20505 85 20598 10 20611 12 20657 15 20702 145 20856 6 20867 12 20913 15 20961 143 21124 10 21168 17 21220 102 21323 40 21382 7 21424 17 21479 98 21580 40 21640 2 21679 18 21738 96 21837 40 21935 18 21995 96 22094 40 22190 19 22252 95 22350 42 22446 19 22509 95 22606 43 22702 19 22765 63 22832 28 22861 46 22957 20 23021 62 23090 60 23153 11 23212 22 23251 1 23277 64 23347 59 23407 13 23468 22 23505 5 23533 65 23603 22 23627 49 23723 23 23760 7 23789 66 23860 20 23885 47 23980 22 24015 8 24045 66 24117 18 24141 47 24236 22 24269 11 24300 70 24374 18 24398 47 24492 22 24524 12 24556 73 24631 9 24644 4 24654 48 24706 1 24749 21 24780 14 24812 19 24832 54 24888 7 24900 6 24910 55 25005 21 25036 16 25068 19 25088 55 25145 6 25156 7 25167 24 25194 28 25261 20 25293 16 25324 17 25344 56 25401 7 25411 35 25452 26 25516 20 25549 18 25579 18 25600 56 25657 45 25709 25 25772 20 25805 19 25835 17 25856 80 25937 21 25966 24 26028 19 26058 23 26091 17 26112 80 26194 19 26223 23 26284 18 26312 26 26348 16 26368 80 26450 19 26477 25 26540 18 26567 28 26605 13 26624 79 26707 19 26731 27 26796 17 26822 29 26862 10 26880 79 26962 20 26985 29 27052 17 27078 30 27120 6 27136 78 27218 52 27308 17 27334 30 27392 78 27474 52 27564 17 27589 31 27645 82 27730 52 27820 17 27845 31 27900 47 27950 70 28024 12 28078 15 28100 32 28155 46 28206 7 28219 55 28335 13 28354 34 28410 47 28462 5 28472 57 28592 11 28609 35 28666 46 28718 1 28727 29 28759 25 28848 10 28865 36 28922 47 28983 56 29104 9 29120 38 29178 48 29238 56 29360 8 29376 39 29434 49 29494 54 29617 6 29632 41 29689 51 29750 53 29874 3 29888 43 29935 1 29945 53 30007 50 30144 50 30201 54 30263 50 30399 52 30458 52 30520 48 30654 53 30715 50 30779 44 30910 53 30972 48 31036 42 31166 53 31229 47 31292 40 31384 1 31422 53 31486 45 31538 5 31547 41 31640 1 31678 53 31744 43 31793 50 31935 52 32000 43 32049 50 32192 51 32256 42 32305 50 32449 51 32512 42 32560 51 32705 52 32768 42 32816 51 32937 3 32962 53 33024 41 33072 36 33111 11 33193 3 33218 55 33280 41 33328 36 33367 11 33450 3 33475 56 33536 41 33583 37 33624 9 33731 57 33792 42 33835 41 33881 7 33897 3 33988 57 34048 85 34137 6 34152 6 34244 57 34304 86 34393 5 34408 7 34500 57 34560 87 34650 2 34664 7 34756 58 34816 87 34921 5 35012 59 35072 88 35178 3 35269 148 35479 4 35489 2 35525 150 35735 5 35743 5 35780 152 35990 15 36036 152 36246 16 36291 153 36503 15 36546 154 36759 15 36802 99 36905 23 36929 27 37016 14 37057 99 37162 18 37181 2 37185 27 37273 13 37312 99 37420 14 37441 27 37530 13 37568 98 37678 1 37681 9 37697 26 37786 13 37823 68 37892 30 37937 9 37953 26 38042 14 38079 65 38149 28 38194 7 38208 27 38298 14 38335 65 38404 29 38452 1 38463 19 38483 7 38554 14 38591 65 38660 29 38718 18 38739 7 38810 13 38847 65 38916 28 38974 18 38996 5 39048 6 39065 13 39091 6 39103 10 39114 54 39171 29 39230 16 39253 3 39303 10 39321 13 39347 8 39359 8 39372 84 39486 12 39509 2 39558 13 39576 14 39602 11 39614 9 39630 59 39690 22 39744 8 39814 14 39832 14 39859 19 39887 53 39947 22 40002 5 40069 15 40088 14 40116 17 40145 50 40203 22 40325 16 40344 15 40372 15 40403 48 40459 22 40581 17 40600 15 40629 13 40660 47 40715 22 40837 35 40885 12 40916 45 40971 21 41093 35 41142 12 41173 43 41227 19 41349 35 41398 12 41430 8 41439 33 41484 16 41606 34 41654 12 41696 32 41742 13 41862 34 41909 14 41952 32 42001 9 42117 35 42165 15 42208 32 42373 34 42420 16 42465 31 42628 35 42676 15 42722 30 42884 35 42933 14 42978 30 43141 34 43189 15 43235 15 43253 11 43398 34 43446 15 43492 12 43510 10 43655 33 43703 15 43750 5 43767 9 43911 33 43959 16 44024 8 44166 33 44216 15 44280 8 44422 33 44473 14 44536 8 44678 32 44729 14 44793 7 44934 32 44985 14 45049 7 45190 32 45241 14 45305 7 45447 30 45497 15 45562 6 45678 6 45703 30 45752 16 45818 6 45933 9 45960 29 46006 18 46065 4 46073 7 46188 11 46216 29 46262 18 46320 6 46329 7 46443 13 46472 29 46517 18 46575 8 46584 8 46697 15 46728 29 46772 18 46831 17 46950 18 46973 3 46984 29 47028 18 47088 16 47204 19 47228 5 47240 29 47278 24 47345 15 47459 19 47484 6 47496 29 47533 25 47602 14 47714 19 47739 8 47752 29 47789 25 47858 14 47970 19 47995 8 48009 28 48044 26 48113 15 48225 20 48250 8 48265 19 48287 5 48300 25 48369 15 48387 4 48481 20 48506 6 48522 18 48555 26 48624 16 48643 6 48663 8 48737 20 48763 3 48779 15 48811 25 48879 17 48898 8 48917 11 48968 3 48993 20 49036 13 49067 25 49135 17 49155 9 49171 16 49222 7 49249 20 49294 9 49323 26 49390 18 49411 11 49425 20 49476 9 49505 20 49551 7 49579 26 49646 18 49667 35 49732 10 49762 19 49809 6 49835 26 49901 19 49922 42 49987 12 50021 16 50066 5 50090 27 50157 64 50243 12 50278 15 50323 3 50346 25 50413 64 50499 13 50534 16 50601 26 50630 4 50669 64 50754 14 50790 16 50857 26 50886 6 50924 65 51009 15 51047 15 51113 35 51178 43 51224 5 51232 13 51265 15 51302 16 51369 36 51435 20 51456 20 51481 3 51490 11 51520 17 51556 17 51625 36 51691 18 51712 19 51747 10 51776 17 51812 17 51881 36 51948 16 51971 16 52003 10 52032 17 52068 17 52137 36 52204 15 52229 13 52259 10 52288 17 52324 17 52394 34 52460 15 52485 12 52514 11 52544 17 52580 17 52655 28 52716 14 52742 10 52770 10 52800 17 52836 16 52912 26 52972 14 52998 10 53026 10 53057 17 53092 16 53169 23 53228 14 53254 10 53283 8 53313 17 53348 16 53427 20 53484 14 53511 8 53539 7 53571 15 53605 14 53684 19 53714 9 53741 13 53767 7 53796 5 53829 12 53862 14 53878 2 53941 17 53968 12 53985 3 53998 12 54025 4 54053 3 54086 9 54119 19 54198 15 54224 20 54254 11 54343 5 54376 8 54385 9 54454 14 54479 23 54512 11 54634 3 54643 7 54710 13 54734 25 54768 13 54898 8 54966 12 54987 30 55025 13 55154 7 55223 10 55242 31 55287 8 55411 6 55479 5 55497 33 55544 7 55667 5 55735 4 55752 34 55801 7 55861 5 55913 4 55923 5 56007 34 56059 5 56116 7 56169 5 56179 5 56256 3 56262 13 56278 19 56317 3 56372 7 56382 1 56424 6 56436 4 56510 42 56573 5 56628 7 56637 4 56680 6 56692 4 56766 42 56829 6 56884 4 56894 1 56936 6 57021 44 57085 7 57140 3 57192 5 57277 44 57341 8 57533 45 57597 8 57789 46 57853 8 58044 48 58109 8 58296 52 58366 6 58551 54 58624 3 58806 55 59062 55 59317 56 59572 58 59827 59 60081 60 60336 61 60591 62 60847 70 61102 73 61358 74 61603 4 61613 77 61857 7 61868 79 62114 5 62124 79 62370 4 62380 79 62635 80 62891 80 63148 49 63198 29 63405 47 63456 26 63662 47 63710 28 63898 3 63919 74 64152 7 64176 73 64394 3 64408 8 64434 70 64650 3 64663 10 64692 68 64902 7 64918 12 64949 67 65157 6 65174 12 65206 66 65412 6 65429 13 65462 5 65468 61
474754,17 7 65 6 75 14 107 6 140 2 171 7 189 5 224 11 242 5 254 2 273 8 321 7 331 14 350 1 363 6 426 8 446 3 481 9 499 3 511 1 529 9 555 2 578 24 603 6 619 5 681 9 738 7 785 10 810 4 834 32 872 4 935 11 995 4 1041 10 1065 6 1091 32 1127 5 1146 2 1190 12 1297 11 1321 7 1348 31 1383 6 1401 6 1445 12 1554 13 1576 8 1606 30 1638 7 1656 8 1702 11 1810 15 1832 8 1864 10 1878 23 1912 9 1958 10 2067 14 2088 8 2121 8 2135 22 2168 9 2195 5 2215 6 2323 15 2344 7 2377 7 2395 18 2426 8 2450 6 2473 1 2579 15 2601 6 2634 5 2652 17 2683 7 2706 5 2835 15 2859 4 2892 2 2909 16 2941 5 2964 1 3091 14 3117 2 3166 6 3174 7 3197 5 3348 12 3423 4 3431 6 3454 4 3604 7 3680 2 3687 6 3711 2 3861 4 3945 2 4117 3 4849 4 4868 5 5104 9 5123 6 5237 2 5360 11 5378 8 5491 5 5616 16 5634 8 5746 7 5872 16 5889 9 5906 4 6001 8 6128 16 6145 8 6161 6 6182 3 6203 4 6256 8 6286 3 6384 16 6401 8 6416 8 6438 4 6458 6 6511 8 6542 4 6640 16 6657 8 6672 9 6693 5 6713 7 6766 8 6788 4 6798 4 6896 16 6913 8 6927 11 6949 6 6969 8 7022 6 7044 5 7054 5 7152 16 7169 8 7183 12 7204 7 7224 13 7278 5 7300 5 7311 4 7324 4 7359 4 7408 16 7426 7 7439 12 7460 7 7479 20 7518 1 7535 3 7556 6 7568 2 7578 7 7614 6 7649 1 7659 1 7665 15 7682 7 7695 13 7716 8 7734 22 7774 3 7813 5 7833 8 7845 5 7869 7 7904 5 7915 4 7924 12 7939 6 7951 13 7972 8 7989 23 8029 5 8070 5 8087 10 8100 8 8125 8 8160 7 8169 9 8182 10 8195 7 8207 14 8228 8 8245 22 8285 6 8328 3 8342 12 8355 10 8381 8 8397 4 8415 19 8439 9 8451 7 8464 13 8484 9 8501 19 8541 7 8570 1 8597 24 8637 8 8653 7 8671 20 8696 8 8708 6 8723 9 8741 8 8758 17 8797 7 8825 2 8852 26 8893 8 8909 9 8926 13 8940 7 8952 8 8966 2 8981 6 8998 7 9021 10 9052 8 9080 4 9093 4 9107 27 9150 7 9165 9 9182 13 9197 6 9209 7 9238 4 9255 6 9277 11 9308 8 9336 4 9348 5 9363 27 9406 7 9421 10 9438 13 9454 4 9466 6 9512 4 9534 10 9564 9 9594 1 9603 7 9619 27 9662 7 9677 9 9695 12 9722 6 9790 9 9820 10 9855 11 9875 26 9919 6 9933 9 9952 11 9980 4 10046 8 10077 9 10110 12 10131 27 10176 4 10189 9 10214 5 10302 8 10334 8 10366 4 10371 6 10388 25 10446 7 10471 3 10559 6 10592 5 10622 4 10630 1 10644 24 10703 3 10816 4 10879 2 10900 21 11157 19 11370 1 11414 2 11420 12 11625 3 11676 12 11864 1 11881 4 11933 11 12120 2 12137 4 12190 9 12376 1 12394 2 12412 3 12452 1 12667 5 12923 5 13180 3 13436 2 14356 1 14610 5 14866 5 15053 1 15121 6 15307 6 15375 8 15404 2 15434 1 15562 9 15594 4 15630 9 15660 2 15668 1 15690 3 15818 10 15849 6 15885 9 15916 2 15922 5 15945 5 16074 10 16105 7 16141 8 16171 2 16178 5 16201 6 16330 10 16361 6 16398 7 16427 2 16434 6 16457 6 16474 1 16587 9 16616 7 16655 4 16690 6 16712 7 16729 3 16843 9 16872 7 16946 5 16968 8 16985 3 17100 9 17127 8 17203 4 17225 7 17242 1 17356 9 17383 8 17393 3 17460 1 17481 6 17612 9 17639 8 17648 4 17740 2 17869 8 17896 11 18127 5 18152 10 18386 2 18408 10 18665 9 18923 7 19113 3 19181 4 19361 2 19368 4 19490 3 19616 5 19624 4 19746 3 19872 5 19881 3 20001 5 20129 4 20178 4 20258 3 20434 5 20514 2 20665 2 20689 7 20770 4 20919 5 20945 7 21026 6 21168 4 21174 7 21201 7 21281 7 21298 3 21424 13 21458 5 21537 7 21553 6 21680 13 21714 4 21793 7 21809 7 21899 3 21938 10 21992 2 22049 8 22064 9 22138 3 22154 5 22194 8 22246 6 22305 8 22320 10 22393 4 22410 6 22450 7 22501 7 22561 8 22576 10 22647 7 22666 6 22706 7 22756 8 22818 8 22833 9 22902 8 22922 6 22962 6 23012 8 23077 6 23089 9 23157 10 23179 5 23219 4 23268 8 23334 5 23346 8 23395 3 23413 10 23435 5 23524 8 23591 4 23604 6 23650 6 23668 12 23682 6 23690 6 23781 7 23848 2 23861 4 23906 6 23923 29 24038 6 24118 3 24161 7 24178 29 24295 5 24374 3 24417 7 24434 23 24460 3 24552 3 24673 6 24690 22 24817 5 24930 4 24946 22 25073 5 25203 10 25215 10 25330 4 25459 9 25472 9 25716 7 25729 8 25973 6 25986 6 26230 5 26243 5 26254 3 26486 4 26510 3 26743 2 29141 3 29395 6 29651 7 29907 7 30163 8 30420 8 30676 8 30836 1 30933 7 31091 3 31190 6 31346 4 31447 4 31602 4 31858 4 32115 2 33181 2 33435 6 33691 6 33946 7 34202 6 34459 4 36569 2 36823 8 37077 21 37333 23 37367 1 37588 27 37621 11 37823 5 37834 4 37844 29 37877 11 38077 20 38098 46 38332 68 38587 69 38843 69 39098 70 39353 71 39608 72 39863 73 39998 1 40056 1 40118 74 40251 6 40310 6 40373 75 40503 14 40566 7 40628 76 40758 15 40794 3 40821 9 40833 9 40883 77 41014 15 41048 5 41077 22 41138 78 41270 15 41302 7 41333 22 41394 78 41526 13 41557 8 41583 4 41589 22 41649 79 41781 11 41812 7 41839 5 41845 22 41905 79 42026 7 42036 11 42068 5 42095 28 42161 79 42282 21 42324 4 42350 29 42418 78 42538 21 42582 1 42606 6 42613 22 42675 77 42793 23 42862 28 42931 77 43049 23 43075 5 43118 24 43187 77 43305 32 43373 25 43442 78 43561 33 43622 1 43629 25 43698 78 43817 33 43870 1 43878 1 43885 24 43954 44 44003 29 44074 32 44123 7 44141 23 44210 44 44260 28 44312 1 44330 33 44378 9 44396 22 44465 45 44517 27 44566 4 44581 38 44632 13 44652 21 44720 46 44777 23 44821 6 44835 41 44887 14 44908 18 44975 47 45035 21 45077 7 45090 42 45142 16 45164 16 45231 46 45292 20 45332 10 45345 44 45398 16 45420 14 45486 48 45549 19 45587 58 45654 17 45677 10 45741 50 45805 10 45820 4 45843 58 45910 16 45933 6 45988 1 45996 52 46061 8 46076 4 46098 59 46167 15 46242 63 46309 17 46333 3 46350 63 46424 13 46491 90 46588 4 46606 64 46681 12 46698 2 46745 90 46842 6 46862 64 46940 9 46952 5 46995 96 47098 6 47118 64 47198 15 47247 100 47353 7 47374 54 47429 8 47458 11 47502 101 47608 8 47630 54 47686 7 47714 11 47758 102 47864 8 47886 53 47943 5 47969 12 48014 103 48120 8 48142 52 48225 12 48270 105 48376 8 48397 53 48480 15 48526 113 48652 53 48736 16 48782 112 48907 54 48993 16 49039 110 49163 54 49249 16 49296 109 49418 54 49506 15 49558 103 49674 54 49762 15 49814 103 49929 54 50018 15 50070 104 50185 53 50274 14 50323 107 50441 52 50530 14 50577 110 50697 6 50704 45 50787 11 50831 112 50953 5 50961 44 51043 5 51087 113 51209 5 51218 43 51342 114 51466 3 51473 44 51599 113 51729 44 51856 112 51984 46 52114 110 52236 28 52267 19 52372 108 52492 27 52524 20 52629 107 52747 26 52781 20 52886 106 53003 25 53037 21 53142 106 53259 24 53294 21 53398 106 53516 22 53550 21 53655 105 53774 20 53806 22 53911 105 54031 18 54064 1 54068 16 54167 19 54190 82 54288 17 54324 16 54423 16 54447 81 54544 16 54581 15 54680 14 54704 80 54800 15 54837 14 54935 9 54961 79 55046 4 55056 15 55093 14 55134 4 55191 7 55217 79 55301 6 55312 15 55350 11 55388 7 55447 8 55471 81 55557 8 55568 16 55607 2 55611 4 55643 8 55703 8 55726 82 55813 9 55824 15 55851 7 55862 9 55897 11 55959 9 55981 83 56069 10 56080 15 56105 22 56148 16 56214 10 56236 84 56325 10 56337 13 56359 24 56405 15 56470 11 56492 84 56581 10 56594 11 56613 25 56662 15 56727 10 56742 90 56836 11 56851 10 56867 26 56921 12 56983 10 56998 90 57091 11 57109 7 57123 25 57178 11 57239 10 57253 104 57366 5 57379 24 57434 12 57494 11 57509 103 57635 24 57690 12 57749 12 57765 103 57890 25 57946 12 58003 14 58021 102 58146 24 58203 10 58257 16 58278 9 58290 88 58401 25 58460 10 58511 17 58534 9 58546 87 58638 3 58657 26 58717 9 58765 19 58790 9 58802 87 58893 5 58912 34 58973 9 59017 22 59046 99 59149 5 59168 37 59229 8 59272 23 59301 100 59405 5 59424 39 59486 7 59528 129 59661 4 59680 40 59743 6 59783 129 59917 4 59936 42 60002 3 60040 128 60173 4 60191 45 60296 127 60429 4 60447 46 60553 125 60685 3 60703 46 60810 122 60960 45 61062 2 61065 119 61216 44 61316 124 61473 43 61572 124 61729 43 61828 124 61985 43 62082 126 62241 43 62337 127 62476 5 62497 43 62592 128 62727 10 62752 43 62800 4 62847 129 62982 12 63008 42 63055 6 63091 6 63102 130 63237 14 63263 43 63311 7 63345 10 63358 130 63492 16 63519 43 63567 9 63600 144 63747 17 63775 43 63823 10 63855 145 64003 17 64031 43 64079 11 64110 146 64259 18 64288 42 64335 11 64366 146 64515 17 64544 42 64591 12 64622 146 64770 18 64801 40 64847 12 64879 145 65026 18 65058 38 65103 12 65136 144 65282 17 65315 37 65359 12 65392 144
478603,0 65536
487585,0 50 54 17 123 37 214 21 252 54 311 17 379 37 470 21 509 53 567 17 635 37 727 20 766 52 822 19 891 36 983 21 1023 51 1078 20 1148 35 1241 20 1279 52 1333 25 1405 9 1415 24 1497 21 1534 81 1663 6 1672 23 1753 22 1782 5 1788 83 1921 3 1931 20 2009 24 2037 90 2191 16 2261 121 2448 14 2515 123 2704 13 2768 126 2962 10 3020 130 3219 9 3275 131 3475 8 3529 93 3625 37 3732 6 3783 95 3881 37 3989 4 4038 96 4137 36 4246 1 4294 97 4393 36 4550 135 4740 1 4806 135 4995 2 5062 134 5251 2 5318 134 5507 2 5574 134 5830 98 5929 35 6086 97 6185 35 6342 97 6441 34 6599 132 6856 130 7116 126 7373 126 7630 126 7887 126 8143 128 8400 84 8485 43 8656 82 8742 42 8912 80 8998 43 9168 76 9255 42 9416 2 9424 75 9512 42 9567 3 9671 5 9680 74 9768 51 9822 6 9927 5 9937 73 10024 52 10077 8 10183 6 10194 71 10268 5 10278 63 10439 6 10450 123 10576 22 10695 6 10707 121 10832 22 10951 6 10963 121 11088 23 11207 6 11220 120 11344 24 11463 6 11477 119 11600 25 11719 6 11734 118 11856 26 11975 5 11991 116 12112 26 12231 5 12245 2 12251 112 12368 26 12487 5 12501 2 12508 110 12623 27 12743 5 12757 1 12764 110 12879 27 12999 5 13019 109 13135 27 13256 3 13275 108 13391 27 13531 107 13647 28 13792 101 13902 29 14049 66 14119 31 14158 30 14306 65 14375 31 14414 30 14563 65 14631 31 14665 35 14820 65 14888 68 15077 64 15143 68 15334 64 15399 67 15592 130 15787 6 15849 125 15978 1 16041 9 16106 131 16295 12 16362 87 16451 43 16550 14 16619 85 16707 44 16804 16 16875 85 16963 44 17058 18 17132 84 17217 45 17310 22 17388 48 17437 81 17564 25 17644 128 17819 26 17900 127 18074 27 18156 127 18330 27 18413 111 18525 13 18585 27 18670 108 18782 13 18841 26 18927 106 19038 13 19097 25 19183 44 19230 57 19294 14 19351 27 19439 43 19487 53 19550 14 19605 29 19695 42 19744 46 19793 2 19806 14 19861 30 19951 42 20001 44 20062 14 20117 30 20207 41 20258 42 20318 14 20373 30 20463 40 20515 39 20574 14 20629 30 20720 37 20771 38 20831 13 20886 28 20965 1 20974 38 21028 34 21088 12 21148 22 21220 5 21228 39 21284 9 21297 21 21345 10 21404 21 21476 45 21541 7 21554 18 21601 9 21659 22 21731 46 21797 7 21811 15 21857 8 21915 22 21988 45 22054 5 22068 9 22099 3 22103 7 22111 9 22171 21 22244 45 22310 5 22324 5 22332 3 22353 23 22427 20 22471 2 22497 49 22566 4 22588 3 22609 23 22684 8 22726 7 22751 51 22845 2 22864 25 22980 12 23001 3 23006 53 23101 2 23119 26 23234 16 23255 59 23374 27 23489 81 23630 27 23744 81 23886 27 23975 1 23999 82 24141 28 24231 3 24254 82 24398 27 24488 1 24509 83 24654 28 24764 85 24910 28 25019 86 25166 28 25264 6 25273 88 25423 28 25520 96 25679 30 25776 95 25936 31 26032 95 26194 30 26289 93 26451 29 26545 92 26708 36 26802 36 26840 52 26965 36 27058 36 27095 52 27222 36 27299 6 27314 35 27350 53 27479 36 27541 2 27554 8 27570 87 27685 6 27736 35 27792 8 27802 17 27826 87 27938 10 27992 36 28043 34 28081 87 28190 15 28248 41 28291 135 28444 17 28486 3 28504 180 28699 18 28742 5 28760 182 28954 19 28997 7 29015 184 29209 21 29252 9 29271 59 29332 129 29465 21 29507 11 29527 58 29587 156 29763 12 29782 58 29843 156 30019 13 30037 218 30269 20 30291 55 30351 161 30525 77 30606 162 30780 79 30862 161 31036 79 31118 160 31291 80 31375 157 31546 81 31632 155 31801 80 31888 154 32057 79 32144 153 32312 79 32398 41 32442 19 32462 92 32568 80 32652 17 32674 22 32698 115 32823 81 32907 16 32931 139 33079 93 33188 72 33262 65 33330 97 33446 69 33519 64 33585 97 33703 68 33776 89 33867 71 33946 1 33961 66 34039 82 34125 68 34201 4 34216 68 34296 81 34386 63 34456 5 34472 68 34554 79 34642 8 34651 55 34711 8 34726 70 34811 77 34897 9 34907 55 34966 87 35071 73 35153 9 35163 55 35222 87 35328 72 35405 3 35409 9 35419 55 35477 88 35584 89 35675 56 35732 89 35840 88 35931 146 36096 80 36178 5 36188 145 36355 19 36377 55 36444 55 36501 89 36614 16 36634 54 36700 55 36758 88 36871 14 36890 56 36956 56 37014 89 37128 13 37146 56 37212 147 37385 12 37401 58 37466 150 37642 74 37719 153 37904 225 38161 225 38417 225 38673 225 38930 224 39185 225 39439 228 39694 229 39950 229 40205 230 40461 230 40717 229 40973 228 41229 228 41485 32 41521 191 41741 32 41778 191 41997 33 42035 191 42253 32 42291 193 42509 32 42547 194 42766 30 42804 193 43023 26 43060 193 43279 25 43316 193 43534 25 43572 192 43790 24 43827 193 44045 25 44083 193 44300 26 44338 194 44555 27 44594 195 44811 27 44849 196 45067 27 45102 200 45324 25 45357 201 45580 25 45612 201 45836 25 45868 201 46092 24 46124 200 46348 24 46380 200 46604 23 46636 53 46691 144 46860 22 46892 52 46948 143 47116 21 47147 53 47206 141 47372 20 47402 54 47463 140 47629 19 47657 54 47720 139 47872 2 47885 19 47912 54 47977 138 48128 8 48141 20 48167 55 48233 138 48384 9 48397 20 48422 56 48489 138 48640 9 48652 21 48678 56 48745 138 48896 8 48908 21 48934 56 49001 140 49152 7 49163 23 49190 55 49257 142 49408 6 49419 23 49445 56 49513 144 49664 5 49674 24 49702 54 49768 146 49920 4 49929 25 49958 53 50023 147 50183 27 50215 52 50278 147 50438 27 50472 50 50534 146 50691 24 50717 2 50729 49 50790 146 50946 23 50985 49 51046 145 51201 24 51241 48 51302 145 51456 24 51498 47 51559 144 51712 25 51754 47 51815 145 51968 25 52011 43 52062 4 52072 144 52224 25 52267 43 52316 7 52329 144 52480 25 52524 43 52570 10 52585 144 52736 26 52783 53 52842 143 52992 26 53041 51 53103 137 53248 27 53279 7 53298 51 53361 133 53504 39 53554 51 53618 122 53760 40 53810 50 53876 119 54016 40 54062 1 54066 50 54134 118 54272 41 54318 52 54388 120 54528 42 54573 52 54643 121 54784 42 54828 53 54899 121 55040 97 55154 122 55296 97 55411 120 55552 98 55667 119 55808 99 55923 117 56064 101 56179 64 56244 14 56260 35 56320 101 56434 65 56500 13 56517 34 56576 102 56689 66 56758 11 56776 30 56832 102 56944 70 57016 8 57034 28 57088 103 57199 71 57275 3 57291 27 57344 104 57455 71 57558 16 57600 105 57711 72 57816 14 57856 106 57966 73 58074 12 58112 106 58222 73 58331 1 58334 2 58337 5 58368 108 58477 75 58624 108 58733 76 58880 187 59136 188 59392 126 59519 61 59648 108 59757 15 59778 59 59904 107 60014 13 60035 58 60160 97 60262 4 60271 10 60291 58 60416 96 60527 8 60548 57 60672 96 60784 4 60804 57 60928 97 61060 58 61184 98 61311 1 61315 59 61440 98 61572 58 61696 102 61802 3 61828 58 61952 111 62084 58 62208 113 62323 5 62339 60 62464 124 62595 61 62720 128 62849 64 62976 194 63232 195 63488 196 63744 197 64000 197 64256 197 64512 197 64768 197 65024 197 65280 138 65420 57
487629,0 15 32 11 54 80 144 5 156 115 287 12 311 79 400 5 410 117 542 13 567 7 575 72 657 3 665 118 796 16 825 2 832 45 879 14 898 5 920 119 1051 17 1088 45 1135 12 1156 4 1174 120 1306 18 1344 44 1391 12 1412 5 1429 121 1562 18 1601 43 1647 12 1668 6 1684 121 1818 18 1857 43 1902 13 1924 6 1939 122 2074 18 2113 43 2158 12 2180 6 2194 122 2330 18 2371 40 2415 10 2436 6 2450 122 2584 19 2627 37 2673 6 2693 4 2705 122 2835 23 2884 36 2960 122 3089 25 3140 36 3216 122 3343 26 3397 36 3472 122 3598 25 3653 36 3728 122 3854 22 3910 36 3985 113 4101 4 4109 22 4166 36 4241 111 4366 18 4422 36 4497 111 4622 17 4679 34 4753 111 4880 13 4935 34 5009 111 5137 10 5191 33 5264 112 5392 8 5447 8 5461 19 5520 112 5647 8 5703 7 5719 17 5776 112 5902 9 5960 5 5976 15 6032 112 6157 11 6216 5 6232 14 6287 113 6412 14 6472 5 6488 13 6541 115 6668 16 6728 5 6746 4 6754 3 6796 116 6923 19 6985 3 7052 116 7179 20 7241 3 7308 116 7435 20 7488 5 7498 1 7563 117 7691 21 7742 10 7819 117 7949 19 7998 12 8075 117 8212 11 8253 13 8329 119 8469 8 8509 14 8584 120 8726 5 8764 16 8840 120 9020 17 9074 4 9096 120 9276 18 9326 9 9352 120 9533 17 9580 12 9608 120 9790 17 9834 14 9863 121 10047 16 10089 15 10117 123 10304 14 10345 16 10370 126 10560 13 10601 16 10621 131 10816 10 10857 17 10875 133 11072 9 11113 151 11328 8 11370 150 11584 8 11629 147 11840 7 11885 147 12097 5 12140 148 12296 2 12393 151 12551 4 12646 154 12807 5 12902 154 13063 5 13164 148 13319 5 13422 146 13575 5 13677 147 13832 3 13932 148 14188 148 14443 149 14699 149 14955 149 15212 148 15469 147 15726 146 15984 144 16242 142 16444 4 16508 132 16699 6 16764 132 16955 6 17010 3 17020 132 17210 7 17265 6 17274 134 17466 7 17520 144 17723 5 17776 144 17979 4 18031 145 18287 145 18542 146 18798 146 19054 146 19309 147 19563 149 19817 151 20072 152 20328 152 20584 152 20830 1 20841 151 21083 5 21099 149 21338 6 21355 149 21593 7 21612 148 21849 7 21868 148 22104 8 22117 2 22123 149 22360 8 22371 157 22616 168 22872 168 23128 168 23384 168 23640 168 23896 168 24152 168 24409 167 24666 166 24922 166 25179 165 25435 165 25691 165 25947 165 26203 165 26458 166 26714 166 26969 9 26979 157 27197 6 27225 8 27236 156 27452 9 27481 8 27492 156 27708 16 27737 7 27748 156 27964 21 27995 6 28003 157 28221 20 28252 6 28259 157 28478 19 28509 163 28735 8 28746 7 28765 163 28994 2 29003 6 29022 162 29260 3 29280 160 29539 157 29795 157 30052 156 30308 156 30564 156 30821 155 31078 154 31334 154 31590 154 31846 154 32102 154 32335 6 32357 155 32584 21 32612 156 32840 24 32868 156 33095 26 33123 157 33351 185 33608 184 33864 115 33980 68 34121 183 34385 175 34641 175 34898 174 35104 7 35154 174 35358 11 35412 13 35427 157 35613 13 35669 11 35684 156 35848 4 35857 1 35868 15 35928 6 35940 156 36099 18 36123 16 36197 155 36353 22 36379 16 36453 155 36609 23 36635 16 36708 156 36865 24 36891 17 36964 156 37121 25 37147 17 37220 156 37377 44 37476 156 37633 44 37732 156 37889 45 37990 200 38250 2 38253 194 38512 191 38769 190 39026 189 39282 189 39537 190 39793 190 40049 190 40305 191 40561 192 40817 193 41073 193 41329 194 41586 193 41843 193 42103 189 42360 189 42617 190 42874 190 43136 60 43199 121 43399 28 43430 14 43446 4 43458 119 43656 25 43690 2 43694 4 43716 118 43913 24 43973 118 44170 23 44231 117 44426 23 44468 4 44489 116 44682 23 44723 7 44746 115 44938 30 44979 11 45003 115 45193 35 45235 13 45260 114 45449 37 45492 13 45517 114 45704 39 45750 11 45774 114 45960 39 46031 114 46216 39 46287 115 46474 38 46544 114 46731 39 46801 114 46988 40 47058 6 47067 104 47244 41 47325 102 47482 1 47494 4 47499 43 47582 101 47736 6 47749 49 47839 100 47991 8 48003 51 48096 99 48247 9 48258 52 48353 98 48503 63 48612 95 48759 61 48870 94 49015 58 49126 94 49271 57 49382 95 49526 57 49638 21 49664 69 49782 29 49813 27 49857 1 49895 18 49920 69 50037 29 50070 26 50112 3 50152 16 50176 69 50292 30 50326 27 50359 2 50368 5 50409 12 50432 70 50547 31 50582 27 50614 4 50624 6 50665 11 50688 71 50801 34 50838 27 50870 5 50880 7 50923 6 50944 72 51057 34 51094 28 51125 7 51136 7 51200 73 51312 36 51350 28 51381 7 51392 6 51456 74 51568 66 51637 7 51648 5 51712 74 51824 66 51893 7 51904 5 51968 75 52078 69 52149 6 52160 4 52224 75 52332 70 52406 5 52416 4 52480 37 52520 35 52588 70 52663 3 52671 3 52736 36 52776 36 52844 70 52919 3 52926 3 52992 36 53031 37 53101 70 53176 3 53180 3 53248 35 53287 38 53358 79 53504 30 53543 38 53615 78 53760 29 53799 38 53870 74 54016 29 54054 39 54125 74 54272 30 54310 39 54379 76 54528 30 54567 37 54634 76 54784 32 54824 1 54831 28 54889 77 55040 34 55088 27 55144 78 55296 36 55344 27 55400 78 55552 37 55601 26 55656 77 55773 1 55808 39 55857 26 55911 78 56064 40 56114 24 56166 79 56320 41 56370 22 56421 80 56576 41 56627 19 56677 80 56832 39 56884 17 56933 79 57088 30 57142 5 57150 6 57189 79 57344 28 57407 4 57444 80 57600 8 57616 11 57700 80 57856 1 57956 80 58212 79 58354 5 58468 78 58608 8 58724 77 58864 8 58980 76 59119 9 59236 76 59322 3 59375 8 59492 76 59578 2 59632 5 59749 75 59834 2 59889 2 60006 1 60012 70 60270 60 60331 8 60527 56 60588 8 60783 54 60844 9 61040 55 61099 11 61297 54 61354 12 61552 71 61808 71 62063 72 62318 73 62574 73 62831 72 63082 1 63089 70 63336 3 63346 69 63592 3 63602 68 63849 2 63859 67 64105 2 64116 66 64360 3 64374 63 64613 9 64630 63 64868 12 64887 62 65123 13 65143 62 65379 13 65399 61
489967,0 65536
490941,5 5 13 42 156 1 198 58 259 52 421 11 454 58 514 52 675 14 710 58 770 52 930 16 966 58 1026 52 1186 16 1222 58 1283 53 1442 17 1477 59 1539 55 1689 3 1697 18 1733 59 1796 54 1943 7 1953 19 1989 59 2054 53 2134 1 2198 10 2209 19 2244 60 2312 6 2319 45 2387 5 2453 31 2500 60 2568 5 2575 45 2642 8 2709 31 2756 61 2824 53 2897 10 2964 32 3011 64 3080 54 3151 13 3172 3 3218 33 3266 66 3335 27 3363 28 3403 18 3428 5 3442 1 3473 34 3522 66 3591 26 3620 27 3656 22 3684 6 3696 5 3728 35 3779 94 3876 28 3908 26 3939 7 3951 7 3977 43 4035 94 4132 28 4161 28 4195 7 4207 7 4232 44 4292 153 4450 8 4462 9 4487 45 4549 151 4706 8 4718 10 4742 46 4805 48 4860 95 4961 9 4973 11 4997 47 5063 46 5120 91 5217 23 5252 47 5320 45 5376 90 5472 24 5508 45 5577 44 5632 90 5728 24 5763 45 5834 45 5888 90 5983 26 6018 47 6090 143 6239 27 6273 48 6345 143 6496 27 6528 49 6600 143 6752 27 6783 50 6856 142 7009 27 7038 51 7112 138 7268 24 7293 51 7369 135 7527 73 7625 134 7788 67 7882 131 8046 64 8138 130 8303 30 8337 28 8394 129 8560 28 8592 28 8649 130 8817 27 8848 28 8906 135 9073 27 9104 28 9163 135 9328 28 9359 30 9419 135 9583 29 9614 31 9678 132 9838 30 9870 31 9937 129 10094 63 10167 3 10194 17 10212 110 10350 63 10422 5 10450 16 10469 109 10606 63 10676 8 10704 17 10725 109 10862 63 10931 10 10960 17 10980 113 11118 63 11186 12 11216 15 11234 117 11374 64 11442 12 11472 13 11489 119 11630 64 11700 10 11728 13 11745 119 11886 39 11928 22 11956 10 11985 12 12001 123 12141 65 12213 8 12241 11 12257 127 12396 66 12470 6 12498 10 12513 128 12652 48 12709 9 12727 4 12754 10 12769 129 12907 49 12966 8 13011 8 13025 129 13164 48 13223 8 13267 8 13281 129 13421 48 13480 7 13524 6 13538 129 13678 48 13736 7 13781 3 13796 127 13935 21 13958 26 13992 7 14053 126 14191 19 14217 24 14248 7 14309 126 14448 17 14476 22 14504 8 14565 126 14707 13 14733 21 14761 9 14820 127 14964 11 14989 21 15018 9 15076 128 15205 4 15224 7 15245 20 15275 9 15326 141 15483 3 15501 16 15532 8 15580 144 15740 2 15757 14 15788 8 15836 144 15996 3 16014 3 16020 6 16045 7 16092 145 16252 3 16270 2 16277 4 16302 7 16348 80 16433 61 16534 3 16560 10 16604 78 16688 62 16783 5 16818 20 16860 78 16943 63 17038 7 17074 35 17115 79 17199 65 17293 10 17327 41 17370 151 17526 2 17548 12 17582 204 17802 14 17837 206 18054 19 18092 208 18306 24 18348 208 18562 24 18603 210 18817 29 18858 246 19113 253 19368 3956 23326 254 23582 728 24320 245 24576 245 24832 245 25088 244 25344 245 25600 247 25856 249 26112 250 26368 252 26624 254 26880 38656
491029,0 65536
494025,18 26 97 5 115 4 131 35 168 77 251 5 273 27 354 3 370 3 387 114 508 4 528 28 626 3 642 115 764 4 783 29 882 3 898 114 1020 4 1037 31 1138 3 1154 114 1277 3 1291 33 1410 113 1533 3 1544 36 1666 112 1790 2 1798 38 1892 1 1921 112 2054 37 2146 5 2177 112 2310 36 2402 5 2433 112 2566 37 2604 4 2661 2 2688 113 2821 44 2943 114 3076 45 3177 2 3198 92 3292 21 3331 46 3431 4 3453 94 3549 20 3587 45 3686 5 3708 95 3806 18 3842 46 3941 11 3959 2 3963 96 4062 18 4098 46 4197 13 4214 101 4319 17 4354 46 4453 15 4470 101 4575 17 4610 46 4709 118 4832 17 4866 47 4964 119 5088 17 5122 47 5215 24 5242 97 5345 15 5379 47 5471 25 5498 98 5603 13 5635 47 5726 26 5754 98 5861 11 5891 47 5983 25 6009 98 6123 3 6148 47 6240 24 6265 97 6405 46 6503 114 6661 46 6761 111 6912 1 6916 46 7012 4 7017 110 7168 1 7172 45 7267 7 7275 107 7424 50 7522 30 7553 85 7680 50 7778 9 7789 19 7810 83 7936 50 8033 11 8046 18 8066 82 8192 50 8288 32 8323 76 8448 49 8538 1 8543 33 8580 74 8704 8 8717 35 8793 38 8837 73 8960 46 9049 38 9095 71 9216 22 9243 17 9304 38 9351 70 9472 13 9489 1 9505 10 9559 39 9607 70 9728 13 9762 8 9798 3 9813 41 9863 70 9986 5 9993 6 10018 8 10053 4 10067 45 10118 70 10249 6 10266 2 10272 9 10308 6 10321 49 10374 70 10499 3 10505 8 10521 11 10564 8 10576 52 10629 69 10755 4 10761 9 10777 10 10820 133 11011 16 11063 3 11075 133 11267 17 11318 7 11331 132 11522 19 11574 9 11586 87 11678 40 11777 20 11829 99 11935 39 12033 20 12085 99 12191 39 12289 21 12342 40 12383 57 12442 2 12447 39 12545 21 12599 143 12801 21 12856 142 13057 23 13113 140 13314 22 13370 38 13409 100 13570 23 13626 37 13666 99 13826 23 13882 37 13923 97 14082 23 14139 37 14179 97 14318 3 14337 23 14395 37 14435 97 14573 5 14592 25 14651 38 14691 96 14829 4 14848 25 14906 40 14947 95 15084 4 15104 26 15162 106 15274 24 15360 27 15392 4 15417 105 15531 22 15609 4 15616 29 15647 6 15673 104 15787 23 15865 5 15872 38 15930 93 16044 22 16121 6 16128 40 16173 4 16185 93 16301 20 16377 47 16428 7 16441 91 16557 10 16570 7 16633 49 16683 8 16697 90 16814 7 16828 3 16888 59 16953 89 17071 4 17144 60 17209 87 17399 61 17466 83 17654 63 17722 82 17907 66 17979 80 18161 69 18235 78 18416 71 18490 73 18672 146 18929 144 19185 145 19441 145 19698 143 19954 143 20207 143 20462 143 20716 144 20971 144 21226 145 21483 143 21739 141 21995 139 22252 31 22291 97 22507 26 22547 91 22759 30 22803 92 23013 32 23059 93 23268 33 23315 39 23357 50 23523 34 23571 38 23614 9 23628 35 23777 36 23827 35 23871 6 23886 32 24033 37 24083 19 24104 13 24128 4 24143 30 24288 39 24339 18 24361 11 24400 30 24544 39 24595 15 24617 7 24657 29 24799 40 24850 16 24872 7 24914 29 25055 41 25105 16 25126 9 25170 29 25311 41 25361 31 25427 28 25546 10 25567 41 25616 32 25684 27 25801 11 25823 42 25872 34 25941 25 26056 12 26080 41 26127 36 26199 22 26311 13 26336 42 26382 40 26455 21 26566 17 26593 41 26637 44 26712 6 26726 6 26822 19 26850 90 26968 6 26984 3 27072 3 27077 20 27106 92 27225 4 27325 28 27362 93 27482 1 27581 26 27618 93 27837 25 27875 93 28094 24 28131 95 28350 24 28388 96 28607 23 28645 97 28864 26 28902 97 29120 28 29159 25 29186 71 29377 29 29416 23 29443 72 29544 2 29634 32 29673 18 29699 73 29791 12 29890 33 29931 16 29957 71 30046 13 30146 34 30189 13 30213 71 30301 14 30401 13 30418 19 30447 2 30455 3 30470 70 30557 15 30657 13 30674 19 30727 13 30741 55 30813 16 30913 13 30930 20 30984 68 31070 14 31171 12 31186 21 31231 1 31245 8 31255 53 31327 13 31428 12 31442 21 31486 2 31500 10 31511 54 31585 9 31684 36 31741 3 31749 17 31769 54 31940 36 31997 3 32003 21 32025 54 32172 4 32196 37 32253 3 32258 76 32428 4 32451 38 32509 3 32514 74 32684 5 32706 38 32765 3 32770 56 32829 13 32875 2 32939 8 32961 39 33021 3 33026 55 33086 10 33130 4 33195 9 33217 38 33277 3 33283 53 33341 10 33385 5 33449 12 33473 36 33534 2 33539 53 33597 10 33641 6 33704 15 33729 36 33791 1 33795 52 33853 9 33897 8 33960 15 33985 35 34047 1 34050 52 34109 9 34153 9 34211 21 34241 36 34302 2 34306 50 34365 9 34410 8 34466 23 34496 37 34557 3 34562 48 34621 9 34666 9 34722 23 34752 37 34812 4 34818 47 34878 8 34922 9 34977 25 35008 38 35067 5 35075 17 35097 24 35135 6 35178 9 35212 1 35233 25 35266 36 35323 5 35331 16 35354 24 35391 5 35434 10 35468 1 35489 24 35523 36 35579 5 35587 15 35611 24 35689 11 35706 1 35722 4 35734 3 35745 24 35779 37 35835 5 35844 14 35867 25 35945 11 35960 5 35978 5 35988 6 36002 23 36035 37 36092 4 36100 13 36122 26 36200 22 36233 6 36243 9 36258 23 36290 39 36349 3 36358 1 36365 2 36378 27 36453 26 36489 20 36514 23 36546 40 36634 28 36707 28 36745 21 36771 23 36802 40 36889 29 36962 30 37002 20 37028 22 37058 39 37144 31 37217 31 37260 18 37284 21 37315 38 37399 33 37472 32 37516 19 37540 21 37572 36 37655 35 37728 32 37773 20 37795 21 37828 36 37894 4 37902 49 37983 31 38029 43 38084 35 38144 65 38240 29 38285 43 38341 34 38400 66 38496 20 38542 42 38597 35 38656 66 38753 18 38800 39 38853 39 38912 65 39010 16 39057 37 39109 40 39168 65 39267 15 39313 28 39344 5 39365 41 39424 64 39523 14 39568 29 39620 42 39680 63 39779 13 39824 29 39876 43 39936 63 40015 12 40035 12 40080 29 40132 43 40192 63 40270 14 40290 12 40335 30 40388 44 40448 63 40525 16 40545 13 40591 30 40644 44 40704 29 40735 31 40781 16 40801 12 40830 1 40847 29 40883 2 40900 45 40960 29 40993 29 41036 16 41056 11 41085 3 41104 26 41137 6 41156 46 41216 29 41251 26 41292 16 41312 10 41341 4 41360 25 41392 9 41412 47 41472 29 41509 22 41547 16 41568 10 41598 4 41616 25 41647 9 41669 46 41728 29 41766 14 41781 5 41803 16 41823 11 41855 3 41871 26 41901 11 41925 46 41984 30 42025 8 42059 16 42079 12 42126 41 42182 44 42237 36 42283 5 42314 17 42335 12 42380 43 42437 45 42492 39 42570 18 42591 12 42632 47 42693 44 42747 41 42826 33 42886 49 42949 43 43003 42 43086 29 43142 49 43204 38 43245 1 43259 43 43339 33 43397 49 43460 37 43514 44 43588 39 43653 49 43716 36 43769 45 43841 42 43908 50 43972 35 44024 47 44094 44 44164 50 44228 34 44279 52 44349 44 44420 50 44484 33 44535 53 44603 46 44676 50 44740 32 44791 40 44833 12 44858 48 44932 50 44997 31 45047 41 45091 11 45113 51 45187 51 45256 27 45301 43 45347 11 45368 53 45428 3 45443 51 45514 25 45557 57 45624 54 45682 6 45698 51 45773 1 45779 15 45812 59 45879 65 45954 50 46036 13 46068 60 46135 66 46209 50 46292 12 46324 61 46391 67 46462 52 46548 11 46579 64 46647 122 46805 8 46829 70 46902 122 47062 5 47083 73 47157 31 47190 89 47338 105 47447 9 47457 78 47594 104 47705 7 47713 78 47809 6 47851 102 47961 7 47969 77 48064 8 48090 3 48107 101 48218 4 48225 77 48320 9 48345 4 48368 96 48481 77 48575 11 48624 96 48738 77 48831 17 48878 98 48994 78 49087 19 49133 100 49250 78 49343 19 49387 103 49505 79 49599 20 49641 107 49761 79 49855 20 49896 108 50016 54 50072 23 50111 20 50147 113 50272 54 50329 21 50367 20 50401 115 50527 55 50585 20 50623 20 50656 115 50783 55 50842 16 50880 18 50912 66 50981 45 51039 54 51099 12 51136 18 51166 67 51238 44 51293 55 51356 10 51393 16 51420 69 51495 42 51548 53 51613 9 51649 15 51674 70 51761 31 51802 54 51870 7 51906 14 51927 73 52019 29 52054 58 52162 14 52181 75 52275 29 52309 60 52419 13 52436 76 52532 27 52565 61 52676 10 52692 75 52788 27 52821 62 52932 9 52947 76 53044 27 53077 66 53189 6 53202 71 53277 3 53300 28 53333 29 53366 7 53379 22 53443 4 53458 70 53533 4 53555 29 53589 16 53610 7 53634 24 53665 6 53699 4 53713 71 53789 6 53810 31 53844 18 53868 3 53890 25 53920 7 53954 6 53967 72 54045 9 54055 42 54100 18 54145 26 54176 7 54209 10 54222 73 54301 53 54356 19 54401 27 54431 7 54465 63 54529 20 54557 53 54611 20 54648 4 54658 26 54686 5 54721 63 54787 17 54813 75 54902 9 54914 27 54943 2 54977 63 55045 14 55069 75 55157 41 55233 63 55301 14 55326 75 55411 43 55489 63 55557 14 55582 76 55666 44 55746 62 55813 3 55822 4 55838 76 55922 45 56002 62 56095 75 56177 46 56258 62 56351 75 56433 47 56514 62 56607 75 56689 47 56769 63 56863 75 56943 49 57025 63 57120 74 57196 52 57281 63 57376 68 57451 51 57536 64 57633 66 57707 49 57792 67 57889 66 57963 48 58047 71 58145 66 58219 48 58303 72 58400 67 58475 48 58526 2 58558 73 58656 67 58731 47 58780 6 58814 73 58912 66 58988 45 59036 6 59070 74 59168 62 59245 42 59292 7 59325 75 59424 61 59503 40 59547 11 59580 76 59679 61 59760 39 59802 14 59832 81 59921 2 59935 61 60015 41 60057 24 60087 83 60176 4 60185 2 60191 60 60268 1 60271 69 60342 85 60432 4 60439 6 60447 59 60523 162 60687 69 60757 5 60779 241 61035 80 61117 160 61290 80 61374 160 61546 83 61630 161 61801 247 62056 248 62312 238 62553 8 62567 238 62811 6 62823 239 63067 6 63079 239 63324 5 63335 6 63345 229 63580 5 63592 5 63601 25 63629 201 63838 1 63851 4 63858 21 63887 199 64091 2 64108 4 64116 18 64146 196 64345 4 64364 5 64373 15 64402 196 64601 5 64621 4 64629 5 64638 4 64658 196 64857 5 64885 2 64913 197 65113 4 65164 1 65169 197 65370 1 65420 1 65424 112
500314,66 12 85 21 145 9 159 5 323 11 341 21 400 12 414 8 580 9 596 22 656 24 775 2 837 7 851 24 912 26 940 1 1028 7 1094 5 1107 24 1168 31 1283 9 1363 23 1424 32 1539 10 1619 23 1680 33 1793 13 1876 21 1936 34 2048 14 2133 20 2192 35 2304 15 2390 18 2449 34 2560 16 2647 17 2706 34 2781 5 2816 16 2904 16 2962 36 3035 9 3072 17 3160 15 3219 36 3290 10 3328 18 3416 14 3476 35 3538 19 3584 19 3673 6 3681 4 3733 35 3792 22 3840 19 3929 4 3989 35 4046 24 4096 20 4186 1 4246 34 4301 25 4352 20 4503 34 4556 26 4608 20 4759 34 4811 27 4865 19 5016 33 5067 27 5121 19 5273 32 5322 11 5334 16 5377 20 5529 32 5578 10 5590 16 5634 19 5784 32 5834 9 5846 15 5892 17 6041 30 6089 10 6100 13 6149 16 6297 27 6345 10 6356 11 6406 15 6553 27 6600 22 6663 14 6809 26 6856 21 6920 12 7065 26 7112 19 7178 8 7316 1 7322 24 7368 10 7380 5 7572 2 7577 25 7624 10 7798 4 7828 2 7833 24 7880 10 8053 8 8090 21 8121 3 8136 10 8308 10 8345 18 8376 6 8384 5 8392 9 8564 11 8598 20 8632 15 8648 9 8819 12 8854 20 8887 26 9076 12 9109 21 9143 26 9298 1 9332 12 9365 21 9398 28 9554 2 9588 12 9621 21 9653 29 9844 13 9877 4 9884 13 9909 29 10100 13 10132 4 10141 11 10164 30 10329 5 10356 13 10387 4 10398 9 10420 30 10583 8 10611 15 10643 3 10655 6 10675 31 10838 10 10866 17 10900 1 10912 4 10931 31 11095 9 11122 24 11187 32 11351 9 11379 25 11443 32 11608 8 11636 24 11699 31 11864 9 11893 24 11955 31 12120 10 12149 23 12210 31 12375 11 12405 22 12466 30 12630 13 12662 21 12722 30 12886 13 12919 20 12978 30 13141 15 13184 12 13235 28 13396 16 13441 11 13492 4 13500 19 13651 17 13697 12 13759 15 13903 21 13954 12 14016 13 14155 25 14210 11 14273 4 14408 27 14466 11 14662 28 14723 9 14917 28 14979 7 15093 2 15172 28 15237 4 15343 1 15346 7 15428 27 15592 18 15614 2 15685 25 15847 20 15868 4 15942 19 15963 2 16004 2 16102 26 16200 16 16259 4 16280 1 16357 27 16457 15 16515 5 16534 5 16612 28 16715 12 16772 4 16790 6 16867 29 16973 9 17028 5 17045 7 17123 29 17232 4 17286 2 17301 7 17379 29 17557 6 17566 3 17635 29 17822 4 17890 30 17951 3 18063 5 18078 5 18146 30 18206 6 18319 6 18335 4 18402 30 18461 8 18518 1 18574 7 18591 4 18658 30 18717 9 18768 9 18830 8 18894 14 18915 29 18973 10 19023 10 19085 10 19148 17 19171 29 19229 10 19278 11 19341 11 19404 18 19427 29 19486 9 19534 11 19598 10 19659 20 19683 29 19742 10 19789 12 19854 10 19914 21 19939 29 19998 10 20045 12 20111 10 20170 21 20195 11 20209 15 20254 11 20302 11 20367 9 20425 22 20452 8 20465 15 20511 11 20558 11 20624 8 20679 24 20710 5 20721 15 20768 11 20814 11 20881 6 20935 25 20969 1 20978 14 21025 10 21071 9 21190 27 21234 14 21281 10 21329 6 21447 26 21491 13 21539 8 21704 25 21748 12 21766 8 21796 6 21961 24 22021 13 22053 5 22217 23 22276 16 22474 22 22531 18 22731 20 22786 19 22987 19 23041 20 23246 14 23297 20 23499 16 23522 6 23552 22 23753 17 23777 7 23808 23 24007 18 24032 9 24064 24 24261 19 24287 12 24320 12 24336 8 24516 20 24543 14 24576 11 24592 8 24678 9 24771 21 24798 16 24832 11 24848 8 24934 10 25027 20 25055 16 25088 11 25104 8 25189 13 25283 19 25311 17 25344 10 25360 8 25445 16 25540 17 25567 17 25600 10 25616 7 25679 4 25700 18 25797 16 25823 18 25856 10 25871 8 25935 5 25956 18 26054 14 26079 19 26112 7 26127 7 26190 8 26213 17 26311 12 26335 19 26368 5 26383 6 26447 11 26470 17 26568 11 26590 20 26624 4 26639 5 26703 12 26727 16 26825 9 26845 21 26880 4 26895 5 26959 11 26984 15 27081 12 27101 21 27136 5 27151 5 27216 9 27241 13 27338 12 27357 21 27385 4 27392 6 27472 6 27497 13 27566 5 27594 13 27613 21 27640 7 27648 7 27730 1 27754 11 27820 8 27850 14 27869 20 27891 21 28017 5 28075 10 28107 14 28126 14 28145 26 28274 6 28329 12 28364 14 28382 9 28401 30 28529 9 28583 14 28621 13 28639 7 28656 32 28782 14 28838 15 28878 12 28896 6 28911 34 29036 20 29093 16 29134 12 29153 3 29165 37 29291 22 29349 16 29390 13 29420 41 29546 24 29605 16 29646 13 29676 43 29786 1 29789 5 29802 24 29861 15 29903 11 29932 43 30042 9 30058 24 30117 15 30159 10 30188 44 30298 10 30313 26 30372 14 30416 6 30444 46 30554 10 30569 26 30629 10 30699 48 30809 11 30825 26 30955 49 31065 11 31081 27 31211 50 31321 11 31337 27 31467 50 31577 11 31594 26 31723 50 31835 9 31850 26 31981 48 32041 5 32091 10 32108 23 32237 48 32294 9 32310 7 32348 9 32364 23 32493 47 32549 11 32564 9 32604 9 32621 22 32748 48 32805 24 32861 8 32878 20 33003 20 33024 28 33060 25 33118 7 33134 20 33259 18 33280 28 33315 25 33374 6 33391 19 33516 17 33536 28 33570 26 33632 1 33648 17 33773 15 33792 28 33826 26 33905 16 33974 4 34032 10 34048 28 34081 27 34162 14 34229 6 34290 4 34304 27 34338 25 34398 5 34418 12 34484 8 34560 27 34593 26 34653 7 34675 10 34740 9 34816 27 34848 27 34909 10 34933 6 34996 10 35072 27 35103 28 35164 12 35252 11 35328 27 35357 30 35421 13 35508 12 35584 27 35612 30 35677 15 35694 3 35764 12 35840 26 35867 29 35933 21 36019 14 36096 24 36121 30 36189 22 36276 12 36352 23 36377 30 36443 26 36476 1 36532 12 36608 22 36633 30 36698 38 36742 1 36777 3 36788 11 36864 21 36889 30 36953 40 36996 5 37010 4 37030 7 37045 4 37120 21 37146 29 37209 41 37251 7 37263 10 37284 10 37376 20 37402 30 37465 51 37518 13 37537 16 37554 4 37632 19 37658 30 37721 51 37773 14 37792 22 37888 16 37914 31 37978 66 38048 23 38144 14 38169 32 38235 65 38304 24 38400 11 38425 32 38492 63 38561 23 38656 9 38681 32 38716 5 38749 45 38795 16 38818 23 38912 7 38937 31 38971 14 39006 43 39052 14 39074 23 39168 3 39193 31 39226 17 39262 41 39308 14 39331 23 39424 1 39449 51 39518 38 39564 14 39590 22 39633 1 39705 52 39773 39 39820 14 39848 23 39886 6 39935 1 39960 54 40028 40 40076 15 40106 23 40141 9 40190 2 40216 54 40284 40 40332 15 40364 21 40396 10 40446 2 40472 54 40540 41 40587 17 40626 15 40651 12 40701 3 40728 55 40796 66 40883 14 40907 12 40957 3 40984 55 41052 71 41139 13 41163 12 41214 2 41240 55 41308 72 41394 13 41419 12 41471 1 41496 55 41564 54 41620 15 41650 13 41676 9 41753 54 41820 52 41878 13 41905 13 41933 7 42009 53 42076 51 42134 12 42161 11 42190 3 42266 52 42332 50 42391 9 42417 9 42523 19 42543 31 42589 48 42647 8 42674 5 42703 1 42781 15 42800 29 42845 46 42903 7 42958 3 43039 13 43057 27 43102 41 43159 6 43214 4 43295 13 43313 26 43358 40 43416 4 43433 4 43470 4 43552 13 43569 25 43614 39 43688 6 43725 5 43811 10 43824 26 43870 39 43943 8 43980 5 44068 38 44126 39 44198 10 44234 7 44324 38 44383 38 44446 2 44454 11 44488 9 44580 38 44642 35 44701 5 44708 14 44744 9 44835 39 44901 14 44919 15 44957 22 44999 10 45090 40 45159 6 45175 14 45195 4 45212 24 45253 13 45344 42 45416 4 45433 12 45450 6 45468 25 45508 14 45599 43 45689 12 45705 8 45721 28 45764 14 45855 43 45946 11 45961 8 45976 30 46020 13 46111 42 46201 12 46217 8 46232 30 46276 12 46367 42 46457 12 46472 9 46487 32 46532 12 46623 29 46653 10 46713 13 46727 10 46742 34 46788 11 46879 28 46911 7 46969 24 46998 35 47044 10 47135 27 47224 24 47253 38 47300 9 47392 26 47480 23 47509 43 47557 8 47649 25 47736 23 47766 43 47816 4 47905 26 47993 21 48022 44 48163 25 48251 19 48278 44 48420 24 48509 16 48534 44 48679 22 48765 15 48789 46 48936 22 49021 11 49045 46 49198 18 49277 11 49301 46 49455 17 49533 10 49558 45 49711 17 49791 9 49815 51 49967 17 50004 1 50049 7 50072 51 50223 17 50258 6 50306 7 50328 51 50479 16 50513 8 50562 7 50584 52 50708 9 50735 12 50768 10 50817 8 50840 52 50961 14 50992 10 51023 15 51073 7 51096 52 51215 17 51250 6 51279 16 51330 4 51351 55 51470 19 51507 4 51520 11 51533 19 51607 57 51726 20 51773 36 51863 58 51961 1 51982 20 52028 38 52118 59 52214 7 52237 22 52283 39 52373 61 52469 10 52493 22 52536 43 52628 62 52725 11 52749 23 52791 44 52884 62 52981 11 53005 23 53046 46 53140 61 53238 10 53261 23 53301 47 53396 61 53494 10 53516 24 53556 49 53651 62 53745 2 53751 9 53772 24 53812 50 53908 61 54000 4 54008 7 54027 24 54067 52 54165 60 54256 4 54264 6 54281 26 54323 52 54422 59 54512 3 54523 1 54537 25 54579 53 54678 59 54792 25 54835 2 54841 47 54934 59 55048 24 55090 1 55097 48 55189 60 55304 23 55343 5 55351 51 55446 58 55560 22 55597 7 55606 53 55702 56 55816 22 55852 63 55958 56 56071 23 56107 64 56215 55 56328 22 56363 63 56472 4 56480 49 56584 22 56619 62 56743 43 56839 24 56875 61 56999 45 57095 24 57131 59 57256 44 57350 25 57387 59 57512 44 57605 25 57643 5 57651 52 57736 4 57768 44 57861 25 57908 52 57965 3 57991 6 58024 43 58118 24 58164 52 58220 5 58246 7 58281 41 58375 24 58421 60 58501 9 58537 41 58632 23 58678 59 58756 10 58793 40 58889 23 58935 59 59011 10 59050 38 59145 23 59192 58 59266 10 59307 36 59402 22 59449 58 59521 10 59539 2 59564 34 59659 21 59706 58 59776 11 59795 2 59821 12 59843 10 59860 5 59915 19 59964 56 60031 12 60078 6 60101 6 60110 13 60172 16 60224 53 60286 14 60365 15 60382 6 60423 2 60427 15 60482 52 60542 14 60620 25 60678 19 60739 52 60797 16 60875 27 60934 19 60995 53 61053 17 61128 31 61190 19 61251 53 61308 18 61383 34 61445 20 61508 54 61563 19 61628 4 61638 38 61701 21 61764 74 61883 6 61894 39 61958 20 62021 74 62139 6 62149 40 62214 21 62248 1 62278 73 62395 6 62404 42 62470 21 62500 12 62534 74 62650 7 62660 43 62726 21 62754 15 62791 73 62903 9 62916 50 62983 21 63009 16 63047 73 63158 5 63172 52 63239 22 63263 19 63304 50 63357 18 63413 6 63429 52 63497 41 63560 50 63613 18 63669 5 63684 53 63754 40 63817 49 63869 17 63925 4 63938 56 64013 38 64074 48 64125 16 64182 2 64193 6 64200 50 64269 38 64330 48 64381 16 64448 7 64457 49 64525 39 64587 47 64638 14 64656 6 64704 7 64715 46 64781 39 64843 46 64894 14 64912 7 64960 7 64973 43 65037 39 65099 29 65129 14 65150 13 65167 9 65217 7 65230 9 65242 29 65293 39 65356 27 65386 10 65407 11 65423 9 65473 7 65486 8 65498 27
504868,0 56642 56646 252 56903 251 57160 252 57415 2317 59733 255 59992 250 60248 250 60503 251 60755 2 60759 4123 64883 253 65140 247 65397 139
513583,31 25 142 10 161 59 224 24 252 4 284 28 398 10 418 58 480 7 490 15 509 3 539 28 655 8 674 59 736 6 747 14 765 3 793 29 916 2 931 66 1004 13 1021 3 1047 30 1187 65 1261 13 1277 3 1302 32 1442 3 1448 60 1517 13 1533 3 1554 36 1698 2 1704 61 1773 13 1789 3 1809 37 1959 62 2029 12 2045 3 2065 37 2214 64 2286 11 2302 2 2322 36 2469 54 2524 10 2543 10 2578 35 2725 54 2780 10 2799 8 2835 32 2980 54 3036 10 3057 5 3092 1 3097 25 3236 19 3256 34 3292 10 3355 22 3416 7 3492 18 3515 30 3549 14 3580 4 3617 16 3672 8 3747 18 3771 30 3806 18 3836 4 3879 10 3927 10 4003 15 4028 30 4063 19 4091 5 4136 8 4172 2 4181 12 4259 13 4284 30 4320 19 4347 5 4393 6 4427 22 4514 12 4540 30 4576 20 4603 5 4650 3 4682 22 4727 5 4769 12 4796 31 4831 22 4858 6 4866 5 4938 22 4981 8 5026 9 5052 31 5087 24 5114 15 5178 3 5194 21 5236 10 5282 8 5305 34 5342 44 5433 5 5450 21 5491 11 5539 6 5560 83 5688 6 5706 21 5747 12 5815 84 5943 7 5963 21 6002 14 6071 85 6198 8 6218 22 6258 15 6327 86 6453 9 6473 23 6514 16 6584 16 6602 73 6708 9 6728 23 6769 18 6840 15 6858 75 6964 8 6981 26 7025 19 7096 14 7114 11 7128 62 7219 9 7235 27 7280 20 7353 13 7370 10 7384 51 7437 8 7475 43 7535 21 7609 13 7627 9 7640 40 7682 9 7693 8 7731 42 7791 22 7865 13 7884 7 7897 39 7941 16 7987 42 8045 25 8121 14 8142 5 8153 39 8198 13 8243 42 8300 27 8377 15 8400 2 8409 39 8454 13 8499 42 8555 29 8633 15 8664 40 8710 14 8755 42 8810 30 8890 14 8917 43 8965 16 9002 6 9010 43 9065 32 9147 12 9172 44 9220 17 9258 42 9302 6 9321 32 9357 5 9404 10 9428 44 9475 18 9501 1 9513 45 9559 5 9576 34 9612 6 9661 8 9684 44 9731 19 9756 3 9769 45 9815 8 9831 44 9918 6 9940 44 9987 19 10011 4 10025 55 10087 44 10197 65 10267 4 10281 56 10342 45 10454 64 10537 29 10573 20 10597 46 10712 62 10793 28 10829 20 10852 47 10970 59 11049 28 11085 20 11109 47 11159 5 11226 59 11306 26 11341 20 11364 58 11483 58 11563 25 11597 81 11740 57 11820 24 11853 82 11996 56 12077 24 12112 79 12253 55 12335 22 12370 77 12509 54 12579 2 12591 23 12626 77 12765 54 12832 7 12849 21 12882 77 12994 2 13022 18 13042 32 13088 7 13108 19 13137 63 13201 14 13238 17 13280 15 13299 31 13335 2 13344 7 13365 20 13392 63 13459 12 13494 18 13537 12 13556 12 13569 17 13590 3 13600 7 13622 20 13648 63 13719 9 13751 18 13795 7 13813 11 13825 17 13845 5 13856 8 13879 19 13904 64 13977 10 14009 17 14052 4 14070 10 14081 17 14100 6 14112 8 14135 19 14159 67 14234 10 14266 16 14327 26 14355 7 14369 7 14391 19 14415 43 14473 10 14491 9 14523 16 14584 25 14611 7 14625 7 14647 18 14672 38 14730 10 14746 10 14778 17 14842 22 14867 6 14882 5 14904 16 14928 12 14943 16 14987 9 15002 10 15033 19 15099 20 15124 3 15138 4 15149 2 15161 14 15186 10 15200 12 15237 16 15257 12 15287 23 15357 6 15367 7 15394 3 15403 5 15419 11 15444 6 15457 6 15492 18 15513 13 15542 25 15614 3 15624 6 15649 5 15657 7 15674 12 15748 34 15797 26 15871 1 15881 4 15904 17 15930 12 15981 4 16003 36 16052 28 16159 18 16187 10 16236 6 16258 38 16306 30 16414 19 16443 10 16492 6 16514 40 16558 34 16634 5 16670 20 16701 8 16748 7 16770 42 16813 35 16888 8 16926 20 16958 6 17004 8 17026 78 17141 11 17181 22 17215 4 17262 8 17283 77 17396 12 17437 23 17519 8 17540 75 17651 13 17692 25 17775 11 17796 74 17907 13 17948 25 18031 14 18052 74 18163 13 18204 26 18287 15 18308 73 18419 13 18461 25 18543 17 18564 72 18675 13 18717 25 18798 20 18820 72 18933 11 18973 25 19054 22 19077 71 19191 9 19230 23 19310 94 19448 8 19487 21 19565 95 19705 7 19746 18 19821 95 19963 5 20005 14 20077 94 20221 1 20261 14 20334 93 20519 11 20591 93 20772 14 20849 38 20890 50 21026 15 21109 32 21148 48 21280 19 21367 28 21407 44 21534 22 21627 23 21666 41 21788 24 21882 24 21921 43 22043 25 22138 12 22151 10 22177 43 22229 5 22299 25 22393 23 22433 43 22484 6 22555 25 22649 21 22689 44 22739 8 22811 25 22905 20 22945 44 22995 8 23067 25 23161 20 23200 44 23250 10 23323 26 23417 20 23456 43 23506 10 23539 1 23579 26 23671 22 23712 42 23762 11 23792 8 23810 2 23834 28 23925 24 23969 40 24017 23 24048 8 24064 5 24086 34 24178 27 24225 40 24272 27 24303 10 24320 6 24340 37 24431 31 24482 39 24528 42 24576 7 24595 39 24682 37 24739 38 24783 43 24832 8 24851 39 24937 39 24996 18 25016 17 25039 44 25087 10 25106 41 25192 40 25253 16 25272 16 25294 60 25362 41 25447 42 25510 13 25529 15 25550 61 25618 42 25701 45 25768 8 25785 14 25806 61 25874 42 25956 47 26041 14 26062 61 26130 42 26211 49 26298 12 26318 61 26386 42 26467 50 26555 11 26569 67 26642 42 26722 52 26824 68 26900 39 26978 52 27079 70 27159 36 27234 52 27335 70 27415 46 27490 52 27590 71 27671 48 27745 53 27846 70 27927 49 28001 53 28102 70 28183 50 28256 55 28358 70 28439 50 28511 56 28614 69 28695 50 28767 57 28869 70 28952 49 29023 57 29124 70 29208 49 29279 58 29380 70 29464 48 29536 57 29635 71 29720 48 29793 55 29890 72 29972 51 30052 52 30146 73 30225 54 30282 1 30309 50 30383 4 30394 81 30478 63 30566 48 30637 8 30649 83 30733 65 30823 47 30892 95 30989 65 31080 46 31147 95 31246 64 31337 46 31403 93 31503 64 31594 44 31659 24 31684 67 31763 62 31850 44 31915 23 31942 66 32020 62 32107 42 32172 23 32198 68 32280 59 32363 40 32429 22 32455 69 32537 58 32619 39 32688 11 32702 4 32711 57 32769 12 32793 58 32876 37 32948 7 32966 58 33027 11 33049 59 33133 35 33204 6 33222 58 33285 14 33305 60 33389 33 33460 6 33479 6 33488 48 33542 13 33561 61 33646 32 33717 3 33736 4 33743 49 33799 12 33818 60 33903 30 33999 49 34056 11 34075 59 34162 28 34255 49 34314 9 34331 59 34404 2 34420 26 34511 49 34571 8 34587 59 34659 4 34676 26 34767 49 34828 6 34843 59 34914 6 34933 25 35024 48 35085 5 35099 59 35169 7 35190 24 35218 4 35237 3 35280 48 35342 2 35355 60 35425 8 35447 22 35473 8 35492 6 35500 3 35537 47 35612 58 35681 10 35704 19 35728 10 35748 12 35794 46 35870 55 35937 12 35961 16 35984 11 36003 13 36052 44 36126 54 36194 12 36217 15 36240 12 36258 15 36308 44 36382 52 36452 9 36474 13 36495 13 36512 18 36564 44 36638 51 36707 10 36730 13 36750 14 36768 18 36821 43 36894 34 36931 13 36963 10 36986 13 37005 15 37024 19 37077 2 37082 38 37150 33 37188 12 37218 12 37242 13 37261 15 37280 20 37338 38 37407 32 37445 11 37473 13 37498 13 37516 15 37536 20 37594 38 37664 31 37702 9 37728 14 37755 12 37772 15 37791 21 37850 38 37922 1 37927 24 37960 5 37983 15 38011 11 38027 15 38046 28 38103 41 38183 24 38239 16 38269 8 38283 15 38302 30 38355 45 38439 24 38495 18 38538 17 38558 32 38610 46 38695 24 38751 20 38794 17 38814 33 38865 47 38952 21 39007 21 39050 17 39070 34 39119 9 39132 36 39208 19 39263 22 39306 17 39326 34 39375 8 39391 33 39465 14 39518 24 39562 16 39584 32 39631 8 39648 32 39722 10 39773 25 39818 16 39841 32 39886 9 39904 25 39932 4 39979 8 40028 26 40074 16 40098 32 40142 10 40160 25 40189 3 40237 4 40284 26 40330 15 40355 32 40398 11 40416 25 40445 3 40486 1 40540 26 40586 15 40611 33 40654 45 40702 2 40741 3 40796 26 40842 15 40867 33 40911 46 40997 5 41052 27 41099 13 41123 34 41168 46 41253 5 41307 28 41355 13 41379 35 41425 46 41509 5 41562 30 41612 12 41635 36 41684 14 41700 28 41766 4 41818 30 41869 10 41892 35 41942 11 41956 28 42028 2 42074 29 42126 8 42150 33 42199 8 42214 26 42284 9 42330 29 42383 5 42406 33 42456 6 42472 24 42540 13 42586 28 42663 32 42733 19 42794 17 42841 28 42920 30 42991 16 43047 22 43076 6 43097 28 43176 31 43249 11 43299 27 43329 10 43353 28 43432 33 43553 42 43609 27 43689 34 43808 44 43865 27 43945 35 44064 46 44121 26 44200 36 44320 47 44377 25 44456 36 44576 48 44635 23 44711 36 44832 48 44892 22 44966 36 45088 49 45149 22 45222 35 45272 3 45344 49 45409 18 45478 34 45526 7 45600 48 45667 14 45734 13 45748 2 45751 14 45779 12 45856 48 45925 6 45990 7 46008 12 46035 14 46112 48 46168 3 46204 4 46246 5 46262 12 46290 16 46368 47 46421 8 46458 8 46502 6 46518 4 46546 17 46625 45 46674 11 46714 10 46758 11 46774 4 46803 17 46856 3 46882 42 46929 12 46954 3 46969 11 47014 13 47031 1 47059 18 47111 6 47138 41 47183 14 47208 4 47224 13 47269 15 47316 18 47365 9 47394 41 47439 14 47463 5 47478 15 47524 17 47573 16 47620 12 47650 41 47694 14 47720 4 47731 18 47753 4 47780 17 47830 14 47875 14 47907 40 47950 14 47976 3 47986 18 48008 6 48034 19 48087 12 48130 17 48164 40 48205 15 48237 3 48241 19 48264 8 48286 22 48343 11 48386 19 48422 38 48461 15 48493 22 48521 7 48541 23 48599 11 48642 19 48679 37 48717 15 48748 25 48778 7 48796 24 48855 11 48897 21 48936 36 48973 14 49004 26 49035 11 49052 23 49112 10 49153 21 49193 35 49229 14 49259 28 49292 11 49308 21 49369 8 49408 22 49450 33 49485 14 49515 28 49549 11 49564 18 49626 6 49664 22 49706 32 49741 14 49770 25 49804 12 49820 18 49920 22 49963 8 49978 16 49996 15 50026 25 50060 12 50076 18 50176 23 50234 15 50252 14 50282 24 50315 14 50332 19 50432 25 50490 14 50508 13 50538 24 50568 18 50588 20 50620 7 50647 5 50688 26 50747 12 50764 12 50795 69 50876 9 50899 10 50944 27 51004 10 51021 9 51052 69 51132 9 51155 11 51200 28 51263 6 51277 9 51310 70 51388 10 51410 12 51456 29 51533 9 51568 68 51644 10 51656 5 51666 12 51712 30 51790 8 51825 69 51899 19 51921 13 51968 31 52046 8 52082 70 52154 35 52224 31 52303 5 52338 107 52480 32 52595 106 52736 34 52851 82 52934 22 52992 35 53108 43 53155 34 53191 21 53248 36 53364 42 53412 56 53501 40 53623 38 53668 55 53756 42 53882 35 53924 55 54011 44 54138 35 54179 56 54266 47 54393 35 54435 9 54449 43 54521 48 54649 35 54691 6 54706 42 54777 49 54905 23 54929 11 54947 4 54962 42 55013 12 55033 49 55161 22 55186 9 55218 43 55267 15 55290 49 55417 21 55441 9 55474 43 55521 18 55546 49 55673 21 55697 9 55730 66 55802 55 55931 18 55953 8 55986 67 56058 55 56187 17 56209 8 56242 68 56314 56 56444 15 56465 8 56498 69 56570 56 56701 14 56722 7 56755 68 56827 55 56958 12 56978 7 57011 69 57084 54 57215 11 57235 6 57267 70 57341 53 57473 9 57492 5 57514 6 57524 70 57596 54 57730 8 57750 2 57769 8 57780 71 57852 53 57987 7 58025 9 58038 123 58244 6 58280 10 58296 120 58536 11 58553 119 58792 11 58810 26 58839 88 59048 12 59067 25 59096 87 59303 13 59324 24 59352 87 59558 14 59581 23 59607 88 59809 19 59837 22 59863 41 59905 46 60065 19 60094 21 60119 41 60162 45 60320 21 60350 21 60375 41 60419 44 60576 21 60607 20 60631 41 60676 43 60832 21 60864 18 60888 40 60933 43 61088 22 61123 13 61149 35 61189 43 61343 23 61384 5 61406 34 61445 43 61598 25 61661 35 61701 43 61745 6 61853 26 61917 35 61956 43 62002 5 62109 27 62144 2 62172 36 62212 41 62258 6 62364 29 62398 6 62428 36 62469 35 62515 4 62535 3 62620 30 62654 8 62683 37 62726 27 62771 4 62790 12 62876 30 62909 10 62939 34 62982 26 63045 14 63132 30 63166 8 63196 33 63239 24 63300 17 63388 29 63422 8 63453 33 63495 23 63555 18 63643 30 63679 6 63710 33 63752 6 63760 13 63779 2 63811 19 63899 29 63936 4 63969 30 64017 10 64035 3 64066 22 64154 30 64193 1 64226 30 64276 2 64291 4 64322 24 64410 30 64483 29 64547 3 64579 25 64666 30 64740 28 64835 26 64921 31 64997 27 65091 26 65177 30 65259 21 65347 26 65432 28 65518 18
516869,0 65536
521139,0 65536
524214,0 65536
529350,94 1 132 5 254 2 350 1 388 4 511 1 645 4 767 1 901 6 917 8 1157 7 1171 10 1363 2 1413 8 1427 10 1618 4 1623 4 1669 8 1682 11 1874 9 1893 2 1925 7 1938 12 2129 11 2147 5 2160 4 2182 7 2195 11 2385 11 2402 6 2415 6 2439 8 2453 9 2551 1 2641 11 2657 7 2670 8 2696 8 2710 9 2806 3 2882 3 2897 10 2913 7 2926 8 2952 9 2966 9 3062 6 3137 5 3152 10 3169 8 3182 8 3208 10 3221 10 3319 6 3392 6 3408 10 3425 9 3438 8 3464 12 3477 9 3575 2 3647 7 3664 10 3681 10 3694 8 3720 21 3898 3 3903 7 3921 9 3938 10 3950 7 3975 21 4002 4 4153 4 4159 7 4179 8 4195 17 4231 20 4258 5 4408 5 4415 7 4436 9 4453 15 4487 19 4512 8 4663 6 4671 7 4692 11 4709 15 4742 18 4766 10 4849 1 4919 5 4927 6 4942 18 4966 14 4997 19 5021 11 5105 2 5175 5 5182 7 5198 8 5208 8 5222 14 5252 20 5277 11 5361 2 5432 4 5437 7 5453 9 5465 7 5478 14 5507 21 5533 11 5691 8 5709 9 5723 4 5735 14 5763 21 5789 11 5946 8 5965 12 5999 6 6019 21 6046 8 6202 7 6222 12 6256 5 6274 22 6302 7 6459 5 6480 12 6512 5 6529 23 6560 3 6715 5 6739 9 6767 6 6784 23 6972 3 6995 9 7020 9 7040 12 7054 8 7136 2 7251 9 7275 10 7296 5 7311 6 7392 2 7508 7 7531 9 7552 5 7569 3 7648 2 7766 3 7787 8 7808 5 8043 8 8064 4 8300 6 8321 4 8558 2 8577 5 8833 5 9089 5 9332 1 9345 5 9588 1 9601 5 9846 1 9857 5 10090 7 10114 3 10346 8 10592 1 10602 8 10846 3 10858 8 10977 5 11101 5 11115 5 11233 7 11344 3 11356 6 11492 5 11600 5 11612 6 11626 4 11748 5 11763 1 11856 5 11869 5 11881 5 12004 6 12018 2 12112 5 12125 4 12137 5 12260 5 12273 3 12368 5 12391 7 12516 4 12529 3 12624 5 12644 10 12772 4 12880 4 12890 3 12899 11 13028 4 13122 2 13137 2 13146 4 13156 10 13285 3 13378 2 13402 7 13412 10 13541 1 13658 8 13669 8 13914 8 13925 8 14154 1 14171 8 14182 7 14410 3 14427 8 14438 7 14667 3 14684 6 14697 4 14924 3 15180 5 15436 6 15693 8 15953 4 16217 5 16473 9 16728 11 16984 12 17240 13 17496 14 17752 14 18008 20 18259 2 18265 20 18514 4 18521 11 18533 10 18771 3 18778 6 18788 12 18931 1 19028 1 19044 7 19054 3 19187 2 19298 9 19311 2 19443 1 19552 11 19568 1 19807 12 20062 13 20082 1 20318 12 20337 2 20572 1 20575 11 20592 4 20826 5 20833 9 20848 5 21082 5 21093 4 21104 5 21181 4 21211 6 21338 6 21358 7 21436 6 21467 7 21594 9 21613 8 21692 6 21722 8 21844 1 21851 9 21870 4 21875 2 21947 8 21979 7 22099 2 22107 9 22126 3 22132 1 22180 4 22202 9 22236 4 22243 1 22364 8 22382 3 22435 5 22458 9 22491 6 22499 1 22622 6 22638 3 22691 6 22715 7 22747 6 22880 3 22893 4 22947 7 22971 6 23003 6 23141 13 23203 8 23229 3 23259 5 23392 18 23459 10 23516 4 23632 1 23648 19 23715 11 23772 4 23787 1 23904 17 23971 12 23984 1 24029 2 24160 16 24227 15 24419 13 24482 17 24676 11 24691 4 24738 17 24934 4 24947 4 24993 17 25073 3 25192 1 25204 3 25249 14 25326 6 25459 5 25506 14 25581 4 25586 2 25715 5 25762 14 25837 4 25962 1 25971 5 26018 14 26216 6 26229 3 26274 14 26471 9 26486 1 26531 13 26726 11 26788 13 26869 5 26984 9 27044 13 27241 8 27299 14 27498 7 27556 13 27755 5 27813 13 28011 5 28071 11 28268 4 28330 8 28524 4 28587 7 28780 5 28844 6 29036 5 29101 5 29292 5 29360 2 29548 5 29617 3 29804 5 29873 4 30060 5 30130 3 30316 5 30572 5 30828 5 31084 6 31323 2 31340 7 31579 4 31596 8 31834 5 31852 8 32091 4 32108 8 32347 4 32364 9 32604 2 32620 8 32876 6 33132 5 33392 1 33651 2 33905 5 34161 5 34416 6 34674 4 34931 3 36480 1 36735 2 36990 3 37995 1 38251 1 38506 3 38762 3 39019 3 39276 3 39532 2 39788 1 40044 1 42348 4 42605 1 42608 1 42861 4 43117 4 43374 3 43631 1 45692 1 45948 1 46203 3 46459 4 46714 5 46970 5 47225 7 47481 8 47738 8 47995 9 48253 8 48511 7 48530 3 48767 7 48786 3 49023 7 49042 3 49280 6 49536 6 49792 6 50049 4 50814 3 51060 1 51070 3 51309 6 51327 3 51564 9 51583 3 51820 10 51840 1 52076 10 52332 11 52589 11 52846 12 53103 12 53362 10 53621 7 53878 6 54673 4 54928 5 55184 5 55439 6 55694 6 55950 6 56205 8 56226 4 56462 8 56481 6 56719 7 56737 7 56974 9 56992 9 57229 11 57248 9 57483 17 57505 8 57546 3 57739 18 57761 8 57801 5 57996 4 58002 12 58017 8 58056 7 58254 1 58260 10 58274 6 58312 7 58516 12 58531 5 58568 7 58771 13 58788 3 58804 2 58824 7 59024 23 59061 1 59080 8 59280 24 59336 12 59536 26 59592 13 59609 1 59792 12 59806 13 59834 3 59849 18 59889 1 60049 10 60062 16 60090 4 60101 22 60132 3 60144 4 60306 8 60318 17 60345 5 60356 24 60386 8 60400 5 60562 7 60574 10 60585 7 60601 4 60612 24 60642 7 60656 5 60818 7 60830 10 60841 8 60857 2 60868 17 60886 6 60898 7 60912 5 61075 5 61086 20 61123 25 61154 8 61168 5 61332 3 61342 6 61350 12 61378 26 61411 9 61424 4 61600 1 61605 14 61624 2 61633 28 61662 15 61679 5 61861 14 61879 3 61888 21 61912 29 62117 16 62144 19 62169 29 62373 16 62400 19 62427 28 62463 1 62629 16 62656 10 62668 9 62683 29 62717 3 62883 19 62912 9 62924 13 62938 31 62972 4 63139 19 63168 7 63180 52 63395 19 63424 4 63437 51 63656 14 63680 4 63697 47 63919 7 63928 2 63936 4 63958 42 64175 7 64184 3 64192 4 64215 41 64431 3 64436 2 64439 5 64447 6 64472 31 64504 8 64695 16 64726 33 64760 8 64950 18 64982 42 65206 18 65236 44 65440 7 65463 17 65490 46
534313,0 56 78 3 171 15 208 3 256 56 335 2 427 16 463 5 512 56 683 16 719 5 768 57 910 3 939 16 975 5 1024 57 1165 5 1195 16 1231 4 1254 4 1280 57 1420 8 1451 15 1488 2 1500 15 1536 57 1675 9 1707 15 1755 17 1792 57 1930 11 1963 14 2010 18 2048 57 2186 12 2220 12 2266 19 2304 56 2442 12 2477 11 2522 19 2560 55 2698 13 2733 10 2778 19 2816 55 2954 13 2990 8 3034 20 3072 55 3211 12 3246 7 3266 4 3291 19 3329 54 3468 11 3503 4 3522 6 3551 16 3585 55 3725 11 3777 12 3807 16 3840 55 3982 10 4033 10 4064 16 4096 55 4238 19 4288 12 4321 15 4352 53 4493 21 4544 13 4584 7 4608 51 4749 22 4799 16 4841 5 4864 49 5005 23 5055 23 5081 3 5120 49 5261 24 5311 24 5336 5 5376 48 5517 24 5568 37 5632 48 5773 24 5824 37 5888 47 6029 23 6081 35 6144 33 6179 11 6285 22 6338 33 6400 7 6408 24 6436 10 6498 4 6541 5 6549 13 6594 31 6656 7 6666 22 6692 9 6752 11 6798 2 6807 11 6834 4 6850 24 6877 2 6912 7 6922 21 6948 10 7007 15 7063 10 7088 10 7107 21 7168 8 7177 22 7204 11 7226 4 7254 26 7290 1 7319 9 7344 12 7363 21 7424 31 7459 14 7480 7 7509 27 7544 5 7574 9 7600 12 7619 22 7680 30 7715 15 7735 9 7764 29 7800 6 7830 9 7855 14 7875 22 7937 29 7970 17 7991 10 8020 30 8056 7 8086 8 8111 13 8130 24 8193 29 8225 18 8246 11 8276 30 8312 8 8342 7 8367 12 8386 25 8450 14 8468 1 8472 7 8481 7 8493 5 8501 13 8532 31 8569 6 8598 6 8624 10 8642 26 8707 12 8730 5 8737 6 8756 15 8788 32 8826 4 8855 4 8881 8 8898 26 8963 12 8987 4 8996 1 9011 17 9044 32 9138 6 9155 26 9220 12 9243 4 9266 19 9300 32 9396 3 9412 24 9478 11 9522 20 9557 31 9670 21 9735 11 9778 20 9813 30 9933 11 9991 12 10034 21 10069 30 10191 5 10247 12 10291 21 10325 29 10503 12 10532 5 10550 18 10581 29 10759 11 10787 7 10809 16 10837 28 11015 11 11042 8 11066 16 11094 26 11271 11 11297 9 11323 21 11350 25 11527 10 11553 9 11579 25 11607 22 11784 9 11809 8 11834 27 11863 21 12041 8 12067 4 12089 29 12120 20 12298 6 12344 31 12377 19 12600 32 12633 19 12855 53 13110 54 13365 55 13621 41 13663 14 13877 40 13920 13 14132 40 14176 13 14388 40 14432 14 14644 40 14687 14 14901 4 14907 32 14943 14 15163 30 15200 13 15420 14 15437 10 15456 13 15655 5 15677 11 15693 10 15712 13 15906 12 15919 6 15934 7 15949 9 15968 13 16161 20 16206 7 16225 11 16416 22 16464 4 16482 10 16671 23 16744 3 16926 23 17180 25 17435 26 17690 27 17915 5 17946 27 18169 13 18202 27 18424 15 18458 26 18679 16 18715 25 18935 15 18961 6 18973 23 19191 14 19215 37 19448 11 19463 45 19704 10 19718 47 19961 8 19974 47 20217 7 20230 48 20474 6 20486 49 20715 3 20725 4 20742 50 20970 5 20980 6 20998 50 21225 8 21234 8 21253 52 21481 18 21508 53 21736 19 21763 54 21993 19 22018 55 22249 20 22274 54 22506 19 22529 35 22566 5 22574 9 22763 21 22785 35 22822 5 23020 20 23042 34 23078 5 23096 3 23279 17 23299 33 23333 6 23351 6 23501 4 23533 19 23557 30 23589 6 23606 9 23756 6 23789 19 23821 22 23845 5 23860 11 24012 6 24045 19 24079 20 24101 4 24115 13 24268 5 24301 19 24336 19 24371 12 24524 5 24557 19 24594 17 24627 11 24779 5 24815 6 24824 8 24852 16 24883 11 25031 9 25062 4 25073 1 25080 8 25109 15 25140 9 25220 4 25283 13 25309 4 25314 10 25336 8 25365 14 25397 7 25476 4 25538 13 25564 16 25592 8 25621 14 25653 7 25731 6 25792 14 25819 18 25848 8 25878 12 25910 6 25987 5 26048 14 26075 18 26105 7 26134 12 26167 4 26243 5 26303 15 26331 19 26362 6 26391 10 26500 4 26560 14 26586 20 26619 5 26650 5 26756 4 26816 15 26841 21 26879 1 26906 4 27073 13 27098 21 27161 4 27285 2 27332 5 27338 4 27354 25 27417 3 27611 26 27673 2 27868 27 28125 29 28381 30 28588 3 28638 29 28842 6 28894 29 29097 7 29150 28 29352 8 29407 2 29412 22 29608 7 29670 19 29864 4 29926 19 30183 17 30232 4 30440 16 30487 7 30697 15 30742 10 30955 10 30997 12 31213 4 31253 12 31508 14 31764 21 32020 23 32276 24 32532 25 32788 26 33044 26 33301 25 33556 26 33811 28 34066 29 34321 31 34575 33 34831 33 35086 34 35340 36 35594 38 35850 38 35985 4 36106 37 36240 8 36339 3 36362 37 36495 10 36526 1 36594 7 36618 36 36751 10 36779 6 36849 10 36875 34 37007 10 37034 7 37104 12 37132 32 37263 13 37278 2 37288 10 37358 15 37389 30 37519 18 37543 10 37612 18 37646 28 37776 18 37798 12 37868 19 37903 26 38032 19 38054 12 38124 20 38160 24 38270 10 38288 20 38310 13 38380 20 38418 21 38525 13 38544 20 38566 14 38636 20 38676 3 38684 10 38779 18 38800 20 38823 13 38892 20 39034 42 39080 12 39148 20 39289 43 39337 11 39403 21 39545 43 39593 11 39658 22 39801 44 39850 10 39913 16 39932 4 40056 46 40106 10 40169 14 40191 1 40312 46 40363 8 40424 14 40567 47 40620 7 40680 13 40823 46 40877 5 40936 12 41079 45 41193 11 41245 3 41334 45 41449 11 41500 6 41589 46 41704 12 41755 7 41844 47 41961 12 42011 8 42092 3 42100 47 42217 13 42267 9 42348 4 42355 49 42473 13 42524 7 42603 5 42611 49 42729 13 42780 7 42858 58 42984 14 43036 6 43114 58 43240 14 43293 4 43351 4 43371 57 43496 14 43604 8 43618 3 43631 21 43657 26 43752 13 43859 9 43872 6 43887 19 43914 25 44008 13 44024 6 44108 18 44127 7 44143 18 44170 25 44263 14 44278 10 44360 31 44399 18 44427 24 44519 14 44534 10 44616 32 44653 22 44684 23 44763 3 44775 14 44790 10 44871 35 44907 24 44940 23 44973 4 45019 4 45031 25 45127 61 45197 22 45227 7 45275 4 45290 9 45301 11 45383 61 45454 8 45464 11 45482 9 45531 4 45548 6 45557 11 45639 60 45711 7 45721 9 45735 13 45787 4 45804 5 45813 11 45889 3 45895 60 45968 4 45977 7 45990 15 46043 3 46061 3 46069 11 46143 68 46234 5 46245 18 46283 1 46326 10 46398 68 46492 2 46501 19 46539 1 46582 10 46638 1 46653 69 46749 3 46756 21 46795 2 46838 10 46892 11 46909 69 47005 29 47051 2 47094 10 47147 15 47164 9 47176 65 47261 32 47349 11 47403 26 47434 3 47440 58 47517 34 47604 12 47659 25 47697 57 47775 33 47859 13 47916 24 47954 56 48032 4 48040 24 48114 14 48172 25 48210 56 48297 30 48347 1 48370 14 48428 25 48466 56 48553 32 48601 4 48626 14 48683 26 48721 56 48809 35 48857 5 48883 13 48935 30 48977 56 49064 36 49113 6 49144 8 49189 32 49231 57 49320 37 49369 6 49400 8 49444 32 49486 58 49575 24 49600 13 49625 6 49657 7 49700 32 49741 59 49831 24 49858 11 49881 5 49913 7 49956 32 49996 60 50086 25 50114 13 50138 4 50169 7 50212 33 50250 62 50338 29 50370 18 50395 7 50425 7 50458 8 50467 35 50505 63 50593 30 50626 19 50652 6 50681 7 50712 111 50849 29 50880 21 50908 6 50937 7 50957 3 50968 102 51072 6 51104 29 51134 23 51164 6 51192 8 51213 4 51224 100 51360 53 51419 7 51447 9 51469 4 51479 101 51606 1 51616 53 51674 8 51703 9 51724 5 51734 101 51860 4 51872 53 51930 7 51959 9 51980 5 51990 100 52115 6 52128 53 52186 6 52214 13 52237 4 52245 94 52341 4 52371 6 52384 54 52442 6 52470 17 52494 2 52501 92 52627 6 52640 54 52699 5 52726 18 52756 89 52884 6 52897 54 52956 12 52983 18 53012 87 53142 5 53154 53 53212 14 53240 17 53268 86 53402 1 53411 52 53468 15 53496 16 53524 84 53667 52 53724 15 53751 16 53780 80 53923 52 53980 19 54006 10 54036 78 54179 52 54236 20 54262 10 54293 78 54435 53 54491 22 54514 14 54550 77 54692 52 54746 38 54806 78 54948 92 55062 79 55204 92 55313 85 55461 91 55567 87 55717 91 55810 4 55822 88 55973 86 56065 102 56229 36 56266 49 56320 103 56484 36 56527 44 56576 103 56739 37 56784 44 56832 103 56995 36 57042 5 57050 35 57089 102 57251 36 57307 34 57346 102 57507 36 57563 34 57603 101 57763 35 57819 34 57859 102 58019 37 58073 18 58092 16 58115 103 58276 36 58328 17 58354 9 58372 102 58492 3 58532 37 58584 17 58610 7 58628 102 58748 4 58789 36 58840 17 58867 4 58883 103 59004 4 59046 35 59086 6 59096 18 59138 104 59260 4 59302 35 59341 8 59352 20 59393 105 59558 34 59597 8 59608 22 59648 106 59814 31 59853 8 59864 23 59904 106 60070 31 60109 8 60121 12 60134 9 60160 106 60326 31 60365 8 60377 11 60392 7 60416 106 60582 30 60622 7 60634 9 60649 5 60672 106 60838 30 60878 6 60895 2 60906 3 60928 106 61094 30 61136 2 61184 107 61351 29 61440 108 61607 29 61696 76 61781 23 61864 28 61952 76 62037 23 62071 4 62119 29 62208 77 62293 22 62326 7 62375 18 62394 9 62464 77 62549 21 62581 9 62630 29 62720 76 62805 21 62836 10 62886 29 62976 77 63061 21 63090 13 63142 29 63232 77 63317 20 63346 13 63398 28 63488 77 63573 20 63602 14 63619 4 63654 18 63674 6 63744 77 63830 19 63857 23 63911 16 64000 77 64086 20 64113 23 64167 15 64256 70 64327 5 64342 21 64369 23 64423 14 64512 80 64598 21 64625 23 64677 16 64768 68 64838 14 64853 22 64881 23 64932 17 65019 2 65024 68 65094 14 65109 21 65136 26 65187 18 65273 5 65280 68 65350 36 65392 30 65443 17 65529 5
534649,0 31 36 1 256 30 291 3 512 29 547 3 768 30 806 1 1024 29 1061 6 1280 29 1316 7 1536 28 1571 8 1792 22 1815 3 1827 7 2048 23 2083 7 2304 23 2339 6 2560 23 2596 4 2816 23 3072 23 3328 23 3584 22 3840 23 4096 22 4352 22 4608 21 4864 21 5120 21 5148 2 5376 22 5632 23 5888 23 6144 23 6400 23 6656 23 6912 22 7168 22 7424 23 7456 1 7680 24 7712 1 7936 24 8192 23 8448 23 8704 22 8960 21 9216 18 9472 18 9728 18 9984 18 10240 17 10496 16 10752 11 11008 11 11264 11 11520 11 11776 10 12032 10 12288 9 12544 9 12800 9 13056 13 13312 13 13568 4 13574 7 13824 3 13831 6 14080 3 14088 4 14336 3 14345 2 14592 2 14848 1 61903 4 62159 4 62415 4 62673 1 63966 3 64221 6 64476 8 64733 7 64989 6
535798,0 25 66 8 80 18 139 12 173 8 249 4 256 24 322 8 337 12 395 11 429 8 505 5 512 24 578 10 594 10 651 10 685 9 760 7 768 23 834 13 850 9 907 9 941 12 1015 30 1090 14 1105 9 1163 7 1197 17 1270 26 1346 23 1420 4 1453 19 1519 1 1525 23 1601 22 1708 20 1737 3 1780 22 1857 22 1964 21 1991 7 2035 23 2113 22 2220 21 2246 11 2290 25 2369 22 2476 22 2501 15 2546 27 2625 22 2732 40 2802 28 2880 23 2988 41 3058 29 3136 23 3245 41 3305 4 3314 13 3328 15 3393 22 3501 41 3559 7 3569 29 3648 22 3741 4 3758 40 3814 9 3824 28 3904 20 3995 7 4014 40 4070 26 4097 10 4112 1 4160 19 4250 9 4271 38 4325 27 4356 8 4367 1 4416 18 4506 11 4529 36 4566 2 4581 27 4615 9 4672 17 4762 17 4786 32 4836 28 4873 8 4928 15 4951 3 4998 2 5018 20 5043 26 5092 28 5129 7 5184 14 5207 8 5252 4 5273 22 5300 25 5349 27 5385 6 5440 13 5463 11 5507 7 5529 25 5555 27 5605 27 5641 5 5696 12 5719 13 5746 4 5763 9 5779 1 5785 52 5861 27 5952 12 5974 16 6001 7 6018 21 6040 41 6083 10 6117 27 6208 12 6229 18 6250 14 6273 64 6346 1 6371 2 6374 26 6465 11 6482 38 6529 65 6627 29 6721 11 6734 42 6784 66 6882 30 6978 10 6989 13 7005 24 7036 69 7137 21 7163 4 7234 10 7245 13 7262 19 7290 71 7391 21 7439 6 7489 11 7501 13 7519 17 7545 72 7647 15 7694 8 7745 11 7757 13 7776 16 7801 72 7904 3 7908 8 7949 12 8002 24 8032 15 8057 4 8065 65 8167 3 8205 14 8258 25 8289 14 8314 2 8322 8 8332 54 8394 2 8461 16 8509 2 8515 25 8545 14 8580 6 8588 53 8648 6 8717 18 8763 5 8771 25 8801 14 8837 5 8845 52 8903 7 8973 18 9019 7 9027 26 9058 13 9078 6 9094 3 9101 9 9113 41 9157 9 9189 1 9229 18 9274 35 9321 5 9333 7 9350 2 9358 8 9369 53 9444 3 9484 19 9530 34 9578 3 9588 9 9606 4 9613 64 9700 4 9740 18 9786 34 9844 9 9862 5 9869 63 9946 4 9955 5 9995 18 10043 32 10090 4 10100 9 10117 70 10202 6 10210 7 10251 17 10299 21 10321 8 10345 5 10356 8 10372 70 10457 17 10507 16 10556 18 10600 6 10612 7 10627 70 10713 17 10762 15 10813 16 10842 1 10849 14 10869 4 10883 26 10911 41 10969 17 11018 15 11070 14 11104 15 11126 1 11139 23 11167 40 11225 16 11272 17 11326 13 11360 16 11395 22 11423 40 11481 12 11494 2 11527 19 11582 12 11615 22 11653 19 11678 39 11738 11 11782 21 11837 13 11870 24 11915 14 11931 40 11994 12 12037 24 12092 13 12126 24 12171 53 12251 11 12292 26 12347 13 12382 24 12428 50 12507 12 12547 28 12602 13 12638 24 12684 42 12729 2 12763 12 12803 30 12856 13 12888 1 12894 24 12941 6 12953 28 13019 12 13060 13 13075 16 13111 14 13143 31 13197 5 13209 27 13276 11 13316 13 13332 16 13367 15 13399 31 13454 1 13465 27 13533 10 13574 1 13579 5 13589 16 13624 15 13654 32 13721 27 13791 6 13837 2 13845 17 13882 13 13910 22 13933 9 13976 28 14101 18 14138 14 14166 21 14190 8 14232 28 14358 17 14394 16 14422 20 14446 8 14488 29 14615 16 14649 17 14679 19 14703 6 14744 28 14871 17 14904 18 14935 19 14960 4 15000 28 15130 14 15158 20 15192 18 15257 26 15390 10 15413 21 15449 17 15513 24 15648 8 15669 21 15706 16 15769 19 15906 5 15924 23 15963 16 16026 18 16163 3 16180 23 16218 16 16282 18 16436 23 16473 17 16538 19 16692 23 16728 8 16738 7 16794 19 16948 23 16983 8 16995 6 17050 19 17204 23 17238 9 17252 4 17306 19 17461 21 17486 3 17494 9 17510 1 17562 18 17717 20 17742 3 17749 10 17819 9 17831 4 17926 4 17972 19 17998 4 18005 10 18181 8 18227 19 18261 10 18388 3 18437 10 18482 18 18517 10 18642 6 18693 10 18737 19 18772 15 18898 8 18949 11 18993 19 19028 16 19153 10 19206 9 19249 18 19282 20 19409 12 19463 7 19478 2 19505 18 19538 21 19664 16 19720 3 19763 15 19793 23 19829 2 19920 17 20022 12 20048 26 20083 6 20176 18 20278 11 20304 27 20338 8 20425 3 20432 18 20535 9 20560 28 20593 10 20679 28 20791 8 20817 29 20849 11 20935 28 21047 7 21074 42 21190 29 21304 6 21330 10 21341 31 21446 29 21506 2 21525 4 21561 5 21588 7 21599 29 21701 31 21734 4 21761 6 21779 6 21817 5 21857 26 21957 38 22017 10 22033 10 22074 3 22116 21 22213 39 22273 26 22330 3 22371 19 22470 27 22500 9 22530 27 22586 2 22626 5 22633 13 22664 3 22726 26 22757 8 22784 30 22881 21 22920 3 22983 25 23012 11 23040 31 23137 21 23177 2 23239 26 23268 13 23296 32 23393 21 23495 28 23524 15 23552 33 23649 22 23752 44 23808 33 23906 5 23913 14 24008 46 24064 34 24164 1 24170 13 24264 46 24320 34 24426 12 24520 47 24576 33 24683 10 24727 4 24777 46 24832 33 24939 8 24981 7 25033 46 25088 33 25195 7 25215 12 25235 10 25289 46 25344 33 25451 6 25470 13 25491 12 25545 46 25600 33 25707 6 25725 14 25746 14 25764 1 25794 2 25800 47 25856 34 25963 5 25978 17 26002 22 26050 3 26056 47 26112 35 26220 2 26232 19 26258 22 26305 5 26312 54 26368 35 26487 19 26515 22 26560 6 26568 92 26743 19 26772 22 26816 6 26825 91 26999 19 27029 21 27072 6 27081 92 27256 17 27286 5 27294 13 27328 5 27338 91 27513 16 27540 6 27551 12 27585 3 27594 91 27769 15 27794 9 27807 12 27851 91 28026 14 28048 11 28063 12 28109 90 28242 1 28282 13 28303 13 28319 11 28366 89 28497 3 28538 12 28557 15 28576 10 28623 90 28736 5 28752 5 28794 10 28812 16 28832 9 28880 91 28991 8 29007 8 29024 1 29050 11 29067 17 29088 8 29137 93 29247 11 29261 14 29279 5 29306 12 29322 17 29345 7 29394 93 29502 37 29557 19 29577 19 29602 6 29651 92 29752 43 29798 5 29810 43 29859 4 29909 32 29944 55 30007 55 30064 46 30166 32 30200 56 30262 105 30423 31 30457 59 30517 106 30679 31 30713 99 30813 66 30935 32 30969 97 31069 66 31190 33 31226 96 31325 66 31445 33 31482 95 31582 46 31631 15 31701 33 31738 57 31798 34 31838 45 31889 13 31956 34 31994 57 32054 35 32094 46 32146 12 32213 33 32249 96 32350 46 32403 11 32470 32 32505 97 32605 47 32658 13 32726 53 32781 127 32913 16 32983 41 33025 140 33168 18 33240 40 33287 135 33423 20 33483 3 33496 40 33542 158 33710 3 33739 4 33753 39 33797 160 33964 9 33995 4 34010 38 34053 23 34081 132 34220 13 34252 2 34267 37 34309 23 34338 132 34476 14 34524 36 34565 23 34594 132 34732 14 34752 3 34780 36 34821 23 34850 132 34987 16 35007 6 35036 36 35077 23 35106 133 35242 17 35263 8 35292 36 35333 23 35362 153 35518 11 35548 36 35589 23 35618 153 35774 12 35804 36 35846 20 35875 152 36031 12 36060 36 36103 17 36131 153 36287 13 36316 24 36342 10 36359 16 36387 154 36544 13 36573 20 36601 7 36616 14 36643 127 36771 27 36800 14 36830 18 36858 6 36875 9 36898 92 36991 28 37029 26 37057 23 37087 17 37116 4 37134 3 37154 92 37247 29 37284 27 37313 24 37343 17 37373 3 37410 128 37540 27 37569 25 37599 18 37655 4 37666 157 37826 24 37854 20 37911 5 37922 157 38083 23 38110 20 38162 1 38166 9 38177 158 38339 22 38366 21 38416 176 38596 21 38622 22 38671 177 38852 21 38878 23 38926 179 39107 21 39136 22 39182 200 39393 21 39437 100 39545 90 39649 21 39690 1 39693 100 39802 89 39895 5 39906 21 39945 3 39949 100 40058 87 40149 9 40162 21 40202 1 40205 101 40314 64 40379 22 40404 11 40419 20 40453 2 40461 102 40570 63 40635 21 40659 16 40678 3 40685 11 40708 5 40715 108 40826 82 40914 17 40944 10 40963 50 41015 65 41083 41 41127 37 41170 18 41202 11 41219 50 41272 12 41285 45 41339 39 41384 36 41426 18 41458 12 41475 50 41530 42 41576 8 41595 38 41641 35 41682 19 41714 12 41731 49 41788 9 41799 28 41851 38 41897 35 41939 18 41970 13 41987 49 42046 6 42058 1 42061 21 42107 38 42154 33 42196 17 42224 15 42244 42 42287 4 42304 3 42317 21 42364 36 42410 32 42453 16 42477 17 42501 40 42573 20 42620 33 42662 2 42666 29 42709 17 42731 19 42757 40 42829 19 42876 28 42918 31 42966 16 42986 19 43014 37 43085 18 43131 28 43174 27 43222 17 43240 19 43269 37 43340 19 43387 28 43430 26 43478 37 43525 37 43570 4 43596 20 43643 28 43685 27 43734 38 43780 39 43825 6 43851 21 43890 6 43899 28 43941 26 43989 40 44036 51 44090 6 44107 24 44145 38 44197 28 44245 42 44292 63 44363 25 44400 38 44453 29 44501 43 44548 49 44599 13 44618 27 44656 37 44709 30 44757 43 44804 50 44855 14 44874 28 44912 36 44966 29 45013 43 45060 66 45129 29 45168 34 45222 29 45270 42 45316 97 45425 27 45454 3 45478 29 45526 42 45572 37 45612 54 45681 26 45710 2 45734 28 45782 42 45828 36 45869 52 45938 25 45966 2 45991 27 46037 43 46084 35 46124 51 46196 28 46248 26 46292 44 46341 34 46379 50 46453 27 46504 26 46547 45 46598 33 46634 48 46710 26 46761 25 46803 45 46855 81 46966 26 47017 24 47059 45 47112 80 47195 5 47222 25 47274 20 47315 45 47369 79 47449 13 47479 17 47499 3 47530 17 47571 45 47626 94 47735 16 47786 17 47828 44 47883 94 47991 15 48042 16 48084 44 48141 93 48247 15 48297 17 48340 44 48399 21 48422 69 48503 14 48553 17 48596 44 48656 20 48679 70 48760 13 48808 19 48853 43 48912 95 49016 12 49064 19 49109 43 49167 98 49273 11 49319 20 49365 43 49422 100 49529 11 49576 18 49622 42 49677 101 49786 10 49833 17 49879 41 49933 101 50044 7 50092 13 50136 40 50189 101 50302 4 50351 9 50393 39 50445 100 50608 7 50650 38 50703 99 50866 3 50907 35 50962 97 51164 33 51215 100 51421 31 51455 1 51463 3 51471 101 51677 31 51710 2 51717 8 51727 53 51781 48 51895 1 51934 29 51966 2 51972 9 51983 50 52038 48 52149 9 52191 28 52221 3 52227 9 52239 49 52294 50 52405 9 52448 25 52477 3 52482 9 52495 46 52551 51 52662 8 52706 8 52717 8 52732 4 52738 8 52750 48 52807 52 52922 4 52962 8 52973 7 52988 4 52993 9 53006 48 53058 58 53218 8 53229 6 53244 4 53249 10 53262 34 53297 14 53314 57 53407 3 53475 6 53485 5 53501 3 53505 11 53518 33 53553 14 53569 58 53654 3 53662 5 53731 6 53741 5 53757 3 53761 45 53809 15 53825 58 53909 5 53918 5 53988 4 53997 4 54013 3 54018 44 54065 73 54164 7 54174 5 54245 2 54255 1 54268 4 54275 42 54321 73 54419 18 54512 16 54531 41 54578 72 54675 19 54768 16 54788 40 54834 72 54930 20 55023 17 55045 39 55090 72 55176 3 55186 21 55278 18 55303 36 55346 71 55432 4 55443 20 55532 20 55560 35 55602 71 55687 6 55700 19 55784 24 55816 34 55857 71 55943 6 55957 18 56039 25 56072 34 56113 70 56199 6 56214 16 56295 25 56328 34 56369 70 56455 6 56468 16 56551 25 56584 34 56624 70 56711 5 56723 14 56807 25 56840 33 56880 70 56967 5 56978 15 57064 24 57097 32 57136 70 57222 6 57234 16 57256 2 57321 23 57353 32 57392 70 57478 6 57489 18 57510 6 57578 22 57610 32 57648 70 57734 7 57744 30 57836 20 57862 36 57904 70 57991 4 58000 30 58092 20 58118 36 58160 70 58232 1 58255 32 58349 19 58374 36 58416 76 58511 32 58605 19 58629 37 58672 77 58767 32 58861 10 58874 6 58886 7 58896 25 58928 78 59023 32 59117 10 59130 6 59142 7 59153 24 59191 72 59279 33 59372 11 59386 6 59398 7 59411 21 59448 73 59535 33 59627 11 59642 6 59655 6 59670 18 59707 70 59790 35 59883 11 59898 6 59911 6 59931 12 59948 3 59973 60 60044 38 60138 11 60153 7 60168 5 60189 8 60203 4 60230 59 60299 39 60394 11 60408 8 60425 3 60445 7 60459 3 60487 59 60555 40 60650 5 60656 16 60702 5 60714 4 60750 52 60811 40 60907 3 60913 15 60958 4 60971 2 61008 50 61067 41 61170 14 61264 50 61323 42 61426 14 61521 52 61579 46 61681 14 61778 53 61835 47 61901 1 61935 15 62035 104 62156 3 62191 15 62292 103 62412 4 62446 11 62549 102 62667 5 62702 10 62806 101 62923 5 62957 10 63063 100 63179 6 63212 14 63320 98 63434 7 63468 15 63496 2 63575 4 63582 91 63689 8 63723 17 63746 10 63797 6 63831 4 63840 5 63848 79 63944 9 63979 17 64000 13 64052 3 64087 4 64103 76 64200 9 64235 17 64256 13 64308 3 64343 5 64358 66 64457 9 64491 18 64512 15 64564 2 64598 6 64613 65 64694 2 64714 8 64747 18 64768 16 64820 1 64854 6 64869 25 64895 32 64942 2 64945 10 64971 7 65003 18 65024 16 65052 2 65110 7 65125 23 65153 29 65193 19 65230 4 65259 18 65280 17 65307 4 65365 8 65381 21 65410 26 65448 21 65515 18
544420,0 65536
548413,0 65536
562305,9034 1 9289 2 9544 4 9800 4 10057 3 10313 4 10568 5 10824 6 10881 2 11080 7 11138 2 11336 7 11394 2 11593 7 11650 1 11849 8 11903 1 12104 9 12160 1 12360 10 12416 1 12616 10 12872 10 13129 9 13186 1 13386 7 13442 2 13645 4 13698 2 13953 2 14210 1 40782 1 41038 1 43519 1 43773 3 44027 5 44282 6 44537 7 44791 9 45047 9 45303 8 45559 8 45815 8 46070 10 46326 10 46581 11 46837 11 47093 11 47350 10 47606 10 47863 8 48121 5 48378 2
563581,0 98 100 253 356 253 612 254 867 463 1335 250 1591 250 1847 249 2103 249 2357 382 2743 253 3000 6 3009 243 3265 17 3288 7 3298 122 3431 78 3519 17 3540 10 3556 120 3688 77 3774 18 3795 13 3812 120 3944 77 4029 20 4050 15 4069 120 4202 1 4207 70 4284 38 4326 119 4465 68 4539 40 4582 120 4721 68 4794 42 4839 119 4976 69 5048 45 5096 118 5231 120 5354 99 5460 10 5483 126 5612 95 5722 3 5737 128 5868 97 5991 132 6125 98 6247 132 6382 99 6503 132 6638 100 6759 132 6895 99 7016 131 7151 17 7169 82 7272 131 7407 17 7426 81 7529 131 7664 16 7684 80 7785 133 7920 16 7941 86 8041 134 8176 16 8198 87 8296 153 8455 86 8550 139 8692 14 8712 85 8806 139 8948 14 8969 84 9062 140 9204 14 9225 85 9317 142 9460 15 9480 86 9571 160 9735 252 9989 421 10412 253 10668 253 10924 253 11180 253 11436 254 11692 254 11949 2819 14769 253 15026 253 15282 253 15538 3180 18722 251 18979 251 19234 252 19490 252 19745 254 20001 41 20044 211 20257 254 20513 98 20613 154 20771 95 20869 153 21028 93 21126 54 21191 90 21285 92 21382 58 21448 90 21541 150 21692 6 21704 91 21797 159 21957 94 22053 255 22309 255 22565 101 22667 104 22774 253 23030 253 23287 252 23543 252 23799 91 23891 156 24055 89 24148 154 24310 2 24314 87 24403 153 24571 89 24663 120 24785 9 24800 10 24832 166 25000 49 25054 8 25088 18 25107 16 25124 52 25178 75 25257 47 25310 7 25344 17 25363 16 25380 52 25433 76 25513 59 25599 17 25620 14 25637 127 25769 59 25852 18 25876 15 25892 128 26025 60 26106 16 26133 134 26281 60 26351 5 26360 17 26388 66 26459 57 26537 62 26600 32 26643 64 26716 55 26794 92 26899 63 26973 53 27050 91 27155 63 27229 52 27307 89 27411 63 27486 51 27563 88 27667 63 27744 47 27820 85 27923 63 27999 47 28076 84 28178 63 28254 47 28332 85 28434 63 28510 48 28587 87 28689 63 28766 54 28843 87 28945 63 29023 53 29098 88 29199 67 29280 53 29354 88 29454 69 29536 53 29609 89 29709 70 29793 53 29860 94 29964 71 30049 53 30116 94 30220 71 30306 52 30374 92 30475 72 30563 52 30630 92 30731 44 30777 26 30820 51 30886 92 30987 73 31077 50 31142 93 31243 73 31333 50 31398 94 31499 78 31591 48 31654 101 31759 75 31848 47 31910 101 32015 76 32104 47 32166 101 32271 77 32361 46 32422 20 32443 80 32528 76 32618 46 32678 101 32784 76 32875 45 32934 102 33040 77 33127 49 33191 72 33264 28 33297 78 33382 50 33448 42 33492 25 33520 28 33553 79 33637 51 33706 38 33749 55 33809 80 33892 53 33963 35 34006 55 34065 81 34147 9 34158 43 34222 14 34238 16 34263 149 34416 41 34479 11 34496 13 34520 149 34673 41 34735 9 34755 9 34778 148 34931 39 34991 9 35012 6 35038 47 35087 97 35187 39 35246 10 35295 46 35344 96 35444 38 35497 15 35552 44 35601 97 35699 39 35752 16 35808 43 35859 125 35986 8 36007 17 36064 44 36116 122 36246 3 36263 17 36320 45 36372 119 36505 4 36520 16 36576 46 36628 119 36776 16 36832 47 36884 119 37032 17 37088 29 37119 16 37140 120 37288 18 37344 28 37376 15 37396 123 37522 4 37545 18 37601 27 37632 15 37652 131 37801 19 37857 27 37888 14 37908 132 38057 19 38113 30 38144 14 38163 69 38233 64 38311 21 38369 47 38417 68 38491 64 38564 25 38625 116 38748 64 38818 27 38881 116 39004 66 39071 30 39137 26 39164 90 39258 99 39392 26 39424 188 39648 25 39680 189 39903 26 39936 194 40159 26 40192 13 40207 180 40416 24 40448 196 40672 6 40680 16 40704 196 40929 3 40937 14 40960 197 41194 9 41216 197 41452 2 41472 198 41728 198 41941 2 41984 197 42195 6 42240 197 42450 8 42473 2 42496 25 42523 169 42705 28 42752 4 42757 20 42779 168 42961 29 43008 195 43216 32 43254 4 43264 196 43472 33 43509 5 43520 197 43727 43 43776 199 43982 44 44032 250 44288 100 44390 148 44547 97 44647 146 44804 68 44875 24 44904 38 44947 102 45061 67 45131 24 45160 36 45204 11 45218 87 45317 69 45387 24 45417 34 45461 9 45475 86 45568 1 45573 93 45674 32 45718 7 45732 84 45824 88 45913 8 45930 23 45956 5 45975 5 45988 84 46080 88 46170 7 46186 23 46214 2 46244 85 46336 50 46388 35 46427 6 46442 23 46501 84 46592 50 46645 34 46699 22 46758 84 46848 8 46857 41 46901 33 46954 24 47020 79 47104 8 47115 39 47158 28 47187 2 47210 24 47277 77 47360 8 47372 40 47413 27 47444 1 47465 25 47529 3 47534 76 47616 9 47629 66 47721 25 47784 5 47791 75 47872 9 47885 65 47977 26 48040 5 48048 74 48128 76 48234 25 48288 14 48304 74 48384 74 48491 25 48542 92 48640 74 48719 10 48751 21 48798 92 48896 73 48973 14 49008 20 49053 92 49152 73 49229 15 49264 20 49309 92 49408 72 49485 15 49516 1 49520 20 49565 62 49630 7 49644 13 49661 75 49741 16 49771 23 49821 26 49850 34 49888 4 49901 10 49917 75 49997 16 50027 23 50077 25 50107 34 50160 5 50173 74 50254 15 50283 26 50329 28 50368 29 50401 1 50429 73 50517 7 50534 32 50583 30 50626 27 50656 2 50685 72 50789 35 50837 32 50883 25 50911 4 50941 71 51045 38 51093 32 51139 22 51167 5 51197 72 51301 40 51348 35 51395 21 51423 7 51454 71 51557 42 51604 36 51651 21 51680 7 51689 5 51710 72 51799 6 51814 41 51860 37 51907 18 51936 19 51966 64 52033 5 52054 10 52070 42 52117 37 52163 18 52192 21 52221 45 52269 13 52289 4 52308 12 52327 41 52373 38 52421 18 52448 24 52476 46 52526 10 52545 4 52563 14 52584 40 52629 39 52679 20 52704 25 52732 46 52783 7 52818 15 52841 39 52886 39 52940 15 52959 75 53040 4 53074 15 53098 38 53142 40 53197 15 53214 78 53295 4 53330 15 53354 41 53398 41 53452 102 53586 15 53612 2 53619 76 53708 102 53842 15 53875 77 53965 101 54098 14 54131 77 54221 101 54354 14 54379 5 54387 77 54480 98 54609 15 54627 94 54737 98 54863 114 54993 98 55118 115 55248 59 55313 34 55373 116 55504 57 55570 33 55629 116 55749 5 55760 56 55826 33 55885 116 56004 7 56016 55 56082 33 56141 116 56258 9 56273 55 56339 2 56345 26 56397 126 56529 56 56608 19 56653 126 56785 57 56851 4 56866 17 56898 6 56910 28 56939 75 57015 20 57042 57 57106 6 57123 16 57143 18 57166 27 57195 74 57272 20 57299 56 57359 11 57380 14 57398 20 57422 27 57452 63 57518 5 57528 20 57557 70 57637 12 57654 20 57677 28 57708 63 57784 20 57814 69 57895 9 57911 51 57964 62 58036 3 58042 18 58072 66 58154 4 58167 114 58292 3 58300 17 58328 66 58418 1 58425 111 58557 16 58584 65 58673 3 58682 110 58814 15 58841 5 58848 65 58929 3 58938 9 58953 41 58996 52 59070 14 59106 64 59186 1 59195 7 59209 39 59254 49 59327 12 59362 73 59465 39 59510 49 59584 6 59619 72 59722 38 59766 48 59840 5 59876 72 59978 38 60022 46 60095 5 60133 73 60234 38 60278 44 60351 5 60390 73 60490 40 60534 44 60608 3 60647 73 60746 41 60791 41 60836 1 60903 73 61002 42 61046 42 61158 75 61252 1 61256 91 61413 77 61503 100 61669 78 61751 107 61924 191 62180 192 62437 193 62693 147 62843 19 62864 25 62949 147 63101 12 63122 24 63151 4 63206 146 63360 7 63379 34 63462 146 63635 35 63717 42 63760 104 63891 36 63973 39 64018 102 64148 34 64218 4 64228 35 64274 102 64405 33 64444 3 64473 9 64484 36 64531 22 64555 76 64661 33 64697 7 64729 9 64740 37 64788 21 64812 74 64917 31 64952 8 64985 9 64997 36 65045 21 65069 72 65172 31 65207 9 65241 8 65254 36 65301 21 65325 71 65428 30 65462 9 65497 7 65511 25
563999,0 10 127 30 206 31 244 22 281 4 383 30 414 7 463 30 500 23 537 6 601 2 639 39 720 29 757 23 788 11 855 8 895 40 976 30 1015 22 1043 13 1110 11 1149 43 1232 30 1272 21 1298 14 1366 11 1386 10 1402 46 1488 30 1521 5 1531 17 1554 14 1621 13 1640 14 1656 48 1745 29 1776 7 1789 14 1809 15 1876 14 1896 63 2002 37 2047 13 2065 14 2132 14 2151 64 2259 36 2304 13 2321 14 2387 16 2408 62 2515 33 2560 25 2642 18 2663 62 2761 2 2771 31 2817 24 2898 77 3015 6 3028 30 3075 22 3153 64 3220 11 3269 9 3284 30 3330 23 3409 62 3476 13 3524 11 3540 31 3585 24 3665 62 3732 14 3780 13 3795 33 3840 25 3887 2 3921 62 3988 15 4035 49 4096 25 4141 5 4177 62 4243 17 4291 49 4352 25 4395 9 4432 64 4499 18 4544 52 4608 25 4648 13 4688 64 4754 19 4799 53 4864 24 4900 18 4944 87 5054 55 5120 24 5154 20 5200 93 5299 3 5309 56 5376 23 5403 4 5408 22 5456 94 5554 68 5625 1 5632 22 5658 28 5712 167 5888 21 5913 28 5969 166 6144 21 6170 27 6225 165 6400 21 6426 25 6481 165 6656 21 6687 19 6737 164 6912 21 6943 19 6994 163 7168 21 7199 19 7250 89 7342 71 7424 23 7454 21 7506 89 7598 72 7680 24 7708 23 7762 89 7855 71 7936 25 7963 25 8020 86 8112 70 8192 53 8277 85 8368 70 8448 53 8534 84 8622 72 8704 53 8771 2 8793 158 8960 54 9027 3 9049 158 9216 54 9282 5 9305 159 9472 54 9538 6 9561 159 9728 54 9794 6 9817 159 9984 54 10050 13 10072 160 10240 54 10308 12 10328 159 10496 54 10566 9 10585 158 10752 54 10823 8 10841 157 11008 53 11079 8 11097 157 11264 53 11334 9 11354 155 11520 52 11588 12 11602 5 11611 154 11776 52 11844 20 11867 153 12032 51 12100 21 12124 152 12288 51 12356 21 12380 152 12544 52 12612 21 12637 150 12800 52 12869 21 12894 149 13056 52 13126 21 13150 148 13312 53 13384 1 13389 14 13406 147 13568 53 13645 152 13800 4 13824 53 13886 3 13901 150 14080 56 14141 8 14158 4 14163 145 14336 60 14397 9 14420 1 14423 141 14592 70 14681 2 14688 131 14848 75 14944 131 15104 76 15201 129 15360 29 15391 45 15457 128 15616 26 15647 46 15707 129 15872 24 15902 48 15962 127 16128 24 16157 50 16217 127 16384 25 16412 51 16470 2 16473 126 16640 80 16726 130 16896 81 16982 130 17152 74 17227 9 17237 131 17408 74 17484 141 17664 72 17741 140 17920 71 17997 140 18176 70 18254 140 18427 3 18432 25 18459 42 18510 140 18682 32 18716 42 18766 140 18938 32 18973 44 19023 140 19194 32 19230 46 19279 140 19450 33 19486 48 19535 141 19706 33 19742 190 19964 32 19998 190 20221 1 20224 220 20480 219 20736 219 20992 219 21248 218 21504 218 21760 217 22005 5 22016 217 22259 10 22270 218 22515 229 22770 229 23026 229 23282 229 23538 229 23794 229 24050 229 24306 229 24562 229 24818 234 25073 236 25329 237 25584 240 25840 241 26096 243 26350 245 26605 246 26860 247 27116 232 27352 10 27372 136 27509 95 27610 6 27629 134 27765 95 27889 227 28146 187 28345 27 28402 186 28602 27 28659 185 28858 29 28915 186 29114 29 29171 186 29361 4 29369 30 29427 187 29616 39 29683 187 29872 39 29940 186 30128 39 30174 5 30196 185 30384 41 30426 11 30453 183 30641 52 30710 137 30851 41 30897 52 30967 136 31108 3 31115 34 31154 52 31224 135 31375 32 31410 53 31481 133 31631 33 31666 54 31739 115 31856 13 31888 33 31923 53 31998 112 32115 9 32134 3 32144 33 32180 52 32256 111 32373 7 32389 5 32400 33 32437 52 32512 110 32629 5 32645 6 32655 33 32693 52 32768 110 32886 2 32901 36 32948 53 33024 109 33157 36 33204 54 33280 109 33413 14 33430 18 33459 57 33536 108 33669 12 33688 16 33715 15 33734 38 33792 107 33929 7 33945 15 33971 14 33990 39 34048 106 34187 3 34202 13 34227 13 34246 39 34304 105 34460 8 34485 11 34503 38 34560 104 34719 2 34743 9 34758 39 34816 102 34999 8 35014 40 35072 102 35256 6 35270 41 35328 101 35527 46 35584 101 35783 51 35840 101 36039 54 36096 102 36296 144 36441 14 36552 144 36697 15 36808 144 36954 16 37064 162 37262 5 37271 4 37320 161 37518 17 37576 159 37773 20 37833 156 38029 22 38089 156 38286 22 38345 155 38542 22 38602 155 38798 22 38826 1 38841 5 38858 156 39052 24 39080 4 39094 9 39114 156 39308 33 39349 11 39370 157 39542 3 39563 34 39604 12 39625 158 39796 8 39819 35 39859 14 39879 160 40052 9 40074 36 40114 15 40135 160 40307 11 40328 58 40391 160 40561 14 40583 59 40647 161 40816 18 40839 59 40903 161 41071 82 41160 161 41325 84 41416 249 41671 250 41927 249 42183 249 42439 1 42444 41 42486 201 42700 39 42743 200 42956 37 43000 199 43213 36 43259 3 43264 190 43469 34 43520 190 43725 33 43776 189 43981 32 44032 189 44237 32 44288 189 44494 31 44544 189 44750 30 44800 189 45005 31 45047 5 45056 190 45248 2 45261 30 45300 10 45312 195 45516 30 45554 13 45568 195 45771 31 45809 210 46027 32 46063 213 46283 249 46538 250 46794 250 47050 249 47306 249 47562 249 47819 247 48075 247 48332 246 48588 245 48843 246 49097 248 49352 249 49607 251 49863 97 49962 152 50118 97 50219 151 50372 98 50475 252 50729 599 51329 254 51587 252 51843 252 52101 3 52107 243 52364 9 52375 226 52620 6 52632 225 52876 7 52888 225 53132 7 53143 229 53388 7 53399 230 53643 7 53655 230 53900 6 53910 94 54008 134 54156 4 54166 93 54265 133 54422 92 54520 135 54678 92 54776 135 54934 92 55033 134 55190 93 55289 134 55445 95 55546 133 55701 96 55802 132 55958 96 56058 132 56214 99 56314 132 56471 231 56728 9 56741 91 56833 125 56985 6 56999 89 57090 124 57243 2 57256 10 57269 200 57513 9 57525 199 57746 3 57769 9 57781 199 58001 6 58025 210 58250 14 58267 4 58281 210 58505 23 58537 210 58760 25 58793 211 59016 25 59050 210 59271 26 59306 213 59522 31 59565 244 59822 243 60078 243 60334 243 60589 244 60845 243 61101 243 61358 242 61615 241 61872 240 62128 240 62384 240 62639 146 62790 90 62895 146 63046 89 63150 147 63302 88 63406 148 63558 87 63661 150 63813 88 63917 240 64173 62 64236 176 64429 60 64493 176 64685 60 64748 177 64941 59 65003 179 65197 58 65259 179 65454 53 65515 21
565798,171 6 428 4 936 3 1192 3 1449 2 1868 2 2123 6 2291 1 2304 2 2378 8 2402 3 2547 2 2560 3 2634 8 2657 6 2803 2 2816 5 2891 6 2913 6 2985 6 3058 3 3072 7 3082 7 3148 5 3169 7 3240 7 3314 2 3328 18 3364 5 3410 4 3426 5 3496 7 3570 2 3584 18 3617 9 3665 6 3684 2 3723 2 3752 7 3840 19 3869 14 3921 8 3980 1 4009 5 4096 19 4124 15 4176 10 4267 3 4352 19 4380 15 4432 11 4523 5 4608 19 4637 13 4688 11 4779 6 4864 19 4894 11 4945 9 5035 6 5120 19 5155 4 5202 2 5207 2 5292 6 5376 19 5548 6 5632 19 5797 2 5805 6 5888 18 6063 5 6144 17 6321 3 6408 6 12844 2 17426 1 22317 5 22571 9 22828 9 23084 10 23340 10 23596 11 23665 2 23852 12 23921 3 24109 11 24177 3 24181 6 24365 12 24433 11 24445 4 24621 12 24652 2 24680 1 24690 16 24877 12 24908 1 24935 4 24946 16 24964 1 25133 12 25191 6 25202 20 25390 11 25447 8 25460 18 25646 11 25678 2 25686 1 25702 9 25717 17 25903 11 25934 3 25958 10 25974 16 26159 11 26190 7 26208 1 26214 10 26231 15 26416 12 26445 8 26470 10 26488 12 26672 12 26699 11 26725 11 26744 10 26928 16 26953 13 26981 11 27000 5 27185 17 27207 15 27237 11 27256 3 27442 19 27463 15 27494 10 27512 2 27698 20 27719 16 27750 9 27768 2 27953 38 28007 8 28024 2 28192 2 28208 6 28215 13 28229 19 28264 6 28279 3 28463 41 28520 6 28536 2 28710 1 28719 5 28725 40 28768 1 28776 7 28975 3 28979 42 29033 3 29230 1 29235 39 29289 3 29486 1 29491 40 29546 1 29732 1 29741 2 29746 41 29806 1 29811 2 29987 2 30002 41 30062 2 30067 2 30240 5 30258 41 30318 1 30496 4 30514 42 30762 1 30770 43 30822 2 31006 3 31017 2 31024 45 31078 4 31262 3 31270 5 31279 46 31334 5 31342 1 31526 5 31533 35 31569 12 31590 6 31781 43 31826 4 31831 7 31847 6 32039 41 32084 1 32087 7 32104 5 32296 40 32345 5 32366 1 32553 40 32598 8 32621 2 32808 41 32852 10 32876 3 32901 4 33064 42 33107 12 33132 3 33320 56 33388 3 33576 57 33831 59 34086 61 34335 47 34383 20 34591 37 34630 9 34642 17 34846 37 34887 9 34899 15 35101 38 35144 8 35156 14 35356 40 35401 7 35412 14 35454 2 35612 40 35659 4 35670 6 35678 4 35710 1 35868 13 35884 12 35900 9 35916 3 35935 4 36125 10 36141 11 36156 9 36192 3 36382 4 36397 10 36411 6 36449 3 36638 1 36653 7 36661 3 36665 8 36909 20 37166 4 37177 8 37410 3 37422 1 37434 1 37438 1 37448 2 37649 6 37665 5 37703 2 37905 7 37920 7 37956 5 38160 9 38176 7 38215 2 38416 11 38432 8 38512 1 38672 12 38687 8 38728 1 38928 13 38943 7 38984 4 39184 17 39204 1 39240 4 39441 16 39521 4 39697 14 39777 4 39954 13 40210 8 40465 8 40722 3 45115 5 45129 3 45370 6 45384 5 45402 1 45626 7 45640 5 45658 3 45873 4 45882 7 45896 6 45914 4 46124 9 46137 7 46152 7 46170 5 46380 9 46393 7 46408 8 46425 7 46635 10 46649 7 46663 6 46682 7 46889 13 46905 19 46938 7 47145 13 47161 23 47194 8 47204 2 47401 12 47417 23 47444 1 47451 11 47659 2 47663 6 47672 23 47701 2 47706 12 47912 1 47920 5 47928 23 47957 3 47961 12 48167 3 48176 5 48184 22 48212 17 48423 5 48433 3 48440 22 48467 18 48679 6 48690 2 48695 46 48934 7 48946 3 48951 46 49004 1 49191 4 49203 33 49237 16 49259 2 49447 2 49459 32 49493 15 49515 2 49716 30 49747 17 49950 1 49972 48 50204 4 50228 48 50282 1 50459 5 50487 45 50538 2 50715 4 50733 4 50743 41 50785 3 50794 1 50971 4 50985 9 50999 41 51041 3 51050 1 51228 4 51241 9 51255 41 51302 1 51484 4 51492 15 51509 44 51557 2 51741 2 51745 67 51813 3 51896 2 52001 10 52013 17 52035 33 52069 3 52078 1 52082 1 52152 4 52257 10 52269 3 52275 9 52294 30 52325 2 52334 2 52337 2 52408 4 52481 4 52513 10 52525 2 52531 6 52551 29 52581 2 52590 5 52664 4 52736 5 52769 15 52786 6 52807 32 52850 1 52919 6 52992 6 53025 15 53041 3 53063 32 53174 7 53248 6 53281 8 53292 7 53316 35 53454 2 53504 7 53537 8 53549 5 53572 8 53581 9 53591 18 53671 2 53709 3 53760 8 53793 6 53805 5 53827 9 53838 6 53846 1 53849 15 53920 12 53936 7 53963 3 54016 9 54049 3 54062 1 54073 2 54083 8 54095 5 54102 1 54106 14 54175 13 54191 10 54208 7 54219 2 54272 10 54306 1 54327 4 54339 7 54351 7 54360 2 54363 14 54431 27 54463 9 54528 11 54583 3 54595 6 54606 8 54615 3 54621 12 54687 27 54717 11 54784 11 54824 1 54837 5 54852 5 54862 11 54876 13 54941 41 55040 12 55080 3 55093 5 55109 3 55117 12 55132 13 55148 1 55197 41 55296 12 55336 3 55348 7 55364 22 55390 12 55403 2 55454 41 55552 13 55594 1 55596 3 55603 9 55618 25 55646 15 55711 41 55808 14 55852 3 55859 10 55874 26 55903 14 55968 40 56064 14 56108 4 56115 2 56121 5 56129 29 56159 13 56224 37 56320 15 56365 2 56383 31 56415 13 56481 35 56576 15 56621 2 56639 45 56737 33 56832 15 56896 40 56994 32 57088 14 57154 37 57252 30 57344 14 57410 37 57508 30 57600 14 57667 34 57718 1 57765 29 57856 13 57923 36 57974 2 58021 28 58112 12 58179 5 58185 30 58229 3 58277 5 58289 15 58368 12 58435 10 58450 1 58454 17 58484 4 58534 3 58546 11 58558 2 58575 1 58624 13 58646 7 58691 9 58710 17 58738 4 58744 1 58790 3 58802 10 58814 2 58831 1 58880 14 58901 9 58939 5 58945 12 58968 15 58994 4 59046 3 59059 8 59087 1 59136 14 59154 12 59194 20 59225 14 59249 5 59303 2 59315 8 59342 2 59392 15 59410 13 59451 5 59458 1 59469 2 59482 13 59506 4 59572 6 59648 15 59665 14 59708 3 59725 3 59740 12 59763 2 59829 5 59904 16 59921 8 59965 2 59982 1 59993 3 59997 11 60085 4 60108 1 60160 21 60221 3 60241 3 60249 3 60253 11 60334 1 60342 2 60364 1 60416 15 60433 2 60478 1 60499 9 60509 10 60672 14 60750 2 60756 8 60765 8 60928 11 61006 3 61013 6 61184 10 61262 3 61271 3 61440 10 61528 2 61696 10 61788 3 61952 11 62042 5 62208 11 62298 5 62464 11 62557 3 62720 12 62814 4 62976 12 63072 5 63232 13 63328 7 63356 2 63461 2 63488 15 63586 5 63601 3 63611 3 63744 12 63757 2 63842 5 63856 5 63865 8 64000 12 64013 3 64098 6 64110 19 64256 12 64269 4 64352 8 64365 20 64512 17 64608 8 64620 23 64768 16 64865 7 64876 24 65024 17 65050 1 65053 5 65122 8 65131 25 65280 17 65304 12 65378 35
566885,152 87 246 10 409 86 503 9 665 57 723 28 761 7 921 54 979 28 1020 4 1169 3 1177 53 1235 29 1277 3 1410 2 1415 14 1432 54 1491 30 1534 2 1664 22 1689 54 1747 30 1917 25 1946 55 2002 34 2171 29 2204 100 2426 134 2682 134 2938 134 3194 134 3450 134 3707 133 3964 132 4208 5 4220 132 4462 146 4718 146 4974 146 5220 3 5232 144 5466 13 5490 142 5711 5 5721 14 5746 142 5965 8 5977 14 6001 143 6219 10 6233 15 6256 144 6473 12 6488 17 6509 147 6729 183 6982 186 7230 194 7483 25 7509 171 7737 25 7765 171 7991 201 8242 206 8498 206 8755 4 8766 194 9027 189 9284 188 9539 189 9795 189 10049 191 10303 193 10557 195 10812 196 11067 197 11323 197 11579 197 11835 197 12092 196 12336 4 12349 195 12585 2 12592 5 12604 196 12839 7 12847 7 12859 197 13095 217 13351 217 13606 218 13856 224 14111 225 14366 226 14623 225 14861 4 14879 225 15111 2 15115 7 15135 227 15365 14 15391 245 15647 248 15902 249 16157 251 16413 252 16668 18463 35134 254 35391 253 35647 253 35901 188 36090 2 36095 250 36352 248 36608 66 36675 180 36864 62 36931 179 37120 60 37187 178 37376 51 37429 6 37442 178 37632 50 37687 2 37701 174 37888 49 37957 172 38144 48 38213 171 38400 47 38470 165 38656 47 38726 164 38912 47 38981 164 39168 47 39237 162 39424 47 39494 160 39680 47 39750 157 39936 47 40007 154 40192 47 40263 151 40448 48 40518 151 40704 48 40773 152 40960 49 41029 151 41216 50 41284 151 41472 49 41539 151 41728 49 41782 3 41793 153 41984 50 42037 5 42048 154 42240 59 42303 155 42496 219 42747 4 42752 30 42784 187 43002 30 43033 4 43041 186 43257 31 43291 2 43297 186 43512 31 43553 186 43767 8 43776 23 43810 184 44022 32 44066 183 44275 33 44322 183 44529 35 44578 182 44784 36 44836 179 45039 36 45093 177 45295 36 45350 90 45443 84 45550 36 45608 86 45699 86 45806 36 45864 85 45955 87 46053 1 46060 38 46121 31 46153 2 46157 42 46202 1 46211 89 46309 2 46312 42 46378 29 46414 35 46467 92 46563 47 46637 24 46670 34 46722 143 46895 18 46926 14 46941 19 46978 126 47105 15 47152 16 47182 14 47197 18 47234 126 47362 13 47409 14 47439 13 47453 18 47490 30 47524 92 47618 13 47666 13 47695 7 47704 3 47709 18 47745 28 47781 91 47874 1 47880 6 47924 11 47951 6 47965 18 48001 28 48037 91 48135 6 48182 8 48207 4 48222 17 48257 17 48276 9 48295 89 48391 6 48463 3 48478 17 48513 17 48532 9 48552 88 48648 5 48718 3 48735 15 48770 16 48789 8 48808 88 48907 2 48974 3 48993 12 49026 15 49045 9 49065 87 49164 2 49250 5 49283 12 49301 9 49321 87 49506 2 49540 10 49557 10 49577 87 49804 1 49813 11 49834 86 50067 13 50090 86 50319 18 50347 21 50371 61 50574 20 50603 20 50631 57 50829 22 50863 15 50887 57 51085 22 51122 11 51142 58 51340 24 51368 4 51398 58 51596 33 51653 59 51852 33 51909 59 52107 33 52165 59 52362 33 52421 59 52618 32 52677 59 52873 33 52932 60 53128 35 53188 60 53384 39 53443 61 53640 41 53698 62 53896 42 53954 62 54152 43 54203 3 54209 63 54409 42 54464 64 54665 43 54720 64 54922 43 54975 65 55179 42 55231 65 55435 43 55486 66 55692 44 55742 66 55949 43 55998 66 56207 38 56246 2 56254 66 56464 40 56509 67 56720 40 56765 67 56977 33 57012 5 57021 67 57233 32 57268 6 57277 67 57489 31 57524 76 57745 30 57780 76 58000 30 58035 77 58248 12 58263 22 58291 77 58502 12 58518 23 58547 77 58748 21 58774 23 58803 69 58875 5 59003 23 59029 27 59060 67 59133 3 59259 54 59316 66 59391 1 59509 129 59659 2 59765 128 59915 4 60019 130 60171 4 60274 129 60427 4 60527 132 60682 5 60776 3 60782 133 60940 4 60949 2 61032 139 61197 4 61204 3 61288 139 61453 10 61543 140 61704 15 61798 141 61951 1 61959 20 62054 141 62206 2 62215 21 62306 2 62309 141 62461 3 62471 22 62561 3 62565 140 62717 3 62727 23 62817 143 62973 3 62983 25 63074 143 63230 2 63239 25 63331 142 63496 24 63575 3 63587 141 63753 24 63831 4 63842 142 64010 17 64082 10 64098 141 64267 16 64338 10 64354 140 64524 15 64593 12 64610 140 64761 1 64781 15 64849 13 64866 140 65016 2 65037 9 65049 6 65105 15 65121 142 65264 9 65277 1 65293 8 65305 7 65361 168 65532 3
567096,0 65536
567220, 
567636,0 5 28 9 47 43 197 1 256 7 283 12 303 42 453 2 512 8 536 1 539 12 558 43 709 2 768 9 790 18 814 42 860 5 963 3 983 1 1024 12 1044 21 1070 42 1114 8 1211 2 1220 2 1239 3 1280 16 1299 22 1326 42 1369 10 1466 3 1494 5 1536 41 1582 53 1723 3 1751 4 1792 42 1838 54 1965 4 1980 2 2007 3 2048 43 2095 53 2219 9 2237 1 2264 2 2304 44 2351 53 2470 15 2492 3 2521 1 2560 44 2607 53 2725 19 2747 4 2816 45 2864 52 2950 6 2980 25 3072 45 3121 52 3201 12 3236 25 3328 46 3378 51 3457 14 3492 26 3584 46 3635 51 3713 14 3748 21 3770 4 3840 46 3892 50 3969 15 4004 27 4096 46 4149 48 4225 16 4260 27 4352 46 4404 48 4481 17 4515 28 4608 45 4660 48 4737 17 4771 28 4864 45 4915 48 4986 2 4992 18 5027 28 5120 45 5171 7 5179 40 5241 25 5282 30 5376 45 5427 49 5496 26 5538 30 5632 46 5683 50 5750 28 5794 30 5888 46 5940 4 5948 43 6004 30 6050 29 6144 48 6204 43 6260 30 6306 29 6400 52 6460 44 6516 31 6562 28 6656 53 6716 44 6772 32 6818 25 6912 54 6971 45 7028 32 7074 23 7168 103 7283 33 7330 22 7424 103 7538 35 7586 21 7680 102 7793 37 7843 18 7936 101 8048 40 8099 17 8192 100 8304 41 8355 16 8448 3 8455 91 8560 41 8612 15 8711 90 8816 42 8868 14 8967 45 9013 43 9072 42 9125 12 9224 43 9270 40 9328 42 9382 10 9480 42 9526 39 9584 42 9638 9 9736 42 9782 39 9840 41 9894 9 9992 41 10038 39 10096 40 10150 9 10248 39 10294 39 10352 39 10406 9 10435 3 10504 37 10550 40 10609 37 10662 9 10691 3 10759 37 10806 40 10866 35 10919 8 10929 2 10947 4 11014 38 11062 41 11124 32 11184 5 11268 39 11318 41 11380 32 11440 6 11521 43 11574 42 11636 33 11698 4 11708 1 11776 44 11830 42 11892 35 11964 2 12032 44 12087 42 12149 36 12220 2 12288 44 12343 42 12405 36 12477 1 12544 44 12600 29 12634 5 12662 35 12800 43 12856 28 12918 22 12943 10 13056 43 13113 25 13175 19 13197 12 13313 41 13369 21 13432 3 13439 9 13453 12 13570 39 13626 18 13696 6 13707 12 13826 39 13885 13 13963 9 14083 38 14144 8 14219 7 14340 37 14476 5 14497 2 14598 34 14688 4 14754 1 14855 32 14936 3 14942 7 15010 2 15111 31 15192 14 15265 3 15360 5 15368 30 15448 17 15507 4 15519 5 15616 5 15625 29 15694 3 15707 16 15761 7 15774 8 15872 6 15881 29 15949 5 15964 16 15994 5 16015 9 16030 10 16128 5 16138 27 16205 6 16220 16 16250 9 16270 10 16286 13 16384 4 16394 15 16414 7 16461 6 16476 26 16505 11 16525 11 16543 13 16640 3 16650 13 16671 2 16718 4 16733 39 16780 11 16798 15 16896 2 16906 12 16974 3 16993 35 17035 11 17053 16 17163 10 17251 33 17291 11 17308 18 17419 8 17508 31 17547 2 17556 1 17563 19 17675 7 17766 29 17803 3 17818 21 17930 6 18023 27 18058 5 18071 25 18185 6 18281 25 18313 6 18327 25 18441 5 18538 24 18569 6 18582 26 18794 25 18825 5 18840 23 19050 25 19082 3 19096 22 19306 26 19353 21 19562 26 19609 21 19817 27 19866 20 20073 27 20123 19 20329 26 20380 17 20586 24 20638 15 20809 5 20842 23 20895 12 21064 9 21098 22 21152 10 21319 10 21353 22 21408 10 21575 10 21607 23 21664 11 21830 12 21862 23 21920 13 22085 18 22117 24 22177 13 22334 5 22341 20 22372 25 22433 15 22572 3 22582 1 22589 28 22627 15 22648 5 22689 16 22836 37 22883 16 22906 1 22945 17 23090 39 23138 18 23201 19 23224 2 23345 41 23395 18 23457 27 23601 41 23651 18 23713 28 23856 44 23908 17 23971 26 24111 46 24164 16 24230 23 24366 47 24421 15 24486 24 24619 51 24677 15 24742 25 24874 52 24934 14 24998 27 25129 53 25190 14 25253 30 25385 53 25447 12 25509 31 25600 1 25641 53 25705 10 25764 33 25856 1 25898 52 25964 6 26020 34 26112 1 26154 52 26222 3 26276 35 26368 2 26411 50 26532 37 26624 3 26668 49 26789 37 26880 3 26924 49 27045 37 27136 2 27157 2 27180 49 27302 36 27392 1 27412 5 27436 49 27559 34 27668 5 27691 50 27816 32 27924 5 27946 50 28073 30 28180 5 28201 19 28221 31 28330 29 28416 1 28436 4 28457 19 28477 30 28588 27 28672 2 28694 1 28713 9 28725 6 28733 29 28846 26 28928 2 28970 6 28988 29 29103 25 29184 2 29243 28 29362 22 29440 1 29499 26 29591 3 29621 18 29755 16 29774 6 29832 3 29846 7 29878 17 30010 26 30088 12 30101 13 30135 16 30266 26 30345 26 30392 14 30522 26 30600 27 30648 14 30779 26 30856 27 30905 11 31036 25 31111 28 31161 10 31295 22 31366 28 31417 9 31559 13 31617 1 31621 29 31673 9 31816 12 31870 36 31929 9 32073 10 32125 37 32186 8 32330 7 32380 8 32389 30 32443 7 32588 3 32635 41 32731 4 32891 42 32986 6 33146 43 33242 6 33402 44 33499 5 33658 45 33755 5 33913 47 34013 3 34169 48 34424 50 34678 53 34934 54 35045 3 35189 56 35298 7 35443 59 35546 15 35697 37 35735 23 35801 17 35953 35 35992 23 36056 18 36209 35 36248 22 36311 18 36465 35 36505 21 36567 17 36721 35 36760 22 36823 17 36977 35 37015 23 37079 16 37232 61 37336 14 37423 3 37487 62 37592 12 37679 4 37743 61 37849 8 37935 4 37998 50 38050 10 38107 3 38254 36 38292 12 38306 10 38458 7 38510 36 38550 10 38562 11 38673 3 38713 9 38766 36 38806 9 38818 12 38928 5 38968 11 39022 36 39063 8 39074 13 39184 6 39224 12 39279 35 39320 6 39330 13 39439 9 39479 13 39535 35 39577 4 39587 13 39673 1 39695 9 39735 13 39791 35 39843 13 39927 4 39951 10 39991 13 40048 34 40100 12 40182 6 40208 9 40247 13 40304 34 40357 11 40438 7 40464 9 40503 13 40561 32 40615 9 40693 9 40720 9 40760 11 40818 31 40871 9 40924 4 40948 11 40977 7 41017 9 41038 1 41074 31 41113 3 41128 8 41177 10 41203 13 41233 7 41277 4 41292 5 41331 30 41368 5 41384 7 41431 19 41458 14 41491 4 41547 10 41588 28 41624 5 41640 7 41684 23 41714 14 41802 12 41845 26 41879 6 41897 5 41933 3 41938 26 41970 14 42052 1 42057 14 42100 26 42134 7 42188 32 42226 4 42234 6 42258 1 42307 5 42313 14 42356 25 42390 7 42443 34 42482 4 42490 6 42514 1 42562 21 42612 23 42646 6 42699 34 42738 6 42746 6 42770 1 42818 21 42869 22 42901 7 42955 45 43003 5 43027 2 43074 19 43126 23 43157 6 43211 44 43262 2 43283 3 43331 14 43383 23 43413 6 43467 42 43519 1 43539 4 43587 14 43640 24 43669 6 43724 40 43773 3 43794 7 43843 14 43896 25 43925 6 43980 40 44029 3 44049 10 44099 13 44152 26 44181 6 44238 38 44284 4 44304 11 44356 12 44408 26 44438 5 44495 38 44540 4 44559 13 44613 10 44665 25 44694 4 44752 38 44796 4 44814 14 44869 10 44922 23 45008 39 45051 5 45069 16 45125 10 45178 23 45265 47 45325 16 45381 10 45435 21 45521 47 45581 16 45618 7 45637 9 45691 19 45777 47 45838 14 45873 9 45894 8 45947 18 46033 47 46094 13 46129 10 46151 6 46204 16 46289 47 46356 7 46385 11 46448 1 46462 12 46547 45 46605 3 46612 7 46641 11 46696 11 46723 5 46805 43 46860 5 46868 7 46897 12 46950 14 47064 40 47116 16 47154 12 47205 15 47320 40 47371 18 47410 12 47460 16 47576 40 47626 21 47666 13 47715 17 47832 29 47863 9 47881 22 47922 13 47971 17 48088 28 48122 6 48136 24 48171 5 48179 11 48227 16 48344 27 48378 6 48391 26 48426 7 48442 3 48483 12 48600 27 48634 6 48646 27 48681 8 48739 11 48856 26 48891 5 48902 27 48937 9 48995 11 49112 25 49147 5 49159 27 49192 10 49242 4 49250 11 49368 23 49404 4 49415 27 49447 11 49497 26 49623 23 49662 2 49672 28 49702 13 49752 28 49879 23 49928 45 50007 29 50134 24 50183 47 50263 29 50320 1 50390 22 50432 3 50439 48 50492 1 50519 28 50575 4 50646 20 50688 55 50747 4 50776 27 50831 6 50903 16 50944 56 51001 7 51033 25 51087 7 51159 11 51200 65 51290 23 51344 7 51456 66 51548 20 51600 8 51712 67 51806 17 51856 17 51968 68 52063 14 52111 22 52224 68 52320 12 52364 29 52480 69 52576 10 52618 32 52736 69 52834 6 52869 37 52992 69 53124 39 53248 68 53380 38 53504 68 53637 37 53760 68 53893 37 53938 4 54016 68 54149 37 54192 7 54272 67 54404 38 54448 8 54528 67 54659 40 54704 8 54784 54 54844 6 54914 42 54959 9 55040 53 55170 43 55214 11 55296 53 55426 55 55552 52 55681 56 55808 49 55937 56 56064 46 56122 1 56193 57 56321 44 56378 1 56389 3 56448 58 56579 41 56643 8 56702 60 56836 40 56899 9 56917 3 56957 61 57093 39 57155 10 57172 5 57212 61 57350 38 57411 10 57427 6 57467 62 57608 1 57610 34 57667 11 57682 7 57722 63 57801 2 57867 20 57890 9 57923 22 57976 66 58056 3 58123 18 58147 8 58166 5 58179 22 58231 67 58311 5 58380 16 58404 6 58421 7 58435 21 58486 67 58566 6 58643 8 58660 6 58676 9 58691 20 58741 51 58796 13 58820 8 58900 6 58916 5 58932 33 58996 51 59052 13 59076 8 59158 2 59173 3 59187 34 59252 49 59309 12 59332 8 59441 36 59508 47 59565 11 59587 9 59696 38 59764 46 59823 8 59843 9 59877 1 59895 3 59952 39 60020 18 60041 25 60099 8 60133 3 60149 8 60200 5 60206 42 60277 16 60303 18 60356 6 60389 3 60404 10 60455 50 60533 16 60561 16 60613 2 60645 3 60658 13 60710 52 60790 14 60808 2 60822 10 60913 14 60965 53 61046 14 61081 6 61166 18 61201 3 61220 54 61303 13 61338 4 61390 4 61420 20 61456 5 61476 55 61560 11 61644 6 61676 20 61712 5 61732 55 61817 9 61898 7 61932 20 61968 5 61988 56 62075 2 62152 8 62188 20 62224 5 62245 56 62407 8 62445 19 62480 5 62503 54 62662 9 62701 19 62736 4 62759 54 62918 8 62958 18 62992 3 63016 51 63174 8 63214 18 63272 50 63398 3 63430 8 63471 17 63527 51 63652 6 63687 7 63727 17 63783 51 63907 7 63944 5 63984 16 64039 50 64161 10 64241 15 64295 49 64414 13 64497 15 64552 47 64657 5 64667 17 64753 15 64808 46 64908 32 65009 16 65064 46 65120 1 65163 32 65265 17 65320 45 65375 2 65394 2 65418 32 65521 15
570211,0 65536
578073,937 4 1000 6 1193 5 1255 8 1448 6 1498 8 1510 10 1582 1 1704 6 1753 9 1766 11 1835 5 1961 5 2009 8 2020 16 2090 7 2217 5 2265 27 2346 7 2472 6 2521 28 2601 8 2728 7 2776 30 2857 9 2984 7 3031 32 3113 10 3241 6 3286 34 3369 10 3499 3 3541 35 3625 10 3797 35 3881 10 4053 36 4138 8 4309 37 4394 6 4564 39 4651 3 4820 40 5074 42 5329 43 5584 44 5809 1 5839 45 6063 5 6094 46 6319 6 6349 47 6575 7 6605 37 6646 6 6831 7 6860 37 6904 5 6953 4 7087 7 7117 35 7161 3 7207 6 7342 7 7373 35 7418 2 7463 6 7598 7 7630 33 7719 5 7854 6 7887 32 7976 2 8110 6 8129 3 8149 26 8365 6 8385 3 8407 24 8622 5 8641 3 8664 22 8878 4 8898 1 8921 21 9134 4 9178 20 9436 18 9512 3 9693 17 9767 7 9906 2 9949 18 10023 8 10161 5 10205 18 10279 8 10417 5 10461 18 10536 7 10717 18 10793 6 10973 17 11050 3 11229 16 11485 16 11741 15 11998 13 12254 13 12510 12 12765 13 13021 12 13277 11 13474 2 13513 1 13534 9 13728 9 13767 5 13790 6 13983 12 14023 6 14238 15 14278 7 14494 24 14534 6 14750 25 14790 6 15006 26 15046 6 15262 28 15303 5 15321 4 15519 31 15561 2 15575 6 15774 33 15826 12 16030 34 16081 13 16285 35 16337 12 16541 34 16593 12 16797 34 16848 12 17053 34 17104 12 17309 33 17360 12 17566 32 17615 13 17822 31 17870 13 18078 30 18125 14 18334 30 18382 12 18590 29 18638 12 18847 26 18895 9 19104 17 19151 1 19343 3 19359 16 19596 11 19615 15 19774 4 19851 14 19869 16 20028 7 20106 34 20278 18 20361 34 20533 20 20616 31 20788 22 20871 33 21028 7 21044 22 21126 34 21283 40 21381 35 21538 20 21563 16 21637 35 21794 41 21893 35 22048 28 22077 13 22149 35 22304 28 22333 13 22405 35 22559 29 22589 13 22662 34 22815 29 22847 10 22918 34 23070 18 23089 11 23104 8 23174 34 23326 18 23345 10 23360 8 23430 33 23582 18 23603 7 23617 6 23686 33 23837 20 23874 3 23941 34 24092 21 24196 34 24344 27 24452 28 24599 29 24708 17 24727 8 24854 33 24966 2 24972 9 24984 6 25110 34 25229 8 25242 3 25366 34 25486 8 25622 35 25743 7 25878 35 25999 7 26134 34 26255 6 26390 33 26510 6 26646 32 26765 6 26904 29 27021 5 27163 23 27276 6 27420 20 27532 6 27676 18 27788 5 27933 15 28044 4 28189 12 28446 8 28706 2 29177 3 29324 4 29431 7 29578 8 29588 5 29687 9 29833 17 29942 10 29973 3 30089 18 30197 11 30228 5 30345 18 30450 14 30483 7 30502 4 30601 18 30705 15 30739 8 30757 7 30857 19 30961 15 30995 10 31010 12 31112 19 31217 15 31250 28 31368 19 31473 15 31492 2 31503 31 31623 19 31729 15 31748 2 31757 33 31878 20 31985 15 32012 33 32134 19 32241 15 32268 28 32390 18 32497 15 32523 26 32646 18 32753 15 32779 25 32901 18 33010 14 33035 24 33141 4 33157 18 33267 13 33293 2 33297 17 33396 6 33407 2 33414 16 33525 11 33549 2 33553 17 33651 8 33662 4 33670 16 33785 7 33810 18 33906 16 33928 13 34043 5 34066 20 34162 17 34185 11 34301 3 34322 20 34418 17 34443 8 34559 1 34577 21 34674 18 34700 4 34833 20 34930 18 35088 19 35186 18 35342 19 35442 18 35597 19 35698 18 35849 23 35954 18 36105 23 36210 18 36360 24 36466 17 36616 25 36722 15 36872 25 36978 14 37128 24 37235 13 37384 23 37492 11 37642 21 37748 11 37902 16 38004 9 38161 11 38259 10 38515 10 38771 11 38858 10 39027 11 39113 12 39283 11 39368 14 39539 11 39623 17 39795 10 39878 19 40051 8 40134 20 40307 7 40390 21 40563 6 40647 20 40820 3 40903 21 41159 21 41414 22 41670 22 41924 23 42178 24 42434 24 42689 25 42944 17 42963 6 43112 4 43200 17 43223 1 43263 1 43367 6 43457 16 43516 4 43623 7 43714 16 43768 8 43878 8 43972 14 44020 12 44133 9 44229 14 44275 13 44387 11 44486 14 44531 13 44642 11 44743 13 44787 13 44898 11 44999 13 45042 14 45153 12 45255 13 45298 14 45409 11 45511 13 45554 14 45664 11 45767 13 45810 14 45920 10 46023 13 46066 14 46175 10 46279 13 46322 14 46431 10 46535 13 46578 14 46687 8 46791 13 46832 16 46924 3 46943 7 47047 13 47073 5 47087 17 47179 5 47200 6 47303 13 47328 7 47343 17 47434 6 47456 6 47560 12 47583 11 47598 18 47689 7 47712 5 47816 12 47837 15 47855 17 47944 8 47969 4 48072 10 48092 17 48112 16 48199 8 48226 1 48328 8 48347 17 48373 11 48456 7 48585 6 48600 20 48630 10 48713 6 48841 6 48854 22 48886 10 48970 4 49097 6 49110 22 49142 10 49354 5 49366 23 49398 10 49611 5 49622 24 49655 9 49867 5 49879 24 49912 8 50030 1 50123 5 50135 25 50169 7 50286 1 50379 5 50391 26 50426 6 50542 1 50635 4 50646 27 50683 3 50798 1 50902 27 51157 28 51412 29 51668 29 51924 29 52178 31 52429 36 52684 36 52938 38 53194 37 53369 2 53450 37 53547 5 53624 4 53705 38 53802 8 53880 4 53961 37 54057 10 54136 5 54217 37 54313 10 54393 4 54440 9 54472 33 54569 10 54649 5 54694 12 54728 31 54825 10 54904 7 54949 15 54983 31 55081 11 55160 8 55204 16 55238 32 55337 10 55415 9 55450 1 55459 20 55494 5 55501 24 55593 10 55671 10 55703 6 55714 22 55751 2 55757 24 55850 8 55927 9 55958 8 55969 29 56007 1 56011 27 56106 8 56183 9 56213 42 56263 31 56361 8 56439 8 56469 42 56518 34 56616 9 56697 4 56724 43 56774 35 56864 2 56871 9 56980 42 57029 36 57119 5 57125 10 57236 42 57284 37 57376 14 57491 43 57539 43 57634 11 57747 44 57794 44 57891 9 58003 92 58148 6 58258 93 58514 94 58770 94 59026 94 59282 95 59538 95 59795 94 60052 93 60308 93 60564 84 60650 7 60819 84 60906 8 61074 85 61163 7 61329 12 61342 73 61419 7 61584 38 61625 55 61840 15 61856 20 61881 54 62094 35 62136 53 62346 38 62392 53 62604 34 62648 53 62860 32 62903 54 63117 28 63159 53 63317 5 63374 24 63414 54 63572 7 63631 25 63670 53 63828 7 63888 25 63926 51 64038 1 64083 9 64145 24 64181 50 64291 7 64339 9 64402 24 64437 49 64510 2 64545 10 64594 12 64659 23 64693 48 64765 3 64800 12 64848 15 64916 22 64949 47 65021 3 65056 12 65104 16 65172 23 65205 46 65277 3 65312 13 65360 16 65428 23 65461 44 65533 3
580255,47 13 67 89 302 14 323 88 558 14 579 87 814 14 835 29 868 54 1069 15 1091 28 1125 53 1326 14 1348 27 1381 54 1582 13 1605 26 1637 55 1839 11 1864 23 1893 57 2095 10 2121 23 2149 59 2351 9 2377 25 2405 60 2607 8 2632 89 2863 7 2887 90 3120 6 3142 91 3336 3 3376 5 3398 91 3591 5 3634 1 3654 91 3845 7 3910 91 4101 8 4166 90 4265 1 4356 9 4423 4 4429 83 4521 2 4612 9 4686 81 4777 1 4788 7 4869 8 4943 81 5043 10 5126 5 5199 82 5298 13 5457 81 5553 17 5716 1 5719 75 5808 23 5980 70 6064 24 6238 68 6319 26 6494 68 6575 26 6749 69 6828 29 7004 71 7078 35 7258 111 7508 78 7588 38 7762 78 7843 39 7936 3 8018 77 8099 40 8192 4 8273 77 8355 41 8448 4 8519 5 8528 72 8610 43 8704 4 8773 8 8783 73 8866 44 8960 4 9027 86 9122 45 9216 4 9282 88 9378 46 9472 5 9538 80 9620 9 9633 48 9728 5 9794 80 9877 10 9889 48 9984 5 10049 79 10139 55 10240 5 10305 77 10396 54 10495 6 10559 78 10655 52 10751 6 10814 76 10911 52 11007 6 11069 73 11167 52 11264 5 11325 73 11423 51 11520 5 11580 74 11679 51 11776 5 11836 74 11935 51 12031 7 12091 75 12191 51 12285 9 12346 76 12447 52 12540 9 12602 75 12703 52 12795 10 12857 76 12959 53 13050 10 13113 76 13216 52 13306 6 13369 76 13473 51 13562 6 13625 76 13730 50 13818 6 13881 75 13986 51 14074 6 14137 75 14243 51 14329 7 14393 74 14499 53 14585 7 14649 75 14755 53 14841 7 14906 75 15010 55 15097 7 15162 75 15262 59 15353 7 15418 75 15517 60 15609 7 15676 73 15772 61 15865 7 15933 72 16028 61 16121 7 16190 71 16283 61 16377 7 16447 70 16538 62 16634 6 16703 70 16794 61 16891 5 16959 70 17050 60 17148 4 17216 68 17307 4 17313 53 17402 6 17473 67 17569 51 17657 7 17729 66 17826 52 17912 12 17986 64 18082 35 18118 16 18168 13 18242 62 18340 33 18375 16 18423 15 18499 59 18597 3 18604 24 18631 16 18679 15 18748 3 18755 5 18763 52 18862 22 18887 17 18935 15 19003 6 19021 51 19120 20 19143 17 19192 13 19258 8 19281 48 19379 17 19399 17 19448 12 19514 9 19537 48 19637 15 19655 17 19704 11 19771 8 19792 48 19895 12 19912 14 19960 8 20028 4 20045 49 20155 7 20169 11 20217 7 20291 55 20353 4 20413 5 20473 7 20547 54 20608 6 20670 3 20729 7 20803 54 20864 7 20985 7 21059 54 21119 8 21241 7 21314 54 21375 8 21396 4 21497 7 21570 54 21632 7 21645 12 21753 7 21825 54 21889 5 21899 15 22010 6 22081 49 22131 4 22146 3 22153 18 22268 4 22333 55 22407 21 22525 3 22588 55 22662 23 22783 1 22843 57 22917 25 23077 1 23093 64 23172 26 23332 3 23348 65 23427 27 23587 4 23603 67 23682 28 23844 1 23859 67 23938 28 23969 5 24115 68 24194 27 24224 7 24370 70 24450 27 24479 8 24626 71 24706 37 24881 73 24962 36 25135 75 25218 35 25390 119 25646 118 25903 117 26159 116 26415 115 26670 114 26923 118 27177 120 27433 120 27688 120 27944 120 28199 113 28313 7 28455 111 28571 4 28711 110 28967 110 29222 111 29479 111 29735 114 29991 115 30248 115 30426 7 30504 115 30680 10 30760 115 30935 12 31017 114 31191 12 31274 69 31347 39 31446 13 31532 67 31604 37 31702 14 31789 66 31861 4 31869 28 31958 14 32046 65 32125 28 32214 15 32303 64 32381 27 32470 16 32560 62 32638 26 32726 16 32818 60 32894 26 32982 16 33075 58 33150 25 33238 16 33333 55 33406 23 33493 17 33589 55 33662 20 33748 17 33845 55 33919 18 34004 17 34100 56 34175 12 34259 18 34356 56 34431 10 34514 18 34611 57 34687 9 34770 17 34867 57 34943 8 35026 16 35045 5 35124 55 35199 7 35282 16 35301 5 35380 50 35456 5 35538 16 35557 6 35636 49 35713 2 35796 14 35814 4 35893 47 36056 10 36154 6 36163 32 36313 9 36421 29 36569 9 36678 28 36825 8 36934 4 36939 22 37081 8 37190 3 37198 19 37338 6 37446 3 37456 16 37594 5 37713 14 37852 2 37970 12 38230 7 38734 3 38989 5 39245 5 39501 5 39758 4 40014 3 43520 6 43776 7 44032 9 44288 9 44544 9 44800 9 45058 5
580290,0 65536
584567,0 47 68 5 89 12 220 80 325 4 345 12 477 79 581 4 602 11 734 79 836 6 848 1 858 11 990 79 1092 6 1103 4 1114 11 1247 78 1342 4 1349 4 1358 6 1370 11 1502 80 1596 13 1613 9 1626 11 1757 81 1851 15 1867 12 1886 7 2013 80 2105 31 2143 5 2269 79 2360 33 2400 4 2525 78 2615 34 2656 3 2782 75 2871 34 2912 3 3038 75 3126 35 3170 1 3294 75 3382 36 3426 1 3549 77 3638 37 3803 80 3893 39 4059 82 4148 40 4251 2 4315 8 4324 73 4403 41 4506 5 4516 3 4571 7 4580 74 4657 19 4678 22 4761 15 4827 6 4836 56 4896 36 4937 19 5017 15 5084 5 5092 55 5155 32 5194 18 5272 16 5342 1 5348 54 5411 31 5448 20 5527 18 5604 50 5668 30 5704 20 5783 18 5860 37 5901 6 5924 29 5960 20 6038 20 6117 33 6158 2 6180 28 6216 20 6293 21 6373 33 6437 26 6473 19 6546 23 6574 2 6630 31 6693 25 6729 20 6801 23 6828 5 6887 30 6950 6 6959 15 6986 19 7046 1 7058 22 7082 7 7144 28 7215 14 7242 19 7300 4 7314 22 7338 6 7401 26 7472 13 7499 19 7552 9 7569 31 7646 3 7658 23 7728 12 7755 20 7807 10 7824 33 7900 6 7914 22 7984 12 8011 22 8061 13 8079 34 8151 11 8170 22 8241 11 8267 23 8316 15 8335 34 8406 12 8426 22 8499 9 8522 24 8571 16 8591 34 8661 13 8682 22 8756 8 8778 25 8827 17 8847 35 8917 13 8938 22 9011 9 9033 26 9082 20 9104 33 9172 14 9195 21 9241 2 9267 10 9289 26 9337 21 9362 31 9427 16 9451 21 9497 2 9522 11 9545 26 9593 21 9619 29 9682 17 9707 21 9778 12 9794 4 9801 26 9849 21 9875 29 9937 21 9963 21 10034 49 10098 27 10132 27 10192 24 10218 19 10290 49 10353 27 10388 27 10447 45 10546 45 10608 27 10644 27 10703 43 10803 42 10864 18 10883 6 10899 28 10958 43 11060 3 11067 34 11119 21 11155 27 11214 43 11323 34 11374 22 11411 26 11469 44 11579 33 11630 23 11667 25 11725 44 11835 32 11885 25 11923 23 11981 45 12090 32 12141 25 12179 23 12237 45 12346 32 12395 27 12436 22 12493 46 12601 32 12646 32 12692 21 12749 26 12776 19 12857 32 12901 33 12948 20 13005 26 13034 17 13056 3 13112 33 13157 33 13206 17 13261 25 13290 17 13312 4 13363 38 13413 34 13463 15 13517 25 13547 16 13568 4 13619 38 13669 35 13774 23 13804 16 13824 4 13875 38 13926 35 14030 22 14061 16 14078 6 14130 40 14183 34 14287 18 14318 13 14332 8 14386 40 14440 33 14543 16 14574 13 14588 4 14642 40 14695 34 14798 16 14832 16 14898 40 14950 35 15013 5 15052 17 15089 15 15155 39 15204 38 15267 8 15306 18 15347 10 15411 15 15430 20 15459 40 15522 9 15561 19 15604 9 15668 14 15686 20 15714 42 15778 9 15816 19 15860 10 15926 12 15941 20 15970 44 16034 9 16071 19 16115 11 16184 32 16226 45 16291 6 16326 21 16372 10 16440 31 16475 2 16481 47 16548 3 16581 15 16598 5 16628 10 16696 28 16730 4 16737 48 16836 15 16854 4 16885 9 16952 26 16986 5 16993 51 17091 15 17109 5 17143 6 17208 25 17243 59 17348 22 17401 1 17464 8 17473 14 17499 61 17604 22 17720 22 17756 60 17860 22 17919 1 17977 18 18012 48 18062 11 18117 21 18174 2 18233 18 18268 47 18318 11 18374 21 18421 1 18430 2 18490 3 18496 10 18524 46 18574 11 18630 23 18677 1 18685 3 18754 4 18779 47 18830 10 18886 25 18941 3 19033 48 19086 9 19143 25 19197 3 19287 50 19343 8 19399 25 19439 1 19452 4 19542 50 19599 7 19655 25 19694 3 19707 5 19798 48 19856 6 19911 25 19951 2 19962 6 20053 47 20112 6 20167 25 20207 3 20216 8 20309 46 20369 5 20422 26 20462 18 20565 45 20626 4 20677 28 20717 19 20821 45 20882 4 20933 28 20971 21 21078 44 21138 3 21189 28 21226 22 21334 43 21445 28 21481 23 21563 5 21590 43 21701 27 21736 24 21819 6 21846 44 21957 27 21991 25 22054 6 22075 6 22102 44 22213 27 22246 26 22309 10 22333 2 22358 44 22420 4 22470 18 22502 26 22564 12 22614 32 22648 10 22676 7 22701 3 22727 17 22758 26 22820 12 22870 31 22905 14 22931 10 22984 16 23014 26 23075 14 23128 22 23161 16 23184 14 23243 13 23270 26 23332 12 23385 21 23418 15 23439 15 23501 11 23527 25 23588 12 23645 16 23674 16 23693 17 23763 5 23783 25 23850 5 23902 14 23930 37 24040 24 24107 4 24165 5 24186 37 24298 17 24316 3 24363 4 24413 4 24444 26 24472 7 24555 16 24572 4 24619 5 24667 8 24701 23 24729 7 24802 3 24812 14 24828 4 24876 4 24923 9 24959 20 24986 5 25055 7 25070 11 25084 4 25133 3 25179 10 25219 15 25243 4 25309 10 25329 6 25340 4 25377 4 25391 3 25400 3 25435 10 25477 13 25564 11 25585 5 25596 4 25631 7 25647 4 25654 7 25691 10 25733 13 25764 4 25816 15 25839 2 25853 3 25886 8 25903 5 25909 8 25948 8 25990 15 26019 6 26061 5 26071 17 26093 5 26109 3 26142 8 26159 15 26175 6 26204 8 26247 15 26264 2 26275 8 26315 9 26326 18 26349 5 26365 3 26398 9 26415 23 26460 7 26504 20 26531 9 26571 9 26582 18 26606 2 26621 3 26654 10 26671 24 26716 7 26761 20 26788 9 26826 10 26838 18 26877 3 26910 11 26925 26 26973 5 27018 20 27044 9 27082 9 27094 19 27132 4 27166 41 27231 2 27274 20 27300 9 27337 10 27350 19 27388 4 27422 42 27512 4 27535 15 27555 10 27593 10 27606 20 27643 5 27678 42 27766 8 27793 13 27810 11 27848 11 27862 21 27899 5 27934 42 28021 10 28051 10 28065 11 28104 35 28155 5 28189 44 28277 10 28307 9 28320 12 28360 36 28411 5 28445 45 28524 3 28532 12 28564 9 28575 12 28617 34 28667 5 28701 45 28778 7 28787 13 28820 21 28873 34 28923 5 28959 44 29035 5 29043 14 29078 18 29129 34 29179 5 29217 43 29298 15 29335 14 29385 34 29435 5 29474 42 29554 15 29590 15 29641 35 29693 2 29730 42 29810 15 29846 14 29897 35 29985 42 30064 18 30101 16 30154 9 30169 20 30240 43 30318 20 30356 20 30426 19 30496 42 30574 20 30611 22 30683 18 30751 42 30829 21 30867 23 30929 4 30945 12 31007 26 31038 11 31084 22 31122 24 31183 9 31202 11 31264 20 31296 9 31338 24 31378 24 31408 3 31439 10 31458 11 31520 19 31553 7 31594 24 31626 4 31635 33 31694 11 31715 9 31776 18 31810 6 31849 39 31892 33 31932 4 31949 13 31973 6 32032 17 32067 4 32105 39 32149 33 32188 6 32203 15 32229 1 32287 16 32323 4 32361 40 32405 33 32443 9 32458 16 32481 6 32543 15 32580 1 32617 40 32662 32 32699 9 32714 17 32734 10 32799 15 32873 41 32918 33 32954 10 32969 32 33055 14 33128 43 33173 34 33211 6 33225 33 33312 13 33384 79 33481 33 33568 13 33639 80 33736 35 33825 11 33895 80 33978 4 33992 36 34081 11 34151 79 34233 5 34247 37 34338 9 34407 79 34488 6 34501 39 34594 8 34663 78 34744 6 34756 40 34851 6 34919 78 35000 5 35010 42 35109 2 35175 77 35266 42 35431 77 35521 42 35687 78 35777 42 35940 81 36031 42 36194 83 36284 45 36450 82 36539 45 36705 83 36794 46 36961 83 37049 47 37217 82 37304 48 37473 82 37559 48 37730 82 37814 49 37986 133 38242 132 38498 12 38513 117 38755 9 38769 117 39014 1 39026 117 39282 117 39538 120 39794 121 40041 2 40049 123 40296 4 40304 124 40552 133 40808 133 41064 132 41320 125 41449 1 41576 125 41832 125 42087 125 42343 125 42599 125 42838 3 42855 124 43094 4 43111 124 43251 1 43349 5 43367 123 43493 1 43503 5 43605 5 43624 121 43748 2 43758 6 43861 5 43880 8 43891 108 44003 4 44013 7 44100 3 44118 3 44137 7 44147 108 44258 6 44269 6 44355 4 44393 7 44403 107 44514 7 44524 6 44534 4 44612 3 44649 118 44769 16 44788 7 44868 1 44905 134 45043 9 45159 11 45171 120 45298 10 45414 12 45429 118 45554 10 45670 12 45688 114 45810 10 45926 11 45945 112 46066 11 46182 11 46202 110 46322 14 46438 12 46458 109 46578 14 46694 12 46713 110 46833 15 46950 13 46969 110 47089 15 47207 13 47224 65 47290 45 47345 15 47464 13 47480 63 47548 23 47572 19 47602 14 47724 10 47736 62 47805 21 47829 18 47858 14 47981 45 48031 2 48035 18 48061 20 48086 17 48115 13 48238 44 48292 15 48317 20 48342 17 48372 12 48466 2 48495 43 48548 15 48573 20 48598 17 48629 11 48721 4 48751 43 48804 15 48829 21 48853 19 48886 10 48977 4 49007 42 49061 13 49085 43 49143 9 49234 3 49264 41 49317 13 49340 44 49401 5 49490 4 49520 40 49572 13 49596 44 49746 4 49777 38 49828 13 49852 44 50002 5 50033 38 50083 15 50107 22 50132 20 50258 5 50267 2 50291 36 50339 17 50362 22 50388 20 50514 13 50548 34 50595 17 50617 22 50645 19 50770 14 50806 32 50851 18 50872 23 50902 3 50908 12 51026 14 51062 32 51101 4 51107 18 51128 23 51165 10 51281 15 51319 31 51356 24 51385 22 51421 9 51537 15 51575 32 51612 24 51642 20 51677 7 51793 15 51831 33 51868 23 51899 19 51934 4 52050 14 52087 33 52124 23 52155 18 52311 9 52343 34 52380 23 52411 17 52568 7 52599 34 52638 20 52667 17 52711 2 52826 1 52855 34 52899 13 52922 18 52967 3 53108 2 53111 34 53156 10 53178 17 53222 4 53364 2 53367 7 53377 24 53415 2 53434 16 53479 3 53620 2 53634 24 53691 11 53890 27 53948 8 53966 2 54146 28 54206 4 54221 5 54403 27 54477 5 54660 27 54733 5 54743 5 54917 26 54990 2 54998 6 55173 27 55231 3 55254 6 55430 30 55486 5 55508 8 55686 32 55742 5 55763 9 55943 32 55997 7 56018 11 56200 32 56252 9 56265 22 56456 32 56505 38 56712 24 56739 3 56755 44 56968 23 57010 44 57225 22 57266 43 57480 24 57522 42 57736 24 57777 41 57992 25 58027 47 58247 27 58282 47 58503 27 58538 52 58759 28 58795 56 59015 28 59052 56 59272 27 59309 55 59528 27 59571 49 59784 27 59828 48 60042 25 60084 23 60108 23 60299 24 60340 12 60354 5 60366 7 60376 11 60556 23 60597 11 60623 4 60634 8 60814 22 60854 10 60892 5 61072 20 61111 8 61329 19 61369 4 61585 19 61842 18 62099 17 62356 16 62612 6 62622 2 62868 4 63443 3 63697 8 63708 3 63936 2 63952 16 64057 2 64185 10 64208 17 64312 6 64393 2 64441 10 64464 17 64568 8 64697 11 64720 17 64825 8 64953 11 64977 16 65081 8 65210 11 65235 14 65337 8 65413 2 65466 11 65496 10
596931,0 35 82 16 106 5 134 2 155 18 202 18 229 61 339 15 361 7 411 18 457 20 485 60 596 15 617 8 666 19 713 21 740 61 853 17 871 10 921 20 969 22 996 61 1109 29 1176 21 1225 88 1365 29 1432 21 1481 88 1620 31 1687 23 1737 86 1875 33 1943 23 1995 82 2128 1 2131 34 2200 22 2251 37 2292 40 2388 34 2456 21 2508 32 2552 36 2643 35 2713 4 2721 11 2764 31 2810 35 2898 37 2969 2 2977 10 3020 31 3072 34 3154 38 3233 10 3276 31 3328 34 3409 41 3484 15 3532 31 3584 34 3664 30 3695 12 3739 15 3788 31 3840 34 3919 45 3994 16 4028 2 4044 31 4096 34 4174 47 4250 17 4279 9 4300 32 4352 34 4430 48 4506 18 4534 12 4556 32 4608 34 4686 49 4762 19 4790 13 4812 32 4864 35 4941 50 5018 20 5046 16 5068 32 5120 37 5192 3 5198 49 5274 21 5302 17 5324 32 5376 39 5446 6 5455 49 5529 25 5558 18 5581 29 5632 41 5701 7 5713 47 5784 28 5814 20 5838 28 5888 42 5956 9 5969 48 6038 52 6095 18 6114 9 6144 42 6211 11 6225 48 6293 53 6352 14 6372 9 6400 42 6464 64 6549 52 6608 15 6624 17 6656 42 6719 65 6804 53 6864 33 6912 42 6975 66 7046 1 7059 54 7120 34 7165 44 7231 74 7312 56 7377 33 7421 44 7488 74 7567 57 7633 34 7676 8 7685 36 7744 74 7823 58 7889 34 7931 7 7942 35 8001 73 8079 58 8145 34 8187 5 8198 35 8257 73 8335 59 8402 33 8443 5 8455 35 8514 72 8591 59 8658 33 8699 5 8712 34 8770 71 8847 60 8914 32 8955 5 8969 33 9026 72 9103 60 9170 31 9213 3 9227 31 9281 73 9358 62 9426 30 9483 23 9508 5 9537 74 9613 64 9682 29 9726 2 9739 22 9793 140 9938 27 9980 4 9995 22 10048 142 10194 26 10234 6 10251 22 10304 78 10386 60 10450 25 10489 7 10509 19 10558 79 10642 59 10706 26 10744 8 10766 18 10814 78 10898 59 10962 26 10999 9 11023 16 11070 77 11155 57 11218 27 11255 9 11280 15 11326 73 11411 56 11474 27 11510 10 11537 9 11582 72 11668 54 11731 24 11766 10 11793 8 11839 70 11925 52 11987 23 12022 10 12051 4 12095 69 12181 51 12244 9 12254 11 12270 5 12276 12 12352 69 12438 50 12500 7 12511 10 12525 19 12608 72 12695 49 12758 4 12769 6 12781 19 12850 1 12864 73 12952 46 13027 1 13038 18 13104 5 13120 74 13208 42 13294 18 13358 7 13375 75 13465 40 13552 16 13613 9 13631 75 13722 39 13809 15 13868 10 13886 77 13981 35 14065 15 14124 10 14142 66 14209 10 14238 34 14322 14 14380 82 14466 9 14495 33 14579 13 14637 81 14723 8 14752 32 14836 12 14893 80 14980 7 15009 20 15031 10 15094 10 15148 81 15235 7 15267 15 15289 8 15350 10 15400 84 15491 7 15524 13 15546 7 15606 10 15655 86 15746 7 15781 11 15804 3 15861 11 15900 4 15911 86 16001 8 16038 9 16117 11 16155 5 16166 87 16256 8 16295 6 16372 12 16410 7 16421 87 16513 6 16626 14 16665 98 16881 15 16909 2 16920 94 17137 15 17163 6 17177 91 17393 15 17418 8 17436 87 17649 15 17673 9 17694 84 17904 16 17929 10 17952 81 18101 4 18159 19 18184 10 18209 78 18345 4 18355 7 18408 27 18439 11 18467 68 18538 3 18600 7 18610 8 18662 31 18695 9 18724 66 18856 6 18865 8 18918 32 18952 6 18981 64 19111 7 19120 9 19174 39 19225 3 19237 64 19366 7 19377 7 19430 39 19480 6 19494 62 19621 7 19633 6 19686 39 19736 7 19745 67 19876 9 19890 4 19942 40 19991 57 20057 10 20131 11 20198 40 20248 55 20314 9 20387 11 20453 42 20504 54 20570 8 20643 11 20708 44 20760 53 20828 5 20900 10 20964 45 21016 52 21157 9 21220 45 21272 53 21415 8 21476 44 21528 54 21672 9 21732 45 21784 54 21929 6 21987 46 22039 56 22185 6 22242 47 22293 57 22442 6 22496 50 22547 53 22601 3 22700 4 22751 105 22904 2 22955 6 23004 108 23158 7 23211 7 23256 111 23413 8 23467 6 23511 111 23668 10 23722 7 23767 47 23821 57 23923 11 23950 2 23978 6 24022 46 24078 55 24178 12 24204 5 24232 2 24236 2 24278 42 24334 46 24383 4 24433 13 24460 4 24489 1 24534 42 24590 45 24688 15 24716 4 24790 42 24845 46 24944 14 25008 4 25046 42 25101 45 25156 7 25200 14 25262 8 25302 17 25321 23 25357 44 25411 10 25443 3 25455 16 25511 16 25559 16 25579 21 25613 42 25666 13 25697 7 25705 24 25765 19 25815 14 25841 15 25869 31 25904 6 25921 15 25952 35 26021 19 26072 16 26098 14 26126 30 26161 2 26171 22 26207 37 26277 20 26330 15 26355 13 26382 31 26425 26 26461 40 26533 20 26587 14 26612 12 26638 32 26680 30 26716 43 26782 5 26789 20 26847 11 26878 2 26885 6 26894 32 26936 31 26971 45 27038 27 27102 12 27136 1 27140 9 27151 31 27191 81 27294 26 27358 13 27392 14 27409 28 27446 83 27550 26 27613 15 27648 14 27665 28 27700 85 27806 26 27837 5 27868 16 27904 14 27922 16 27942 6 27956 86 28061 38 28117 23 28160 15 28178 15 28200 2 28211 87 28317 38 28372 24 28416 14 28435 13 28468 86 28573 39 28628 24 28672 14 28691 12 28725 85 28829 39 28883 25 28928 14 28949 4 28983 31 29017 48 29085 40 29138 26 29184 15 29241 29 29277 44 29334 1 29340 42 29392 28 29440 15 29497 29 29533 44 29595 44 29648 28 29696 16 29753 29 29783 2 29789 44 29849 48 29904 27 29944 4 29952 17 30010 34 30045 44 30104 50 30160 27 30196 9 30208 17 30266 34 30301 44 30360 50 30416 27 30451 10 30464 18 30522 34 30557 45 30616 51 30672 27 30706 12 30720 19 30779 17 30799 61 30872 51 30928 28 30961 13 30976 20 31035 17 31054 14 31069 48 31128 51 31182 31 31216 15 31232 21 31291 14 31309 15 31325 49 31384 85 31472 43 31547 12 31565 14 31582 48 31640 131 31802 12 31822 13 31838 48 31895 132 32058 12 32078 12 32095 48 32152 58 32212 71 32313 13 32335 11 32352 47 32408 56 32471 67 32568 15 32591 10 32608 47 32664 56 32729 61 32824 16 32847 8 32868 44 32920 55 32986 60 33079 17 33104 5 33125 44 33176 53 33245 57 33335 17 33360 3 33381 45 33433 51 33502 57 33591 17 33636 47 33689 48 33759 57 33848 15 33892 36 33929 11 33946 46 34015 58 34105 13 34149 31 34185 11 34202 44 34272 57 34363 9 34405 29 34442 10 34458 42 34528 58 34620 5 34661 28 34698 9 34715 32 34785 58 34917 25 34954 8 34971 31 35041 60 35174 18 35210 7 35228 30 35297 60 35430 17 35466 7 35484 29 35553 31 35585 29 35686 17 35721 7 35740 28 35809 31 35842 28 35942 18 35976 8 35996 29 36065 31 36097 7 36105 21 36199 17 36232 8 36252 29 36321 31 36353 6 36361 21 36455 18 36488 7 36509 28 36573 65 36654 3 36702 1 36711 18 36744 7 36767 26 36828 65 36909 5 36958 6 36967 18 37001 5 37027 22 37083 66 37155 3 37163 8 37213 28 37288 15 37339 66 37410 5 37418 10 37468 29 37547 9 37595 66 37665 20 37715 2 37722 32 37806 3 37851 67 37919 24 37970 42 38107 93 38225 44 38354 4 38363 93 38481 46 38582 9 38608 7 38618 94 38737 47 38828 20 38864 9 38874 94 38992 49 39082 22 39119 105 39248 49 39338 23 39375 86 39463 15 39504 50 39594 24 39631 86 39719 14 39759 51 39849 25 39887 86 39977 11 40015 51 40105 25 40142 87 40233 11 40271 51 40335 3 40361 26 40398 31 40430 55 40490 10 40526 44 40573 4 40589 6 40617 26 40653 32 40687 17 40705 27 40733 8 40747 8 40781 45 40845 7 40873 27 40909 32 40943 17 40963 24 40991 6 41005 3 41037 45 41102 6 41121 1 41130 26 41164 33 41199 17 41220 22 41248 4 41293 45 41360 9 41375 5 41388 25 41419 34 41456 15 41476 22 41550 44 41610 1 41618 8 41628 8 41644 25 41673 37 41712 12 41731 23 41807 42 41864 4 41875 18 41901 25 41928 18 41948 17 41969 9 41986 23 42064 41 42118 6 42133 16 42158 43 42204 17 42226 6 42241 24 42320 40 42373 7 42390 19 42414 41 42460 17 42483 3 42496 25 42576 40 42628 7 42647 20 42670 41 42716 16 42751 1 42753 25 42832 11 42846 12 42861 10 42884 7 42903 64 42972 16 43006 2 43009 27 43086 13 43106 6 43118 9 43140 7 43160 63 43227 16 43261 3 43265 31 43341 14 43375 7 43398 3 43415 64 43483 16 43517 3 43521 32 43594 16 43633 4 43669 66 43739 16 43774 2 43777 32 43848 18 43924 67 43996 16 44030 2 44033 32 44081 4 44102 19 44178 70 44252 16 44285 35 44336 7 44358 17 44433 71 44508 17 44541 35 44592 7 44614 14 44688 73 44764 17 44797 35 44848 7 44870 15 44943 74 45021 16 45052 36 45104 6 45126 15 45199 75 45278 15 45308 36 45360 6 45382 16 45454 56 45511 20 45536 11 45550 2 45564 37 45616 5 45640 14 45661 6 45710 29 45743 10 45754 6 45768 18 45794 9 45819 38 45872 5 45896 12 45917 8 45965 29 46000 7 46025 17 46050 8 46075 38 46128 4 46155 8 46172 10 46220 30 46257 5 46282 15 46307 5 46330 39 46384 4 46413 4 46428 12 46476 29 46514 2 46539 14 46586 39 46642 1 46646 2 46683 26 46732 26 46797 11 46843 3 46848 27 46901 4 46937 29 46988 25 47054 8 47104 25 47144 1 47157 5 47193 31 47245 24 47312 3 47360 24 47399 5 47412 7 47449 33 47504 21 47616 26 47654 8 47665 11 47706 34 47761 20 47872 10 47883 16 47910 23 47963 33 48018 19 48128 9 48141 14 48166 23 48201 3 48219 33 48274 18 48362 3 48384 9 48399 12 48422 24 48455 6 48474 34 48530 16 48616 7 48640 8 48657 10 48679 23 48705 14 48730 35 48787 13 48871 9 48896 7 48916 1 48920 3 48935 41 48985 36 49047 8 49124 12 49152 6 49176 2 49191 42 49240 38 49379 14 49408 5 49447 43 49495 40 49635 15 49664 3 49703 44 49751 40 49894 14 49920 2 49959 45 50008 39 50152 18 50176 1 50214 46 50264 37 50410 18 50469 47 50520 36 50666 22 50724 48 50775 37 50922 22 50979 49 51030 38 51147 1 51178 22 51235 48 51285 40 51400 7 51432 24 51491 45 51539 42 51656 7 51688 24 51747 45 51793 45 51911 9 51943 25 52003 45 52049 45 52166 10 52199 25 52258 92 52422 10 52455 25 52513 94 52677 12 52711 25 52769 94 52933 13 52967 25 53025 94 53190 13 53210 4 53223 25 53281 94 53446 14 53462 10 53475 29 53537 94 53703 57 53793 95 53960 56 54048 96 54217 55 54302 98 54473 55 54557 30 54589 17 54611 45 54729 55 54813 31 54845 15 54867 45 54985 55 55069 33 55103 13 55124 44 55240 56 55325 46 55381 37 55496 56 55581 45 55637 32 55752 56 55836 43 55895 28 56007 57 56091 39 56153 24 56262 2 56267 53 56346 39 56410 20 56524 52 56601 40 56668 14 56781 51 56857 40 56925 11 57038 50 57113 41 57183 8 57294 50 57369 31 57401 11 57440 5 57549 51 57625 28 57659 10 57804 52 57881 27 57916 10 58059 53 58137 26 58172 11 58314 54 58394 24 58430 9 58570 54 58650 22 58689 6 58821 2 58826 54 58906 20 58945 5 59074 62 59162 18 59202 4 59291 13 59329 63 59418 13 59542 19 59584 64 59674 8 59790 29 59839 65 59931 4 60045 34 60095 65 60252 1 60300 35 60351 65 60556 35 60607 65 60804 4 60813 34 60863 65 60967 3 61054 11 61070 34 61118 66 61218 9 61303 19 61326 34 61362 5 61374 66 61473 12 61558 20 61582 33 61618 5 61630 66 61728 15 61814 21 61838 31 61873 7 61886 66 61983 16 62070 54 62129 7 62143 65 62225 3 62239 17 62290 5 62325 53 62385 7 62400 64 62480 4 62494 18 62545 15 62581 53 62641 6 62657 63 62736 5 62750 18 62800 18 62836 54 62897 5 62914 62 62992 5 63005 20 63056 24 63089 57 63154 3 63171 54 63247 7 63260 22 63312 25 63344 59 63428 52 63503 8 63516 22 63569 24 63600 60 63686 49 63759 9 63771 24 63825 25 63856 62 63943 47 64010 15 64027 24 64081 25 64112 62 64200 46 64264 17 64283 25 64338 24 64368 62 64457 44 64512 53 64594 24 64624 62 64718 39 64768 54 64851 23 64880 62 64976 12 64990 23 65024 54 65107 24 65135 63 65233 11 65249 20 65280 54 65363 24 65391 62 65491 9 65510 16
597667,0 91 107 240 364 239 621 237 885 228 1142 227 1398 227 1650 231 1905 232 2153 5 2159 234 2409 240 2665 238 2920 238 3176 237 3430 239 3685 239 3938 242 4194 175 4371 66 4449 134 4584 41 4628 65 4704 135 4841 40 4885 11 4897 53 4960 134 5098 40 5142 10 5154 52 5216 134 5355 39 5399 10 5410 57 5472 134 5612 39 5655 69 5729 105 5835 27 5869 39 5911 69 5985 104 6098 19 6126 40 6167 69 6242 103 6358 15 6383 109 6499 102 6616 12 6640 109 6755 102 6873 10 6896 110 7011 102 7133 5 7152 84 7237 26 7267 103 7408 83 7495 27 7523 102 7666 80 7756 22 7779 102 7923 76 8016 5 8023 11 8037 100 8179 75 8282 8 8295 99 8435 72 8539 7 8551 109 8690 71 8796 6 8807 110 8945 71 9054 4 9062 112 9192 79 9310 121 9437 2 9447 79 9567 122 9691 7 9702 79 9823 214 10078 214 10334 214 10590 184 10779 24 10847 183 11036 23 11103 183 11292 23 11359 183 11549 21 11616 181 11807 18 11848 1 11873 181 12066 14 12104 7 12128 183 12325 10 12359 11 12383 185 12581 9 12615 12 12639 161 12801 11 12814 11 12836 9 12871 14 12895 161 13060 8 13070 14 13092 8 13127 14 13152 160 13317 7 13326 17 13347 8 13382 15 13415 153 13574 36 13638 15 13673 151 13831 34 13893 16 13929 151 14088 30 14149 16 14186 150 14345 29 14404 18 14444 148 14605 24 14661 17 14700 148 14862 3 14870 14 14917 17 14957 147 15128 11 15173 17 15213 147 15385 8 15430 16 15469 147 15643 3 15685 17 15724 148 15941 17 15979 149 16148 1 16197 16 16234 150 16404 2 16453 16 16489 151 16710 14 16744 152 16967 13 16999 153 17223 12 17255 153 17480 6 17509 155 17736 5 17764 160 17992 4 18020 163 18245 8 18275 165 18495 14 18527 170 18751 14 18780 174 19007 14 19033 177 19263 14 19288 179 19510 1 19519 14 19543 180 19764 26 19798 182 20019 31 20051 61 20125 113 20274 94 20381 116 20529 95 20637 117 20784 96 20887 123 21040 96 21142 125 21295 97 21395 128 21551 22 21577 203 21807 22 21834 202 22064 21 22090 68 22159 134 22321 19 22345 67 22418 131 22580 16 22601 67 22674 130 22817 2 22839 13 22856 67 22931 128 23072 5 23097 11 23109 69 23182 4 23189 127 23327 6 23354 8 23365 69 23437 5 23446 126 23583 14 23610 7 23621 69 23691 8 23702 128 23838 16 23867 5 23877 78 23958 130 24093 19 24125 2 24133 78 24215 130 24348 21 24387 80 24471 157 24642 12 24661 62 24726 162 24898 11 24916 63 24981 166 25154 10 25170 56 25229 5 25237 168 25411 9 25426 61 25493 168 25667 9 25682 60 25749 168 25923 9 25937 64 26005 169 26179 9 26192 66 26261 170 26435 9 26447 67 26516 2 26519 169 26690 10 26703 71 26777 253 27033 253 27290 254 27546 255 27803 255 28059 255 28316 2645 30964 252 31221 251 31478 250 31734 9 31744 241 31988 10 32000 254 32256 253 32512 253 32768 253 33024 252 33280 251 33533 254 33788 1251 35041 254 35300 249 35556 248 35812 246 36067 246 36322 246 36576 247 36832 245 37086 247 37338 250 37593 251 37849 250 38104 250 38357 253 38612 254 38868 254 39124 254 39381 252 39638 252 39894 253 40150 11015 51166 17 51185 234 51425 14 51442 231 51684 10 51698 232 51939 9 51955 231 52195 6 52211 232 52451 5 52468 231 52708 3 52724 232 52982 230 53244 226 53501 227 53757 228 54014 228 54270 229 54526 229 54784 228 55040 229 55296 230 55552 230 55808 230 56064 230 56320 229 56576 228 56832 222 57088 222 57344 222 57600 222 57856 222 58112 222 58368 223 58624 223 58880 224 59136 225 59392 57 59453 164 59648 57 59710 164 59904 57 59965 165 60160 57 60221 165 60416 225 60672 225 60928 224 61184 223 61440 223 61696 223 61952 34 61987 172 62163 12 62208 33 62245 168 62419 12 62464 32 62502 166 62675 13 62720 31 62759 165 62931 14 62976 31 63016 164 63187 14 63232 14 63247 15 63272 164 63443 15 63488 13 63505 13 63529 162 63699 15 63744 12 63762 11 63786 153 63940 7 63954 16 64000 12 64019 10 64042 151 64196 6 64210 16 64256 12 64281 4 64298 149 64452 6 64466 16 64512 12 64554 145 64709 3 64722 15 64768 12 64810 144 64978 15 65024 12 65066 144 65234 14 65280 12 65322 143 65490 14
602248,0 8474 8475 255 8731 56805
607765,0 65536
609763,35 19 155 29 186 17 292 18 411 30 443 15 548 18 668 30 700 13 804 17 925 30 956 12 1061 16 1144 4 1158 3 1182 39 1317 15 1399 6 1412 5 1442 30 1572 16 1654 8 1667 7 1699 26 1827 16 1908 11 1921 10 1955 25 2011 4 2039 3 2083 16 2163 24 2211 25 2266 5 2293 7 2338 15 2418 25 2467 10 2480 12 2511 2 2522 6 2548 9 2594 12 2674 26 2711 3 2724 8 2737 10 2765 8 2778 6 2803 10 2850 10 2886 1 2931 27 2964 7 2980 9 2996 3 3019 12 3033 8 3058 11 3107 8 3141 4 3187 28 3217 11 3236 9 3273 25 3314 14 3365 5 3395 8 3444 40 3492 9 3528 27 3570 14 3649 12 3702 38 3749 7 3784 28 3827 13 3904 13 3961 35 4008 3 4039 30 4084 12 4159 13 4218 33 4295 30 4340 12 4415 12 4476 31 4551 33 4596 12 4670 13 4733 29 4808 33 4852 12 4926 11 4992 6 5007 11 5064 34 5108 12 5181 10 5264 10 5321 33 5363 13 5437 8 5520 10 5579 32 5619 13 5692 8 5777 9 5836 31 5875 13 5948 6 6034 8 6094 30 6130 14 6203 7 6275 1 6290 9 6313 5 6351 49 6459 6 6530 3 6546 9 6568 8 6608 8 6618 38 6715 6 6785 5 6802 10 6824 8 6865 4 6875 24 6900 12 6971 6 7040 6 7059 9 7080 8 7131 24 7156 12 7227 5 7296 7 7315 9 7337 7 7387 24 7413 11 7485 2 7506 4 7551 7 7572 8 7594 7 7643 37 7761 6 7806 7 7828 8 7851 7 7899 37 7962 1 8017 6 8061 9 8084 8 8108 13 8156 36 8216 6 8272 8 8316 10 8341 6 8366 11 8413 35 8472 7 8528 8 8572 10 8599 4 8622 11 8670 34 8727 9 8784 8 8828 9 8856 2 8878 10 8926 34 8982 11 9040 8 9084 8 9135 9 9184 32 9238 11 9296 7 9340 7 9392 7 9441 31 9493 12 9553 6 9574 1 9598 3 9698 30 9748 14 9766 5 9810 4 9828 5 9954 30 10003 25 10068 1 10084 5 10206 34 10259 26 10327 2 10332 1 10339 6 10461 35 10514 27 10582 19 10717 35 10770 27 10838 19 10864 4 10878 4 10973 35 11026 27 11093 20 11120 4 11133 6 11193 5 11229 35 11281 28 11328 2 11348 21 11375 7 11388 9 11445 12 11486 34 11537 28 11583 3 11603 21 11630 9 11643 10 11701 13 11743 33 11794 26 11839 4 11859 21 11885 10 11898 11 11956 15 12003 29 12052 23 12114 22 12140 10 12153 12 12213 14 12261 27 12310 20 12370 21 12395 10 12408 13 12473 11 12518 26 12565 21 12627 18 12649 11 12662 15 12728 11 12775 25 12821 21 12883 17 12905 11 12917 16 12984 11 13022 4 13032 24 13076 21 13141 13 13160 29 13240 11 13277 6 13289 23 13331 22 13398 6 13416 29 13494 13 13533 7 13546 22 13586 22 13671 31 13748 15 13789 8 13801 23 13841 22 13925 35 14003 16 14044 36 14097 20 14179 38 14258 16 14301 35 14352 20 14433 40 14513 17 14557 35 14608 19 14687 41 14759 2 14768 18 14814 34 14864 17 14943 40 15014 4 15024 18 15046 2 15071 4 15078 26 15120 16 15199 41 15271 3 15280 28 15328 2 15335 25 15376 15 15456 34 15493 3 15528 3 15536 29 15593 3 15598 4 15606 10 15632 12 15713 9 15724 20 15748 5 15786 3 15792 29 15862 10 15889 8 15970 7 15980 18 16003 7 16042 36 16096 2 16118 10 16149 1 16228 3 16236 18 16255 11 16299 34 16374 10 16492 9 16507 15 16537 3 16555 33 16592 2 16630 10 16748 7 16763 14 16792 5 16811 40 16887 9 17004 6 17018 14 17048 5 17067 32 17100 7 17144 8 17260 6 17273 15 17303 6 17324 40 17373 5 17399 9 17517 5 17528 16 17558 8 17581 39 17628 8 17655 9 17774 3 17783 16 17813 9 17838 38 17884 10 17911 9 18038 17 18068 10 18083 2 18095 37 18140 10 18167 9 18294 17 18323 11 18338 3 18351 37 18397 12 18423 9 18491 5 18550 16 18579 10 18592 5 18607 36 18653 15 18680 8 18746 7 18807 15 18836 8 18845 8 18863 34 18910 14 18936 8 19001 9 19064 13 19092 2 19101 8 19120 32 19167 13 19192 8 19240 3 19257 9 19322 9 19352 13 19376 33 19425 11 19447 9 19495 5 19512 11 19608 13 19631 35 19683 9 19701 11 19742 5 19750 6 19768 11 19864 14 19884 39 19940 7 19956 12 19997 16 20024 12 20120 36 20159 20 20196 7 20211 13 20252 16 20281 11 20334 5 20376 35 20415 21 20453 5 20467 13 20507 16 20537 11 20581 5 20587 9 20632 32 20670 22 20723 13 20763 12 20792 12 20837 16 20889 31 20926 23 20979 13 21007 3 21019 11 21048 12 21066 5 21092 18 21146 29 21182 25 21235 13 21262 25 21303 13 21319 9 21348 22 21404 26 21438 26 21492 12 21517 26 21559 27 21604 24 21665 21 21694 30 21750 10 21773 26 21815 27 21860 24 21921 20 21949 32 22007 9 22028 28 22071 28 22116 25 22176 20 22204 34 22265 7 22283 28 22328 27 22371 27 22399 2 22432 21 22456 38 22538 28 22585 6 22593 18 22627 32 22687 22 22710 23 22734 17 22793 28 22847 19 22883 33 22944 62 23049 27 23103 18 23139 33 23200 53 23257 5 23304 29 23359 18 23394 18 23415 13 23446 4 23456 53 23513 4 23527 2 23560 29 23615 18 23650 18 23673 11 23700 7 23712 16 23732 34 23769 3 23782 4 23816 30 23865 24 23906 34 23954 9 23969 15 23988 33 24026 2 24038 5 24071 24 24096 7 24120 25 24162 33 24210 10 24225 14 24244 33 24282 2 24286 2 24293 7 24327 17 24345 4 24351 9 24375 26 24420 30 24456 3 24465 12 24482 13 24500 32 24538 18 24583 15 24601 3 24607 9 24630 27 24680 26 24709 7 24720 14 24738 13 24755 32 24793 20 24839 14 24858 1 24863 9 24877 36 24937 35 24975 33 25011 27 25048 22 25095 14 25118 9 25132 37 25194 34 25230 34 25267 16 25303 24 25351 13 25375 7 25387 37 25452 66 25523 10 25560 25 25607 12 25632 5 25642 37 25711 58 25770 4 25779 9 25816 27 25863 12 25898 36 25968 56 26037 7 26071 28 26121 9 26154 36 26224 10 26235 16 26254 26 26295 5 26327 28 26380 2 26409 36 26480 56 26552 4 26583 28 26621 3 26665 21 26688 10 26738 4 26745 12 26762 30 26809 4 26839 28 26876 4 26921 20 26946 3 27000 47 27065 3 27095 28 27132 4 27177 20 27256 46 27322 2 27352 27 27387 5 27433 20 27511 47 27609 26 27642 6 27689 20 27767 48 27875 16 27893 1 27898 6 27922 3 27945 19 28022 49 28129 31 28177 5 28202 17 28276 51 28384 32 28433 6 28459 8 28470 4 28532 55 28640 32 28689 7 28716 5 28787 59 28895 33 28945 8 28973 3 29043 59 29151 33 29201 9 29299 60 29407 33 29458 9 29555 60 29663 33 29715 10 29812 59 29919 33 29971 11 29993 4 30034 3 30068 59 30175 33 30227 12 30247 6 30290 3 30325 57 30431 33 30483 13 30503 6 30538 4 30544 5 30582 54 30688 32 30740 12 30759 5 30793 12 30839 51 30945 31 30996 12 31015 4 31038 5 31049 13 31097 48 31202 3 31208 24 31252 12 31271 4 31293 7 31305 13 31353 48 31465 23 31508 14 31527 3 31549 8 31561 14 31600 2 31610 48 31723 21 31750 7 31763 17 31781 4 31805 9 31817 14 31855 4 31866 48 31980 20 32003 11 32018 22 32061 27 32110 5 32121 50 32225 3 32236 20 32258 35 32317 27 32350 1 32366 5 32377 50 32479 7 32493 57 32574 26 32605 4 32622 5 32632 51 32718 7 32735 7 32749 57 32830 26 32860 6 32869 3 32878 5 32888 51 32971 12 32991 8 33005 57 33086 26 33116 13 33134 5 33144 50 33225 14 33247 7 33261 58 33343 25 33371 14 33390 5 33400 50 33472 4 33480 17 33503 7 33517 58 33600 24 33625 17 33645 7 33656 17 33677 9 33690 15 33727 27 33760 5 33773 58 33856 24 33881 29 33912 17 33935 5 33946 15 33981 29 34029 58 34113 53 34169 17 34202 15 34232 35 34278 5 34286 56 34351 2 34370 10 34383 39 34426 16 34458 16 34487 27 34519 5 34533 7 34544 55 34605 5 34626 52 34682 17 34714 16 34743 25 34775 4 34788 8 34801 54 34860 6 34873 5 34882 52 34939 18 34970 16 34999 15 35032 2 35039 14 35058 54 35114 9 35129 62 35196 18 35225 17 35254 11 35285 5 35294 15 35313 66 35384 64 35453 17 35481 15 35510 10 35540 6 35549 86 35640 66 35709 18 35736 17 35765 10 35783 7 35795 5 35805 86 35896 67 35967 17 35989 21 36020 10 36037 11 36050 6 36060 87 36152 68 36224 44 36275 10 36289 22 36317 87 36408 69 36482 4 36487 52 36544 23 36573 87 36664 70 36744 49 36800 23 36829 75 36905 11 36920 70 37000 48 37056 24 37085 75 37161 11 37175 13 37189 57 37256 45 37312 24 37340 78 37421 7 37429 14 37446 56 37511 44 37567 26 37594 89 37685 13 37703 55 37767 13 37783 27 37823 74 37900 38 37940 14 37960 54 38023 12 38038 26 38079 73 38158 52 38217 54 38277 12 38294 23 38334 19 38356 51 38415 51 38474 2 38477 64 38550 22 38590 19 38612 50 38671 51 38733 61 38806 22 38845 21 38868 49 38927 51 38989 59 39063 20 39100 23 39125 48 39183 52 39245 59 39319 20 39355 73 39439 49 39489 6 39502 14 39519 41 39574 22 39611 50 39666 17 39695 57 39759 13 39775 42 39830 23 39866 51 39923 13 39951 58 40016 11 40031 46 40085 25 40122 39 40164 8 40181 11 40208 58 40274 9 40287 48 40341 26 40377 40 40421 7 40437 11 40465 58 40533 4 40544 48 40598 27 40632 42 40678 7 40693 11 40724 55 40800 49 40855 27 40888 42 40934 7 40950 10 40985 51 41055 50 41112 26 41143 44 41191 8 41206 10 41242 50 41311 49 41368 27 41398 15 41416 28 41447 9 41462 10 41499 50 41567 49 41625 40 41672 29 41704 8 41719 9 41755 50 41823 48 41881 40 41928 29 41961 7 41975 9 42012 50 42079 46 42137 42 42184 29 42217 7 42232 8 42269 50 42335 46 42394 42 42440 29 42473 7 42488 8 42527 49 42592 7 42601 37 42652 40 42696 29 42729 7 42745 7 42784 48 42850 4 42857 37 42910 39 42952 29 42985 7 43002 6 43040 49 43114 36 43166 39 43206 32 43241 6 43260 4 43296 49 43371 36 43422 72 43497 9 43517 3 43553 49 43628 36 43678 72 43753 10 43775 1 43810 49 43885 35 43933 74 44009 11 44068 48 44140 36 44187 90 44326 46 44396 37 44441 92 44536 4 44585 44 44653 36 44696 93 44791 7 44850 35 44910 3 44915 30 44951 93 45047 8 45107 34 45152 5 45172 29 45205 94 45302 10 45363 34 45407 7 45428 127 45558 10 45618 35 45661 10 45685 56 45742 69 45814 10 45874 35 45915 13 45942 55 46000 67 46071 9 46129 35 46171 13 46200 54 46258 65 46328 8 46385 35 46427 13 46457 54 46514 65 46584 8 46641 34 46683 13 46713 55 46771 63 46841 7 46897 34 46938 13 46970 54 47026 63 47097 7 47153 32 47194 13 47226 25 47255 90 47354 6 47409 29 47450 12 47482 24 47512 89 47611 5 47665 28 47706 12 47719 7 47738 24 47764 69 47834 23 47869 3 47921 27 47961 22 47995 93 48090 23 48126 2 48178 23 48217 23 48251 119 48435 21 48468 29 48508 19 48529 97 48692 19 48724 12 48737 17 48764 18 48787 95 48950 16 48979 11 48993 17 49022 15 49044 92 49141 4 49209 10 49236 9 49248 19 49285 7 49300 77 49396 6 49466 7 49492 9 49504 19 49544 2 49557 75 49652 7 49722 6 49749 8 49759 20 49813 31 49845 43 49908 7 49978 5 50006 8 50015 20 50069 30 50101 43 50164 7 50235 4 50262 29 50299 2 50325 30 50356 45 50421 5 50518 30 50552 6 50566 3 50581 76 50679 1 50774 41 50821 7 50837 77 51030 6 51037 34 51076 9 51094 76 51286 5 51294 34 51332 9 51351 76 51428 4 51542 4 51550 34 51587 11 51613 76 51798 3 51806 49 51870 75 52054 3 52063 49 52127 75 52310 4 52319 49 52384 74 52565 5 52576 49 52629 1 52641 73 52820 7 52833 137 53076 7 53092 134 53232 6 53332 8 53350 131 53487 14 53588 8 53607 130 53742 17 53845 5 53863 117 53986 6 53997 18 54102 1 54120 70 54191 42 54243 5 54250 22 54377 68 54448 39 54497 31 54543 8 54634 67 54704 38 54752 32 54798 11 54891 65 54961 38 55007 37 55054 12 55148 9 55160 51 55219 36 55263 38 55310 12 55404 8 55415 50 55475 36 55518 40 55565 14 55660 7 55671 50 55731 37 55774 40 55821 14 55918 5 55928 49 55987 37 56030 40 56077 18 56175 3 56185 48 56243 37 56286 40 56334 21 56448 41 56500 37 56540 41 56591 21 56622 3 56705 40 56757 80 56848 21 56878 5 56962 39 57014 78 57104 21 57133 7 57144 1 57151 2 57218 39 57271 77 57359 22 57388 16 57405 7 57474 40 57529 75 57615 21 57643 26 57730 41 57772 1 57788 18 57808 52 57871 20 57899 27 57986 45 58045 17 58065 51 58127 19 58155 27 58242 46 58303 14 58322 49 58383 19 58411 27 58497 47 58564 10 58578 49 58631 5 58639 19 58667 27 58752 49 58820 10 58835 80 58922 28 59007 50 59059 6 59066 1 59076 11 59092 80 59177 28 59263 61 59331 12 59355 37 59394 36 59432 29 59518 62 59585 15 59611 37 59650 66 59774 82 59867 37 59906 65 60030 83 60122 38 60162 65 60287 82 60378 38 60419 64 60543 83 60633 39 60675 65 60799 83 60889 39 60931 66 61055 84 61146 38 61188 66 61312 3 61319 10 61334 60 61402 38 61442 70 61576 8 61591 8 61601 49 61658 110 61833 6 61848 7 61858 11 61872 33 61914 110 62090 7 62102 8 62116 7 62126 21 62148 12 62170 110 62349 5 62357 9 62382 20 62406 9 62425 112 62603 18 62638 21 62663 9 62680 113 62858 19 62894 21 62920 8 62936 4 62947 103 63113 19 63151 20 63177 7 63192 4 63203 104 63368 20 63407 19 63434 6 63449 3 63459 29 63491 5 63500 63 63624 19 63664 18 63691 4 63715 29 63756 64 63879 14 63894 3 63921 16 63949 1 63971 26 64012 64 64135 19 64158 2 64176 18 64227 28 64269 63 64348 6 64391 27 64432 19 64483 28 64525 63 64601 11 64647 27 64687 21 64725 4 64739 29 64782 62 64854 15 64902 7 64913 18 64942 23 64980 9 64995 29 65041 59 65103 23 65136 3 65158 6 65169 18 65197 24 65235 12 65251 29 65300 83 65391 4 65414 3 65425 18 65453 24 65490 15 65509 3 65514 22
614290,14845 3 15099 5 15351 9 15604 12 15856 16 16109 19 16364 20 16618 22 16874 22 17121 6 17130 22 17375 33 17626 38 17878 42 18133 43 18388 44 18638 50 18893 51 19147 53 19399 57 19649 1 19654 58 19902 66 20152 72 20405 75 20658 78 20911 81 21163 85 21417 87 21667 93 21921 95 22171 101 22425 103 22680 104 22934 106 23187 109 23439 113 23691 117 23944 120 24193 3 24199 121 24448 128 24702 130 24952 136 25205 139 25457 143 25707 149 25962 150 26216 152 26468 156 26720 160 26973 163 27221 171 27474 174 27727 177 27981 179 28230 186 28485 187 28740 188 28996 188 29252 188 29509 187 29745 9 29766 186 29997 14 30024 184 30251 16 30281 183 30505 18 30538 182 30759 20 30795 181 31012 23 31051 181 31267 24 31308 180 31521 26 31565 179 31774 29 31821 179 32029 30 32077 179 32283 32 32333 179 32525 45 32588 180 32775 50 32844 180 33028 53 33099 237 33346 246 33601 248 33856 249 34111 251 34366 252 34621 253 34877 255 35134 254 35391 253 35647 253 35904 254 36159 6187 42347 255 42603 22933
614416,0 65536
623676,0 6 215 12 239 14 256 7 471 13 495 15 512 7 727 13 751 16 768 8 983 2 987 10 1007 25 1245 8 1263 26 1502 6 1519 26 1758 6 1776 25 2014 5 2031 25 2271 3 2287 24 2543 24 2799 23 3056 16 3073 4 3234 5 3312 16 3489 7 3568 16 3745 8 3825 15 4001 8 4081 14 4258 7 4338 11 4514 7 4585 1 4594 8 4771 5 4840 4 4851 4 5028 3 5096 4 5352 4 5608 5 5864 5 6119 6 6375 7 6632 5 6888 5 7952 3 8206 9 8398 2 8460 13 8715 14 8970 16 9225 16 9479 18 9734 18 9988 20 10216 4 10240 23 10471 6 10496 24 10725 9 10752 24 10980 11 11008 24 11236 13 11264 25 11492 14 11520 26 11747 16 11776 26 12003 16 12032 26 12259 16 12288 26 12514 17 12544 3 12550 18 12770 17 12808 15 13026 17 13065 12 13281 17 13322 10 13537 17 13579 10 13791 18 13836 9 14047 16 14093 7 14303 13 14350 5 14559 12 14815 13 15072 12 15093 1 15328 12 15349 1 15586 10 15604 2 15843 8 15860 2 16030 2 16100 6 16115 3 16283 8 16357 4 16371 3 16536 12 16626 5 16790 15 16882 5 17045 17 17138 4 17300 18 17395 3 17555 19 17651 3 17811 19 18066 20 18323 19 18580 18 18836 18 19093 10 19106 2 19350 6 19423 9 19678 12 19933 14 20189 18 20445 20 20702 20 20958 21 21215 20 21472 19 21728 19 21984 18 22241 17 22498 15 22754 14 23012 11 23198 2 23254 4 23271 7 23510 4 23765 6 24019 7 24273 9 24528 10 24780 15 25018 3 25036 17 25265 13 25292 18 25519 16 25548 18 25774 18 25804 18 26030 18 26060 17 26286 19 26315 16 26542 19 26571 14 26798 19 26826 15 27054 20 27078 19 27312 40 27569 46 27827 32 27863 9 28083 47 28340 47 28596 49 28853 52 29111 53 29370 51 29627 51 29884 50 30141 49 30399 46 30638 2 30657 20 30679 22 30892 5 30917 16 30937 20 31147 7 31174 15 31193 20 31402 9 31431 38 31657 11 31686 38 31911 14 31941 37 32167 15 32192 41 32423 15 32446 43 32679 16 32700 46 32936 15 32955 48 33193 14 33211 50 33457 6 33467 56 33713 6 33723 58 33969 5 33979 63 34226 4 34234 64 34483 1 34490 65 34746 65 35002 65 35258 66 35514 66 35771 66 36027 68 36284 68 36541 67 36797 67 37053 67 37308 68 37563 69 37819 69 38075 69 38330 70 38585 71 38840 72 39094 74 39349 75 39605 75 39861 75 40118 74 40374 74 40630 74 40885 75 41141 75 41397 75 41653 75 41901 3 41909 75 42154 7 42167 73 42409 8 42430 66 42664 9 42686 66 42920 10 42942 66 43175 11 43198 66 43414 2 43430 13 43453 67 43669 4 43681 17 43708 68 43880 4 43924 6 43936 18 43958 74 44135 7 44180 6 44191 18 44213 75 44390 8 44436 6 44446 19 44466 78 44646 9 44694 4 44702 98 44902 9 44950 4 44957 99 45158 9 45206 5 45212 47 45260 52 45415 8 45463 52 45517 20 45538 30 45672 15 45719 73 45796 28 45930 14 45978 69 46057 18 46077 3 46188 12 46235 68 46305 1 46314 16 46335 1 46445 10 46491 67 46570 15 46747 66 46826 13 47003 66 47082 12 47259 66 47338 9 47515 66 47595 6 47770 54 47827 9 47853 1 47861 7 48026 54 48087 4 48116 9 48283 5 48292 45 48372 10 48539 3 48550 34 48590 3 48628 10 48806 33 48883 12 48971 5 49062 33 49140 11 49225 8 49318 34 49396 11 49481 8 49575 33 49652 12 49736 9 49822 2 49836 28 49909 11 49992 9 50076 5 50093 27 50166 10 50248 9 50330 7 50350 26 50423 9 50505 8 50582 10 50606 24 50680 8 50761 8 50837 11 50863 20 50936 8 51018 6 51093 11 51120 18 51192 8 51276 3 51348 12 51380 11 51448 8 51603 13 51638 6 51705 7 51855 18 51966 2 52110 20 52365 21 52620 22 52875 22 52979 3 53130 23 53159 6 53192 4 53234 7 53386 23 53414 9 53447 11 53489 9 53642 23 53669 12 53703 13 53744 10 53898 24 53924 14 53945 2 53959 13 54000 11 54154 42 54199 6 54206 3 54215 3 54222 6 54256 11 54410 8 54419 50 54479 5 54512 11 54666 7 54675 51 54735 5 54769 9 54921 63 54991 5 55176 65 55247 5 55432 66 55502 8 55687 83 55942 88 56198 91 56454 93 56711 95 56969 10 56982 82 57226 7 57243 79 57499 81 57755 83 57876 3 58011 84 58130 7 58266 86 58386 8 58519 89 58641 11 58758 3 58773 91 58897 12 59014 9 59028 92 59154 11 59270 107 59410 11 59525 108 59666 11 59781 108 59903 1 59922 11 59938 2 60036 109 60157 3 60178 11 60193 4 60292 109 60412 4 60434 11 60449 5 60548 109 60668 4 60690 11 60705 5 60805 107 60924 4 60945 13 60959 7 61065 103 61181 3 61201 21 61322 102 61457 20 61578 101 61713 20 61834 100 61952 1 61970 18 62091 100 62208 3 62226 18 62351 99 62464 4 62484 17 62609 99 62720 5 62741 18 62866 99 62976 6 62997 19 63123 98 63232 7 63253 19 63379 99 63488 8 63509 19 63636 98 63744 8 63765 19 63892 98 64000 9 64021 19 64148 97 64256 9 64277 19 64404 96 64512 9 64534 18 64574 3 64661 95 64768 9 64792 17 64827 7 64918 93 65024 8 65051 14 65082 8 65176 90 65280 7 65309 11 65337 9 65434 87
632056,0 11515 11516 258 11776 252 12032 249 12288 248 12544 242 12800 241 13056 236 13312 229 13543 3 13568 228 13824 228 14080 225 14336 224 14592 219 14848 218 15104 214 15360 212 15616 209 15872 206 16128 203 16384 202 16640 199 16896 196 17152 192 17408 190 17664 186 17920 184 18176 180 18432 178 18688 174 18944 172 19200 168 19456 166 19712 163 19968 160 20224 155 20480 144 20626 8 20736 147 20992 146 21248 140 21504 140 21760 137 22016 135 22272 132 22528 130 22784 126 23040 124 23296 122 23552 119 23808 116 24064 113 24320 109 24576 107 24832 104 25088 101 25344 97 25600 95 25856 92 26112 89 26368 84 26624 81 26880 80 27136 78 27392 76 27648 72 27904 69 28160 65 28416 62 28672 59 28928 56 29184 53 29440 50 29696 47 29952 43 30208 41 30464 35 30720 34 30976 31 31232 29 31488 26 31744 23 32000 16 32256 16 32512 13 32768 11 33024 7 33280 5 33536 4
636405,0 65536
636648,0 127 256 127 512 127 768 127 1024 127 1280 127 1536 127 1792 128 2048 128 2304 128 2560 128 2816 128 3072 129 3328 129 3584 129 3840 129 4096 130 4352 130 4608 130 4864 130 5120 130 5376 131 5632 131 5888 131 6144 131 6400 131 6656 131 6912 132 7168 132 7424 132 7680 133 7936 133 8192 133 8448 133 8704 134 8960 134 9216 134 9472 134 9728 134 9984 135 10240 135 10496 135 10752 135 11008 135 11264 136 11520 136 11776 136 12032 136 12288 136 12544 137 12800 137 13056 137 13312 137 13568 137 13824 137 14080 138 14336 138 14592 138 14848 139 15104 139 15360 139 15616 139 15872 140 16128 140 16384 140 16640 140 16896 141 17152 141 17408 141 17664 141 17920 142 18176 142 18432 142 18688 142 18944 142 19200 143 19456 143 19712 143 19968 144 20224 144 20480 144 20736 144 20992 144 21248 144 21504 145 21760 145 22016 145 22272 145 22528 146 22784 146 23040 146 23296 146 23552 146 23808 147 24064 147 24320 147 24576 148 24832 148 25088 148 25344 148 25600 148 25856 148 26112 149 26368 149 26624 149 26880 150 27136 150 27392 150 27648 150 27904 150 28160 150 28416 151 28672 151 28928 151 29184 151 29440 152 29696 152 29952 152 30208 152 30464 152 30720 153 30976 153 31232 153 31488 153 31744 153 32000 154 32256 154 32512 154 32768 154 33024 154 33280 155 33536 155 33792 155 34048 155 34304 156 34560 156 34816 156 35072 156 35328 156 35584 157 35840 157 36096 157 36352 157 36608 158 36864 158 37120 158 37376 158 37632 159 37888 159 38144 159 38400 159 38656 159 38912 160 39168 160 39424 160 39680 160 39936 160 40192 161 40448 161 40704 161 40960 161 41216 162 41472 162 41728 162 41984 162 42240 162 42496 163 42752 163 43008 163 43264 163 43520 163 43776 164 44032 164 44288 164 44544 164 44800 164 45056 165 45312 165 45568 165 45824 166 46080 166 46336 166 46592 166 46848 166 47104 167 47360 167 47616 167 47872 167 48128 167 48384 168 48640 168 48896 168 49152 168 49408 168 49664 169 49920 169 50176 169 50432 169 50688 170 50944 170 51200 170 51456 170 51712 170 51968 171 52224 171 52480 171 52736 171 52992 172 53248 172 53504 172 53760 172 54016 172 54272 173 54528 173 54784 173 55040 173 55296 173 55552 174 55808 174 56064 174 56320 174 56576 175 56832 175 57088 175 57344 175 57600 176 57856 176 58112 176 58368 176 58624 176 58880 177 59136 177 59392 177 59648 177 59904 178 60160 178 60416 178 60672 178 60928 178 61184 179 61440 179 61696 179 61952 179 62208 180 62464 180 62720 180 62976 180 63232 181 63488 181 63744 181 64000 181 64256 181 64512 182 64768 182 65024 182 65280 182
650818,47 209 303 209 558 210 814 210 1070 210 1326 210 1582 210 1837 211 2093 211 2350 210 2606 210 2861 211 3117 211 3373 211 3629 211 3887 209 4144 208 4400 208 4656 208 4913 207 5169 207 5425 207 5681 207 5936 208 6192 208 6449 207 6706 206 6962 206 7218 206 7474 206 7730 206 7986 206 8241 207 8497 207 8753 207 9010 206 9266 206 9522 206 9779 205 10035 205 10291 205 10546 206 10802 206 11058 206 11314 206 11571 205 11827 205 12084 204 12340 204 12596 204 12853 203 13108 204 13364 204 13620 204 13876 204 14133 203 14389 203 14645 203 14902 202 15158 202 15414 202 15670 202 15926 202 16182 202 16438 202 16694 202 16951 201 17208 200 17464 200 17720 200 17976 200 18232 200 18488 200 18744 200 19000 200 19258 198 19514 198 19770 198 20026 198 20282 198 20538 198 20794 198 21050 198 21306 198 21565 195 21821 195 22077 195 22332 196 22588 196 22844 196 23100 196 23356 196 23613 195 23869 195 24126 194 24383 193 24639 193 24895 193 25151 193 25406 194 25662 194 25918 194 26174 194 26430 194 26687 193 26944 192 27200 192 27456 192 27713 191 27968 192 28224 192 28480 192 28736 192 28993 191 29250 190 29506 190 29762 190 30018 190 30275 189 30530 190 30786 190 31042 190 31298 190 31555 189 31812 188 32068 188 32324 188 32580 188 32836 188 33092 188 33348 188 33604 188 33860 188 34117 187 34374 186 34630 186 34886 186 35142 186 35398 186 35654 186 35910 186 36166 186 36422 186 36679 185 36936 184 37192 184 37448 184 37704 184 37960 184 38216 184 38472 184 38729 183 38985 183 39243 181 39499 181 39755 181 40010 182 40266 182 40522 182 40778 182 41035 181 41291 181 41547 181 41804 180 42060 180 42316 180 42572 180 42828 180 43084 180 43340 180 43596 180 43852 180 44109 179 44365 179 44622 178 44878 178 45134 178 45390 178 45646 178 45902 178 46158 178 46414 178 46671 177 46927 177 47184 176 47440 176 47696 176 47952 176 48208 176 48464 176 48720 176 48976 176 49233 175 49490 174 49746 174 50002 174 50258 174 50514 174 50770 174 51026 174 51283 173 51540 172 51796 172 52052 172 52309 171 52565 171 52820 172 53076 172 53333 171 53589 171 53845 171 54102 170 54358 170 54615 169 54870 170 55126 170 55382 170 55638 170 55894 170 56151 169 56407 169 56663 169 56920 168 57176 168 57432 168 57688 168 57944 168 58200 168 58456 168 58713 167 58969 167 59225 167 59482 166 59738 166 59994 166 60250 166 60506 166 60762 166 61019 165 61275 165 61531 165 61788 164 62044 164 62300 164 62556 164 62813 163 63068 164 63324 164 63580 164 63837 163 64093 163 64349 163 64605 163 64861 163 65117 163 65374 162
652005,0 65536
655919,0 763 766 252 1023 242 1266 7 1280 249 1536 248 1787 1 1792 248 2043 2 2048 248 2301 251 2559 250 2815 250 3072 251 3328 251 3584 253 3840 253 4096 253 4352 253 4608 253 4864 253 5120 249 5370 2 5375 246 5626 3 5630 247 5882 241 6124 9 6139 237 6380 9 6395 236 6636 9 6647 240 6892 8 6902 243 7149 5 7158 244 7413 246 7669 246 7925 245 8176 250 8431 251 8686 1696 10383 255 10641 253 10898 252 11155 251 11412 250 11668 250 11924 250 12180 250 12435 100 12537 149 12691 99 12794 147 12947 99 13050 147 13203 101 13306 147 13458 103 13562 255 13818 1147 14967 1416 16384 255 16640 254 16896 253 17152 253 17408 253 17664 255 17920 3584 21505 255 21761 255 22017 255 22274 254 22530 254 22787 253 23043 253 23299 253 23555 253 23811 105 23917 147 24068 103 24174 146 24324 192 24519 57 24580 106 24687 85 24776 56 24836 106 24944 84 25032 56 25093 105 25200 84 25287 57 25349 251 25605 251 25861 251 26117 251 26373 251 26629 115 26748 132 26886 111 27005 131 27142 106 27262 130 27398 105 27517 131 27654 105 27773 131 27910 105 28028 24 28054 106 28167 104 28278 4 28283 24 28311 99 28423 104 28534 4 28539 24 28568 94 28679 104 28790 2 28793 26 28827 87 28935 104 29050 26 29084 82 29192 103 29306 26 29342 37 29380 37 29448 103 29563 26 29599 35 29638 31 29704 103 29820 25 29855 35 29898 21 29960 99 30076 25 30111 35 30154 17 30216 98 30331 27 30367 35 30410 12 30473 96 30587 27 30623 36 30729 95 30843 28 30879 37 30985 96 31099 28 31138 32 31241 97 31355 28 31395 29 31497 98 31611 28 31652 26 31754 99 31867 28 31908 23 32010 101 32124 29 32164 19 32267 101 32381 31 32420 14 32523 102 32638 30 32676 8 32779 84 32865 16 32897 28 33035 83 33123 15 33154 25 33291 83 33381 13 33411 23 33547 82 33637 14 33667 19 33803 81 33894 13 33923 17 34059 81 34150 14 34179 10 34316 80 34406 14 34435 8 34572 80 34663 14 34828 79 34920 18 35084 76 35176 17 35340 71 35433 14 35597 5 35603 65 35686 13 35859 67 35940 11 36114 46 36161 21 36190 1 36198 1 36367 49 36419 25 36445 3 36623 47 36675 25 36879 47 36930 25 37135 47 37186 21 37391 47 37441 19 37647 47 37697 16 37903 59 38159 47 38416 45 38672 42 38928 40 39184 32 39218 1 39440 29 39697 25 39953 22 40209 20 40465 14 40722 10 40978 2
659565,0 65536
661320,0 65536
664566,0 65536
666091,14 242 271 241 528 240 784 240 1040 240 1296 240 1552 240 1808 240 2064 240 2320 240 2577 239 2833 239 3089 239 3345 239 3601 239 3857 239 4113 239 4370 238 4626 238 4882 238 5139 237 5395 237 5651 237 5907 237 6164 236 6420 236 6676 236 6932 236 7188 236 7445 171 7618 62 7701 170 7875 61 7957 170 8131 61 8213 170 8387 61 8470 167 8647 57 8726 167 8905 55 8982 167 9159 57 9239 166 9414 53 9470 2 9495 166 9664 56 9751 166 9920 55 10008 165 10176 54 10264 164 10432 54 10520 164 10688 53 10777 163 10944 52 11033 163 11201 46 11289 163 11458 44 11545 163 11714 42 11775 1 11801 164 11970 22 12029 3 12058 164 12226 20 12284 4 12314 165 12482 18 12539 5 12571 164 12738 17 12795 5 12828 164 12994 15 13052 4 13084 163 13249 15 13309 3 13340 163 13505 14 13596 162 13762 5 13852 162 14019 3 14108 161 14364 161 14621 162 14877 163 15057 1 15133 164 15312 4 15389 167 15567 6 15646 166 15822 8 15902 166 16076 11 16158 167 16336 7 16414 168 16593 6 16613 3 16671 170 16849 6 16869 3 16927 171 17105 6 17125 3 17183 172 17361 7 17382 2 17439 174 17616 9 17695 191 17895 3 17951 192 18151 4 18208 192 18407 5 18464 194 18662 7 18721 194 18918 7 18977 205 19234 205 19490 205 19746 206 20002 207 20258 208 20479 1 20514 208 20735 1 20771 207 20990 2 21027 207 21245 3 21283 207 21500 4 21539 207 21755 5 21795 208 22006 10 22052 220 22308 220 22564 220 22820 220 23076 220 23333 219 23589 219 23845 219 24101 219 24358 218 24614 218 24870 218 25127 217 25383 217 25639 217 25896 216 26152 216 26408 216 26664 216 26921 215 27177 215 27434 214 27690 214 27946 214 28202 214 28458 214 28714 214 28971 213 29227 213 29484 212 29740 212 29996 212 30252 212 30508 212 30764 212 31022 210 31278 210 31534 210 31790 210 32046 210 32302 210 32558 210 32814 210 33071 209 33327 209 33583 209 33840 208 34096 208 34352 208 34608 208 34864 208 35121 207 35378 206 35634 206 35890 206 36146 206 36402 206 36658 206 36915 205 37171 205 37427 205 37684 204 37940 204 38196 204 38452 204 38708 204 38964 204 39221 203 39477 203 39734 202 39990 202 40246 202 40502 202 40758 202 41015 201 41271 201 41527 201 41784 200 42040 200 42296 200 42552 200 42809 199 43065 199 43321 199 43578 198 43834 198 44090 198 44346 198 44602 198 44858 198 45115 197 45371 197 45628 196 45884 196 46140 196 46396 196 46652 196 46908 196 47164 196 47421 195 47677 195 47933 195 48189 195 48445 195 48702 194 48958 194 49214 194 49471 193 49727 193 49984 192 50240 192 50496 192 50752 192 51008 192 51265 191 51521 191 51777 191 52034 190 52290 190 52546 190 52802 190 53058 190 53314 190 53570 190 53827 189 54083 189 54340 188 54596 188 54852 188 55108 188 55365 187 55621 187 55877 187 56133 187 56390 186 56646 186 56902 186 57158 186 57415 185 57671 185 57928 184 58184 184 58440 184 58696 184 58952 184 59208 184 59465 183 59722 182 59978 182 60234 182 60490 182 60746 182 61002 182 61258 182 61515 181 61771 86 61860 92 62027 86 62116 92 62283 86 62372 92 62539 85 62628 92 62796 84 62884 92 63052 84 63139 93 63308 84 63394 94 63565 82 63650 2 63653 91 63821 82 63904 2 63910 90 64077 82 64165 91 64334 81 64421 91 64590 81 64676 92 64846 80 64931 93 65102 81 65185 95 65358 178
672675,0 197 256 197 512 196 768 196 1024 196 1280 197 1536 198 1792 198 2048 198 2304 198 2560 199 2816 199 3072 199 3312 4 3328 200 3567 8 3584 142 3729 56 3823 10 3840 139 3987 55 4078 15 4096 138 4243 56 4334 17 4352 137 4499 56 4590 155 4754 1 4760 51 4846 142 4991 9 5017 50 5102 142 5248 7 5274 9 5284 38 5358 11 5370 130 5505 5 5531 8 5541 33 5613 11 5628 128 5762 3 5787 8 5799 31 5869 11 5886 125 6044 7 6056 30 6125 10 6144 121 6300 7 6313 30 6381 9 6400 120 6556 6 6569 30 6637 6 6656 120 6812 6 6825 30 6893 5 6912 119 7052 2 7068 6 7081 29 7149 5 7168 119 7306 6 7324 6 7336 28 7405 5 7424 118 7562 7 7580 6 7593 25 7680 118 7818 7 7838 3 7852 20 7936 104 8041 13 8075 6 8110 17 8192 103 8297 12 8331 6 8377 5 8448 103 8556 1 8561 2 8588 4 8627 2 8635 1 8704 103 8882 4 8960 102 9138 4 9216 102 9391 7 9472 102 9647 6 9728 101 9904 4 9984 101 10162 1 10239 101 10475 3 10494 101 10731 4 10748 102 10987 4 10992 3 11003 103 11248 4 11258 103 11505 3 11514 103 11769 104 12025 105 12281 105 12537 105 12790 108 13044 110 13300 110 13432 1 13555 114 13687 3 13741 5 13811 116 13943 4 13981 3 13997 7 14067 123 14200 2 14236 4 14252 8 14323 125 14456 2 14490 6 14508 9 14579 127 14743 10 14760 14 14835 127 14998 11 15016 4 15022 9 15039 1 15092 128 15254 11 15271 7 15279 8 15295 2 15348 129 15510 11 15526 8 15536 8 15550 7 15605 34 15643 90 15767 11 15781 20 15805 8 15861 33 15902 87 16023 12 16036 13 16050 12 16064 5 16070 3 16074 2 16117 1 16124 25 16160 84 16280 30 16313 15 16331 1 16341 4 16381 23 16420 80 16530 1 16536 30 16569 14 16596 6 16637 20 16677 79 16785 4 16791 31 16826 13 16852 6 16893 19 16938 73 17032 45 17081 15 17099 1 17108 6 17149 21 17189 78 17287 65 17355 2 17363 7 17395 1 17404 25 17445 77 17542 67 17610 3 17618 7 17651 2 17660 16 17680 6 17699 79 17798 71 17870 1 17874 8 17907 3 17915 16 17936 8 17954 79 18053 18 18072 56 18130 8 18163 13 18177 10 18193 9 18210 79 18309 85 18419 13 18434 9 18449 11 18465 79 18565 84 18651 3 18675 13 18690 9 18705 96 18819 86 18906 4 18929 15 18947 9 18960 97 19073 88 19162 4 19183 17 19203 8 19216 97 19329 93 19439 17 19460 6 19471 99 19585 94 19694 19 19716 5 19727 100 19841 98 19940 3 19950 9 19962 8 19975 1 19982 102 20086 1 20096 104 20205 9 20218 6 20237 107 20351 105 20462 2 20469 1 20475 5 20492 109 20606 4 20614 97 20725 3 20731 5 20747 111 20860 8 20869 99 20980 5 20986 6 21003 221 21227 1 21236 15 21257 223 21493 4 21500 237 21743 2 21756 241 22015 239 22272 41 22316 193 22528 34 22573 192 22784 35 22829 194 23040 35 23085 195 23296 36 23342 195 23552 37 23598 196 23808 243 24064 244 24320 245 24576 245 24832 246 25088 246 25344 246 25600 246 25855 246 26110 2 26115 241 26365 3 26372 239 26620 4 26628 237 26876 4 26884 238 27132 5 27139 240 27387 250 27643 251 27899 253 28155 254 28411 254 28666 513 29180 254 29437 253 29696 250 29952 251 30208 251 30464 251 30720 251 30976 251 31232 251 31488 251 31744 251 32000 250 32256 249 32512 248 32768 248 33024 248 33280 247 33536 247 33792 246 34048 245 34304 244 34560 243 34816 242 35072 219 35294 19 35328 218 35551 18 35584 218 35808 16 35840 218 36066 9 36096 217 36323 6 36352 217 36608 216 36864 208 37119 199 37367 206 37619 208 37874 208 38090 4 38128 211 38345 7 38383 214 38600 10 38638 230 38893 232 39148 234 39404 236 39659 239 39915 241 40170 243 40426 243 40682 244 40936 246 41190 249 41445 250 41701 250 41957 250 42214 249 42471 248 42728 247 42985 246 43242 245 43499 244 43755 244 44012 244 44269 243 44527 1 44532 236 44788 236 45045 235 45303 233 45560 232 45817 230 46074 229 46330 229 46585 230 46835 236 47090 237 47344 240 47600 241 47847 7 47856 243 48102 9 48112 255 48368 5621 53992 253 54248 253 54504 519 55026 252 55284 249 55541 247 55798 243 56055 238 56312 236 56569 235 56825 234 57086 229 57342 229 57599 227 57855 226 58112 224 58368 223 58624 219 58880 218 59136 217 59392 217 59648 217 59904 216 60160 216 60416 203 60628 4 60672 203 60885 2 60928 204 61184 205 61440 205 61696 205 61952 205 62208 205 62464 192 62658 10 62720 192 62915 1 62920 3 62976 177 63161 7 63232 177 63418 6 63488 176 63674 6 63744 175 63931 5 64000 177 64188 3 64256 178 64445 2 64512 179 64768 180 65024 180 65280 181
675111,0 174 256 174 512 174 768 174 1024 175 1280 175 1536 175 1792 175 2048 175 2304 175 2560 175 2816 176 3072 176 3328 176 3584 177 3840 177 4096 177 4352 177 4608 178 4864 178 5120 178 5376 178 5632 178 5888 179 6144 179 6400 179 6656 179 6912 179 7168 180 7424 180 7680 180 7936 181 8192 181 8448 181 8704 182 8960 182 9216 182 9472 182 9728 182 9984 183 10240 183 10496 183 10752 183 11008 183 11264 184 11520 184 11776 184 12032 184 12288 185 12544 185 12800 185 13056 185 13312 185 13568 186 13824 186 14080 186 14336 186 14592 187 14848 187 15104 187 15360 187 15616 187 15872 188 16128 188 16384 188 16640 188 16896 188 17152 189 17408 189 17664 189 17920 189 18176 190 18432 190 18688 190 18944 190 19200 190 19456 190 19712 191 19968 191 20224 191 20480 192 20736 192 20992 192 21248 192 21504 192 21760 192 22016 193 22272 193 22528 193 22784 194 23040 194 23296 194 23552 194 23808 194 24064 194 24320 195 24576 195 24832 195 25088 195 25344 196 25600 196 25856 196 26112 196 26368 197 26624 197 26880 197 27136 197 27392 198 27648 198 27904 198 28160 198 28416 198 28672 199 28928 199 29184 199 29440 199 29696 199 29952 200 30208 200 30464 200 30720 201 30976 201 31232 201 31488 201 31744 201 32000 201 32256 202 32512 202 32768 202 33024 202 33280 202 33536 202 33792 203 34048 203 34304 203 34560 203 34816 203 35072 204 35328 204 35584 204 35840 204 36096 41 36139 162 36352 41 36396 161 36608 41 36653 160 36864 41 36909 160 37120 43 37164 161 37376 206 37632 206 37888 206 38144 207 38400 207 38656 207 38912 207 39168 208 39424 208 39680 208 39936 208 40192 209 40448 209 40704 209 40960 209 41216 209 41472 210 41728 210 41984 210 42240 210 42496 211 42752 211 43008 211 43264 211 43520 211 43776 212 44032 212 44288 212 44544 212 44800 213 45056 213 45312 213 45568 213 45824 214 46080 214 46336 214 46592 214 46848 214 47104 215 47360 215 47616 215 47872 215 48128 215 48384 216 48640 216 48896 170 49068 44 49152 170 49326 42 49408 171 49582 42 49664 217 49920 217 50176 217 50432 217 50688 218 50944 218 51200 218 51456 218 51712 219 51968 219 52224 219 52480 219 52736 219 52992 219 53248 220 53504 220 53760 220 54016 221 54272 221 54528 221 54784 221 55040 222 55296 222 55552 222 55808 222 56064 222 56320 223 56576 223 56832 223 57088 223 57344 223 57600 224 57856 224 58112 224 58368 225 58624 225 58880 225 59136 225 59392 225 59648 225 59904 226 60160 226 60416 226 60672 226 60928 227 61184 227 61440 227 61696 227 61952 227 62208 228 62464 228 62720 228 62976 228 63232 229 63488 229 63744 229 64000 229 64256 230 64512 230 64768 230 65024 231 65280 231
677723,0 65536
680771,0 65536
682813,0 90 256 90 512 91 768 91 1024 91 1280 91 1536 91 1792 91 2048 92 2304 92 2560 92 2816 93 3072 93 3328 93 3584 93 3840 93 4096 93 4352 94 4608 94 4864 94 5120 95 5376 95 5632 95 5888 95 6144 95 6400 95 6656 95 6912 96 7168 96 7424 96 7680 96 7936 97 8192 97 8448 97 8704 97 8960 97 9216 97 9472 97 9728 97 9984 98 10240 98 10496 98 10752 98 11008 98 11264 98 11520 98 11776 98 12032 99 12288 100 12544 100 12800 100 13056 100 13312 100 13568 100 13824 100 14080 100 14336 100 14592 101 14848 102 15104 102 15360 102 15616 102 15872 103 16128 103 16384 102 16640 103 16896 104 17152 104 17408 104 17664 104 17920 105 18176 105 18432 105 18688 105 18944 105 19200 105 19456 106 19712 106 19968 106 20224 107 20480 107 20736 107 20992 106 21248 106 21504 106 21760 107 22016 107 22272 108 22528 108 22784 109 23040 109 23296 109 23552 109 23808 110 24064 110 24320 110 24576 110 24832 111 25088 111 25344 111 25600 111 25856 111 26112 111 26368 111 26624 112 26880 112 27136 112 27392 113 27648 113 27904 113 28160 113 28416 113 28672 113 28928 114 29184 114 29440 114 29696 114 29952 115 30208 115 30464 115 30720 115 30976 115 31232 115 31488 115 31744 116 32000 116 32256 116 32512 117 32768 117 33024 117 33280 117 33536 117 33792 118 34048 118 34304 118 34560 118 34816 118 35072 119 35328 119 35584 118 35840 118 36096 119 36352 120 36608 120 36864 120 37120 120 37376 121 37632 121 37888 120 38144 120 38400 120 38656 121 38912 121 39168 122 39424 122 39680 122 39936 123 40192 123 40448 123 40704 124 40960 124 41216 124 41472 125 41728 125 41984 125 42240 125 42496 125 42752 126 43008 126 43264 126 43520 126 43776 127 44032 127 44288 127 44544 127 44800 127 45056 128 45312 128 45568 128 45824 128 46080 128 46336 129 46592 129 46848 129 47104 129 47360 129 47616 129 47872 129 48128 130 48384 130 48640 130 48896 130 49152 131 49408 131 49664 131 49920 131 50176 131 50432 131 50688 132 50944 132 51200 133 51456 133 51712 133 51968 133 52224 133 52480 134 52736 134 52992 134 53248 134 53504 134 53760 135 54016 135 54272 135 54528 135 54784 135 55040 135 55296 135 55552 135 55808 135 56064 136 56320 136 56576 136 56832 136 57088 136 57344 137 57600 137 57856 137 58112 137 58368 137 58624 137 58880 138 59136 138 59392 138 59648 138 59904 138 60160 137 60416 138 60672 138 60928 138 61184 138 61440 139 61696 139 61952 140 62208 140 62464 140 62720 140 62976 140 63232 141 63488 141 63744 141 64000 141 64256 136 64393 4 64512 135 64650 2 64768 132 65024 132 65280 127 65409 3 65416 1
688285,13 243 270 242 527 241 783 241 1039 241 1295 241 1551 241 1807 241 2064 240 2320 240 2576 240 2832 240 3088 240 3344 240 3600 240 3856 240 4113 239 4369 239 4625 239 4881 239 5137 239 5393 239 5649 239 5905 239 6162 238 6418 238 6674 238 6931 237 7187 237 7443 237 7699 237 7955 237 8211 237 8467 237 8724 236 8980 236 9237 235 9493 235 9749 235 10005 235 10261 235 10517 235 10774 234 11030 234 11286 234 11542 234 11799 233 12055 233 12311 233 12567 233 12824 232 13080 232 13336 232 13593 231 13849 231 14105 231 14361 231 14617 231 14873 231 15129 231 15386 230 15642 230 15898 230 16155 229 16411 229 16667 229 16923 229 17179 229 17435 229 17692 228 17948 228 18204 228 18461 227 18717 227 18973 227 19229 227 19485 227 19741 227 19998 226 20254 226 20510 226 20767 225 21023 225 21279 225 21535 225 21791 225 22047 225 22304 224 22560 224 22816 224 23073 223 23329 223 23585 223 23841 223 24097 223 24353 223 24609 223 24866 222 25122 222 25378 222 25634 222 25891 221 26147 221 26403 221 26659 221 26915 221 27171 221 27428 220 27684 220 27940 220 28197 219 28453 219 28709 219 28965 219 29221 219 29477 219 29734 218 29990 218 30246 218 30503 217 30759 217 31015 217 31271 217 31527 217 31783 217 32040 216 32296 216 32552 216 32809 215 33065 215 33321 215 33577 215 33833 215 34089 215 34346 214 34602 214 34858 214 35114 214 35371 213 35627 213 35883 213 36139 213 36395 213 36652 212 36908 212 37164 212 37420 212 37677 211 37933 211 38189 211 38445 211 38701 211 38957 211 39214 210 39470 210 39726 210 39983 209 40239 209 40495 209 40751 209 41007 209 41264 208 41520 208 41776 208 42032 208 42288 208 42545 207 42801 207 43057 207 43313 207 43569 207 43825 207 44082 206 44338 206 44594 206 44851 205 45107 205 45363 205 45619 205 45875 205 46132 204 46388 204 46644 204 46900 204 47156 204 47413 203 47669 203 47925 203 48181 203 48438 202 48694 202 48951 201 49207 201 49463 201 49719 201 49975 201 50231 201 50488 200 50744 200 51000 200 51256 200 51513 199 51769 199 52025 199 52281 199 52537 199 52793 199 53050 198 53306 198 53562 198 53818 198 54074 198 54331 197 54587 197 54843 197 55099 197 55355 197 55611 197 55868 196 56124 196 56380 196 56637 195 56893 195 57149 195 57405 195 57661 195 57917 195 58174 194 58430 194 58686 194 58942 194 59199 193 59455 193 59711 193 59967 193 60223 193 60480 192 60736 192 60992 192 61248 192 61505 191 61761 191 62017 191 62273 191 62529 191 62785 191 63042 190 63298 190 63554 190 63810 190 64066 190 64323 189 64579 189 64835 189 65091 189 65347 189
689810,0 65536
692688,0 7424 7425 255 7681 255 7938 254 8194 254 8451 253 8707 253 8963 253 9219 253 9476 252 9733 251 9989 251 10245 251 10502 250 10758 250 11014 250 11271 249 11527 249 11784 248 12040 248 12298 246 12554 246 12810 246 13066 246 13322 246 13579 245 13835 245 14092 244 14348 244 14604 244 14860 244 15117 243 15374 242 15630 242 15886 242 16142 242 16398 242 16654 242 16911 241 17167 241 17423 241 17680 240 17937 239 18193 239 18449 239 18706 238 18962 238 19219 237 19476 236 19732 236 19988 236 20244 236 20502 234 20758 234 21014 234 21271 233 21527 233 21783 233 22038 1 22040 232 22297 231 22553 231 22809 231 23065 231 23322 230 23578 230 23834 230 24091 229 24346 230 24602 230 24858 230 25114 230 25371 229 25628 228 25884 228 26140 228 26397 227 26654 226 26910 226 27166 226 27422 226 27678 226 27935 225 28193 223 28449 223 28705 223 28960 224 29216 224 29473 223 29731 221 29986 222 30242 222 30498 222 30754 1 30756 220 31013 219 31269 219 31525 219 31781 219 32036 220 32292 220 32549 219 32806 218 33062 218 33318 218 33574 218 33831 217 34087 217 34344 216 34600 216 34856 216 35113 215 35370 214 35626 214 35882 214 36138 214 36394 214 36650 214 36908 212 37164 212 37420 212 37676 212 37932 212 38188 212 38445 211 38702 210 38958 210 39214 210 39470 210 39726 210 39984 208 40240 208 40496 208 40752 208 41008 208 41264 208 41521 207 41778 206 42034 206 42290 206 42546 206 42803 205 43059 205 43316 204 43572 204 43829 203 44085 203 44342 202 44598 202 44854 202 45110 202 45366 202 45624 200 45880 200 46136 200 46392 200 46648 200 46905 199 47163 197 47419 197 47675 197 47930 198 48186 198 48443 197 48700 196 48956 196 49212 196 49468 196 49725 195 49982 194 50238 194 50494 194 50750 194 51006 194 51263 193 51520 192 51776 192 52032 192 52288 192 52544 192 52801 191 53058 190 53314 190 53570 190 53826 190 54082 190 54339 189 54596 188 54852 188 55108 188 55364 188 55620 188 55877 187 56133 187 56390 186 56646 186 56902 186 57158 186 57415 185 57671 185 57928 184 58184 184 58440 184 58697 183 58953 183 59210 182 59466 182 59722 182 59979 181 60236 180 60492 180 60748 180 61004 180 61260 180 61517 179 61774 178 62030 178 62286 178 62542 178 62798 178 63055 177 63312 176 63568 176 63824 176 64080 176 64336 176 64593 175 64849 175 65106 174 65362 174
694806,86 22 120 4 125 33 183 34 248 7 316 1 342 22 376 4 381 33 439 34 505 4 570 4 587 5 597 23 631 39 695 35 763 1 825 6 835 3 841 9 853 24 887 39 951 37 1081 52 1144 4 1149 33 1207 38 1336 53 1406 33 1464 38 1592 53 1663 32 1710 2 1721 37 1847 55 1921 30 1964 5 1979 35 2103 35 2139 18 2179 28 2219 6 2236 34 2275 1 2359 35 2395 18 2436 27 2475 7 2493 33 2530 4 2615 27 2645 5 2653 15 2694 25 2731 7 2750 31 2785 10 2871 37 2909 10 2951 25 2987 7 3006 32 3041 11 3124 40 3171 2 3208 25 3244 5 3261 34 3296 12 3378 42 3428 1 3465 13 3480 9 3500 4 3517 47 3634 43 3723 10 3738 7 3772 48 3890 43 3981 7 3995 4 4027 49 4146 43 4240 3 4282 50 4402 43 4538 50 4659 41 4793 51 4915 40 5049 50 5171 38 5305 50 5427 36 5560 51 5684 32 5815 52 5941 31 6069 54 6144 1 6198 31 6325 39 6368 10 6400 2 6461 24 6580 39 6625 8 6656 2 6719 22 6837 38 6882 7 6912 2 6975 5 6983 5 6989 8 7038 4 7094 4 7101 30 7138 7 7168 2 7232 3 7247 5 7293 6 7360 27 7395 6 7424 2 7472 2 7550 5 7616 27 7651 5 7680 2 7726 5 7807 3 7873 26 7907 5 7936 2 7982 5 8129 26 8164 4 8192 3 8239 4 8385 26 8420 5 8448 3 8496 3 8640 26 8677 4 8702 5 8896 25 8934 3 8957 6 9151 26 9213 7 9403 29 9468 9 9657 34 9724 10 9912 39 9980 8 10166 42 10236 7 10421 44 10480 4 10493 7 10596 3 10677 45 10735 6 10751 5 10851 4 10933 46 10990 8 11008 4 11108 3 11190 45 11241 13 11264 4 11448 43 11496 15 11520 3 11706 42 11752 15 11775 4 11852 4 11963 41 12008 15 12029 6 12106 7 12220 40 12265 14 12284 6 12360 9 12478 38 12523 12 12540 4 12609 5 12615 9 12735 21 12786 5 12796 4 12864 16 12994 17 13052 4 13120 15 13252 15 13308 4 13377 13 13509 23 13566 2 13609 8 13634 10 13765 25 13862 13 13893 6 14021 26 14117 16 14150 4 14277 27 14371 20 14408 1 14533 29 14625 22 14790 29 14879 24 15047 28 15131 27 15305 5 15312 19 15385 28 15563 1 15569 18 15640 29 15826 17 15869 3 15896 29 16069 3 16083 15 16124 4 16152 30 16323 6 16341 12 16380 4 16408 33 16579 6 16599 9 16636 4 16665 33 16834 9 16855 10 16894 2 16921 35 17044 2 17090 10 17111 11 17151 1 17177 36 17297 7 17347 8 17366 13 17434 35 17551 11 17603 8 17622 13 17690 36 17806 12 17860 6 17878 12 17946 36 18061 14 18117 4 18134 12 18202 36 18312 21 18391 5 18458 37 18566 25 18713 38 18821 27 18969 38 19077 27 19225 37 19333 26 19482 36 19589 26 19737 37 19846 24 19992 38 20102 24 20248 38 20358 24 20504 38 20614 23 20759 38 20870 22 21015 38 21126 20 21271 38 21384 17 21527 39 21783 39 22039 40 22294 41 22550 42 22806 41 23061 40 23318 37 23574 35 23831 34 24094 27 24351 27 24609 25 24870 21 25127 21 25383 21 25639 21 25896 21 26153 21 26409 21 26556 7 26665 21 26810 11 26885 3 26903 5 26922 19 27066 12 27138 8 27156 11 27179 18 27322 13 27393 10 27411 13 27437 15 27577 14 27648 12 27665 16 27695 12 27833 14 27904 12 27919 18 27954 8 28089 14 28160 13 28174 20 28212 5 28314 3 28345 15 28416 13 28430 20 28470 2 28570 4 28602 14 28672 34 28825 6 28858 14 28928 34 29081 6 29114 14 29184 34 29337 5 29370 14 29440 34 29591 6 29627 13 29696 35 29844 7 29883 13 29952 35 30098 9 30140 11 30208 35 30353 11 30396 10 30464 35 30608 17 30653 7 30720 35 30863 20 30911 4 30976 35 31118 21 31232 35 31374 22 31488 34 31630 21 31744 34 31886 6 31896 11 32000 33 32141 6 32152 11 32256 32 32395 7 32409 9 32512 31 32650 7 32768 30 32906 6 33024 29 33162 6 33280 23 33418 5 33536 22 33622 3 33675 2 33792 20 33858 16 33877 6 34048 20 34113 27 34160 4 34304 20 34368 28 34414 10 34456 2 34551 1 34560 22 34625 26 34670 10 34708 9 34779 1 34805 5 34816 23 34882 25 34926 11 34962 11 35033 7 35061 7 35072 23 35139 23 35182 11 35217 13 35289 8 35316 34 35396 12 35413 4 35438 11 35471 14 35544 10 35571 35 35654 8 35695 10 35727 14 35800 11 35827 13 35843 19 35951 10 35982 15 36056 12 36082 14 36101 16 36208 8 36239 14 36312 12 36338 14 36358 14 36466 5 36496 14 36568 12 36594 14 36615 9 36722 5 36752 14 36825 11 36849 15 36873 5 36978 6 37008 15 37081 12 37105 12 37233 7 37264 16 37338 11 37360 12 37489 9 37519 17 37594 10 37616 10 37744 11 37775 17 37850 9 37871 12 37999 13 38030 18 38092 4 38106 8 38126 14 38251 19 38286 18 38347 6 38362 9 38373 25 38506 21 38542 18 38595 15 38619 37 38761 23 38798 18 38818 4 38851 17 38873 39 39016 25 39053 29 39106 62 39206 3 39271 26 39310 29 39362 62 39456 1 39461 7 39526 27 39566 30 39617 57 39711 15 39781 28 39823 29 39872 56 39966 17 40035 29 40080 29 40128 55 40222 18 40290 30 40336 29 40383 55 40478 18 40544 32 40592 30 40638 55 40736 2 40741 11 40799 33 40848 30 40888 4 40893 55 40998 10 41054 34 41104 30 41142 59 41255 8 41310 34 41361 29 41397 60 41512 7 41566 34 41618 29 41652 62 41768 7 41821 35 41875 30 41908 62 42025 6 42077 35 42131 96 42281 6 42333 35 42388 96 42537 6 42590 34 42646 95 42742 4 42768 6 42794 5 42846 35 42906 96 43021 12 43052 2 43057 4 43082 4 43101 37 43164 94 43274 16 43297 3 43312 6 43335 10 43356 38 43420 100 43525 23 43551 6 43566 8 43587 15 43611 39 43677 99 43780 34 43822 9 43843 15 43867 39 43933 99 44035 36 44077 15 44099 16 44123 39 44189 99 44291 37 44333 17 44354 17 44379 39 44444 100 44546 39 44589 39 44635 9 44645 28 44701 99 44802 40 44845 43 44889 11 44903 25 44958 98 45057 98 45159 24 45219 133 45353 59 45415 23 45476 130 45610 83 45734 126 45866 81 45990 122 46122 79 46246 120 46379 77 46502 119 46635 79 46749 6 46757 120 46892 79 47004 129 47150 78 47260 128 47407 78 47508 2 47515 129 47663 79 47762 6 47771 129 47920 79 48016 141 48176 82 48269 144 48433 82 48524 145 48688 83 48778 147 48943 85 49032 149 49196 240 49451 241 49707 240 49963 182 50146 56 50219 183 50404 54 50475 183 50665 48 50731 111 50845 70 50922 46 50988 108 51102 69 51178 27 51206 18 51244 104 51358 69 51433 26 51463 17 51501 102 51614 70 51689 23 51719 17 51756 103 51868 74 51944 24 51975 16 52012 103 52123 101 52231 16 52268 104 52378 102 52487 16 52524 105 52633 103 52743 15 52780 212 53000 14 53037 211 53255 15 53293 16 53314 211 53550 14 53571 209 53806 13 53827 54 53886 143 54066 7 54083 19 54103 32 54145 141 54325 3 54338 18 54359 32 54402 141 54594 13 54615 31 54658 142 54849 13 54871 31 54904 4 54915 3 54919 137 55102 15 55126 39 55171 3 55176 135 55357 15 55382 39 55434 133 55613 15 55638 39 55690 118 55809 14 55869 16 55894 39 55947 117 56066 12 56125 16 56149 40 56203 117 56322 12 56382 16 56406 44 56459 117 56579 10 56632 1 56640 14 56661 12 56678 1 56681 26 56714 118 56836 8 56887 3 56898 14 56917 13 56932 3 56937 28 56970 118 57092 7 57142 4 57155 15 57173 19 57193 29 57225 96 57324 20 57349 5 57398 4 57411 15 57429 13 57443 5 57449 128 57580 20 57607 1 57655 2 57668 29 57699 133 57836 20 57870 5 57923 27 57955 133 58091 21 58122 1 58125 7 58179 27 58211 132 58347 21 58377 11 58434 28 58466 158 58628 3 58633 6 58641 3 58689 29 58722 158 58883 4 58889 6 58898 2 58945 17 58963 11 58978 158 59139 4 59155 2 59200 14 59220 10 59233 9 59243 149 59395 3 59408 6 59456 11 59477 9 59489 8 59499 149 59651 2 59664 6 59713 9 59733 11 59745 7 59756 148 59919 7 59969 9 59990 17 60012 148 60175 7 60226 8 60246 17 60269 25 60295 121 60430 8 60483 7 60504 14 60525 24 60551 121 60685 9 60740 6 60762 10 60781 24 60808 120 60939 10 60996 6 61019 9 61030 32 61064 120 61193 12 61253 6 61276 43 61322 118 61449 12 61509 7 61520 1 61532 44 61577 119 61704 12 61765 13 61788 74 61864 18 61884 68 61959 12 62021 13 62044 73 62122 16 62140 68 62215 7 62277 14 62301 9 62311 61 62379 15 62397 67 62470 7 62532 14 62558 6 62568 32 62602 25 62636 14 62653 67 62726 5 62787 12 62804 1 62814 5 62824 32 62859 24 62892 15 62909 67 62982 4 63041 12 63060 2 63070 4 63080 31 63115 24 63148 84 63238 4 63296 12 63316 3 63326 4 63335 31 63373 23 63404 84 63551 14 63582 8 63591 31 63629 26 63660 84 63764 6 63807 16 63837 40 63884 29 63915 22 63939 61 64019 7 64062 20 64094 38 64141 50 64195 61 64275 7 64318 21 64350 37 64398 47 64450 62 64530 8 64558 9 64573 23 64606 36 64655 46 64705 63 64785 9 64813 15 64829 24 64864 34 64912 45 64960 64 65040 10 65068 16 65085 24 65125 29 65169 43 65216 64 65295 11 65324 16 65341 24 65383 27 65426 41 65472 64
695503,0 65536
701596,9 41 58 17 97 53 185 35 239 17 265 42 314 17 353 53 441 35 495 17 520 44 570 16 609 53 697 35 751 17 776 44 825 14 865 53 954 34 1008 16 1033 45 1079 12 1120 54 1211 33 1264 16 1290 57 1375 55 1459 1 1468 32 1520 16 1547 57 1631 54 1713 5 1725 7 1737 19 1776 16 1803 27 1835 25 1887 43 1935 5 1968 8 1982 6 1995 16 2033 15 2060 25 2091 26 2144 41 2206 5 2224 10 2238 6 2252 9 2291 13 2317 24 2347 26 2400 40 2461 7 2478 12 2494 6 2508 9 2552 6 2560 1 2573 10 2590 7 2603 26 2657 39 2715 9 2733 14 2750 7 2765 8 2811 1 2816 3 2830 11 2847 6 2859 25 2915 3 2921 30 2969 12 2987 27 3022 7 3072 4 3087 10 3103 6 3116 24 3178 29 3225 12 3241 29 3278 7 3328 5 3343 11 3372 20 3434 28 3481 13 3496 30 3536 4 3584 6 3599 11 3629 17 3690 27 3737 46 3840 7 3855 11 3885 15 3946 26 3993 37 4032 7 4096 7 4112 9 4145 9 4202 20 4249 36 4290 5 4352 7 4368 8 4402 7 4459 4 4466 11 4505 35 4547 3 4608 6 4625 5 4659 5 4723 9 4762 33 4864 3 4918 1 4982 5 5019 32 5275 33 5376 2 5530 35 5581 5 5623 7 5632 3 5785 37 5834 10 5878 15 6039 39 6088 13 6104 3 6133 18 6293 41 6344 22 6389 20 6544 46 6600 24 6644 22 6699 3 6799 47 6857 23 6900 22 6951 8 7055 45 7117 20 7155 24 7206 10 7306 47 7375 18 7412 23 7464 7 7560 47 7637 13 7669 23 7721 6 7756 4 7816 32 7850 11 7893 13 7927 23 8011 6 8065 2 8071 32 8107 8 8148 14 8184 23 8267 6 8320 6 8327 32 8364 7 8404 14 8442 23 8523 5 8575 40 8620 7 8658 16 8697 26 8831 40 8877 6 8913 17 8951 28 9087 39 9133 5 9169 17 9206 30 9343 39 9390 4 9425 18 9461 30 9598 40 9681 18 9717 22 9743 4 9854 39 9937 17 9973 21 10110 40 10193 17 10229 20 10366 40 10449 16 10485 20 10622 40 10706 15 10741 20 10878 40 10962 14 10997 20 11134 40 11209 3 11219 12 11254 20 11390 40 11465 4 11475 10 11511 18 11622 4 11646 40 11721 5 11730 8 11770 15 11874 8 11903 39 11977 15 12027 14 12079 4 12129 10 12159 37 12235 10 12258 4 12285 11 12335 5 12384 12 12415 36 12492 9 12513 5 12544 7 12591 4 12612 1 12638 14 12656 5 12671 35 12748 10 12769 5 12800 7 12848 2 12865 6 12893 16 12911 7 12927 33 12977 3 13004 10 13025 5 13056 7 13119 11 13149 26 13183 33 13232 5 13260 11 13283 1 13312 7 13374 13 13399 4 13405 27 13439 33 13488 6 13515 12 13568 7 13630 15 13653 6 13663 25 13695 31 13728 5 13744 9 13772 11 13824 6 13886 16 13908 7 13919 25 13950 30 13984 6 13999 12 14028 11 14080 6 14128 3 14134 2 14143 15 14164 9 14175 26 14206 29 14240 7 14252 16 14285 10 14336 6 14383 11 14399 15 14419 39 14462 28 14496 7 14506 18 14529 2 14541 10 14592 6 14638 13 14655 16 14675 71 14754 3 14762 25 14798 9 14848 6 14892 16 14911 17 14931 70 15018 26 15054 9 15104 6 15147 17 15166 98 15273 27 15311 7 15360 6 15403 15 15421 65 15490 31 15528 29 15568 6 15616 7 15658 85 15748 29 15784 30 15825 3 15869 10 15914 85 16005 10 16018 15 16040 31 16123 13 16171 45 16217 39 16268 2 16279 12 16292 36 16377 17 16405 4 16428 43 16473 39 16536 48 16632 19 16661 4 16675 7 16683 35 16719 7 16730 38 16780 3 16792 47 16888 22 16917 4 16930 43 16976 4 16987 38 17036 4 17048 47 17144 23 17173 4 17185 43 17243 38 17292 4 17303 48 17400 11 17416 8 17429 5 17441 43 17500 37 17548 4 17559 48 17656 12 17672 8 17685 5 17697 42 17756 38 17815 49 17910 14 17928 11 17941 6 17953 27 17981 13 18013 37 18070 50 18164 17 18183 20 18209 27 18239 11 18269 38 18327 49 18408 9 18418 41 18466 27 18496 10 18509 2 18526 37 18583 49 18662 53 18723 27 18756 4 18764 3 18787 33 18839 48 18918 51 18979 27 19018 5 19045 31 19095 43 19157 3 19165 6 19174 53 19235 27 19301 31 19351 46 19413 4 19420 68 19489 30 19557 32 19606 48 19669 106 19813 32 19863 48 19925 107 20070 20 20093 8 20119 49 20180 107 20327 18 20349 8 20376 48 20436 107 20584 17 20606 6 20633 40 20674 5 20691 108 20842 15 20863 5 20890 38 20947 107 21099 13 21119 5 21147 35 21204 105 21356 11 21404 33 21460 103 21613 9 21661 31 21716 43 21760 59 21870 6 21917 30 21973 42 22016 59 22112 3 22174 29 22229 42 22272 60 22367 5 22430 31 22485 103 22602 1 22623 6 22686 32 22742 103 22856 5 22879 6 22943 32 22997 66 23065 37 23111 7 23134 7 23199 13 23214 18 23253 66 23321 37 23367 8 23390 7 23458 1 23462 5 23472 16 23509 65 23576 38 23623 9 23646 6 23729 16 23765 7 23774 34 23809 21 23833 37 23879 9 23902 6 23986 15 24016 3 24025 3 24030 34 24065 20 24089 16 24108 4 24116 11 24134 9 24159 4 24179 5 24245 12 24271 4 24287 32 24322 19 24346 13 24371 13 24390 8 24416 1 24435 5 24487 4 24501 12 24526 7 24537 3 24542 32 24579 18 24626 16 24645 6 24681 5 24690 6 24742 7 24757 32 24793 37 24835 17 24881 23 24936 16 24965 1 24997 49 25048 36 25091 16 25136 23 25191 17 25219 7 25253 22 25279 60 25348 14 25390 25 25445 20 25475 7 25508 24 25533 61 25604 13 25645 25 25699 22 25731 6 25763 86 25859 5 25865 8 25901 25 25954 23 26017 87 26115 3 26123 5 26158 25 26209 25 26260 99 26370 7 26379 4 26413 25 26465 25 26494 2 26514 100 26626 8 26635 1 26667 27 26720 35 26769 100 26882 10 26922 28 26976 37 27024 100 27138 10 27176 30 27232 38 27278 102 27393 11 27430 32 27488 38 27533 101 27649 11 27686 37 27744 38 27788 101 27904 12 27942 38 27999 40 28043 101 28160 12 28197 39 28253 42 28299 96 28396 4 28416 12 28454 38 28507 45 28554 97 28672 12 28711 37 28762 145 28928 12 28968 36 29016 147 29184 12 29224 35 29271 149 29440 13 29480 35 29527 150 29696 14 29735 36 29783 49 29833 103 29952 15 29991 36 30040 46 30090 104 30208 17 30247 36 30297 45 30346 105 30464 17 30504 35 30553 45 30603 106 30720 17 30760 35 30810 44 30860 108 30976 17 31016 36 31066 43 31116 109 31228 20 31272 36 31323 42 31372 131 31529 34 31580 42 31628 128 31787 26 31837 41 31884 126 32046 6 32053 15 32093 40 32140 126 32311 12 32349 40 32395 127 32568 9 32604 38 32652 131 32860 37 32908 131 33116 38 33164 135 33308 3 33372 39 33421 138 33563 5 33576 5 33627 41 33677 139 33817 8 33832 6 33883 41 33932 47 33983 99 34087 8 34133 2 34138 42 34188 45 34240 99 34343 9 34388 48 34442 46 34496 99 34598 10 34644 100 34751 101 34853 12 34900 64 34965 36 35007 60 35068 53 35156 62 35223 34 35262 61 35326 19 35348 29 35411 39 35452 21 35481 32 35517 61 35584 15 35604 30 35667 37 35708 17 35726 1 35738 31 35772 61 35840 15 35860 30 35924 36 35964 17 35995 94 36096 14 36116 29 36181 34 36219 17 36252 46 36300 45 36352 13 36372 29 36440 31 36474 18 36510 42 36557 5 36564 37 36608 13 36629 27 36696 32 36729 19 36768 40 36820 37 36864 10 36885 25 36952 53 37026 22 37051 15 37076 37 37120 9 37141 24 37209 54 37283 20 37308 15 37331 37 37376 7 37397 22 37466 57 37539 19 37564 16 37587 37 37632 7 37653 20 37723 58 37791 23 37820 16 37842 37 37888 8 37908 19 37958 1 37979 59 38045 25 38077 15 38097 36 38144 9 38164 18 38211 8 38236 60 38299 28 38333 14 38352 36 38400 10 38419 15 38465 11 38492 45 38539 44 38591 11 38607 37 38656 11 38675 14 38721 12 38749 44 38795 45 38849 9 38863 37 38912 11 38931 13 38977 13 39005 45 39051 47 39106 7 39118 37 39168 12 39186 13 39233 15 39262 93 39363 5 39374 37 39424 26 39489 17 39519 92 39620 3 39630 37 39680 25 39746 17 39776 91 39886 37 39936 23 40003 16 40032 90 40143 36 40192 21 40259 17 40289 88 40400 33 40449 8 40458 10 40515 17 40547 31 40579 52 40657 30 40707 5 40715 9 40771 18 40806 4 40811 22 40836 48 40914 28 40971 9 41026 19 41068 21 41093 47 41170 27 41227 8 41282 19 41325 20 41349 46 41427 26 41463 5 41482 8 41537 20 41582 19 41606 44 41684 26 41717 8 41738 7 41777 5 41783 3 41792 21 41839 17 41863 43 41940 26 41971 13 41993 8 42032 12 42045 24 42084 2 42096 16 42120 43 42196 25 42225 15 42249 8 42288 36 42338 6 42354 13 42377 43 42452 24 42480 16 42505 8 42544 35 42592 8 42612 11 42634 43 42708 23 42736 16 42761 8 42799 36 42846 10 42869 9 42889 5 42895 13 42910 23 42963 23 42991 17 43017 8 43055 35 43102 10 43125 9 43145 5 43153 11 43166 23 43220 21 43247 17 43274 7 43310 36 43357 9 43382 7 43400 6 43410 9 43423 21 43475 21 43504 16 43530 7 43553 2 43565 37 43613 8 43638 6 43656 7 43666 8 43680 19 43729 23 43760 16 43787 6 43808 50 43869 7 43913 6 43924 5 43938 16 43983 25 44018 14 44045 3 44063 52 44126 5 44169 6 44196 13 44238 27 44276 12 44318 53 44382 4 44426 5 44453 11 44494 28 44533 11 44564 2 44574 53 44682 5 44710 9 44749 34 44791 9 44820 2 44829 53 44938 6 44967 6 45005 35 45050 6 45085 51 45152 4 45195 5 45262 34 45308 4 45313 4 45341 50 45408 5 45451 5 45501 5 45518 35 45564 10 45596 52 45664 6 45708 3 45754 10 45774 35 45820 11 45852 53 45920 6 46009 12 46031 41 46075 12 46108 57 46177 4 46262 15 46287 55 46364 59 46434 3 46516 18 46543 48 46592 5 46620 60 46770 22 46799 47 46848 4 46876 62 46939 4 47025 24 47055 47 47133 67 47280 26 47308 51 47389 70 47535 81 47646 73 47783 3 47788 16 47805 67 47904 72 48038 21 48062 66 48167 66 48293 91 48424 65 48536 3 48549 91 48645 12 48680 65 48772 3 48782 2 48791 5 48804 92 48900 28 48936 65 49026 16 49046 6 49060 92 49156 29 49191 67 49281 17 49301 8 49315 93 49412 29 49447 67 49535 19 49556 108 49669 29 49703 66 49790 20 49812 108 49925 30 49958 66 50046 20 50068 108 50180 99 50301 20 50325 107 50436 90 50531 3 50557 21 50579 109 50691 92 50813 131 50947 92 51069 131 51202 94 51325 131 51457 95 51581 227 51837 227 52094 226 52350 5 52361 118 52480 96 52607 3 52617 117 52736 97 52863 2 52873 116 52992 98 53119 2 53128 116 53248 99 53372 5 53384 116 53504 99 53627 7 53640 116 53760 99 53883 8 53896 115 54016 99 54138 10 54153 112 54272 74 54347 24 54393 12 54410 110 54528 72 54605 23 54648 14 54666 108 54784 72 54862 22 54897 23 54921 108 55040 36 55080 31 55119 22 55150 135 55296 34 55337 6 55346 22 55375 22 55405 136 55552 34 55593 4 55603 11 55621 3 55630 24 55656 1 55659 138 55808 33 55850 1 55859 13 55873 7 55886 167 56064 34 56114 22 56141 168 56320 36 56370 23 56397 168 56576 37 56625 25 56653 29 56684 138 56832 37 56882 24 56908 28 56940 139 57087 38 57138 53 57197 109 57311 25 57342 39 57397 23 57421 7 57431 15 57451 110 57566 26 57598 38 57655 21 57677 7 57687 14 57707 33 57743 73 57822 27 57853 38 57911 21 57933 8 57943 14 57962 34 58000 105 58108 38 58167 19 58187 11 58199 13 58218 34 58256 146 58424 18 58445 8 58455 5 58464 3 58475 35 58512 145 58680 18 58701 8 58712 3 58731 100 58832 82 58937 17 58957 7 58987 183 59193 17 59213 7 59242 184 59451 15 59470 14 59498 39 59541 125 59667 16 59708 14 59726 15 59754 39 59798 121 59924 14 59964 14 59981 18 60010 39 60053 121 60180 14 60221 15 60237 19 60266 40 60308 121 60436 13 60479 4 60485 27 60522 163 60693 11 60742 26 60778 84 60867 72 60949 10 60998 26 61033 85 61125 70 61206 7 61254 27 61288 87 61385 65 61510 28 61544 91 61641 64 61767 28 61798 95 61897 63 62023 128 62152 63 62279 90 62371 93 62531 92 62628 57 62686 34 62785 93 62884 41 62936 2 62944 32 63040 70 63115 19 63140 40 63201 31 63295 71 63373 17 63396 40 63458 30 63551 71 63629 17 63653 40 63715 29 63773 4 63806 72 63885 16 63910 23 63936 13 63971 29 64028 5 64061 57 64119 13 64140 16 64166 24 64192 13 64227 38 64283 7 64316 57 64376 11 64395 15 64423 23 64448 13 64483 45 64536 10 64572 57 64633 9 64651 13 64679 38 64740 47 64789 13 64827 59 64890 7 64907 12 64934 4 64943 30 64998 60 65083 59 65148 5 65163 12 65190 4 65199 30 65255 59 65339 58 65419 13 65446 3 65456 28 65511 25
702433,0 65536
711772,24897 1 25151 4 25408 1
715702,0 65536
719371,0 17 70 203 324 205 579 206 834 207 1089 209 1338 4 1343 212 1592 220 1838 5 1845 229 2093 204 2299 33 2349 204 2556 33 2606 203 2812 34 2862 203 3068 34 3118 203 3324 34 3368 208 3580 35 3623 209 3836 35 3877 210 4093 34 4133 210 4349 34 4388 179 4568 31 4605 1 4608 31 4643 180 4824 33 4861 1 4864 31 4899 180 5080 35 5117 1 5120 31 5155 220 5376 32 5411 253 5667 15 5685 234 5926 1 5930 5 5948 12 5963 212 6206 8 6219 212 6476 211 6733 210 6990 209 7248 207 7505 205 7763 204 8020 203 8277 203 8533 204 8789 204 9045 205 9301 205 9559 5 9571 190 9828 189 10084 188 10341 185 10596 184 10852 137 10990 45 11107 136 11245 45 11363 135 11501 44 11619 180 11875 180 12130 181 12386 182 12643 182 12900 182 13088 2 13158 181 13343 5 13422 184 13679 185 13935 185 14192 183 14449 179 14705 179 14963 178 15225 172 15426 3 15483 91 15576 78 15682 4 15739 90 15832 78 15938 7 15996 87 16088 79 16193 9 16252 86 16344 83 16449 11 16509 11 16521 72 16600 85 16706 10 16722 2 16765 9 16778 71 16856 86 16962 10 16977 4 17022 7 17036 68 17111 87 17218 10 17232 6 17278 6 17288 73 17366 89 17474 10 17487 7 17543 16 17562 55 17622 93 17730 9 17743 8 17799 16 17818 55 17878 96 17986 8 17999 8 18054 17 18074 55 18133 99 18242 7 18255 9 18310 17 18336 48 18389 99 18498 6 18511 9 18565 18 18592 46 18645 100 18754 6 18767 9 18819 20 18849 43 18901 73 18977 24 19011 4 19023 9 19073 24 19105 40 19157 72 19233 23 19268 2 19279 9 19329 25 19361 40 19411 73 19490 22 19535 8 19584 27 19618 38 19664 76 19747 19 19791 8 19840 27 19873 40 19919 77 20008 5 20017 3 20038 1 20047 7 20096 28 20129 40 20174 78 20303 7 20351 30 20385 123 20559 7 20606 32 20640 124 20816 5 20856 39 20896 124 21073 3 21111 164 21330 1 21365 163 21620 46 21669 114 21871 50 21926 112 22080 7 22094 3 22123 54 22183 110 22328 14 22349 4 22378 56 22438 110 22583 15 22605 4 22633 58 22694 110 22838 16 22861 4 22889 59 22949 110 23093 17 23117 3 23145 170 23349 16 23374 1 23402 169 23604 17 23658 168 23862 15 23885 10 23915 165 24086 4 24121 12 24140 12 24176 158 24342 4 24379 10 24394 15 24428 159 24598 4 24636 8 24648 18 24682 162 24891 10 24903 19 24937 166 25145 34 25191 169 25400 36 25438 2 25443 175 25656 219 25911 221 26138 1 26167 221 26393 4 26402 4 26423 220 26647 7 26657 7 26670 4 26678 70 26751 159 26913 7 26925 79 27007 159 27169 91 27264 157 27426 90 27519 158 27683 89 27775 157 27939 109 28049 139 28195 108 28306 137 28451 108 28562 137 28707 107 28818 136 28963 107 29074 135 29219 106 29330 135 29475 105 29586 134 29731 102 29842 135 29983 105 30097 247 30352 250 30608 250 30864 252 31120 253 31377 253 31634 253 31890 254 32146 1840 33989 251 34244 250 34500 249 34756 233 34991 14 35011 234 35247 14 35267 234 35504 12 35523 248 35780 245 36036 236 36274 5 36293 233 36551 232 36806 223 37032 7 37062 222 37288 8 37317 221 37545 8 37572 219 37801 8 37828 218 38058 7 38083 217 38314 7 38339 214 38572 4 38594 213 38848 213 39096 220 39351 221 39605 224 39861 224 40116 225 40372 225 40628 225 40885 3 40894 215 41154 210 41411 209 41668 207 41925 206 42182 205 42438 204 42694 203 42951 201 43208 199 43466 196 43724 193 43980 73 44055 117 44237 70 44315 112 44495 67 44572 110 44754 64 44828 110 45011 63 45084 110 45267 64 45339 111 45523 64 45593 112 45779 65 45848 113 46035 65 46103 114 46266 2 46291 181 46520 5 46547 181 46773 10 46803 181 47028 12 47058 181 47284 14 47314 181 47539 17 47569 181 47795 18 47824 182 48014 3 48026 4 48050 19 48079 181 48268 20 48306 20 48333 182 48523 23 48549 5 48561 21 48588 182 48779 33 48816 23 48843 183 49034 62 49098 184 49290 249 49546 250 49803 131 49935 118 50060 130 50192 118 50321 125 50449 117 50577 245 50833 244 51089 244 51345 244 51601 244 51856 245 52111 245 52366 246 52622 246 52877 246 53133 245 53389 245 53645 244 53901 243 54157 243 54413 242 54669 242 54924 243 55180 243 55437 243 55694 245 55952 244 56212 241 56467 243 56722 244 56979 244 57235 245 57491 245 57748 244 58004 244 58262 36 58302 202 58519 34 58560 199 58776 33 58818 197 59032 33 59075 16 59092 178 59288 34 59332 14 59349 177 59542 36 59590 12 59607 174 59796 37 59847 11 59864 172 60052 36 60105 7 60122 169 60308 29 60363 3 60380 167 60564 29 60636 82 60725 78 60820 29 60892 83 60982 76 61077 28 61147 84 61239 75 61333 28 61403 85 61496 74 61589 29 61659 86 61752 74 61845 30 61915 87 62009 72 62101 31 62171 87 62266 70 62357 33 62427 87 62522 70 62613 34 62682 89 62778 70 62870 34 62938 88 63034 70 63109 2 63125 35 63194 88 63289 71 63365 2 63380 37 63450 88 63545 71 63621 2 63636 37 63706 88 63801 71 63878 1 63892 36 63962 89 64057 71 64134 1 64148 34 64218 89 64312 71 64405 31 64473 91 64568 71 64661 32 64727 95 64823 71 64917 32 64981 169 65173 32 65235 170 65429 9 65441 20 65491 45
722180,0 231 256 231 512 231 768 231 1024 231 1280 231 1536 232 1792 232 2048 232 2304 232 2560 233 2816 233 3072 233 3328 233 3584 234 3840 234 4096 234 4352 234 4608 234 4864 235 5120 235 5376 235 5632 235 5888 235 6144 236 6400 236 6656 236 6912 236 7168 237 7424 237 7680 237 7936 238 8192 238 8448 238 8704 238 8960 238 9216 239 9472 239 9728 239 9984 239 10240 240 10496 240 10752 240 11008 240 11264 241 11520 241 11776 241 12032 241 12288 241 12544 241 12800 242 13056 242 13312 242 13568 242 13824 243 14080 243 14336 243 14592 243 14848 243 15104 244 15360 244 15616 244 15872 244 16128 245 16384 245 16640 245 16896 245 17152 246 17408 246 17664 246 17920 246 18176 246 18432 247 18688 247 18944 247 19200 247 19456 248 19712 248 19968 248 20224 248 20480 248 20736 249 20992 249 21248 249 21504 249 21760 250 22016 250 22272 250 22528 250 22784 251 23040 251 23296 251 23552 251 23808 251 24064 252 24320 252 24576 252 24832 252 25088 253 25344 253 25600 253 25856 254 26112 255 26368 255 26624 255 26880 38656
726981,28 26 107 27 285 26 363 27 542 25 619 26 802 22 874 10 889 4 1061 21 1130 9 1250 4 1317 22 1385 10 1505 7 1574 21 1640 10 1760 10 1830 21 1895 11 2015 12 2085 22 2151 11 2269 15 2341 22 2406 11 2524 17 2597 21 2662 11 2780 20 2853 21 2918 10 3035 23 3110 19 3175 8 3291 23 3366 17 3431 8 3547 24 3572 10 3623 15 3688 6 3802 37 3879 12 3944 6 4058 37 4136 9 4201 4 4313 39 4394 6 4458 3 4565 43 4820 44 5075 45 5331 45 5431 5 5586 46 5678 16 5842 47 5933 18 6098 48 6189 19 6354 49 6445 19 6610 49 6700 21 6866 29 6896 19 6951 3 6955 21 7121 29 7152 19 7207 25 7370 35 7408 19 7463 24 7626 35 7662 21 7719 25 7881 57 7975 28 8136 58 8232 28 8392 56 8468 1 8488 30 8647 56 8723 3 8745 30 8903 56 8979 4 9001 31 9158 57 9235 4 9257 31 9414 57 9491 4 9512 32 9670 56 9747 4 9767 33 9926 55 10003 5 10022 34 10096 2 10182 54 10260 4 10277 35 10352 3 10437 55 10516 5 10533 34 10607 4 10692 56 10773 4 10789 34 10863 4 10947 56 11029 5 11044 35 11119 4 11203 56 11285 6 11299 35 11375 3 11459 56 11541 6 11555 35 11715 56 11797 7 11810 36 11970 56 12053 7 12065 37 12226 56 12309 7 12320 39 12442 4 12482 54 12566 6 12575 40 12698 5 12737 53 12824 47 12953 7 12993 40 13036 8 13083 43 13199 3 13203 15 13250 36 13295 2 13340 42 13453 23 13507 33 13594 43 13708 26 13765 30 13850 43 13961 29 14022 28 14105 45 14216 31 14278 22 14360 46 14471 32 14534 21 14589 3 14617 46 14726 33 14790 20 14833 3 14843 5 14873 46 14981 34 15045 19 15079 1 15088 5 15096 8 15133 42 15236 34 15301 18 15325 2 15333 3 15344 16 15391 40 15491 35 15556 18 15580 14 15599 17 15646 41 15738 5 15746 36 15813 16 15836 17 15855 17 15899 45 15991 48 16069 16 16092 36 16152 48 16243 52 16325 15 16348 36 16407 49 16498 53 16565 4 16581 15 16605 35 16663 49 16751 55 16820 5 16837 13 16861 35 16919 48 17006 56 17076 6 17093 12 17113 39 17175 48 17261 57 17321 1 17331 10 17349 11 17368 40 17424 3 17431 48 17516 57 17576 5 17585 14 17605 11 17623 41 17679 5 17687 48 17771 58 17831 25 17862 10 17878 42 17924 3 17934 6 17943 47 18027 57 18085 27 18119 8 18134 42 18178 5 18190 6 18199 46 18282 86 18375 8 18389 43 18433 7 18446 5 18455 44 18538 85 18632 6 18645 43 18689 6 18703 5 18709 45 18794 85 18888 6 18900 44 18945 5 18963 47 19050 84 19144 5 19156 44 19203 1 19218 47 19305 86 19400 4 19411 45 19472 49 19561 86 19656 3 19667 45 19727 50 19816 88 19922 46 19982 50 20071 90 20177 35 20215 9 20237 50 20327 91 20432 37 20470 10 20492 50 20582 93 20687 49 20747 50 20838 94 20942 50 21002 51 21093 96 21197 51 21257 52 21348 96 21453 49 21512 53 21604 96 21709 49 21767 55 21859 96 21964 49 22023 56 22115 95 22220 48 22278 57 22371 94 22475 51 22534 57 22626 95 22730 54 22789 58 22882 94 22986 54 23045 58 23138 94 23241 56 23300 59 23393 94 23496 58 23555 59 23648 95 23751 118 23903 97 24006 119 24158 98 24259 120 24413 65 24480 96 24578 54 24668 58 24730 3 24737 95 24835 50 24923 58 24987 1 24994 94 25092 48 25179 57 25250 94 25349 6 25357 38 25435 56 25507 93 25606 4 25615 35 25690 56 25763 93 25862 3 25871 34 25946 56 26019 93 26117 3 26126 33 26201 56 26275 93 26372 5 26382 23 26408 5 26457 55 26530 94 26627 6 26637 23 26713 55 26786 94 26881 8 26892 24 26970 52 27042 103 27147 25 27226 50 27298 103 27403 26 27483 48 27554 131 27740 46 27811 5 27825 116 27996 46 28067 5 28081 116 28252 45 28322 6 28336 115 28509 43 28579 6 28593 112 28766 41 28836 5 28850 108 29025 32 29093 3 29106 108 29286 26 29363 107 29543 24 29619 107 29799 24 29875 108 30055 23 30131 108 30310 23 30387 108 30566 22 30643 108 30821 22 30899 108 31075 23 31155 109 31330 15 31411 109 31585 17 31666 110 31833 25 31921 111 32087 27 32176 112 32342 28 32432 112 32598 28 32688 112 32854 29 32944 112 33111 27 33200 112 33367 27 33457 110 33624 25 33713 5 33719 103 33880 23 33970 2 33976 101 34136 23 34225 3 34233 97 34393 21 34480 4 34490 96 34650 20 34735 5 34747 95 34880 5 34908 17 34991 4 35004 94 35135 7 35150 3 35165 15 35260 94 35390 9 35406 4 35422 12 35442 1 35515 95 35645 12 35661 7 35683 5 35698 1 35770 96 35900 14 35917 10 35954 1 36025 97 36155 17 36173 11 36279 99 36410 31 36534 101 36665 33 36789 102 36921 33 37045 101 37176 34 37301 101 37431 35 37557 100 37687 35 37812 101 37944 4 37953 24 38068 75 38144 25 38202 1 38212 21 38323 76 38400 24 38471 2 38475 14 38579 76 38656 25 38733 13 38835 63 38900 11 38912 25 38990 12 39091 63 39156 37 39247 11 39347 102 39503 11 39526 3 39603 102 39759 11 39781 8 39859 101 40014 12 40036 11 40115 101 40270 12 40291 14 40370 101 40526 12 40547 15 40625 66 40694 32 40782 13 40801 19 40881 67 40950 32 41038 14 41056 22 41107 1 41136 102 41294 14 41311 24 41362 3 41392 101 41550 14 41566 28 41616 6 41647 101 41807 12 41821 36 41871 7 41903 11 41917 25 41951 52 42063 10 42077 40 42125 9 42157 12 42179 17 42207 51 42319 9 42334 40 42380 10 42412 13 42436 16 42462 51 42575 8 42590 40 42636 10 42667 14 42692 15 42714 52 42830 9 42846 40 42892 10 42922 15 42949 14 42966 54 43071 3 43086 9 43101 41 43148 10 43177 16 43205 70 43326 5 43342 10 43357 41 43404 10 43432 16 43462 3 43468 63 43581 7 43598 12 43611 43 43660 10 43687 17 43723 64 43837 7 43855 55 43917 9 43942 18 43979 63 44093 7 44111 54 44173 8 44196 20 44235 63 44347 8 44367 54 44430 5 44450 23 44491 63 44602 9 44624 52 44700 31 44747 63 44858 8 44880 51 44956 32 45002 12 45019 47 45114 9 45135 51 45211 34 45257 12 45276 46 45369 10 45391 50 45467 36 45514 11 45532 46 45624 11 45647 49 45724 36 45771 9 45786 48 45879 12 45903 48 45980 37 46027 9 46041 48 46135 11 46159 48 46236 38 46283 9 46296 48 46390 12 46414 48 46492 30 46524 6 46539 8 46551 48 46646 13 46669 48 46748 28 46781 6 46794 10 46806 48 46902 13 46925 48 47004 27 47038 5 47050 58 47157 14 47181 48 47260 26 47295 3 47305 58 47413 14 47437 48 47516 23 47561 57 47670 12 47693 48 47771 23 47817 55 47926 10 47949 48 48027 23 48072 56 48182 8 48205 48 48276 3 48283 23 48317 2 48328 56 48439 5 48460 48 48531 31 48573 3 48583 57 48696 2 48716 47 48786 32 48829 3 48837 59 48972 39 49014 4 49041 32 49092 60 49227 39 49297 31 49347 61 49482 39 49553 30 49603 61 49737 39 49809 30 49859 48 49910 10 49992 39 50066 11 50080 13 50114 47 50246 40 50324 8 50336 12 50370 46 50501 39 50581 7 50592 10 50625 46 50757 33 50838 5 50849 8 50881 28 50910 16 51013 30 51105 7 51137 26 51166 15 51270 25 51360 8 51392 43 51527 24 51615 9 51642 47 51778 1 51784 23 51871 9 51895 50 52033 3 52040 24 52127 8 52149 52 52288 4 52296 24 52383 8 52405 53 52544 5 52552 24 52579 3 52640 7 52661 54 52800 6 52807 25 52833 6 52896 8 52917 54 53056 40 53152 10 53172 55 53312 40 53406 13 53428 56 53567 41 53614 3 53661 15 53684 56 53821 43 53868 6 53916 16 53939 57 54072 48 54123 7 54170 12 54184 3 54194 59 54327 59 54426 12 54450 59 54582 60 54681 13 54706 58 54837 60 54937 14 54961 59 55092 60 55193 16 55215 60 55347 60 55450 80 55602 54 55706 79 55857 55 55962 79 56112 50 56163 4 56218 78 56366 51 56474 78 56622 51 56729 78 56877 52 56984 79 57131 19 57152 34 57239 80 57386 19 57408 34 57494 81 57641 20 57664 35 57750 81 57896 59 58006 80 58151 60 58261 81 58404 63 58517 33 58551 46 58658 64 58773 31 58808 44 58912 64 59029 31 59063 45 59167 59 59286 6 59295 20 59319 45 59390 2 59422 59 59516 3 59542 6 59551 21 59574 46 59645 3 59677 59 59771 5 59798 5 59808 20 59830 46 59901 3 59933 58 60027 5 60064 69 60156 4 60188 57 60283 6 60321 68 60412 4 60443 58 60539 7 60578 54 60634 11 60668 4 60699 57 60795 7 60835 53 60891 10 60924 4 60954 58 61051 7 61092 52 61148 9 61181 3 61210 58 61307 7 61350 50 61404 8 61437 3 61466 58 61564 5 61607 49 61661 7 61693 3 61721 59 61864 48 61917 7 61949 3 61977 58 62120 41 62163 5 62174 4 62204 4 62234 57 62376 41 62419 6 62459 5 62490 56 62631 41 62676 4 62715 5 62746 55 62868 4 62880 4 62886 41 62933 2 62971 5 63003 52 63123 5 63136 46 63227 5 63260 48 63378 6 63392 45 63484 4 63519 45 63632 8 63649 43 63741 3 63776 43 63885 12 63905 42 63999 1 64033 42 64139 15 64161 42 64289 43 64394 17 64416 42 64545 44 64650 64 64801 45 64906 65 65057 46 65163 63 65313 19 65335 10 65347 13 65421 61
732471, 
734470,20 13 115 20 274 15 370 21 529 17 626 20 784 18 881 20 1040 19 1092 3 1135 22 1296 19 1347 4 1383 30 1552 20 1596 12 1638 31 1808 20 1848 18 1867 5 1894 30 1934 1 2065 20 2103 26 2150 30 2187 5 2322 19 2358 28 2406 31 2441 8 2580 17 2613 30 2662 44 2836 16 2867 33 2918 44 3092 15 3121 35 3174 45 3348 10 3377 36 3431 45 3605 7 3633 36 3687 46 3862 4 3889 37 3944 47 4145 37 4200 50 4401 36 4458 55 4657 36 4715 56 4913 35 4973 55 5162 42 5229 56 5417 43 5485 57 5672 44 5741 58 5927 45 5982 7 5996 60 6155 5 6183 45 6237 9 6251 62 6411 8 6439 45 6492 11 6507 62 6666 10 6694 46 6747 12 6762 64 6913 6 6921 11 6949 46 7003 12 7018 64 7168 20 7203 47 7259 12 7274 64 7424 20 7457 47 7515 12 7529 65 7680 20 7712 47 7771 11 7785 65 7936 20 7967 47 8027 11 8039 66 8192 20 8223 46 8284 8 8295 66 8448 21 8478 46 8540 8 8549 69 8704 21 8734 45 8796 78 8960 21 8990 44 9052 78 9216 21 9242 45 9308 78 9472 20 9496 45 9564 78 9728 20 9751 46 9820 79 9984 20 10006 47 10076 80 10240 20 10261 48 10333 81 10496 68 10588 83 10752 67 10844 83 11008 66 11085 4 11100 83 11264 66 11339 7 11356 83 11520 66 11591 11 11616 78 11776 66 11846 12 11873 76 12032 65 12101 13 12129 75 12288 64 12356 14 12385 74 12544 63 12613 12 12642 73 12800 62 12870 10 12899 72 13056 60 13128 5 13154 74 13312 59 13410 75 13568 59 13665 77 13824 57 13914 1 13921 77 14080 57 14170 1 14175 80 14336 56 14426 2 14430 81 14592 56 14685 83 14848 56 14939 85 15104 56 15194 87 15360 55 15450 87 15616 54 15706 86 15872 52 15942 9 15961 57 16020 9 16035 12 16128 50 16197 10 16217 69 16292 9 16384 49 16453 11 16473 69 16640 48 16708 12 16728 70 16896 48 16963 15 16984 71 17152 47 17217 20 17239 72 17408 46 17472 96 17664 47 17728 96 17920 47 17984 96 18176 47 18240 95 18432 28 18461 18 18496 94 18688 28 18718 17 18753 93 18944 28 18976 15 19009 93 19200 30 19232 15 19265 93 19456 46 19522 92 19712 46 19779 92 19968 46 20036 93 20224 43 20291 96 20480 41 20547 97 20736 36 20773 2 20803 100 20992 35 21058 102 21248 39 21314 103 21504 39 21570 103 21760 40 21825 105 22016 40 22080 106 22272 40 22337 106 22528 39 22593 106 22784 38 22849 107 23040 37 23104 108 23296 38 23360 108 23552 39 23608 1 23615 109 23808 39 23861 119 24064 39 24114 122 24320 40 24366 126 24576 40 24620 128 24832 41 24875 130 25088 173 25284 2 25344 173 25538 5 25600 106 25713 60 25793 6 25856 105 25969 60 26047 9 26112 103 26224 61 26303 9 26368 100 26478 63 26558 10 26624 100 26733 64 26814 11 26880 100 26988 63 27070 11 27136 100 27244 60 27326 11 27392 99 27499 60 27580 13 27648 98 27755 57 27836 14 27904 98 28011 17 28034 30 28090 16 28160 97 28267 15 28290 29 28345 17 28416 96 28523 15 28546 29 28600 18 28672 91 28779 17 28801 31 28856 18 28928 90 29036 18 29057 33 29111 19 29184 90 29292 7 29304 42 29366 19 29440 90 29560 43 29622 19 29696 90 29815 45 29878 18 29952 89 30072 44 30135 17 30208 89 30328 44 30392 16 30464 88 30585 43 30648 15 30720 88 30841 43 30904 15 30976 88 31097 44 31161 13 31232 6 31241 79 31353 45 31417 13 31498 80 31609 45 31672 15 31755 81 31864 46 31926 19 32012 80 32119 47 32181 21 32269 80 32375 47 32437 22 32526 80 32631 46 32693 23 32783 78 32889 44 32948 24 33039 78 33142 46 33204 25 33295 78 33396 48 33460 26 33551 78 33652 48 33716 26 33807 78 33908 48 33971 16 33988 10 34062 79 34163 49 34227 15 34245 9 34305 5 34318 79 34419 49 34483 14 34502 8 34560 8 34573 80 34672 54 34739 13 34759 7 34816 92 34928 56 34995 12 35020 2 35072 92 35184 58 35252 10 35275 4 35328 92 35440 59 35509 7 35531 5 35584 92 35695 61 35766 4 35786 6 35840 93 35939 4 35950 62 36042 6 36096 94 36195 6 36204 65 36298 7 36352 94 36450 75 36554 7 36608 95 36706 76 36810 7 36864 174 37067 7 37120 174 37324 6 37376 172 37552 3 37580 6 37632 172 37807 4 37837 5 37888 170 38062 5 38094 3 38144 169 38318 5 38400 179 38656 179 38912 178 39168 166 39336 8 39350 8 39424 165 39594 4 39606 10 39680 163 39861 11 39936 163 40116 13 40192 163 40371 14 40448 162 40626 16 40704 161 40882 16 40960 160 41137 18 41216 159 41393 18 41472 159 41649 19 41728 158 41905 19 41984 158 42161 18 42240 98 42339 60 42417 17 42496 159 42673 17 42752 160 42930 16 43008 96 43105 63 43186 16 43264 94 43363 61 43443 16 43520 92 43619 61 43699 20 43776 91 43876 60 43954 22 44032 80 44113 9 44133 59 44209 24 44288 78 44371 6 44389 58 44465 25 44544 78 44628 3 44647 55 44719 27 44800 77 44910 48 44974 28 45056 76 45167 42 45228 31 45312 75 45423 41 45483 32 45568 72 45679 41 45738 33 45824 69 45935 42 45993 35 46080 65 46191 43 46249 36 46336 63 46447 45 46504 38 46592 63 46702 49 46760 39 46848 62 46958 50 47015 41 47104 62 47214 50 47270 43 47360 61 47470 3 47476 44 47526 43 47616 60 47734 43 47781 45 47872 60 47991 42 48037 45 48129 55 48248 41 48293 45 48387 52 48505 40 48549 46 48645 49 48730 4 48763 38 48805 46 48902 48 48984 7 49021 3 49028 29 49061 46 49159 54 49226 6 49239 11 49278 1 49286 27 49316 47 49416 57 49480 9 49495 12 49543 75 49672 60 49735 10 49749 16 49799 73 49927 63 49991 11 50004 17 50055 23 50079 39 50177 2 50182 76 50259 18 50311 21 50340 33 50433 81 50516 17 50567 21 50596 32 50688 81 50773 15 50823 20 50853 31 50944 81 51030 13 51079 20 51109 30 51200 81 51286 14 51336 18 51366 28 51456 81 51543 13 51593 15 51624 25 51712 81 51798 15 51856 8 51883 21 51968 6 51976 73 52053 17 52115 3 52141 18 52224 5 52233 73 52307 19 52399 16 52480 4 52489 93 52658 12 52736 4 52746 93 52914 11 52992 3 53002 95 53170 10 53248 3 53259 98 53424 10 53504 3 53515 100 53668 5 53678 9 53760 2 53772 99 53922 20 54016 1 54028 99 54177 20 54272 1 54284 96 54432 21 54528 1 54541 94 54688 20 54784 3 54797 94 54943 11 54959 3 55040 3 55054 92 55200 4 55296 4 55312 90 55552 4 55568 91 55808 4 55824 91 55922 2 56064 3 56079 93 56176 5 56320 3 56335 71 56409 28 56576 3 56590 71 56665 28 56832 8 56844 73 56921 29 57088 9 57099 74 57180 1 57183 24 57344 86 57439 25 57600 87 57694 26 57856 88 57949 27 58112 89 58205 27 58368 89 58462 26 58624 90 58718 27 58880 90 58977 24 59136 90 59236 21 59392 90 59494 19 59648 1 59651 87 59751 18 59907 86 60008 23 60164 85 60265 24 60419 85 60520 26 60675 84 60766 1 60775 28 60931 85 61022 4 61031 29 61187 85 61279 4 61286 30 61384 3 61442 87 61535 4 61542 30 61640 4 61696 91 61798 30 61895 6 61952 93 62053 31 62150 8 62208 93 62309 30 62394 5 62402 12 62464 94 62564 29 62650 20 62720 94 62819 29 62905 21 62976 94 63074 22 63100 2 63161 21 63232 120 63417 20 63488 120 63673 20 63744 120 63929 21 64000 120 64182 25 64256 119 64436 29 64512 118 64691 30 64768 92 64861 24 64946 31 65024 117 65202 31 65280 116 65457 32
737692,0 65536
747518,0 65536
748680,0 65536
769836,0 108 256 109 512 109 768 109 1024 110 1280 110 1536 110 1792 111 2048 111 2304 111 2560 112 2816 112 3072 112 3328 113 3584 113 3840 114 4096 114 4352 114 4608 114 4864 115 5120 115 5376 116 5632 116 5888 116 6144 116 6400 117 6656 117 6912 118 7168 118 7424 118 7680 119 7936 119 8192 119 8448 120 8704 120 8960 120 9216 121 9472 121 9728 121 9984 122 10240 122 10496 122 10752 123 11008 123 11264 123 11520 123 11776 124 12032 124 12288 124 12544 125 12800 125 13056 125 13312 126 13568 126 13824 126 14080 127 14336 127 14592 127 14848 128 15104 128 15360 129 15616 129 15872 130 16128 130 16384 130 16640 130 16896 131 17152 131 17408 132 17664 132 17920 132 18176 133 18432 133 18688 134 18944 134 19200 134 19456 134 19712 135 19968 135 20224 135 20480 136 20736 136 20992 136 21248 136 21504 137 21760 137 22016 138 22272 138 22528 138 22784 139 23040 139 23296 139 23552 140 23808 140 24064 140 24320 140 24576 141 24832 141 25088 142 25344 142 25600 142 25856 142 26112 143 26368 143 26624 144 26880 144 27136 144 27392 145 27648 145 27904 146 28160 146 28416 146 28672 147 28928 147 29184 147 29440 148 29696 148 29952 148 30208 149 30464 149 30720 150 30976 150 31232 150 31488 150 31744 151 32000 151 32256 151 32512 152 32768 152 33024 152 33280 152 33536 153 33792 153 34048 154 34304 154 34560 154 34816 155 35072 155 35328 156 35584 156 35840 156 36096 156 36352 157 36608 157 36864 158 37120 158 37376 158 37632 159 37888 159 38144 159 38400 160 38656 160 38912 160 39168 160 39424 161 39680 161 39936 162 40192 162 40448 162 40704 163 40960 163 41216 164 41472 164 41728 164 41984 164 42240 165 42496 165 42752 165 43008 166 43264 166 43520 166 43776 167 44032 167 44288 167 44544 168 44800 168 45056 168 45312 168 45568 169 45824 169 46080 169 46336 170 46592 170 46848 170 47104 171 47360 171 47616 171 47872 172 48128 172 48384 173 48640 173 48896 174 49152 174 49408 174 49664 174 49920 175 50176 175 50432 176 50688 176 50944 176 51200 176 51456 177 51712 178 51968 178 52224 178 52480 178 52736 179 52992 179 53248 180 53504 180 53760 180 54016 181 54272 181 54528 182 54784 182 55040 182 55296 182 55552 183 55808 183 56064 184 56320 184 56576 184 56832 184 57088 185 57344 185 57600 186 57856 186 58112 186 58368 186 58624 187 58880 187 59136 188 59392 188 59648 188 59904 189 60160 189 60416 189 60672 190 60928 190 61184 190 61440 190 61696 191 61952 191 62208 192 62464 192 62720 192 62976 192 63232 193 63488 193 63744 193 64000 194 64256 194 64512 194 64768 195 65024 195 65280 195
772465,0 65536
777433,165 6 420 7 676 7 933 4 2218 1 2472 5 2727 7 2983 7 3238 8 3493 9 3748 11 4004 12 4259 15 4485 5 4515 17 4738 9 4771 17 4994 10 5027 17 5249 11 5282 18 5505 13 5538 18 5761 14 5794 18 6017 17 6050 18 6273 19 6305 19 6529 19 6561 18 6785 19 6817 18 7042 18 7073 19 7298 18 7329 20 7555 16 7586 20 7812 15 7842 20 8069 14 8099 19 8326 12 8356 18 8583 11 8613 17 8840 8 8869 17 9098 4 9126 15 9382 15 9625 5 9638 15 9879 10 9893 15 10134 13 10149 15 10389 30 10644 16 10663 12 10900 16 10920 11 11156 16 11177 10 11412 16 11434 9 11668 16 11690 6 11912 7 11925 14 11947 2 12166 9 12181 15 12421 11 12437 15 12677 14 12693 16 12932 33 13188 34 13443 35 13698 36 13954 36 14209 37 14464 38 14721 37 14980 34 15053 8 15237 32 15308 10 15494 30 15563 12 15750 29 15819 12 16006 27 16075 13 16262 26 16331 13 16518 9 16532 11 16587 13 16776 6 16787 11 16843 13 17033 3 17042 11 17099 13 17297 11 17355 12 17552 10 17611 11 17808 9 17868 9 18064 9 18125 4 18320 8 18576 8 18833 6 19808 3 20058 10 20314 11 20570 11 20616 1 20827 10 20870 5 21083 10 21125 8 21339 10 21379 12 21596 9 21632 16 21852 10 21886 18 22106 1 22109 9 22141 19 22362 2 22365 9 22396 21 22618 12 22651 22 22877 9 22908 21 23133 8 23164 21 23389 8 23420 20 23646 7 23676 20 23903 6 23931 21 24159 6 24187 20 24416 5 24427 8 24442 21 24678 17 24698 20 24932 20 24954 20 25187 21 25210 19 25442 23 25467 17 25698 23 25724 10 25954 23 25983 4 26210 23 26466 23 26723 21 26765 3 26978 22 27019 6 27234 21 27273 9 27490 20 27527 12 27746 19 27781 14 28003 18 28036 16 28260 16 28292 17 28519 12 28547 18 28776 10 28803 19 29034 7 29058 20 29312 22 29567 22 29822 23 30078 22 30334 22 30590 22 30846 22 31102 23 31358 23 31614 23 31869 24 32125 24 32381 23 32636 23 32772 6 32892 21 33027 8 33148 20 33282 9 33403 17 33538 9 33659 16 33794 9 33916 14 34051 7 34172 14 34429 13 34686 11 34944 8 35202 4 50437 4 50692 8 50947 10 51203 10 51458 12 51556 3 51714 12 51810 7 51829 4 51969 13 52065 8 52084 7 52225 13 52320 9 52339 12 52481 13 52576 9 52595 13 52737 12 52832 9 52851 13 52993 12 53089 7 53107 13 53250 10 53346 5 53363 13 53508 7 53590 2 53603 3 53619 12 53845 6 53875 11 54100 8 54131 9 54355 10 54387 8 54611 11 54643 8 54867 11 54899 7 55124 10 55155 7 55381 9 55411 7 55638 8 55667 7 55895 7 55923 7 56152 5 56179 6 56410 1 57615 5 57870 8 57943 2 58125 10 58198 4 58380 12 58454 4 58635 14 58712 1 58891 15 59146 17 59178 9 59402 17 59433 12 59658 18 59689 13 59913 18 59944 15 60167 20 60199 16 60422 22 60455 16 60678 22 60710 17 60935 23 60966 18 61192 23 61222 18 61448 23 61478 19 61704 23 61735 19 61960 23 61992 19 62216 23 62249 18 62472 23 62505 18 62729 22 62761 18 62986 21 63016 19 63243 21 63271 19 63500 19 63526 20 63756 19 63781 20 64013 17 64036 21 64269 15 64292 21 64525 16 64547 21 64780 17 64803 21 65036 18 65059 20 65292 19 65315 20
778684,648 5 902 8 1157 9 1412 12 1667 18 1923 19 2178 22 2434 23 2690 24 2946 25 3202 25 3458 25 3715 25 3972 24 4231 22 4489 24 4746 24 5003 25 5261 23 5519 22 5776 22 6032 23 6288 24 6453 6 6545 25 6704 13 6800 27 6957 18 7056 27 7210 26 7311 29 7464 29 7568 28 7720 30 7824 29 7976 31 8081 29 8232 32 8337 30 8488 33 8593 30 8745 33 8850 8 8861 18 9001 33 9106 8 9120 15 9258 32 9363 7 9378 12 9515 7 9523 23 9621 6 9781 22 9879 4 10037 22 10294 21 10550 20 10807 18 11066 3 18208 2 18463 6 18718 7 18973 8 19229 8 19485 8 19715 2 19742 7 19968 8 19990 1 19998 6 20224 10 20244 5 20255 3 20397 3 20480 12 20499 7 20549 4 20652 5 20736 13 20755 7 20802 8 20906 8 20992 14 21011 8 21051 17 21161 9 21248 15 21267 7 21304 21 21416 10 21504 16 21523 6 21559 23 21672 11 21760 24 21815 23 21927 15 22016 22 22070 25 22183 17 22272 22 22327 23 22439 17 22528 22 22584 22 22696 17 22784 22 22841 21 22952 17 23040 21 23098 19 23208 17 23296 21 23352 21 23465 15 23552 21 23606 22 23723 12 23808 21 23861 9 23873 11 23980 9 24064 21 24116 10 24132 9 24320 21 24371 11 24387 10 24576 21 24627 12 24643 10 24832 20 24876 19 24898 15 25088 20 25131 20 25153 18 25344 19 25387 20 25409 19 25600 18 25643 42 25856 18 25899 43 26112 15 26155 43 26273 3 26280 2 26369 12 26411 45 26529 10 26626 9 26666 48 26785 11 26884 6 26907 8 26922 48 27041 12 27142 3 27162 11 27177 50 27296 14 27400 1 27417 13 27432 51 27551 15 27673 66 27807 15 27929 67 28062 14 28185 67 28314 13 28441 67 28569 11 28697 68 28824 12 28953 68 29080 12 29209 68 29336 12 29465 68 29592 13 29720 69 29848 14 29976 68 30104 17 30231 68 30361 17 30487 67 30616 18 30742 67 30866 2 30870 21 30998 68 31121 26 31238 4 31254 70 31326 1 31376 27 31494 5 31510 75 31632 28 31751 4 31766 75 31888 29 32009 1 32022 75 32145 30 32279 74 32401 31 32507 2 32536 73 32656 33 32761 7 32794 71 32912 34 33016 8 33051 69 33167 36 33271 9 33308 67 33423 36 33527 9 33564 66 33678 38 33782 10 33820 65 33934 38 34038 10 34076 65 34189 40 34293 11 34332 66 34444 42 34548 12 34589 65 34698 45 34804 12 34845 65 34953 46 35059 13 35101 65 35207 48 35314 14 35357 66 35461 51 35570 14 35614 65 35716 52 35826 14 35872 64 35971 53 36070 3 36082 14 36135 57 36227 53 36326 3 36338 14 36393 55 36482 54 36583 1 36594 14 36650 55 36738 53 36851 13 36909 52 36993 53 37107 13 37167 51 37249 51 37364 12 37425 49 37505 50 37621 11 37685 45 37761 50 37879 9 37943 43 38017 50 38136 7 38202 40 38273 52 38464 34 38530 52 38721 33 38786 53 38981 29 39042 53 39239 27 39298 54 39497 24 39555 54 39755 13 39772 4 39811 54 40011 14 40067 55 40267 14 40322 57 40523 15 40578 57 40780 14 40833 59 41037 13 41089 58 41293 13 41344 58 41548 13 41600 57 41804 12 41855 58 42060 11 42110 59 42316 11 42366 59 42572 11 42622 58 42828 11 42878 58 43086 8 43135 57 43268 5 43392 56 43524 6 43648 55 43779 8 43904 55 44035 8 44160 55 44288 12 44417 53 44544 13 44674 52 44800 13 44931 51 45056 13 45187 50 45312 14 45444 48 45499 5 45568 14 45700 46 45753 9 45824 14 45956 41 46008 10 46080 15 46214 39 46264 11 46336 15 46471 37 46520 11 46592 15 46728 36 46775 12 46848 15 46985 34 47029 15 47104 15 47243 31 47283 16 47328 5 47360 14 47503 26 47538 17 47582 9 47616 14 47762 23 47793 17 47834 14 47873 12 48019 22 48049 17 48088 17 48130 10 48276 21 48304 17 48341 21 48388 7 48533 20 48560 16 48596 22 48790 19 48816 16 48852 22 49046 18 49071 17 49107 23 49302 18 49326 18 49363 23 49559 17 49581 19 49619 24 49815 16 49836 19 49874 32 50073 6 50091 20 50129 33 50181 4 50331 3 50347 21 50384 34 50436 6 50602 22 50639 36 50692 6 50858 23 50894 37 50948 7 51114 23 51150 25 51177 11 51204 8 51370 23 51406 23 51438 6 51460 9 51627 22 51662 21 51695 5 51717 11 51885 19 51919 20 51952 4 51973 12 52143 17 52176 18 52229 15 52404 12 52432 19 52485 16 52660 11 52688 20 52741 17 52917 8 52944 21 52997 18 53173 7 53200 22 53253 18 53455 23 53510 17 53711 23 53767 16 53967 23 54024 15 54222 23 54283 12 54478 22 54541 8 54724 2 54734 21 54800 2 54829 11 54973 12 54990 20 55063 2 55084 13 55186 5 55228 14 55246 7 55254 11 55319 5 55339 16 55438 11 55484 15 55502 6 55512 8 55575 7 55594 18 55693 13 55739 16 55758 6 55769 5 55831 15 55849 19 55948 16 55995 16 56015 5 56027 1 56087 38 56203 17 56251 16 56272 3 56343 39 56385 4 56459 18 56506 16 56599 47 56714 20 56762 15 56855 50 56970 21 57002 10 57018 13 57112 53 57226 23 57257 12 57274 12 57368 53 57483 25 57510 16 57530 11 57624 54 57739 44 57787 10 57880 55 57996 44 58045 7 58136 56 58253 43 58304 4 58392 57 58513 39 58607 1 58648 58 58770 38 58859 8 58905 57 59027 37 59115 10 59161 17 59181 37 59283 36 59371 11 59418 5 59427 47 59539 36 59628 11 59684 46 59796 35 59884 16 59940 46 60052 34 60140 19 60196 46 60246 4 60308 33 60396 20 60452 54 60562 34 60650 22 60708 55 60816 35 60883 4 60905 23 60963 57 61072 35 61137 8 61161 23 61219 28 61249 29 61327 36 61392 10 61417 23 61475 27 61505 31 61583 38 61647 12 61673 23 61726 1 61730 28 61760 34 61839 40 61902 13 61929 23 61981 33 62016 34 62096 40 62157 14 62184 24 62236 33 62272 33 62352 40 62412 16 62436 28 62492 33 62528 33 62608 40 62668 17 62692 28 62748 32 62785 31 62865 26 62893 10 62924 19 62948 28 63003 33 63041 32 63121 27 63150 8 63180 19 63204 28 63259 32 63298 37 63377 27 63407 5 63436 19 63460 28 63515 32 63553 40 63634 26 63679 3 63692 18 63717 27 63771 32 63809 43 63854 1 63891 25 63934 5 63948 17 63973 27 64027 33 64065 48 64147 25 64187 9 64204 16 64229 27 64284 32 64321 49 64403 25 64442 10 64461 15 64485 27 64541 86 64659 25 64698 10 64717 14 64740 28 64797 87 64915 25 64954 9 64973 13 64995 29 65054 86 65170 26 65211 7 65229 13 65250 29 65311 85 65426 25 65486 11 65506 28
787614,0 65536
797883,135 121 391 121 648 120 904 120 1160 120 1417 119 1674 118 1931 117 2187 117 2444 116 2701 115 2958 114 3215 113 3472 112 3730 110 3988 6 4001 95 4247 2 4258 94 4515 93 4772 92 5032 69 5102 18 5290 67 5359 17 5547 65 5616 16 5804 64 5872 16 6061 62 6128 16 6321 58 6384 16 6578 9 6592 43 6639 17 6834 7 6849 41 6895 17 7090 6 7106 40 7151 17 7347 4 7363 38 7406 18 7619 38 7662 18 7876 37 7918 18 8133 35 8174 18 8390 33 8430 18 8647 30 8687 17 8904 28 8944 16 9162 8 9173 12 9200 16 9420 4 9430 9 9457 15 9687 6 9713 15 9943 6 9968 16 10199 6 10224 16 10455 5 10480 14 10712 4 10736 13 10968 3 10992 11 11247 11 11503 10 11758 10 12014 9 12270 8 12526 7 12783 6 13040 4 17881 5 17889 1 18137 11 18393 12 18648 13 18904 13 19160 13 19417 12 19673 12 19929 12 20185 11 20441 10 20493 10 20697 9 20748 13 20956 2 21003 16 21256 21 21509 25 21765 26 22006 7 22021 27 22260 11 22277 27 22515 12 22533 27 22770 14 22789 26 23026 14 23046 22 23282 14 23303 14 23539 13 23560 6 23795 13 24051 13 24307 13 24563 13 24819 13 25075 12 25332 10 25588 8 25844 8 26100 6 26357 3 40723 7 40976 13 41231 16 41486 16 41742 15 41998 14 42254 14 42511 11 42767 9 43023 9 43280 7 43538 4
798199,0 65536
798724,0 250 253 253 509 252 765 252 1020 253 1276 253 1532 253 1788 255 2044 255 2300 255 2556 255 2812 1021 3834 255 4090 254 4347 254 4608 249 4861 2 4864 249 5116 253 5372 253 5628 253 5884 253 6140 253 6396 254 6654 252 6912 251 7168 251 7424 250 7677 1 7680 223 7906 24 7933 1 7936 223 8164 22 8192 223 8421 21 8448 222 8678 19 8704 211 8920 3 8934 19 8960 209 9177 1 9190 19 9216 207 9447 1 9450 15 9472 205 9707 10 9718 2 9728 204 9963 4 9968 3 9984 204 10222 3 10240 203 10479 1 10496 202 10752 201 11008 192 11202 5 11264 192 11460 2 11494 2 11520 192 11751 2 11776 192 12007 3 12032 192 12263 2 12288 192 12544 192 12800 192 13033 1 13056 191 13289 1 13312 191 13519 2 13545 1 13568 191 13774 2 13824 192 14024 8 14080 192 14280 6 14336 192 14536 6 14592 193 14792 6 14848 193 15048 5 15104 172 15277 19 15305 4 15318 2 15360 171 15534 18 15561 4 15574 2 15616 171 15790 23 15817 4 15831 1 15872 172 16045 25 16073 4 16090 1 16128 172 16301 27 16330 4 16347 1 16384 172 16557 27 16586 4 16607 1 16640 172 16814 19 16834 6 16842 4 16856 2 16896 172 17070 18 17090 7 17098 4 17109 6 17152 173 17328 15 17345 8 17354 3 17365 6 17408 174 17584 15 17600 12 17621 6 17641 1 17664 174 17839 29 17875 13 17896 2 17920 193 18114 10 18131 17 18152 3 18176 192 18371 10 18387 18 18408 3 18432 191 18627 10 18644 23 18688 169 18860 19 18882 11 18898 15 18914 9 18944 168 19117 3 19121 14 19137 13 19153 15 19170 8 19200 169 19375 30 19409 15 19426 8 19456 170 19632 29 19664 14 19680 10 19712 170 19883 34 19921 25 19968 170 20139 34 20177 9 20188 15 20224 167 20394 47 20445 14 20480 166 20650 47 20702 14 20721 1 20736 166 20906 47 20959 12 20992 165 21161 4 21167 42 21216 11 21247 167 21416 49 21473 9 21504 217 21730 8 21760 218 21987 7 22016 160 22178 56 22244 7 22265 2 22272 160 22434 57 22501 8 22521 1 22528 160 22690 58 22758 7 22784 160 22945 60 23014 8 23040 186 23228 39 23268 11 23296 186 23484 45 23533 1 23552 186 23740 43 23808 230 24064 230 24320 229 24576 156 24734 71 24806 2 24832 151 24985 2 24990 76 25088 150 25246 79 25344 150 25503 78 25600 150 25759 78 25856 149 26015 77 26112 148 26270 14 26287 44 26332 15 26368 148 26518 1 26526 13 26543 53 26601 1 26624 152 26781 13 26799 48 26880 151 27036 14 27055 48 27107 1 27136 150 27291 4 27296 10 27310 49 27363 2 27392 151 27548 3 27552 6 27560 3 27564 52 27619 1 27648 151 27804 3 27810 2 27818 30 27851 14 27870 4 27904 152 28065 3 28074 30 28107 14 28126 4 28160 152 28319 5 28330 30 28362 12 28382 5 28416 152 28575 5 28585 28 28615 1 28621 10 28632 4 28638 4 28672 156 28831 5 28840 28 28871 1 28877 20 28928 164 29096 28 29133 19 29184 163 29352 28 29389 12 29402 3 29440 162 29609 3 29614 6 29621 13 29645 17 29696 161 29870 5 29878 10 29895 1 29899 15 29916 2 29952 159 30125 6 30134 8 30150 21 30172 2 30208 154 30377 18 30396 2 30404 26 30464 153 30636 13 30658 27 30720 153 30874 1 30892 12 30913 27 30976 156 31148 6 31156 4 31169 14 31189 1 31232 157 31404 5 31413 4 31426 12 31488 157 31659 5 31669 4 31680 13 31744 157 31913 7 31924 6 31936 13 32000 156 32172 3 32180 6 32191 14 32256 152 32410 1 32436 6 32444 17 32465 4 32490 2 32512 155 32691 26 32720 5 32768 155 32944 27 32972 2 32976 4 33024 156 33199 27 33229 1 33232 4 33280 156 33453 17 33471 10 33490 2 33536 157 33708 30 33745 2 33792 160 33964 32 34000 3 34048 162 34221 32 34256 3 34304 162 34477 38 34560 162 34733 38 34778 3 34816 162 34987 40 35034 2 35049 1 35072 166 35242 41 35290 2 35302 4 35328 146 35475 64 35546 2 35558 3 35584 145 35731 63 35801 2 35814 3 35840 144 35987 3 35991 56 36055 3 36071 1 36074 2 36096 150 36247 56 36310 4 36328 4 36352 168 36523 37 36562 7 36584 4 36608 168 36779 47 36839 5 36864 170 37035 49 37094 6 37120 219 37350 5 37376 218 37606 4 37632 218 37862 4 37888 218 38115 1 38119 2 38144 219 38371 2 38400 219 38627 3 38656 219 38883 3 38912 220 39140 2 39168 220 39397 1 39424 220 39680 220 39936 220 40192 220 40448 220 40671 1 40693 1 40704 219 40925 3 40949 1 40960 219 41180 4 41205 1 41216 219 41436 4 41472 223 41728 217 41946 5 41984 217 42202 6 42240 225 42496 226 42752 227 43008 228 43264 228 43505 3 43520 229 43760 4 43776 229 44014 7 44032 229 44269 8 44288 229 44518 2 44525 9 44544 231 44780 8 44800 231 45035 9 45056 231 45290 14 45312 230 45545 15 45568 227 45801 15 45819 4 45824 227 46058 14 46074 234 46314 13 46328 237 46570 13 46585 238 46826 11 46845 247 47101 248 47356 241 47599 7 47612 240 47855 8 47868 232 48102 6 48111 9 48123 232 48359 18 48378 233 48615 4 48620 248 48871 254 49126 775 49904 252 50160 253 50416 253 50670 14866
799155,0 282 284 1813 2100 30 2131 223 2356 29 2390 251 2647 249 2904 247 3161 245 3415 246 3668 248 3923 1965 5890 254 6148 252 6406 250 6663 249 6919 38 6959 209 7175 37 7216 208 7431 36 7472 208 7687 36 7727 209 7942 21 7967 225 8198 20 8225 223 8455 2 8462 7 8480 224 8735 4 8741 219 8990 226 9246 226 9502 226 9759 225 10023 217 10280 216 10537 215 10793 215 11049 7 11059 205 11274 6 11305 7 11316 204 11528 9 11560 7 11573 203 11784 10 11816 6 11829 203 12040 11 12073 4 12085 203 12296 12 12330 1 12342 202 12553 12 12599 201 12812 11 12856 200 13074 7 13113 199 13331 6 13369 199 13587 7 13624 200 13843 7 13880 200 14100 6 14136 200 14356 6 14392 200 14613 5 14648 200 14870 4 14905 199 15161 199 15417 162 15580 36 15673 199 15927 25 15955 53 16012 87 16102 26 16182 26 16211 38 16270 114 16438 26 16468 36 16527 113 16694 15 16712 5 16726 34 16784 112 16950 12 16987 29 17042 110 17159 4 17207 11 17244 28 17306 102 17414 6 17463 11 17501 32 17565 99 17669 9 17719 12 17757 33 17822 98 17922 13 17943 7 17975 13 18014 33 18079 127 18220 4 18231 13 18272 20 18294 9 18310 4 18335 128 18473 9 18487 13 18530 17 18551 8 18565 6 18591 128 18727 11 18744 11 18787 15 18807 8 18819 9 18847 128 18982 12 19000 11 19022 1 19044 13 19064 7 19074 10 19103 127 19238 12 19257 10 19276 6 19301 12 19320 6 19329 12 19359 127 19494 13 19514 8 19531 8 19557 11 19576 4 19585 12 19615 126 19750 13 19771 7 19786 10 19813 11 19832 2 19840 13 19871 49 19923 74 20006 14 20028 5 20040 13 20069 11 20088 1 20095 14 20126 49 20180 72 20263 13 20286 2 20295 15 20324 12 20344 3 20350 14 20382 51 20436 71 20520 13 20547 19 20572 1 20576 17 20600 20 20638 125 20777 11 20803 46 20856 19 20894 122 21035 8 21059 47 21112 19 21149 121 21279 2 21292 7 21315 47 21368 20 21405 119 21533 6 21549 5 21572 46 21624 20 21661 118 21785 11 21806 3 21831 43 21879 21 21917 118 22040 13 22088 41 22134 7 22145 10 22172 118 22296 14 22344 41 22390 6 22402 9 22428 117 22552 15 22601 39 22646 6 22659 6 22684 107 22793 8 22809 2 22817 6 22858 38 22902 5 22939 108 23050 7 23074 5 23114 41 23159 4 23194 109 23307 4 23331 4 23371 42 23416 2 23449 52 23503 55 23563 2 23587 5 23627 43 23704 52 23761 53 23844 3 23883 48 23959 55 24017 53 24101 2 24139 50 24215 56 24274 52 24394 52 24470 112 24623 5 24640 6 24649 54 24724 115 24863 3 24879 5 24894 66 24973 124 25118 7 25134 7 25149 68 25229 126 25374 9 25390 7 25404 71 25485 128 25630 11 25646 7 25659 73 25741 128 25886 12 25902 8 25914 75 25996 128 26144 11 26159 9 26169 76 26252 130 26400 102 26507 133 26656 102 26762 135 26913 101 27018 136 27170 101 27274 137 27426 102 27529 138 27682 241 27938 241 28194 241 28450 240 28707 239 28963 193 29158 44 29220 191 29414 43 29476 191 29670 42 29732 192 29926 42 29987 236 30243 236 30499 236 30755 3 30759 113 30873 117 31012 1 31017 109 31129 116 31274 106 31386 102 31490 10 31533 103 31642 102 31748 6 31794 97 31898 102 32052 95 32154 102 32315 87 32410 102 32571 87 32666 102 32827 86 32921 103 33084 84 33177 103 33341 82 33432 104 33590 1 33597 81 33688 104 33823 2 33845 7 33853 79 33943 105 34077 7 34100 88 34200 104 34332 12 34355 89 34456 104 34587 14 34611 15 34627 74 34712 104 34843 15 34867 91 34969 103 35098 17 35123 92 35225 103 35353 22 35378 93 35481 103 35609 120 35737 103 35865 71 35937 50 35993 103 36120 44 36165 79 36250 102 36376 44 36422 80 36507 101 36632 46 36679 79 36764 100 36889 45 36935 79 37020 100 37144 46 37193 4 37201 69 37276 100 37394 52 37450 2 37457 69 37532 100 37650 53 37713 68 37788 100 37896 1 37905 55 37970 66 38043 101 38151 3 38161 60 38226 64 38299 101 38407 4 38417 62 38488 52 38554 102 38663 4 38672 65 38748 48 38810 102 38919 4 38928 66 39009 28 39066 104 39175 4 39184 66 39265 26 39323 105 39441 65 39521 25 39580 106 39697 66 39776 26 39837 106 39953 66 40031 26 40077 9 40094 105 40209 67 40287 26 40331 12 40351 105 40465 68 40542 26 40585 15 40608 104 40721 69 40797 27 40840 17 40864 104 40977 70 41052 27 41095 18 41124 100 41233 71 41305 29 41349 20 41382 98 41489 100 41603 23 41638 98 41745 99 41857 25 41895 97 42001 99 42112 26 42151 97 42257 98 42367 27 42406 98 42514 96 42614 2 42623 28 42662 97 42771 94 42870 3 42879 28 42918 97 43028 93 43125 5 43135 28 43174 97 43284 50 43338 1 43342 34 43381 5 43391 28 43431 95 43540 50 43597 35 43638 4 43648 27 43688 94 43796 50 43853 35 43894 3 43903 28 43945 76 44022 16 44052 50 44109 34 44157 30 44203 73 44278 16 44308 51 44365 34 44412 31 44461 7 44470 61 44535 15 44565 50 44620 42 44668 39 44719 3 44728 59 44792 14 44811 4 44822 49 44875 44 44923 42 44995 48 45049 12 45066 6 45082 46 45129 17 45147 30 45179 11 45191 31 45229 4 45252 47 45307 5 45321 8 45340 106 45448 31 45481 9 45508 46 45565 3 45577 8 45597 6 45604 98 45705 7 45713 33 45765 4 45775 34 45833 8 45855 4 45860 98 45962 6 45970 32 46034 29 46088 9 46113 102 46218 6 46227 31 46291 27 46344 9 46369 111 46484 8 46494 19 46548 26 46587 4 46592 2 46599 9 46625 111 46740 6 46753 7 46761 7 46806 23 46842 8 46854 9 46880 113 46998 2 47065 19 47097 9 47111 7 47136 113 47323 16 47352 9 47367 7 47392 113 47580 13 47608 8 47624 8 47648 113 47837 1 47842 6 47857 15 47880 9 47903 114 48100 3 48112 16 48137 10 48157 116 48316 5 48367 17 48393 136 48572 6 48623 17 48649 30 48683 103 48827 8 48879 17 48905 29 48941 101 49083 8 49135 17 49159 29 49198 12 49213 85 49339 9 49393 15 49410 34 49456 8 49469 46 49517 11 49529 25 49595 9 49650 50 49706 1 49715 4 49725 58 49786 24 49851 9 49905 52 49959 5 49981 57 50044 21 50079 1 50107 9 50161 61 50234 61 50300 21 50333 5 50356 4 50364 7 50416 62 50490 62 50556 21 50588 7 50612 4 50621 5 50672 63 50746 72 50823 12 50842 10 50867 6 50878 3 50928 63 51003 71 51080 13 51096 12 51123 6 51185 61 51260 70 51336 29 51379 6 51441 61 51516 71 51591 33 51635 7 51699 6 51707 50 51772 72 51847 34 51890 8 51964 49 52028 110 52145 10 52222 46 52284 111 52401 11 52480 45 52540 112 52657 12 52736 48 52796 112 52913 13 52992 53 53051 113 53168 14 53248 55 53305 116 53424 15 53484 4 53504 173 53680 15 53738 8 53760 173 53936 15 53988 14 54016 174 54192 15 54243 16 54272 18 54293 170 54498 17 54528 17 54550 170 54753 18 54784 17 54807 169 55009 18 55040 17 55064 168 55265 18 55296 17 55319 170 55520 19 55552 17 55575 55 55631 114 55773 23 55808 17 55831 46 55880 4 55888 114 56027 26 56064 16 56087 46 56144 115 56278 31 56320 15 56344 46 56400 116 56533 32 56576 15 56600 47 56656 116 56789 32 56832 15 56856 48 56912 41 56956 73 57045 33 57088 16 57112 48 57169 40 57213 72 57301 34 57344 16 57369 48 57426 115 57556 38 57600 16 57626 48 57683 115 57811 39 57856 16 57888 42 57933 4 57940 114 58067 40 58112 16 58144 50 58197 47 58249 61 58322 42 58368 16 58400 50 58452 51 58506 60 58579 44 58624 16 58649 4 58656 104 58763 59 58835 62 58904 173 59091 62 59159 174 59347 63 59415 173 59603 63 59671 173 59860 62 59927 172 60117 60 60183 172 60374 39 60416 17 60439 26 60469 11 60481 129 60632 39 60672 17 60696 22 60727 8 60739 127 60888 39 60928 18 60953 5 60961 12 60995 128 61146 37 61184 18 61217 12 61252 4 61259 121 61404 35 61440 18 61473 12 61517 4 61525 9 61535 44 61582 55 61670 44 61730 12 61782 8 61792 43 61839 55 61929 42 61986 13 62038 55 62096 54 62186 42 62242 14 62294 56 62353 54 62442 42 62498 14 62550 58 62609 54 62698 42 62754 14 62806 58 62866 53 62954 43 63010 15 63062 113 63211 42 63267 15 63318 113 63468 42 63523 15 63573 115 63728 38 63780 15 63828 116 63951 3 63985 37 64036 15 64084 116 64206 5 64242 14 64259 19 64294 14 64324 6 64339 117 64462 5 64499 13 64515 19 64552 14 64579 13 64595 63 64660 67 64755 9 64770 19 64810 13 64834 78 64916 69 65010 9 65026 19 65066 13 65090 78 65172 70 65266 9 65282 18 65329 6 65346 78 65428 70 65522 10
799282,46 43 96 53 226 4 303 42 351 54 482 4 560 41 607 54 738 4 817 40 862 54 1073 39 1118 54 1330 39 1373 55 1434 7 1585 41 1629 55 1688 10 1841 114 2097 115 2353 118 2609 43 2655 73 2865 43 2912 72 3123 40 3169 71 3380 39 3426 69 3637 38 3682 68 3893 27 3924 1 3927 4 3937 69 4114 4 4149 27 4193 68 4368 8 4405 25 4443 2 4449 68 4623 9 4662 24 4699 3 4705 68 4879 10 4920 22 4954 4 4961 68 5049 5 5134 12 5177 20 5206 2 5210 3 5217 68 5305 7 5391 11 5434 18 5457 3 5461 5 5473 68 5561 8 5647 11 5691 17 5713 9 5729 68 5817 8 5903 13 5947 16 5970 2 5973 4 5985 67 6073 8 6159 13 6202 16 6226 2 6229 4 6241 67 6329 7 6415 11 6458 17 6482 7 6497 65 6586 4 6671 9 6713 19 6739 6 6754 62 6927 8 6969 21 7010 60 7184 4 7224 23 7266 59 7327 3 7480 23 7508 1 7523 65 7736 23 7764 1 7781 65 7937 4 7992 24 8028 3 8037 66 8192 6 8248 24 8284 4 8293 66 8448 13 8502 26 8540 5 8548 39 8588 13 8604 9 8704 16 8757 27 8796 5 8803 39 8845 10 8861 6 8960 21 8997 43 9052 6 9059 39 9100 11 9216 22 9242 4 9253 43 9309 3 9313 41 9356 10 9472 21 9497 6 9509 43 9564 4 9569 53 9728 21 9753 6 9764 44 9820 57 9984 21 10010 5 10020 45 10070 61 10240 20 10266 5 10275 21 10299 85 10496 20 10521 30 10557 78 10752 20 10776 31 10813 76 11008 20 11031 32 11070 72 11264 20 11287 33 11326 70 11520 20 11543 33 11583 66 11776 20 11799 33 11839 64 12032 19 12055 34 12095 60 12288 19 12310 35 12351 57 12544 18 12565 37 12607 54 12800 18 12820 38 12863 49 13056 59 13119 45 13312 60 13374 44 13568 103 13824 101 14080 99 14336 94 14592 91 14848 88 15104 85 15360 59 15423 18 15616 60 15680 14 15873 59 15938 7 16129 61 16385 61 16641 59 16897 58 17153 55 17409 52 17670 43 17928 39 18185 36 18448 25 18704 22 18959 20 19215 16 19471 14 19727 7 19984 1
804179,0 65536
809952,1535 1 1791 1 3062 2 3070 2 3314 14 3568 16 3823 17 4077 19 4331 21 4585 23 4840 24 5091 29 5345 31 5598 34 5851 37 6107 37 6362 38 6617 39 6870 42 7124 44 7377 47 7632 48 7883 53 8138 54 8389 59 8632 2 8637 4 8644 60 8883 77 9134 82 9388 84 9642 86 9896 88 10148 92 10398 98 10651 101 10905 103 11159 105 11413 107 11668 108 11920 112 12174 114 12421 123 12674 126 12927 129 13182 130 13437 131 13688 136 13940 140 14193 143 14447 145 14701 147 14954 150 15208 152 15462 154 15716 156 15970 158 16225 159 16480 160 16733 163 16988 164 17243 165 17495 169 17749 171 17999 177 18242 190 18494 194 18746 198 19000 200 19252 204 19505 207 19759 209 20014 210 20268 212 20522 214 20777 215 21026 222 21280 224 21533 227 21787 229 22038 234 22293 235 22548 236 22799 241 23053 243 23306 246 23559 249 23812 252 24066 254 24322 254 24578 40958
810943,16 240 273 6 280 232 531 3 536 232 791 233 1047 233 1302 234 1558 234 1814 234 2070 234 2325 235 2579 237 2834 238 3090 238 3345 239 3601 239 3857 239 4113 239 4368 240 4623 241 4878 242 5136 240 5393 239 5649 239 5907 237 6164 236 6420 236 6662 1 6675 237 6917 4 6930 238 7172 6 7186 238 7427 8 7442 238 7683 8 7696 1 7698 238 7938 9 7954 238 8194 10 8210 238 8450 11 8466 238 8707 10 8721 239 8962 11 8977 252 9232 2032 11265 255 11522 254 11778 254 12034 254 12290 254 12546 254 12802 254 13057 255 13313 10 13324 10 13338 230 13569 10 13581 9 13595 229 13825 10 13839 7 13852 1 13855 235 14095 8 14112 1 14115 231 14351 9 14372 220 14593 12 14607 10 14628 220 14849 2 14852 18 14871 2 14884 220 15105 21 15139 221 15361 21 15395 221 15618 19 15649 223 15875 18 15903 225 16131 5 16147 1 16160 224 16388 3 16417 223 16645 2 16674 222 16902 2 16931 2 16935 217 17158 3 17187 221 17415 2 17444 220 17672 4 17699 221 17929 5 17954 222 18185 9 18208 225 18441 14 18458 232 18696 21 18718 226 18945 4 18950 20 18971 1 18975 225 19201 25 19231 2 19236 2 19243 213 19457 9 19467 14 19487 2 19500 3 19505 207 19713 9 19726 11 19756 2 19759 209 19969 9 19983 10 20015 209 20225 11 20240 9 20270 223 20498 6 20512 4 20526 10 20537 222 20767 6 20781 233 21023 6 21037 9 21048 222 21279 7 21292 234 21536 6 21547 234 21792 6 21804 233 22048 5 22062 231 22306 3 22317 232 22562 1 22573 233 22828 238 23083 239 23339 239 23586 1 23596 237 23842 1 23851 237 24098 1 24101 2 24106 238 24354 1 24357 2 24361 239 24606 1 24613 243 24861 4 24869 243 25115 6 25124 254 25379 6675 32059 251 32315 251 32572 250 32831 247 33086 248 33340 250 33594 746 34342 253 34598 30685 65286 250
822622,3327 1 3583 1 4095 1 4347 2 4350 2 4602 6 4851 1 4855 2 4858 6 5107 13 5362 14 5614 18 5864 24 6119 25 6374 26 6624 32 6877 35 7132 36 7388 36 7641 39 7897 39 8153 39 8390 5 8398 2 8403 45 8642 11 8654 50 8893 67 9148 68 9404 68 9655 73 9910 74 10165 75 10420 76 10673 79 10929 79 11184 80 11440 80 11695 81 11942 3 11950 82 12197 91 12427 2 12452 92 12682 3 12688 6 12702 98 12938 12 12954 102 13168 1 13172 1 13176 2 13189 123 13422 14 13438 130 13676 148 13930 150 14186 150 14440 152 14696 152 14950 154 15206 154 15461 155 15717 155 15973 155 16229 155 16471 13 16485 155 16722 174 16977 175 17231 177 17486 178 17741 179 17996 180 18252 180 18508 180 18763 181 19018 182 19273 183 19497 2 19523 189 19752 3 19768 200 20004 8 20020 1 20022 202 20259 10 20273 207 20514 12 20527 209 20753 239 21008 240 21256 2 21262 242 21508 252 21763 253 22019 253 22274 254 22529 255 22785 255 23041 21496 44538 255 44794 254 45051 252 45307 251 45563 251 45820 250 46076 250 46332 249 46588 249 46845 248 47101 248 47356 248 47612 247 47867 248 48123 247 48378 247 48634 247 48889 247 49145 246 49400 246 49656 245 49912 245 50167 246 50422 247 50678 247 50934 248 51190 249 51447 248 51703 248 51958 249 52214 249 52469 249 52723 249 52979 246 53236 245 53494 242 53751 241 54006 242 54262 243 54517 245 54771 249 55026 251 55281 254 55536 1537 57076 253 57333 251 57589 251 57846 251 58103 230 58335 18 58360 251 58612 255 58868 253 59128 226 59356 19 59384 227 59612 19 59640 227 59868 18 59897 225 60125 17 60154 223 60384 14 60410 223 60641 1 60644 10 60666 224 60902 8 60922 225 61158 8 61178 226 61415 9 61433 228 61672 6 61688 229 61928 5 61944 230 62184 4 62196 234 62441 2 62450 236 62694 248 62945 2591
826515,0 84 118 222 375 221 614 3 630 222 869 6 885 223 1124 8 1140 224 1379 10 1395 225 1634 12 1649 228 1889 13 1905 229 2144 244 2398 246 2653 247 2906 250 3161 250 3416 250 3672 249 3929 247 4186 247 4441 248 4697 248 4953 250 5209 253 5467 253 5723 539 6263 254 6519 10455 16975 1013 17989 254 18245 250 18501 250 18758 249 19015 248 19271 249 19527 250 19784 250 20041 253 20297 254 20553 44983
830714,0 65536
839719,0 65536
841484,7094 13 7348 16 7368 3 7602 26 7857 27 8112 27 8365 30 8620 31 8875 32 9132 31 9388 31 9644 30 9900 30 10156 29 10411 29 10667 29 10752 1 10922 29 11179 28 11436 26 11693 25 11949 25 12205 26 12461 26 12717 27 12973 27 13228 28 13483 29 13739 28 13995 27 14253 22 14510 19 14767 17 15025 1 15030 10 15281 1 15284 12 15537 15 15794 14 16050 14 16305 15 16561 15 16815 17 17070 20 17326 22 17582 23 17839 23 18095 23 18352 22 18609 21 18867 20 19125 18 19382 17 19640 15 19898 12 20157 9 20413 9 20670 7 20926 7 21182 7 21439 6 26801 6 26823 1 27050 12 27077 5 27305 13 27332 7 27560 11 27588 8 27816 9 27844 9 28072 8 28100 10 28327 9 28356 11 28583 9 28611 12 28838 10 28852 4 28866 14 29094 11 29106 9 29121 15 29332 3 29350 24 29376 16 29404 4 29584 8 29605 43 29658 8 29835 14 29861 42 29911 12 30090 21 30117 41 30165 15 30345 23 30373 41 30419 18 30445 5 30600 25 30629 9 30639 31 30674 33 30856 25 30886 7 30895 31 30929 35 31112 26 31142 7 31150 32 31184 36 31367 33 31406 71 31601 3 31624 32 31660 73 31856 8 31881 31 31916 73 32111 12 32138 30 32172 74 32267 2 32367 13 32394 30 32428 74 32522 4 32614 4 32619 2 32623 15 32651 6 32663 17 32684 75 32777 5 32869 26 32908 3 32919 18 32940 75 33033 5 33124 27 33174 98 33289 4 33380 6 33387 19 33428 101 33546 2 33635 5 33653 8 33684 104 33890 6 33909 6 33939 105 34146 6 34166 3 34196 105 34402 5 34422 3 34452 105 34560 4 34658 5 34677 5 34708 105 34816 6 34914 5 34932 7 34952 3 34964 107 35072 11 35170 4 35188 9 35207 5 35221 119 35428 1 35444 10 35462 6 35478 119 35684 1 35700 10 35718 6 35734 120 35940 2 35956 11 35974 6 35990 120 36195 3 36213 10 36231 4 36246 120 36451 3 36470 10 36501 120 36707 2 36727 9 36757 119 36963 2 36983 9 37013 117 37240 8 37268 116 37452 1 37496 8 37524 108 37635 2 37707 4 37753 6 37780 108 37963 4 38035 109 38218 6 38230 2 38291 109 38474 6 38484 6 38547 94 38642 14 38730 6 38739 8 38803 93 38898 14 38986 7 38995 9 39060 92 39154 14 39241 19 39317 90 39411 13 39496 20 39573 88 39667 13 39752 20 39830 81 39923 13 40007 22 40086 80 40179 13 40263 23 40343 79 40435 13 40519 23 40554 4 40600 77 40691 13 40774 24 40807 9 40856 77 40947 13 41029 25 41062 11 41102 2 41113 75 41195 5 41204 12 41284 26 41318 12 41356 5 41370 37 41408 35 41450 7 41460 12 41524 4 41539 28 41574 12 41611 7 41627 35 41665 33 41706 7 41717 11 41779 7 41795 28 41830 12 41866 9 41884 34 41922 31 41962 7 41978 6 42034 9 42051 29 42086 12 42122 10 42141 33 42179 30 42218 7 42235 5 42289 10 42307 29 42342 13 42377 11 42398 32 42436 28 42474 7 42495 1 42544 12 42563 29 42598 13 42632 12 42657 29 42693 22 42731 5 42800 12 42819 29 42854 14 42888 13 42915 27 42950 19 42988 4 43055 13 43075 29 43110 14 43143 14 43172 26 43210 14 43310 14 43331 29 43366 15 43397 16 43428 27 43468 10 43565 17 43586 29 43623 13 43652 17 43684 29 43726 6 43820 51 43881 10 43903 3 43907 18 43940 29 44076 50 44158 23 44196 29 44333 41 44377 3 44414 23 44452 29 44590 38 44654 5 44670 22 44708 29 44847 36 44909 8 44928 20 44964 30 45104 34 45165 10 45188 16 45221 29 45360 33 45408 4 45420 13 45444 16 45478 28 45617 31 45661 8 45676 14 45700 16 45735 27 45874 5 45881 23 45916 10 45932 14 45956 16 45992 25 46139 20 46171 11 46188 17 46212 17 46248 23 46395 20 46426 13 46444 18 46468 17 46504 17 46652 19 46682 14 46701 19 46724 18 46760 16 46909 18 46938 14 46957 20 46980 18 47016 14 47165 17 47194 39 47236 18 47273 11 47422 16 47449 23 47473 17 47493 17 47530 6 47680 13 47705 22 47731 15 47749 17 47940 8 47957 26 47988 33 48197 5 48212 28 48245 32 48319 3 48415 2 48454 3 48468 28 48502 30 48574 5 48669 5 48725 27 48760 27 48830 4 48856 4 48924 7 48981 27 49017 25 49087 3 49111 5 49179 8 49237 28 49273 23 49367 5 49434 9 49494 27 49529 18 49624 4 49689 10 49750 27 49786 16 49944 10 50007 10 50021 12 50042 16 50200 9 50263 7 50279 10 50298 15 50455 10 50520 5 50536 9 50556 12 50711 10 50793 7 50817 7 50967 9 51052 3 51075 4 51166 6 51193 2 51223 9 51420 9 51447 9 51479 9 51676 10 51703 9 51730 5 51736 9 51932 12 51958 10 51984 7 51993 8 52189 12 52214 10 52241 7 52250 7 52448 9 52470 10 52497 7 52506 8 52704 10 52727 9 52754 5 52763 7 52956 14 52982 10 53011 4 53019 6 53211 16 53238 10 53275 6 53467 19 53495 9 53532 4 53722 22 53752 8 53971 31 54008 8 54226 34 54265 7 54478 39 54521 7 54733 42 54776 8 54988 52 55243 53 55498 54 55754 54 56009 55 56265 55 56522 54 56778 54 57035 53 57292 52 57549 51 57807 40 57848 8 58065 37 58106 6 58322 35 58363 5 58455 6 58578 35 58618 6 58708 10 58834 35 58874 6 58963 12 59091 34 59130 6 59219 12 59351 1 59354 26 59386 6 59475 12 59614 20 59642 6 59731 11 59871 19 59898 6 59987 10 60127 19 60154 6 60243 10 60384 20 60410 6 60499 9 60642 19 60666 6 60755 9 60900 3 60907 10 60921 7 61012 7 61168 4 61178 6 61269 5 61434 6 61690 6 61946 6 62203 5 62459 5 62715 5 62971 5 63227 5 63397 2 63484 4 63651 5 63740 4 63849 2 63906 7 63997 3 64103 8 64155 15 64254 2 64358 10 64410 16 64614 10 64667 15 64695 2 64869 11 64924 15 64950 5 65125 11 65180 15 65206 5 65382 9 65436 15 65462 6
842508,165 91 422 90 680 88 942 82 1198 79 1278 2 1454 82 1709 80 1790 2 1964 79 2046 2 2220 61 2282 17 2302 2 2447 2 2476 61 2540 20 2704 1 2733 59 2797 19 2988 59 3055 17 3244 58 3312 16 3500 57 3568 16 3756 57 3825 15 4012 58 4082 14 4267 59 4339 13 4523 58 4596 12 4778 58 4853 11 5013 5 5034 58 5110 10 5265 10 5289 58 5366 10 5522 10 5545 58 5622 10 5778 10 5800 59 5879 9 6033 11 6056 58 6133 2 6138 6 6289 11 6312 22 6336 33 6389 2 6395 5 6544 12 6569 21 6596 28 6645 3 6655 1 6800 12 6825 18 6844 2 6858 2 6864 15 6902 2 7056 12 7081 15 7121 13 7159 1 7312 12 7337 14 7378 9 7423 1 7568 11 7592 15 7635 1 7679 1 7824 10 7847 16 7890 2 7924 4 7935 1 8081 8 8104 15 8143 6 8180 4 8191 1 8337 7 8360 15 8398 7 8433 1 8437 4 8594 5 8616 15 8653 8 8689 4 8694 2 8850 3 8873 14 8909 8 8945 7 9107 1 9130 12 9164 9 9202 6 9387 10 9420 8 9459 4 9649 2 9677 2 9727 1 9983 1 10239 1 10494 2 10670 1 10749 3 10925 3 11004 4 11181 3 11215 1 11260 4 11438 2 11470 5 11517 3 11774 2 11942 4 12031 1 12197 5 12452 7 12708 7 12964 7 13220 7 13261 1 13476 8 13516 7 13732 12 13770 18 13991 10 14024 22 14048 2 14247 10 14280 22 14503 10 14536 23 14749 8 14759 10 14772 5 14792 23 14999 15 15016 8 15027 8 15049 22 15255 37 15305 23 15512 37 15561 23 15768 38 15815 25 16024 39 16065 4 16070 26 16280 38 16319 33 16536 37 16575 32 16792 25 16819 42 17049 24 17078 36 17305 24 17334 36 17561 24 17590 37 17818 23 17845 39 18074 23 18101 40 18330 23 18356 41 18585 24 18612 42 18841 69 19097 69 19353 69 19610 18 19632 46 19866 17 19889 45 20122 16 20145 44 20379 14 20401 43 20635 13 20656 43 20891 13 20912 42 21148 12 21168 41 21404 12 21425 40 21660 12 21681 40 21916 13 21938 39 22172 13 22194 17 22213 19 22429 13 22450 17 22469 19 22685 13 22709 13 22725 16 22941 13 22967 30 23197 12 23224 29 23453 11 23484 24 23710 9 23743 21 23966 8 23999 21 24222 8 24256 20 24479 7 24511 20 24736 6 24767 19 24993 5 25012 4 25023 18 25250 3 25266 7 25280 16 25522 8 25536 15 25777 10 25788 2 25792 13 26032 11 26044 2 26048 9 26288 11 26300 3 26304 8 26545 13 26561 8 26802 12 26819 7 27062 20 27319 20 27573 23 27828 24 28084 27 28339 30 28372 5 28595 39 28850 40 29107 39 29363 1 29366 36 29625 33 29883 31 30139 31 30396 31 30652 31 30908 32 31162 34 31417 36 31454 6 31673 44 31928 45 32184 45 32440 45 32695 46 32951 46 33207 46 33463 46 33719 45 33976 43 34231 46 34487 46 34742 48 34998 49 35254 49 35510 48 35767 47 36023 46 36280 45 36537 42 36794 40 37051 35 37089 1 37307 35 37564 33 37822 30 38079 29 38335 29 38591 30 38847 30 39104 29 39359 20 39382 6 39615 20 39663 1 39870 20 39919 1 40126 18 40382 17 40638 13 40895 10 41151 7 41406 7 41662 7 41918 8 42173 9 42185 3 42429 10 42440 4 42686 9 42696 3 42942 9 42952 3 43197 10 43454 9 43710 9 43966 8 44031 1 44223 5 44287 1 45259 14 45514 17 45760 28 46015 30 46063 6 46271 30 46318 10 46527 30 46573 12 46783 30 46828 14 47039 30 47083 16 47296 29 47337 18 47552 30 47592 19 47809 29 47848 19 48066 28 48104 19 48323 26 48359 20 48581 24 48615 20 48838 22 48871 19 49095 19 49127 18 49351 15 49384 15 49607 14 49640 11 49864 13 49898 8 50121 12 50155 5 50378 10 50412 3 50431 1 50637 4 50687 1 50893 3 50913 6 50943 1 51168 8 51199 1 51423 10 51455 1 51678 11 51710 2 51934 11 51967 1 52180 4 52189 12 52223 1 52432 9 52444 13 52677 4 52687 10 52698 15 52932 37 53187 38 53443 39 53699 40 53758 2 53955 40 54013 3 54211 40 54253 1 54256 9 54269 3 54468 53 54525 3 54725 54 54781 3 54981 59 55237 58 55493 58 55750 57 56006 55 56263 53 56519 53 56776 52 57031 53 57285 55 57540 60 57794 62 58050 62 58305 63 58557 67 58812 68 59068 68 59324 63 59388 4 59580 62 59645 3 59837 33 59872 25 59901 3 60093 32 60129 24 60156 4 60350 30 60386 30 60606 30 60642 30 60862 30 60899 29 61118 29 61156 28 61374 29 61412 28 61630 29 61668 28 61886 29 61926 26 62142 29 62181 27 62399 28 62437 27 62655 28 62695 25 62912 27 62952 24 63169 25 63206 26 63425 24 63462 26 63683 21 63716 28 63943 16 63969 31 64200 16 64224 32 64456 17 64477 35 64712 18 64732 36 64967 57 65222 58 65478 58
844747,0 75 79 104 192 140 335 253 591 253 847 252 1103 102 1206 32 1241 114 1358 103 1462 32 1497 114 1614 253 1869 617 2488 254 2745 253 3002 254 3259 291 3552 249 3803 207 4018 38 4059 204 4275 14 4290 1 4294 18 4314 206 4530 14 4546 231 4785 9 4795 6 4802 232 5040 10 5052 238 5296 11 5308 239 5552 251 5815 245 6076 218 6297 20 6332 216 6553 30 6587 215 6809 31 6842 215 7065 31 7099 157 7257 56 7321 229 7553 16 7578 227 7811 14 7835 111 7949 112 8068 13 8091 109 8206 112 8325 11 8347 108 8463 111 8583 9 8603 107 8720 112 8835 3 8839 8 8859 107 8977 126 9115 107 9235 123 9371 110 9491 125 9627 112 9747 130 9882 114 10003 499 10505 11 10521 168 10692 65 10761 11 10779 165 10949 65 11016 6 11023 4 11031 114 11148 51 11206 64 11271 7 11280 1 11286 113 11405 49 11463 3 11470 67 11546 111 11662 48 11726 66 11803 105 11910 4 11921 45 11980 68 12060 106 12168 4 12178 4 12183 38 12231 1 12233 71 12316 106 12425 5 12439 38 12485 75 12573 106 12680 53 12741 65 12807 8 12829 161 12996 75 13086 105 13193 54 13252 75 13342 104 13449 55 13508 75 13587 3 13599 103 13705 55 13764 74 13843 4 13855 102 13960 55 14021 72 14099 4 14110 160 14279 65 14345 3 14355 4 14365 161 14535 65 14612 4 14621 161 14792 64 14869 5 14878 84 14965 73 15049 62 15125 91 15222 73 15304 62 15381 2 15385 85 15478 78 15560 62 15636 2 15641 84 15734 79 15815 62 15891 3 15897 83 15990 143 16148 87 16245 142 16404 86 16501 142 16659 87 16756 142 16909 2 16913 89 17011 143 17164 94 17266 142 17419 95 17521 143 17675 97 17775 145 17930 98 18030 146 18184 248 18440 248 18695 249 18951 249 19206 250 19462 250 19719 249 19969 3 19976 248 20226 1 20234 246 20491 245 20746 246 21001 247 21257 248 21513 249 21769 250 22024 251 22280 252 22535 253 22790 2928 25724 253 25979 2187 28167 254 28424 253 28680 248 28929 3 28935 249 29185 2 29191 116 29310 130 29441 2 29446 118 29566 133 29701 251 29953 255 30209 255 30466 48 30515 205 30722 45 30773 203 30978 40 31021 4 31030 59 31092 140 31234 40 31278 3 31287 56 31350 2 31357 131 31490 41 31534 3 31542 57 31614 130 31747 47 31797 59 31870 130 32003 49 32053 60 32126 130 32259 111 32382 130 32515 15 32535 91 32636 132 32771 15 32792 90 32890 134 33027 15 33049 89 33145 135 33284 14 33299 2 33306 87 33401 135 33540 14 33564 84 33656 136 33796 14 33815 2 33820 24 33846 58 33911 137 34054 12 34071 2 34077 22 34103 56 34167 137 34311 11 34333 20 34360 54 34423 137 34567 11 34580 4 34590 18 34617 53 34679 137 34822 11 34835 6 34846 16 34873 53 34935 137 35078 19 35102 14 35130 52 35190 138 35334 19 35357 15 35386 51 35446 138 35590 20 35611 16 35640 53 35700 81 35783 57 35847 35 35894 56 35955 82 36039 57 36104 34 36149 107 36258 35 36295 57 36360 34 36405 144 36551 57 36616 34 36659 205 36872 33 36914 206 37129 31 37169 140 37311 65 37385 30 37424 58 37483 82 37567 65 37641 30 37679 209 37897 30 37935 209 38153 30 38189 211 38409 31 38441 215 38665 247 38921 185 39108 60 39177 184 39364 60 39434 183 39620 60 39690 183 39876 60 39946 246 40203 245 40459 186 40646 58 40715 202 40918 42 40971 201 41176 40 41228 201 41433 39 41484 202 41689 39 41740 202 41944 40 41996 244 42253 95 42349 2 42353 74 42429 67 42509 87 42597 7 42611 70 42685 67 42765 85 42853 6 42867 70 42941 67 43021 85 43112 3 43124 68 43197 67 43278 82 43369 10 43381 67 43453 67 43534 81 43624 12 43638 67 43709 67 43790 78 43880 11 43895 66 43965 67 44046 78 44133 11 44159 60 44221 67 44303 77 44389 11 44414 61 44476 68 44559 76 44642 1 44650 6 44668 63 44732 68 44815 76 44908 4 44923 133 45072 79 45166 1 45178 134 45328 80 45432 136 45584 46 45633 31 45687 137 45841 45 45889 31 45941 139 46097 44 46144 33 46192 144 46353 45 46399 34 46440 4 46445 72 46519 73 46609 45 46655 34 46695 72 46776 72 46866 80 46951 72 47032 72 47122 79 47207 76 47287 73 47379 78 47463 78 47542 74 47635 76 47719 55 47778 94 47891 37 47930 36 47977 52 48035 93 48147 37 48186 41 48233 51 48291 93 48403 37 48442 42 48490 49 48547 93 48660 34 48697 45 48745 49 48803 93 48916 34 48951 99 49058 94 49173 133 49314 94 49430 131 49569 95 49686 131 49824 96 49942 3 49950 122 50079 97 50201 3 50207 27 50235 93 50333 99 50457 3 50463 121 50588 100 50714 3 50718 121 50842 102 50970 69 51044 156 51226 68 51300 156 51482 68 51556 156 51738 68 51812 156 51994 1 51997 66 52068 156 52254 66 52324 156 52511 65 52581 155 52767 67 52837 155 53024 224 53280 224 53534 226 53790 226 54046 226 54302 226 54558 226 54814 226 55070 226 55326 123 55453 99 55582 124 55710 98 55838 226 56094 226 56350 226 56606 226 56862 226 57118 226 57375 225 57631 225 57887 225 58144 224 58400 224 58656 72 58729 151 58919 65 58986 150 59176 64 59242 150 59431 65 59500 148 59686 66 59757 147 59944 63 60013 147 60202 61 60268 148 60459 61 60525 147 60716 60 60781 147 60972 61 61037 147 61228 61 61293 147 61484 63 61550 146 61739 64 61807 145 61990 70 62064 144 62244 72 62322 142 62500 73 62577 143 62756 74 62833 84 62922 54 63012 73 63091 82 63178 54 63268 64 63337 2 63348 80 63433 55 63525 62 63606 78 63689 55 63781 61 63866 67 63935 5 63944 56 64037 61 64099 3 64123 72 64200 56 64293 66 64364 2 64371 3 64380 71 64456 56 64549 67 64619 2 64626 4 64631 75 64712 56 64805 61 64867 10 64882 2 64886 76 64968 56 65062 59 65123 9 65139 79 65223 57 65318 58 65380 8 65396 73 65472 5 65478 58
846389,80 14 108 7 147 20 247 9 336 15 364 8 403 20 503 9 592 15 620 9 658 21 759 9 834 1 838 1 848 15 876 9 913 22 1014 10 1086 9 1104 15 1132 10 1168 22 1270 10 1341 8 1361 14 1388 9 1424 22 1525 11 1597 7 1617 13 1644 9 1680 22 1781 11 1852 6 1874 11 1901 8 1936 22 2036 12 2100 3 2108 6 2132 9 2158 6 2192 22 2292 12 2356 4 2364 6 2389 8 2415 5 2448 22 2548 12 2593 2 2612 4 2620 6 2647 6 2671 5 2704 23 2803 13 2849 2 2867 16 2903 6 2927 4 2960 23 3059 13 3105 2 3123 16 3159 5 3183 4 3216 24 3315 13 3379 15 3415 5 3440 1 3472 24 3571 13 3635 14 3666 9 3727 25 3827 13 3892 12 3922 5 3942 6 3984 24 4083 13 4148 6 4156 3 4179 4 4196 9 4240 24 4338 14 4404 5 4450 12 4497 23 4594 14 4662 2 4706 12 4754 21 4850 14 4963 11 5010 20 5105 15 5219 11 5266 20 5361 15 5477 9 5519 22 5616 16 5734 7 5774 23 5872 16 5992 3 6029 24 6128 16 6284 25 6384 16 6540 26 6640 16 6796 26 6896 16 6986 3 7052 26 7137 3 7153 15 7189 3 7242 3 7308 26 7391 6 7411 13 7445 4 7497 4 7565 25 7647 6 7668 12 7701 4 7754 3 7822 24 7903 6 7925 11 7957 4 8078 25 8159 6 8182 10 8212 5 8246 4 8334 26 8416 4 8438 10 8469 4 8499 8 8591 25 8694 10 8725 4 8754 9 8847 26 8950 10 9009 10 9055 3 9103 26 9205 11 9265 10 9310 6 9359 26 9460 12 9520 11 9565 7 9615 26 9695 10 9708 5 9715 13 9776 11 9820 9 9871 25 9950 34 10032 10 10076 10 10127 24 10205 35 10288 10 10332 10 10382 24 10461 35 10546 6 10589 9 10639 23 10718 34 10846 8 10895 22 10974 34 11102 9 11152 20 11231 33 11359 8 11408 19 11488 32 11616 7 11665 14 11745 31 11873 6 11921 12 12002 30 12130 4 12178 12 12257 31 12436 3 12441 5 12513 31 12696 6 12769 31 12952 6 13025 31 13208 6 13279 33 13464 6 13533 35 13720 6 13788 36 13977 4 14044 36 14300 36 14556 36 14812 36 15068 36 15325 35 15582 34 15839 33 16012 2 16096 32 16184 3 16267 4 16353 31 16439 5 16474 3 16523 5 16609 31 16694 6 16729 5 16779 5 16866 30 16949 8 16985 5 17038 2 17122 30 17204 8 17241 6 17379 29 17460 8 17497 7 17635 29 17717 6 17753 8 17892 28 17974 4 18009 9 18148 28 18265 9 18404 28 18521 10 18661 27 18764 3 18777 11 18917 27 19019 5 19032 13 19057 3 19174 26 19275 6 19287 14 19313 3 19430 26 19530 8 19542 15 19569 3 19687 25 19786 8 19799 9 19826 1 19944 24 20043 7 20055 8 20200 24 20300 4 20312 6 20456 24 20569 5 20711 25 20967 25 21222 26 21478 26 21734 26 21806 6 21854 13 21990 26 22060 9 22110 13 22198 5 22246 26 22315 10 22366 13 22453 8 22503 25 22566 15 22621 14 22709 11 22759 25 22823 12 22877 14 22965 15 23015 25 23080 1 23133 14 23222 16 23270 26 23390 14 23479 16 23524 28 23646 15 23736 16 23777 31 23903 15 23993 14 24030 34 24160 14 24251 12 24285 35 24416 15 24508 9 24540 36 24670 17 24766 6 24796 36 24869 4 24923 19 25024 2 25052 36 25125 5 25178 20 25309 35 25381 5 25434 20 25566 34 25637 4 25690 19 25822 32 25894 2 25946 19 26079 30 26202 19 26336 28 26458 19 26592 29 26714 10 26726 8 26848 30 26970 9 26983 6 27104 30 27226 8 27240 4 27361 29 27483 6 27617 30 27740 3 27874 29 28130 21 28152 7 28386 21 28410 4 28642 20 28667 2 28758 7 28900 17 29002 3 29014 10 29153 19 29257 5 29270 12 29408 5 29416 10 29513 6 29526 15 29594 4 29663 6 29672 9 29769 6 29783 16 29849 7 29900 5 29919 6 29928 9 30026 4 30039 16 30104 8 30156 6 30174 7 30184 9 30284 1 30295 17 30359 9 30412 7 30430 7 30440 9 30550 18 30614 10 30668 7 30686 6 30697 7 30805 18 30868 12 30883 5 30924 7 30942 6 30953 7 31060 19 31122 14 31138 6 31181 6 31199 3 31211 3 31315 20 31377 24 31437 4 31570 22 31633 25 31825 23 31889 26 32081 23 32147 5 32153 19 32337 4 32343 17 32410 20 32603 13 32666 21 32861 12 32922 22 33119 10 33182 18 33237 3 33377 8 33439 17 33492 16 33602 2 33633 9 33696 15 33748 17 33858 3 33888 10 33953 13 34004 18 34115 2 34143 11 34210 6 34261 18 34371 2 34398 12 34467 4 34518 17 34653 13 34724 2 34776 16 34908 14 35034 14 35134 3 35164 14 35290 14 35388 9 35420 15 35547 13 35643 11 35676 15 35803 12 35898 13 35933 14 36002 1 36059 11 36083 2 36154 14 36189 15 36256 5 36316 10 36338 5 36352 1 36410 15 36438 1 36445 15 36511 8 36572 9 36593 7 36608 3 36667 14 36692 6 36700 16 36765 10 36829 11 36849 8 36864 3 36924 14 36947 25 37020 12 37087 10 37105 8 37120 3 37180 14 37202 26 37276 12 37343 11 37361 7 37376 4 37435 15 37456 28 37531 13 37599 11 37618 6 37632 3 37691 15 37711 29 37787 14 37831 2 37854 13 37875 4 37888 3 37946 18 37966 30 38042 15 38109 16 38144 2 38201 51 38298 15 38335 6 38362 21 38457 51 38554 15 38590 9 38616 25 38712 52 38810 14 38845 10 38871 27 38968 52 39031 2 39066 13 39100 12 39126 28 39224 51 39287 1 39321 14 39355 14 39381 30 39481 48 39577 14 39610 16 39637 32 39671 1 39738 46 39833 13 39866 16 39892 38 39995 43 40090 12 40121 18 40147 41 40254 34 40289 3 40317 5 40346 11 40376 19 40400 46 40511 32 40571 8 40603 9 40631 21 40654 50 40768 32 40826 10 40859 8 40887 73 41025 31 41078 1 41081 12 41116 8 41142 74 41281 32 41332 17 41370 13 41398 74 41537 33 41577 4 41586 18 41623 17 41653 75 41792 34 41833 4 41841 19 41878 18 41909 75 42046 37 42089 5 42096 18 42133 19 42164 76 42302 37 42346 4 42351 17 42388 19 42419 77 42512 3 42557 37 42606 12 42638 24 42675 77 42767 4 42812 38 42862 11 42891 26 42930 78 43023 4 43042 16 43068 36 43117 12 43142 31 43185 79 43279 4 43290 25 43323 35 43373 12 43398 31 43440 80 43544 28 43577 35 43629 13 43653 34 43695 81 43799 29 43833 33 43884 14 43909 39 43951 81 44054 30 44088 33 44141 13 44166 109 44278 10 44309 32 44343 33 44397 13 44422 107 44534 11 44565 33 44599 32 44654 12 44678 106 44790 12 44821 12 44841 46 44910 12 44935 107 45046 7 45054 6 45077 11 45098 45 45166 13 45191 108 45302 6 45312 5 45333 10 45353 29 45385 15 45421 15 45447 41 45489 66 45559 4 45568 5 45591 6 45608 29 45641 22 45668 6 45675 18 45703 41 45745 66 45824 6 45848 3 45864 28 45897 52 45959 108 46080 6 46120 28 46152 54 46215 108 46337 3 46375 29 46408 54 46471 108 46631 19 46651 8 46662 56 46727 109 46867 5 46887 19 46907 7 46917 57 46983 109 47120 9 47141 21 47173 51 47228 7 47239 108 47368 3 47375 11 47396 22 47429 50 47484 8 47494 109 47623 20 47650 25 47685 50 47740 118 47878 22 47905 26 47941 50 47996 117 48134 22 48160 27 48197 50 48251 116 48390 23 48414 30 48452 51 48507 116 48646 54 48706 54 48763 116 48890 6 48902 54 48960 56 49018 117 49145 7 49159 53 49215 54 49274 117 49400 8 49415 52 49470 46 49520 2 49529 117 49654 10 49672 51 49725 47 49785 117 49909 11 49927 51 49980 48 50041 117 50164 12 50182 103 50297 117 50418 14 50437 104 50542 4 50553 118 50673 15 50692 104 50797 6 50808 119 50928 16 50947 101 51049 3 51053 7 51063 137 51202 101 51306 10 51319 137 51457 101 51562 122 51687 55 51745 69 51817 121 51944 53 52001 69 52071 121 52200 52 52258 188 52456 52 52514 126 52643 58 52712 52 52769 126 52902 18 52929 28 52968 54 53023 128 53161 15 53186 27 53224 182 53416 22 53442 28 53479 183 53671 25 53699 27 53734 112 53848 71 53924 30 53955 27 53990 111 54105 70 54179 59 54246 112 54359 136 54502 249 54758 248 55014 248 55271 246 55527 246 55783 246 56039 246 56295 43 56341 199 56547 47 56600 195 56801 247 57056 248 57311 249 57566 251 57821 294 58117 254 58373 252 58629 251 58884 48 58933 203 59139 47 59190 202 59395 46 59445 203 59651 45 59701 203 59907 45 59955 205 60163 43 60209 207 60419 37 60461 211 60676 34 60718 248 60973 249 61228 176 61409 69 61482 177 61666 68 61735 180 61922 248 62178 199 62378 48 62435 247 62691 247 62948 246 63204 246 63460 246 63711 1260 64974 251 65230 250 65486 50
850742,0 15138 15143 249 15399 247 15655 246 15911 245 16167 236 16404 7 16424 234 16661 4 16681 232 16938 232 17196 230 17454 228 17709 229 17964 229 18219 230 18475 230 18730 230 18985 230 19240 230 19495 231 19751 230 20006 230 20259 232 20514 233 20768 235 21024 235 21279 236 21534 237 21789 239 22045 239 22300 240 22555 242 22809 244 23063 247 23319 247 23574 249 23830 250 24086 250 24341 253 24597 1195 25794 253 26051 250 26308 23 26333 206 26542 10 26565 15 26591 200 26822 11 26849 198 27080 8 27106 5 27114 189 27341 1 27372 187 27629 186 27885 184 28140 185 28393 188 28647 191 28902 193 29156 195 29407 200 29661 202 29914 206 30168 208 30423 209 30678 210 30933 211 31188 213 31443 217 31698 220 31953 221 32208 223 32463 224 32718 226 32971 229 33224 233 33479 237 33733 242 33980 4 33988 5434 39424 254 39680 254 39936 252 40191 251 40445 252 40700 253 40956 253 41210 24326
863209,0 13811 13812 253 14069 5 14080 240 14336 239 14592 237 14848 236 15104 231 15360 229 15616 225 15872 223 16128 217 16384 215 16640 207 16848 1 16896 142 17041 3 17045 19 17067 34 17152 142 17297 56 17408 142 17552 2 17555 18 17575 32 17664 164 17832 2 17836 9 17847 9 17920 164 18092 8 18104 7 18176 163 18344 2 18350 6 18432 162 18600 3 18606 7 18688 163 18856 10 18944 151 19096 11 19113 7 19200 150 19352 11 19456 146 19608 4 19613 5 19712 148 19864 8 19968 148 20121 6 20224 151 20480 151 20736 147 20992 144 21248 139 21504 138 21760 129 22016 128 22272 122 22528 121 22784 118 23040 115 23296 110 23552 108 23808 103 24064 100 24320 97 24576 93 24832 88 25088 84 25344 82 25600 76 25856 72 26112 68 26368 64 26624 59 26880 55 27136 51 27392 47 27648 44 27904 39 28160 36 28416 32 28672 29 28928 26 29184 20 29440 18 29696 15 29952 12 30208 5 30464 3
863364,6 16 69 187 260 18 325 187 515 19 581 187 771 18 837 187 1027 18 1093 187 1283 17 1350 186 1539 17 1606 186 1796 15 1861 187 2052 15 2116 88 2205 99 2308 16 2372 86 2462 98 2564 19 2628 84 2717 99 2819 21 2884 83 2971 101 3075 21 3140 81 3226 102 3330 23 3395 82 3482 102 3586 23 3651 81 3737 103 3841 23 3906 82 3992 104 4097 23 4142 2 4162 82 4248 128 4386 1 4397 4 4418 82 4503 129 4641 3 4651 7 4674 215 4906 8 4929 216 5154 1 5160 9 5184 218 5408 16 5440 219 5662 17 5696 238 5950 240 6206 240 6461 219 6683 20 6716 219 6939 22 6971 219 7195 23 7227 219 7449 26 7482 211 7701 31 7736 212 7955 33 7991 212 8211 248 8466 248 8721 249 8977 250 9232 252 9487 254 9743 255 9999 767 10767 254 11023 253 11279 253 11535 252 11791 252 12047 251 12302 251 12556 253 12811 3885 16697 255 16953 598 17553 252 17810 206 18018 42 18068 248 18325 246 18581 246 18837 245 19093 244 19349 243 19605 242 19861 241 20118 240 20373 239 20629 237 20884 139 21025 96 21140 138 21282 94 21396 95 21492 42 21540 89 21652 95 21748 42 21799 85 21908 95 22004 41 22057 81 22146 2 22164 137 22313 80 22420 137 22570 78 22676 136 22826 77 22933 134 23083 75 23189 133 23339 74 23445 125 23596 73 23701 124 23853 73 23956 125 24109 73 24212 125 24365 74 24468 125 24621 74 24724 127 24877 75 24978 130 25133 75 25232 133 25390 76 25488 133 25647 75 25744 133 25903 69 25982 4 26000 133 26159 65 26237 6 26257 131 26415 65 26494 7 26513 130 26671 65 26750 10 26769 129 26927 65 27006 12 27024 129 27183 64 27263 12 27279 130 27439 63 27519 13 27534 132 27695 58 27761 3 27775 147 27951 57 28016 5 28032 147 28207 57 28271 6 28291 146 28463 70 28549 7 28559 136 28719 70 28807 4 28816 137 28975 70 29064 4 29072 138 29231 70 29322 144 29487 69 29578 144 29743 69 29835 143 29999 69 30092 142 30256 67 30348 141 30507 2 30511 67 30609 136 30761 71 30867 133 31016 73 31098 4 31125 130 31270 76 31353 12 31383 129 31513 2 31525 77 31606 16 31641 125 31767 10 31780 54 31835 44 31899 190 32092 42 32155 119 32277 68 32348 42 32412 118 32533 68 32604 40 32668 118 32789 67 32861 36 32925 117 33045 67 33117 36 33181 117 33300 67 33373 35 33438 116 33556 68 33630 34 33695 115 33811 69 33887 33 33952 114 34067 69 34143 33 34208 114 34323 69 34399 39 34464 185 34654 41 34720 186 34910 42 34975 81 35060 103 35165 43 35229 82 35316 149 35483 83 35572 27 35601 120 35738 84 35827 12 35840 13 35857 121 35994 85 36082 13 36096 12 36113 121 36250 87 36338 13 36352 11 36369 122 36507 100 36608 13 36625 122 36764 99 36864 139 37021 98 37120 140 37277 98 37376 140 37532 240 37787 241 38042 202 38245 38 38298 202 38501 37 38554 107 38663 130 38810 106 38919 130 39067 104 39175 130 39324 102 39431 127 39560 1 39581 99 39687 127 39837 99 39942 128 40094 98 40197 129 40350 98 40453 129 40606 98 40708 122 40831 6 40862 98 40963 121 41118 97 41218 121 41375 96 41474 120 41633 95 41729 121 41890 94 41985 120 42147 93 42241 119 42404 92 42497 45 42547 69 42662 89 42753 21 42777 19 42803 68 42918 89 43010 20 43034 16 43059 68 43175 88 43266 20 43290 15 43315 68 43431 89 43523 20 43547 12 43571 68 43688 88 43778 23 43803 11 43827 67 43945 87 44034 24 44062 8 44083 67 44201 87 44290 25 44319 7 44339 67 44459 84 44545 27 44576 5 44595 67 44675 4 44719 77 44801 27 44833 3 44852 66 44930 6 44954 3 44978 73 45057 28 45109 66 45185 8 45210 4 45238 53 45294 13 45313 28 45366 66 45440 9 45465 8 45495 51 45552 10 45566 2 45569 28 45623 65 45696 10 45722 10 45751 51 45809 8 45821 3 45825 28 45880 65 45951 11 45978 11 46007 50 46065 8 46076 4 46081 28 46137 81 46234 12 46263 50 46321 9 46332 33 46394 80 46490 12 46519 50 46577 42 46651 79 46746 13 46775 49 46832 41 46908 78 47003 12 47031 49 47088 41 47142 3 47164 78 47259 13 47287 47 47344 41 47398 8 47419 79 47515 13 47544 45 47600 41 47653 102 47772 13 47801 43 47857 40 47909 102 48028 13 48058 41 48113 40 48165 103 48284 14 48315 39 48369 41 48420 105 48540 14 48572 38 48625 43 48675 114 48796 14 48829 36 48881 45 48930 116 49052 15 49085 36 49137 166 49306 17 49341 35 49393 187 49597 34 49649 188 49853 33 49903 191 50109 33 50159 192 50364 34 50401 1 50414 193 50620 38 50670 18 50692 172 50875 39 50926 18 50949 65 51019 101 51130 40 51182 18 51205 64 51276 101 51386 40 51438 18 51460 64 51533 101 51643 39 51694 85 51790 100 51900 10 51913 25 51950 84 52047 99 52157 7 52176 17 52206 84 52304 97 52415 4 52444 4 52461 46 52509 36 52562 95 52717 23 52743 18 52767 34 52818 96 52973 23 53000 16 53024 32 53075 95 53229 22 53256 16 53281 5 53288 24 53331 97 53485 22 53512 16 53538 2 53546 21 53587 100 53741 22 53768 16 53803 20 53844 100 53999 20 54024 16 54059 20 54100 100 54258 17 54280 16 54314 21 54356 101 54514 16 54536 15 54570 21 54613 100 54771 14 54793 14 54826 21 54869 100 55026 14 55051 11 55082 21 55125 99 55245 3 55282 14 55311 5 55339 20 55381 99 55500 6 55537 15 55596 19 55637 98 55755 7 55792 16 55853 18 55892 99 56010 8 56048 16 56096 1 56111 15 56148 99 56265 9 56304 16 56351 8 56361 2 56368 14 56404 100 56521 9 56560 16 56606 14 56624 14 56659 101 56776 10 56801 4 56817 15 56862 15 56879 14 56915 101 57031 12 57056 4 57073 15 57118 30 57170 102 57287 13 57310 6 57329 15 57374 30 57426 101 57545 12 57559 12 57585 15 57630 28 57681 102 57801 25 57841 15 57886 14 57901 12 57937 102 58059 23 58097 15 58147 9 58157 11 58192 103 58317 21 58353 15 58402 10 58415 8 58448 105 58554 3 58573 22 58608 16 58658 9 58671 8 58703 111 58828 23 58863 17 58914 9 58927 8 58959 111 59082 26 59119 17 59169 9 59183 7 59215 111 59338 29 59375 17 59425 9 59439 7 59473 109 59594 29 59631 17 59681 9 59694 8 59730 108 59849 30 59887 17 59936 9 59948 10 59986 109 60105 30 60142 18 60192 8 60204 11 60243 109 60361 30 60397 19 60449 6 60459 12 60499 110 60617 30 60652 20 60705 5 60715 11 60754 111 60866 2 60873 30 60907 21 60962 3 60971 11 61007 114 61128 32 61162 22 61227 11 61262 114 61384 56 61483 11 61505 4 61518 113 61638 58 61739 11 61760 7 61774 112 61894 58 61995 11 62015 9 62029 112 62148 60 62251 11 62270 12 62285 111 62403 28 62436 28 62507 14 62525 13 62541 111 62658 29 62693 27 62763 31 62797 111 62914 29 62950 26 63020 30 63053 110 63170 30 63206 26 63276 30 63308 111 63426 30 63462 26 63533 141 63681 31 63717 27 63790 139 63937 31 63973 27 64046 138 64193 31 64228 28 64302 137 64449 32 64482 30 64559 28 64589 111 64704 64 64816 5 64831 11 64845 112 64960 64 65088 10 65101 103 65205 75 65345 9 65357 101 65461 75
863933,0 65536
863998,12030 2 12287 1 13034 11 13289 13 13539 20 13792 23 14047 25 14302 26 14557 28 14813 28 15068 30 15305 6 15324 28 15557 11 15581 25 15804 20 15838 22 16057 22 16094 21 16312 22 16350 21 16567 23 16606 21 16823 23 16861 22 17079 24 17116 23 17335 25 17372 22 17591 26 17628 22 17847 25 17885 20 18078 5 18102 26 18142 19 18333 7 18358 25 18398 19 18589 8 18614 25 18654 18 18844 10 18870 24 18909 19 19099 11 19126 23 19164 19 19353 13 19382 22 19420 19 19607 15 19638 21 19676 18 19862 15 19893 22 19917 3 19932 18 20117 15 20148 23 20172 5 20188 17 20373 14 20403 31 20443 18 20479 1 20628 15 20658 32 20698 18 20735 1 20884 14 20914 31 20954 17 20989 3 21108 1 21114 4 21140 13 21170 25 21196 4 21210 16 21243 5 21361 15 21396 12 21428 23 21466 17 21497 7 21616 17 21654 9 21692 12 21723 16 21753 7 21872 18 21911 6 21950 10 21979 17 22008 8 22129 17 22235 18 22264 8 22385 18 22490 21 22519 9 22643 16 22746 21 22775 9 22899 16 23003 20 23030 10 23155 17 23259 20 23286 10 23411 17 23446 4 23516 19 23542 10 23662 21 23702 4 23773 18 23798 10 23917 22 23957 6 24030 18 24054 10 24173 22 24213 7 24287 17 24309 11 24428 23 24469 7 24545 16 24566 10 24684 22 24725 8 24802 17 24822 10 24940 8 24949 12 24982 5 25058 18 25078 10 25196 7 25205 11 25239 3 25315 18 25334 10 25450 9 25461 10 25572 28 25705 10 25717 8 25830 26 25961 11 25973 8 26087 25 26217 20 26344 24 26473 21 26600 24 26729 21 26857 23 26984 23 27103 4 27114 25 27240 24 27358 7 27371 18 27390 6 27496 24 27612 10 27627 18 27647 5 27751 25 27867 12 27883 17 27903 1 28007 24 28122 15 28139 16 28263 23 28326 6 28378 32 28519 22 28581 8 28634 32 28775 21 28827 1 28836 9 28890 31 28927 1 29031 21 29083 1 29092 10 29148 30 29183 1 29288 20 29348 11 29405 29 29439 1 29544 20 29603 15 29662 29 29801 19 29859 15 29919 28 30058 18 30115 15 30175 28 30315 16 30370 16 30432 27 30572 14 30626 16 30688 28 30829 10 30881 17 30944 28 31022 5 31087 7 31136 18 31200 29 31276 8 31344 5 31392 18 31455 30 31531 9 31602 3 31648 18 31699 6 31711 33 31787 10 31904 18 31954 9 31966 34 32043 10 32159 18 32209 47 32299 11 32414 17 32462 50 32555 11 32661 26 32715 53 32812 10 32916 27 32969 55 33069 8 33172 27 33225 55 33326 6 33406 1 33428 26 33480 47 33528 8 33583 5 33684 26 33736 46 33785 7 33839 4 33940 24 33991 46 34041 7 34086 6 34095 6 34197 22 34246 41 34290 2 34298 6 34337 22 34453 19 34502 41 34558 2 34591 25 34709 19 34758 43 34815 1 34846 26 34965 19 35013 45 35101 27 35222 18 35270 45 35356 28 35478 18 35526 45 35611 29 35734 17 35783 43 35867 29 35990 16 36039 43 36123 30 36214 1 36246 15 36296 42 36378 32 36468 8 36503 9 36553 41 36634 32 36723 10 36761 7 36810 40 36889 34 36979 11 37019 4 37069 37 37145 34 37235 11 37331 31 37400 36 37491 10 37588 13 37606 12 37657 35 37747 10 37844 14 37862 13 37913 36 38003 10 38101 14 38118 13 38169 36 38259 10 38357 15 38375 13 38426 35 38515 10 38614 14 38634 10 38682 36 38771 9 38870 14 38892 7 38939 35 39028 8 39126 4 39134 5 39152 2 39196 34 39285 6 39453 32 39542 4 39710 31 39881 1 39888 10 39968 27 40132 7 40140 15 40226 24 40387 8 40396 17 40484 20 40642 10 40654 17 40742 18 40898 10 40910 18 41000 8 41153 11 41166 19 41255 8 41409 11 41422 19 41511 7 41665 11 41678 19 41766 8 41783 2 41921 11 41934 18 42022 7 42038 5 42177 11 42190 18 42279 6 42294 5 42433 11 42446 16 42536 3 42550 6 42619 3 42690 10 42702 15 42806 6 42872 8 42952 4 42958 15 43062 5 43127 9 43208 3 43214 16 43260 4 43320 1 43383 10 43465 2 43468 19 43515 5 43640 10 43721 23 43770 6 43896 10 43977 25 44013 3 44024 8 44152 10 44232 27 44268 5 44278 10 44347 6 44409 9 44488 27 44524 6 44534 10 44601 10 44666 9 44739 32 44780 20 44856 11 44916 5 44923 7 44994 33 45036 20 45106 5 45112 11 45170 8 45181 5 45249 34 45293 19 45360 7 45369 10 45416 18 45439 2 45504 34 45549 19 45614 8 45625 9 45671 19 45760 33 45806 18 45869 9 45882 8 45926 21 46016 32 46063 18 46124 11 46138 7 46182 22 46272 31 46320 18 46379 13 46438 24 46465 3 46528 31 46578 7 46586 9 46632 16 46694 32 46785 31 46844 7 46887 17 46949 33 47041 31 47100 7 47142 18 47205 34 47281 4 47292 37 47356 7 47397 19 47461 34 47503 5 47536 6 47544 41 47612 7 47652 20 47716 35 47758 8 47792 50 47868 7 47907 21 47971 36 48014 8 48047 51 48124 7 48161 22 48227 36 48269 9 48304 50 48380 6 48416 22 48483 27 48511 8 48525 9 48559 52 48636 6 48671 24 48739 26 48771 3 48781 9 48815 52 48892 6 48926 25 48995 26 49037 9 49070 54 49148 4 49180 27 49251 28 49294 9 49325 56 49404 4 49435 29 49507 28 49550 9 49581 56 49661 3 49691 29 49763 29 49806 9 49837 56 49917 3 49946 36 50020 28 50062 9 50093 56 50173 3 50202 37 50277 27 50318 9 50348 56 50428 4 50458 38 50535 25 50574 9 50604 55 50683 5 50714 38 50791 24 50830 8 50860 53 50935 9 50970 38 51048 23 51087 7 51116 52 51188 12 51226 38 51304 23 51345 4 51372 53 51440 16 51483 37 51561 22 51628 53 51694 18 51739 37 51817 22 51884 53 51949 19 51995 38 52074 21 52140 54 52204 20 52251 38 52333 17 52397 52 52460 20 52507 39 52590 12 52654 51 52716 20 52763 39 52849 5 52910 49 52972 20 53019 40 53166 47 53227 21 53276 29 53308 7 53423 46 53484 20 53532 26 53565 7 53679 46 53740 20 53789 23 53823 4 53936 45 53996 20 54046 22 54080 1 54194 43 54253 19 54303 20 54451 42 54510 18 54561 18 54713 28 54742 7 54770 14 54818 17 54963 3 54974 21 54999 6 55026 14 55077 15 55218 4 55236 14 55257 3 55276 2 55282 14 55336 11 55474 4 55500 4 55537 15 55594 9 55730 3 55793 15 55852 3 56048 16 56304 16 56559 17 56814 18 57067 21 57323 21 57579 21 57834 22 58087 25 58280 3 58342 26 58535 4 58596 28 58791 3 58811 5 58851 29 59062 11 59106 30 59317 16 59361 31 59568 23 59618 30 59821 27 59874 30 60001 7 60075 28 60130 30 60256 10 60330 29 60387 29 60510 15 60586 29 60644 32 60764 18 60841 29 60873 9 60900 35 61019 20 61094 46 61156 36 61272 24 61349 47 61413 35 61526 26 61604 49 61670 34 61781 27 61828 5 61860 49 61927 32 62036 27 62083 7 62116 48 62184 31 62292 27 62338 8 62372 48 62442 28 62547 27 62593 9 62628 48 62698 27 62803 27 62849 10 62884 48 62955 26 63057 29 63105 10 63141 47 63211 25 63312 30 63361 11 63398 46 63467 24 63568 31 63617 11 63656 44 63723 24 63823 33 63874 10 63914 3 63924 31 63980 23 64079 34 64131 9 64180 31 64236 21 64335 36 64387 9 64436 32 64492 20 64591 36 64643 10 64691 33 64748 20 64847 37 64899 11 64947 34 65004 20 65104 35 65155 12 65203 34 65260 20 65361 34 65410 14 65459 33 65516 20
867180,0 73 98 2 256 72 512 72 587 3 768 78 1024 78 1280 80 1410 8 1419 3 1536 81 1628 1 1665 14 1757 1 1792 82 1884 3 1919 17 1950 6 1965 2 2013 1 2048 87 2140 5 2174 17 2198 15 2219 6 2226 3 2259 1 2269 1 2304 88 2396 6 2430 16 2453 16 2475 8 2560 89 2655 9 2686 15 2709 17 2730 10 2750 3 2816 89 2912 8 2938 2 2942 15 2965 32 3005 5 3036 2 3072 89 3168 8 3178 1 3193 20 3221 32 3257 10 3275 1 3292 3 3328 89 3424 5 3433 4 3442 3 3448 21 3480 42 3547 3 3584 89 3679 6 3689 5 3695 30 3729 3 3735 43 3803 1 3840 90 3935 8 3948 87 4061 1 4096 89 4191 10 4204 87 4321 1 4352 88 4448 98 4576 3 4608 88 4704 98 4832 3 4864 90 4960 34 4998 59 5087 5 5120 91 5214 1 5217 33 5254 58 5343 5 5376 96 5474 95 5599 5 5632 95 5732 26 5760 66 5856 3 5866 2 5888 95 5989 25 6015 67 6144 95 6246 44 6292 38 6332 6 6400 95 6503 43 6548 37 6589 5 6656 95 6759 42 6804 36 6845 5 6912 95 7015 43 7059 37 7101 4 7147 1 7168 96 7271 82 7357 4 7403 1 7424 98 7526 84 7613 2 7658 2 7680 100 7781 85 7910 7 7921 1 7936 98 8038 84 8165 14 8181 1 8192 98 8294 84 8419 19 8448 99 8549 85 8674 22 8704 186 8930 7 8938 9 8948 5 8960 186 9188 5 9196 7 9204 5 9216 189 9445 4 9452 7 9460 5 9467 1 9472 190 9702 22 9728 190 9926 2 9958 22 9984 190 10182 2 10214 19 10234 2 10240 190 10439 1 10470 19 10490 5 10496 185 10695 2 10727 23 10752 184 10984 22 11008 188 11240 212 11497 212 11753 214 12009 214 12264 215 12507 4 12520 213 12763 4 12775 214 13031 215 13287 216 13544 216 13799 219 14055 219 14311 220 14551 1 14567 221 14824 221 15083 218 15341 216 15598 215 15854 215 16110 216 16344 2 16363 220 16597 5 16619 221 16852 5 16874 223 17106 6 17130 204 17337 4 17343 10 17362 6 17384 206 17600 9 17618 5 17639 205 17855 10 17866 3 17874 5 17892 208 18102 3 18110 17 18130 5 18138 2 18144 212 18358 4 18366 18 18386 5 18393 3 18399 220 18620 3 18624 17 18642 5 18649 254 18904 46632
874368,920 4 1175 5 1429 7 1684 9 1939 11 2195 11 2452 10 2709 9 4705 3 4960 4 5216 5 5464 3 5471 6 5710 4 5720 3 5726 7 5965 6 5981 8 6221 6 6235 9 6477 6 6488 12 6733 5 6743 13 6998 15 7254 15 7510 16 7766 16 8021 16 8275 10 8530 11 8785 11 9041 11 9298 9 9556 7 9713 1 9813 5 9967 3 10142 2 10223 4 10397 5 10478 6 10651 9 10734 6 10905 12 10989 8 11159 15 11245 8 11414 17 11500 9 11670 18 11754 10 11925 20 12009 11 12180 20 12265 10 12436 20 12520 10 12692 19 12764 3 12776 10 12947 18 13018 7 13032 9 13202 18 13274 7 13288 9 13456 19 13530 8 13544 9 13709 22 13786 8 13800 8 13964 23 14006 2 14042 8 14057 6 14142 1 14152 2 14220 22 14261 4 14298 8 14315 1 14397 4 14408 3 14475 23 14517 4 14555 7 14652 4 14663 8 14731 16 14813 2 14907 5 14919 9 14987 15 15163 5 15175 11 15243 15 15419 5 15431 12 15498 15 15675 4 15687 12 15755 14 15820 2 15829 3 15943 12 16012 12 16072 7 16085 3 16193 5 16199 12 16269 11 16323 12 16342 1 16437 2 16449 17 16527 8 16578 13 16691 8 16705 17 16786 3 16833 14 16947 8 16961 16 17088 14 17203 8 17217 7 17227 4 17344 13 17459 7 17473 7 17600 12 17717 2 17731 4 17857 8 18113 5 20508 6 20520 3 20763 16 21017 18 21273 19 21528 20 21783 21 22039 21 22296 20 22369 4 22552 20 22601 5 22624 7 22809 11 22822 5 22854 9 22879 10 23065 10 23079 4 23110 9 23133 13 23322 9 23365 10 23388 14 23579 7 23620 11 23643 15 23836 6 23875 12 23897 18 24093 4 24131 11 24151 20 24386 11 24406 21 24596 1 24642 9 24661 22 24897 9 24915 23 25152 9 25170 24 25408 9 25425 24 25664 9 25681 23 25920 9 25937 23 26176 9 26192 24 26433 9 26446 26 26690 38 26948 36 27206 34 27462 34 27718 33 27974 33 28230 32 28486 32 28742 31 28821 3 28998 31 29076 6 29254 30 29331 8 29511 28 29586 10 29768 26 29841 13 30025 24 30097 14 30214 2 30281 23 30353 16 30469 4 30536 22 30580 3 30609 17 30724 6 30792 19 30826 1 30835 5 30866 17 30976 11 31047 19 31078 6 31090 6 31123 16 31232 11 31303 16 31333 9 31346 6 31379 16 31488 11 31559 15 31588 11 31600 8 31635 15 31744 11 31815 15 31843 21 31891 15 32000 10 32070 8 32079 5 32099 22 32146 15 32256 9 32326 6 32354 23 32390 2 32402 14 32512 9 32582 6 32610 23 32646 2 32656 16 32768 8 32838 5 32865 25 32909 18 33024 7 33095 4 33121 25 33163 19 33280 7 33377 24 33417 20 33536 6 33633 24 33672 20 33792 4 33889 23 33928 20 34048 4 34145 22 34184 21 34304 3 34401 20 34441 23 34560 2 34657 19 34696 24 34893 5 34913 17 34952 24 35148 7 35169 16 35208 24 35404 8 35425 16 35462 19 35483 5 35501 6 35660 8 35682 14 35718 18 35755 9 35917 10 35938 14 35974 17 36009 11 36173 12 36194 13 36230 16 36264 12 36430 11 36450 13 36487 14 36520 12 36686 11 36706 13 36743 13 36775 12 36943 10 36962 13 36998 13 37031 11 37200 9 37218 14 37253 13 37286 12 37458 6 37473 19 37509 13 37542 12 37730 21 37765 13 37798 11 37986 24 38021 13 38054 11 38250 17 38277 14 38310 10 38507 17 38533 14 38566 10 38764 16 38789 15 38822 10 39020 16 39046 14 39078 10 39276 16 39302 14 39333 12 39532 16 39558 14 39588 13 39788 16 39814 14 39844 14 40024 1 40044 15 40070 14 40100 14 40278 4 40300 15 40325 15 40357 13 40507 1 40534 4 40555 16 40581 15 40613 12 40760 5 40790 4 40811 15 40837 14 40869 11 41016 2 41019 2 41046 4 41066 16 41093 14 41124 10 41322 16 41349 14 41378 12 41399 6 41578 15 41605 14 41633 13 41654 8 41834 14 41861 14 41888 15 41909 10 42090 13 42117 14 42144 31 42345 12 42370 17 42399 33 42564 3 42600 12 42624 20 42655 33 42820 3 42855 13 42878 22 42911 33 43075 4 43111 12 43133 23 43166 35 43331 4 43367 11 43389 22 43422 36 43587 4 43624 9 43644 23 43677 38 43843 4 43881 7 43900 6 43910 13 43932 40 44138 4 44157 5 44168 10 44188 40 44351 4 44414 3 44424 10 44443 42 44607 4 44672 1 44682 8 44699 41 44863 4 44928 2 44940 5 44955 41 45119 4 45183 3 45189 2 45210 42 45376 3 45440 1 45444 4 45466 42 45619 5 45633 2 45700 5 45722 42 45874 7 45890 1 45956 6 45977 43 46130 8 46146 2 46212 6 46234 42 46386 8 46402 3 46469 5 46490 42 46642 8 46657 4 46726 5 46746 40 46899 7 46913 4 46983 4 47001 39 47156 7 47169 4 47257 38 47413 7 47425 4 47462 3 47488 2 47512 38 47670 6 47681 4 47715 6 47744 3 47768 37 47912 1 47927 4 47937 4 47969 8 48000 4 48023 37 48166 5 48193 4 48224 9 48258 1 48279 36 48419 9 48450 3 48480 8 48535 36 48673 11 48737 6 48791 36 48928 13 48993 5 49047 37 49184 14 49250 3 49303 37 49439 17 49560 36 49695 18 49817 36 49951 18 50036 2 50074 36 50207 19 50292 3 50329 37 50463 20 50548 3 50585 37 50718 22 50805 2 50841 37 50974 22 51084 2 51097 36 51230 22 51339 4 51353 35 51486 22 51595 5 51609 35 51742 21 51850 6 51866 34 51999 19 52106 6 52123 32 52255 19 52362 5 52380 31 52511 19 52618 5 52637 29 52767 19 52876 2 52893 28 52992 3 52997 3 53023 19 53150 26 53248 9 53261 9 53280 19 53400 30 53504 23 53536 20 53655 8 53665 20 53760 25 53791 21 53892 1 53911 7 53927 13 54016 26 54047 21 54146 5 54166 8 54185 10 54208 2 54272 27 54302 19 54401 8 54423 7 54442 8 54461 7 54528 47 54656 10 54679 6 54698 7 54715 11 54784 47 54911 13 54936 5 54954 7 54969 14 55040 47 55166 15 55194 1 55200 4 55209 7 55224 16 55296 47 55422 16 55455 17 55480 18 55552 47 55677 17 55711 17 55735 19 55808 46 55933 17 55967 16 55992 19 56031 3 56064 46 56189 18 56221 17 56248 20 56286 4 56320 46 56446 17 56479 8 56503 21 56543 4 56576 46 56703 16 56735 7 56759 24 56799 4 56832 46 56963 12 56987 11 57013 27 57057 1 57088 46 57220 10 57242 11 57268 29 57344 46 57476 10 57498 10 57523 31 57600 46 57732 9 57753 11 57779 32 57856 39 57897 5 57989 7 58009 11 58035 33 58112 39 58153 5 58246 2 58265 11 58292 32 58368 38 58410 4 58520 11 58548 31 58624 37 58666 4 58776 10 58804 30 58880 32 58922 4 59032 5 59059 30 59094 3 59136 29 59178 4 59288 4 59315 28 59350 4 59392 28 59434 3 59492 1 59571 27 59606 4 59648 28 59690 2 59746 4 59827 26 59862 5 59904 28 60002 4 60012 5 60082 28 60118 4 60160 27 60198 4 60259 2 60266 8 60338 29 60374 4 60416 27 60453 5 60522 9 60594 37 60672 27 60708 6 60777 11 60850 37 60928 25 60963 7 61025 5 61033 11 61107 36 61184 17 61218 8 61277 11 61289 11 61363 36 61440 11 61474 7 61529 27 61621 34 61696 10 61730 4 61783 28 61882 29 61952 10 61986 4 62039 29 62140 26 62208 10 62241 5 62294 30 62399 23 62464 8 62497 4 62515 2 62551 29 62663 14 62720 7 62753 4 62768 6 62807 30 62920 9 62955 2 62976 5 63009 5 63024 5 63062 31 63177 4 63210 4 63232 4 63266 4 63280 5 63318 31 63402 3 63465 6 63488 4 63522 5 63536 3 63574 30 63657 5 63721 5 63744 4 63779 4 63810 3 63830 30 63913 6 63969 1 63977 5 64000 5 64035 4 64048 3 64065 5 64086 29 64168 7 64234 4 64256 6 64291 5 64304 3 64320 6 64343 25 64424 7 64512 7 64547 5 64560 4 64575 7 64599 24 64665 2 64675 11 64709 1 64768 7 64803 6 64815 7 64828 10 64855 24 64920 4 64930 12 64964 4 65024 7 65059 6 65071 8 65083 11 65112 23 65176 4 65185 13 65220 4 65280 6 65315 6 65327 22 65369 22 65433 1 65441 13 65476 4
877548,0 1712 1714 254 1969 4440 6411 254 6675 247 6930 248 7185 250 7440 251 7695 253 7950 9645 17598 252 17854 252 18110 251 18365 251 18620 253 18875 3637 22516 251 22773 251 23027 42509
890795,0 81 86 4 91 246 341 6 349 244 597 7 605 3234 3840 4982 8824 254 9081 253 9337 253 9593 253 9849 253 10105 252 10360 254 10615 1799 12417 253 12673 253 12930 251 13186 251 13442 126 13569 125 13697 127 13826 254 14082 254 14339 253 14595 253 14851 253 15107 253 15363 253 15619 253 15875 253 16131 253 16387 253 16643 253 16899 253 17155 253 17411 253 17667 253 17921 7953 25881 248 26138 246 26394 246 26650 245 26906 244 27162 241 27419 238 27675 238 27932 236 28189 235 28446 233 28703 232 28959 231 29215 230 29471 229 29727 228 29983 226 30239 225 30494 226 30736 3 30749 227 30991 9 31005 227 31247 60 31309 179 31502 60 31568 176 31758 59 31826 100 31928 72 32013 60 32083 97 32186 70 32268 61 32339 92 32444 68 32523 62 32595 92 32702 66 32779 62 32852 92 32961 63 33035 62 33108 93 33220 60 33291 62 33364 94 33477 56 33534 2 33547 62 33620 96 33735 53 33803 62 33876 97 33994 21 34016 28 34059 61 34132 98 34250 19 34272 27 34317 59 34388 98 34505 19 34528 26 34573 59 34644 99 34762 17 34783 26 34821 4 34830 57 34900 100 35019 10 35039 24 35076 6 35086 61 35156 100 35281 1 35295 24 35331 8 35341 65 35412 99 35551 16 35568 8 35585 78 35667 99 35806 17 35824 10 35840 80 35922 99 36061 30 36096 181 36317 30 36352 181 36572 31 36608 182 36827 33 36864 183 37081 35 37120 184 37336 39 37376 185 37591 226 37847 226 38103 226 38358 227 38612 221 38834 6 38867 220 39110 3 39121 88 39211 129 39365 5 39376 88 39474 121 39620 7 39631 89 39730 120 39875 61 39938 39 39985 121 40127 65 40195 39 40241 121 40382 66 40450 41 40496 121 40638 110 40752 119 40894 95 40991 12 41007 119 41150 94 41249 10 41263 118 41393 7 41405 89 41505 10 41518 40 41559 75 41647 9 41661 87 41761 11 41774 38 41817 73 41902 10 41916 87 42018 48 42075 71 42157 11 42170 88 42274 46 42332 70 42413 101 42530 45 42587 71 42668 101 42786 45 42843 71 42923 99 43043 43 43099 71 43177 101 43299 42 43355 71 43432 102 43555 41 43600 1 43612 70 43688 103 43809 41 43855 4 43874 64 43944 103 44064 42 44111 5 44131 63 44200 103 44320 41 44366 6 44387 63 44456 103 44576 41 44622 6 44642 8 44651 53 44712 102 44832 42 44877 7 44896 10 44908 48 44968 102 45089 41 45131 10 45147 16 45169 41 45225 100 45345 41 45387 10 45403 18 45426 33 45462 3 45482 99 45583 3 45601 41 45643 9 45659 21 45681 33 45738 99 45839 3 45857 41 45899 9 45915 54 45995 96 46094 4 46114 4 46119 34 46155 8 46171 53 46250 95 46351 2 46370 3 46376 32 46412 6 46428 11 46441 38 46506 94 46632 31 46670 1 46684 10 46698 30 46763 92 46888 31 46940 9 46955 29 47019 92 47145 30 47196 7 47211 28 47275 93 47401 30 47453 5 47468 27 47531 94 47656 32 47727 24 47787 95 47911 34 47985 21 48043 96 48165 36 48240 22 48298 98 48419 38 48496 22 48554 98 48674 38 48752 20 48803 105 48929 27 48959 9 49007 12 49022 4 49058 106 49184 27 49216 7 49257 17 49314 106 49440 27 49473 6 49512 17 49570 105 49695 29 49731 7 49768 16 49813 2 49826 105 49935 5 49951 30 49988 8 50023 11 50035 3 50068 4 50083 114 50207 32 50243 10 50279 10 50324 4 50339 115 50463 47 50536 9 50580 4 50595 115 50719 48 50792 8 50836 3 50850 116 50975 49 51048 7 51092 2 51105 117 51231 49 51305 5 51359 119 51487 49 51561 5 51614 120 51743 49 51818 3 51870 120 51999 49 52126 120 52255 48 52382 120 52511 48 52637 121 52767 48 52893 121 53021 50 53150 120 53272 36 53309 5 53316 11 53406 158 53566 2 53572 11 53662 120 53783 38 53829 10 53918 119 54039 39 54086 8 54174 119 54295 40 54430 107 54540 9 54552 39 54686 106 54796 8 54808 40 54942 106 55053 6 55064 40 55172 4 55197 106 55311 3 55319 41 55428 6 55450 108 55574 42 55685 7 55705 109 55829 43 55942 7 55961 108 56084 17 56103 26 56198 7 56217 108 56339 17 56360 26 56455 7 56474 106 56588 2 56595 17 56617 26 56711 8 56730 119 56850 17 56874 25 56967 9 56987 135 57131 25 57223 10 57243 135 57388 23 57478 11 57498 136 57645 13 57659 8 57734 12 57753 136 57901 13 57918 3 57969 3 57989 13 58009 135 58158 11 58224 6 58243 15 58264 124 58395 4 58413 15 58480 6 58497 19 58521 122 58652 3 58669 16 58736 7 58751 23 58778 121 58908 3 58925 16 58992 8 59005 26 59034 120 59164 3 59175 2 59180 18 59247 41 59291 118 59430 4 59435 19 59501 44 59547 117 59680 30 59755 47 59803 119 59935 31 60011 162 60176 3 60191 32 60266 55 60324 105 60432 4 60446 33 60522 54 60580 104 60687 5 60701 35 60778 54 60836 103 60945 3 60956 37 61019 2 61029 59 61093 100 61211 39 61274 6 61284 60 61349 101 61462 2 61467 39 61530 8 61539 63 61604 102 61717 44 61785 178 61973 43 62038 181 62229 37 62267 4 62292 184 62485 36 62547 173 62721 11 62741 35 62803 173 62977 12 62997 35 63059 186 63252 36 63315 188 63507 37 63571 189 63762 38 63826 230 64079 233 64334 176 64512 55 64589 177 64768 53 64845 176 65024 46 65101 177 65281 45 65357 177
891930,109 53 204 29 246 2 252 4 344 3 365 53 460 28 503 1 510 2 600 4 621 54 716 27 767 1 855 5 876 58 972 25 1023 1 1111 6 1132 60 1197 3 1228 23 1257 1 1279 1 1367 7 1388 62 1452 7 1489 18 1511 5 1532 4 1623 7 1647 69 1747 15 1766 6 1787 5 1879 6 1902 72 2003 14 2022 5 2043 5 2135 6 2158 73 2260 12 2277 6 2299 5 2392 4 2414 74 2518 9 2532 7 2555 5 2648 4 2669 75 2776 6 2786 9 2803 1 2811 5 2904 3 2923 77 3034 2 3041 10 3068 4 3159 5 3168 4 3179 77 3297 10 3311 2 3324 4 3414 15 3434 77 3546 2 3552 9 3566 3 3573 5 3580 4 3670 15 3692 73 3801 4 3806 11 3822 3 3828 7 3836 4 3926 15 3948 73 4033 9 4057 15 4078 8 4092 4 4183 14 4204 73 4289 9 4312 16 4333 12 4346 6 4440 13 4460 55 4519 14 4544 11 4569 39 4696 13 4716 55 4776 13 4800 12 4823 41 4953 12 4972 54 5032 13 5055 14 5073 47 5209 11 5228 53 5290 11 5311 14 5328 48 5483 54 5547 10 5561 71 5739 54 5804 9 5816 72 5996 53 6060 6 6076 68 6254 51 6316 5 6331 69 6511 50 6573 4 6580 25 6606 50 6767 50 6828 33 6862 50 7023 50 7082 35 7119 49 7279 50 7337 87 7535 50 7592 88 7792 50 7847 89 8048 50 8103 89 8304 50 8358 90 8560 51 8615 89 8816 51 8871 89 9075 50 9127 89 9332 140 9589 139 9847 78 9928 56 10078 1 10102 79 10184 56 10334 2 10358 77 10441 55 10590 1 10613 78 10697 55 10868 79 10953 55 11123 81 11209 55 11379 82 11465 55 11635 141 11892 5 11899 133 12140 6 12149 3 12156 132 12395 13 12413 131 12651 13 12670 130 12908 13 12928 128 13167 3 13171 5 13185 127 13442 126 13699 125 13956 124 14213 123 14469 31 14505 87 14726 29 14761 87 14986 25 15014 3 15020 84 15244 22 15268 92 15499 23 15524 92 15752 109 15864 8 16007 109 16120 8 16256 2 16261 112 16377 7 16511 118 16634 6 16753 3 16762 2 16766 120 16889 7 17007 6 17017 7 17027 37 17065 78 17145 7 17262 7 17271 9 17283 34 17319 80 17401 7 17518 18 17539 34 17575 80 17657 7 17772 8 17781 130 17913 7 18028 7 18037 130 18170 6 18283 8 18294 131 18426 6 18539 8 18551 137 18794 9 18805 139 19050 150 19304 152 19558 154 19814 154 20070 154 20326 154 20582 154 20838 154 21094 154 21351 153 21607 149 21759 1 21863 148 22014 2 22119 148 22269 3 22375 148 22525 3 22632 91 22728 51 22780 4 22888 90 22985 55 23144 89 23241 36 23282 5 23288 8 23400 89 23498 33 23544 8 23657 89 23754 33 23800 8 23913 88 24010 32 24056 8 24169 88 24267 24 24312 8 24425 88 24523 4 24530 17 24568 8 24682 86 24779 1 24788 14 24823 9 24938 87 25044 14 25079 9 25194 87 25300 13 25335 9 25451 86 25539 2 25558 10 25590 10 25707 91 25816 7 25829 4 25846 10 25964 85 26072 6 26084 5 26101 11 26220 84 26331 1 26340 5 26356 12 26476 84 26596 5 26612 12 26733 82 26852 5 26868 12 26989 82 27110 2 27124 12 27245 74 27322 5 27380 12 27502 73 27578 5 27635 13 27758 74 27834 5 27891 13 28014 80 28146 14 28271 77 28400 16 28527 76 28655 17 28783 76 28911 17 29040 74 29150 3 29167 17 29296 74 29405 4 29424 16 29552 74 29660 5 29680 16 29809 72 29916 5 29936 16 30065 71 30141 3 30171 6 30192 16 30321 69 30396 5 30426 7 30448 16 30578 57 30639 7 30651 7 30682 8 30703 17 30834 56 30903 11 30938 8 30958 18 31090 53 31144 2 31158 16 31194 7 31213 19 31347 51 31401 3 31413 20 31449 8 31468 20 31603 51 31656 4 31669 22 31704 9 31725 19 31860 50 31911 6 31925 30 31958 10 31981 19 32116 50 32169 6 32181 43 32237 19 32372 49 32428 4 32436 46 32494 18 32628 47 32684 5 32692 48 32750 18 32884 47 32939 6 32948 48 33008 16 33140 47 33195 6 33204 48 33266 14 33396 47 33452 2 33460 48 33523 13 33653 46 33716 48 33780 12 33909 45 33972 48 34037 11 34166 44 34227 49 34293 11 34422 44 34483 40 34525 6 34549 11 34678 44 34738 47 34805 11 34935 42 34988 50 35060 12 35192 40 35241 54 35315 13 35448 38 35497 55 35572 12 35704 36 35752 57 35828 12 35960 2 35964 31 36007 62 36084 12 36227 23 36261 65 36340 12 36488 17 36517 66 36596 12 36746 14 36769 71 36852 12 37004 11 37023 74 37108 12 37262 7 37278 98 37533 99 37789 99 38045 99 38301 99 38557 99 38813 99 39068 100 39320 2 39323 101 39576 2 39579 101 39827 109 40081 111 40333 115 40586 118 40842 118 41097 119 41353 119 41609 119 41865 119 42121 119 42377 119 42633 119 42890 118 43146 118 43403 117 43660 116 43916 116 44171 117 44427 117 44681 119 44936 120 45191 121 45445 123 45701 123 45957 123 46213 123 46469 123 46725 123 46982 122 47238 122 47494 122 47750 122 48006 122 48262 122 48519 121 48775 121 49031 116 49150 2 49287 114 49406 2 49544 113 49662 2 49800 81 49883 30 49919 1 50056 58 50117 20 50142 13 50159 10 50175 1 50312 58 50374 18 50399 9 50416 8 50569 56 50631 17 50655 6 50673 7 50825 57 50888 15 50911 5 50930 5 51082 58 51144 13 51166 5 51338 59 51401 9 51422 4 51594 69 51678 4 51851 74 52107 74 52363 75 52620 29 52656 38 52876 28 52915 34 53132 28 53175 30 53389 27 53433 29 53473 4 53645 27 53690 29 53729 5 53902 25 53947 29 53984 6 54158 25 54204 29 54240 7 54414 24 54460 31 54496 7 54670 24 54717 31 54751 8 54783 1 54927 22 54973 42 55037 3 55184 20 55229 43 55292 4 55440 17 55458 1 55485 43 55549 3 55697 15 55741 44 55806 2 55953 14 55997 44 56062 2 56209 13 56253 45 56318 2 56465 12 56510 45 56571 1 56574 2 56722 10 56768 44 56825 7 56978 10 57033 36 57079 9 57235 8 57290 21 57313 12 57333 11 57493 5 57552 29 57587 13 57810 28 57843 13 58066 27 58099 13 58323 26 58356 12 58580 2 58586 19 58614 10 58837 1 58843 18 58872 8 59100 16 59127 9 59358 14 59382 10 59615 12 59638 10 59872 11 59894 10 60129 1 60133 6 60150 10 60390 5 60406 10 60647 1 60663 9 60910 1 60920 8 61176 8 61432 8 61688 8 61944 8 62112 4 62200 8 62367 6 62447 4 62456 8 62622 7 62702 6 62712 8 62877 8 62958 7 62968 8 63131 10 63202 5 63214 7 63222 10 63386 12 63458 8 63470 18 63642 12 63713 9 63727 17 63898 12 63969 10 63988 12 64154 12 64225 10 64244 12 64410 12 64482 9 64499 13 64666 12 64738 9 64754 14 64923 11 64996 28 65179 10 65253 27 65436 9 65510 26
892843,48 46 143 1 168 13 249 7 304 47 425 12 505 7 561 47 683 10 761 7 817 60 941 11 1018 6 1073 61 1198 13 1274 6 1328 28 1359 32 1456 12 1529 7 1583 28 1615 32 1716 8 1758 3 1785 7 1837 29 1871 32 1973 7 2013 5 2041 7 2092 30 2127 32 2229 6 2269 5 2297 7 2348 31 2383 32 2486 5 2526 4 2553 7 2604 32 2639 32 2741 5 2783 3 2809 7 2861 33 2895 31 2996 6 3065 7 3117 65 3250 7 3321 7 3379 28 3410 27 3504 9 3577 7 3636 26 3667 25 3756 13 3833 7 3893 25 3923 24 4011 15 4089 7 4149 24 4180 21 4266 16 4287 1 4346 6 4406 22 4436 14 4522 17 4542 4 4604 4 4662 22 4692 13 4778 24 4889 3 4919 22 4949 12 5035 23 5144 5 5175 22 5205 12 5292 21 5400 5 5431 22 5462 10 5549 16 5608 6 5656 5 5688 22 5719 8 5806 15 5863 8 5913 3 5944 22 5976 5 6062 15 6118 9 6170 1 6201 22 6318 15 6374 10 6458 20 6574 16 6629 12 6715 19 6830 16 6884 13 6973 15 7087 15 7139 16 7230 6 7237 6 7344 14 7393 19 7604 6 7644 24 7899 26 8155 26 8385 1 8411 27 8639 5 8667 27 8895 5 8923 27 9149 8 9178 28 9387 2 9404 9 9435 26 9642 4 9657 12 9693 23 9728 3 9897 5 9908 18 9951 20 9984 5 10152 6 10164 18 10208 18 10240 5 10407 8 10419 19 10465 17 10496 6 10661 11 10675 18 10722 15 10752 6 10909 3 10914 16 10931 18 10980 2 10986 7 11008 5 11164 40 11244 3 11264 5 11418 42 11520 5 11673 43 11727 1 11731 3 11776 4 11827 1 11928 43 11980 11 12032 4 12184 41 12236 12 12288 3 12440 40 12491 13 12544 3 12696 40 12747 13 12800 2 12953 38 13002 13 13056 1 13210 36 13258 13 13466 35 13515 11 13722 36 13771 10 13978 36 14027 9 14232 38 14284 8 14426 1 14487 39 14540 8 14681 3 14743 39 14797 6 14936 5 14998 40 15192 5 15254 40 15448 5 15510 39 15705 4 15766 10 15777 28 15871 1 15962 4 16023 5 16035 26 16126 2 16217 5 16292 25 16381 3 16473 8 16549 23 16634 6 16729 9 16806 21 16889 7 16984 11 17062 20 17144 8 17241 10 17318 20 17400 8 17497 10 17574 19 17655 9 17753 10 17831 18 17909 11 17948 7 18009 9 18087 18 18164 12 18203 8 18266 7 18344 16 18419 13 18459 8 18522 2 18525 3 18600 16 18674 14 18715 8 18781 2 18858 12 18929 15 18971 7 19038 1 19115 9 19184 16 19228 6 19373 5 19439 17 19485 4 19694 18 19936 3 19950 18 20184 12 20205 19 20439 13 20461 19 20695 13 20716 20 20845 2 20950 14 20973 19 21100 5 21206 14 21229 19 21356 5 21462 13 21486 18 21611 6 21628 3 21718 13 21743 15 21867 7 21884 4 21974 12 22000 7 22123 7 22139 6 22231 10 22380 6 22395 7 22488 8 22637 5 22651 10 22746 4 22894 3 22907 11 23163 12 23419 13 23600 3 23676 12 23856 3 23932 12 24112 3 24189 10 24274 3 24279 4 24446 4 24528 11 24747 3 24782 14 24821 1 25002 5 25037 15 25077 1 25257 7 25292 15 25332 2 25513 7 25547 16 25769 7 25801 18 26025 7 26056 18 26196 3 26282 5 26311 19 26385 2 26397 2 26448 10 26537 7 26566 20 26640 17 26702 14 26792 8 26822 20 26845 2 26895 19 26958 15 27048 8 27077 27 27150 21 27213 17 27303 10 27332 29 27405 22 27468 19 27559 9 27587 30 27661 22 27720 24 27815 9 27842 31 27916 22 27974 26 28071 9 28096 33 28172 22 28229 27 28327 8 28351 33 28415 1 28428 21 28484 28 28584 6 28606 34 28669 3 28683 22 28739 30 28841 4 28862 34 28925 3 28939 21 28994 32 29117 36 29180 4 29195 21 29249 25 29276 7 29373 36 29436 4 29452 20 29504 26 29629 36 29692 4 29708 20 29758 29 29884 37 29948 4 29965 18 30014 30 30140 38 30204 4 30222 17 30270 30 30397 37 30459 5 30480 14 30526 31 30653 37 30715 5 30738 10 30782 31 30911 4 30918 27 30971 5 30997 2 31039 30 31173 28 31227 5 31296 29 31377 7 31429 28 31483 5 31553 28 31632 10 31685 27 31739 5 31809 26 31886 13 31940 28 31995 5 32066 22 32142 13 32196 28 32253 3 32322 16 32397 14 32453 27 32578 15 32652 15 32709 27 32833 14 32907 15 32966 27 33088 14 33162 13 33223 25 33344 12 33418 11 33480 24 33518 4 33600 10 33673 11 33708 1 33736 24 33773 4 33856 9 33929 10 33961 6 33993 22 34029 4 34078 6 34112 8 34184 9 34214 10 34250 20 34285 5 34302 2 34330 11 34368 8 34382 1 34440 7 34468 12 34506 18 34540 6 34558 2 34584 13 34624 7 34636 5 34696 5 34723 14 34761 19 34789 1 34795 8 34813 3 34839 13 34881 6 34891 8 34954 1 34978 16 35015 20 35045 14 35068 4 35095 12 35137 18 35234 16 35269 22 35301 15 35323 5 35351 11 35392 19 35490 16 35524 22 35556 17 35578 6 35607 10 35647 20 35746 16 35780 21 35812 17 35832 8 35864 7 35902 22 36002 16 36037 12 36068 28 36120 5 36157 23 36258 16 36293 12 36324 28 36413 23 36514 16 36551 10 36579 29 36669 24 36771 16 36808 9 36836 20 36858 6 36924 26 37028 15 37065 8 37092 19 37115 5 37179 28 37285 14 37322 7 37348 19 37374 2 37434 29 37541 14 37580 5 37604 18 37646 3 37689 31 37797 14 37860 17 37901 7 37945 31 38051 16 38116 8 38130 2 38157 8 38201 7 38209 22 38305 18 38371 8 38413 10 38457 7 38465 22 38559 20 38624 8 38669 11 38714 6 38721 15 38814 20 38875 13 38925 12 38971 21 39069 21 39129 14 39182 12 39231 17 39325 22 39384 17 39439 12 39487 18 39580 24 39639 20 39695 12 39743 18 39828 3 39836 31 39894 22 39952 12 39999 18 40083 6 40091 33 40150 23 40207 13 40256 17 40339 42 40401 28 40463 14 40512 16 40595 43 40656 29 40718 16 40769 14 40851 43 40910 31 40974 16 41026 13 41098 2 41107 43 41163 34 41231 17 41282 12 41352 5 41362 44 41418 35 41488 17 41539 5 41545 4 41608 6 41616 46 41673 36 41744 19 41796 1 41863 55 41928 37 42001 19 42119 55 42184 37 42258 18 42374 53 42439 38 42515 17 42629 52 42695 39 42771 17 42879 57 42951 45 43028 17 43134 54 43207 46 43285 16 43389 55 43464 2 43470 40 43541 17 43644 58 43728 38 43798 16 43900 60 43984 39 44055 15 44084 2 44094 5 44156 61 44241 38 44312 13 44339 4 44349 8 44412 61 44497 38 44570 11 44594 6 44604 10 44669 60 44753 39 44827 9 44851 6 44860 12 44931 53 45009 39 45062 5 45072 5 45083 8 45107 6 45116 13 45188 51 45266 38 45317 17 45340 6 45363 5 45371 14 45445 50 45523 12 45536 25 45572 19 45596 5 45620 3 45627 14 45702 48 45793 24 45828 20 45853 3 45882 14 45960 46 46050 23 46083 21 46137 14 46215 46 46308 21 46339 21 46393 13 46471 46 46565 20 46595 20 46649 13 46673 2 46727 45 46822 19 46842 6 46851 20 46905 14 46923 10 46982 45 47080 24 47107 20 47162 28 47238 44 47344 16 47363 19 47418 28 47453 2 47494 43 47601 15 47623 15 47676 26 47708 5 47751 41 47799 3 47862 10 47881 11 47932 26 47963 6 48007 41 48054 5 48118 10 48138 7 48186 29 48219 6 48264 40 48309 6 48374 10 48395 3 48440 31 48476 4 48521 39 48565 6 48630 10 48696 32 48778 39 48820 6 48886 10 48951 33 49034 39 49076 5 49141 11 49206 35 49291 38 49332 5 49397 11 49461 36 49547 37 49588 5 49652 12 49716 37 49803 36 49845 3 49908 12 49971 38 50058 36 50101 3 50163 13 50226 39 50314 33 50419 13 50481 40 50568 32 50674 14 50738 39 50822 34 50931 13 50994 39 51076 37 51140 3 51155 4 51187 5 51196 4 51250 40 51331 38 51395 6 51411 5 51453 3 51506 40 51586 39 51651 7 51667 6 51710 2 51762 40 51842 40 51907 7 51923 6 51966 2 52018 40 52098 40 52162 8 52179 6 52222 2 52274 10 52286 28 52354 39 52418 8 52435 4 52477 3 52530 9 52542 28 52610 39 52674 8 52693 1 52733 3 52784 8 52797 29 52864 39 52929 9 52989 3 53038 9 53053 21 53075 7 53118 40 53185 9 53245 3 53292 13 53308 29 53370 43 53431 1 53441 9 53455 4 53502 2 53546 47 53624 43 53685 4 53697 8 53710 6 53759 1 53801 51 53879 44 53940 5 53955 4 53965 7 54057 52 54134 44 54191 10 54221 7 54313 53 54389 44 54446 11 54477 6 54569 53 54643 43 54700 13 54733 6 54825 53 54893 48 54954 14 54989 5 55081 53 55148 48 55209 15 55245 5 55338 52 55404 47 55465 15 55502 2 55594 51 55659 46 55720 15 55759 1 55772 4 55852 48 55916 43 55976 15 56015 1 56027 5 56055 3 56108 48 56172 42 56232 15 56271 4 56282 7 56309 8 56365 46 56427 43 56489 15 56526 20 56564 12 56622 18 56641 26 56683 42 56746 16 56781 21 56819 13 56878 16 56899 24 56939 41 57002 17 57037 21 57074 14 57136 14 57157 22 57195 41 57259 17 57293 22 57329 15 57370 3 57394 12 57413 22 57451 40 57515 18 57549 21 57584 16 57624 7 57651 10 57669 21 57707 39 57770 20 57806 20 57839 17 57880 7 57909 8 57924 14 57942 2 57963 15 57981 11 57994 7 58007 5 58026 21 58063 18 58095 17 58135 8 58166 6 58175 18 58220 12 58238 9 58261 8 58282 21 58321 14 58350 18 58392 6 58429 23 58477 12 58495 8 58516 9 58538 21 58578 11 58606 18 58650 1 58685 25 58735 10 58753 6 58771 10 58794 21 58835 8 58857 23 58924 3 58934 33 58992 9 59011 4 59025 12 59051 20 59094 3 59110 26 59137 3 59178 7 59189 34 59249 8 59280 13 59308 19 59357 3 59365 32 59434 45 59506 7 59534 15 59564 21 59613 4 59620 35 59689 47 59764 3 59788 18 59820 22 59869 28 59898 14 59945 47 60044 18 60075 23 60105 4 60125 28 60154 14 60201 46 60299 19 60330 25 60359 7 60381 27 60411 14 60457 46 60555 19 60585 38 60637 27 60668 13 60714 42 60811 20 60841 38 60889 30 60925 12 60970 42 61068 18 61097 40 61144 32 61184 9 61226 42 61324 18 61354 80 61440 9 61482 43 61580 18 61610 81 61696 9 61739 42 61837 16 61867 82 61952 8 61995 42 62094 15 62125 80 62208 7 62252 41 62351 13 62382 79 62467 2 62510 39 62608 11 62639 78 62743 4 62768 36 62864 10 62897 75 62998 5 63030 30 63120 10 63153 76 63253 6 63287 29 63322 1 63376 9 63400 4 63410 75 63508 7 63552 21 63575 6 63632 10 63654 8 63667 74 63762 9 63809 29 63885 13 63909 10 63924 73 64018 9 64066 29 64139 15 64165 10 64180 73 64274 8 64324 27 64372 9 64393 16 64420 12 64438 21 64461 48 64530 9 64574 33 64627 12 64648 17 64677 10 64695 19 64718 47 64787 10 64829 34 64881 16 64903 18 64933 10 64952 18 64974 48 65043 10 65085 34 65136 18 65158 18 65189 10 65208 17 65230 48 65299 4 65306 3 65341 32 65391 21 65414 18 65446 8 65465 14 65486 48
904357,138 11 162 9 179 28 243 6 393 12 417 11 435 29 499 5 649 11 673 11 690 31 755 5 904 11 929 11 946 32 1160 10 1185 11 1202 32 1416 9 1441 13 1458 33 1525 6 1672 8 1697 16 1714 33 1778 11 1929 7 1954 50 2033 14 2184 7 2210 50 2289 15 2438 9 2467 49 2544 16 2692 11 2724 48 2800 16 2947 13 2963 1 2984 43 3056 16 3202 19 3242 41 3312 16 3458 20 3499 39 3568 16 3715 19 3755 39 3824 16 3973 17 4001 2 4011 39 4081 15 4230 15 4255 5 4268 37 4337 15 4485 16 4510 6 4525 35 4593 15 4741 16 4766 7 4781 31 4849 15 4996 17 5021 8 5038 22 5104 16 5252 16 5277 8 5294 22 5360 16 5508 16 5533 9 5551 22 5615 17 5752 2 5764 16 5788 10 5808 30 5869 19 6007 4 6020 16 6044 9 6064 34 6124 20 6262 5 6276 16 6300 9 6318 5 6324 31 6380 20 6518 5 6532 16 6556 10 6573 18 6594 18 6636 20 6775 2 6788 15 6812 10 6828 9 6838 10 6851 18 6877 1 6892 20 7045 14 7069 9 7083 42 7131 4 7149 19 7302 13 7326 9 7338 43 7386 6 7407 17 7558 13 7584 53 7641 7 7664 16 7815 12 7843 50 7897 8 7920 16 8071 12 8099 50 8152 8 8176 16 8327 13 8355 50 8408 8 8433 15 8583 13 8611 50 8664 7 8689 15 8839 14 8867 49 8920 6 8945 15 9095 18 9122 50 9176 5 9201 15 9291 4 9350 19 9377 51 9433 3 9457 14 9545 7 9606 13 9633 51 9713 14 9800 9 9861 13 9890 51 9969 14 10055 10 10117 12 10146 54 10225 14 10309 18 10373 12 10403 55 10482 13 10565 20 10629 11 10660 55 10739 10 10820 22 10886 10 10925 47 10996 8 11076 22 11143 8 11183 46 11332 21 11400 6 11441 45 11588 21 11659 2 11705 38 11844 21 11962 39 12099 22 12174 2 12217 40 12354 23 12429 5 12472 42 12609 28 12685 7 12726 44 12865 29 12941 8 12981 46 13120 32 13198 8 13237 46 13375 33 13409 6 13454 9 13493 47 13630 42 13711 8 13749 48 13884 45 13937 6 13968 7 13981 2 14006 47 14138 50 14192 7 14224 8 14233 8 14263 47 14393 62 14481 18 14520 46 14649 61 14729 3 14736 19 14776 47 14905 59 14984 28 15033 46 15162 59 15240 28 15288 46 15418 60 15497 27 15544 46 15676 59 15755 25 15799 46 15934 59 16012 24 16055 45 16192 59 16268 23 16310 45 16449 58 16524 22 16566 45 16703 61 16780 22 16822 46 16958 63 17035 23 17078 49 17213 64 17291 23 17333 51 17469 65 17547 23 17589 52 17725 65 17804 22 17842 56 17981 65 18060 22 18097 57 18237 66 18317 19 18353 58 18493 67 18573 18 18608 59 18749 69 18830 15 18864 59 19005 76 19087 13 19120 58 19261 77 19344 12 19377 57 19517 77 19601 10 19634 56 19779 71 19858 9 19891 55 20035 71 20115 6 20137 3 20147 55 20291 72 20389 8 20403 55 20547 72 20643 10 20659 55 20803 72 20897 13 20916 54 21059 72 21152 14 21172 53 21316 70 21407 16 21428 52 21574 23 21601 41 21659 20 21685 50 21830 21 21858 39 21914 21 21943 47 22086 20 22114 37 22168 22 22202 13 22217 28 22342 18 22371 35 22423 22 22460 11 22473 23 22598 17 22627 33 22678 22 22718 8 22729 20 22856 3 22861 10 22884 33 22933 22 22975 7 22986 18 23118 9 23145 29 23189 10 23203 8 23232 5 23243 4 23249 9 23376 6 23402 28 23445 11 23459 7 23490 1 23504 9 23636 1 23658 9 23670 16 23701 11 23716 6 23760 7 23779 2 23915 6 23927 17 23951 18 23973 5 24014 9 24033 6 24152 2 24172 2 24183 17 24206 20 24229 4 24269 11 24289 7 24408 4 24440 16 24462 27 24524 13 24544 9 24664 5 24696 16 24717 29 24747 3 24771 1 24778 18 24800 10 24919 8 24960 8 24973 33 25025 4 25033 34 25086 2 25175 11 25217 7 25229 34 25280 6 25288 37 25341 3 25432 11 25473 7 25485 34 25536 45 25596 4 25688 12 25729 7 25742 32 25793 45 25851 5 25944 11 25985 7 25996 34 26049 46 26096 8 26105 7 26202 9 26221 3 26240 46 26306 62 26476 5 26497 46 26564 60 26732 5 26754 45 26820 60 26987 6 27010 46 27076 60 27216 1 27243 6 27266 46 27332 60 27471 4 27499 5 27523 46 27588 60 27726 6 27756 2 27781 45 27844 60 27982 6 28036 46 28100 60 28239 5 28278 6 28292 46 28345 4 28357 59 28532 7 28547 46 28600 6 28614 58 28786 9 28802 46 28856 6 28872 41 28916 12 29042 8 29057 47 29112 6 29128 39 29174 10 29297 9 29310 54 29368 5 29384 38 29430 10 29553 67 29625 2 29640 36 29687 9 29809 68 29895 36 29943 9 30065 68 30151 34 30195 13 30322 66 30407 32 30450 14 30579 70 30664 28 30705 15 30835 73 30920 26 30961 15 31091 75 31177 25 31216 16 31348 76 31434 23 31472 16 31604 76 31691 21 31727 17 31860 76 31948 20 31983 17 32115 77 32205 18 32239 17 32369 79 32463 5 32471 8 32495 17 32624 79 32728 7 32750 18 32879 80 32985 6 33005 19 33135 80 33242 4 33260 20 33388 83 33499 2 33515 21 33640 87 33771 21 33893 90 34027 21 34148 91 34283 21 34403 68 34475 21 34540 20 34657 66 34732 22 34796 20 34912 66 34988 23 35052 20 35167 65 35244 24 35308 20 35351 2 35422 58 35499 26 35563 21 35607 3 35677 59 35751 31 35819 21 35864 1 35933 59 36006 32 36075 21 36188 60 36262 33 36331 21 36444 61 36518 34 36588 20 36699 62 36774 35 36844 20 36890 1 36952 64 37030 35 37100 20 37144 5 37206 66 37287 34 37356 20 37399 10 37461 66 37544 33 37612 20 37654 11 37716 67 37801 31 37868 20 37910 12 37969 69 38058 29 38125 19 38147 2 38165 12 38224 70 38316 25 38381 19 38402 4 38421 12 38476 42 38519 31 38572 24 38639 17 38659 3 38676 13 38731 43 38775 31 38828 24 38896 16 38915 3 38931 13 38986 42 39031 31 39084 23 39152 16 39171 3 39187 13 39242 42 39287 31 39340 23 39409 15 39427 5 39442 14 39497 42 39543 31 39590 28 39665 15 39684 6 39698 14 39752 42 39799 31 39844 30 39921 15 39940 7 39954 15 40007 43 40055 32 40099 31 40178 14 40197 6 40210 15 40263 42 40311 32 40354 31 40434 14 40454 4 40467 14 40518 41 40567 32 40609 32 40691 13 40725 12 40773 42 40823 31 40864 33 40948 12 40988 5 41028 43 41078 31 41120 33 41205 11 41283 44 41334 29 41375 34 41462 10 41539 43 41589 28 41631 35 41717 11 41795 43 41845 26 41886 37 41973 11 42050 43 42101 26 42142 37 42229 11 42306 43 42357 5 42363 19 42398 37 42485 11 42562 42 42614 3 42621 20 42653 39 42741 11 42819 40 42877 16 42894 3 42909 40 42997 11 43075 39 43134 14 43151 8 43165 40 43253 11 43332 38 43390 14 43407 9 43421 42 43509 11 43589 36 43646 14 43663 9 43677 43 43766 10 43846 34 43902 26 43933 43 44022 10 44102 32 44158 26 44189 43 44278 10 44358 31 44414 8 44426 13 44445 43 44534 10 44614 31 44654 6 44668 8 44681 6 44702 39 44742 1 44789 11 44870 34 44905 12 44922 10 44937 7 44958 39 45044 12 45127 61 45192 9 45214 39 45299 13 45383 62 45448 10 45470 39 45555 13 45640 61 45704 10 45727 38 45810 14 45896 62 45960 11 45983 38 46066 14 46151 77 46240 37 46322 14 46407 82 46496 37 46578 14 46663 83 46753 36 46834 14 46919 83 47009 36 47090 3 47096 8 47176 82 47264 37 47352 8 47371 2 47432 83 47518 39 47607 9 47627 2 47689 125 47857 4 47862 10 47882 4 47946 124 48113 15 48139 4 48149 5 48202 90 48296 30 48368 16 48395 5 48403 8 48459 88 48553 29 48624 16 48651 16 48715 87 48811 25 48880 16 48907 16 48971 85 49068 20 49136 16 49162 18 49227 84 49326 15 49393 15 49417 19 49482 85 49585 10 49649 15 49673 20 49738 85 49840 10 49906 14 49929 20 49955 2 49995 84 50096 9 50162 14 50185 21 50212 1 50252 84 50351 9 50418 14 50442 21 50468 1 50509 83 50607 8 50675 13 50699 20 50724 1 50765 84 50864 7 50932 12 50957 18 51021 86 51121 4 51188 12 51216 15 51276 46 51324 40 51444 12 51473 13 51531 14 51547 25 51573 5 51581 40 51700 12 51727 15 51787 13 51803 31 51837 41 51956 12 51983 15 52043 13 52059 32 52094 41 52212 12 52239 17 52299 13 52313 33 52355 37 52468 12 52494 18 52555 46 52611 38 52724 12 52750 19 52811 43 52868 37 52981 11 53007 19 53068 42 53124 38 53239 9 53263 20 53324 48 53380 42 53496 8 53519 21 53582 47 53636 43 53752 8 53775 28 53839 46 53892 44 54008 8 54031 29 54095 45 54148 44 54263 9 54286 30 54352 44 54404 47 54518 10 54542 31 54582 4 54611 41 54661 47 54773 11 54797 33 54836 7 54868 41 54917 47 55028 12 55052 35 55091 8 55124 41 55173 47 55283 13 55307 37 55345 11 55379 43 55429 47 55539 13 55562 50 55635 43 55686 8 55696 36 55795 13 55819 49 55891 43 55943 7 55951 37 56051 13 56075 48 56147 7 56155 35 56200 4 56207 38 56307 13 56331 47 56404 6 56411 36 56462 39 56563 13 56587 46 56661 43 56718 39 56820 12 56843 45 56916 47 56972 42 57077 11 57100 43 57172 99 57333 11 57356 42 57428 100 57590 10 57612 42 57683 101 57847 9 57867 42 57938 102 58103 9 58117 48 58193 103 58359 9 58372 48 58449 103 58614 10 58628 10 58639 35 58704 104 58869 11 58884 10 58896 34 58960 104 59122 14 59140 10 59153 32 59196 3 59215 105 59377 15 59396 10 59409 32 59451 6 59466 1 59469 107 59633 15 59651 12 59665 32 59705 9 59718 115 59889 15 59907 14 59922 31 59961 128 60145 15 60163 14 60179 29 60217 128 60401 15 60418 15 60435 29 60473 122 60598 2 60657 15 60674 14 60691 29 60729 113 60913 15 60930 14 60947 29 60985 113 61169 15 61186 14 61203 29 61241 113 61425 15 61443 45 61497 112 61681 15 61703 40 61753 111 61936 16 61960 40 62008 111 62192 16 62216 41 62264 110 62448 16 62472 18 62494 19 62519 112 62704 16 62728 17 62752 16 62774 113 62907 2 62961 15 62984 18 63008 136 63162 4 63218 14 63240 23 63264 136 63417 6 63475 13 63497 159 63674 5 63731 13 63754 22 63777 135 63931 3 63988 12 64011 20 64035 133 64244 12 64268 19 64293 130 64501 11 64525 19 64550 128 64762 6 64782 19 64809 124 65021 3 65039 19 65068 121 65279 1 65296 18 65324 70 65395 49
905849,0 65536
907141,0 23 69 6 87 3 91 14 134 30 170 19 213 26 256 24 325 6 342 20 390 30 427 17 468 27 512 24 582 4 596 22 647 29 683 17 724 26 768 6 775 18 838 4 850 26 904 5 913 18 940 15 980 24 1024 26 1105 27 1169 18 1196 14 1236 23 1280 27 1361 27 1426 17 1453 12 1492 22 1536 28 1616 29 1683 15 1709 10 1749 21 1792 31 1872 29 1940 4 1946 8 1966 8 2005 20 2048 31 2127 30 2203 7 2223 7 2262 16 2304 32 2383 30 2459 7 2480 5 2519 12 2560 32 2640 29 2715 7 2776 9 2816 32 2896 29 2972 6 3034 5 3072 32 3152 28 3229 4 3328 32 3390 2 3407 28 3584 32 3646 2 3663 9 3673 17 3840 32 3919 6 3991 9 4096 32 4175 6 4246 11 4352 32 4431 6 4502 13 4608 33 4687 6 4757 18 4864 34 4943 6 5014 18 5120 34 5200 4 5270 19 5376 35 5456 5 5526 20 5632 35 5694 4 5712 5 5729 2 5782 20 5888 34 5949 6 5969 8 5984 4 6038 20 6097 3 6102 5 6144 33 6203 9 6220 15 6239 6 6296 19 6352 12 6400 33 6457 11 6473 28 6553 18 6608 12 6656 19 6679 7 6712 45 6809 18 6854 3 6863 14 6912 17 6938 2 6968 30 6999 11 7065 19 7109 35 7168 16 7223 28 7255 8 7284 8 7320 20 7365 37 7424 15 7479 27 7512 6 7540 8 7574 22 7620 41 7680 14 7734 27 7768 5 7796 8 7830 22 7876 42 7936 13 7990 27 8026 2 8052 8 8086 21 8132 43 8191 14 8246 27 8308 8 8342 20 8388 43 8448 12 8497 31 8537 4 8565 7 8599 18 8624 4 8645 45 8704 12 8752 32 8792 5 8822 5 8855 17 8878 7 8892 5 8901 52 8960 12 9007 33 9050 3 9112 16 9132 10 9147 30 9178 35 9216 12 9262 34 9368 15 9387 12 9402 30 9435 48 9517 35 9625 15 9642 13 9657 31 9691 48 9773 35 9881 63 9947 48 10029 34 10137 30 10169 31 10204 47 10285 34 10356 1 10393 30 10426 31 10460 48 10541 33 10609 8 10649 30 10681 33 10716 48 10797 33 10862 12 10905 66 10972 48 11053 33 11118 13 11148 4 11160 67 11230 46 11310 32 11373 14 11402 8 11413 71 11487 44 11565 34 11604 9 11628 15 11656 84 11743 44 11820 50 11883 16 11911 85 12000 43 12074 52 12139 16 12166 87 12256 42 12326 56 12394 17 12422 87 12512 42 12579 59 12650 16 12678 132 12835 58 12906 16 12933 132 13091 57 13162 15 13190 131 13347 56 13418 14 13446 130 13603 46 13677 9 13702 130 13858 46 13937 4 13958 130 14112 47 14193 4 14214 130 14367 47 14448 4 14464 43 14508 92 14622 48 14701 6 14719 137 14878 47 14956 5 14974 139 15133 47 15211 7 15230 139 15388 48 15467 7 15486 139 15642 50 15723 8 15742 32 15777 104 15896 52 15979 9 15997 31 16034 107 16150 56 16235 9 16253 31 16290 174 16465 4 16491 9 16508 31 16546 181 16742 14 16764 220 16996 17 17019 221 17252 17 17275 221 17508 18 17531 221 17764 18 17787 221 18020 18 18043 222 18276 18 18300 222 18532 19 18556 223 18788 19 18812 224 19044 19 19068 224 19302 16 19324 224 19560 13 19580 225 19816 12 19836 225 20072 11 20092 225 20328 11 20347 227 20584 10 20603 108 20714 135 20855 112 20971 132 21110 113 21228 130 21365 116 21483 130 21621 249 21877 250 22133 251 22390 251 22647 250 22904 250 23161 3 23165 207 23373 37 23418 209 23630 36 23674 209 23885 37 23932 206 24141 37 24188 206 24395 39 24444 206 24651 39 24700 206 24907 39 24956 206 25163 39 25212 206 25419 38 25467 205 25675 38 25723 205 25931 38 25979 205 26187 39 26235 250 26492 250 26749 250 27005 250 27262 250 27518 250 27775 249 28026 1 28031 249 28281 4 28294 242 28537 4 28551 241 28794 2 28808 240 29065 239 29314 3 29321 239 29569 7 29577 239 29823 4200 34024 254 34281 254 34538 253 34792 9653 44446 250 44703 248 44960 247 45216 30 45249 214 45472 29 45508 6 45516 202 45728 29 45775 191 45969 3 45984 29 46034 188 46241 28 46297 182 46498 26 46553 184 46755 23 46809 184 47013 4 47022 10 47065 184 47280 6 47321 184 47538 2 47577 183 47834 36 47872 138 48091 20 48114 9 48128 136 48348 30 48384 128 48604 31 48640 128 48773 2 48860 34 48896 128 49026 7 49115 176 49371 177 49627 179 49863 13 49882 181 50118 16 50138 182 50372 20 50394 182 50627 205 50872 7 50882 207 51127 218 51382 219 51637 139 51783 75 51888 22 51915 117 52042 10 52058 57 52142 23 52174 115 52301 4 52315 57 52387 33 52431 115 52571 57 52642 34 52687 115 52808 3 52828 57 52898 33 52943 115 53063 4 53084 57 53154 29 53200 113 53318 7 53340 57 53410 26 53457 112 53574 8 53596 58 53657 35 53720 106 53829 9 53853 95 53978 104 54085 9 54109 95 54217 1 54235 115 54365 95 54470 6 54491 114 54622 94 54724 9 54747 113 54876 95 54980 10 55003 112 55118 1 55127 93 55235 11 55258 216 55491 12 55514 215 55748 10 55769 215 56005 8 56025 214 56263 5 56280 219 56537 220 56793 221 57050 220 57306 220 57563 219 57819 219 58075 219 58331 218 58587 218 58842 220 59069 5 59098 220 59324 9 59353 222 59580 10 59609 222 59835 11 59864 224 60091 11 60120 225 60346 11 60376 235 60631 235 60885 237 61140 237 61395 238 61651 238 61906 240 62162 29 62194 209 62418 27 62451 208 62674 26 62708 208 62930 26 62964 209 63186 26 63221 209 63442 26 63478 209 63698 26 63735 209 63953 27 63993 208 64209 27 64251 1 64256 202 64464 27 64512 204 64720 27 64768 206 64976 26 65024 185 65212 19 65232 25 65280 168 65451 12 65468 19 65490 23
919234,0 7056 7058 251 7318 246 7577 43 7624 195 7834 40 7882 192 8091 39 8139 189 8347 40 8396 186 8603 43 8653 183 8859 45 8910 183 9114 47 9166 184 9370 48 9422 187 9627 48 9677 190 9883 241 10140 240 10397 240 10654 239 10899 3 10910 239 11154 5 11165 240 11409 7 11420 240 11665 8 11676 4 11682 234 11921 8 11931 4 11939 233 12176 8 12188 2 12194 234 12431 9 12445 82 12531 153 12686 10 12700 85 12787 165 12956 87 13044 2105 15155 23 15179 226 15413 17 15438 224 15670 15 15695 223 15927 13 15952 223 16183 14 16209 223 16438 6 16447 8 16465 248 16721 249 16977 602 17584 255 17844 251 18100 253 18358 251 18615 251 18871 251 19127 251 19383 251 19640 250 19897 249 20155 248 20412 247 20669 248 20926 250 21182 251 21438 252 21694 65 21760 524 22286 252 22543 251 22798 253 23053 250 23308 244 23553 4 23563 245 23819 245 24075 245 24331 245 24588 244 24844 244 25100 244 25356 244 25613 243 25869 184 26057 55 26126 182 26315 53 26381 182 26571 53 26637 181 26827 53 26893 182 27083 53 27149 182 27339 53 27405 182 27595 53 27661 182 27851 53 27917 182 28108 52 28173 182 28364 52 28428 183 28620 52 28684 183 28877 51 28939 183 29134 53 29194 184 29390 55 29449 185 29646 244 29902 244 30158 244 30414 244 30671 243 30927 243 31183 243 31439 243 31694 243 31950 243 32203 246 32457 249 32713 249 32969 249 33225 249 33482 247 33739 245 33996 243 34252 242 34508 242 34763 242 35019 242 35264 4 35274 241 35519 7 35529 240 35774 249 36028 128 36157 122 36284 125 36415 121 36539 127 36673 119 36795 12 36810 114 36931 117 37050 12 37067 114 37188 116 37307 10 37323 116 37443 116 37563 10 37579 117 37698 117 37819 10 37834 128 37965 107 38076 9 38090 126 38221 107 38332 9 38346 118 38465 6 38476 108 38588 8 38602 118 38721 5 38731 108 38844 8 38858 124 38987 107 39100 7 39114 124 39243 107 39356 6 39370 123 39499 99 39602 2 39610 8 39626 124 39755 98 39860 13 39882 126 40012 97 40114 14 40138 228 40369 17 40394 79 40476 167 40651 77 40733 167 40908 73 40990 167 41165 66 41246 168 41421 66 41503 167 41678 64 41751 3 41759 167 41933 64 42006 5 42015 167 42189 64 42262 6 42271 167 42443 65 42518 6 42529 165 42696 62 42773 7 42786 227 43028 8 43043 227 43283 10 43299 229 43538 12 43555 230 43793 14 43811 9891 53704 255 53960 3367 57328 251 57584 231 57817 16 57841 230 58074 14 58097 229 58331 13 58353 228 58588 10 58609 227 58845 8 58864 227 59101 9 59120 222 59358 9 59377 179 59560 36 59615 8 59633 177 59817 35 59871 8 59889 177 60074 34 60127 8 60146 175 60331 20 60354 10 60383 8 60403 174 60587 21 60611 9 60640 6 60659 174 60843 21 60867 8 60897 4 60916 173 61099 21 61123 7 61173 172 61354 22 61379 6 61431 169 61609 23 61637 2 61690 165 61865 23 61905 3 61946 165 62121 23 62160 4 62202 165 62377 23 62415 5 62459 18 62478 145 62633 23 62671 5 62715 17 62735 147 62890 22 62927 4 62972 167 63147 21 63183 3 63232 164 63405 19 63439 3 63488 164 63663 16 63696 1 63744 164 63922 11 64000 163 64207 4 64256 162 64462 6 64512 163 64717 7 64768 164 64935 4 64969 11 65024 164 65225 11 65280 165 65485 6
925045,0 65536
927607,128 5 146 6 178 4 188 13 208 8 384 5 402 6 436 2 445 14 465 7 639 7 658 6 703 14 720 7 774 5 893 9 915 5 960 20 1029 6 1148 10 1172 3 1216 20 1283 9 1404 9 1471 21 1538 10 1660 9 1726 23 1793 10 1916 10 1982 23 2049 10 2172 10 2237 24 2306 7 2428 10 2493 24 2563 5 2684 10 2749 24 2941 11 3006 23 3197 12 3263 21 3351 3 3454 12 3520 8 3531 9 3607 4 3716 6 3778 5 3788 9 3864 1 3973 5 4036 2 4044 9 4230 3 4251 2 4301 7 4506 4 4556 7 4762 4 4813 5 5019 2 5115 5 5370 6 5626 6 5882 6 7614 2 7869 4 8125 3 8378 4 8631 7 8886 8 9113 4 9141 10 9367 7 9395 12 9622 8 9650 14 9877 10 9905 15 10133 10 10161 15 10389 10 10416 16 10645 11 10672 16 10881 4 10901 11 10928 16 11136 6 11156 14 11185 14 11392 7 11411 18 11442 13 11648 7 11667 19 11700 10 11904 8 11922 22 11960 6 12160 8 12178 22 12217 5 12416 14 12434 23 12474 3 12674 13 12689 24 12721 5 12935 8 12945 25 12976 6 13193 7 13201 25 13231 8 13449 7 13457 24 13487 9 13706 8 13715 21 13742 10 13963 7 13971 8 13984 6 13998 10 14218 8 14229 4 14254 9 14450 2 14474 8 14511 8 14706 3 14730 8 14767 7 14985 8 15023 7 15242 8 15280 4 15498 10 15754 10 16011 9 16268 8 16525 6 16782 4 16828 6 17083 8 17304 1 17339 10 17557 6 17595 15 17812 9 17851 16 18067 11 18107 16 18324 10 18363 17 18580 10 18619 17 18837 10 18875 20 19095 10 19132 23 19351 12 19388 24 19608 12 19644 26 19864 12 19900 24 20121 12 20157 23 20377 12 20414 21 20633 12 20670 21 20888 13 20927 19 21143 14 21170 3 21184 4 21191 10 21398 15 21426 4 21653 16 21681 6 21909 16 21935 8 22165 15 22190 9 22421 15 22446 9 22678 15 22702 9 22934 15 22959 9 23190 16 23215 9 23447 14 23472 8 23705 5 23714 2 23728 8 23986 6 24243 5 24500 4 31432 3 31687 5 31942 6 32198 7 32453 8 32708 9 32956 3 32964 8 33211 6 33218 10 33289 3 33299 4 33467 17 33544 5 33553 6 33722 18 33797 19 33978 18 34052 20 34234 19 34307 21 34490 21 34561 24 34591 4 34606 5 34746 22 34816 27 34845 8 34860 11 35002 23 35072 38 35115 17 35258 23 35328 38 35370 19 35514 24 35584 62 35770 24 35840 62 36027 23 36096 62 36284 22 36352 62 36540 18 36608 62 36796 17 36864 61 37052 17 37120 62 37308 16 37376 63 37563 17 37632 65 37819 17 37888 67 38074 17 38144 68 38330 17 38400 69 38585 18 38656 69 38841 18 38912 68 39096 20 39171 64 39352 19 39431 60 39608 19 39687 59 39864 19 39943 59 40121 18 40198 59 40377 18 40451 61 40634 17 40706 61 40891 15 40962 60 41149 13 41219 59 41405 11 41476 58 41659 3 41664 4 41733 56 41915 3 41950 2 41990 55 42205 4 42247 54 42461 4 42501 56 42717 4 42753 49 42805 7 42975 1 43008 48 43063 4 43264 46 43320 2 43520 44 43776 42 43964 4 44032 39 44217 8 44288 34 44471 10 44544 32 44726 11 44800 28 44981 12 45056 23 45237 11 45312 7 45321 13 45493 11 45568 6 45577 11 45749 9 45824 5 45833 7 46007 5 46080 5 46090 4 46336 4 46592 3 46679 4 46848 2 46933 7 47186 10 47439 14 47694 16 47949 17 48040 7 48139 5 48205 19 48295 12 48394 7 48460 21 48551 13 48650 8 48716 22 48807 14 48906 8 48972 22 49062 15 49162 8 49227 23 49318 14 49418 8 49480 27 49574 14 49673 9 49732 30 49831 13 49927 12 49987 31 50087 14 50111 3 50182 15 50224 1 50238 37 50344 12 50367 4 50437 16 50478 3 50494 36 50578 2 50602 10 50623 5 50692 18 50734 1 50749 37 50833 5 50862 5 50878 6 50947 19 51005 36 51073 3 51088 8 51134 6 51203 19 51261 35 51327 26 51390 6 51459 19 51517 35 51572 1 51582 28 51646 6 51715 19 51773 35 51838 28 51902 5 51970 20 52023 41 52094 29 52159 3 52225 21 52278 42 52346 34 52480 22 52533 42 52599 37 52644 4 52736 22 52789 39 52851 42 52898 8 52992 22 53045 37 53107 42 53153 10 53248 21 53300 37 53355 64 53504 21 53556 35 53608 67 53760 20 53812 37 53863 69 54016 18 54068 37 54118 71 54272 17 54324 32 54373 75 54528 17 54580 30 54628 77 54784 15 54836 29 54883 81 55040 3 55045 8 55092 27 55139 82 55296 3 55301 6 55348 26 55394 83 55552 3 55557 4 55604 25 55649 84 55808 3 55813 4 55860 25 55903 86 56064 8 56117 23 56152 92 56320 8 56362 1 56374 21 56407 94 56576 9 56615 11 56633 18 56658 99 56832 9 56870 13 56890 19 56913 100 57088 10 57125 14 57146 123 57344 11 57381 14 57403 122 57601 10 57631 21 57665 115 57815 1 57859 9 57886 22 57921 113 58070 2 58115 9 58141 23 58177 112 58326 3 58373 7 58397 23 58434 109 58629 8 58653 23 58690 107 58886 8 58908 24 58947 15 58963 89 59142 15 59164 24 59203 14 59220 86 59397 18 59419 25 59459 13 59477 77 59557 4 59652 21 59674 27 59716 11 59734 75 59815 1 59862 4 59907 50 59973 3 59988 76 60116 7 60163 49 60242 77 60329 4 60371 9 60409 3 60417 51 60497 77 60584 6 60599 2 60626 10 60672 52 60752 73 60840 8 60854 5 60882 10 60928 52 60997 4 61007 73 61095 9 61108 10 61120 3 61138 10 61184 52 61252 8 61261 73 61350 29 61393 12 61440 52 61508 81 61605 30 61649 12 61696 52 61763 82 61860 30 61905 12 61952 51 62020 83 62116 30 62161 12 62208 50 62276 84 62371 30 62418 11 62464 48 62532 85 62627 29 62675 9 62711 1 62720 47 62789 84 62883 28 62931 8 62967 1 62976 46 63046 84 63139 29 63188 5 63232 46 63303 83 63395 29 63446 2 63488 45 63559 82 63651 30 63744 44 63816 80 63908 30 64000 42 64071 80 64164 29 64256 40 64327 78 64428 21 64512 39 64572 4 64578 84 64684 20 64753 4 64768 38 64827 81 64910 8 64940 20 64999 4 65009 8 65024 37 65082 81 65168 6 65195 21 65254 7 65265 8 65280 35 65338 30 65371 48 65427 2 65451 21 65509 9 65521 9
927691,0 84 88 252 345 251 601 250 855 249 1110 249 1366 248 1618 1254 2878 7 2887 239 3143 22 3167 213 3399 21 3424 211 3655 21 3684 205 3910 24 3941 203 4166 24 4198 203 4423 22 4454 203 4679 21 4710 196 4907 6 4935 19 4967 5 4973 189 5192 16 5230 188 5448 15 5488 8 5497 177 5704 12 5745 6 5755 176 5961 9 6001 6 6011 177 6219 6 6248 1 6257 6 6267 178 6476 3 6490 1 6504 1 6512 7 6524 177 6746 1 6760 1 6767 10 6781 176 7002 1 7022 191 7258 1 7277 191 7532 192 7787 192 8042 192 8298 8 8309 180 8555 5 8565 179 8812 3 8821 179 9078 177 9336 176 9593 175 9837 2 9849 176 10105 176 10342 5 10361 177 10598 5 10617 13 10631 163 10854 6 10873 13 10887 164 11110 6 11131 176 11366 6 11387 178 11622 6 11642 182 11878 6 11897 184 12134 7 12152 186 12390 205 12646 206 12889 3 12901 207 13145 4 13156 209 13401 4 13412 209 13656 8 13667 210 13880 6 13909 225 14135 8 14163 238 14412 246 14666 250 14919 11222 26150 247 26405 248 26661 248 26917 248 27172 254 27427 1390 28820 252 29077 249 29334 247 29590 246 29845 246 30100 246 30356 244 30612 241 30867 37 30907 201 31123 25 31150 9 31164 199 31379 21 31407 7 31421 197 31635 21 31663 8 31677 197 31880 4 31891 21 31919 9 31933 197 32135 8 32147 21 32174 10 32189 196 32390 11 32404 19 32430 11 32446 194 32646 34 32685 12 32702 192 32902 19 32925 13 32941 12 32958 186 33158 19 33181 12 33197 12 33215 184 33414 20 33437 10 33454 11 33474 181 33671 19 33694 7 33711 9 33731 180 33929 17 33951 3 33967 8 33987 179 34187 14 34224 7 34243 178 34444 5 34451 5 34481 5 34499 177 34739 2 34755 174 35012 172 35270 168 35527 167 35784 166 36039 167 36294 168 36503 9 36548 170 36759 10 36803 84 36890 57 36953 20 37015 12 37057 79 37147 55 37211 18 37272 12 37312 79 37404 54 37469 7 37478 5 37531 9 37567 79 37660 54 37726 4 37736 2 37788 9 37823 79 37916 54 38045 9 38078 81 38172 53 38302 13 38334 81 38428 53 38560 12 38590 83 38682 54 38818 11 38846 145 39075 10 39102 145 39332 10 39359 143 39588 11 39616 142 39845 10 39872 141 40102 9 40128 140 40359 9 40383 142 40615 166 40871 124 41003 34 41127 122 41258 34 41383 122 41513 35 41638 123 41769 35 41893 125 42024 37 42147 128 42279 42 42401 179 42656 181 42911 183 43165 185 43420 187 43675 189 43930 191 44185 193 44440 195 44693 200 44945 206 45198 210 45453 213 45709 215 45964 219 46220 220 46475 223 46721 5 46730 227 46960 6 46974 252 47228 10099 57330 252 57587 223 57815 22 57844 222 58072 7 58084 8 58104 218 58329 4 58341 5 58360 219 58598 3 58616 219 58855 1 58873 221 59129 223 59386 223 59642 223 59898 224 60154 225 60411 225 60668 225 60925 226 61183 225 61440 224 61696 224 61952 224 62208 224 62455 1 62464 222 62711 2 62720 184 62910 31 62967 3 62976 181 63168 28 63232 179 63424 28 63488 179 63680 27 63744 179 63936 26 64000 176 64193 18 64256 176 64457 8 64512 175 64714 6 64768 174 65024 174 65280 174
933048,59 11 136 42 203 6 314 13 391 44 458 7 570 13 646 46 713 8 825 15 900 48 969 9 982 7 1082 14 1152 53 1224 10 1236 10 1339 12 1406 56 1480 22 1597 10 1662 56 1737 21 1854 8 1918 57 1994 7 2002 11 2111 6 2174 57 2251 4 2260 8 2368 4 2431 56 2517 7 2687 55 2878 3 2943 54 3134 3 3199 44 3244 7 3390 3 3455 40 3711 25 3740 10 3968 24 3996 9 4224 24 4253 8 4481 24 4509 7 4738 24 4764 8 4994 34 5250 33 5507 33 5763 35 6020 35 6277 34 6535 32 6792 31 7051 27 7308 26 7565 24 7822 16 8077 17 8332 17 8562 2 8565 4 8587 20 8817 11 8842 21 9073 13 9098 16 9330 13 9353 15 9586 14 9610 13 9842 14 9866 6 10099 14 10124 2 10356 13 10613 11 10870 9 11129 4 61802 2 61827 2 62058 4 62080 5 62313 6 62334 7 62367 4 62569 6 62588 9 62614 5 62621 7 62825 6 62843 10 62868 18 63082 4 63096 13 63122 20 63338 3 63351 14 63377 22 63407 1 63607 14 63633 22 63661 4 63863 13 63888 23 63916 6 64119 12 64145 24 64171 7 64376 9 64401 32 64632 8 64647 3 64658 31 64889 5 64902 5 64915 28 65158 4 65171 25 65414 4 65427 23
938416,21 16 278 14 534 14 791 11 1049 5 12031 1 12287 1 12543 1 12799 1 13823 1 14078 2 14333 3 14589 3 14845 3 15100 4 15341 9 15356 4 15595 12 15610 6 15850 22 16104 24 16359 25 16615 25 16871 25 17127 25 17383 25 17640 24 17896 24 18153 23 18409 23 18658 5 18666 22 18909 12 18922 22 19165 35 19421 35 19676 36 19926 42 20181 43 20436 44 20691 45 20946 46 21201 47 21457 47 21713 47 21970 46 22226 46 22483 45 22739 45 22995 45 23251 45 23507 45 23763 45 24020 44 24276 44 24532 44 24788 44 25045 40 25301 39 25558 37 25815 36 26070 37 26277 3 26325 38 26532 6 26578 41 26787 8 26833 42 26879 1 27042 9 27086 47 27135 1 27298 10 27341 50 27553 11 27596 51 27809 11 27851 52 28065 11 28107 52 28321 11 28338 4 28364 52 28578 10 28593 5 28620 52 28835 8 28848 6 28876 52 29093 5 29104 6 29133 51 29360 5 29391 49 29616 5 29648 48 29874 1 29904 48 30113 3 30160 47 30368 4 30415 45 30624 4 30646 1 30670 39 30880 3 30899 6 30926 39 31154 8 31181 40 31407 11 31436 42 31486 2 31661 15 31690 44 31741 3 31916 18 31944 46 31996 4 32171 21 32200 46 32252 4 32426 22 32456 46 32508 4 32680 25 32712 46 32763 5 32929 32 32968 46 33018 6 33184 33 33224 47 33273 7 33439 35 33481 55 33696 35 33738 54 33953 36 33995 35 34033 15 34209 36 34251 35 34290 14 34461 41 34507 34 34546 14 34716 42 34763 34 34803 13 34972 42 35019 34 35060 12 35228 42 35274 36 35317 11 35484 42 35530 37 35574 10 35740 42 35785 38 35831 9 35997 83 36088 8 36253 84 36344 8 36510 83 36601 7 36766 7 36776 75 36857 7 37024 5 37033 75 37114 6 37280 6 37289 77 37370 6 37526 2 37536 87 37626 6 37780 7 37792 88 37882 6 38035 9 38048 89 38140 4 38290 10 38304 90 38396 4 38545 11 38559 91 38652 4 38799 13 38814 93 38908 4 39054 14 39070 98 39309 115 39564 116 39819 117 40075 117 40331 117 40587 117 40844 18 40864 96 41101 15 41121 95 41358 13 41378 94 41634 94 41890 94 42146 94 42401 95 42657 40 42702 50 42912 40 42960 48 43168 40 43216 11 43228 36 43423 41 43474 7 43485 22 43508 12 43678 42 43731 5 43741 21 43765 11 43934 41 43988 3 43998 20 44022 10 44189 42 44245 1 44254 11 44266 7 44278 10 44444 42 44510 11 44522 8 44533 11 44700 41 44767 33 44955 40 45024 32 45211 34 45280 32 45466 35 45536 32 45722 36 45769 6 45793 31 45977 37 46023 9 46049 31 46233 37 46277 13 46305 31 46489 27 46518 7 46532 16 46561 31 46746 26 46776 4 46788 18 46817 31 47002 26 47044 26 47073 31 47259 25 47299 61 47515 25 47555 61 47771 25 47811 61 48027 25 48067 61 48283 25 48323 61 48531 1 48540 24 48578 62 48796 23 48834 62 49053 22 49089 63 49309 22 49344 64 49565 21 49599 65 49821 21 49854 66 50077 10 50094 3 50110 66 50334 8 50365 67 50592 5 50621 67 50876 68 51131 69 51385 71 51638 74 51894 74 52149 75 52363 7 52405 42 52450 30 52615 12 52661 41 52706 30 52868 16 52917 40 52963 29 53122 19 53173 40 53220 28 53377 21 53429 39 53475 29 53632 23 53685 38 53731 29 53888 24 53941 37 53987 29 54144 24 54197 29 54229 4 54243 29 54400 24 54454 26 54500 28 54656 25 54683 4 54693 4 54710 25 54758 26 54911 33 54947 7 54967 22 55016 24 55163 48 55225 15 55277 19 55416 53 55481 14 55532 20 55670 57 55738 13 55787 21 55923 62 55994 13 56042 22 56178 65 56248 14 56296 24 56434 76 56511 8 56551 25 56689 76 56769 6 56806 26 56945 77 57027 5 57062 26 57201 77 57284 4 57318 26 57456 78 57540 4 57574 26 57712 78 57796 4 57830 26 57967 89 58086 26 58223 89 58341 27 58479 90 58597 27 58735 91 58852 28 58990 93 59108 28 59196 5 59246 93 59363 29 59450 8 59465 2 59503 93 59619 29 59704 10 59719 5 59760 93 59875 29 59958 12 59974 7 60017 92 60131 29 60162 6 60214 12 60230 8 60274 91 60387 40 60470 12 60486 8 60531 90 60642 42 60726 12 60741 10 60787 90 60897 47 60983 23 61044 88 61153 27 61184 17 61240 20 61300 88 61409 25 61440 18 61497 18 61556 87 61664 18 61696 19 61754 17 61812 85 61920 17 61952 20 62011 16 62068 84 62175 17 62208 21 62268 15 62323 83 62431 17 62464 22 62524 15 62579 82 62687 17 62720 22 62781 14 62835 75 62942 18 62976 23 63039 12 63091 74 63198 19 63232 23 63298 9 63348 72 63454 20 63488 24 63554 9 63605 70 63711 20 63744 24 63810 9 63862 69 63967 21 64000 28 64035 8 64066 10 64119 67 64224 20 64256 30 64289 11 64318 14 64358 3 64376 60 64472 3 64481 20 64512 44 64573 18 64613 7 64630 61 64726 6 64737 20 64768 44 64828 20 64867 10 64885 62 64981 8 64993 20 65024 44 65084 20 65123 11 65141 62 65236 9 65249 19 65280 45 65341 5 65349 12 65378 12 65396 15 65415 44 65492 9 65504 19
942725,0 8 17 17 85 11 155 42 256 7 273 18 341 11 411 41 512 7 528 19 596 12 667 40 768 6 784 19 851 12 923 40 1024 4 1039 20 1107 12 1179 40 1295 20 1362 12 1435 39 1550 21 1618 12 1692 38 1806 20 1874 11 1949 36 2062 20 2131 9 2206 34 2319 18 2388 7 2463 33 2575 17 2645 4 2721 31 2832 16 2978 29 3088 16 3235 28 3269 2 3345 15 3491 28 3523 5 3553 2 3601 15 3681 4 3747 27 3778 6 3807 6 3858 14 3935 7 4003 26 4032 8 4062 9 4114 14 4190 9 4258 27 4287 9 4317 12 4371 12 4445 11 4512 5 4523 16 4542 12 4567 2 4570 23 4628 11 4701 11 4767 6 4779 15 4798 15 4822 30 4884 12 4958 12 5023 6 5036 14 5054 19 5077 34 5139 14 5214 13 5279 6 5293 12 5310 58 5395 15 5470 13 5535 6 5558 5 5566 60 5651 15 5726 13 5792 4 5816 66 5907 16 5983 12 6073 66 6163 16 6240 4 6246 4 6329 67 6419 16 6585 69 6674 16 6841 71 6928 17 7096 72 7184 14 7351 73 7439 13 7604 76 7690 2 7695 13 7859 77 7946 18 8036 3 8114 78 8202 18 8276 7 8288 8 8300 5 8363 1 8370 78 8458 19 8530 12 8543 9 8555 7 8617 5 8624 80 8717 16 8785 13 8799 9 8810 12 8873 87 8976 14 9040 14 9055 8 9067 13 9081 4 9108 3 9129 87 9232 14 9296 14 9312 7 9323 20 9363 4 9385 87 9488 14 9551 14 9568 33 9618 5 9642 86 9735 4 9743 16 9807 13 9824 12 9837 22 9874 5 9898 86 9991 5 9999 16 10036 2 10063 12 10080 37 10156 84 10247 6 10255 16 10291 4 10318 12 10335 45 10418 78 10503 24 10547 4 10575 10 10590 47 10676 76 10760 11 10774 9 10803 4 10831 10 10846 47 10934 63 10998 10 11017 10 11029 10 11060 1 11088 9 11102 47 11190 74 11273 8 11285 11 11345 7 11358 47 11446 59 11507 13 11540 17 11567 6 11602 6 11614 47 11702 57 11762 14 11796 18 11821 8 11837 13 11859 4 11871 45 11958 56 12017 15 12052 18 12077 9 12091 17 12127 45 12214 55 12273 15 12308 19 12332 34 12383 44 12471 54 12529 15 12564 19 12587 38 12639 43 12728 52 12785 15 12819 64 12895 40 12985 7 12995 39 13040 16 13075 65 13150 40 13242 6 13253 37 13294 18 13330 67 13406 39 13499 4 13510 58 13585 69 13662 39 13767 57 13840 71 13918 38 14024 56 14095 72 14174 38 14280 56 14350 73 14429 38 14536 56 14606 72 14685 38 14793 57 14861 72 14940 38 15050 57 15117 70 15196 38 15308 56 15372 66 15452 37 15565 56 15628 66 15708 36 15822 57 15883 66 15965 10 15977 21 16083 122 16221 10 16234 20 16339 121 16478 9 16492 17 16595 123 16734 9 16749 15 16852 110 16963 7 16971 3 16990 9 17007 13 17108 16 17125 91 17219 10 17247 8 17266 7 17365 12 17382 89 17476 9 17505 5 17524 2 17622 8 17638 88 17732 8 17894 86 17988 8 18151 86 18246 5 18408 85 18509 6 18665 84 18764 8 18845 5 18922 84 19019 9 19054 3 19061 2 19100 7 19179 14 19196 66 19270 15 19310 11 19356 8 19437 11 19456 62 19524 17 19566 13 19612 8 19697 5 19712 60 19780 17 19822 16 19867 9 19968 59 20036 17 20078 18 20122 11 20201 6 20224 21 20247 35 20294 15 20335 18 20378 12 20457 7 20480 21 20504 33 20551 14 20592 18 20634 12 20712 8 20736 20 20761 32 20808 13 20848 19 20890 13 20968 8 20992 19 21017 33 21064 13 21104 20 21146 14 21215 3 21225 5 21248 19 21274 33 21319 15 21359 22 21402 14 21470 5 21504 18 21530 27 21559 4 21575 16 21615 23 21659 12 21726 5 21760 18 21786 26 21816 3 21830 18 21870 26 21915 9 21982 6 22016 18 22043 25 22085 20 22126 27 22172 7 22238 6 22274 16 22302 21 22341 23 22373 36 22430 3 22494 8 22532 14 22560 19 22597 8 22609 14 22624 41 22750 10 22790 12 22819 9 22829 5 22854 4 22867 53 23007 9 23047 12 23079 2 23086 3 23124 52 23264 7 23304 11 23381 17 23399 31 23522 4 23566 6 23638 15 23655 30 23823 4 23893 15 23912 28 24080 2 24149 15 24168 27 24258 8 24326 4 24405 14 24425 26 24513 13 24582 6 24660 15 24681 25 24768 16 24839 5 24910 3 24915 15 24937 25 25024 16 25095 5 25124 7 25166 19 25193 25 25280 17 25378 11 25425 15 25448 25 25537 16 25633 12 25682 10 25704 25 25794 15 25890 12 25939 7 25960 24 26051 14 26146 12 26196 4 26216 24 26309 13 26402 12 26472 23 26566 11 26658 12 26729 17 26823 10 26915 10 26985 15 27081 6 27173 7 27241 13 27383 3 27495 15 27638 5 27730 7 27750 16 27770 1 27893 7 27983 11 28004 19 28149 8 28238 16 28259 21 28404 9 28494 18 28513 23 28660 10 28750 42 28797 5 28822 2 28916 10 29006 43 29052 8 29077 4 29172 10 29262 43 29308 9 29332 8 29428 10 29518 43 29563 11 29587 10 29683 12 29775 43 29819 13 29842 11 29939 12 30031 42 30075 13 30097 13 30194 14 30288 41 30331 14 30352 14 30450 14 30544 40 30586 15 30607 15 30706 14 30800 40 30842 16 30862 16 30956 20 31056 39 31099 34 31212 20 31312 39 31356 2 31361 28 31469 19 31568 39 31618 26 31727 17 31824 38 31875 25 31985 14 32080 34 32116 1 32131 24 32241 14 32337 32 32386 25 32497 14 32593 31 32642 24 32754 14 32848 32 32897 25 33011 13 33104 31 33153 24 33269 6 33361 27 33409 24 33564 1 33618 24 33665 24 33819 3 33878 19 33922 22 34076 2 34135 17 34178 23 34392 16 34434 23 34650 14 34690 24 34907 12 34946 24 35163 11 35202 25 35419 10 35458 25 35676 9 35714 8 35723 16 35932 8 35971 5 35979 16 36188 8 36201 2 36236 15 36344 2 36377 5 36445 7 36456 4 36492 16 36597 11 36632 7 36701 6 36712 4 36748 16 36851 13 36888 7 36960 1 36967 5 36992 8 37004 17 37105 15 37144 7 37223 4 37246 31 37360 16 37400 7 37478 4 37500 33 37614 18 37657 6 37755 34 37794 14 37867 21 37914 4 38010 34 38049 18 38121 23 38266 34 38304 20 38376 24 38521 35 38558 23 38632 24 38719 2 38777 35 38813 25 38887 25 38976 1 39033 34 39068 26 39143 25 39288 34 39324 26 39398 26 39460 1 39538 2 39541 37 39580 26 39654 26 39731 2 39792 42 39836 25 39909 28 39986 4 40048 41 40092 22 40165 35 40242 5 40303 41 40349 20 40421 37 40487 2 40498 6 40559 40 40605 19 40677 38 40742 19 40814 41 40862 9 40873 7 40933 39 40997 21 41070 40 41118 18 41189 39 41253 21 41326 40 41378 14 41398 4 41445 40 41509 21 41582 40 41634 14 41652 14 41701 41 41765 20 41838 39 41890 14 41907 22 41957 44 42020 20 42094 2 42102 30 42144 42 42212 46 42276 19 42363 24 42399 44 42467 48 42532 18 42620 22 42654 45 42721 50 42788 16 42877 7 42889 9 42910 46 42976 51 43044 11 43147 7 43165 46 43232 51 43301 10 43403 7 43421 46 43489 50 43557 11 43659 7 43675 47 43746 8 43758 4 43768 26 43814 10 43916 5 43930 48 43986 3 44005 1 44025 25 44070 10 44174 2 44185 49 44241 5 44285 21 44327 8 44441 49 44496 7 44541 21 44585 6 44696 67 44797 22 44842 5 44950 71 45054 21 45098 3 45204 75 45311 21 45351 3 45460 76 45568 21 45606 5 45717 77 45824 23 45861 6 45973 78 46080 23 46117 7 46230 78 46336 24 46372 9 46487 78 46592 24 46628 9 46745 1 46747 75 46848 24 46883 11 46903 3 47006 72 47104 24 47139 12 47159 3 47263 72 47360 23 47389 19 47416 1 47520 72 47616 23 47643 23 47776 72 47872 24 47897 27 48031 74 48128 53 48286 77 48384 54 48541 80 48640 55 48797 11 48816 6 48830 48 48896 55 49053 10 49088 47 49152 24 49178 30 49310 8 49345 46 49408 22 49433 31 49567 6 49602 46 49664 21 49689 32 49824 4 49858 51 49920 20 49944 33 50114 52 50176 13 50200 33 50368 54 50432 13 50455 35 50623 56 50688 13 50711 35 50879 59 50944 13 50966 36 51014 1 51134 61 51200 12 51220 37 51268 4 51390 62 51456 11 51475 38 51524 5 51645 64 51712 6 51730 37 51780 5 51900 64 51968 5 51985 36 52036 5 52155 65 52224 5 52241 35 52293 6 52334 1 52411 65 52480 6 52496 18 52517 15 52542 2 52549 7 52564 2 52583 10 52667 65 52736 7 52752 18 52775 13 52797 16 52817 10 52838 13 52924 62 52992 7 53009 17 53032 12 53053 33 53094 14 53181 60 53248 7 53266 15 53290 9 53309 35 53349 16 53438 59 53504 8 53514 2 53523 13 53547 8 53565 57 53695 57 53760 7 53781 10 53806 3 53821 57 53952 56 54016 6 54039 3 54076 58 54213 50 54272 5 54331 62 54471 49 54528 5 54587 65 54728 49 54784 5 54844 66 54985 48 55040 5 55100 68 55243 46 55296 5 55359 66 55502 7 55512 36 55552 5 55616 66 55760 4 55768 37 55808 5 55872 67 56024 37 56064 5 56127 68 56280 37 56320 5 56383 67 56535 38 56576 5 56639 67 56790 38 56832 4 56895 67 57045 39 57151 51 57205 12 57300 40 57407 51 57462 10 57556 40 57663 51 57718 9 57811 40 57898 3 57918 52 57975 7 58066 41 58153 5 58172 53 58232 6 58322 40 58409 5 58428 53 58487 8 58578 40 58666 3 58684 53 58743 9 58834 39 58924 1 58940 53 58999 10 59090 39 59180 3 59196 53 59255 11 59347 37 59435 7 59451 54 59510 14 59604 36 59691 8 59707 54 59766 15 59860 36 59903 1 59947 8 59962 53 60022 16 60117 28 60159 1 60203 8 60218 52 60278 16 60374 11 60386 11 60414 2 60458 10 60473 52 60534 17 60632 7 60644 7 60670 2 60712 12 60727 54 60790 17 60900 6 60926 2 60967 69 61046 18 61067 5 61156 6 61183 1 61222 69 61302 28 61382 9 61413 4 61429 7 61478 69 61558 28 61637 11 61671 1 61683 11 61734 69 61814 28 61891 15 61938 13 61990 68 62070 28 62147 15 62195 12 62246 46 62293 21 62326 29 62404 15 62452 15 62501 47 62549 19 62584 27 62634 4 62661 14 62711 13 62757 45 62804 19 62842 25 62868 1 62888 8 62917 14 62968 13 63014 61 63099 24 63144 9 63174 13 63225 13 63271 56 63356 23 63381 4 63399 11 63430 13 63482 12 63531 49 63613 21 63638 3 63653 13 63687 12 63739 11 63789 46 63870 20 63894 3 63908 14 63943 11 63995 11 64046 44 64126 20 64164 14 64199 10 64251 11 64304 41 64383 20 64419 15 64454 10 64507 11 64562 38 64639 21 64664 26 64711 9 64768 5 64819 37 64896 50 64969 6 65024 5 65076 36 65152 50 65280 5 65322 1 65333 35 65409 49
944809, 
962767,22 17 125 25 170 86 279 16 382 24 427 85 535 15 638 24 684 84 791 15 895 22 945 79 1048 14 1152 19 1202 78 1306 11 1408 17 1457 79 1567 2 1664 16 1713 79 1920 14 1969 79 2177 11 2225 79 2436 1 2482 78 2739 79 2999 77 3256 77 3513 76 3770 75 4028 73 4287 70 4543 70 4799 69 5055 68 5312 65 5568 64 5824 64 6080 64 6336 64 6592 64 6782 3 6848 64 7016 3 7038 4 7104 64 7266 1 7269 7 7294 4 7360 64 7519 14 7550 3 7616 64 7773 16 7807 2 7871 65 8026 20 8127 65 8274 3 8281 21 8318 1 8382 66 8529 5 8535 26 8574 1 8638 66 8783 35 8829 2 8895 65 9038 37 9152 64 9293 38 9408 64 9549 38 9665 63 9805 37 9894 3 9921 63 10061 37 10150 3 10178 62 10316 37 10406 3 10434 62 10572 37 10691 61 10827 38 10947 61 11083 38 11204 60 11338 39 11460 60 11594 38 11716 60 11850 37 11973 59 12106 37 12229 59 12362 9 12377 21 12485 59 12618 7 12633 20 12741 59 12875 5 12889 20 12997 59 13145 19 13254 58 13401 7 13410 10 13512 56 13659 2 13667 8 13771 53 13924 6 14028 7 14038 42 14284 6 14298 38 14540 5 14555 37 14797 4 14812 36 15053 3 15069 35 15326 34 15585 27 15842 23 16099 20 16356 18 16482 1 16614 4 16621 9 16738 3 16879 6 16993 5 17002 2 17137 3 17249 20 17505 22 17756 4 17761 24 18011 31 18267 31 18523 31 18644 2 18767 4 18780 29 18898 6 19022 7 19037 28 19153 7 19279 6 19295 2 19299 20 19408 9 19535 6 19557 17 19630 2 19663 10 19792 4 19815 14 19885 4 19919 10 20050 1 20075 9 20140 6 20174 12 20334 4 20396 6 20430 13 20652 6 20686 13 20909 4 20929 2 20932 2 20938 18 21184 29 21439 32 21695 33 21951 34 22207 35 22462 37 22698 4 22716 40 22931 5 22953 5 22967 45 23186 8 23209 5 23222 47 23443 7 23464 6 23478 47 23699 7 23720 6 23733 47 23956 4 23975 6 23989 47 24230 7 24245 47 24484 9 24501 47 24736 12 24757 48 24865 3 24871 4 24990 15 25013 49 25120 13 25245 16 25269 50 25376 14 25444 5 25500 19 25525 50 25632 15 25662 3 25699 7 25755 21 25782 4 25788 4 25794 3 25800 31 25888 15 25918 3 25954 7 26012 12 26025 8 26039 1 26058 29 26144 16 26174 4 26210 6 26269 10 26281 8 26314 30 26400 16 26430 6 26468 2 26524 22 26571 29 26656 16 26687 17 26780 22 26805 3 26828 28 26912 16 26942 20 26994 3 27036 22 27062 1 27084 28 27168 15 27198 22 27249 6 27292 22 27341 28 27423 16 27453 24 27506 6 27548 4 27553 16 27597 28 27679 16 27708 26 27764 5 27810 14 27853 28 27935 15 27964 27 28021 4 28067 11 28111 26 28191 15 28220 28 28277 4 28291 3 28368 24 28448 14 28476 29 28533 4 28546 5 28626 22 28704 14 28732 31 28790 3 28802 5 28884 20 28960 13 28988 31 29046 3 29058 5 29141 18 29215 14 29241 35 29302 4 29314 4 29397 18 29470 15 29495 37 29557 5 29568 6 29653 8 29662 8 29725 11 29748 40 29812 6 29822 8 29908 8 29980 11 29995 48 30068 6 30077 9 30164 8 30236 9 30249 37 30289 9 30323 20 30419 9 30493 8 30506 36 30546 8 30579 7 30587 12 30635 5 30676 6 30749 8 30762 35 30803 7 30835 5 30843 12 30881 4 30889 7 31006 7 31019 33 31060 6 31092 2 31099 13 31136 17 31263 5 31275 32 31316 7 31356 12 31392 17 31520 3 31532 31 31576 1 31613 10 31643 22 31789 30 31871 8 31897 24 32047 28 32129 4 32152 25 32180 7 32305 26 32407 26 32436 8 32561 27 32662 28 32691 10 32817 29 32917 29 32947 15 33072 30 33174 45 33314 5 33326 25 33353 6 33432 44 33569 8 33581 24 33611 3 33693 39 33824 10 33835 25 33868 2 33949 39 34080 36 34206 37 34335 36 34462 37 34590 38 34718 37 34845 41 34973 38 35100 43 35229 39 35355 45 35484 41 35611 45 35737 44 35865 47 35992 45 36120 48 36248 45 36376 49 36503 45 36631 50 36758 45 36887 50 37013 44 37143 50 37268 44 37399 51 37524 44 37655 51 37780 43 37885 3 37902 3 37911 51 38036 43 38140 4 38156 7 38168 50 38292 43 38396 4 38411 10 38424 49 38548 43 38652 4 38667 11 38681 9 38694 34 38804 43 38907 5 38923 23 38952 32 38995 11 39060 42 39163 5 39179 23 39210 29 39250 12 39270 3 39315 43 39418 6 39435 23 39467 28 39505 14 39525 7 39571 43 39673 7 39691 22 39724 27 39760 15 39781 9 39826 43 39928 8 39947 21 39981 26 40016 16 40036 18 40081 44 40184 8 40204 19 40238 14 40255 8 40272 42 40337 45 40440 8 40461 18 40495 11 40512 6 40527 45 40593 48 40696 8 40717 18 40752 9 40769 5 40783 46 40849 49 40952 8 40971 20 41040 46 41106 48 41208 8 41226 10 41240 8 41296 46 41362 48 41465 7 41481 11 41497 7 41553 46 41618 46 41722 6 41736 12 41754 6 41811 44 41875 44 41978 6 41990 14 42012 3 42068 18 42087 24 42132 42 42235 5 42246 13 42325 14 42344 23 42389 41 42491 5 42503 12 42582 12 42599 23 42645 10 42656 30 42748 4 42759 12 42840 10 42854 24 42902 9 42913 29 43005 3 43015 13 43101 34 43159 7 43169 29 43271 15 43357 35 43416 6 43426 28 43527 16 43612 38 43673 5 43684 26 43783 16 43867 39 43941 25 44039 16 44122 41 44198 24 44295 16 44378 42 44454 23 44550 17 44592 12 44605 7 44633 44 44710 22 44806 16 44825 5 44847 22 44889 45 44967 20 45060 28 45101 25 45145 47 45224 17 45315 30 45353 30 45401 49 45481 4 45489 7 45572 31 45607 33 45657 50 45745 7 45829 31 45862 34 45913 51 46001 6 46086 67 46169 51 46258 4 46342 67 46425 51 46598 67 46680 52 46819 11 46833 1 46853 68 46936 51 47071 22 47109 68 47190 53 47325 26 47365 67 47446 53 47580 28 47620 68 47701 54 47835 31 47876 68 47956 55 48090 33 48132 67 48212 55 48346 34 48387 68 48468 54 48602 35 48643 68 48724 50 48858 35 48899 68 48980 50 49114 35 49154 69 49235 51 49370 35 49410 68 49491 51 49626 35 49666 68 49747 51 49882 35 49922 68 50003 50 50139 33 50179 66 50259 49 50396 30 50437 64 50516 43 50654 27 50695 55 50753 3 50772 42 50912 25 50952 46 51000 5 51028 41 51168 24 51213 41 51257 2 51284 39 51424 24 51470 40 51539 38 51680 24 51728 4 51735 31 51795 37 51936 25 51993 21 52015 6 52051 37 52191 26 52250 18 52273 2 52307 36 52350 4 52446 27 52507 17 52563 35 52605 6 52701 28 52766 13 52819 35 52859 8 52957 27 53023 12 53075 35 53114 9 53213 26 53279 10 53305 3 53332 47 53441 1 53468 25 53517 2 53535 8 53560 5 53589 46 53696 4 53724 23 53772 3 53792 6 53815 6 53846 45 53951 5 53980 22 54027 4 54048 5 54071 7 54103 44 54207 7 54236 19 54283 5 54305 5 54326 9 54360 43 54463 6 54492 17 54539 5 54561 5 54582 11 54617 42 54719 6 54748 16 54796 2 54818 5 54837 13 54874 41 54977 1 55004 15 55074 5 55092 15 55138 32 55260 14 55330 6 55347 17 55394 32 55516 14 55587 5 55602 18 55651 30 55773 12 55844 3 55855 21 55907 29 56030 11 56110 21 56163 29 56287 10 56366 16 56419 28 56548 6 56621 16 56674 29 56805 5 56877 14 56930 27 57063 1 57134 6 57188 1 57196 16 57390 6 57453 6 57461 7 57646 6 57710 3 57718 4 57903 4 58159 4 58281 4 58423 4 58527 4 58534 8 58678 6 58782 19 58881 3 58933 7 59038 21 59136 5 59189 8 59293 23 59392 5 59445 12 59464 3 59549 24 59584 2 59648 6 59701 13 59719 5 59804 26 59838 5 59904 6 59913 5 59957 14 59974 6 60060 28 60090 10 60160 16 60213 14 60229 7 60316 40 60416 17 60469 13 60486 6 60572 41 60672 17 60725 12 60742 5 60827 43 60928 17 60981 12 61083 43 61184 17 61237 11 61339 43 61440 16 61493 11 61595 44 61696 15 61745 15 61851 44 61952 14 62000 16 62107 44 62208 14 62256 16 62361 45 62464 13 62513 16 62616 45 62720 12 62769 16 62872 45 62976 12 63025 17 63127 45 63232 12 63282 16 63383 44 63488 12 63538 16 63639 44 63744 13 63794 16 63895 43 64000 13 64050 16 64151 42 64256 13 64307 15 64406 29 64438 10 64512 13 64565 13 64662 28 64694 10 64768 12 64823 12 64917 29 64950 9 65024 11 65083 8 65173 28 65206 9 65280 9 65342 5 65428 29 65462 8
966384,0 46 87 14 119 12 165 21 192 11 240 11 256 47 343 13 375 11 421 20 448 12 496 11 512 47 599 13 632 9 678 18 704 13 751 11 768 49 855 12 889 3 935 15 960 14 1007 11 1024 51 1111 11 1197 5 1215 15 1262 12 1280 51 1368 5 1471 16 1517 13 1536 52 1625 2 1726 17 1772 13 1792 52 1939 7 1982 19 2002 3 2028 12 2048 55 2194 8 2238 24 2285 11 2304 57 2366 3 2450 7 2494 25 2541 10 2560 58 2622 4 2706 5 2750 26 2798 8 2816 58 2878 7 3006 26 3055 6 3072 58 3134 9 3261 27 3328 8 3343 6 3351 35 3389 11 3516 29 3584 7 3600 5 3607 35 3643 15 3772 29 3840 7 3863 52 4027 31 4096 7 4118 54 4282 32 4335 7 4352 8 4373 56 4537 35 4588 12 4608 12 4628 59 4792 36 4843 14 4864 15 4883 62 5048 37 5098 105 5303 38 5353 87 5441 19 5558 39 5610 22 5633 61 5697 19 5814 39 5865 108 6071 39 6120 110 6317 4 6327 39 6375 111 6568 11 6584 38 6631 111 6747 3 6756 4 6822 15 6840 38 6887 112 7002 6 7011 6 7075 20 7096 2 7102 33 7144 111 7258 15 7330 22 7361 30 7401 109 7513 17 7587 21 7619 29 7658 108 7769 17 7844 20 7876 28 7915 128 8052 3 8100 20 8133 27 8172 127 8307 5 8356 20 8390 26 8429 126 8562 5 8612 20 8646 26 8687 125 8818 5 8867 20 8903 25 8949 119 9074 5 9120 23 9160 23 9205 119 9329 6 9375 24 9417 21 9462 117 9585 7 9631 24 9673 18 9718 117 9841 9 9886 24 9931 13 9974 117 10096 11 10137 29 10188 12 10231 115 10352 12 10389 33 10445 11 10496 106 10607 13 10644 33 10700 12 10721 4 10752 106 10862 14 10898 35 10939 2 10955 14 10976 7 11008 106 11117 14 11152 36 11196 1 11210 15 11232 8 11264 106 11372 14 11406 38 11465 15 11488 9 11520 121 11661 39 11721 12 11744 9 11776 121 11916 40 11977 9 11997 13 12032 122 12172 40 12233 8 12250 16 12269 1 12288 108 12398 12 12428 40 12490 7 12499 29 12544 108 12656 10 12684 38 12747 37 12800 8 12812 96 12913 9 12941 29 12972 6 13004 2 13008 32 13056 9 13068 95 13169 9 13197 29 13230 4 13264 33 13306 3 13310 11 13325 70 13399 20 13425 9 13453 29 13487 4 13520 57 13581 71 13655 20 13684 5 13709 29 13741 7 13776 57 13838 70 13911 18 13965 40 14032 48 14082 8 14094 70 14167 13 14221 41 14288 48 14341 79 14423 13 14477 41 14544 48 14598 78 14679 12 14733 40 14800 48 14855 77 14942 3 14988 41 15056 48 15111 76 15244 24 15269 15 15312 48 15367 75 15500 23 15526 13 15569 47 15624 71 15757 21 15782 13 15825 47 15881 28 15911 37 16014 20 16038 13 16082 46 16139 25 16168 36 16270 13 16288 1 16296 11 16338 46 16397 20 16424 35 16526 11 16554 9 16594 46 16654 17 16675 40 16724 1 16782 8 16815 4 16850 46 16912 14 16931 39 16976 7 17039 5 17072 3 17106 23 17135 17 17167 14 17187 38 17229 11 17328 3 17363 21 17392 16 17423 13 17443 33 17477 2 17483 14 17585 1 17621 19 17649 15 17678 15 17701 26 17738 17 17879 18 17905 15 17934 15 17959 16 17977 4 17992 25 18141 17 18162 13 18190 16 18215 15 18246 28 18402 28 18446 16 18472 13 18497 33 18659 27 18701 18 18728 11 18751 34 18915 29 18955 20 18985 9 19007 34 19171 29 19210 22 19242 6 19262 34 19427 29 19466 23 19518 33 19683 28 19722 23 19774 31 19939 24 19979 22 20030 30 20194 21 20216 2 20236 20 20286 29 20449 23 20494 16 20542 26 20705 23 20759 4 20799 28 20838 7 20961 24 21057 26 21093 9 21216 26 21247 1 21315 26 21348 12 21472 32 21572 4 21579 19 21604 13 21727 33 21835 19 21860 13 21986 30 22091 20 22117 12 22246 26 22346 21 22374 11 22505 23 22601 23 22631 9 22652 4 22658 10 22743 4 22763 21 22857 26 22886 9 22908 18 22936 6 22944 15 22999 4 23019 21 23113 38 23164 18 23191 25 23254 6 23275 21 23371 35 23420 19 23447 26 23510 6 23532 20 23629 17 23648 14 23677 19 23703 27 23767 5 23788 20 23886 15 23907 9 23933 19 23960 27 24024 2 24044 20 24143 13 24165 6 24189 19 24216 10 24228 17 24300 20 24399 13 24422 3 24443 21 24472 10 24486 16 24547 5 24555 21 24656 12 24696 24 24728 10 24744 15 24791 1 24801 8 24810 22 24913 10 24949 27 24984 10 25000 15 25046 2 25056 9 25066 22 25170 9 25204 28 25240 11 25258 14 25301 4 25311 33 25427 7 25460 28 25497 11 25513 15 25557 5 25564 36 25684 5 25715 28 25755 29 25813 43 25940 4 25971 29 26012 27 26069 43 26197 2 26227 29 26269 26 26325 43 26410 5 26482 33 26525 26 26581 43 26664 10 26738 35 26782 24 26839 2 26844 36 26919 12 26992 37 27037 25 27100 36 27174 16 27247 38 27292 26 27357 35 27430 18 27471 2 27502 39 27547 27 27613 35 27685 20 27726 5 27757 39 27803 27 27868 36 27941 21 27981 6 28013 39 28059 27 28124 36 28197 22 28236 7 28269 38 28315 26 28380 36 28452 25 28490 9 28525 38 28570 27 28623 5 28637 37 28707 27 28745 10 28781 38 28824 29 28878 7 28893 38 28962 30 28993 18 29036 40 29079 29 29133 8 29149 39 29218 49 29291 73 29388 9 29406 39 29473 51 29546 74 29644 10 29662 42 29714 6 29729 54 29802 78 29899 11 29920 42 29969 8 29984 55 30058 81 30155 11 30176 43 30224 10 30239 57 30313 35 30352 44 30411 11 30433 43 30480 11 30494 58 30570 33 30608 48 30667 11 30690 42 30735 73 30826 32 30864 52 30923 11 30947 41 30991 74 31083 30 31120 53 31179 10 31203 118 31339 25 31377 53 31435 10 31459 118 31596 24 31634 52 31690 11 31716 92 31809 24 31852 23 31892 51 31946 11 31973 90 32067 23 32109 21 32149 50 32202 11 32229 42 32273 10 32285 33 32323 24 32365 19 32406 48 32459 10 32486 40 32529 7 32541 33 32580 23 32621 18 32662 48 32715 8 32740 41 32786 5 32797 7 32805 25 32837 22 32877 17 32918 48 32972 6 32995 39 33052 8 33061 25 33093 22 33133 16 33174 48 33230 3 33250 40 33308 8 33317 25 33350 21 33389 8 33402 3 33430 48 33506 41 33564 8 33573 25 33606 21 33646 6 33658 3 33687 46 33762 41 33820 34 33863 21 33902 2 33912 6 33944 44 34019 41 34076 34 34121 5 34127 14 34158 16 34202 40 34275 41 34331 9 34344 22 34385 12 34413 18 34435 4 34459 35 34532 7 34542 30 34587 9 34600 23 34642 12 34669 27 34716 34 34790 3 34798 30 34843 9 34855 24 34898 14 34924 28 34972 33 35054 30 35099 9 35109 26 35154 16 35179 30 35228 32 35311 29 35355 9 35365 26 35409 18 35433 32 35485 30 35568 4 35574 21 35612 34 35665 56 35742 22 35832 7 35840 11 35875 27 35919 59 35999 18 36096 10 36131 26 36174 60 36256 17 36355 4 36387 26 36428 62 36513 15 36644 24 36683 62 36772 11 36837 1 36901 22 36934 67 37007 2 37030 8 37092 4 37165 13 37190 66 37262 4 37286 7 37347 7 37422 11 37445 35 37481 31 37517 6 37543 5 37601 11 37622 4 37680 6 37701 34 37738 29 37772 9 37799 4 37856 12 37877 5 37956 35 37996 26 38028 11 38044 2 38056 2 38112 13 38133 5 38211 36 38253 24 38283 13 38298 6 38367 14 38390 4 38467 36 38516 15 38539 22 38623 14 38722 38 38794 25 38879 14 38920 3 38978 38 39050 26 39135 14 39175 5 39234 38 39306 26 39391 14 39431 6 39490 24 39515 12 39562 26 39648 13 39687 7 39745 24 39772 10 39818 27 39904 13 39943 8 39984 3 40000 25 40073 28 40161 12 40198 11 40256 25 40330 27 40418 11 40453 18 40513 24 40586 3 40592 22 40675 11 40704 25 40769 22 40851 18 40931 11 40960 25 41026 19 41110 15 41188 10 41216 26 41283 15 41314 1 41367 13 41447 6 41472 26 41540 14 41567 7 41590 3 41626 8 41728 27 41797 12 41821 10 41844 7 41885 4 41976 4 41984 27 42054 11 42076 12 42099 9 42228 10 42240 27 42312 9 42331 13 42354 11 42483 40 42572 4 42587 13 42609 12 42737 42 42842 14 42865 12 42992 43 43098 14 43120 12 43195 5 43211 2 43246 45 43353 15 43375 13 43449 7 43465 6 43502 45 43609 15 43631 11 43703 9 43720 8 43757 46 43864 17 43887 10 43957 11 43975 9 44012 46 44120 17 44144 9 44212 12 44230 11 44263 50 44376 17 44401 8 44467 12 44485 11 44518 50 44632 17 44660 2 44722 12 44740 12 44773 50 44888 17 44977 13 44994 13 45029 48 45143 18 45233 14 45249 13 45284 48 45399 18 45422 3 45489 14 45504 13 45539 48 45656 17 45676 7 45744 28 45779 3 45794 15 45813 18 45833 10 45912 5 45920 10 45931 8 46000 27 46034 6 46050 15 46070 17 46090 8 46177 19 46203 9 46256 27 46289 8 46305 17 46326 7 46336 7 46347 7 46433 19 46458 12 46473 2 46512 26 46544 9 46560 19 46581 3 46592 8 46604 5 46690 17 46714 19 46770 24 46800 10 46816 22 46848 8 46862 2 46947 2 46952 11 46970 21 47028 21 47056 10 47070 25 47104 9 47209 8 47226 22 47287 17 47312 9 47325 26 47360 9 47466 5 47482 23 47543 15 47569 7 47581 25 47616 8 47738 24 47799 14 47825 7 47837 25 47872 8 47995 24 48056 12 48082 5 48093 24 48128 7 48246 29 48313 9 48338 5 48349 24 48384 7 48502 5 48509 22 48572 2 48594 4 48605 25 48640 8 48758 6 48765 22 48850 5 48859 27 48896 8 49014 6 49021 21 49106 5 49114 28 49152 8 49270 5 49277 21 49361 7 49370 29 49408 8 49526 5 49534 19 49617 41 49664 8 49783 3 49790 19 49871 45 49920 7 50040 1 50047 17 50126 46 50176 7 50303 17 50381 18 50406 23 50432 6 50559 16 50636 17 50662 23 50688 5 50816 14 50839 3 50890 19 50918 23 50944 5 51072 14 51092 8 51139 26 51174 23 51200 5 51328 13 51346 11 51393 28 51430 17 51456 6 51478 1 51583 14 51600 13 51648 28 51687 14 51712 7 51732 5 51839 31 51903 29 51944 12 51968 8 51987 6 52093 33 52159 29 52201 10 52224 8 52243 7 52348 34 52416 29 52460 6 52480 8 52499 7 52604 34 52672 30 52719 1 52736 8 52755 7 52859 34 52928 20 52950 9 52992 8 53012 6 53115 33 53184 20 53208 8 53248 8 53269 4 53371 33 53441 18 53466 6 53504 7 53627 9 53637 22 53698 17 53722 6 53760 7 53824 1 53883 9 53894 21 53955 16 53978 6 54016 6 54074 9 54110 1 54140 7 54150 20 54213 3 54217 9 54235 4 54272 5 54329 10 54366 7 54396 7 54407 19 54475 7 54528 2 54584 12 54622 9 54654 3 54664 17 54732 5 54839 12 54878 9 54922 14 55095 12 55135 9 55179 12 55352 10 55392 7 55436 9 55608 9 55648 7 55693 7 55865 9 55950 4 56122 9 56378 11 56634 12 56737 5 56831 1 56889 13 56991 13 57085 3 57145 14 57246 16 57340 4 57401 14 57502 16 57595 5 57657 13 57758 17 57850 6 57914 12 58013 18 58107 5 58171 10 58268 19 58363 5 58429 7 58524 19 58591 3 58619 5 58686 5 58779 20 58846 4 58876 4 58944 1 59034 21 59102 3 59132 4 59177 3 59289 23 59359 1 59388 4 59432 5 59545 22 59644 4 59687 7 59801 22 59901 3 59943 7 60056 23 60157 3 60199 8 60312 23 60414 2 60455 8 60569 23 60596 3 60671 1 60711 9 60825 32 60967 10 61083 31 61223 11 61346 26 61479 11 61602 26 61735 11 61858 27 61950 2 61991 11 62094 2 62114 28 62205 3 62247 10 62348 6 62370 29 62459 5 62504 8 62603 8 62627 29 62714 6 62762 3 62857 10 62884 29 62968 8 63108 16 63143 26 63222 10 63364 16 63400 26 63469 19 63527 3 63619 17 63657 25 63724 20 63777 10 63874 17 63914 25 63979 21 64023 21 64129 17 64170 25 64234 22 64277 24 64384 17 64427 24 64488 14 64504 8 64532 26 64639 18 64685 22 64744 14 64760 8 64787 28 64894 19 64942 21 64998 16 65016 8 65043 28 65150 19 65198 21 65254 16 65273 7 65298 29 65405 20 65454 21 65508 17 65529 7
972712,21 6 75 14 276 8 295 8 331 15 532 8 550 10 587 15 788 8 805 12 843 15 1044 9 1061 13 1099 15 1300 9 1317 13 1355 15 1556 9 1573 13 1600 5 1611 15 1812 8 1829 12 1854 8 1867 16 1932 4 2068 8 2086 10 2109 10 2123 16 2187 6 2324 8 2342 10 2365 11 2379 18 2442 8 2455 5 2581 6 2599 8 2620 12 2635 19 2698 9 2710 7 2837 6 2855 8 2876 12 2891 20 2954 9 2966 9 3094 4 3112 6 3131 13 3148 20 3211 8 3221 11 3350 4 3387 14 3404 19 3467 21 3606 5 3643 14 3660 19 3723 21 3775 2 3861 7 3898 15 3915 20 3944 3 3978 22 4030 5 4117 7 4155 15 4171 20 4199 5 4233 23 4276 1 4285 7 4373 7 4411 36 4454 6 4488 24 4528 6 4541 9 4629 7 4668 35 4710 5 4743 25 4784 7 4797 9 4886 5 4924 34 4967 3 4999 25 5039 8 5053 9 5181 11 5193 13 5255 25 5294 9 5308 11 5438 8 5449 12 5511 24 5550 8 5565 10 5696 5 5705 12 5768 22 5806 8 5821 9 5959 14 6013 4 6024 14 6063 6 6078 8 6214 15 6268 5 6281 12 6321 2 6334 8 6470 15 6522 7 6537 12 6590 8 6708 5 6726 15 6771 13 6794 6 6846 8 6961 9 6993 4 7025 11 7102 8 7186 4 7215 12 7280 12 7359 6 7442 4 7470 14 7538 9 7697 6 7724 16 7795 7 7951 8 7977 19 8052 5 8206 8 8232 20 8309 3 8461 9 8488 20 8520 4 8530 1 8717 8 8744 20 8775 6 8784 4 8974 5 8990 3 8999 20 9031 14 9231 4 9238 12 9255 20 9285 16 9386 4 9492 15 9511 19 9539 19 9639 7 9747 17 9768 18 9795 19 9894 9 9984 2 10002 18 10025 16 10050 21 10150 9 10240 3 10248 5 10258 18 10281 15 10306 21 10406 9 10496 6 10503 7 10513 20 10537 14 10561 23 10661 10 10752 15 10769 20 10793 14 10817 23 10917 9 11008 14 11025 20 11051 11 11072 25 11173 9 11264 12 11281 20 11309 9 11327 28 11430 7 11520 3 11537 20 11567 8 11583 28 11671 2 11687 4 11793 20 11823 9 11839 29 11926 3 12050 18 12079 9 12096 28 12306 18 12335 10 12353 27 12563 16 12590 11 12609 27 12819 16 12840 17 12866 25 13075 16 13096 18 13122 25 13331 16 13351 19 13380 23 13588 16 13606 21 13638 21 13845 38 13895 20 14101 37 14151 19 14357 9 14369 11 14383 10 14408 17 14615 4 14627 7 14640 7 14666 10 14886 3 14898 1 14924 6 15021 3 15277 4 15533 5 15789 6 16045 7 16139 5 16301 7 16386 15 16557 6 16640 18 16812 6 16896 20 17068 5 17152 20 17408 20 17664 20 17920 19 17972 1 18176 16 18432 13 18688 13 18944 12 18984 2 19200 12 19239 5 19456 11 19494 7 19541 4 19715 7 19750 7 19796 6 20005 8 20052 6 20261 7 20308 7 20516 8 20564 9 20772 8 20821 5 21027 9 21078 4 21284 8 21541 7 21800 3 24836 1 25091 5 25345 7 25520 10 25600 8 25775 12 25856 8 26030 14 26112 8 26286 14 26368 8 26541 15 26624 8 26797 16 26880 8 27053 16 27136 8 27308 17 27343 1 27392 8 27564 17 27597 4 27648 8 27820 16 27851 7 27904 8 28077 15 28106 8 28160 7 28334 13 28361 9 28416 8 28452 4 28591 10 28617 9 28672 8 28681 3 28707 11 28872 10 28925 1 28928 13 28962 14 29028 2 29127 12 29178 20 29211 3 29216 16 29281 6 29383 12 29432 25 29464 25 29535 9 29639 13 29687 12 29703 12 29719 26 29790 11 29822 4 29894 14 29942 10 29958 13 29974 28 30010 4 30045 13 30077 7 30108 3 30150 14 30198 10 30213 14 30230 28 30265 7 30301 14 30333 7 30363 5 30407 12 30454 10 30468 16 30485 29 30519 10 30532 2 30557 15 30589 8 30619 5 30665 9 30710 10 30724 46 30774 17 30814 14 30845 8 30875 4 30965 11 30979 47 31030 12 31043 4 31070 14 31101 9 31132 3 31221 11 31234 49 31286 10 31299 2 31326 14 31356 10 31478 62 31542 9 31582 14 31612 10 31643 2 31734 30 31765 31 31800 6 31837 16 31868 9 31895 8 31990 28 32022 30 32092 16 32124 9 32150 10 32247 26 32279 30 32348 16 32381 7 32406 10 32504 20 32535 5 32542 23 32604 16 32638 5 32662 11 32761 18 32799 22 32860 16 32918 11 33017 17 33055 22 33116 16 33173 12 33247 1 33274 15 33311 21 33373 15 33429 12 33501 4 33530 15 33568 20 33629 15 33685 12 33756 6 33786 15 33824 20 33885 15 33942 11 33976 2 34012 6 34042 6 34049 8 34081 18 34142 14 34199 4 34204 6 34230 6 34268 7 34299 5 34307 6 34337 16 34376 3 34398 14 34460 6 34485 8 34524 8 34556 4 34564 5 34594 15 34631 6 34655 12 34716 6 34741 8 34782 7 34851 14 34885 9 34911 12 34972 6 34996 9 35040 6 35107 14 35140 10 35169 9 35228 5 35252 10 35296 6 35363 14 35395 12 35430 2 35485 3 35509 9 35553 5 35619 14 35651 11 35765 9 35809 4 35875 13 35907 11 36021 10 36132 12 36163 10 36278 10 36389 4 36397 2 36420 8 36534 10 36678 5 36790 10 37048 7 37305 5 41711 3 41965 6 42221 7 42477 7 42733 6 42919 4 42989 6 43173 7 43246 5 43428 7 43502 5 43683 8 43759 5 43939 7 44016 4 44195 6 44273 3 44452 4 44709 3 44966 1 46081 6 46336 8 46437 6 46592 11 46691 9 46848 13 46947 10 47104 14 47202 11 47360 15 47458 11 47616 15 47713 13 47872 15 47969 13 48128 14 48225 13 48384 13 48481 13 48641 10 48737 13 48897 9 48992 14 49152 9 49247 15 49408 9 49503 15 49664 9 49759 15 49776 2 49921 8 50016 14 50031 4 50178 6 50274 18 50436 3 50531 17 50787 17 51044 17 51300 17 51557 16 51813 16 52070 15 52326 14 52582 14 52839 13 53096 12 53355 7 54572 3 54828 4 55084 7 55341 6 55599 3 62224 3 62480 5 62736 5 62992 5 63248 6 63505 5 63761 6 64017 6 64274 5 64530 4
976097,7030 2 7218 1 7286 5 7474 1 7543 1 8752 1 9008 1 9264 1 11268 1 34463 1 40895 5 41149 8 41404 9 41659 9 41915 8 42171 5 42427 4 42999 1 43253 4 43489 4 43508 5 43743 7 43763 6 43998 9 44019 6 44254 9 44275 6 44510 11 44532 4 44766 12 44787 4 45023 12 45044 2 45051 1 45279 13 45301 1 45536 13 45553 1 45556 3 45792 28 46048 27 46303 15 46321 7 46559 14 46579 5 46816 13 47072 13 47328 13 47584 13 47840 13 48097 12 48353 11 48610 10 48872 2 50151 1 50347 5 50406 2 50601 7 50662 2 50857 7 51113 7 51370 5 51628 1 57948 1 58204 2 58460 3 58717 2 58974 1
980103,0 198 202 1010 1214 254 1470 254 1726 254 1982 253 2238 252 2494 250 2750 248 3005 248 3261 247 3516 247 3772 246 4027 246 4283 246 4539 246 4794 247 5050 247 5305 247 5560 7 5570 19 5592 216 5814 9 5827 18 5849 216 6068 11 6084 17 6106 229 6340 17 6363 227 6596 17 6620 225 6852 17 6876 224 7108 17 7133 223 7364 15 7389 224 7621 14 7646 224 7877 8 7888 4 7902 224 8132 10 8144 5 8159 224 8388 11 8401 4 8415 224 8644 11 8656 6 8672 224 8900 18 8929 224 9156 18 9185 224 9412 18 9441 225 9668 9 9682 4 9698 224 9924 9 9939 3 9954 9 9964 214 10179 10 10194 4 10210 9 10221 224 10450 3 10466 9 10480 221 10707 3 10722 10 10737 220 10963 3 10975 13 10994 220 11219 3 11234 8 11250 220 11476 3 11491 7 11507 219 11732 3 11745 1 11748 6 11764 219 11988 3 12001 1 12005 5 12020 219 12245 3 12262 4 12276 219 12501 3 12519 3 12533 218 12757 3 12777 1 12789 218 13014 3 13045 217 13270 4 13291 1 13301 217 13526 6 13543 1 13546 3 13556 218 13782 8 13798 8 13812 218 14038 10 14053 10 14065 221 14294 10 14317 4 14322 220 14550 11 14574 3 14578 220 14804 14 14830 225 15058 17 15087 245 15343 246 15600 251 15860 248 16116 21516 37633 255 37889 255 38145 255 38401 255 38657 511 39169 255 39425 255 39682 254 39938 254 40194 254 40450 254 40706 254 40961 10217 51182 249 51438 247 51695 246 51951 247 52207 247 52462 16 52480 230 52718 13 52736 231 52973 13 52992 231 53228 13 53248 232 53484 14 53501 235 53739 776 54519 251 54776 7 54784 242 55031 7 55040 241 55286 8 55296 242 55541 10 55552 242 55796 2827 58624 252 58880 6656
981723,0 6 25 51 147 56 205 3 237 12 254 9 281 9 291 41 403 61 493 14 510 9 537 8 547 41 659 61 749 27 793 8 804 40 915 62 1006 26 1050 6 1062 1 1068 31 1171 62 1262 26 1306 5 1325 30 1426 63 1518 26 1564 2 1582 29 1682 63 1775 24 1839 28 1938 62 2031 24 2095 29 2194 62 2288 23 2351 32 2449 63 2544 24 2608 31 2706 61 2801 28 2865 31 2962 60 3057 31 3121 31 3218 59 3313 32 3377 31 3474 58 3569 32 3633 31 3730 58 3825 32 3889 31 3954 3 3985 60 4082 31 4145 30 4203 11 4240 61 4339 30 4401 30 4458 13 4496 62 4597 28 4658 28 4714 13 4752 64 4855 27 4914 27 4972 11 5007 66 5112 26 5171 26 5230 9 5263 67 5368 27 5426 27 5487 8 5518 68 5625 26 5680 28 5744 7 5755 2 5774 68 5882 26 5936 26 6000 7 6009 6 6031 66 6139 25 6192 26 6257 16 6287 65 6374 4 6399 22 6448 24 6498 2 6514 16 6544 64 6620 15 6656 21 6704 23 6752 4 6773 13 6800 64 6875 18 6912 22 6961 22 7008 3 7029 13 7056 64 7131 19 7168 22 7217 21 7285 13 7312 64 7388 19 7424 23 7473 9 7542 12 7570 62 7644 20 7680 24 7729 8 7768 5 7798 12 7826 61 7900 21 7936 25 7968 4 7985 7 8023 7 8054 11 8069 3 8082 59 8156 21 8192 26 8223 7 8237 11 8252 3 8278 10 8311 9 8324 5 8337 59 8411 27 8448 26 8478 9 8492 20 8532 13 8573 2 8579 6 8591 62 8666 30 8704 27 8734 9 8747 21 8778 1 8787 15 8834 7 8847 63 8920 33 8960 26 8990 9 9003 22 9032 5 9043 15 9090 8 9102 47 9150 17 9176 34 9216 26 9245 10 9259 22 9287 6 9298 16 9320 7 9345 9 9358 46 9406 25 9432 35 9472 26 9501 11 9515 23 9543 8 9553 18 9577 7 9602 8 9614 47 9662 62 9728 26 9757 37 9799 29 9835 11 9859 8 9871 109 9984 26 10013 37 10055 29 10091 11 10116 6 10128 44 10174 62 10240 26 10269 37 10311 30 10347 11 10372 6 10385 41 10430 62 10496 26 10526 36 10565 32 10604 9 10630 4 10643 37 10686 6 10694 54 10752 27 10783 71 10860 7 10888 1 10902 33 10943 4 10952 52 11008 27 11046 65 11150 5 11157 8 11166 24 11200 2 11208 51 11264 28 11303 65 11405 7 11413 7 11428 17 11464 51 11520 30 11559 65 11660 15 11685 15 11721 50 11776 26 11803 3 11814 66 11915 15 11942 13 11978 49 12032 26 12070 66 12169 17 12199 1 12201 9 12236 46 12288 25 12326 65 12423 20 12458 8 12493 43 12544 25 12582 65 12678 22 12714 7 12749 42 12800 24 12838 64 12933 25 12971 6 13006 39 13056 24 13093 64 13188 28 13228 3 13262 40 13312 24 13349 64 13443 30 13519 39 13568 24 13604 66 13699 32 13775 39 13824 24 13859 69 13954 34 14031 3 14036 4 14042 28 14080 24 14115 73 14209 36 14298 27 14336 24 14371 73 14464 37 14555 26 14592 24 14627 74 14720 37 14811 24 14846 18 14866 6 14883 75 14976 37 15066 24 15101 20 15124 3 15138 76 15232 37 15322 24 15356 21 15394 77 15488 38 15562 5 15578 24 15611 23 15650 76 15744 38 15817 7 15834 23 15867 24 15906 75 16001 38 16073 9 16090 23 16122 26 16162 71 16257 41 16329 10 16346 22 16377 29 16418 67 16513 42 16585 11 16602 22 16632 37 16675 64 16769 42 16840 13 16856 24 16886 40 16931 62 17025 40 17094 43 17141 42 17187 61 17281 38 17349 44 17394 46 17443 61 17537 37 17604 156 17793 36 17859 44 17905 111 18050 34 18098 3 18114 45 18161 111 18306 36 18354 4 18370 45 18417 111 18563 37 18610 4 18624 47 18672 112 18819 38 18866 4 18879 160 19074 39 19122 5 19131 165 19329 40 19377 7 19385 167 19585 39 19632 177 19840 40 19886 51 19938 127 20071 4 20095 39 20141 52 20196 126 20326 7 20350 40 20397 52 20452 139 20605 40 20653 52 20708 140 20860 42 20908 52 20964 143 21115 43 21164 52 21220 196 21419 52 21477 195 21675 51 21733 195 21931 50 21990 195 22188 49 22246 194 22444 49 22502 194 22702 47 22759 193 22959 46 23015 193 23216 32 23249 12 23271 192 23472 30 23506 10 23526 193 23729 27 23763 8 23780 194 23990 22 24020 6 24036 194 24248 19 24291 195 24504 19 24547 37 24586 156 24762 17 24803 37 24842 155 25019 15 25060 35 25098 155 25276 14 25316 35 25353 156 25536 9 25571 8 25580 27 25609 156 25827 7 25836 12 25853 9 25865 156 26082 8 26108 10 26121 26 26149 129 26338 8 26363 10 26378 21 26405 70 26477 63 26594 7 26618 10 26634 16 26661 70 26733 64 26850 6 26874 10 26892 13 26918 69 26989 64 27107 5 27130 9 27153 7 27174 69 27246 64 27363 4 27386 10 27412 2 27431 135 27643 9 27677 3 27688 134 27901 7 27931 6 27945 133 28160 4 28186 7 28201 133 28416 4 28442 8 28458 68 28531 58 28672 3 28698 9 28715 67 28791 54 28928 3 28955 10 28971 67 29049 51 29184 4 29213 11 29227 67 29307 48 29440 3 29475 5 29483 67 29563 48 29696 3 29732 74 29819 48 29952 3 29990 73 30075 49 30208 3 30247 73 30331 50 30464 2 30504 72 30588 51 30760 72 30844 54 31017 71 31101 53 31273 71 31357 53 31529 72 31614 52 31786 71 31872 49 32042 72 32129 46 32299 72 32387 44 32555 72 32643 43 32812 63 32877 7 32888 4 32899 43 33068 63 33134 6 33144 54 33325 62 33391 4 33400 53 33582 63 33648 2 33656 52 33846 1 33849 53 33912 51 34106 54 34168 51 34362 55 34424 50 34619 55 34680 49 34847 3 34878 52 34936 48 35101 6 35136 50 35191 49 35354 10 35394 3 35399 55 35458 36 35609 11 35657 54 35713 37 35864 13 35914 92 36095 1 36116 17 36171 91 36350 2 36371 18 36428 90 36605 3 36626 19 36685 89 36860 4 36881 20 36942 87 37115 5 37137 19 37198 87 37369 7 37393 18 37455 85 37624 8 37649 17 37711 85 37880 8 37905 17 37967 84 38135 9 38162 17 38196 1 38223 85 38391 9 38419 17 38448 7 38480 94 38647 9 38676 17 38703 8 38737 94 38904 8 38933 16 38959 9 38993 95 39161 7 39189 16 39214 11 39249 95 39418 6 39441 21 39469 13 39494 2 39505 96 39649 3 39675 5 39681 4 39697 22 39724 15 39748 5 39761 96 39904 6 39931 10 39952 24 39979 17 40003 6 40018 96 40157 10 40187 11 40208 45 40259 7 40273 97 40411 13 40443 11 40465 3 40469 41 40515 8 40529 98 40666 16 40699 11 40725 42 40771 9 40784 100 40921 17 40953 14 40980 43 41027 10 41039 102 41176 19 41204 19 41235 44 41284 114 41428 23 41459 21 41490 44 41540 115 41681 26 41715 21 41745 44 41796 115 41918 4 41927 2 41936 28 41971 21 42001 10 42013 32 42052 116 42170 8 42180 8 42192 28 42227 21 42256 10 42269 32 42307 169 42484 20 42513 9 42524 34 42561 171 42740 20 42770 7 42780 208 42997 18 43035 208 43254 10 43265 6 43291 207 43511 9 43522 4 43547 207 43768 8 43803 209 44024 8 44058 212 44280 8 44314 214 44537 7 44571 213 44794 6 44827 214 45050 6 45082 216 45305 7 45339 216 45558 10 45595 229 45852 116 45969 111 46110 112 46225 111 46367 110 46481 111 46623 109 46736 112 46852 3 46880 98 46979 8 46993 111 47107 6 47139 94 47236 6 47249 84 47336 24 47363 6 47396 93 47506 82 47593 23 47619 7 47654 90 47763 80 47850 22 47874 13 47912 88 48020 79 48106 22 48130 15 48169 87 48275 63 48341 14 48362 22 48386 17 48426 85 48531 62 48597 15 48618 22 48642 23 48683 83 48787 61 48853 15 48874 22 48898 25 48939 81 49043 61 49109 15 49129 23 49154 26 49195 76 49299 62 49364 15 49385 18 49410 27 49452 73 49555 79 49641 18 49665 29 49708 72 49812 77 49897 17 49921 29 49964 71 50070 74 50153 17 50177 29 50221 70 50326 73 50410 16 50433 29 50478 68 50582 72 50666 15 50690 28 50736 66 50838 71 50923 14 50946 28 50994 63 51095 69 51180 13 51203 27 51255 57 51352 9 51366 52 51437 12 51459 27 51511 56 51610 5 51624 49 51694 10 51717 26 51767 57 51881 47 51952 7 51973 27 52023 58 52138 45 52210 4 52228 28 52280 6 52289 51 52394 45 52484 29 52537 5 52545 56 52651 44 52739 30 52797 61 52906 45 52994 31 53053 62 53162 45 53250 31 53316 55 53418 45 53505 32 53573 54 53674 44 53722 4 53760 33 53829 53 53930 44 53977 6 54016 35 54085 53 54186 43 54233 7 54272 35 54341 54 54442 42 54488 9 54528 36 54597 11 54609 42 54698 42 54744 9 54784 19 54806 14 54854 53 54955 56 55040 17 55066 10 55111 52 55212 56 55296 19 55322 9 55368 51 55468 57 55552 20 55578 9 55625 50 55725 10 55737 5 55748 33 55808 21 55834 8 55881 50 55981 10 56010 27 56064 22 56091 7 56137 50 56237 10 56268 25 56320 22 56348 5 56394 49 56493 14 56527 22 56576 23 56650 49 56749 16 56784 21 56832 22 56906 49 57006 15 57040 21 57088 22 57162 49 57263 13 57296 21 57344 7 57358 8 57419 48 57525 6 57551 21 57600 4 57614 10 57677 46 57783 3 57806 22 57856 4 57871 11 57935 43 58061 25 58112 3 58127 12 58193 40 58315 28 58383 13 58450 38 58571 29 58639 13 58711 32 58827 29 58895 13 58961 5 58967 31 59086 10 59100 12 59151 13 59217 36 59343 8 59357 11 59407 13 59472 37 59599 7 59615 7 59663 12 59727 36 59768 5 59782 1 59805 4 59855 6 59872 5 59918 13 59983 27 60011 7 60024 5 60038 1 60057 10 60108 10 60174 13 60238 15 60257 8 60280 5 60294 2 60312 12 60361 13 60430 13 60492 17 60514 6 60537 3 60550 4 60568 11 60615 15 60685 14 60747 18 60770 5 60786 1 60806 6 60823 12 60871 15 60942 12 61000 20 61041 2 61062 8 61079 12 61126 16 61198 10 61254 21 61296 5 61318 10 61334 13 61382 17 61455 7 61509 20 61573 13 61591 11 61638 17 61712 5 61764 19 61829 15 61847 11 61893 20 61948 4 61967 9 62019 19 62083 29 62149 21 62203 5 62222 11 62275 17 62334 29 62405 21 62458 6 62477 13 62531 17 62589 30 62641 5 62661 21 62712 8 62732 14 62787 17 62842 33 62892 11 62918 20 62965 14 62987 17 63043 16 63097 33 63145 15 63174 20 63221 15 63243 19 63299 15 63352 33 63400 17 63430 20 63477 15 63499 20 63556 13 63607 28 63656 20 63686 20 63733 16 63755 21 63815 8 63858 32 63912 22 63942 19 63988 17 64011 22 64113 33 64168 22 64197 20 64244 18 64267 23 64368 33 64423 23 64452 20 64500 19 64523 24 64623 34 64680 22 64706 22 64755 20 64779 25 64878 35 64936 22 64960 23 65011 21 65035 25 65134 34 65192 22 65216 8 65235 1 65266 22 65292 25 65389 35 65449 21 65472 7 65521 15
982804,0 65536
986585,0 4180 4181 255 4439 254 4696 253 4952 254 5207 416 5624 254 5881 253 6136 254 6392 255 6648 332 6981 186 7168 66 7238 252 7493 253 7749 253 8005 252 8261 251 8515 253 8771 251 9026 251 9282 250 9538 249 9794 248 10049 249 10305 248 10558 251 10812 251 11067 249 11323 248 11579 248 11835 247 12092 246 12348 238 12588 9 12604 238 12848 6 12860 238 13103 8 13115 239 13357 11 13370 240 13611 232 13845 253 14102 20 14123 230 14362 240 14605 2 14616 242 14872 240 15127 239 15379 241 15634 241 15889 241 16144 240 16395 245 16650 246 16906 246 17161 247 17417 247 17672 248 17927 249 18182 250 18437 251 18693 251 18948 252 19204 252 19459 253 19714 254 19969 1690 21661 253 21918 252 22175 251 22432 250 22691 249 22949 250 23206 251 23462 252 23719 253 23976 253 24233 253 24489 255 24746 255 25002 1534 26538 254 26795 223 27021 252 27277 252 27532 254 27788 254 28044 254 28300 253 28556 252 28812 252 29068 252 29324 252 29580 76 29659 173 29836 75 29918 2 29924 243 30181 243 30439 241 30697 240 30953 240 31211 239 31468 238 31724 239 31980 239 32236 239 32492 241 32750 247 33006 248 33263 248 33523 1 33527 8 33536 232 33779 3 33784 6 33792 232 34034 5 34040 5 34048 233 34286 14 34304 251 34560 253 34816 255 35072 3228 38301 1477 39781 252 40038 251 40294 251 40549 252 40805 252 41060 253 41315 253 41570 254 41825 4078 45905 250 46162 6 46169 101 46272 138 46425 100 46529 137 46682 101 46786 135 46937 227 47165 11 47193 227 47421 11 47448 239 47704 238 47960 237 48216 235 48472 234 48728 235 48984 236 49239 238 49494 240 49743 247 49998 249 50253 251 50508 108 50618 253 50873 254 51128 6005 57134 3964 61102 250 61359 249 61615 250 61870 3666
990714,99 12 134 9 178 31 240 16 354 13 390 8 434 31 496 16 573 3 609 13 646 9 690 31 753 15 828 5 865 12 902 9 946 31 1010 14 1084 6 1120 13 1158 10 1202 31 1267 13 1340 6 1376 12 1414 10 1458 30 1524 12 1596 6 1632 12 1670 10 1714 29 1781 11 1852 5 1888 14 1926 10 1969 30 2038 10 2108 4 2143 16 2183 9 2225 30 2300 4 2365 2 2398 19 2439 9 2481 31 2557 3 2654 19 2695 8 2738 30 2814 2 2910 19 2952 7 2994 30 3103 4 3166 20 3208 7 3251 29 3358 5 3422 20 3464 6 3507 29 3615 4 3678 19 3721 4 3764 29 3935 18 4020 29 4193 15 4277 29 4340 9 4368 1 4457 4 4536 26 4595 12 4622 5 4795 24 4851 13 4878 5 5051 25 5107 13 5134 6 5308 10 5321 11 5363 13 5390 7 5564 9 5578 11 5618 14 5647 7 5820 8 5834 11 5874 14 5903 10 6077 5 6090 12 6130 14 6160 10 6333 3 6345 14 6386 14 6416 10 6540 5 6585 10 6599 17 6642 14 6674 9 6795 7 6840 12 6854 19 6899 13 6933 6 7051 7 7094 36 7156 12 7192 1 7307 9 7349 37 7414 10 7452 4 7563 11 7603 39 7670 10 7708 5 7819 12 7859 38 7927 9 7964 5 8075 13 8114 40 8184 8 8221 4 8331 13 8370 40 8441 7 8478 1 8512 1 8587 13 8626 40 8696 8 8767 2 8843 12 8883 38 8947 9 9098 10 9139 37 9203 11 9353 9 9395 36 9459 12 9608 8 9652 33 9715 13 9864 8 9907 31 9970 14 10120 6 10159 34 10226 14 10376 4 10414 35 10482 14 10669 37 10738 14 10924 38 10995 13 11179 41 11251 13 11435 42 11508 12 11690 43 11764 12 11946 43 12020 12 12203 42 12276 12 12460 41 12530 14 12616 2 12718 39 12784 16 12870 5 12975 37 13039 17 13124 8 13230 38 13295 17 13379 10 13486 38 13551 17 13634 11 13742 38 13806 18 13890 12 13998 37 14062 18 14146 12 14255 36 14318 18 14402 13 14512 34 14573 19 14658 13 14772 30 14830 18 14914 13 15030 27 15086 18 15172 11 15287 25 15342 18 15431 7 15543 24 15599 17 15663 6 15689 3 15799 24 15856 16 15917 10 16054 25 16112 16 16172 12 16310 25 16368 16 16428 14 16565 26 16625 15 16683 16 16821 25 16881 15 16936 21 17063 4 17076 25 17133 2 17139 13 17191 28 17318 9 17332 24 17387 6 17398 10 17446 30 17574 34 17643 6 17655 9 17702 30 17830 34 17898 22 17959 30 18086 34 18153 23 18216 29 18342 34 18408 24 18473 28 18599 21 18621 10 18663 25 18728 29 18855 21 18879 6 18918 26 18983 30 19092 2 19112 20 19166 34 19239 31 19346 6 19368 20 19421 35 19495 31 19601 9 19624 20 19676 36 19751 31 19857 10 19879 21 19931 37 20007 21 20029 9 20114 9 20135 19 20186 38 20264 18 20287 6 20364 1 20370 10 20391 16 20439 41 20525 10 20618 5 20626 10 20647 15 20693 43 20771 4 20783 8 20874 5 20883 5 20903 14 20948 44 21025 7 21040 6 21130 6 21159 13 21203 45 21281 7 21297 5 21385 7 21415 13 21459 45 21535 9 21554 3 21641 8 21670 14 21715 45 21787 13 21898 6 21926 14 21970 46 22042 13 22155 4 22182 15 22226 46 22296 14 22438 14 22481 47 22552 13 22694 14 22737 47 22808 13 22950 14 22993 47 23064 12 23206 14 23249 47 23321 10 23462 14 23506 46 23577 9 23718 14 23762 46 23834 5 23974 14 24018 46 24230 14 24274 46 24487 12 24531 45 24744 11 24787 45 25003 8 25044 44 25261 7 25301 43 25517 8 25558 42 25732 1 25773 8 25815 41 25986 3 26029 13 26070 42 26134 5 26241 4 26285 15 26326 42 26389 8 26497 4 26541 16 26580 44 26645 9 26753 2 26797 17 26833 44 26901 9 27053 18 27088 45 27158 9 27186 4 27309 18 27344 44 27415 7 27441 7 27565 18 27600 44 27672 6 27697 8 27820 18 27857 42 27930 1 27954 6 28075 19 28113 42 28211 5 28330 19 28369 42 28468 2 28556 6 28587 18 28625 42 28672 10 28811 8 28843 17 28881 42 28928 12 29067 14 29100 15 29136 15 29154 25 29184 13 29323 17 29356 14 29392 15 29411 24 29440 14 29579 17 29613 14 29648 15 29668 27 29696 14 29835 18 29870 14 29904 15 29925 42 30090 19 30127 14 30161 13 30181 43 30346 19 30384 14 30418 11 30437 44 30601 19 30641 13 30674 10 30693 45 30856 20 30898 13 30932 6 30948 46 31112 20 31157 11 31189 2 31204 46 31368 19 31414 10 31459 46 31625 18 31672 8 31714 46 31881 17 31932 4 31968 48 32140 14 32186 8 32223 48 32403 7 32441 11 32479 47 32661 5 32697 12 32734 47 32811 3 32953 12 32989 48 33049 5 33066 5 33209 12 33244 52 33303 9 33321 6 33467 9 33499 57 33557 12 33576 7 33725 7 33755 73 33829 10 33952 3 34011 85 34206 6 34267 86 34460 8 34522 87 34713 11 34756 2 34777 87 34967 12 35005 3 35010 7 35032 88 35221 14 35259 15 35288 88 35475 15 35514 17 35544 88 35731 14 35769 18 35801 87 35987 14 36024 20 36058 85 36233 23 36280 20 36315 84 36482 29 36535 21 36573 48 36629 4 36635 20 36738 29 36790 23 36831 43 36891 20 36994 29 37046 23 37090 30 37122 5 37148 19 37250 29 37301 24 37349 27 37404 19 37507 28 37557 25 37611 21 37660 20 37764 16 37782 9 37812 26 37868 20 37916 21 38021 12 38039 9 38068 26 38127 8 38138 6 38172 22 38278 10 38295 9 38324 26 38386 14 38428 22 38535 8 38551 8 38566 3 38580 26 38638 3 38642 14 38684 23 38792 7 38806 9 38820 7 38836 26 38893 19 38941 21 39048 7 39062 24 39094 24 39149 19 39182 5 39197 21 39305 5 39318 25 39350 24 39406 18 39437 7 39453 15 39470 1 39562 3 39574 26 39607 23 39663 17 39693 8 39710 14 39831 26 39864 21 39920 16 39949 8 39966 13 40092 22 40120 21 40177 15 40205 9 40222 12 40348 23 40377 19 40433 15 40461 9 40478 11 40603 24 40635 16 40689 15 40718 9 40734 10 40859 25 40894 12 40945 15 40975 8 40990 10 41114 28 41152 10 41202 14 41231 9 41245 11 41369 30 41408 9 41445 5 41458 9 41469 3 41488 10 41502 9 41622 34 41669 2 41697 10 41716 5 41727 1 41744 11 41758 9 41876 36 41953 10 41974 2 41987 4 42000 12 42015 7 42132 36 42209 11 42241 7 42256 13 42274 3 42387 38 42465 11 42496 9 42512 14 42644 38 42722 10 42752 9 42767 15 42900 40 42978 10 43008 9 43023 17 43159 39 43246 5 43264 9 43278 19 43415 39 43501 7 43520 6 43533 20 43672 38 43756 10 43776 5 43788 21 43928 39 44009 15 44032 4 44042 23 44184 39 44235 2 44264 18 44288 3 44297 24 44441 38 44491 3 44520 20 44544 2 44549 28 44600 3 44699 37 44746 5 44775 23 44800 1 44803 30 44856 4 44956 36 45002 5 45030 25 45056 33 45112 5 45214 36 45258 5 45285 26 45312 33 45369 4 45421 2 45472 35 45514 5 45540 27 45568 32 45625 4 45676 5 45730 34 45770 5 45789 3 45795 28 45824 32 45882 3 45930 8 45987 33 46026 5 46041 38 46080 32 46186 9 46245 30 46283 3 46296 72 46442 10 46504 2 46512 9 46524 6 46552 51 46605 18 46698 10 46808 50 46863 16 46954 10 47064 49 47123 12 47190 4 47210 10 47319 50 47381 9 47445 9 47466 10 47575 50 47638 6 47700 13 47723 9 47830 52 47956 13 47979 9 48086 52 48212 13 48236 7 48342 52 48468 13 48492 7 48572 3 48599 50 48724 13 48748 7 48826 6 48855 50 48909 1 48980 13 49004 7 49080 8 49111 54 49238 11 49260 8 49334 10 49367 40 49408 13 49495 10 49517 8 49589 11 49624 38 49664 14 49752 8 49774 7 49844 11 49879 38 49920 15 50008 8 50031 6 50062 4 50098 12 50135 37 50176 15 50265 6 50289 2 50317 6 50354 12 50391 36 50432 15 50522 4 50573 6 50609 13 50647 31 50688 16 50829 6 50867 9 50903 28 50944 16 51086 5 51159 25 51200 16 51235 3 51342 6 51361 5 51415 24 51456 16 51490 6 51598 6 51614 10 51671 23 51712 15 51747 6 51853 7 51869 11 51928 22 51968 14 51987 2 52003 6 52091 3 52108 10 52120 16 52184 22 52224 13 52243 5 52259 7 52362 30 52441 20 52480 8 52499 8 52515 7 52617 31 52699 18 52736 7 52756 8 52769 8 52782 6 52872 33 52956 17 52992 7 53015 18 53038 7 53128 36 53214 15 53248 6 53271 17 53293 8 53383 39 53472 10 53504 4 53526 18 53549 9 53638 41 53760 3 53775 25 53806 7 53879 3 53894 42 54031 25 54062 6 54133 6 54150 42 54286 27 54319 3 54386 9 54406 42 54541 28 54634 17 54662 41 54739 2 54797 28 54889 18 54918 42 54995 2 55053 28 55144 20 55174 42 55252 1 55309 28 55400 21 55431 41 55564 29 55656 21 55687 41 55812 5 55821 29 55912 21 55945 39 56006 7 56067 7 56078 28 56168 21 56206 34 56260 12 56322 8 56335 27 56424 21 56462 33 56515 22 56577 10 56591 26 56680 21 56718 33 56770 27 56801 6 56833 10 56847 17 56935 22 56973 34 57025 41 57072 3 57089 10 57103 14 57190 22 57229 33 57281 51 57344 10 57359 13 57446 22 57485 33 57536 29 57566 22 57600 9 57615 13 57702 21 57741 32 57791 29 57823 21 57856 8 57871 12 57958 19 57997 33 58046 29 58079 20 58112 8 58127 13 58143 3 58214 18 58254 32 58301 30 58335 19 58369 6 58383 22 58470 18 58510 32 58555 34 58592 18 58627 2 58639 23 58726 18 58766 32 58810 36 58848 2 58857 8 58896 22 58982 19 59022 32 59065 40 59115 5 59152 23 59239 19 59278 31 59320 41 59410 22 59495 20 59535 31 59575 42 59661 2 59667 21 59752 20 59792 30 59830 43 59917 2 59925 19 60008 20 60048 30 60085 45 60173 2 60183 2 60189 12 60265 18 60305 29 60340 46 60447 10 60522 17 60561 29 60596 46 60703 9 60779 14 60817 18 60840 5 60852 46 60961 7 61035 13 61072 13 61098 2 61107 47 61218 5 61292 12 61321 19 61363 46 61476 2 61548 12 61575 21 61620 47 61805 10 61830 21 61876 49 62062 8 62086 21 62132 52 62320 5 62341 22 62388 52 62598 21 62644 53 62854 22 62900 54 62959 2 63110 22 63156 63 63368 20 63411 65 63626 18 63667 68 63744 1 63885 16 63922 71 64000 2 64026 2 64144 4 64150 7 64178 73 64256 3 64281 5 64408 5 64434 55 64493 18 64512 2 64537 6 64666 2 64691 53 64748 22 64792 8 64948 50 65003 22 65049 7 65205 46 65258 22 65305 8 65462 42 65514 22
995278,191 65 447 65 703 65 958 66 1215 65 1473 63 1730 62 1985 63 2240 64 2495 65 2750 66 2854 4 3004 68 3109 9 3259 69 3364 13 3514 70 3619 15 3770 70 3875 15 4026 70 4129 18 4281 71 4380 23 4538 70 4634 25 4794 70 4890 24 5042 78 5146 23 5296 80 5401 21 5552 80 5657 20 5807 81 5912 22 6063 81 6168 22 6319 9 6332 68 6424 23 6575 8 6588 68 6681 22 6831 7 6845 67 6939 19 7088 5 7101 67 7197 12 7357 67 7454 10 7612 68 7711 7 7868 68 7968 5 8121 71 8376 72 8631 73 8886 74 9143 73 9399 73 9654 74 9774 4 9910 74 10029 7 10166 74 10284 8 10422 74 10540 9 10678 74 10797 8 10936 72 11053 8 11193 71 11309 8 11450 70 11565 8 11703 73 11822 7 11956 76 12080 5 12211 77 12466 78 12722 78 12977 79 13232 80 13487 81 13743 81 13999 81 14255 81 14511 81 14746 6 14767 81 15001 9 15025 79 15257 13 15282 78 15513 14 15538 78 15741 6 15770 13 15795 77 15996 14 16026 13 16053 10 16071 57 16252 17 16282 13 16310 8 16327 57 16508 18 16538 13 16568 5 16583 57 16763 25 16794 13 16838 58 17019 26 17053 10 17094 58 17274 28 17309 9 17351 57 17529 29 17566 7 17608 56 17785 29 17822 6 17864 56 18040 31 18121 55 18296 31 18377 55 18552 30 18634 11 18646 27 18676 12 18793 5 18808 30 18891 9 18903 28 18932 12 19047 9 19063 31 19148 7 19159 41 19303 11 19316 34 19406 4 19418 38 19558 20 19579 27 19621 3 19675 37 19814 20 19837 25 19877 4 19933 35 20070 20 20095 23 20133 5 20190 34 20324 22 20352 23 20388 5 20448 32 20578 24 20609 22 20644 5 20707 1 20714 22 20833 25 20865 22 20901 3 20978 13 21088 25 21123 20 21158 1 21234 11 21343 28 21379 19 21490 10 21599 31 21636 18 21746 9 21854 32 21892 17 22003 7 22109 34 22149 15 22259 5 22364 35 22406 14 22517 1 22620 36 22662 14 22875 37 22918 14 23108 1 23131 37 23174 13 23364 1 23388 36 23430 5 23437 6 23620 1 23644 36 23686 5 23694 4 23901 37 23942 12 24159 35 24198 12 24413 38 24453 13 24666 7 24675 47 24921 8 24933 45 25154 3 25176 9 25193 42 25410 4 25431 11 25453 38 25666 13 25687 11 25710 38 25922 13 25943 13 25967 38 26177 15 26200 13 26224 39 26433 15 26456 14 26480 40 26689 16 26712 15 26735 42 26945 17 26968 17 26991 43 27201 18 27224 18 27247 43 27457 18 27479 21 27503 44 27713 18 27735 23 27759 44 27969 19 27990 70 28226 90 28482 90 28738 90 28995 88 29252 85 29509 83 29767 80 30023 80 30279 79 30535 80 30791 80 31047 82 31303 89 31394 1 31559 95 31662 5 31815 96 31917 8 32071 97 32172 10 32327 75 32407 32 32584 72 32663 32 32840 71 32920 30 33096 71 33178 26 33354 70 33435 20 33610 72 33691 17 33867 71 33947 16 34122 50 34173 22 34203 11 34378 50 34430 21 34459 10 34634 38 34675 9 34686 22 34714 9 34891 34 34932 8 34941 23 34970 7 35148 29 35188 8 35197 22 35226 5 35405 22 35444 8 35453 22 35482 3 35661 22 35700 8 35710 21 35916 25 35956 8 35966 20 36172 24 36212 7 36222 20 36428 21 36478 10 36491 7 36684 20 36734 10 36748 5 36940 19 36991 8 37005 2 37197 17 37246 8 37454 16 37494 3 37500 9 37711 13 37749 5 37755 9 37969 10 38003 15 38226 8 38257 17 38483 8 38511 18 38730 3 38740 8 38766 18 38985 5 38996 8 39021 16 39241 5 39252 9 39276 14 39496 7 39508 10 39531 13 39751 8 39763 12 39786 13 40006 9 40018 14 40041 13 40262 10 40273 15 40296 11 40517 11 40529 16 40553 6 40773 29 40810 2 41028 30 41284 30 41541 9 41551 19 41797 8 41808 19 42064 19 42320 18 42576 15 42832 13 43088 11 43345 7 43602 3
