id,segmentation
000001,0 31 38 125 174 112 293 126 429 112 548 127 683 113 803 128 937 115 1059 128 1192 116 1315 128 1447 117 1570 129 1702 117 1826 129 1957 118 2082 248 2338 247 2593 248 2849 247 3105 247 3360 248 3616 248 3871 249 4127 249 4383 249 4639 248 4895 247 5152 245 5408 245 5665 243 5921 243 6178 222 6402 18 6434 222 6658 18 6690 222 6913 19 6945 223 7169 19 7201 223 7425 19 7457 223 7681 19 7713 223 7938 18 7969 223 8194 18 8225 223 8451 16 8481 223 8707 16 8737 223 8964 15 8993 223 9221 13 9249 223 9477 16 9503 225 9734 17 9753 231 9994 246 10250 246 10504 248 10759 249 11014 250 11269 4622 15896 252 16153 253 16411 253 16667 254 16924 253 17181 252 17437 252 17693 252 17949 251 18206 248 18462 245 18718 243 18975 241 19231 239 19487 239 19743 188 19937 46 20000 183 20193 46 20256 182 20448 47 20513 178 20702 49 20768 177 20956 51 21024 170 21212 50 21280 130 21420 22 21467 50 21536 126 21678 4 21686 12 21722 49 21793 124 21942 12 21978 48 22052 78 22131 41 22199 11 22234 47 22308 77 22389 39 22455 11 22489 45 22564 76 22646 37 22711 10 22744 45 22819 76 22901 34 23000 44 23075 76 23156 34 23240 4 23255 44 23331 75 23412 33 23497 2 23511 44 23586 75 23668 32 23768 42 23824 3 23842 75 23924 31 24023 41 24079 6 24097 52 24152 21 24180 29 24279 41 24334 7 24351 51 24409 20 24436 29 24533 43 24589 8 24605 49 24666 18 24693 27 24788 44 24845 8 24861 39 24902 8 24922 16 24950 26 25043 45 25091 4 25101 8 25117 38 25159 6 25177 16 25209 23 25299 45 25346 6 25357 10 25373 37 25416 3 25433 15 25466 22 25555 45 25601 7 25612 15 25630 32 25688 15 25722 22 25810 55 25867 18 25891 26 25944 14 25979 21 26066 75 26150 22 26199 15 26235 21 26322 75 26407 22 26455 15 26491 21 26578 76 26665 20 26710 15 26747 21 26834 77 26922 20 26966 15 27003 21 27090 78 27179 20 27222 15 27260 14 27346 78 27435 20 27478 14 27516 13 27602 78 27692 20 27715 3 27734 11 27772 12 27858 79 27948 20 27969 6 27991 7 28029 9 28114 80 28204 27 28249 3 28286 5 28370 80 28461 26 28626 81 28718 25 28882 81 28974 25 29138 81 29232 24 29394 82 29491 21 29651 81 29747 21 29908 80 30004 20 30164 80 30266 14 30421 79 30523 12 30677 79 30780 11 30934 78 31037 10 31190 78 31293 9 31446 78 31548 10 31703 77 31803 11 31959 78 32059 10 32216 82 32315 10 32473 83 32571 9 32730 84 32827 8 32988 84 33084 7 33244 88 33340 6 33502 87 33596 5 33759 86 33853 2 34017 85 34274 85 34531 86 34787 88 35043 89 35236 13 35250 6 35299 90 35491 23 35555 91 35746 26 35811 92 36001 28 36068 92 36236 6 36257 28 36325 91 36491 8 36512 30 36581 92 36746 9 36767 31 36837 93 37001 10 37023 32 37093 94 37254 14 37278 35 37349 95 37509 17 37534 36 37605 96 37760 23 37789 41 37861 96 38016 25 38044 46 38117 97 38271 78 38373 97 38525 83 38629 97 38776 88 38886 97 39031 89 39143 96 39286 90 39400 95 39542 90 39656 95 39797 91 39913 94 40053 90 40170 93 40308 91 40428 91 40563 92 40686 89 40818 92 40943 87 41074 91 41201 84 41329 91 41458 83 41584 90 41715 81 41840 89 41972 81 42095 89 42229 80 42351 89 42485 81 42580 1 42607 91 42741 81 42835 4 42862 86 42950 5 42997 81 43090 7 43118 86 43206 5 43244 4 43252 82 43346 16 43373 84 43463 5 43495 10 43508 82 43602 18 43625 84 43720 4 43750 96 43858 106 43976 4 44006 96 44114 103 44233 2 44262 95 44370 103 44517 96 44626 102 44773 96 44881 108 45029 95 45137 110 45285 95 45392 111 45541 93 45647 112 45797 91 45903 113 46053 90 46159 113 46307 89 46415 115 46563 87 46672 115 46818 88 46929 98 47028 15 47074 88 47185 98 47286 12 47330 89 47442 97 47546 6 47585 90 47698 97 47800 8 47841 90 47955 96 48054 9 48097 90 48212 105 48352 91 48469 103 48608 91 48725 103 48862 94 48981 103 49117 103 49237 103 49371 108 49494 102 49626 111 49750 103 49882 112 50006 104 50137 113 50263 104 50388 118 50519 104 50642 120 50776 103 50898 120 51032 102 51150 123 51289 99 51404 125 51545 97 51659 125 51802 96 51911 129 52058 96 52165 132 52314 96 52420 134 52570 95 52672 139 52827 94 52926 142 53088 88 53182 142 53345 85 53437 144 53602 74 53679 6 53693 144 53859 71 53950 143 54115 70 54206 143 54372 69 54463 142 54628 68 54719 142 54885 7 54895 56 54976 141 55153 54 55232 141 55411 52 55488 142 55668 51 55744 143 55925 50 55989 3 56000 144 56182 48 56243 7 56256 145 56442 44 56497 9 56512 146 56702 40 56752 11 56768 147 56959 38 57007 12 57024 148 57216 37 57263 13 57280 149 57471 38 57519 13 57536 151 57726 40 57774 15 57793 151 57980 42 58029 18 58048 153 58235 44 58285 173 58490 46 58540 175 58745 47 58795 176 59001 226 59257 221 59513 219 59770 217 60026 217 60282 219 60512 3 60539 219 60766 6 60797 219 61020 9 61055 219 61275 11 61313 229 61572 227 61830 226 62058 1 62091 228 62349 227 62606 227 62862 93 62956 18 62976 113 63118 91 63213 16 63232 114 63352 1 63374 90 63469 16 63488 114 63606 6 63630 92 63725 15 63744 125 63884 112 64000 128 64139 112 64256 129 64394 112 64512 130 64650 112 64768 130 64907 111 65024 131 65163 111 65280 131 65419 111
000002,0 253 256 253 512 253 768 254 1024 254 1280 254 1536 254 1792 252 2048 252 2304 63232
000003,0 65536
000004,0 65536
000005,0 65536
000006,153 8 192 56 413 3 447 56 703 56 958 56 1213 57 1469 57 1724 58 1980 58 2236 59 2492 60 2748 60 3003 61 3259 60 3513 62 3766 65 4015 71 4270 72 4526 74 4781 28 4810 47 5036 27 5067 48 5119 1 5291 27 5323 53 5546 28 5580 52 5800 30 5836 52 6056 27 6092 52 6311 26 6348 52 6567 25 6604 52 6823 24 6860 52 7079 23 7115 53 7335 22 7370 54 7592 19 7625 55 7849 6 7858 6 7880 56 8136 56 8392 51 8647 50 8902 51 9157 53 9411 56 9666 57 9921 58 10176 59 10432 59 10688 59 10944 58 11200 58 11457 54 11517 1 11714 62 11970 62 12227 61 12484 60 12741 59 12999 57 13256 56 13513 55 13769 55 14026 54 14282 54 14539 53 14796 52 15053 51 15316 44 15574 42 15830 42 16086 42 16341 43 16596 44 16852 44 17108 44 17364 44 17620 44 17875 45 18131 45 18387 45 18642 10 18657 31 18898 9 18914 30 19154 8 19172 28 19410 8 19428 28 19666 7 19685 8 19694 18 19923 6 19941 7 19953 15 20179 5 20198 4 20211 3 20221 3 21723 2 21972 10 22227 12 22482 13 22737 14 22992 15 23248 16 23503 16 23759 16 23796 2 23807 1 24014 17 24051 5 24061 3 24270 16 24307 7 24316 4 24527 14 24563 8 24572 4 24783 12 24819 13 25040 10 25076 12 25296 8 25333 11 25553 6 25589 11 25809 5 25845 11 26101 11 26356 12 26612 12 26868 12 27123 13 27379 13 27635 13 27891 13 28147 13 28403 13 28659 13 28915 13 29170 14 29425 15 29681 15 29937 15 30193 13 30450 9 30707 7 30965 5 31222 2
000007,0 65536
000008,32 43 108 3 153 8 194 50 288 43 363 5 409 7 450 50 544 43 618 7 666 5 706 49 800 44 873 8 924 1 961 50 1057 44 1128 10 1217 50 1313 45 1384 10 1473 51 1569 45 1639 11 1729 52 1825 48 1895 11 1985 53 2082 49 2151 11 2241 54 2339 48 2407 10 2497 54 2595 49 2664 9 2753 55 2852 49 2920 7 3008 55 3108 50 3176 7 3264 55 3363 52 3433 6 3520 55 3609 63 3689 5 3776 55 3862 67 3946 4 4032 56 4116 70 4204 1 4288 57 4371 72 4479 4 4544 59 4627 73 4733 7 4776 4 4799 60 4882 75 4988 9 5030 10 5054 61 5138 77 5242 12 5285 16 5310 62 5394 80 5497 15 5533 26 5565 62 5650 83 5752 17 5788 30 5820 63 5906 86 6007 18 6043 96 6162 87 6262 20 6298 96 6418 87 6518 19 6554 96 6675 86 6773 19 6810 96 6931 86 7029 19 7065 96 7187 85 7285 19 7320 96 7443 85 7541 19 7574 98 7685 6 7698 85 7798 18 7829 98 7941 8 7953 86 8055 16 8085 98 8195 100 8312 10 8324 1 8341 98 8448 103 8568 9 8596 98 8704 103 8821 4 8827 5 8852 98 8960 103 9076 5 9083 5 9107 98 9216 103 9332 5 9340 3 9362 99 9472 103 9589 3 9618 98 9728 103 9846 1 9874 98 9984 103 10130 96 10240 103 10386 95 10496 103 10642 94 10752 103 10898 93 11008 102 11155 92 11264 101 11412 91 11520 100 11669 90 11776 99 11926 89 12032 98 12183 88 12288 97 12439 89 12544 97 12696 88 12800 97 12952 90 13056 98 13209 89 13312 98 13465 90 13568 98 13722 89 13824 99 13980 88 14080 99 14236 88 14336 99 14492 88 14592 99 14748 86 14848 99 15004 83 15104 100 15223 3 15259 83 15360 101 15472 12 15515 83 15616 103 15726 20 15771 83 15872 104 15981 22 16027 83 16128 105 16237 23 16283 83 16384 134 16539 83 16640 135 16795 83 16896 136 17052 82 17152 137 17309 81 17408 138 17566 79 17664 139 17823 78 17920 139 18081 76 18176 140 18320 3 18334 78 18432 140 18574 7 18589 79 18688 150 18844 79 18944 150 19100 79 19200 151 19355 79 19456 151 19611 76 19712 152 19866 77 19959 4 19968 230 20215 5 20224 230 20470 6 20480 229 20726 5 20736 229 20982 4 20992 229 21238 4 21248 229 21494 4 21504 229 21738 5 21750 4 21760 230 21992 8 22006 5 22016 241 22262 5 22272 241 22518 5 22528 241 22774 6 22784 241 23030 6 23040 241 23287 5 23296 243 23544 4 23552 244 23801 1 23808 244 24064 244 24320 244 24576 243 24832 243 25088 243 25344 242 25600 242 25856 241 26112 240 26368 239 26624 238 26880 237 27136 237 27392 237 27648 236 27904 236 28160 236 28416 236 28672 236 28928 236 29184 126 29315 105 29440 125 29571 104 29696 125 29827 104 29952 124 30083 104 30208 123 30338 104 30464 122 30593 104 30720 120 30849 103 30976 118 31104 104 31232 116 31359 104 31488 116 31613 107 31744 117 31868 110 31988 2 32000 117 32123 112 32241 7 32256 117 32378 114 32496 9 32512 117 32633 116 32750 12 32768 118 32889 129 33024 118 33143 131 33280 250 33537 249 33794 95 33895 147 34048 95 34154 128 34286 12 34304 95 34410 121 34534 2 34544 10 34560 79 34666 118 34802 9 34816 71 34922 117 35059 8 35072 71 35177 117 35315 8 35328 71 35432 116 35571 8 35584 71 35687 116 35827 8 35840 69 35942 117 36083 8 36096 65 36198 117 36340 7 36352 63 36453 118 36597 5 36604 66 36709 119 36859 66 36965 119 37114 66 37221 119 37370 65 37476 120 37614 2 37626 64 37733 119 37869 4 37884 62 37978 1 37989 119 38124 5 38144 57 38245 119 38380 5 38400 57 38502 117 38636 4 38656 56 38758 101 38864 9 38900 4 38912 54 39015 99 39155 65 39271 99 39410 65 39516 3 39526 99 39666 64 39770 6 39782 99 39922 63 40025 8 40038 100 40177 63 40271 18 40293 101 40433 60 40525 21 40549 101 40683 2 40688 16 40705 43 40780 127 40938 22 40962 37 41036 126 41193 23 41218 35 41292 126 41446 26 41474 34 41548 126 41701 27 41731 31 41804 127 41957 27 41987 30 42060 127 42215 1 42218 22 42244 27 42316 127 42474 22 42503 22 42572 128 42730 22 42761 18 42828 129 42985 23 43018 15 43084 129 43240 24 43275 12 43342 128 43493 1 43496 24 43532 6 43601 125 43747 29 43789 4 43857 125 44003 29 44114 12 44127 110 44259 5 44266 21 44371 8 44385 107 44516 3 44525 18 44629 4 44642 105 44782 16 44898 105 45038 15 45154 104 45295 14 45411 103 45551 13 45667 104 45807 11 45924 104 46064 7 46181 104 46321 3 46437 105 46693 105 46950 104 47177 3 47206 103 47420 6 47431 6 47462 102 47673 10 47686 8 47717 100 47871 1 47927 24 47973 100 48127 1 48180 29 48228 100 48435 30 48482 102 48690 31 48736 105 48886 3 48945 32 48990 110 49141 6 49200 33 49246 111 49390 18 49455 33 49502 111 49644 20 49711 32 49758 111 49899 21 49966 32 50014 110 50154 22 50219 34 50270 110 50408 24 50465 3 50473 34 50527 108 50662 26 50719 44 50783 107 50916 28 50974 45 51038 107 51171 29 51230 45 51292 108 51427 29 51482 49 51546 109 51683 29 51733 54 51796 115 51940 28 51987 56 52051 116 52196 28 52238 60 52306 118 52452 28 52492 62 52562 121 52695 4 52705 31 52747 63 52818 124 52950 42 53002 64 53074 126 53205 43 53257 65 53330 128 53460 44 53513 65 53586 174 53769 65 53842 174 54025 65 54097 175 54281 65 54352 176 54537 65 54605 179 54793 247 55049 247 55305 247 55560 248 55816 248 56072 248 56328 248 56584 248 56840 248 57096 248 57352 248 57608 248 57865 247 58122 246 58379 245 58636 244 58892 244 59149 243 59406 242 59663 241 59920 240 60183 233 60440 232 60696 232 60952 232 61208 232 61464 232 61721 231 61978 230 62235 229 62493 227 62749 227 63006 226 63263 225 63521 223 63778 222 64035 221 64291 221 64547 221 64798 2 64804 220 65053 3 65060 220 65307 5 65316 220
000009,0 26 40 21 107 4 154 127 296 21 364 2 410 127 551 22 665 127 805 23 921 116 1042 6 1061 22 1178 112 1300 3 1316 13 1334 1 1434 112 1572 12 1690 111 1827 13 1893 9 1947 110 2080 17 2148 11 2203 110 2334 21 2403 13 2459 110 2589 26 2618 5 2659 14 2715 110 2845 35 2914 16 2970 110 3100 41 3170 16 3226 111 3356 42 3426 16 3482 110 3613 42 3682 16 3738 110 3870 41 3938 15 3994 110 4127 41 4194 15 4250 110 4383 41 4450 14 4506 109 4630 3 4640 41 4706 13 4763 108 4885 5 4898 40 4961 13 5019 107 5141 7 5155 39 5216 14 5276 106 5397 8 5412 39 5473 13 5533 104 5653 8 5669 38 5716 3 5729 12 5790 103 5910 8 5926 38 5970 8 5986 11 6047 101 6166 8 6184 51 6243 10 6303 102 6423 8 6440 52 6499 9 6560 101 6680 8 6697 52 6756 7 6816 102 6928 2 6937 8 6953 53 7012 7 7072 102 7182 20 7209 53 7270 4 7328 102 7437 22 7466 52 7584 96 7681 5 7693 23 7722 51 7840 96 7938 3 7948 24 7977 52 8096 96 8204 81 8352 96 8460 82 8609 95 8716 82 8865 95 8973 82 9121 95 9229 82 9377 95 9485 83 9632 96 9741 29 9771 53 9888 96 9996 28 10028 51 10143 97 10252 28 10285 50 10380 116 10508 27 10541 50 10635 117 10765 25 10797 50 10890 118 11021 25 11053 50 11146 118 11278 23 11309 50 11402 118 11534 22 11565 51 11657 119 11790 21 11821 51 11912 120 12046 20 12078 51 12167 121 12302 20 12334 51 12422 122 12559 18 12592 50 12677 123 12818 15 12851 47 12932 124 13078 10 13109 45 13187 125 13337 5 13366 45 13441 127 13624 43 13696 128 13880 43 13951 129 14136 43 14208 128 14392 44 14464 128 14648 44 14721 127 14904 44 14978 126 15161 43 15234 126 15417 43 15490 126 15673 44 15746 126 15929 45 16001 127 16186 45 16256 128 16442 46 16512 128 16698 46 16768 128 16954 46 17025 127 17209 47 17281 127 17465 47 17537 127 17719 50 17790 130 17973 52 18046 130 18226 55 18302 130 18478 59 18558 130 18731 62 18816 2 18820 124 18986 62 19077 123 19242 62 19333 123 19497 63 19589 123 19753 64 19845 123 20009 65 20102 122 20264 67 20359 121 20519 69 20616 6 20623 113 20774 70 20871 121 21030 71 21126 9 21137 111 21286 71 21382 122 21541 33 21575 37 21637 123 21797 71 21893 123 22053 70 22148 124 22309 69 22405 123 22566 67 22661 123 22822 68 22917 123 23078 68 23174 122 23335 67 23429 123 23591 68 23681 127 23847 68 23936 128 24103 69 24192 128 24359 69 24448 128 24615 70 24704 128 24871 70 24961 127 25093 6 25106 1 25126 71 25218 126 25347 10 25382 71 25475 125 25603 13 25637 72 25732 124 25858 15 25893 73 25988 124 26114 15 26148 75 26245 123 26370 15 26404 76 26501 123 26627 13 26660 77 26757 123 26885 9 26918 75 27013 123 27143 5 27175 75 27268 124 27431 75 27523 125 27687 75 27779 125 27944 75 28034 126 28184 1 28200 75 28290 126 28457 75 28545 127 28713 77 28801 127 28970 77 29055 129 29227 213 29485 2 29491 205 29747 205 30004 204 30261 203 30518 202 30777 199 31036 196 31294 194 31551 57 31609 135 31807 57 31868 132 32063 58 32125 131 32318 194 32574 194 32830 194 33086 60 33147 133 33343 58 33404 132 33602 55 33661 131 33860 53 33917 131 34117 187 34373 187 34630 186 34886 186 35141 187 35331 5 35339 5 35397 187 35586 15 35653 187 35842 16 35909 187 36098 16 36165 104 36272 80 36354 16 36421 96 36528 80 36610 17 36677 95 36784 80 36866 17 36884 7 36934 94 37040 80 37122 26 37190 93 37296 80 37378 26 37446 93 37552 80 37635 25 37702 94 37808 80 37893 23 37957 95 38065 79 38154 18 38213 96 38319 81 38411 17 38469 97 38574 82 38668 16 38725 98 38830 82 38925 16 38982 98 39085 83 39181 16 39238 97 39340 84 39437 16 39496 94 39596 84 39692 17 39753 90 39852 84 39948 16 40009 89 40107 85 40203 17 40265 90 40363 85 40459 17 40521 91 40619 85 40715 17 40777 91 40875 85 40970 18 41010 3 41034 60 41099 25 41131 85 41226 21 41265 5 41290 60 41356 24 41387 85 41481 25 41521 5 41547 59 41612 25 41643 85 41737 26 41777 5 41804 48 41854 7 41868 25 41898 86 41993 28 42033 5 42060 47 42111 4 42125 25 42152 88 42248 31 42290 3 42315 48 42381 115 42503 32 42552 4 42570 17 42589 30 42638 114 42759 32 42807 6 42826 16 42846 28 42894 21 42918 90 43015 32 43063 6 43081 18 43107 23 43151 17 43174 90 43271 32 43319 6 43332 23 43363 23 43407 14 43431 89 43527 32 43575 5 43586 26 43619 23 43664 7 43688 88 43784 31 43831 5 43842 26 43875 23 43921 5 43944 88 44040 32 44098 26 44130 25 44201 87 44297 31 44353 27 44386 26 44457 87 44553 32 44610 26 44641 29 44714 86 44808 33 44845 5 44866 26 44897 31 44970 86 45064 34 45099 15 45122 25 45153 32 45225 87 45320 51 45377 27 45409 33 45481 87 45574 54 45633 27 45664 36 45736 88 45828 58 45889 29 45919 37 45991 89 46083 130 46246 90 46338 132 46501 91 46593 134 46756 227 47011 229 47266 230 47522 230 47777 231 48033 231 48289 230 48545 230 48800 230 49056 229 49312 228 49568 227 49824 226 50080 223 50336 216 50592 216 50848 217 51104 217 51360 168 51532 46 51617 164 51789 46 51874 5 51882 152 52046 47 52139 151 52302 49 52394 151 52559 49 52650 151 52818 47 52906 151 53075 46 53162 152 53331 7 53339 38 53419 151 53588 6 53595 38 53675 150 53844 45 53932 149 54102 43 54160 1 54189 147 54360 42 54414 8 54427 5 54446 146 54616 46 54669 20 54702 146 54872 50 54925 21 54957 148 55128 75 55208 157 55384 74 55461 162 55639 75 55716 163 55896 74 55972 164 56152 11 56165 60 56228 164 56408 10 56423 59 56484 163 56664 10 56681 222 56920 10 56940 218 57177 8 57200 214 57433 7 57461 209 57691 4 57717 209 57973 209 58229 11 58245 193 58485 10 58504 190 58741 9 58764 186 58998 7 59021 185 59255 4 59278 184 59535 183 59793 182 60052 179 60309 179 60566 180 60822 183 61079 183 61335 7 61344 6 61352 166 61603 173 61861 171 62118 170 62374 169 62630 168 62886 168 63142 168 63314 1 63398 168 63567 6 63654 176 63833 4 63910 184 64135 2 64166 185 64390 5 64422 185 64645 7 64679 89 64777 67 64845 19 64900 9 64941 83 65033 65 65102 17 65156 9 65196 84 65290 63 65359 15 65412 9 65452 84
000010,0 65536
000011,64999 4 65013 3 65255 7 65269 4 65511 7 65525 4
000012,873 8 1128 10 1384 10 1640 10 1896 10 2152 10 2408 10 2425 5 2665 8 2679 7 2922 4 2934 9 3186 13 3439 17 3694 18 3949 20 4204 21 4460 20 4715 21 4971 19 5227 18 5483 15 5739 13 5995 11 6252 10 6509 9 6765 9 7022 7 7280 3 12680 8 12932 14 13186 16 13441 18 13696 19 13952 20 14208 21 14464 21 14720 21 14977 20 15233 20 15491 18 15749 15 16014 4 16272 1 17554 3 17810 4 18065 7 18321 8 18576 9 18831 10 19087 11 19344 8 19600 7 19858 3 20988 4 21243 5 21499 5 21754 6 22010 6 22266 6 22522 6 22779 5 31860 5 32084 10 32114 8 32339 12 32369 10 32589 19 32625 10 32844 22 32881 11 33099 23 33138 9 33353 26 33396 7 33608 28 33652 6 33864 28 33909 4 34120 28 34159 5 34165 4 34376 24 34413 10 34633 21 34660 1 34668 8 34891 13 34915 17 35149 9 35170 16 35426 15 35682 14 35939 13 36195 12 36451 11 36708 9 36966 5 39500 4 39755 6 40009 9 40265 10 40518 14 40772 16 41027 17 41283 17 41538 18 41792 19 42048 20 42303 22 42559 23 42814 24 43070 25 43326 25 43581 26 43837 27 44090 30 44344 32 44599 34 44854 35 45110 36 45366 36 45622 36 45879 35 46100 3 46135 35 46352 9 46391 35 46607 10 46646 35 46862 12 46902 35 47117 14 47158 35 47372 17 47414 35 47627 18 47670 34 47883 18 47927 33 48138 19 48184 31 48393 19 48440 29 48640 3 48648 20 48697 28 48896 5 48903 20 48959 22 49152 28 49216 21 49408 28 49472 21 49664 27 49728 22 49920 27 49983 24 50176 26 50239 24 50432 26 50495 24 50688 25 50751 25 50944 16 51007 25 51200 14 51262 26 51453 7 51463 6 51518 26 51709 5 51720 5 51773 26 51963 5 52029 25 52219 5 52285 25 52475 5 52541 25 52730 6 52798 24 52987 5 53056 22 53243 5 53313 20 53351 2 53498 7 53568 20 53606 5 53754 7 53824 19 53862 5 54007 9 54080 19 54119 4 54263 9 54336 18 54376 2 54386 4 54518 10 54593 17 54641 7 54774 10 54822 4 54849 13 54897 7 55030 10 55077 7 55105 12 55153 9 55286 11 55332 10 55362 11 55410 8 55543 11 55587 12 55618 10 55660 1 55666 9 55800 9 55841 15 55874 8 55915 4 55922 11 56056 7 56064 1 56096 23 56131 6 56170 6 56179 11 56314 4 56349 29 56388 4 56426 21 56605 30 56682 21 56860 31 56937 7 56945 15 57116 32 57193 7 57201 15 57372 32 57450 5 57459 13 57628 31 57706 4 57715 13 57884 31 57963 2 57972 13 58141 30 58229 12 58397 30 58440 1 58484 15 58653 30 58695 4 58740 16 58909 31 58948 8 58976 4 58984 1 58996 18 59165 31 59203 10 59232 6 59239 4 59251 20 59429 23 59459 12 59487 13 59507 23 59657 2 59685 22 59714 14 59743 13 59763 24 59912 5 59941 22 59969 16 59999 13 60020 23 60167 7 60195 22 60225 17 60255 12 60279 21 60423 8 60448 25 60480 18 60511 11 60536 20 60678 9 60701 28 60736 17 60760 3 60767 9 60792 20 60934 10 60956 30 60992 16 61016 4 61023 9 61047 21 61190 10 61201 1 61209 33 61247 17 61272 6 61279 9 61303 21 61445 53 61503 16 61529 4 61535 8 61559 21 61700 54 61759 15 61786 3 61793 4 61815 21 61955 54 62016 13 62070 22 62210 55 62274 9 62325 23 62466 55 62531 6 62581 22 62721 56 62836 23 62977 57 63085 4 63091 23 63233 57 63340 30 63488 58 63596 30 63744 58 63852 29 64000 57 64107 30 64256 57 64362 30 64512 56 64618 30 64768 56 64874 30 65024 55 65131 28 65280 55 65387 26
000013,197 14 454 13 710 13 968 12 1235 1 6536 5 6791 8 7046 9 7301 10 7555 13 7810 14 8065 15 8321 15 8577 15 8834 13 9091 5 9873 2 9907 3 10128 4 10162 5 10374 1 10384 4 10417 6 10623 11 10640 4 10672 7 10878 14 10897 3 10927 9 11133 23 11181 12 11201 3 11388 24 11436 15 11456 11 11644 24 11692 31 11900 25 11947 33 12157 25 12202 33 12415 8 12425 13 12457 34 12671 23 12713 33 12927 23 12968 33 13183 23 13224 31 13439 22 13480 29 13695 22 13736 30 13951 21 13992 30 14206 21 14248 31 14460 22 14504 31 14714 24 14760 32 14970 23 15016 32 15225 24 15271 34 15480 24 15527 34 15736 23 15782 36 15992 22 16038 18 16058 16 16077 4 16248 21 16294 18 16314 16 16333 5 16503 21 16549 18 16571 25 16759 19 16806 17 16827 27 17016 17 17062 16 17085 26 17272 16 17319 14 17341 31 17528 16 17576 13 17597 31 17785 14 17832 14 17853 32 18042 12 18089 14 18109 33 18346 14 18365 33 18602 15 18621 33 18859 8 18870 2 18877 33 19117 4 19130 36 19384 38 19640 39 19895 40 20151 40 20407 40 20663 40 20919 40 21176 38 21432 38 21688 37 21944 36 22200 35 22455 36 22710 37 22966 36 23221 36 23477 35 23733 34 23988 34 24244 34 24500 33 24756 33 25012 31 25268 30 25524 30 25780 30 26037 30 26294 32 26550 32 26807 32 27064 7 27074 20 27321 5 27331 19 27578 3 27588 18 27835 1 27845 18 28102 17 28360 16 28616 16 28872 16 29129 15 29386 14 29644 12 29901 10 30158 7
000014,183 7 439 7 695 7 952 5 1023 1 1154 4 1208 4 1277 3 1410 5 1526 2 1532 4 1666 6 1787 5 1921 8 2042 6 2177 9 2298 6 2432 11 2554 6 2688 12 2810 6 2943 13 3010 4 3067 5 3198 15 3234 1 3265 7 3323 5 3449 20 3478 4 3488 5 3520 9 3578 6 3702 24 3734 4 3744 6 3775 11 3835 5 3956 27 3990 5 3999 7 4030 12 4091 5 4212 28 4246 5 4254 8 4286 12 4348 4 4467 39 4510 8 4542 13 4723 39 4767 7 4798 14 4978 36 5023 8 5055 13 5234 36 5280 8 5311 14 5488 39 5534 11 5567 15 5743 40 5787 14 5823 16 5998 42 6042 15 6078 17 6254 58 6334 17 6509 59 6590 17 6764 60 6845 18 7019 61 7101 17 7272 63 7357 17 7413 1 7528 62 7613 16 7669 2 7711 2 7783 55 7870 14 7924 3 7965 10 8039 52 8127 13 8181 1 8219 14 8294 52 8383 13 8417 3 8474 16 8550 52 8640 13 8673 4 8729 17 8806 52 8896 13 8928 6 8984 18 9062 52 9152 13 9184 6 9239 20 9318 52 9408 14 9439 7 9493 22 9574 52 9664 13 9695 6 9747 23 9830 52 9921 12 9951 5 10003 23 10087 51 10177 11 10259 22 10343 51 10433 11 10514 22 10600 50 10689 10 10770 21 10857 48 10946 7 11026 9 11039 8 11114 47 11203 4 11282 8 11296 6 11371 46 11538 8 11552 6 11627 45 11776 1 11794 8 11809 5 11884 44 12032 1 12051 7 12066 4 12142 42 12308 6 12322 3 12401 39 12565 5 12580 1 12658 38 12821 5 12916 37 13078 3 13173 37 13316 2 13429 37 13571 5 13685 37 13826 7 13941 38 14082 8 14197 38 14337 10 14453 37 14580 4 14593 11 14710 36 14834 8 14848 15 14911 3 14966 36 15089 11 15104 16 15167 6 15223 35 15344 12 15360 19 15422 11 15479 13 15495 18 15598 14 15616 22 15678 11 15737 8 15753 15 15853 15 15872 23 15934 12 16011 12 16108 16 16128 23 16190 11 16268 9 16364 15 16384 23 16445 12 16525 6 16620 14 16640 23 16701 11 16876 14 16896 22 16958 9 17132 13 17152 23 17214 8 17388 13 17408 24 17472 4 17644 13 17664 24 17729 2 17898 14 17922 23 18151 16 18179 22 18407 15 18435 22 18662 15 18692 21 18919 13 18948 21 19176 11 19205 19 19433 9 19464 16 19587 4 19689 8 19720 16 19841 6 19946 7 19976 15 20096 7 20112 4 20123 6 20202 5 20231 16 20352 7 20367 5 20377 9 20486 17 20607 7 20622 6 20631 12 20742 17 20863 7 20877 23 20998 17 21119 7 21132 24 21254 17 21375 7 21388 25 21510 17 21632 7 21644 25 21766 17 21887 8 21900 26 22022 17 22142 10 22157 29 22278 17 22398 10 22413 30 22533 18 22653 11 22669 31 22789 18 22909 10 22926 30 23045 18 23165 10 23182 31 23301 17 23421 9 23438 31 23558 15 23678 7 23695 31 23815 13 23934 7 23951 31 24073 8 24191 5 24208 31 24448 4 24464 32 24706 1 24721 31 24978 38 25236 38 25493 38 25749 38 26006 38 26111 1 26263 38 26366 2 26520 37 26621 3 26776 37 26876 4 27033 36 27131 5 27289 36 27386 6 27546 29 27642 6 27802 28 27897 7 28060 26 28152 8 28324 17 28408 8 28581 15 28663 9 28840 9 28914 14 29099 2 29169 15 29424 16 29680 16 29936 16 30193 6 30200 8 30451 1 30457 7 30714 6 30970 6 31228 4 31485 3 31742 2 31998 2 32254 2 32509 3 32765 3 33020 4 33276 4 33532 4 33788 4 34044 4 34301 3 34558 2 34815 1 35581 3 35835 5 36088 8 36344 8 36598 10 36853 11 37109 11 37365 11 37621 11 37877 11 38134 4 38142 2 38390 2 38398 2 38653 3 38730 3 38909 3 38985 6 39164 4 39241 7 39420 4 39496 9 39676 4 39752 10 39932 4 40008 10 40188 4 40264 11 40444 4 40520 12 40700 4 40776 13 40954 6 41033 13 41197 1 41209 7 41289 13 41450 8 41465 7 41545 14 41703 13 41720 8 41801 14 41957 27 42057 15 42211 29 42314 15 42466 30 42571 15 42721 31 42827 15 42977 31 43083 15 43233 31 43338 16 43489 31 43594 16 43745 31 43850 15 44001 31 44105 14 44258 30 44362 9 44514 30 44618 6 44771 29 45027 29 45282 30 45538 30 45795 29 46052 28 46308 28 46564 28 46820 28 47075 29 47329 31 47584 32 47840 32 48095 33 48351 33 48607 33 48862 34 49118 34 49373 35 49627 37 49883 37 50138 38 50394 38 50649 39 50904 40 51159 41 51414 42 51669 43 51924 44 52179 45 52379 5 52434 46 52634 7 52690 46 52888 10 52945 47 53144 10 53200 48 53399 11 53437 5 53456 48 53654 12 53692 8 53710 50 53910 11 53946 14 53965 51 54166 11 54201 71 54422 10 54456 72 54678 10 54712 72 54934 9 54968 72 55190 9 55224 72 55446 8 55480 72 55703 6 55736 72 55993 71 56249 71 56506 70 56762 70 57018 70 57103 5 57274 70 57357 8 57531 69 57612 10 57789 73 57867 12 58049 70 58123 12 58310 82 58567 82 58824 81 59081 80 59339 78 59599 74 59857 72 60116 69 60374 67 60632 64 60889 63 61145 63 61402 62 61658 62 61914 62 62169 64 62424 65 62680 65 62936 66 63193 65 63451 63 63708 36 63745 25 63964 36 64002 24 64220 36 64259 23 64476 36 64515 24 64732 36 64770 25 64988 63 65244 63 65501 35
000015,7 2 21 4 31 4 38 9 225 27 263 2 278 2 287 4 295 7 481 27 519 3 534 2 543 4 551 7 737 27 776 2 789 2 799 4 809 4 892 4 993 27 1032 3 1045 2 1055 4 1148 5 1249 28 1289 2 1301 3 1404 6 1505 28 1545 2 1557 3 1660 7 1762 28 1792 1 1802 3 1812 3 1835 4 1917 6 2023 23 2048 2 2058 4 2065 4 2088 9 2174 4 2280 21 2304 3 2314 9 2342 11 2536 20 2560 3 2569 10 2597 12 2792 19 2816 4 2825 9 2852 13 3048 18 3072 6 3080 10 3098 2 3107 15 3304 17 3328 18 3353 5 3361 18 3560 17 3584 19 3608 7 3617 18 3816 17 3840 8 3849 10 3863 8 3876 16 4072 17 4096 7 4106 9 4117 10 4132 16 4328 16 4352 7 4363 20 4387 17 4584 16 4608 6 4619 20 4641 19 4840 15 4864 5 4873 43 5097 10 5128 7 5137 35 5354 8 5384 7 5393 36 5611 7 5640 6 5649 37 5867 7 5905 39 6124 6 6162 39 6381 5 6418 39 6675 39 6931 40 7187 41 7443 42 7698 43 7951 46 8207 46 8462 47 8718 46 8974 43 9231 37 9487 36 9743 36 9999 35 10144 1 10255 34 10397 12 10511 33 10577 2 10651 15 10742 5 10767 31 10831 8 10902 22 10998 6 11023 30 11087 10 11109 5 11139 4 11157 24 11253 7 11279 29 11342 15 11365 6 11395 5 11413 25 11509 7 11535 28 11597 18 11620 8 11651 6 11669 11 11681 13 11764 6 11792 26 11852 20 11875 9 11907 5 11923 13 11939 11 12018 6 12051 24 12107 22 12131 9 12165 2 12171 22 12197 8 12274 4 12308 7 12318 13 12363 23 12387 9 12426 23 12454 6 12531 1 12565 6 12575 12 12619 23 12643 9 12682 24 12823 2 12832 12 12875 32 12939 24 13089 12 13131 25 13157 3 13194 26 13345 14 13387 25 13444 4 13449 27 13601 14 13642 26 13699 34 13833 2 13857 14 13896 29 13954 36 14087 4 14114 13 14150 31 14209 37 14336 5 14342 6 14373 8 14406 32 14463 39 14592 11 14662 32 14717 41 14848 10 14919 31 14973 41 15104 8 15176 31 15229 40 15360 7 15434 29 15486 38 15616 6 15695 25 15743 37 15872 5 15952 24 16001 35 16128 5 16209 22 16258 35 16297 3 16384 5 16466 20 16514 43 16640 6 16723 18 16771 42 16896 7 16954 3 16981 15 17027 42 17152 8 17210 4 17239 12 17283 42 17408 9 17465 5 17497 9 17539 42 17664 11 17679 2 17721 5 17757 2 17796 41 17920 12 17934 4 17975 7 18052 41 18176 18 18227 12 18308 40 18432 18 18482 14 18564 38 18688 19 18740 12 18820 37 18944 19 18996 13 19076 36 19200 14 19215 3 19254 11 19331 38 19456 12 19513 8 19585 40 19712 11 19770 6 19839 42 19968 3 19974 3 20026 6 20094 43 20284 5 20349 44 20543 3 20605 44 20660 3 20797 6 20861 45 20915 4 21052 8 21117 45 21170 5 21307 9 21374 44 21427 2 21561 12 21631 30 21665 8 21810 19 21888 29 21922 7 22065 20 22146 27 22178 7 22320 21 22403 26 22435 5 22576 20 22660 25 22692 3 22832 18 22916 24 23088 14 23172 23 23198 4 23345 12 23428 21 23455 2 23603 9 23684 19 23862 5 23941 17 24197 16 24454 14 24711 13 24815 3 24967 13 25069 7 25224 11 25324 10 25480 11 25580 10 25736 11 25835 12 25993 10 26090 13 26251 7 26346 13 26601 14 26851 21 27106 22 27362 25 27618 22 27643 1 27874 22 27899 1 28130 22 28155 1 28386 21 28642 21 28898 21 29155 20 29411 19 29668 17 29924 17 30180 9 30190 6 30436 8 30692 7 30949 6 31205 5 31281 4 31462 3 31535 7 31789 10 31999 1 32044 12 32227 2 32254 2 32299 18 32483 3 32509 3 32554 21 32586 3 32764 4 32809 23 32841 5 33020 4 33065 24 33097 6 33275 5 33321 25 33353 6 33530 6 33576 27 33609 7 33785 7 33832 28 33866 7 34039 9 34086 30 34122 7 34293 11 34339 33 34379 6 34548 12 34594 34 34636 4 34803 13 34850 34 34894 1 35059 13 35106 33 35314 13 35362 33 35570 12 35617 34 35826 11 35873 34 36083 9 36128 35 36340 7 36383 36 36598 2 36638 37 36894 37 37150 37 37406 37 37662 36 37918 35 38175 34 38384 2 38431 34 38635 13 38653 3 38688 33 38891 21 38945 32 39146 22 39203 30 39401 23 39460 26 39653 27 39718 24 39907 29 39981 17 40161 31 40239 14 40319 9 40411 2 40417 31 40500 8 40572 15 40667 3 40673 31 40758 5 40828 16 40922 4 40930 30 41083 17 41179 3 41187 29 41339 16 41435 3 41443 29 41595 14 41700 28 41852 12 41956 28 42110 10 42212 28 42369 7 42468 28 42625 8 42724 28 42881 8 42901 5 42980 28 43137 8 43156 8 43235 29 43394 7 43411 9 43490 30 43650 6 43667 10 43746 30 43906 5 43923 11 44002 30 44164 1 44180 10 44258 30 44435 11 44515 29 44691 10 44773 27 44947 10 45032 24 45203 9 45289 23 45460 7 45546 22 45716 6 45803 21 45973 4 46059 21 46316 20 46572 20 46829 19 47086 18 47342 18 47599 17 47856 16 48113 15 48369 15 48626 14 48884 7 48892 4 49141 4 49149 3 49406 2 49663 1 52531 4 52786 7 53041 9 53294 1 53296 10 53548 15 53801 19 53932 7 54055 21 54186 10 54271 1 54311 21 54432 4 54440 12 54525 3 54566 23 54688 20 54780 4 54822 23 54943 20 55032 8 55077 24 55198 20 55287 9 55333 24 55454 20 55480 5 55542 10 55588 25 55710 20 55734 9 55797 11 55844 25 55966 34 56050 14 56100 25 56221 36 56301 19 56356 24 56476 37 56554 22 56613 6 56622 14 56732 37 56807 25 56870 4 56879 13 56988 35 57062 26 57135 13 57244 29 57318 26 57384 3 57389 15 57506 11 57521 7 57574 26 57640 21 57764 7 57778 6 57829 27 57896 22 58022 4 58034 6 58086 26 58151 24 58291 4 58342 26 58407 24 58599 25 58663 25 58856 24 58919 26 59112 24 59175 26 59369 23 59431 26 59625 23 59687 26 59882 22 59942 27 60138 22 60198 26 60394 22 60452 27 60650 22 60708 26 60785 4 60906 22 60964 26 61040 9 61161 23 61221 25 61296 23 61416 24 61477 25 61552 24 61672 24 61734 24 61808 24 61928 24 61990 24 62065 23 62185 23 62245 11 62257 12 62323 22 62442 22 62502 9 62517 7 62580 21 62663 13 62700 20 62758 8 62837 20 62918 15 62960 16 63018 1 63093 21 63174 15 63216 16 63349 21 63429 17 63473 15 63604 23 63684 18 63729 15 63859 24 63939 18 63986 14 64115 24 64194 20 64243 13 64370 25 64449 21 64500 12 64627 23 64705 21 64757 11 64883 23 64960 22 65014 10 65140 21 65216 22 65271 9 65397 7 65407 9 65472 22 65529 7
000016,3982 8 4237 16 4493 19 4749 22 5005 25 5261 26 5494 1 5517 27 5748 5 5773 27 6003 9 6029 27 6259 11 6285 26 6516 11 6541 25 6772 13 6797 23 7029 45 7285 44 7542 41 7799 39 8056 36 8313 33 8570 33 8827 32 9084 31 9341 30 9598 29 9854 30 10110 30 10367 29 10623 29 10879 30 11135 29 11391 29 11647 29 11903 29 12159 29 12415 29 12672 28 12928 29 13184 30 13440 31 13697 29 13954 28 14213 24 14473 17 14733 10 14990 7 28301 7 28556 10 28812 12 29067 13 29322 14 29578 15 29834 15 30091 13 30349 11 30606 9 30862 8 31119 6 31377 1 61437 3 61692 4 61946 6 62198 10 62453 11 62709 11 62965 11 63221 11 63476 12 63732 12 63987 13 64243 13 64499 13 64755 13 65012 12 65268 12 65525 11
000017,214 7 223 33 470 7 480 32 725 8 736 32 977 13 992 32 1232 14 1249 31 1488 14 1505 31 1744 3 1748 9 1761 31 2000 3 2006 7 2017 31 2257 1 2262 7 2272 32 2518 9 2528 32 2776 40 3032 40 3288 40 3529 1 3545 39 3785 2 3801 39 4041 2 4058 38 4314 38 4570 38 4826 38 5082 38 5338 38 5595 37 5851 37 6109 35 6366 34 6622 34 6877 35 7133 35 7383 3 7389 35 7639 41 7894 42 8149 43 8393 2 8404 44 8649 3 8658 46 8905 3 8913 47 9161 2 9169 47 9416 3 9425 47 9671 4 9682 46 9927 4 9938 46 10184 2 10197 43 10455 41 10712 40 10968 40 11223 41 11479 41 11735 41 11992 40 12248 40 12499 3 12504 40 12755 3 12760 40 13011 3 13016 40 13272 40 13528 40 13784 40 14040 40 14296 40 14552 40 14809 39 15066 38 15322 38 15578 38 15825 1 15834 38 16081 2 16089 39 16346 38 16602 38 16859 37 17116 36 17371 37 17627 37 17882 38 18137 39 18393 39 18650 38 18907 37 19164 36 19419 37 19675 37 19931 37 20187 37 20443 37 20699 37 20952 40 21207 41 21462 42 21718 42 21974 42 22230 42 22486 42 22742 42 22998 42 23254 42 23510 42 23765 43 24022 42 24280 40 24536 40 24793 39 25050 38 25307 37 25564 36 25821 35 26078 34 26335 33 26595 29 26855 25 27113 23 27372 20 27629 19 27888 16 28145 15 28402 14 28659 13 28914 14 29169 15 29424 16 29679 17 29934 18 30189 19 30444 20 30699 21 30955 21 31210 22 31466 22 31721 23 31977 23 32233 23 32488 24 32744 24 33001 23 33258 22 33515 21 33772 20 34031 17 34288 16 34546 14 34812 4 35071 1 37996 3 38252 6 38508 11 38764 13 39020 16 39276 39 39532 44 39788 49 40045 54 40302 58 40379 2 40559 59 40626 1 40632 6 40815 60 40880 4 40886 8 41071 69 41142 8 41327 3 41337 59 41397 8 41583 3 41593 68 41839 3 41848 68 42095 3 42103 68 42352 2 42359 69 42614 71 42870 71 43126 71 43382 8 43393 59 43639 5 43649 11 43664 18 43684 22 43897 1 43905 10 43921 16 43943 18 44162 9 44178 2 44183 9 44200 16 44419 5 44441 5 44457 14 44676 2 44714 3 44722 5 44997 4 45055 1 45253 4 45310 2 45509 5 45538 6 45548 2 45565 3 45765 5 45792 20 45821 3 46021 5 46036 2 46047 33 46278 2 46291 3 46298 38 46546 4 46552 40 46720 2 46750 3 46802 46 46976 2 47006 4 47054 50 47231 4 47261 5 47309 51 47478 2 47486 5 47517 5 47563 53 47734 2 47741 7 47773 5 47818 54 47990 2 47993 12 48030 4 48071 57 48249 13 48286 4 48324 60 48505 14 48542 4 48579 61 48761 14 48778 4 48800 5 48831 65 49008 1 49017 15 49033 7 49056 7 49086 66 49264 2 49274 24 49309 12 49329 3 49341 67 49520 6 49529 27 49562 16 49584 4 49596 68 49774 62 49839 81 50029 147 50285 147 50541 147 50798 146 51055 145 51310 146 51566 146 51823 145 52082 142 52339 141 52594 142 52850 8 52859 2 52863 129 53106 3 53120 128 53376 128 53632 128 53888 128 54145 7 54154 118 54402 5 54414 114 54658 4 54672 112 54896 1 54930 110 55150 5 55187 109 55406 5 55430 3 55443 109 55662 5 55686 3 55699 109 55920 2 55941 5 55957 107 56197 5 56213 16 56231 89 56455 2 56471 5 56479 6 56488 88 56737 4 56745 87 57004 84 57262 82 57518 82 57775 81 58031 81 58288 80 58544 80 58801 79 59057 79 59313 79 59571 77 59830 74 60086 74 60341 2 60346 70 60602 70 60857 71 61113 71 61368 72 61624 72 61880 72 62136 72 62391 73 62647 73 62902 74 63159 73 63419 69 63675 69 63932 68 64187 69 64443 69 64698 70 64954 70 65210 70 65466 70
000018,137 53 202 15 220 13 392 55 458 16 477 11 647 56 713 18 734 10 758 2 901 63 968 19 990 10 1013 5 1156 88 1247 9 1269 6 1412 89 1505 6 1524 8 1668 90 1762 5 1780 9 1924 90 2035 10 2179 92 2291 10 2435 94 2547 10 2691 95 2803 11 2947 95 3057 14 3203 96 3312 16 3459 96 3567 17 3715 95 3823 17 3972 94 4078 18 4228 93 4333 19 4484 91 4585 23 4740 89 4839 25 4997 87 5094 26 5253 86 5349 27 5510 83 5604 28 5766 82 5860 28 6023 81 6115 29 6280 79 6371 29 6536 79 6627 29 6793 78 6883 29 7051 76 7138 30 7308 75 7394 30 7565 74 7650 30 7822 73 7907 29 8079 73 8163 29 8335 73 8419 29 8574 1 8592 72 8676 28 8827 7 8848 78 8932 28 9079 12 9104 112 9332 16 9360 112 9587 18 9616 112 9842 20 9871 113 10098 21 10126 114 10354 22 10381 115 10610 21 10636 116 10864 21 10892 116 11118 20 11148 116 11374 19 11404 116 11630 18 11661 115 11887 14 11917 115 12144 11 12173 115 12404 1 12429 115 12684 116 12939 117 13194 107 13304 8 13449 106 13561 7 13705 105 13818 6 13961 104 14075 5 14216 104 14335 1 14472 103 14728 103 14984 102 15240 102 15497 100 15753 99 16010 97 16266 96 16523 93 16780 91 17036 89 17294 87 17554 83 17811 82 18067 81 18324 80 18581 79 18838 79 19103 70 19362 67 19620 66 19877 67 20134 67 20390 67 20646 68 20902 68 21158 69 21416 67 21673 66 21930 64 22188 42 22237 13 22446 40 22494 12 22705 37 22751 11 22962 36 23007 11 23218 30 23256 4 23262 12 23475 55 23732 54 23989 54 24247 53 24504 53 24761 53 24831 1 25018 53 25086 2 25275 13 25290 37 25341 3 25533 4 25538 4 25548 36 25596 4 25806 35 25852 4 26062 37 26100 2 26107 5 26318 43 26362 6 26574 50 26829 51 27083 53 27338 54 27593 55 27848 56 28104 56 28360 56 28615 57 28871 57 29126 58 29382 58 29629 3 29638 58 29884 6 29894 58 30139 69 30395 69 30651 69 30908 68 31088 3 31164 68 31342 6 31422 66 31598 6 31678 66 31854 6 31935 65 32110 5 32191 65 32367 3 32446 66 32624 1 32702 66 32875 3 32958 66 33129 5 33214 66 33384 6 33470 66 33639 9 33727 65 33894 15 33984 64 34150 15 34243 61 34405 17 34500 60 34661 16 34757 59 34917 16 35014 58 35173 15 35270 58 35428 16 35527 57 35684 16 35784 56 35939 18 36042 54 36192 22 36300 52 36446 25 36556 44 36604 4 36702 25 36812 43 36860 4 36958 26 37068 42 37118 2 37214 26 37323 42 37470 25 37578 43 37726 25 37834 43 37982 25 38090 44 38238 24 38345 45 38494 24 38600 46 38751 23 38854 48 39015 15 39109 48 39270 16 39364 49 39526 16 39620 49 39782 17 39876 49 40038 17 40131 50 40294 5 40301 10 40387 50 40550 4 40558 8 40643 49 40808 1 40898 50 41154 49 41409 50 41665 49 41922 47 41994 2 42058 3 42178 46 42248 5 42314 4 42435 45 42504 5 42569 5 42693 43 42760 5 42825 5 42951 41 43081 5 43135 9 43208 40 43337 4 43388 14 43465 39 43593 4 43643 16 43721 39 43898 18 43977 38 44154 22 44233 38 44305 6 44410 24 44488 39 44559 12 44666 26 44744 38 44814 15 44922 27 45000 38 45068 19 45178 27 45256 38 45324 20 45434 28 45511 32 45544 5 45580 21 45690 28 45767 31 45836 22 45947 27 46023 22 46046 7 46092 22 46203 27 46279 21 46303 6 46348 23 46426 1 46458 28 46536 19 46560 5 46604 23 46713 29 46792 18 46817 3 46860 23 46968 30 47049 16 47116 23 47224 31 47318 1 47372 22 47479 32 47629 21 47735 32 47885 20 47991 31 48143 18 48247 31 48401 16 48503 30 48659 4 48665 9 48759 28 48923 7 49015 24 49179 7 49272 22 49435 7 49528 19 49691 6 49784 16 49947 6 50041 15 50204 4 50299 13 50557 10 50814 9 51070 7 51328 3 52318 1 52572 5 52828 5 53083 6 53339 6 53594 6 53850 5 54106 4 54364 1 55382 1 55635 7 55870 4 55888 15 56125 6 56141 19 56380 8 56395 22 56634 11 56648 25 56888 42 57144 42 57399 44 57653 47 57907 49 58161 52 58417 52 58673 52 58929 51 59185 50 59442 49 59700 46 59956 46 60213 46 60469 46 60725 47 60980 53 61236 54 61492 55 61748 55 62004 55 62260 54 62516 54 62772 54 63028 53 63284 52 63541 30 63574 18 63798 7 63808 12 63836 11 64066 6 64093 10 64353 5 64580 3 64612 1 64836 4 65091 6 65347 6
000019,0 65536
000020,0 65536
000021,0 103 256 103 512 102 768 60 832 38 1024 60 1089 37 1280 59 1347 34 1536 59 1604 32 1792 58 1863 26 2048 58 2122 22 2304 56 2380 20 2560 55 2639 17 2816 52 2895 17 3072 49 3151 16 3328 43 3407 15 3584 42 3663 13 3840 42 3920 6 4096 42 4177 3 4352 41 4608 41 4864 40 5120 39 5376 39 5632 38 5888 37 6144 36 6400 35 6656 35 6912 33 7168 32 7424 31 7680 17 7700 10 7936 16 7959 4 8192 16 8448 17 8704 17 8960 17 9216 17 9472 17 9728 16 9984 16 10240 16 10496 15 10752 15 11008 15 11264 14 11520 13 11776 13 12032 7 12288 4 12544 2 17001 4 17255 7 17493 2 17504 15 17748 3 17758 17 18004 4 18012 20 18036 3 18260 3 18267 29 18516 2 18522 31 18770 6 18777 33 19025 42 19281 42 19536 44 19791 45 20046 46 20301 48 20556 50 20811 52 21066 54 21322 54 21577 56 21833 56 22088 57 22344 57 22599 58 22855 59 23110 61 23366 61 23621 63 23876 66 24131 69 24387 69 24643 70 24899 70 25155 71 25411 71 25668 70 25924 70 26181 69 26437 69 26693 68 26949 68 27204 69 27460 69 27716 70 27973 68 28229 7 28237 60 28493 60 28749 59 29005 59 29261 58 29517 58 29773 57 30029 57 30285 56 30541 55 30796 54 31053 52 31309 51 31566 49 31824 3 31829 41 32086 40 32343 37 32599 32 32856 29 33114 4 33120 20 33378 18 33634 17 33891 14 34147 8 34404 5 34662 1 48376 2 48627 9 48880 13 49136 13 49392 13 49648 13 49882 5 49888 7 49904 13 50136 16 50160 16 50390 19 50416 16 50645 20 50672 11 50684 4 50900 21 50928 16 51156 22 51184 16 51412 24 51439 17 51668 44 51923 45 52179 28 52208 16 52434 46 52690 46 52946 46 53202 46 53459 45 53719 41 53976 40 54232 40 54488 40 54744 19 54766 18 55000 14 55023 3 55028 12 55256 12 55285 11 55511 12 55541 11 55767 11 55797 11 56023 10 56052 12 56280 7 56308 12 56536 6 56565 11 56794 2 56821 11 57078 10 57336 8 57592 8 57849 7 58104 8 58360 8 58616 8 58872 8 59128 8 59385 7 59643 5 59900 4 60156 4 60412 4 60668 4 60925 3 61180 4 61436 4 61692 4 61948 4 62204 4 62460 4 62716 4 62972 4 63229 3
000022,46567 4 46574 4 46821 15 46841 1 47076 28 47331 29 47587 29 47843 29 48099 29 48356 28 48613 27 48870 26 49126 26 49383 25 49639 25 49895 25 50152 24 50408 15 50426 6 50665 12 50682 6 50922 11 50939 5 51179 9 51195 10 51436 7 51451 11 51694 3 51707 11 51963 11 52188 5 52219 11 52255 5 52444 7 52458 6 52466 2 52476 9 52509 8 52699 10 52713 12 52732 9 52764 10 52891 4 52956 26 52988 8 53019 11 53037 4 53145 7 53212 27 53244 8 53275 11 53292 5 53398 10 53461 1 53469 30 53500 8 53530 12 53548 5 53653 11 53714 8 53726 38 53787 11 53804 5 53907 12 53970 9 53982 38 54043 11 54059 6 54161 14 54225 11 54238 37 54299 11 54315 5 54415 15 54480 12 54494 36 54555 12 54571 4 54670 16 54731 18 54750 34 54810 14 54827 4 54926 16 54986 54 55066 14 55081 5 55182 16 55240 56 55321 21 55394 3 55437 18 55457 5 55494 58 55565 34 55647 9 55689 29 55749 59 55820 36 55902 12 55943 31 56003 61 56076 37 56156 15 56198 33 56257 63 56331 40 56411 17 56454 33 56511 65 56587 23 56611 17 56667 17 56709 35 56765 67 56843 41 56923 17 56964 39 57020 68 57098 43 57179 16 57218 42 57275 69 57353 44 57435 16 57470 47 57530 70 57608 45 57692 14 57725 48 57786 70 57863 46 57951 20 57979 50 58042 70 58118 48 58207 21 58233 52 58298 70 58373 49 58461 80 58553 71 58628 51 58716 81 58806 74 58883 52 58971 83 59060 76 59139 52 59200 3 59225 86 59315 77 59394 53 59455 7 59480 168 59650 52 59710 9 59735 169 59906 52 59966 9 59990 170 60162 53 60221 11 60245 171 60417 54 60478 9 60500 227 60735 8 60754 109 60864 119 60995 3 61006 113 61120 119 61262 233 61517 233 61773 233 62029 233 62285 232 62540 232 62795 230 63048 230 63303 229 63557 227 63812 227 64067 227 64322 227 64578 226 64834 225 65090 219 65345 191
000023,2 37 77 14 107 5 116 35 244 9 254 2 258 37 333 13 363 5 372 35 498 13 514 38 590 10 620 3 628 35 753 15 770 40 848 6 883 36 960 3 1009 15 1027 40 1106 1 1139 36 1207 3 1214 6 1265 15 1283 41 1396 35 1463 15 1521 15 1540 40 1652 35 1717 17 1778 14 1798 38 1908 36 1971 19 2035 13 2055 37 2164 36 2227 19 2291 13 2311 37 2421 35 2482 21 2547 13 2567 37 2677 35 2738 21 2804 12 2823 38 2933 34 2994 22 3060 12 3078 39 3190 32 3249 24 3317 11 3334 7 3344 30 3446 32 3505 25 3573 11 3590 6 3601 29 3702 31 3756 31 3789 7 3828 12 3848 2 3858 29 3959 30 4012 42 4084 12 4114 29 4216 28 4268 46 4339 13 4371 28 4473 27 4524 50 4595 13 4628 27 4728 28 4780 51 4851 13 4885 26 4983 29 5036 51 5108 12 5142 25 5238 30 5292 52 5346 5 5364 12 5400 23 5494 29 5547 61 5620 12 5658 22 5750 28 5802 63 5876 12 5923 13 6007 26 6057 65 6132 12 6181 12 6263 25 6313 66 6388 12 6438 11 6520 22 6569 25 6595 41 6644 12 6695 10 6777 20 6825 23 6852 41 6900 12 6953 7 7033 19 7082 22 7108 41 7156 12 7210 5 7285 24 7338 21 7363 43 7412 12 7540 26 7595 19 7619 42 7668 12 7796 27 7838 2 7851 19 7875 42 7924 12 8051 29 8094 4 8107 19 8131 33 8166 7 8179 13 8307 29 8350 4 8364 18 8387 33 8423 5 8435 13 8562 30 8606 4 8623 15 8644 32 8692 12 8818 30 8862 4 8881 13 8902 30 8948 12 9074 31 9119 3 9138 13 9160 28 9205 11 9330 31 9394 13 9418 27 9464 8 9554 5 9586 32 9651 13 9676 26 9722 6 9810 7 9842 32 9908 12 9933 25 9978 6 10066 8 10100 29 10166 9 10188 25 10234 6 10322 13 10359 25 10402 5 10423 6 10444 25 10491 5 10577 15 10615 24 10657 8 10699 27 10747 5 10833 16 10872 22 10913 9 10955 27 11004 4 11028 1 11088 20 11109 2 11129 21 11169 11 11211 28 11261 3 11282 4 11343 25 11386 19 11425 17 11467 12 11480 15 11518 2 11538 5 11597 28 11653 7 11681 19 11723 28 11794 5 11852 30 11912 2 11937 20 11980 28 12050 5 12108 31 12193 21 12236 29 12307 4 12363 33 12449 22 12492 38 12619 33 12704 23 12748 39 12875 39 12960 23 13004 15 13030 14 13132 39 13215 24 13262 4 13288 12 13389 39 13470 25 13545 12 13645 40 13724 27 13802 12 13901 40 13980 27 14058 12 14157 40 14234 29 14315 11 14413 39 14485 33 14555 5 14571 11 14669 39 14740 34 14809 9 14826 12 14924 40 14995 35 15063 13 15082 11 15180 39 15251 35 15317 17 15338 11 15435 38 15506 36 15573 17 15594 10 15690 37 15762 35 15828 32 15946 37 16018 34 16084 33 16202 37 16273 30 16341 34 16458 37 16528 31 16597 35 16715 38 16783 32 16854 15 16870 18 16930 3 16971 39 17039 33 17112 12 17127 12 17141 3 17186 7 17227 39 17295 35 17369 11 17386 8 17442 8 17483 39 17551 37 17627 9 17642 7 17697 10 17739 38 17807 42 17885 8 17898 6 17953 10 17995 38 18064 42 18142 8 18154 5 18208 11 18251 38 18320 44 18399 8 18410 5 18464 10 18507 38 18577 45 18656 8 18666 4 18719 11 18764 38 18832 48 18913 7 18922 4 18974 12 18996 5 19020 42 19088 48 19170 13 19230 12 19251 7 19276 44 19345 48 19426 15 19486 12 19506 9 19533 43 19601 48 19652 3 19683 18 19742 11 19763 8 19789 44 19858 47 19907 4 19940 18 19997 11 20025 2 20046 43 20114 54 20197 17 20253 10 20281 2 20303 16 20325 21 20370 54 20453 17 20509 9 20537 2 20560 14 20583 19 20626 54 20709 17 20765 9 20793 3 20818 10 20841 18 20882 54 20965 16 21021 9 21049 4 21098 18 21117 4 21138 54 21222 13 21277 8 21305 5 21354 22 21395 54 21478 10 21499 1 21534 7 21551 2 21561 6 21610 22 21653 35 21692 14 21735 7 21753 4 21791 6 21806 6 21817 6 21866 17 21908 35 21949 13 21991 8 22009 4 22048 5 22062 7 22075 3 22122 17 22161 38 22206 12 22247 8 22265 3 22304 5 22320 1 22377 17 22416 40 22461 13 22502 10 22553 2 22558 1 22560 5 22633 17 22671 42 22717 13 22758 12 22807 6 22817 4 22889 16 22926 44 22972 13 23013 13 23062 7 23073 4 23145 9 23181 46 23228 13 23269 14 23318 7 23329 5 23401 8 23436 47 23484 11 23524 16 23573 7 23585 6 23657 7 23690 49 23741 8 23773 24 23829 6 23840 7 23914 4 23945 50 23999 4 24028 26 24085 6 24096 8 24126 1 24201 50 24283 27 24342 5 24351 9 24382 1 24457 50 24539 26 24598 17 24714 10 24727 36 24794 26 24856 15 24970 9 24983 36 25050 26 25113 12 25229 3 25240 35 25306 27 25373 7 25497 34 25561 29 25630 5 25729 6 25755 32 25817 30 25983 8 26013 29 26073 32 26237 10 26278 20 26328 34 26492 11 26536 17 26585 33 26747 11 26801 7 26841 34 27002 10 27027 2 27059 2 27098 33 27256 11 27282 4 27301 3 27354 32 27501 22 27538 4 27555 7 27610 33 27756 22 27794 4 27810 10 27866 33 28012 21 28066 10 28122 32 28268 21 28322 10 28379 31 28474 4 28524 22 28579 9 28636 29 28729 7 28781 24 28836 7 28894 26 28984 9 29039 23 29094 1 29150 26 29238 11 29297 22 29406 25 29493 12 29553 23 29663 24 29748 13 29810 22 29919 24 30004 12 30067 21 30175 23 30237 2 30260 10 30302 3 30314 2 30324 19 30431 19 30455 1 30493 2 30517 7 30556 7 30568 6 30578 21 30687 18 30711 1 30749 2 30802 1 30812 8 30823 31 30942 19 30967 1 31057 4 31067 9 31079 30 31198 19 31312 22 31335 26 31453 20 31568 47 31709 20 31823 47 31965 21 32079 49 32222 21 32335 55 32478 21 32591 59 32735 20 32847 60 32993 19 33102 63 33250 18 33358 36 33401 21 33507 17 33614 34 33657 23 33763 18 33871 32 33913 24 33952 3 34019 18 34127 31 34168 26 34206 6 34274 19 34384 28 34422 29 34461 7 34530 20 34640 28 34677 31 34717 7 34785 21 34896 28 34932 32 34972 8 35041 22 35151 29 35188 32 35224 12 35297 21 35407 29 35443 34 35478 13 35553 21 35663 28 35699 47 35809 20 35919 27 35955 45 36065 19 36145 2 36175 25 36211 40 36321 19 36402 2 36432 22 36467 39 36549 3 36577 18 36690 19 36724 37 36780 5 36804 5 36833 18 36948 4 36953 9 36980 37 37031 12 37060 6 37089 17 37150 2 37212 4 37238 35 37285 17 37316 7 37345 17 37405 4 37496 33 37540 19 37572 8 37601 17 37661 5 37753 33 37795 21 37828 8 37857 16 37917 6 37932 2 38008 34 38051 9 38062 6 38069 4 38083 10 38098 3 38114 14 38173 6 38187 3 38263 35 38306 10 38318 5 38325 6 38336 13 38353 5 38370 13 38430 5 38442 4 38519 35 38562 9 38574 31 38609 7 38628 10 38686 5 38698 3 38775 36 38818 9 38830 31 38864 8 38885 8 38943 5 38954 3 39032 35 39074 9 39087 30 39120 9 39199 5 39211 2 39288 10 39307 17 39330 9 39343 4 39349 26 39376 10 39455 6 39544 9 39563 17 39586 9 39605 38 39711 7 39801 6 39819 18 39842 9 39861 39 39935 1 39967 7 40075 18 40098 9 40116 40 40190 2 40223 7 40331 17 40354 9 40370 12 40383 29 40445 3 40480 5 40509 7 40587 16 40610 10 40625 10 40641 28 40702 2 40763 12 40843 15 40867 11 40880 10 40897 28 40958 2 41013 19 41099 14 41124 23 41153 27 41215 1 41268 20 41356 12 41382 22 41410 26 41523 22 41613 11 41640 21 41670 21 41720 6 41779 21 41870 10 41896 22 41927 20 41975 8 42035 21 42126 9 42153 21 42183 19 42230 10 42292 20 42318 1 42382 8 42409 20 42439 19 42485 11 42549 18 42573 3 42639 5 42665 20 42694 20 42741 11 42806 14 42829 3 42896 2 42921 19 42950 19 42996 12 43063 10 43085 5 43174 17 43205 20 43252 11 43320 9 43340 8 43428 12 43461 19 43508 11 43580 6 43595 11 43683 13 43716 19 43764 11 43836 6 43850 13 43921 4 43939 12 43971 20 44021 10 44092 7 44106 14 44176 7 44195 11 44226 20 44277 10 44347 8 44361 15 44432 9 44452 10 44481 21 44533 10 44603 8 44617 15 44666 4 44676 1 44687 15 44708 9 44737 21 44789 11 44858 8 44873 15 44921 5 44932 2 44942 17 44966 6 44993 21 45045 11 45114 7 45129 15 45177 6 45188 2 45198 18 45250 20 45301 10 45370 6 45386 14 45433 8 45443 2 45454 20 45506 12 45521 5 45558 7 45643 13 45689 11 45710 21 45763 6 45778 3 45791 3 45816 3 45899 13 45944 12 45966 22 46046 6 46156 11 46196 1 46201 11 46222 22 46301 8 46412 11 46451 3 46457 10 46478 22 46556 9 46668 11 46707 5 46714 8 46735 20 46807 1 46810 12 46924 11 46963 5 46971 6 46991 20 47062 16 47180 10 47219 4 47228 4 47247 20 47318 16 47437 7 47476 3 47503 19 47574 16 47694 3 47758 20 47831 15 48014 20 48089 12 48270 20 48347 9 48525 21 48604 5 48689 5 48781 21 48944 10 49038 20 49199 11 49294 20 49375 1 49455 12 49504 6 49512 3 49551 8 49561 8 49629 5 49708 24 49760 13 49808 5 49818 14 49834 6 49885 6 49963 26 50015 15 50064 4 50076 21 50141 6 50219 26 50271 15 50332 23 50358 2 50398 4 50476 24 50527 15 50587 35 50655 2 50735 20 50783 15 50843 36 50993 16 51039 14 51098 38 51250 8 51295 12 51352 39 51507 5 51551 10 51606 40 51808 4 51862 40 52117 41 52372 42 52627 43 52882 43 53137 43 53393 42 53650 41 53906 40 54164 38 54421 37 54678 36 54935 34 55191 34 55447 33 55704 29 55960 27 56217 25 56363 3 56474 22 56618 5 56730 20 56873 7 56895 6 56986 18 57102 4 57122 15 57150 10 57242 17 57338 2 57357 7 57376 17 57405 15 57421 4 57498 15 57593 5 57613 10 57631 19 57661 21 57755 12 57849 6 57869 12 57886 23 57917 22 58012 9 58105 6 58124 13 58141 25 58172 23 58361 5 58379 14 58397 26 58428 25 58624 24 58653 26 58683 28 58880 23 58909 27 58937 32 59136 21 59165 61 59392 15 59420 63 59587 6 59648 14 59676 63 59840 11 59904 12 59932 63 60089 19 60160 10 60187 64 60342 22 60416 9 60443 63 60596 25 60672 7 60699 63 60850 27 60928 6 60955 63 61105 16 61127 6 61185 2 61211 63 61360 16 61385 3 61467 63 61616 16 61723 62 61872 16 61903 7 61980 61 62128 16 62158 13 62179 4 62237 9 62248 28 62277 20 62384 16 62413 16 62434 6 62493 7 62506 16 62525 6 62534 19 62640 15 62666 30 62749 6 62765 12 62783 2 62790 18 62896 15 62921 32 63005 6 63022 11 63047 17 63152 16 63176 33 63261 5 63279 9 63308 12 63407 17 63431 35 63518 3 63536 7 63565 10 63662 18 63686 36 63822 9 63918 18 63941 38 64080 4 64174 17 64197 38 64431 3 64439 7 64452 39 64687 4 64696 5 64708 40 64943 5 64964 40 65199 5 65220 40 65455 6 65476 40
000024,0 130 154 10 166 12 208 11 255 130 412 7 424 10 464 11 509 132 671 2 681 8 721 3 765 131 1021 131 1277 130 1533 1 1536 126 1789 1 1792 126 2048 72 2122 52 2304 70 2378 52 2507 3 2554 3 2559 70 2633 54 2760 7 2809 76 2889 54 3015 9 3065 75 3145 54 3271 10 3320 76 3401 53 3527 14 3576 75 3657 53 3784 14 3823 3 3832 74 3912 53 4040 15 4079 3 4089 65 4155 4 4167 53 4226 4 4248 4 4297 15 4345 63 4412 1 4422 53 4481 10 4503 5 4553 16 4600 63 4677 54 4736 12 4758 7 4810 15 4856 63 4932 56 4991 11 5013 9 5066 15 5112 62 5187 70 5269 10 5322 16 5367 62 5443 68 5525 11 5579 15 5622 63 5699 67 5781 12 5835 15 5877 64 5954 67 6037 12 6092 14 6131 66 6208 69 6293 13 6349 13 6387 66 6460 2 6463 70 6550 12 6587 2 6605 13 6642 68 6716 73 6806 13 6842 4 6861 13 6898 68 6970 74 7062 14 7081 2 7096 6 7116 13 7153 68 7225 75 7317 16 7336 4 7351 7 7372 13 7409 68 7480 74 7570 20 7592 4 7606 8 7629 11 7665 67 7733 47 7784 24 7824 28 7861 9 7886 9 7920 115 8042 21 8079 29 8116 11 8143 8 8176 115 8299 19 8334 29 8370 18 8401 5 8432 116 8555 18 8590 29 8624 22 8686 118 8811 17 8845 30 8876 27 8937 1 8941 118 9067 16 9100 59 9192 123 9323 16 9355 60 9448 122 9580 14 9611 60 9705 120 9836 14 9867 60 9961 120 10093 12 10123 48 10174 8 10216 121 10351 9 10379 46 10430 8 10471 64 10537 57 10635 45 10687 7 10727 62 10794 57 10891 44 10944 7 10983 62 11050 57 11147 44 11200 8 11239 62 11305 59 11402 45 11456 10 11495 61 11560 61 11657 47 11712 10 11751 60 11815 63 11912 48 11967 12 12007 60 12069 66 12168 49 12222 13 12263 129 12423 50 12478 13 12520 128 12655 3 12679 51 12733 12 12776 129 12910 5 12935 51 12989 8 13033 128 13165 7 13192 49 13244 9 13290 128 13420 8 13449 7 13457 39 13500 9 13548 76 13625 49 13675 10 13713 38 13756 9 13805 73 13884 57 13969 36 14012 9 14062 16 14080 56 14139 59 14225 35 14267 10 14319 16 14336 118 14480 35 14522 11 14575 135 14736 34 14778 10 14831 135 14992 33 15034 10 15087 123 15211 11 15248 34 15291 8 15343 43 15387 79 15467 10 15505 33 15547 8 15600 41 15643 79 15724 7 15762 33 15803 8 15855 40 15899 79 15981 4 16020 31 16059 8 16110 18 16129 20 16155 78 16276 30 16315 9 16365 19 16386 19 16410 79 16533 28 16572 8 16621 19 16641 4 16650 12 16665 80 16789 27 16828 8 16878 23 16906 88 16995 5 17046 24 17085 7 17135 24 17160 90 17303 17 17343 3 17395 111 17560 14 17653 10 17664 82 17748 5 17758 3 17816 13 17912 5 17920 79 18073 11 18176 75 18329 11 18432 74 18585 11 18688 74 18842 9 18944 73 19100 7 19137 3 19200 73 19391 6 19456 73 19634 3 19647 7 19712 73 19889 5 19902 8 19968 74 20144 7 20158 9 20224 74 20398 10 20413 10 20480 75 20641 1 20652 13 20669 9 20736 76 20896 4 20905 17 20924 11 20992 76 21151 40 21248 76 21407 40 21504 75 21663 41 21760 76 21918 44 22016 76 22172 47 22272 76 22427 49 22528 76 22682 51 22784 77 22899 3 22937 53 23040 77 23154 5 23188 59 23296 77 23410 5 23446 59 23552 78 23666 6 23703 59 23808 78 23922 6 23962 16 23981 38 24064 78 24178 7 24219 14 24237 38 24319 79 24434 8 24479 9 24493 38 24574 80 24690 10 24748 39 24830 80 24947 12 25004 39 25086 80 25203 13 25259 39 25342 80 25460 13 25515 38 25597 81 25716 14 25771 38 25853 80 25972 14 26027 38 26110 79 26229 13 26283 37 26366 78 26486 12 26540 36 26623 76 26743 11 26796 35 26879 58 26943 11 26999 11 27052 35 27134 57 27202 6 27255 12 27308 34 27389 55 27457 8 27511 13 27565 31 27645 54 27713 9 27767 13 27821 29 27900 55 27968 13 28023 14 28076 27 28155 56 28224 15 28279 15 28331 4 28336 23 28410 57 28479 17 28535 15 28586 5 28594 21 28666 56 28735 17 28791 15 28842 6 28851 20 28921 58 28990 19 29046 16 29098 6 29108 19 29176 59 29245 20 29298 1 29302 17 29353 9 29364 19 29431 61 29500 22 29552 23 29609 9 29621 18 29687 61 29755 23 29807 24 29865 10 29878 17 29935 3 29943 61 30011 24 30062 25 30121 10 30134 17 30189 6 30199 61 30267 24 30318 25 30378 9 30392 4 30399 8 30444 72 30523 25 30574 25 30635 9 30656 7 30700 71 30779 25 30832 22 30892 8 30914 5 30955 71 31035 25 31090 19 31149 7 31170 6 31211 71 31291 25 31347 18 31406 6 31427 6 31467 70 31548 24 31602 19 31664 4 31683 6 31723 69 31805 24 31858 20 31921 3 31939 6 31979 70 32062 23 32113 21 32178 1 32195 5 32236 69 32319 23 32366 24 32452 3 32492 70 32575 23 32620 27 32748 70 32831 23 32875 28 33005 70 33087 23 33131 28 33261 70 33342 24 33386 28 33518 70 33599 23 33642 28 33775 69 33856 22 33897 28 34032 69 34117 18 34153 28 34288 69 34373 18 34409 28 34545 68 34630 18 34665 19 34685 8 34801 68 34887 19 34921 17 34942 9 34994 1 35058 67 35145 19 35177 17 35199 9 35247 6 35314 66 35402 18 35433 17 35457 8 35503 7 35518 4 35528 3 35570 66 35659 18 35688 18 35710 10 35760 6 35773 5 35783 5 35827 64 35914 20 35944 18 35966 9 36016 7 36028 6 36039 5 36084 63 36170 20 36200 17 36222 8 36273 6 36284 6 36295 5 36341 62 36426 21 36456 17 36478 5 36530 5 36539 6 36551 5 36598 61 36682 22 36712 17 36788 1 36795 6 36808 4 36855 61 36938 23 36968 17 37028 4 37051 6 37120 53 37193 24 37224 17 37283 6 37307 6 37376 53 37448 26 37480 18 37532 3 37538 7 37564 4 37632 54 37704 26 37736 18 37787 14 37888 54 37960 26 37992 18 38042 14 38144 55 38216 26 38248 19 38293 19 38400 55 38463 4 38472 26 38504 19 38548 19 38656 56 38719 4 38728 27 38760 19 38803 19 38851 4 38912 56 38976 2 38984 28 39016 19 39053 24 39106 9 39168 58 39240 29 39272 19 39308 24 39362 12 39424 59 39495 31 39527 21 39563 25 39617 14 39680 59 39751 53 39818 26 39873 15 39936 60 40007 53 40074 26 40128 16 40192 65 40263 53 40329 27 40383 18 40448 68 40519 54 40578 1 40582 31 40637 20 40704 165 40886 4 40892 22 40960 165 41140 29 41216 164 41395 33 41472 164 41650 35 41728 122 41851 40 41906 19 41928 16 41984 122 42107 39 42163 17 42185 16 42240 162 42419 17 42442 16 42496 161 42677 16 42698 16 42752 114 42867 46 42934 14 42954 16 43008 161 43191 13 43210 16 43264 161 43448 11 43466 16 43520 71 43593 89 43705 6 43721 17 43776 164 43962 4 43977 17 44003 3 44029 168 44232 18 44258 3 44284 170 44488 17 44513 5 44540 170 44744 17 44768 6 44796 170 45001 15 45024 6 45043 3 45053 169 45257 7 45280 7 45297 8 45309 170 45515 3 45536 7 45553 10 45566 169 45792 7 45808 183 46049 6 46064 182 46306 5 46320 183 46564 2 46571 1 46576 183 46826 190 47082 190 47338 191 47593 195 47847 198 48101 200 48356 200 48611 28 48640 172 48866 29 48896 171 49121 202 49377 202 49633 30 49664 172 49889 30 49920 172 50146 28 50176 173 50403 26 50432 174 50660 24 50688 181 50899 4 50917 22 50944 183 51155 6 51175 19 51200 184 51411 9 51432 17 51456 184 51667 9 51689 15 51712 121 51838 9 51850 47 51923 10 51945 13 51968 119 52096 5 52107 46 52180 10 52201 11 52224 117 52363 47 52436 10 52457 11 52480 117 52619 47 52693 10 52713 11 52736 117 52871 51 52949 12 52970 10 52992 117 53126 52 53204 14 53227 9 53248 116 53381 53 53458 17 53484 8 53504 116 53637 53 53713 19 53741 6 53760 116 53893 52 53968 20 53999 4 54016 116 54148 53 54224 20 54255 5 54272 116 54404 52 54480 20 54510 8 54528 116 54660 52 54736 20 54766 9 54784 115 54916 52 54992 19 55022 9 55040 115 55172 52 55248 18 55277 11 55296 113 55427 53 55503 17 55533 11 55552 109 55682 54 55759 17 55789 11 55808 109 55937 55 56014 18 56045 11 56064 108 56180 1 56193 54 56270 19 56301 12 56320 109 56434 4 56449 54 56518 3 56525 22 56558 12 56576 109 56690 5 56706 52 56772 32 56815 12 56832 109 56946 5 56964 48 57027 33 57072 12 57088 109 57201 6 57221 45 57282 35 57329 11 57344 109 57457 5 57478 43 57538 35 57587 9 57600 109 57712 5 57735 41 57794 35 57846 4 57856 110 57967 6 57993 38 58050 35 58112 117 58249 37 58307 35 58368 116 58505 36 58564 34 58624 115 58762 35 58820 34 58880 108 59018 34 59076 35 59136 106 59274 34 59331 37 59392 105 59531 32 59585 40 59648 104 59788 30 59840 41 59904 103 60044 29 60096 41 60160 101 60301 27 60352 41 60416 101 60559 24 60603 1 60608 41 60672 101 60818 21 60855 49 60928 102 61074 21 61111 47 61184 103 61331 20 61366 47 61440 104 61586 21 61615 53 61696 105 61842 22 61870 53 61939 4 61952 105 62097 23 62126 53 62195 4 62208 105 62353 23 62382 53 62450 5 62464 105 62607 24 62637 54 62706 6 62720 105 62861 26 62893 54 62962 6 62976 103 63117 27 63148 55 63218 6 63232 100 63372 87 63474 7 63488 99 63628 88 63731 6 63744 98 63863 4 63883 89 63987 7 64000 99 64118 6 64140 89 64243 7 64256 99 64374 8 64389 4 64396 90 64499 7 64512 100 64630 9 64644 5 64654 87 64756 6 64768 100 64886 10 64899 6 64912 85 65013 3 65024 100 65142 10 65155 6 65168 84 65280 100 65398 11 65411 6 65424 76
000025,34301 3 34556 4 34812 4 35068 4 35324 4 35580 4 35837 3 36093 3 36349 3 36605 3 36861 3 37116 4 37372 4 37628 4 37884 4 38137 1 38140 4 38392 8 38647 9 38903 9 39159 9 39415 9 39671 9 39927 9 40183 9 40439 9 40696 8 40952 8 41209 7 41467 5 48888 4 49142 7 49397 10 49653 10 49908 12 50164 12 50421 11 50677 11 50929 15 51183 17 51438 18 51694 18 51949 19 52205 19 52462 18 52719 17 52976 16 53233 15 53490 14 53746 14 54003 13 54259 13 54516 12 54773 11 55030 10 55287 9 55543 9 55800 8 56055 9 56311 9 56568 8 56824 8 57080 8 57336 8 57592 8 57848 8 58104 8 58360 8 58616 8 58872 8 59128 8 59385 7 59641 7 59897 7 60153 7 60409 7 60665 7 60921 7 61177 7 61433 7 61687 9 61942 10 62198 10 62454 10 62710 10 62966 10 63221 11 63477 11 63733 11 63989 11 64244 12 64500 12 64757 11 65013 11 65270 10 65527 9
000026,62370 3 62625 6 62878 11 63133 12 63389 13 63645 14 63902 14 64158 14 64415 14 64671 14 64927 15 65183 15 65439 16
000027,74 4 151 12 332 1 407 12 663 12 920 10 1177 9 1435 6 1692 4 5211 6 5464 10 5719 13 5974 15 6230 17 6487 17 6743 17 7000 17 7256 17 7512 17 7768 17 8024 17 8280 17 8536 16 8792 15 9049 12 9305 10 9562 11 9819 3 9826 3 10082 4 10174 4 10217 2 10338 4 10429 6 10471 5 10684 9 10725 7 10940 10 10979 9 11195 12 11234 10 11444 4 11449 14 11490 10 11697 23 11741 15 11950 26 11997 15 12205 27 12252 15 12461 27 12508 15 12716 28 12763 16 12932 5 12972 28 13019 16 13041 3 13186 10 13228 28 13274 17 13296 5 13440 12 13483 28 13530 18 13550 7 13696 13 13740 29 13785 28 13923 5 13951 14 13996 30 14040 29 14178 7 14206 14 14252 31 14296 29 14433 9 14461 15 14508 35 14551 30 14688 10 14717 15 14764 38 14808 30 14843 5 14944 10 14973 15 15020 39 15064 30 15098 6 15200 9 15220 1 15227 18 15276 40 15324 27 15354 6 15456 8 15473 28 15532 40 15580 36 15713 6 15725 32 15787 42 15838 34 15979 34 16043 42 16095 33 16235 33 16299 42 16354 30 16491 32 16554 44 16613 27 16747 31 16807 49 16870 26 17003 30 17062 51 17126 26 17260 29 17316 53 17384 24 17517 28 17571 55 17641 23 17773 27 17826 56 17897 23 18029 27 18081 57 18153 23 18284 27 18337 52 18408 24 18540 27 18592 52 18663 25 18796 28 18848 52 18919 25 19052 28 19103 52 19174 26 19294 3 19309 9 19319 17 19359 52 19429 27 19550 5 19566 8 19576 16 19615 52 19685 27 19805 7 19823 7 19833 16 19872 51 19941 27 20061 8 20089 16 20128 51 20196 28 20317 10 20345 16 20385 50 20451 28 20573 10 20601 16 20641 12 20655 36 20707 27 20829 11 20857 15 20898 10 20911 36 20962 27 21064 1 21085 11 21114 9 21154 10 21168 35 21217 27 21316 7 21341 11 21371 6 21412 7 21425 34 21474 26 21571 9 21597 12 21683 32 21730 25 21827 9 21853 12 21942 29 21987 23 22082 10 22108 14 22200 27 22245 16 22338 10 22365 13 22457 26 22502 14 22594 10 22621 12 22715 23 22758 13 22782 2 22850 10 22877 12 22971 23 23015 11 23037 3 23107 9 23134 9 23227 23 23271 7 23293 3 23363 9 23391 7 23483 25 23620 7 23739 26 23879 3 23994 27 24250 28 24444 2 24506 28 24573 3 24699 5 24761 28 24825 7 24942 4 24955 4 25017 28 25079 9 25197 6 25211 4 25273 28 25334 10 25453 7 25529 27 25588 12 25708 8 25784 28 25843 13 25964 8 26038 30 26099 13 26219 9 26285 5 26292 31 26355 13 26473 11 26540 40 26611 13 26728 12 26795 19 26816 20 26868 12 26984 12 27050 19 27072 20 27124 12 27240 12 27305 19 27328 20 27381 11 27496 12 27561 19 27584 20 27637 11 27753 12 27816 17 27839 21 27893 11 28009 13 28072 16 28093 22 28151 9 28266 12 28321 3 28328 15 28348 23 28412 4 28522 13 28577 3 28584 43 28671 1 28778 13 28832 4 28840 43 29034 13 29088 4 29096 43 29289 14 29345 2 29352 43 29545 14 29608 43 29801 14 29864 43 30057 13 30121 41 30313 12 30377 39 30569 12 30633 34 30825 12 30890 31 31082 11 31147 30 31338 11 31407 5 31417 16 31594 11 31674 15 31850 9 31930 14 32107 6 32187 13 32364 3 32444 10 32701 7 34384 5 34637 9 34892 12 35147 14 35402 16 35658 16 35914 16 36170 16 36426 16 36682 15 36938 15 37195 14 37451 12 37710 8 37969 4 38883 6 39136 13 39382 7 39390 16 39630 33 39741 5 39885 34 39996 8 40140 36 40252 10 40395 37 40507 14 40650 38 40763 15 40905 38 41020 15 41160 39 41276 15 41416 39 41533 14 41672 39 41790 13 41927 39 42046 12 42182 40 42262 3 42303 11 42437 41 42517 5 42561 3 42693 41 42774 5 42949 41 43030 5 43205 41 43288 2 43326 3 43461 41 43582 4 43716 43 43838 5 43972 43 44094 5 44228 43 44350 5 44484 43 44607 4 44740 43 44864 3 44997 42 45254 40 45511 39 45768 36 46024 31 46280 31 46536 31 46792 30 47048 31 47303 32 47559 33 47815 33 48071 34 48327 34 48583 34 48839 34 49095 34 49350 35 49606 35 49861 36 50116 38 50372 38 50627 40 50882 41 51136 44 51391 44 51646 27 51674 16 51901 27 51937 7 52157 26 52197 1 52375 10 52413 25 52630 12 52669 25 52886 13 52924 25 53141 15 53180 25 53396 16 53436 26 53529 1 53652 16 53691 27 53785 2 53908 16 53947 28 54041 2 54163 17 54202 30 54292 7 54419 17 54458 32 54546 8 54674 19 54715 33 54801 9 54926 23 54952 5 54973 32 55057 9 55182 23 55207 7 55231 31 55313 9 55437 25 55463 6 55488 30 55569 9 55693 17 55712 6 55719 6 55744 30 55825 9 55948 17 55970 3 55975 6 56001 28 56080 9 56203 18 56232 4 56257 28 56297 4 56302 1 56336 8 56453 25 56489 2 56506 3 56514 27 56552 11 56592 7 56707 27 56760 6 56770 27 56808 13 56848 6 56962 29 57016 7 57027 26 57064 14 57105 5 57216 32 57271 8 57283 25 57320 15 57361 4 57472 33 57528 7 57539 25 57576 16 57728 34 57785 5 57795 25 57832 16 57983 35 58043 1 58052 24 58088 16 58239 35 58308 24 58343 18 58495 36 58565 10 58578 10 58599 20 58750 38 58821 9 58835 8 58855 22 59007 37 59077 8 59093 4 59112 24 59263 37 59334 7 59368 24 59520 36 59591 5 59624 24 59776 36 59848 2 59880 24 60033 35 60134 26 60290 34 60389 27 60546 34 60644 28 60804 9 60816 20 60900 28 61061 6 61074 18 61155 29 61320 1 61331 16 61411 29 61589 5 61595 7 61667 29 61854 1 61923 29 62179 29 62435 29 62691 29 62946 30 63202 30 63458 30 63714 30 63970 30 64225 31 64481 31 64738 30 64994 30 65251 28 65507 24
000028,0 65536
000029, 
000030,0 65536
000031, 
000032,0 65536
000033,55394 5 55649 8 55904 10 56160 10 56416 9 56672 8 56928 7 57185 5 57442 2
000034,200 56 455 57 711 57 966 58 1223 57 1479 57 1735 57 1991 57 2248 56 2504 56 2761 55 3016 56 3272 56 3528 56 3784 56 4040 56 4296 56 4552 56 4808 56 5065 55 5321 55 5580 52 5837 51 6095 49 6351 49 6607 49 6863 49 7121 47 7377 47 7633 47 7889 47 8145 47 8401 47 8658 46 8868 3 8915 45 9124 4 9171 45 9380 4 9427 45 9636 4 9681 47 9892 4 9936 48 10148 4 10191 49 10403 4 10446 50 10659 4 10701 51 10913 5 10932 1 10956 52 11168 7 11185 4 11212 52 11421 10 11439 7 11467 53 11676 12 11694 7 11722 54 11931 14 11949 8 11976 56 12187 14 12206 7 12231 57 12443 15 12463 5 12485 59 12699 15 12717 7 12740 60 12955 24 12987 69 13211 101 13467 101 13723 101 13980 100 14236 100 14492 100 14747 101 15003 101 15259 101 15516 2 15521 95 15772 2 15776 96 16032 96 16289 95 16540 3 16547 93 16796 2 16804 34 16840 2 16844 52 17052 2 17059 34 17100 52 17308 1 17313 35 17356 3 17360 48 17569 35 17612 2 17616 48 17824 35 17867 1 17870 50 18079 32 18122 2 18126 50 18333 32 18377 32 18410 22 18588 32 18630 33 18666 22 18842 34 18886 6 18894 27 18922 22 19098 34 19141 6 19151 38 19191 9 19353 34 19398 3 19407 38 19446 10 19608 35 19655 2 19663 13 19678 15 19699 1 19702 10 19863 36 19919 12 19935 13 19958 10 20119 36 20177 5 20184 2 20192 11 20214 3 20218 6 20375 36 20438 2 20449 9 20471 2 20474 6 20631 35 20694 2 20705 8 20730 6 20887 35 20933 1 20951 1 20962 6 20986 6 21143 36 21180 2 21189 1 21219 5 21243 5 21399 37 21473 6 21499 5 21655 37 21728 7 21756 4 21911 38 21983 8 22012 4 22167 39 22239 8 22248 2 22267 5 22423 41 22492 13 22522 6 22678 44 22724 5 22745 16 22769 1 22775 1 22778 6 22934 43 22980 7 22994 3 22998 18 23034 6 23190 42 23236 36 23291 5 23445 42 23493 35 23701 41 23749 36 23957 42 24004 36 24061 1 24212 84 24315 4 24468 84 24570 6 24725 83 24825 7 24980 84 25079 9 25235 62 25300 11 25312 8 25334 10 25489 63 25557 8 25571 4 25590 10 25745 62 25813 6 25846 10 26001 62 26069 5 26103 8 26257 62 26325 1 26360 7 26514 60 26618 4 26770 59 26851 3 27026 57 27108 2 27282 46 27334 1 27538 45 27619 6 27793 45 27870 13 27888 2 27893 5 27901 3 28049 44 28125 17 28144 11 28156 4 28305 36 28354 3 28381 17 28401 15 28561 37 28608 6 28640 15 28657 15 28817 37 28862 8 28898 15 28914 14 29073 39 29117 9 29155 9 29166 3 29170 14 29329 53 29411 9 29423 2 29427 13 29585 51 29668 8 29678 3 29682 14 29841 46 29925 8 29934 18 30097 43 30182 7 30195 13 30354 41 30438 6 30452 11 30611 38 30694 6 30708 10 30868 33 30951 5 30965 7 31123 31 31206 6 31221 8 31231 1 31379 30 31462 7 31478 7 31486 2 31635 27 31718 7 31731 13 31891 26 31975 6 31985 15 32147 24 32231 5 32241 15 32403 23 32487 4 32498 14 32660 20 32743 3 32755 13 32917 18 33011 13 33174 16 33268 10 33431 13 33524 9 33688 8 33781 7 34038 5 34047 1 34296 8 34552 8 34808 8 35064 8 35320 8 35577 7 35833 7 36090 6 36346 6 36603 5 36859 5 37116 4 37372 4 37628 4 37884 4 38141 3 38399 1 38655 1 38911 1 39166 2 39422 2 39677 3 39933 3 40190 2 40447 1
000035,30 126 169 44 226 30 285 128 426 45 482 30 539 131 682 47 737 31 789 137 938 49 992 32 1040 143 1195 49 1248 32 1296 144 1452 84 1550 146 1708 84 1797 156 1964 246 2219 248 2474 250 2730 251 2986 252 3241 518 3761 254 4019 253 4276 253 4534 251 4792 249 5048 249 5305 253 5561 3151 8713 257 8971 255 9229 254 9488 251 9746 249 10002 238 10242 9 10258 238 10499 9 10512 240 10756 252 11014 250 11272 248 11530 246 11788 244 12046 242 12303 241 12558 242 12814 242 13070 242 13326 244 13582 245 13838 247 14095 248 14351 250 14606 8110 22718 252 22975 249 23232 247 23488 239 23744 226 24000 222 24255 221 24511 204 24717 14 24767 201 24974 12 25023 197 25231 10 25279 194 25489 7 25536 192 25747 4 25792 192 26048 191 26304 191 26560 191 26815 192 27071 192 27326 198 27582 200 27838 203 28095 207 28351 210 28608 211 28865 211 29121 212 29377 213 29632 214 29888 216 30143 217 30399 218 30655 219 30912 223 31168 225 31425 226 31681 228 31937 229 32193 231 32448 235 32703 237 32958 240 33214 243 33469 246 33725 247 33980 249 34235 252 34490 7671 42166 250 42422 250 42680 248 42937 247 43193 247 43449 246 43705 246 43960 247 44216 247 44472 247 44728 247 44984 248 45239 5002 50248 197 50450 46 50506 194 50707 45 50763 192 50964 44 51019 191 51221 42 51276 189 51477 41 51534 186 51734 40 51794 180 51992 38 52051 173 52250 36 52307 173 52507 34 52563 173 52763 34 52819 173 53019 34 53075 173 53275 35 53331 173 53531 36 53587 173 53787 37 53843 173 54044 37 54098 174 54300 38 54353 175 54557 37 54609 175 54790 3 54813 38 54863 177 55044 7 55071 37 55119 177 55299 9 55327 37 55374 178 55554 14 55583 38 55629 179 55810 19 55839 38 55883 181 56065 25 56094 41 56137 183 56321 8477 64802 734
000036,15 14 39 22 111 6 143 113 271 15 296 21 361 13 398 114 527 16 552 21 616 15 654 114 783 17 809 20 871 16 894 2 910 114 1039 18 1064 21 1126 18 1146 8 1166 114 1294 47 1382 29 1424 112 1550 47 1638 30 1682 110 1806 48 1894 30 1940 60 2003 10 2017 31 2062 48 2133 3 2149 31 2197 58 2262 6 2274 30 2319 48 2376 21 2403 32 2453 57 2532 28 2576 48 2629 62 2710 56 2792 24 2832 115 2967 55 3049 23 3088 115 3224 54 3308 20 3343 116 3480 54 3564 20 3599 116 3737 52 3821 19 3854 117 3993 53 4077 19 4107 120 4249 53 4333 19 4358 124 4505 53 4591 17 4611 127 4761 52 4848 16 4866 128 5017 52 5106 14 5121 130 5274 52 5363 13 5377 130 5530 53 5619 145 5787 54 5874 155 6035 2 6045 56 6130 167 6302 58 6385 15 6401 155 6558 60 6640 16 6658 217 6896 16 6916 216 7145 4 7150 18 7173 216 7394 5 7400 24 7429 251 7685 251 7942 250 8199 249 8458 246 8716 1 8722 238 8980 236 9239 233 9496 232 9753 231 10008 232 10264 232 10520 232 10774 234 11030 234 11285 235 11541 235 11796 234 12051 234 12307 233 12563 232 12817 233 13073 232 13329 230 13585 228 13841 227 14097 225 14353 224 14609 224 14865 224 15109 2 15117 228 15362 7 15373 228 15617 9 15627 230 15873 241 16128 241 16384 241 16640 240 16896 239 17152 237 17408 236 17664 236 17920 234 18176 235 18432 236 18688 239 18944 240 19200 240 19456 241 19712 241 19968 242 20224 241 20480 241 20736 241 20992 241 21248 240 21504 222 21729 5 21738 6 21760 222 21995 1 22016 222 22272 222 22528 222 22784 222 23040 222 23271 4 23296 221 23526 6 23552 220 23781 8 23808 220 24037 8 24064 221 24293 8 24320 221 24550 7 24576 190 24768 10 24783 15 24807 5 24832 208 25042 7 25063 6 25085 1 25088 208 25298 3 25320 5 25339 4 25344 209 25554 2 25577 3 25596 2 25600 211 25849 1 25856 213 26104 3 26112 214 26359 4 26368 215 26615 7 26624 215 26871 7 26880 215 27132 2 27136 218 27357 2 27389 1 27392 224 27648 224 27885 3 27904 227 28138 7 28160 241 28416 242 28672 243 28928 244 29175 3 29184 244 29430 4 29440 244 29687 3 29696 244 29945 1 29953 242 30211 240 30469 238 30725 237 30981 236 31236 237 31492 237 31745 240 32000 240 32256 4 32261 235 32512 249 32768 250 33024 251 33280 253 33536 1769 35306 253 35563 252 35819 252 36075 252 36340 243 36600 239 36857 239 37116 235 37373 233 37629 232 37885 1 37888 229 38144 229 38381 5 38400 230 38635 8 38656 230 38889 10 38912 231 39144 11 39168 245 39424 246 39680 246 39936 247 40192 247 40448 249 40704 5609 46316 234 46552 14 46574 231 46810 10 46832 228 47090 225 47348 222 47606 219 47863 217 48120 214 48379 209 48636 207 48893 205 49150 203 49406 203 49663 202 49920 201 50176 201 50432 201 50688 201 50944 200 51181 3 51200 200 51435 7 51456 193 51650 6 51689 10 51712 193 51908 3 51944 16 51968 193 52198 21 52224 194 52451 28 52480 195 52706 226 52961 229 53211 237 53466 238 53722 239 53978 239 54234 239 54489 241 54745 241 55001 242 55258 241 55514 242 55769 243 56024 245 56275 1 56279 246 56529 252 56784 254 57040 2095 59136 254 59392 254 59648 254 59904 255 60160 226 60389 26 60416 224 60648 247 60905 245 61161 244 61417 1004 62425 251 62681 208 62891 41 62938 207 63148 39 63194 207 63405 38 63450 208 63661 37 63707 207 63918 35 63963 208 64174 23 64200 5 64219 209 64430 21 64475 209 64687 20 64731 211 64944 19 64987 232 65243 232 65498 38
000037,3216 3 3471 5 3725 10 3980 12 4235 14 4491 14 4748 13 5004 13 5261 12 5518 11 5775 10 6032 9 6289 8 6545 7 6802 5 46668 1 46922 3 47178 3 47434 3 47691 2
000038,189 17 209 27 248 7 446 16 466 26 505 5 703 15 722 26 762 4 961 12 979 24 1020 2 1222 6 1237 22 1277 1 1479 5 1496 4 1503 11 1735 5 1762 7 1992 5 2019 5 2248 5 2276 4 2504 7 2512 4 2533 1 2760 14 3017 13 3274 13 3529 15 3785 15 4042 14 4298 14 4556 9 4813 7 5070 6 5328 3 5585 1
000039,0 65536
000040,0 65536
000041,0 65536
000042,0 6 92 18 148 12 242 19 349 17 404 11 432 4 497 19 605 17 661 8 687 6 753 18 861 16 919 2 942 7 1008 11 1020 5 1117 16 1198 8 1263 10 1276 4 1373 16 1454 14 1516 13 1532 4 1630 14 1709 17 1728 5 1738 4 1771 14 1789 3 1895 4 1965 34 2027 14 2045 3 2221 34 2259 2 2283 15 2300 4 2476 36 2514 4 2539 21 2732 47 2795 21 2989 47 3050 22 3245 47 3305 23 3503 44 3560 24 3761 42 3816 24 3892 1 4017 42 4071 25 4147 7 4273 42 4327 25 4402 10 4528 43 4583 25 4658 11 4672 3 4784 44 4839 25 4915 17 5040 44 5096 24 5171 18 5296 44 5353 23 5428 24 5553 44 5609 23 5685 24 5810 43 5866 22 5941 25 6065 44 6123 21 6196 27 6320 46 6380 20 6451 28 6572 50 6638 18 6706 30 6827 51 6896 16 6960 32 7082 52 7152 16 7215 33 7337 53 7408 16 7470 34 7593 53 7664 16 7726 34 7848 54 7920 16 7983 33 8104 53 8177 15 8239 34 8352 3 8358 55 8434 14 8495 34 8608 60 8690 14 8751 34 8864 60 8947 13 9007 35 9121 57 9204 12 9263 35 9378 54 9461 11 9520 34 9634 54 9718 10 9777 33 9891 52 9975 9 10034 32 10148 49 10231 9 10291 31 10405 46 10487 9 10548 29 10661 44 10743 9 10805 27 10918 38 10999 9 11065 19 11175 36 11255 9 11321 16 11433 33 11511 9 11578 14 11695 26 11767 9 11835 12 11953 22 12024 8 12093 9 12210 18 12281 7 12352 6 12466 18 12540 4 12723 6 12730 9 12980 3 12988 6 13141 2 13245 4 13389 3 13393 8 13644 13 13758 4 13764 7 13899 15 14014 14 14153 17 14269 16 14341 4 14350 4 14400 3 14407 19 14525 17 14596 7 14604 7 14655 28 14781 18 14851 17 14911 28 15037 19 15107 17 15167 29 15293 19 15362 18 15423 29 15549 20 15617 20 15678 31 15806 19 15872 21 15933 33 16063 18 16128 21 16186 37 16320 18 16384 21 16441 38 16576 18 16640 21 16696 39 16833 16 16896 21 16951 40 17090 15 17152 21 17207 40 17346 14 17408 20 17462 40 17603 12 17664 20 17718 39 17784 4 17798 14 17853 1 17862 8 17920 19 17972 40 18038 7 18053 16 18108 4 18120 4 18176 20 18227 35 18263 2 18293 9 18308 17 18364 4 18432 20 18483 29 18549 9 18564 17 18620 4 18688 20 18739 29 18805 11 18820 18 18876 3 18944 20 18995 28 19061 33 19200 20 19250 29 19318 32 19456 20 19506 29 19574 32 19712 19 19762 28 19823 3 19832 21 19855 7 19968 19 20016 30 20078 6 20089 20 20113 5 20224 18 20272 29 20333 9 20343 22 20370 3 20480 17 20527 29 20588 34 20630 11 20736 18 20783 27 20844 34 20885 14 20992 18 21038 26 21100 35 21140 17 21248 19 21295 24 21356 35 21395 19 21504 19 21551 23 21581 2 21612 35 21651 19 21760 20 21808 21 21836 3 21868 36 21906 21 22016 20 22065 19 22091 4 22124 59 22272 20 22322 17 22349 2 22359 2 22380 59 22528 20 22578 16 22599 2 22613 5 22636 58 22784 20 22835 14 22853 6 22869 5 22892 58 23040 19 23091 14 23107 10 23124 7 23149 57 23296 19 23347 29 23379 8 23405 57 23552 18 23603 40 23661 58 23755 4 23808 17 23858 42 23917 58 24008 8 24070 10 24114 42 24173 59 24263 11 24277 5 24329 6 24370 43 24429 60 24518 21 24627 42 24685 62 24774 22 24883 42 24941 51 25030 23 25139 41 25197 50 25286 24 25387 2 25396 40 25453 51 25542 24 25642 3 25653 38 25710 51 25798 23 25910 37 25966 53 26055 22 26167 35 26223 53 26312 21 26423 34 26480 53 26569 20 26679 33 26736 53 26828 16 26935 27 26966 1 26993 52 27085 15 27184 34 27250 52 27341 14 27440 35 27510 48 27598 13 27695 37 27768 46 27854 12 27952 39 28024 46 28110 11 28208 42 28281 46 28367 9 28466 41 28536 46 28625 6 28723 41 28792 46 28980 40 29048 46 29237 39 29303 46 29496 8 29507 25 29559 45 29764 25 29815 45 30019 26 30071 45 30274 26 30328 44 30529 27 30584 44 30784 27 30841 43 31039 28 31097 42 31294 29 31353 41 31550 29 31609 41 31806 38 31865 40 32063 37 32120 41 32320 36 32375 42 32577 35 32631 41 32833 34 32886 39 33089 34 33142 37 33346 32 33398 36 33603 31 33655 34 33860 30 33912 33 34118 28 34169 31 34375 5 34382 19 34428 21 34645 12 34685 15 34903 10 34944 10 35159 10 35203 6 35417 8 35673 8 35822 5 35828 4 35930 7 36075 14 36186 6 36330 16 36444 3 36583 20 36827 3 36838 26 37082 6 37093 27 37338 7 37348 28 37593 8 37604 28 37843 2 37848 10 37860 28 38002 6 38098 17 38116 28 38257 8 38354 46 38512 9 38609 47 38767 11 38865 47 39020 18 39121 47 39276 19 39377 47 39508 1 39531 20 39634 46 39788 19 39890 46 40044 19 40147 45 40300 19 40403 45 40557 18 40659 45 40813 18 40915 45 41069 19 41171 45 41321 23 41427 45 41575 25 41682 46 41830 27 41938 46 42086 27 42193 47 42342 27 42449 47 42505 2 42597 27 42704 39 42744 7 42760 4 42849 31 42960 38 43002 3 43016 4 43104 31 43216 38 43271 6 43360 31 43472 38 43527 5 43615 7 43624 24 43728 38 43781 8 43871 6 43881 23 43984 38 44036 10 44127 5 44137 23 44240 39 44291 11 44382 6 44394 21 44496 39 44547 12 44638 6 44651 19 44750 40 44802 13 44895 5 44907 16 45005 41 45058 13 45151 5 45164 12 45261 34 45314 13 45408 4 45421 11 45516 33 45570 13 45664 6 45677 11 45772 10 45788 16 45826 14 45912 3 45922 3 45934 9 46028 8 46045 14 46082 14 46168 3 46191 7 46284 6 46304 10 46338 14 46424 3 46542 3 46561 8 46572 9 46594 14 46680 3 46818 6 46826 13 46850 14 47075 3 47082 14 47103 1 47106 13 47337 15 47357 3 47362 12 47592 16 47611 5 47617 10 47849 23 47873 7 48105 23 48129 5 48361 23 48387 1 48617 23 48873 23 49129 23 49385 23 49641 23 49897 23 50153 23 50408 24 50663 25 50918 26 51174 26 51429 27 51684 28 51828 4 51940 28 52082 8 52195 29 52336 10 52451 29 52591 11 52708 27 52847 12 52964 24 53103 12 53220 21 53358 12 53476 18 53614 12 53732 11 53871 9 53988 6 54127 7 54245 3 54384 5 54614 4 54869 9 55122 13 55145 2 55377 15 55398 8 55632 31 55887 34 56143 35 56399 35 56654 37 56910 38 57166 38 57222 3 57422 38 57476 5 57678 39 57731 6 57935 38 57986 7 58191 38 58240 9 58448 36 58496 9 58705 35 58751 11 58867 2 58962 33 59007 10 59122 4 59219 29 59264 8 59378 4 59474 30 59521 3 59635 1 59722 2 59729 30 59978 36 60233 36 60399 4 60490 32 60654 6 60746 31 60909 7 61002 31 61166 7 61258 31 61422 7 61514 32 61678 7 61770 32 61934 7 62027 32 62190 7 62283 33 62446 7 62540 34 62703 6 62798 33 62960 5 63055 32 63219 1 63311 32 63568 32 63825 31 64005 6 64082 30 64260 8 64338 31 64516 9 64595 29 64772 9 64851 29 65027 10 65107 28 65283 9 65362 28
000043,0 37946 37947 27589
000044, 
000045, 
000046,108 17 363 19 618 22 873 23 902 3 1129 24 1158 3 1385 24 1641 24 1896 26 1924 1 2152 30 2409 29 2665 29 2921 29 3177 28 3433 27 3472 3 3688 27 3728 3 3944 27 3984 4 4201 25 4240 3 4457 25 4714 23 4927 5 4970 23 5016 3 5089 2 5182 7 5226 22 5270 6 5343 6 5439 6 5483 21 5526 7 5599 8 5694 7 5739 21 5782 7 5854 10 5949 8 5995 21 6038 6 6110 11 6201 14 6251 21 6294 5 6366 11 6447 4 6456 17 6507 21 6622 12 6702 8 6711 18 6763 21 6877 14 6954 31 7018 21 7133 14 7207 34 7274 19 7389 15 7461 37 7530 17 7645 14 7716 38 7786 16 7902 13 7971 40 8042 16 8161 9 8226 41 8299 14 8419 6 8480 43 8557 8 8677 1 8735 39 8775 3 8991 37 9207 2 9246 37 9452 4 9461 6 9500 38 9707 17 9754 40 9962 19 10009 40 10217 20 10265 40 10471 23 10520 41 10725 24 10776 41 10981 24 11031 42 11237 26 11287 42 11493 27 11542 43 11749 27 11798 43 12005 27 12053 43 12261 27 12309 42 12518 25 12565 42 12729 2 12774 23 12821 42 12985 2 13030 22 13077 42 13287 20 13334 41 13544 11 13556 7 13592 38 13752 3 13801 9 13813 5 13849 37 14007 4 14058 7 14105 37 14263 5 14316 4 14362 36 14519 4 14619 4 14627 27 14884 25 15141 24 15398 21 15654 20 15913 16 16168 1 16171 14 16423 2 16428 12 16679 2 16686 3 16935 2 18432 1 18688 1 18944 2 19200 1 19572 3 19828 3 19971 2 20076 1 20083 4 20130 8 20226 4 20332 1 20340 2 20385 9 20481 6 20588 1 20640 10 20737 6 20896 10 20993 6 21151 11 21249 5 21407 12 21507 2 21663 13 21919 17 22176 16 22432 16 22688 16 22944 16 23200 15 23456 14 23713 13 23970 11 24227 8 24484 4 24664 3 24920 2 25176 1 26708 5 26964 5 27219 6 27476 4 35072 1 35328 2 35584 2 35840 2 36096 1 40230 4 40483 8 40738 10 40993 12 41249 12 41505 12 41761 12 42017 11 42273 11 42530 10 42786 10 43043 9 43299 9 43556 7 43812 7 43947 5 44068 8 44201 14 44324 8 44456 18 44579 9 44712 22 44835 9 44968 28 45091 10 45224 30 45348 9 45479 36 45605 7 45735 38 45862 6 45991 39 46246 41 46502 41 46757 42 47012 42 47268 42 47524 43 47780 45 48035 47 48291 48 48548 49 48711 4 48804 51 48965 10 49060 52 49220 14 49316 53 49475 16 49573 53 49730 17 49830 53 49985 18 50087 53 50241 18 50343 54 50496 19 50599 54 50752 18 50855 53 51008 17 51111 53 51264 17 51367 51 51520 17 51623 50 51777 16 51879 46 52034 14 52135 44 52290 14 52391 43 52510 3 52548 12 52648 31 52681 8 52765 6 52807 9 52904 29 53020 8 53065 7 53160 28 53276 8 53322 6 53416 28 53532 8 53579 5 53673 26 53787 9 53836 2 53929 26 54043 8 54186 24 54298 7 54443 23 54554 5 54702 19 54810 5 54959 18 55066 5 55215 17 55323 4 55472 16 55579 4 55728 15 55835 5 55985 13 56091 6 56243 10 56346 7 56503 4 56601 8 56857 8 57108 13 57364 13 57620 13 57876 12 58132 11 58389 8 58645 8 58902 6 59160 3 63127 4 63382 6 63638 6 63893 8 64149 8 64405 8 64567 2 64661 10 64822 5 64917 12 65078 5 65174 11 65334 5 65431 11
000047,0 65536
000048,12283 4 12539 5 12794 6 13050 6 13306 6 13563 5 13820 4 14076 4 14333 3 14591 1
000049, 
000050, 
000051,13 29 56 3 161 6 239 7 269 29 311 4 415 8 494 8 524 30 567 4 656 3 663 18 749 9 779 31 822 5 911 27 1005 9 1035 31 1077 6 1167 28 1261 9 1291 31 1332 7 1422 31 1517 10 1547 31 1588 7 1678 31 1773 10 1803 31 1844 6 1934 31 2029 10 2060 29 2100 6 2189 32 2285 10 2318 27 2357 5 2445 32 2542 9 2575 25 2615 2 2701 32 2798 9 2831 24 2957 32 3055 8 3087 16 3213 32 3313 6 3342 16 3469 32 3571 2 3598 16 3725 32 3853 17 3982 31 4109 16 4239 30 4364 17 4500 23 4620 16 4757 21 4876 16 4895 4 5014 20 5131 24 5271 18 5387 25 5423 4 5527 17 5643 27 5678 6 5784 16 5899 30 5934 7 6041 14 6155 32 6190 6 6298 12 6411 33 6446 5 6555 9 6668 32 6703 3 6811 8 6924 32 7068 5 7181 32 7324 4 7438 31 7694 32 7950 13 7965 17 8206 12 8222 17 8451 4 8462 10 8478 17 8707 4 8718 9 8734 18 8962 5 8975 7 8990 18 9218 5 9246 19 9472 8 9503 18 9728 8 9760 17 9984 9 10016 17 10240 9 10273 16 10496 8 10529 16 10752 8 10777 2 10786 15 11008 7 11032 3 11042 15 11111 3 11264 7 11287 4 11300 12 11366 7 11520 7 11542 5 11558 9 11622 8 11639 4 11776 7 11792 12 11815 8 11877 24 12032 11 12047 13 12071 7 12133 24 12288 29 12328 6 12388 26 12544 29 12584 6 12644 27 12800 30 12841 3 12900 27 13056 30 13156 28 13312 30 13412 8 13421 19 13568 31 13668 28 13824 31 13924 29 14080 31 14180 31 14336 31 14436 32 14592 31 14691 33 14848 32 14947 33 15104 34 15203 31 15360 35 15459 30 15616 36 15716 31 15872 40 15974 30 16128 41 16230 30 16384 41 16487 30 16640 41 16742 31 16896 41 16996 33 17152 42 17251 34 17408 42 17506 35 17664 43 17762 34 17920 43 18017 35 18176 15 18193 26 18273 35 18432 14 18451 24 18529 35 18688 13 18708 23 18784 36 18944 13 18964 24 19040 36 19200 13 19221 23 19295 37 19456 12 19477 22 19542 5 19550 38 19712 13 19732 23 19797 47 19968 17 19986 24 20053 47 20224 41 20309 47 20480 4 20491 29 20564 48 20736 3 20747 29 20821 47 21003 5 21009 23 21078 45 21248 15 21265 23 21334 45 21504 15 21522 22 21545 3 21590 44 21760 15 21778 21 21846 45 22016 15 22034 21 22102 45 22272 38 22357 46 22528 38 22613 45 22784 38 22870 44 23040 38 23126 43 23296 39 23382 43 23552 40 23639 41 23684 3 23808 40 23888 4 23895 41 23939 5 24064 11 24077 27 24143 7 24151 41 24194 7 24320 40 24398 50 24449 8 24576 13 24591 25 24653 50 24705 9 24817 5 24832 39 24909 50 24961 9 25072 7 25087 40 25164 50 25217 10 25327 9 25342 41 25420 50 25473 10 25582 57 25676 48 25729 11 25782 14 25836 59 25932 47 25986 10 26036 19 26091 33 26125 26 26188 47 26242 10 26290 23 26347 33 26383 24 26445 45 26500 7 26545 25 26603 33 26639 24 26701 15 26719 26 26757 5 26800 27 26859 32 26896 23 26957 15 26975 24 27055 28 27115 32 27152 23 27213 14 27231 20 27280 5 27310 30 27371 33 27409 22 27469 14 27488 19 27535 7 27566 31 27626 34 27666 20 27708 6 27725 15 27744 19 27790 16 27822 31 27882 34 27922 18 27963 8 27981 15 28000 19 28045 18 28077 33 28134 26 28163 9 28179 15 28219 9 28237 15 28256 19 28299 21 28333 33 28383 33 28420 8 28435 14 28474 10 28493 15 28512 19 28554 22 28590 32 28639 33 28677 7 28692 12 28729 11 28749 14 28768 18 28809 24 28846 32 28894 34 28933 6 28949 10 28985 11 29005 14 29024 17 29062 27 29102 32 29150 34 29190 5 29206 9 29241 12 29261 13 29280 17 29317 28 29358 33 29403 16 29422 18 29447 2 29463 7 29497 12 29518 12 29537 15 29572 29 29614 32 29658 17 29679 17 29719 6 29753 12 29782 1 29793 15 29828 8 29838 19 29870 32 29913 17 29936 16 29976 4 30009 11 30050 14 30076 2 30084 29 30126 32 30170 3 30175 10 30192 16 30233 2 30265 11 30306 14 30331 5 30339 11 30351 18 30383 31 30434 6 30449 15 30520 12 30562 13 30586 39 30638 31 30706 14 30776 12 30818 13 30842 39 30894 31 30963 13 31031 14 31074 12 31097 39 31150 30 31219 13 31287 15 31330 10 31353 39 31406 29 31476 12 31542 16 31586 9 31608 40 31662 29 31732 12 31797 19 31842 8 31863 40 31918 29 31988 12 32053 20 32100 4 32119 39 32174 30 32245 11 32308 23 32375 39 32430 30 32479 3 32505 7 32561 25 32631 38 32686 30 32734 5 32763 5 32815 26 32887 37 32942 30 32988 7 33020 4 33069 24 33142 37 33199 28 33242 10 33276 4 33323 25 33398 37 33457 25 33496 14 33517 4 33532 4 33577 28 33654 36 33714 24 33751 16 33772 15 33788 4 33832 30 33910 36 33970 23 34006 18 34028 20 34087 31 34165 37 34227 21 34262 19 34284 20 34343 32 34421 37 34483 21 34517 20 34540 19 34599 31 34677 36 34739 21 34773 20 34794 20 34856 30 34933 36 34995 21 35029 20 35050 20 35113 29 35188 36 35251 21 35286 40 35370 28 35444 36 35497 5 35507 21 35542 40 35626 28 35699 37 35752 6 35763 21 35798 40 35882 28 35955 36 36006 9 36019 21 36053 42 36137 31 36212 35 36262 10 36276 20 36309 42 36388 37 36469 34 36517 11 36533 19 36565 43 36643 39 36726 33 36773 12 36791 4 36804 2 36821 20 36842 22 36898 40 36984 31 37028 13 37077 20 37100 20 37154 40 37242 29 37285 12 37332 21 37356 20 37409 41 37500 25 37542 12 37586 23 37613 18 37665 41 37757 23 37799 12 37841 24 37870 17 37921 41 38018 7 38029 5 38057 11 38096 26 38127 16 38177 41 38314 10 38351 28 38385 14 38432 42 38570 11 38607 28 38642 13 38687 43 38827 10 38862 30 38899 12 38942 44 39083 9 39118 31 39155 12 39198 44 39340 7 39374 31 39412 11 39453 45 39630 31 39669 9 39709 45 39886 32 39927 5 39965 37 40004 8 40142 32 40222 47 40397 32 40478 47 40653 32 40733 48 40909 31 40989 47 41165 30 41244 48 41420 30 41500 47 41676 29 41756 47 41932 28 42013 46 42188 28 42269 46 42444 28 42525 46 42700 28 42781 45 42957 27 43037 45 43213 27 43293 44 43469 26 43550 43 43725 26 43806 42 43981 25 44063 40 44237 24 44319 40 44493 9 44504 12 44575 36 44750 7 44767 3 44831 33 45007 5 45087 32 45265 1 45344 31 45600 30 45856 28 46113 26 46369 25 46625 25 46880 26 47136 26 47355 3 47391 26 47609 6 47647 25 47865 7 47903 8 47914 13 48120 8 48161 3 48172 9 48376 8 48429 7 48632 8 48662 7 48684 8 48888 8 48917 8 48940 8 49144 8 49173 9 49196 8 49401 7 49429 9 49452 7 49657 7 49686 8 49708 7 49913 7 49942 7 49964 6 50169 7 50200 4 50425 7 50681 7 50937 7 51194 6 51451 5 51709 3 56672 4 56927 6 57181 10 57437 12 57692 14 57944 19 58199 21 58454 23 58709 25 58965 26 59220 28 59475 30 59730 31 59986 33 60241 35 60424 5 60497 36 60678 9 60752 38 60933 14 61008 39 61189 16 61264 40 61445 17 61521 39 61701 19 61778 39 61957 21 62035 38 62212 22 62291 38 62467 24 62547 38 62722 26 62804 37 62979 25 63059 37 63235 25 63315 37 63493 24 63571 36 63749 25 63826 36 64006 24 64082 36 64263 23 64338 35 64520 22 64595 34 64777 20 64852 33 65033 20 65110 29 65289 18 65367 27
000052,0 65536
000053,0 65536
000054,0 65536
000055,0 65536
000056,0 65536
000057,0 65536
000058,0 65536
000059,0 65536
000060, 
000061,0 65536
000062, 
000063, 
000064,0 65536
000065, 
000066, 
000067,0 65536
000068,0 65536
000069,0 65536
000070,0 65536
000071, 
000072,0 65536
000073,0 65536
000074,0 65536
000075,0 65536
000076,0 65536
000077,0 1 126 16 144 6 256 1 358 11 376 31 610 17 631 33 864 56 1120 57 1375 57 1631 57 1886 58 2142 57 2398 56 2654 56 2911 56 3167 57 3424 56 3673 5 3681 56 3929 7 3937 56 3997 4 4185 8 4195 63 4441 9 4451 65 4697 9 4707 66 4954 7 4963 50 5014 21 5211 5 5220 48 5271 21 5476 47 5527 21 5733 46 5783 21 5989 70 6246 68 6503 67 6759 66 7015 65 7271 65 7528 63 7784 63 7918 4 8040 63 8172 7 8296 63 8427 9 8439 6 8552 63 8683 18 8808 62 8920 2 8939 18 8958 2 9064 62 9174 4 9195 21 9320 60 9427 6 9452 20 9576 59 9682 6 9709 19 9833 57 9937 6 9965 19 10093 53 10192 7 10221 19 10350 52 10447 8 10477 19 10598 4 10606 51 10703 8 10731 21 10851 8 10862 51 10958 9 10983 1 10986 22 11103 13 11118 51 11215 9 11238 26 11358 14 11374 38 11415 10 11471 10 11494 26 11612 16 11630 38 11672 8 11726 12 11753 23 11868 16 11886 37 11928 7 11981 15 12010 22 12123 17 12142 38 12185 4 12236 17 12266 22 12379 17 12397 40 12491 18 12523 21 12633 63 12747 19 12779 21 12888 64 13003 20 13035 21 13143 65 13260 20 13290 22 13398 65 13517 19 13546 22 13653 66 13774 19 13802 22 13909 67 14033 16 14057 23 14164 68 14292 44 14420 69 14548 44 14675 72 14803 45 14929 74 15058 46 15183 77 15314 46 15438 78 15570 46 15694 77 15826 46 15950 77 16083 45 16206 77 16340 44 16463 75 16598 42 16719 74 16842 6 16854 42 16975 72 17097 8 17110 42 17231 71 17353 9 17366 42 17487 71 17609 10 17622 42 17742 72 17864 12 17878 42 17998 72 18120 13 18134 42 18254 75 18375 57 18509 78 18631 57 18765 67 18835 8 18886 58 19021 22 19046 39 19092 7 19142 58 19278 19 19308 30 19348 7 19398 58 19534 18 19565 29 19604 6 19655 57 19790 18 19821 28 19859 7 19911 57 20047 16 20078 26 20114 7 20162 3 20167 57 20304 16 20334 25 20370 8 20417 63 20561 15 20591 23 20625 10 20673 63 20818 14 20848 12 20864 5 20881 11 20929 63 21074 13 21105 9 21137 11 21185 63 21331 12 21362 6 21395 9 21442 62 21588 9 21619 3 21652 7 21698 62 21846 4 21910 4 21955 61 22211 61 22467 61 22530 2 22724 66 22793 3 22951 4 22979 74 23205 11 23230 2 23234 76 23460 15 23476 3 23483 83 23716 106 23831 3 23971 107 24086 5 24227 108 24342 5 24483 109 24598 5 24739 109 24854 5 24994 110 25111 4 25250 111 25367 5 25506 111 25623 6 25762 113 25878 8 26017 126 26273 126 26529 126 26785 84 26880 31 27042 81 27136 31 27298 79 27392 31 27554 78 27648 31 27811 74 27904 31 28066 75 28160 31 28320 79 28400 2 28416 30 28575 83 28672 29 28831 83 28928 28 29087 83 29184 26 29343 83 29440 25 29599 83 29696 23 29855 83 29952 15 30111 83 30208 12 30367 82 30464 11 30622 82 30720 10 30877 77 30976 7 31132 76 31232 6 31388 57 31446 17 31488 5 31644 55 31702 16 31744 4 31901 54 31958 15 32000 4 32157 71 32256 3 32414 68 32512 2 32670 68 32768 2 32925 69 33024 1 33181 69 33280 1 33437 68 33658 4 33686 75 33913 6 33941 76 34168 8 34195 78 34423 10 34450 78 34678 12 34705 62 34768 16 34933 15 34960 62 35026 6 35037 1 35068 4 35188 17 35215 61 35285 1 35309 1 35322 6 35444 18 35471 61 35563 5 35575 9 35699 20 35726 61 35803 4 35818 7 35830 10 35955 21 35982 61 36058 7 36073 8 36085 11 36211 21 36238 53 36292 6 36313 9 36328 10 36340 12 36467 21 36494 52 36548 6 36569 11 36582 26 36724 20 36749 52 36805 5 36825 39 36980 76 37063 1 37082 38 37222 1 37243 68 37331 1 37344 32 37476 6 37503 64 37573 3 37581 10 37602 30 37732 7 37761 62 37829 1 37836 12 37858 30 37988 8 38020 59 38083 2 38092 12 38115 29 38243 10 38278 61 38349 12 38371 29 38499 10 38534 60 38608 9 38628 28 38755 10 38790 60 38853 1 38856 3 38864 9 38884 28 39011 10 39046 71 39120 15 39140 28 39267 10 39302 71 39376 17 39396 28 39524 9 39555 74 39632 48 39780 9 39809 76 39888 47 40065 76 40144 43 40321 75 40401 10 40412 4 40419 24 40577 75 40658 8 40676 13 40690 8 40834 74 40915 7 40933 10 40946 7 41091 72 41171 7 41190 8 41203 5 41347 71 41427 7 41437 3 41447 5 41461 3 41602 71 41684 14 41857 71 41940 15 42112 72 42196 18 42367 74 42452 20 42622 76 42708 3 42714 16 42733 3 42878 76 42963 3 42971 23 43133 77 43218 4 43229 21 43388 34 43424 41 43473 5 43485 22 43644 34 43686 31 43729 5 43741 22 43900 34 43943 31 43984 6 43997 22 44157 34 44200 31 44240 6 44253 22 44413 34 44457 30 44494 7 44510 21 44668 34 44714 30 44749 7 44766 21 44924 34 44970 31 45004 7 45022 11 45035 8 45180 34 45227 29 45259 7 45279 9 45292 6 45436 34 45482 30 45514 7 45536 7 45692 36 45735 7 45744 32 45795 1 45948 39 45991 4 46001 19 46023 8 46205 37 46257 17 46278 6 46461 37 46517 11 46532 8 46718 36 46775 4 46782 13 46974 35 47033 1 47040 10 47230 34 47297 8 47487 33 47555 6 47745 30 47812 4 48003 28 48259 28 48515 29 48771 29 49026 31 49282 35 49322 2 49538 47 49794 48 49849 4 50050 49 50104 6 50307 50 50358 8 50564 58 50820 59 51076 59 51333 58 51589 59 51845 60 52080 5 52101 62 52218 6 52325 20 52357 66 52465 15 52579 23 52613 68 52718 18 52835 23 52869 74 52972 20 53090 29 53125 75 53226 22 53346 31 53380 77 53482 22 53596 1 53601 112 53738 22 53850 4 53857 112 53994 22 54104 121 54250 22 54359 108 54470 11 54506 22 54614 107 54727 9 54762 22 54868 109 54984 8 55018 22 55123 109 55242 5 55274 22 55377 108 55500 1 55530 22 55631 109 55786 22 55886 108 56043 21 56140 108 56300 20 56394 109 56521 6 56558 18 56649 109 56776 10 56820 12 56903 110 57031 10 57078 10 57157 111 57287 10 57335 9 57412 112 57536 5 57542 11 57592 8 57667 112 57792 17 57831 4 57848 8 57923 111 58047 17 58087 5 58105 7 58179 111 58302 18 58343 5 58361 7 58434 112 58559 17 58599 5 58618 5 58689 114 58815 16 58857 2 58944 116 59072 14 59200 116 59329 12 59456 118 59589 7 59712 118 59847 4 59968 119 60226 118 60488 113 60744 74 60820 37 61001 111 61259 109 61521 102 61779 99 61950 2 62036 98 62205 3 62296 94 62461 3 62555 64 62621 25 62717 3 62812 62 62877 25 62973 3 63069 60 63132 24 63230 2 63326 57 63387 19 63582 58 63641 21 63840 78 64097 77 64354 48 64403 27 64611 46 64660 26 64868 44 64917 24 65124 44 65173 24 65382 1 65387 16 65405 19 65429 24
000078,0 65536
000079,29 47 286 50 542 54 798 57 1055 57 1311 59 1568 59 1825 58 2081 58 2337 58 2593 57 2849 55 3074 1 3106 8 3117 42 3328 8 3363 5 3373 41 3584 10 3629 40 3840 11 3885 39 4096 12 4113 3 4141 37 4352 13 4368 11 4397 36 4608 30 4653 35 4864 41 4911 33 5120 42 5168 22 5193 6 5376 44 5426 18 5632 45 5684 15 5888 45 5941 13 6144 46 6198 11 6400 46 6455 12 6656 46 6711 12 6912 46 6967 13 7168 46 7222 14 7424 47 7478 14 7680 47 7734 13 7936 48 7990 12 8192 50 8245 4 8253 3 8448 56 8704 56 8960 56 9216 56 9472 55 9728 54 9984 50 10240 49 10496 47 10752 46 11008 45 11264 44 11520 45 11776 45 12032 44 12288 44 12544 44 12800 43 13056 42 13312 42 13568 42 13824 43 14080 45 14336 46 14592 46 14848 46 15104 46 15360 46 15616 45 15872 45 16128 45 16384 10 16396 33 16640 10 16654 10 16667 18 16896 9 16911 7 16924 17 17152 8 17168 29 17408 7 17426 27 17664 6 17683 26 17920 5 17940 25 18176 5 18195 26 18432 5 18451 25 18688 7 18707 25 18944 7 18963 23 19200 8 19220 21 19456 9 19476 20 19712 11 19733 9 19745 6 19968 12 19984 3 19991 7 20001 6 20224 19 20248 5 20258 3 20480 19 20736 19 20992 19 21248 20 21504 22 21760 23 22016 24 22272 25 22528 26 22784 26 23040 25 23296 26 23552 27 23808 28 24064 29 24320 30 24576 30 24832 30 25061 1 25088 30 25315 5 25344 30 25571 7 25600 30 25657 9 25827 7 25856 30 25910 14 26083 8 26112 31 26157 23 26339 8 26368 31 26409 28 26595 8 26624 32 26664 29 26850 9 26880 34 26918 31 27105 8 27136 68 27361 4 27392 68 27648 68 27809 1 27904 70 28064 2 28074 6 28160 71 28319 3 28329 8 28416 71 28574 5 28584 9 28672 71 28830 19 28928 71 29085 21 29184 71 29341 21 29440 71 29596 22 29696 71 29851 24 29952 71 30106 25 30208 72 30362 26 30464 72 30618 27 30720 72 30874 28 30976 71 31130 28 31232 65 31299 3 31386 29 31488 64 31642 29 31679 4 31744 64 31898 29 31934 6 32000 64 32155 44 32256 37 32297 24 32412 3 32416 30 32448 8 32512 37 32554 23 32674 28 32704 9 32768 36 32812 20 32930 40 33024 36 33072 16 33185 42 33280 35 33333 10 33440 44 33536 35 33590 9 33696 45 33792 34 33846 8 33951 46 34048 33 34103 6 34207 46 34304 24 34333 2 34360 4 34463 46 34560 24 34598 4 34718 47 34816 23 34851 8 34974 47 35072 24 35105 10 35230 47 35328 25 35359 12 35486 47 35584 42 35742 46 35840 42 35998 46 36096 41 36254 45 36352 41 36510 45 36608 41 36766 44 36864 41 37023 43 37120 40 37279 43 37376 39 37535 42 37632 39 37790 42 37888 37 38046 42 38145 33 38302 41 38403 28 38559 39 38671 15 38815 39 38871 3 38928 11 39052 3 39072 38 39125 7 39186 7 39307 4 39328 38 39380 8 39443 4 39563 5 39584 39 39635 9 39818 6 39839 44 39891 9 40074 7 40095 46 40146 9 40329 8 40351 47 40402 8 40584 9 40608 57 40839 9 40864 56 41095 9 41121 53 41350 11 41378 45 41424 4 41606 12 41634 44 41863 11 41890 43 41950 3 42120 11 42146 41 42204 6 42376 11 42403 39 42459 8 42633 11 42661 36 42714 9 42890 10 42920 32 42969 10 43146 10 43177 30 43225 9 43402 10 43434 28 43481 8 43658 10 43690 27 43737 7 43914 10 43946 26 43994 5 44170 10 44202 24 44250 4 44425 12 44458 21 44508 1 44681 13 44714 21 44903 2 44937 7 44946 4 44971 19 45159 3 45164 3 45194 6 45201 5 45228 18 45415 10 45450 12 45489 12 45670 11 45707 11 45745 9 45927 10 45963 11 46001 6 46183 9 46219 12 46257 6 46440 7 46476 11 46514 4 46696 6 46732 10 46953 4 46988 10 47245 9 47501 9 47757 9 48012 10 48268 10 48524 9 48781 8 49038 6 49842 7 50096 10 50332 5 50352 11 50588 5 50607 13 50765 2 50844 6 50863 13 51019 5 51100 6 51119 13 51274 7 51355 7 51375 9 51530 7 51610 8 51626 2 51632 7 51785 9 51866 7 51881 3 51888 6 52041 9 52122 7 52137 4 52145 4 52297 9 52377 6 52393 4 52400 4 52553 9 52633 3 52649 4 52656 3 52809 10 52890 1 52904 5 53065 11 53159 5 53322 10 53415 5 53426 2 53578 11 53671 3 53682 2 53834 11 53938 2 54090 11 54194 1 54346 11 54450 2 54602 10 54705 3 54858 9 54961 3 55115 6 55216 3 55372 1 64369 7 64624 9 64652 3 64879 11 64907 7 65136 10 65162 8 65392 10 65418 8
000080,58471 2 58724 7 58979 8 59235 9 59491 9 59748 8 60005 6 60262 4
000081,0 65536
000082,0 116 245 127 501 127 757 127 1013 126 1269 20 1292 102 1525 20 1549 101 1781 20 1807 98 2038 19 2065 96 2295 18 2322 95 2552 17 2578 58 2641 32 2808 17 2835 57 2897 32 3064 17 3093 56 3153 32 3320 17 3351 57 3409 32 3574 19 3608 50 3660 1 3665 33 3827 23 3865 47 3921 34 4081 15 4097 9 4124 38 4178 33 4335 17 4354 9 4382 35 4435 32 4571 3 4588 20 4611 9 4621 3 4638 35 4692 31 4827 3 4842 22 4869 12 4894 36 4949 29 5095 25 5127 10 5150 37 5206 27 5333 5 5348 28 5384 9 5405 39 5463 25 5587 10 5603 29 5641 9 5660 42 5703 4 5720 24 5842 13 5856 32 5897 9 5915 48 5978 21 6097 47 6153 9 6171 49 6234 21 6353 49 6409 9 6426 50 6492 1 6498 6 6506 3 6608 51 6666 8 6682 50 6864 52 6922 7 6938 52 7120 52 7178 7 7194 53 7376 52 7436 3 7449 55 7630 54 7705 55 7885 51 7938 5 7961 56 8140 52 8195 6 8217 56 8323 2 8395 53 8452 6 8473 56 8577 6 8650 54 8708 6 8729 56 8830 11 8906 54 8965 4 8985 56 9084 14 9161 55 9222 3 9242 55 9339 16 9417 55 9498 54 9595 19 9673 55 9755 53 9845 29 9929 55 10011 56 10101 30 10185 55 10267 59 10357 31 10441 55 10522 65 10597 7 10613 32 10697 55 10778 68 10851 10 10869 33 10953 55 11034 84 11124 35 11208 56 11290 85 11379 37 11464 56 11545 7 11553 120 11723 53 11800 8 11812 117 11980 52 12055 9 12068 117 12236 52 12310 11 12323 118 12493 51 12566 131 12751 49 12822 131 13008 48 13078 131 13264 48 13332 133 13520 48 13586 136 13776 48 13841 139 14032 48 14096 140 14288 48 14352 141 14545 6 14555 37 14607 142 14803 2 14811 50 14863 142 15068 193 15323 195 15575 107 15683 91 15830 106 15940 90 16086 199 16343 197 16599 196 16856 194 17113 192 17370 190 17626 191 17882 191 18138 186 18326 3 18395 185 18583 1 18653 109 18763 8 18773 62 18909 107 19021 5 19029 62 19165 106 19278 3 19285 62 19420 107 19541 62 19675 37 19713 71 19797 62 19931 37 19970 71 20052 63 20187 37 20226 72 20308 64 20443 37 20482 72 20564 64 20700 36 20738 73 20821 63 20955 37 20994 4 21001 67 21078 61 21210 38 21257 67 21336 59 21464 40 21512 68 21593 58 21718 42 21768 68 21850 56 21974 42 22024 69 22107 39 22148 13 22229 43 22280 69 22363 37 22406 9 22485 43 22535 71 22620 35 22665 2 22741 43 22792 70 22877 35 22997 43 23048 70 23133 35 23252 44 23305 70 23389 35 23508 44 23562 70 23645 35 23758 50 23819 70 23901 35 24013 51 24075 71 24156 36 24268 52 24332 71 24412 35 24524 52 24589 71 24668 35 24780 52 24844 72 24924 35 25037 51 25100 73 25180 35 25294 50 25356 74 25436 34 25551 49 25611 75 25692 34 25808 48 25868 75 25948 34 26065 47 26125 75 26204 35 26321 47 26381 75 26461 38 26578 46 26638 75 26717 39 26834 5 26844 36 26894 75 26974 39 27090 5 27102 34 27150 76 27230 40 27347 3 27360 32 27406 76 27486 40 27616 32 27662 78 27742 40 27872 32 27919 76 27998 40 28129 31 28176 75 28255 40 28386 30 28434 73 28511 40 28642 30 28691 71 28768 39 28899 29 28948 70 29025 38 29156 28 29204 70 29281 38 29414 26 29460 70 29538 37 29672 24 29716 70 29795 35 29928 24 29972 70 30052 34 30184 24 30228 70 30314 28 30440 24 30485 68 30572 26 30697 23 30741 68 30830 24 30953 23 30997 67 31088 21 31209 23 31254 63 31346 17 31464 24 31510 58 31603 15 31720 24 31766 56 31859 13 31977 23 32022 54 32116 9 32233 23 32278 52 32359 4 32373 5 32489 23 32535 51 32613 7 32746 22 32791 51 32868 9 33002 22 33047 51 33124 9 33258 22 33303 50 33379 11 33515 21 33559 47 33635 12 33772 20 33815 45 33890 13 34028 20 34071 43 34146 14 34285 19 34327 43 34402 15 34542 18 34583 43 34658 15 34799 12 34813 3 34838 44 34915 14 35056 9 35093 44 35171 14 35314 6 35349 44 35428 12 35605 44 35684 10 35861 43 35940 7 36118 41 36197 4 36375 39 36632 36 36889 4 36897 25 37155 23 37413 22 37669 22 37925 22 38182 21 38439 19 38697 16 38956 11 39213 9 39470 7 39727 6 39985 2 51296 6 51552 8 51807 10 52063 11 52318 13 52574 13 52830 14 52855 6 53085 15 53110 10 53339 17 53366 12 53594 18 53621 14 53711 4 53848 21 53876 16 53964 8 54102 24 54131 18 54218 10 54357 26 54387 22 54467 2 54471 13 54613 26 54642 24 54721 19 54790 6 54868 27 54897 26 54976 20 55045 8 55123 29 55153 27 55232 19 55301 10 55372 2 55378 29 55409 27 55488 19 55557 11 55628 4 55633 29 55664 28 55744 19 55813 11 55884 4 55889 29 55919 29 56000 19 56064 2 56068 12 56145 28 56175 28 56256 18 56320 16 56401 59 56513 17 56576 17 56657 59 56769 16 56832 19 56914 60 57025 15 57088 20 57172 58 57281 13 57344 22 57430 57 57538 9 57600 23 57688 56 57794 8 57856 24 57941 59 58052 4 58112 27 58196 61 58368 29 58450 66 58624 29 58706 68 58880 29 58961 69 59136 29 59217 71 59289 5 59392 28 59472 78 59558 3 59648 27 59728 79 59814 3 59904 26 59980 84 60070 4 60160 25 60222 1 60234 86 60325 5 60416 24 60478 3 60489 88 60579 12 60672 17 60734 4 60744 103 60928 17 60990 4 60999 104 61184 17 61238 4 61247 3 61251 108 61440 17 61477 5 61494 5 61504 110 61696 18 61733 6 61750 6 61760 110 61952 19 61988 8 62006 6 62016 109 62208 20 62244 9 62262 6 62271 110 62464 20 62501 8 62517 120 62720 20 62758 8 62771 123 62976 26 63015 135 63232 28 63271 136 63488 29 63527 137 63673 10 63744 29 63784 136 63928 12 64000 29 64041 135 64185 12 64256 29 64300 133 64441 12 64512 29 64557 132 64698 11 64768 26 64814 132 64954 11 65024 25 65070 132 65210 11 65280 23 65327 132 65466 10
000083,0 65536
000084,0 65536
000085, 
000086, 
000087,0 65536
000088,0 65536
000089,0 18 61 19 87 48 232 43 318 18 343 48 488 43 568 4 575 16 599 48 744 45 817 3 823 23 854 50 999 47 1071 31 1109 51 1170 4 1256 53 1326 32 1364 52 1425 6 1512 55 1581 35 1619 53 1681 7 1768 57 1836 92 1933 12 2025 57 2092 92 2188 13 2281 58 2347 93 2443 15 2537 58 2599 115 2793 58 2854 117 3048 58 3110 117 3304 58 3367 117 3560 58 3623 117 3815 58 3880 117 4070 59 4136 117 4325 61 4392 117 4579 64 4648 117 4835 66 4903 117 5090 186 5346 187 5602 187 5859 187 6115 187 6370 188 6624 190 6879 191 7134 192 7390 193 7645 195 7900 197 8156 198 8412 198 8668 198 8924 28 8954 160 9116 6 9180 27 9211 158 9374 4 9436 27 9468 156 9692 26 9725 154 9947 25 9982 150 10203 23 10238 148 10458 23 10493 149 10714 23 10749 149 10970 23 11005 149 11225 24 11260 150 11481 24 11516 150 11737 25 11771 115 11887 35 11993 26 12027 115 12144 33 12249 27 12284 113 12400 27 12428 3 12506 27 12540 114 12655 26 12763 27 12796 140 13019 28 13052 14 13067 122 13238 6 13276 27 13308 12 13325 114 13493 9 13508 4 13532 27 13563 13 13584 110 13705 5 13748 11 13762 9 13788 27 13818 13 13842 30 13873 76 13960 6 14004 24 14044 42 14099 29 14129 74 14216 7 14260 26 14295 5 14305 31 14337 2 14355 101 14472 7 14517 25 14550 6 14562 30 14611 27 14640 72 14729 7 14773 27 14806 7 14821 27 14867 12 14884 10 14896 71 14986 6 15006 3 15029 41 15080 7 15090 14 15123 9 15141 9 15153 48 15207 9 15242 6 15261 5 15284 42 15345 15 15379 8 15398 7 15410 44 15463 9 15499 5 15517 5 15538 45 15601 15 15635 7 15655 5 15666 43 15720 7 15756 2 15773 5 15792 45 15856 16 15892 5 15912 3 15922 41 15977 5 16029 5 16047 45 16111 17 16178 40 16234 3 16303 45 16367 17 16434 40 16559 46 16622 18 16690 39 16745 3 16815 49 16879 17 16947 38 17000 5 17071 50 17135 17 17204 37 17256 5 17328 50 17392 16 17461 35 17512 6 17585 50 17649 15 17717 34 17768 5 17842 49 17907 13 17973 33 18025 3 18099 48 18164 12 18228 34 18356 47 18421 11 18483 36 18550 4 18613 45 18677 11 18738 39 18805 6 18869 45 18933 11 18994 40 19060 7 19125 43 19190 8 19250 41 19316 7 19381 42 19446 7 19506 41 19571 8 19637 41 19702 6 19762 41 19827 8 19893 41 19961 1 20018 40 20083 8 20150 27 20181 8 20274 39 20339 8 20406 27 20440 3 20530 34 20594 10 20662 27 20749 4 20786 28 20850 10 20919 26 21002 8 21042 27 21106 10 21176 25 21256 10 21298 27 21363 8 21433 24 21512 10 21554 27 21619 8 21692 22 21757 3 21767 12 21808 29 21941 29 22012 4 22023 12 22064 28 22196 37 22267 5 22279 13 22320 3 22325 22 22450 40 22523 5 22535 13 22576 3 22584 17 22702 45 22778 6 22790 15 22842 7 22956 47 23033 7 23046 20 23068 6 23099 4 23212 47 23288 8 23302 29 23467 48 23544 8 23558 29 23722 49 23800 8 23814 29 23978 49 24055 9 24070 29 24234 49 24311 9 24326 29 24490 49 24567 9 24582 29 24746 50 24822 10 24839 28 24990 2 24999 53 25078 10 25095 28 25244 64 25330 14 25351 28 25500 65 25584 16 25607 29 25755 67 25839 17 25864 28 26012 66 26096 16 26121 27 26268 67 26352 16 26378 27 26525 66 26608 16 26635 26 26782 65 26865 15 26891 26 27016 5 27036 67 27122 14 27142 2 27147 26 27271 8 27289 70 27378 14 27398 2 27403 25 27526 11 27544 71 27636 12 27654 2 27660 24 27720 1 27781 90 27895 9 27916 23 27974 4 28036 91 28154 6 28172 23 28228 7 28291 92 28410 6 28428 23 28483 9 28547 92 28667 5 28684 23 28738 10 28802 93 28923 5 28940 22 28994 11 29058 92 29180 4 29197 21 29249 13 29314 92 29436 4 29453 20 29505 13 29570 92 29692 4 29710 19 29761 13 29827 90 29948 4 29968 16 30017 13 30083 89 30204 4 30228 11 30273 12 30340 87 30460 4 30486 7 30530 11 30585 5 30595 18 30616 66 30716 4 30743 5 30786 10 30840 28 30872 65 30973 3 31000 3 31046 6 31094 30 31128 65 31230 2 31304 4 31349 31 31383 66 31487 1 31562 1 31603 34 31639 66 31858 102 32113 103 32368 104 32624 103 32879 104 33135 104 33391 103 33648 102 33882 5 33904 102 34137 8 34160 101 34393 10 34416 101 34648 12 34672 101 34903 15 34919 6 34927 102 35158 126 35413 123 35668 123 35922 125 36178 125 36434 125 36689 127 36945 127 37201 127 37457 127 37714 111 37826 13 37970 109 38226 108 38482 107 38736 107 38990 108 39245 109 39501 88 39593 16 39755 89 39851 14 40010 90 40109 11 40264 92 40367 8 40520 91 40775 92 41031 91 41286 92 41542 91 41798 91 42054 90 42309 92 42560 66 42628 29 42815 64 42885 28 43071 55 43141 29 43327 55 43397 29 43583 54 43653 28 43839 54 43908 29 44095 53 44163 29 44352 52 44418 29 44608 45 44654 4 44674 28 44865 43 44930 27 45122 42 45186 27 45378 42 45442 26 45634 42 45698 26 45891 40 45944 2 45954 17 45974 4 46148 39 46199 4 46209 18 46406 36 46454 5 46465 18 46663 34 46710 5 46720 19 46920 14 46935 15 46966 6 46976 19 47177 10 47191 5 47222 6 47232 20 47435 6 47448 3 47478 30 47618 4 47734 30 47872 7 47990 30 48128 7 48159 6 48177 5 48247 29 48384 8 48414 8 48428 18 48503 29 48640 8 48669 35 48759 29 48896 8 48923 38 49016 28 49152 8 49178 39 49273 28 49408 8 49433 41 49530 27 49664 8 49688 42 49787 26 49920 8 49942 44 50044 25 50176 8 50197 45 50302 23 50432 8 50453 46 50559 21 50688 8 50709 46 50817 18 50944 8 50964 47 51074 16 51200 9 51219 47 51331 8 51340 4 51456 15 51474 49 51712 68 51901 1 51968 69 52155 5 52224 71 52410 7 52480 73 52664 10 52736 75 52920 10 52992 76 53175 11 53248 77 53431 12 53504 78 53687 12 53711 3 53760 79 53943 13 53967 3 54016 79 54199 14 54214 2 54223 5 54232 3 54272 79 54454 21 54480 12 54528 80 54710 22 54736 13 54784 81 54965 24 54992 13 55040 81 55221 24 55247 15 55296 81 55476 41 55552 73 55630 1 55644 2 55732 41 55808 73 55899 4 55988 41 56064 73 56154 6 56173 4 56244 41 56320 74 56410 7 56426 12 56501 40 56576 74 56665 9 56681 15 56758 39 56832 75 56921 32 57015 37 57088 76 57176 33 57272 36 57344 77 57432 33 57528 35 57600 77 57688 33 57784 34 57856 78 57944 32 58040 31 58076 2 58094 4 58112 79 58200 32 58296 25 58330 5 58349 6 58368 79 58456 31 58551 26 58586 6 58604 8 58624 80 58712 30 58807 25 58842 11 58859 10 58880 81 58969 29 59063 25 59097 14 59112 15 59136 81 59226 27 59319 26 59352 32 59392 82 59482 27 59575 65 59648 82 59738 28 59832 64 59904 82 59993 29 60088 65 60160 82 60249 29 60345 64 60416 82 60504 31 60602 64 60672 81 60759 33 60859 63 60928 81 61015 37 61116 62 61184 80 61270 39 61372 8 61383 51 61440 81 61526 40 61630 5 61639 51 61696 81 61782 42 61866 5 61894 52 61952 82 62038 43 62120 10 62150 52 62208 83 62295 9 62305 33 62375 12 62405 54 62464 83 62551 8 62561 34 62631 13 62658 57 62720 17 62741 63 62809 5 62818 34 62886 15 62909 62 62976 16 62997 63 63066 3 63074 34 63142 16 63163 63 63232 15 63254 62 63330 34 63398 77 63476 6 63488 14 63509 63 63585 36 63654 76 63734 4 63744 13 63765 63 63833 4 63840 40 63910 76 64000 13 64021 63 64087 7 64095 43 64165 78 64256 12 64276 64 64342 53 64421 78 64512 12 64532 120 64677 79 64768 11 64788 121 64933 79 65024 10 65044 122 65189 79 65280 9 65299 123 65445 79
000090, 
000091, 
000092,0 65536
000093,0 65536
000094,0 65536
000095,0 65536
000096,0 65536
000097, 
000098,252 4 509 3 765 3 1021 3 1277 3 1532 4 1788 4 2045 3 2301 3 2557 3 2813 3 3069 3 3327 1 3583 1 6141 1 6397 2 6652 4 6907 5 7162 6 7418 6 7674 6 7931 2
000099,3 3 28 30 67 26 101 9 151 7 161 12 182 74 284 29 325 24 355 12 409 5 418 11 438 74 540 28 581 23 608 16 666 2 676 8 694 74 795 29 838 20 860 21 950 74 1051 13 1066 14 1095 17 1115 22 1205 37 1245 35 1306 14 1323 13 1352 16 1369 24 1427 7 1461 36 1505 31 1562 13 1580 12 1609 40 1682 9 1717 37 1762 30 1818 13 1837 11 1866 38 1937 11 1973 12 1994 16 2019 29 2074 12 2095 9 2124 35 2192 13 2229 11 2251 15 2275 29 2329 12 2355 4 2380 36 2448 13 2485 9 2508 14 2532 28 2585 11 2636 36 2704 14 2742 7 2765 12 2789 27 2841 9 2892 37 2960 15 2999 5 3026 6 3045 27 3097 7 3148 37 3217 16 3302 26 3354 5 3405 37 3456 4 3475 15 3558 26 3662 37 3711 5 3732 15 3814 26 3917 39 3967 5 3989 15 4070 26 4172 41 4223 5 4246 14 4326 26 4428 42 4478 6 4502 14 4582 26 4683 57 4759 13 4838 26 4917 4 4939 58 5014 12 5095 25 5172 6 5195 60 5270 11 5351 25 5428 8 5450 64 5526 9 5608 24 5683 10 5706 64 5781 9 5864 24 5938 12 5962 64 6037 8 6058 2 6120 24 6194 13 6220 56 6278 4 6293 7 6312 7 6327 1 6377 23 6449 13 6477 55 6537 1 6539 4 6548 8 6568 9 6578 8 6605 4 6644 12 6705 13 6734 55 6794 7 6803 8 6823 20 6861 6 6903 9 6962 10 6991 55 7049 17 7079 20 7117 7 7159 9 7219 5 7248 73 7334 22 7373 8 7415 9 7505 28 7539 38 7590 22 7629 9 7671 9 7762 26 7797 35 7846 22 7885 9 7927 9 8019 24 8056 2 8061 21 8085 2 8102 22 8141 8 8184 8 8276 23 8318 19 8358 22 8398 7 8440 8 8532 24 8575 17 8602 3 8612 24 8654 6 8696 8 8789 24 8832 16 8857 34 8911 3 8953 7 9045 24 9088 15 9112 34 9209 7 9301 10 9314 12 9344 14 9367 29 9456 7 9466 3 9470 2 9548 1 9558 9 9571 11 9599 12 9623 30 9690 5 9711 11 9728 7 9803 4 9815 8 9829 9 9855 9 9878 23 9903 7 9945 8 9967 11 9984 8 10059 5 10071 9 10087 8 10111 9 10134 32 10201 10 10223 11 10240 9 10314 7 10327 10 10345 6 10367 8 10390 33 10446 4 10457 12 10470 4 10479 11 10496 9 10570 8 10583 11 10602 5 10610 4 10622 10 10647 32 10701 6 10714 18 10736 9 10752 9 10826 9 10838 13 10858 6 10865 5 10878 10 10904 31 10947 2 10956 8 10971 18 10992 9 11008 9 11082 26 11115 5 11121 6 11134 10 11160 30 11202 5 11211 10 11228 5 11235 11 11249 8 11264 8 11339 35 11376 7 11390 10 11416 30 11458 6 11466 12 11491 12 11505 8 11520 7 11595 34 11632 7 11646 10 11672 30 11713 21 11746 13 11760 9 11776 7 11852 33 11889 6 11901 12 11928 29 11969 21 12002 23 12032 6 12109 5 12115 26 12146 5 12155 14 12183 30 12225 23 12258 24 12288 4 12371 27 12408 19 12439 30 12480 26 12514 24 12544 4 12628 26 12663 23 12694 32 12736 26 12769 24 12800 3 12885 25 12919 24 12950 32 12992 27 13025 23 13056 3 13142 24 13175 24 13206 35 13248 26 13281 23 13312 4 13355 3 13399 23 13431 24 13461 37 13503 27 13537 23 13568 4 13611 4 13656 22 13688 12 13703 8 13717 38 13758 28 13794 21 13824 4 13867 5 13914 20 13944 11 13960 7 13972 39 14013 29 14051 20 14080 3 14123 6 14172 20 14202 8 14216 8 14228 70 14307 19 14336 3 14378 8 14429 20 14459 6 14472 8 14484 70 14564 18 14592 3 14634 9 14687 18 14716 5 14728 10 14740 55 14796 14 14820 18 14848 3 14890 9 14944 18 14972 4 14984 10 14996 53 15053 13 15076 18 15104 2 15145 11 15201 18 15240 11 15254 47 15309 13 15331 19 15360 1 15401 11 15458 17 15496 11 15512 41 15566 12 15587 19 15656 12 15714 16 15752 11 15769 38 15824 5 15830 2 15843 18 15912 13 15970 16 16007 11 16025 37 16099 17 16168 13 16227 12 16263 11 16282 36 16355 17 16424 14 16484 7 16519 10 16538 35 16611 16 16682 12 16775 9 16794 34 16867 17 16916 4 16939 11 17031 8 17049 32 17123 17 17172 4 17195 11 17287 7 17306 27 17379 19 17428 4 17451 11 17543 6 17562 26 17634 22 17684 3 17706 12 17800 4 17820 24 17890 22 17923 4 17960 14 18077 22 18145 24 18179 6 18215 15 18286 1 18334 20 18385 14 18401 24 18434 8 18470 16 18540 5 18590 18 18638 43 18690 8 18705 5 18726 16 18796 6 18846 17 18893 44 18945 9 18959 11 18982 16 19052 8 19103 16 19126 3 19148 46 19201 9 19214 13 19238 19 19307 11 19359 17 19382 4 19404 46 19456 9 19467 17 19495 20 19562 16 19616 16 19638 4 19660 46 19712 10 19723 17 19751 20 19818 17 19873 15 19895 2 19916 46 19968 28 20007 12 20022 5 20073 19 20130 15 20171 47 20224 29 20264 8 20280 4 20327 22 20388 13 20427 46 20481 30 20520 5 20538 4 20580 26 20645 13 20683 42 20737 31 20777 8 20794 5 20835 27 20901 13 20938 42 20993 32 21034 9 21050 6 21090 29 21158 12 21194 42 21248 33 21290 11 21306 7 21345 31 21415 11 21450 32 21486 6 21504 34 21546 12 21563 7 21601 32 21672 10 21706 32 21743 5 21760 33 21802 25 21837 4 21856 35 21929 9 21962 13 21978 14 22000 2 22016 33 22057 28 22091 8 22111 37 22186 7 22218 11 22237 7 22272 34 22312 30 22344 12 22366 39 22443 5 22474 11 22528 84 22618 1 22621 41 22732 8 22784 134 22990 5 23040 135 23296 135 23552 135 23808 135 24064 68 24133 66 24320 67 24390 65 24470 3 24576 66 24647 63 24721 10 24832 66 24904 63 24975 13 25088 65 25160 63 25230 14 25344 64 25417 62 25486 14 25600 63 25674 60 25743 13 25856 61 25930 59 25999 13 26112 59 26186 59 26256 12 26368 58 26442 58 26512 12 26625 55 26699 57 26770 9 26882 53 26956 56 27031 3 27138 52 27215 53 27396 3 27402 44 27472 53 27660 41 27706 1 27728 53 27917 40 27961 2 27984 53 28176 37 28218 1 28240 53 28433 36 28497 52 28689 36 28754 51 28946 35 29011 50 29202 35 29269 48 29362 3 29458 35 29525 48 29616 7 29714 35 29782 47 29871 9 29971 34 30037 47 30127 10 30228 32 30290 48 30382 12 30486 30 30545 48 30638 12 30743 29 30800 48 30894 13 31000 28 31056 35 31095 8 31150 13 31257 26 31311 34 31352 5 31405 14 31515 23 31567 27 31595 4 31661 15 31772 21 31822 26 31916 18 32000 3 32029 7 32040 8 32078 25 32172 19 32256 5 32286 5 32299 4 32334 24 32428 20 32460 1 32481 4 32512 5 32590 24 32683 21 32712 7 32735 7 32768 5 32846 24 32938 22 32967 9 32983 15 33024 5 33102 23 33193 23 33222 11 33238 17 33280 4 33358 22 33447 25 33477 12 33493 18 33536 3 33614 21 33702 26 33733 13 33748 20 33870 19 33958 25 33989 35 34093 7 34125 20 34152 3 34214 26 34244 37 34344 14 34381 21 34407 6 34470 26 34499 39 34600 16 34637 23 34662 8 34727 67 34799 3 34855 18 34893 34 34984 66 35055 3 35106 23 35150 34 35241 66 35360 25 35407 23 35431 9 35498 65 35615 11 35627 14 35650 6 35664 22 35687 10 35754 66 35869 12 35883 14 35905 8 35923 20 35945 10 36010 66 36124 14 36139 14 36161 8 36180 20 36202 10 36266 67 36378 31 36416 9 36436 20 36458 11 36522 67 36634 31 36672 10 36692 34 36779 66 36890 16 36908 13 36928 10 36948 33 37035 67 37146 15 37165 12 37183 11 37197 3 37204 34 37292 66 37402 13 37423 2 37427 6 37435 22 37459 35 37549 65 37658 12 37683 31 37715 35 37808 62 37914 9 37939 4 37945 25 37971 11 37987 19 38066 60 38171 7 38196 32 38229 6 38244 17 38323 59 38427 6 38452 31 38486 3 38500 14 38580 7 38590 48 38683 5 38707 33 38756 13 38837 5 38846 48 38939 4 38961 35 39012 12 39094 3 39102 48 39195 4 39213 3 39217 35 39269 10 39358 48 39451 5 39466 42 39525 10 39614 48 39706 58 39782 4 39787 2 39870 48 39944 10 39962 57 40126 48 40192 19 40217 58 40382 49 40448 19 40473 56 40638 63 40704 19 40729 54 40894 64 40960 19 40985 14 41001 38 41091 14 41150 65 41216 19 41242 11 41257 13 41273 21 41345 17 41406 85 41499 8 41513 13 41529 21 41600 18 41662 85 41757 4 41769 36 41855 19 41918 66 41985 19 42025 34 42110 20 42174 44 42222 18 42242 18 42275 25 42303 11 42365 21 42430 41 42478 18 42499 18 42529 26 42559 9 42620 22 42686 39 42735 17 42755 18 42785 25 42816 7 42874 24 42943 38 42991 17 43012 17 43041 23 43072 6 43124 30 43201 36 43248 16 43268 17 43297 21 43329 4 43378 32 43458 35 43504 16 43526 4 43536 4 43553 20 43633 32 43730 18 43760 16 43810 18 43887 34 43986 18 44016 16 44036 9 44068 14 44139 37 44242 18 44272 16 44291 12 44309 3 44325 11 44393 39 44498 17 44525 19 44546 25 44582 8 44641 47 44754 16 44781 19 44802 26 44839 6 44896 49 45011 15 45036 20 45057 27 45151 51 45267 12 45292 20 45313 27 45406 54 45524 9 45548 20 45569 27 45616 2 45661 60 45782 3 45804 20 45825 27 45871 4 45916 62 46059 21 46082 25 46128 2 46170 65 46315 21 46338 24 46425 66 46570 22 46594 24 46642 4 46658 1 46680 67 46798 2 46826 22 46850 23 46897 6 46914 1 46935 68 47052 5 47082 22 47106 23 47153 7 47190 69 47308 5 47338 22 47362 23 47409 8 47445 70 47564 5 47594 22 47618 22 47666 7 47690 3 47701 69 47820 4 47849 23 47874 21 47922 7 47946 5 47956 70 48076 4 48104 24 48130 20 48202 4 48212 71 48359 25 48386 20 48459 2 48469 70 48615 25 48642 21 48725 70 48870 26 48899 20 48943 5 48963 7 48972 1 48981 71 49126 26 49156 20 49192 14 49216 20 49237 71 49382 26 49413 19 49438 4 49447 15 49471 93 49637 27 49667 21 49694 5 49702 17 49726 95 49893 27 49921 22 49950 5 49957 19 49982 95 50149 50 50207 2 50213 19 50237 97 50405 48 50469 19 50493 98 50662 46 50725 123 50918 44 50981 123 51174 43 51237 124 51431 14 51446 28 51493 126 51688 11 51703 28 51749 128 51945 8 51959 28 52006 129 52202 6 52216 28 52262 130 52472 28 52518 131 52686 7 52729 28 52774 131 52940 13 52986 27 53029 132 53196 15 53248 22 53284 133 53451 18 53504 22 53540 134 53707 19 53760 23 53796 134 53955 28 54016 23 54052 134 54211 28 54272 23 54308 137 54466 29 54528 23 54563 141 54722 29 54784 23 54819 143 54979 28 55040 23 55074 145 55236 27 55296 23 55329 147 55492 27 55554 20 55585 149 55748 27 55811 19 55841 151 56005 27 56039 1 56067 7 56075 11 56097 152 56261 27 56293 5 56325 2 56331 10 56353 153 56518 27 56548 8 56588 8 56609 155 56775 26 56802 13 56818 4 56845 6 56864 157 57034 46 57102 3 57120 158 57292 45 57377 158 57552 42 57633 164 57810 41 57889 166 58067 42 58145 167 58324 14 58340 27 58401 168 58580 43 58657 168 58836 44 58902 2 58912 168 59091 45 59156 6 59166 169 59347 45 59411 180 59603 45 59666 96 59768 79 59859 45 59922 93 60027 75 60115 45 60178 86 60284 74 60372 7 60380 36 60435 79 60540 74 60628 44 60691 78 60795 74 60884 44 60948 77 61051 64 61118 6 61140 44 61205 76 61307 64 61376 2 61395 45 61461 76 61563 63 61651 45 61717 65 61783 10 61806 5 61819 63 61907 45 61973 65 62040 8 62054 14 62076 61 62163 45 62230 62 62297 6 62308 17 62332 60 62419 45 62486 11 62498 49 62554 4 62562 20 62589 58 62675 45 62742 9 62759 2 62764 38 62812 1 62818 21 62846 57 62910 4 62931 45 62999 7 63021 36 63072 23 63103 56 63166 4 63186 46 63255 3 63277 34 63327 24 63360 57 63422 4 63441 47 63534 31 63583 24 63617 8 63627 48 63679 2 63697 47 63791 26 63839 24 63874 5 63885 47 63952 48 64051 21 64095 19 64144 44 64209 47 64315 13 64351 18 64402 42 64465 47 64572 12 64606 18 64659 40 64721 49 64828 12 64861 18 64915 40 64977 49 65085 11 65116 19 65172 38 65233 49 65341 11 65372 18 65428 37 65488 48
104502,0 61199 61202 251 61458 250 61715 249 61971 249 62227 249 62484 249 62740 248 62998 245 63256 243 63511 243 63766 245 64021 246 64276 249 64532 250 64788 250 65044 251 65301 235
106940,0 30082 30083 255 30340 253 30598 251 30856 249 31113 249 31369 249 31626 247 31882 248 32137 249 32392 251 32647 252 32902 254 33157 28456 61616 252 61872 252 62128 252 62384 1279 63664 254 63921 253 64178 252 64434 253 64689 847
112782,0 32511 32512 255 32768 255 33024 255 33280 1023 34304 255 34560 12543 47104 255 47360 254 47616 254 47872 254 48128 255 48384 2559 50944 255 51200 254 51456 253 51712 254 51968 249 52219 3 52224 249 52475 3 52480 249 52730 5 52736 51 52790 201 52992 51 53045 457 53504 254 53760 255 54016 29 54047 224 54272 26 54303 224 54528 25 54559 5 54567 9 54577 11 54591 192 54784 26 54816 6 54823 21 54847 192 55040 27 55072 26 55103 188 55292 2 55296 28 55327 5 55334 19 55359 192 55552 28 55581 6 55590 19 55616 191 55808 31 55847 18 55872 1 55875 5 55883 206 56091 3 56104 14 56131 4 56140 205 56347 2 56358 1 56361 2 56365 11 56388 3 56397 201 56613 3 56623 9 56644 3 56654 199 56857 5 56869 4 56878 11 56900 3 56915 194 57113 5 57124 5 57134 6 57141 8 57172 202 57380 5 57391 8 57429 171 57601 28 57637 4 57648 7 57685 171 57857 29 57902 8 57941 171 58113 29 58157 3 58161 4 58197 171 58369 28 58417 4 58448 2 58455 198 58674 3 58703 5 58712 201 58930 3 58957 9 58967 206 59183 3 59192 1 59206 2 59210 219 59439 5 59461 3 59465 2 59469 9 59479 207 59695 6 59714 6 59722 1 59726 8 59735 207 59953 3 59969 6 59983 5 59992 207 60210 2 60225 5 60248 207 60465 5 60481 4 60494 218 60721 5 60732 1 60737 4 60743 225 60976 5 60994 1 60999 225 61232 4 61248 1 61255 157 61414 81 61498 3 61503 3 61512 245 61759 3 61769 176 61948 66 62016 2 62027 175 62204 66 62272 1 62283 176 62464 63 62536 180 62720 64 62788 184 62976 66 63046 179 63232 66 63302 179 63488 68 63557 179 63744 245 64000 72 64073 164 64238 6 64256 72 64331 160 64494 6 64512 72 64589 158 64755 1 64768 75 64847 156 65024 76 65105 154 65280 77 65363 153
123643,0 65536
126000,0 65536
126135,0 64 79 39 121 83 209 26 238 68 309 11 332 2 335 39 378 82 461 36 498 63 567 9 588 2 591 39 634 182 824 8 848 37 891 180 1081 7 1102 34 1147 182 1338 6 1355 35 1403 189 1595 4 1610 34 1659 194 1865 34 1913 120 2034 75 2120 35 2167 51 2219 70 2290 77 2376 35 2421 50 2476 149 2632 35 2676 51 2732 149 2888 35 2931 52 2989 149 3145 33 3186 53 3246 2 3250 144 3401 32 3442 36 3479 17 3507 142 3657 30 3698 55 3763 143 3913 30 3953 57 4018 144 4169 29 4209 58 4273 83 4360 62 4426 28 4465 59 4529 82 4617 62 4682 28 4721 60 4785 78 4864 1 4874 62 4938 27 4978 7 4990 47 5042 77 5130 89 5248 45 5299 3 5305 70 5386 74 5461 8 5504 45 5555 3 5562 70 5642 72 5717 8 5760 45 5811 3 5818 70 5897 73 5973 7 6013 48 6068 76 6153 83 6268 48 6324 76 6408 83 6524 38 6567 8 6580 8 6592 64 6664 83 6780 38 6826 5 6837 7 6849 63 6921 81 7036 20 7057 16 7081 6 7094 6 7108 60 7178 79 7292 20 7313 16 7337 4 7350 6 7364 60 7427 1 7435 78 7548 38 7593 3 7607 3 7617 69 7692 18 7713 55 7804 39 7850 1 7872 92 7968 55 8061 38 8127 65 8193 26 8224 54 8317 25 8343 11 8382 66 8449 26 8479 54 8574 23 8599 11 8638 66 8706 24 8735 54 8831 36 8872 5 8894 66 8961 24 8991 53 9087 36 9129 3 9150 91 9247 31 9281 19 9308 1 9343 37 9406 90 9504 29 9538 17 9562 3 9598 38 9662 89 9760 29 9795 16 9817 5 9854 38 9918 88 10017 28 10049 18 10072 7 10111 9 10124 1 10129 18 10175 80 10273 28 10304 18 10327 9 10368 7 10385 18 10431 65 10500 12 10529 45 10579 14 10624 7 10640 18 10689 63 10757 14 10785 16 10807 19 10835 15 10879 8 10894 20 10946 62 11015 13 11042 10 11063 16 11091 17 11135 8 11149 20 11201 63 11271 14 11299 9 11318 16 11347 19 11391 9 11404 20 11456 2 11459 61 11528 13 11556 8 11574 8 11586 1 11602 21 11647 9 11658 22 11715 62 11785 12 11813 5 11829 8 11857 22 11903 33 11960 4 11972 64 12043 10 12084 9 12112 23 12159 33 12217 4 12228 68 12301 8 12340 9 12367 23 12395 4 12404 3 12415 32 12473 4 12484 68 12557 8 12596 9 12622 23 12651 4 12657 9 12672 31 12730 3 12741 16 12758 50 12814 6 12852 9 12877 24 12906 20 12928 31 12986 3 12998 15 13015 48 13071 4 13109 9 13119 2 13132 26 13163 52 13221 5 13255 13 13270 48 13328 2 13366 13 13388 26 13420 40 13463 7 13476 7 13514 10 13526 48 13626 9 13643 27 13676 33 13714 1 13720 6 13731 8 13757 6 13768 13 13782 42 13830 3 13884 7 13899 28 13932 33 13977 4 13987 9 14013 9 14023 57 14085 5 14142 1 14154 29 14187 34 14235 2 14244 8 14269 67 14341 6 14409 30 14443 34 14501 7 14524 68 14597 6 14665 30 14698 35 14778 70 14853 5 14920 32 14953 36 15034 70 15110 3 15175 70 15290 21 15314 46 15430 71 15546 21 15571 45 15686 71 15803 20 15828 44 15941 71 16049 3 16062 17 16084 44 16198 70 16304 4 16311 73 16454 70 16548 1 16558 82 16712 1 16716 64 16813 83 16973 64 17068 4 17075 14 17096 56 17230 63 17325 2 17334 10 17353 23 17380 30 17486 63 17591 9 17609 22 17637 20 17658 14 17742 58 17847 9 17865 12 17880 7 17891 22 17914 15 17997 59 18103 10 18120 9 18139 4 18146 9 18157 2 18163 6 18170 5 18176 9 18254 60 18333 4 18360 10 18375 8 18395 5 18402 8 18418 10 18432 9 18510 50 18565 6 18588 6 18617 9 18629 9 18651 15 18674 9 18688 8 18767 49 18821 6 18843 8 18873 21 18907 14 18929 10 18944 8 19025 46 19077 7 19098 10 19129 21 19166 10 19185 10 19200 7 19281 46 19333 7 19352 12 19372 3 19385 22 19430 2 19441 9 19456 5 19537 45 19588 8 19605 17 19625 7 19642 3 19647 17 19697 1 19700 5 19712 4 19792 46 19845 6 19860 29 19897 3 19906 19 19968 4 20048 46 20102 4 20116 30 20152 3 20164 20 20224 3 20304 46 20372 29 20407 4 20421 19 20480 3 20560 30 20594 13 20628 29 20662 5 20677 4 20687 9 20705 3 20815 31 20852 12 20885 14 20903 10 20917 5 20932 5 20944 8 20961 6 20968 5 21069 34 21110 11 21142 12 21159 9 21173 5 21187 11 21201 8 21218 12 21324 35 21365 16 21396 14 21415 8 21431 2 21443 14 21460 5 21474 11 21579 37 21621 17 21651 3 21655 11 21671 8 21699 14 21717 5 21730 11 21835 37 21877 18 21909 1 21911 12 21926 8 21954 15 21974 4 21985 13 22091 37 22132 21 22167 8 22178 2 22181 9 22210 16 22231 4 22241 13 22347 36 22388 21 22423 8 22434 11 22466 17 22488 4 22498 12 22527 6 22537 9 22604 34 22643 21 22678 8 22690 10 22722 17 22744 4 22754 12 22780 11 22793 11 22860 31 22899 15 22915 5 22934 8 22947 8 22979 17 23001 5 23010 12 23035 27 23117 28 23155 11 23172 5 23190 8 23203 7 23237 16 23258 5 23268 11 23291 29 23373 27 23410 11 23428 2 23432 1 23447 7 23457 7 23493 16 23514 6 23528 6 23547 32 23630 26 23666 8 23684 2 23688 2 23704 15 23726 1 23749 15 23771 6 23785 3 23805 1 23808 28 23886 26 23920 10 23960 13 24005 15 24030 5 24064 29 24143 25 24176 11 24217 10 24261 15 24287 6 24320 29 24399 26 24430 11 24473 9 24516 16 24543 6 24576 30 24655 42 24729 8 24772 17 24799 6 24806 2 24832 31 24909 44 24985 8 25009 2 25029 17 25054 7 25088 12 25103 16 25160 49 25242 7 25255 5 25263 6 25285 18 25309 8 25321 1 25344 12 25361 15 25415 50 25501 3 25511 15 25542 17 25565 15 25600 11 25618 19 25671 51 25767 16 25799 17 25820 18 25856 10 25874 21 25924 1 25927 51 26023 15 26060 11 26076 19 26112 9 26131 21 26179 56 26280 14 26319 7 26333 18 26368 9 26387 22 26434 59 26536 13 26576 4 26589 18 26624 8 26643 24 26689 62 26792 12 26845 18 26880 6 26899 25 26945 63 27047 10 27083 4 27101 16 27136 4 27155 26 27198 67 27270 2 27285 4 27303 8 27338 6 27357 12 27411 28 27453 69 27525 4 27541 5 27558 9 27593 7 27613 10 27668 29 27708 77 27797 6 27814 9 27849 7 27870 3 27924 30 27964 77 28054 4 28070 8 28104 8 28180 31 28219 78 28311 3 28326 7 28360 7 28441 27 28475 73 28568 1 28583 5 28616 7 28697 28 28731 9 28741 63 28840 2 28872 7 28955 2 28960 22 28986 10 28997 63 29117 3 29129 6 29217 22 29242 10 29253 63 29359 6 29371 7 29387 2 29475 21 29497 11 29509 62 29590 2 29613 9 29626 8 29732 32 29765 62 29842 7 29867 13 29881 9 29988 91 30081 2 30098 8 30122 24 30245 89 30338 2 30354 8 30378 4 30384 17 30502 19 30523 59 30584 1 30610 8 30634 2 30644 12 30759 17 30783 8 30796 42 30866 8 30900 11 30945 3 31015 17 31043 2 31052 43 31121 10 31161 6 31201 4 31272 20 31306 30 31337 9 31350 5 31377 10 31418 11 31456 5 31524 25 31562 40 31605 6 31634 10 31675 11 31713 3 31742 2 31780 25 31818 40 31861 3 31890 10 31931 11 31996 4 32036 5 32042 19 32076 38 32118 1 32147 9 32187 11 32251 5 32292 5 32300 6 32307 10 32336 35 32403 10 32443 12 32456 4 32497 3 32506 6 32548 4 32566 6 32593 34 32660 11 32698 19 32753 5 32761 7 32805 2 32849 33 32908 4 32917 17 32952 22 33008 16 33105 32 33163 6 33174 18 33204 26 33263 17 33361 31 33418 8 33431 19 33459 15 33477 9 33516 20 33615 29 33646 2 33673 10 33687 20 33713 16 33733 9 33771 21 33858 3 33868 26 33896 1 33927 12 33943 22 33968 17 33988 10 34026 22 34114 3 34123 27 34152 1 34182 13 34200 41 34244 9 34283 21 34355 4 34370 3 34378 32 34437 13 34458 49 34524 4 34539 21 34610 6 34628 1 34634 31 34692 14 34717 46 34771 3 34780 5 34794 22 34853 2 34863 9 34889 32 34948 15 34974 46 35026 5 35036 7 35049 23 35108 5 35117 11 35145 33 35203 18 35231 57 35292 36 35363 7 35371 14 35400 16 35418 11 35431 6 35459 19 35488 58 35548 36 35617 24 35653 17 35675 9 35687 7 35715 20 35744 59 35805 35 35869 29 35909 16 35932 8 35942 8 35970 10 35981 10 36000 32 36036 24 36063 33 36124 35 36164 15 36188 8 36197 9 36226 10 36238 9 36256 18 36279 8 36293 23 36320 32 36380 53 36444 18 36471 3 36481 11 36495 9 36512 16 36536 6 36550 13 36564 8 36577 31 36629 4 36636 52 36700 18 36725 9 36736 12 36751 10 36767 16 36808 10 36820 9 36834 30 36882 9 36892 51 36956 17 36980 38 37023 15 37065 8 37076 11 37090 30 37136 63 37213 16 37235 40 37278 15 37322 6 37333 43 37390 65 37469 15 37490 42 37534 14 37579 5 37589 43 37645 67 37726 15 37746 42 37789 13 37835 5 37845 43 37900 68 37983 5 37992 6 38001 42 38045 12 38092 4 38102 42 38157 68 38248 7 38257 41 38302 12 38350 2 38358 7 38368 32 38413 68 38505 27 38536 18 38558 13 38615 4 38624 32 38670 67 38761 27 38795 15 38814 14 38873 1 38881 31 38927 5 38935 57 39024 20 39053 13 39071 15 39138 30 39184 2 39193 53 39268 1 39281 20 39311 10 39327 15 39395 29 39449 53 39522 4 39537 20 39567 9 39583 16 39650 30 39706 51 39778 5 39793 19 39824 7 39839 16 39905 31 39962 50 40033 7 40050 18 40082 3 40096 15 40159 33 40209 4 40218 49 40289 7 40306 17 40353 14 40414 34 40464 8 40474 47 40545 8 40564 14 40612 10 40670 34 40720 9 40731 44 40802 7 40822 5 40831 2 40870 7 40926 34 40976 10 40987 39 41059 7 41072 1 41128 2 41182 34 41232 10 41246 35 41316 6 41326 5 41439 33 41487 12 41508 30 41573 16 41695 33 41740 14 41765 29 41830 16 41951 33 41996 14 42021 28 42086 16 42207 33 42252 13 42277 28 42342 17 42421 3 42464 32 42508 13 42534 9 42544 17 42598 17 42676 6 42720 32 42765 10 42791 7 42802 14 42853 18 42932 7 42940 2 42976 32 43022 9 43047 6 43059 13 43110 18 43188 11 43232 32 43278 9 43305 3 43315 12 43366 18 43444 12 43487 33 43533 10 43570 12 43622 18 43700 13 43743 33 43788 12 43825 10 43879 17 43956 13 43999 33 44043 16 44077 12 44135 17 44212 13 44255 4 44263 25 44291 4 44300 15 44332 13 44392 16 44468 13 44512 2 44519 25 44546 6 44556 15 44589 11 44649 16 44724 13 44776 24 44801 8 44812 14 44846 9 44905 16 44980 13 45007 2 45032 33 45068 13 45102 9 45162 15 45235 15 45261 6 45288 33 45324 12 45360 5 45419 14 45491 15 45515 9 45544 34 45580 10 45617 2 45676 13 45746 22 45770 10 45800 45 45933 11 46002 34 46056 4 46063 37 46190 9 46259 36 46312 4 46322 33 46447 7 46515 37 46569 2 46582 23 46608 2 46704 5 46772 36 46840 20 46960 5 47028 36 47098 18 47216 7 47284 35 47356 15 47472 9 47540 34 47614 12 47727 12 47796 12 47810 15 47872 9 47982 16 48052 12 48067 12 48128 8 48239 17 48308 11 48329 5 48384 7 48496 17 48565 10 48640 7 48752 17 48826 3 48896 7 49010 14 49152 7 49267 8 49408 7 49664 6 49920 3 50176 2 50313 7 50371 3 50422 4 50567 11 50581 6 50626 5 50675 8 50822 23 50852 2 50880 16 50928 12 51078 34 51136 17 51160 2 51184 13 51335 45 51391 18 51414 5 51440 13 51591 47 51640 25 51668 7 51696 14 51847 74 51924 7 51953 13 52103 74 52179 8 52209 13 52360 73 52435 8 52466 11 52616 74 52691 9 52722 11 52873 84 52960 5 52978 11 53129 93 53234 11 53384 94 53491 10 53640 94 53747 11 53890 100 54004 10 54143 69 54217 29 54260 12 54390 76 54479 22 54517 11 54645 77 54735 22 54773 11 54900 78 54989 24 55027 13 55156 68 55226 8 55244 25 55283 13 55412 67 55483 6 55500 24 55538 14 55667 60 55729 5 55740 5 55756 24 55794 14 55924 59 56012 24 56050 14 56180 59 56268 24 56306 14 56436 59 56525 23 56562 14 56693 58 56782 23 56818 14 56916 1 56950 58 57039 23 57073 15 57170 5 57213 54 57279 4 57296 23 57328 16 57424 8 57471 53 57533 6 57553 21 57579 21 57679 9 57727 55 57788 7 57810 6 57819 10 57834 22 57935 10 57982 57 58044 8 58065 5 58077 8 58089 23 58189 12 58238 60 58299 9 58319 6 58334 6 58345 23 58444 18 58494 87 58592 3 58602 22 58698 22 58750 87 58859 21 58952 25 59006 88 59115 21 59207 27 59262 88 59371 21 59463 27 59518 88 59626 22 59719 27 59775 88 59868 6 59882 22 59975 27 60032 73 60107 12 60123 8 60137 20 60231 28 60290 69 60370 5 60378 34 60488 30 60546 64 60625 42 60744 10 60755 20 60801 63 60877 18 60899 22 60999 32 61057 61 61130 22 61155 19 61253 11 61265 22 61313 60 61386 23 61411 17 61502 1 61507 36 61569 59 61641 43 61755 16 61776 23 61825 58 61897 42 62009 19 62031 22 62082 57 62153 46 62264 20 62287 15 62303 4 62340 54 62409 47 62520 20 62544 15 62597 53 62665 48 62760 2 62776 20 62800 15 62853 54 62920 50 63016 1 63032 20 63057 15 63083 2 63110 53 63175 51 63288 19 63314 15 63337 5 63367 53 63430 26 63462 19 63543 21 63571 14 63592 7 63623 52 63686 26 63718 18 63798 22 63828 14 63848 8 63879 52 63941 26 63974 16 64053 24 64085 13 64104 8 64135 55 64197 31 64230 17 64308 25 64341 12 64360 8 64391 55 64452 51 64563 26 64597 12 64616 7 64648 54 64708 17 64728 32 64819 5 64825 20 64854 10 64873 6 64904 51 64956 2 64964 14 64985 32 65075 26 65110 5 65130 5 65162 49 65220 14 65241 15 65259 14 65330 28 65421 45 65476 14 65497 15 65516 14
136374,0 65536
142027,31 18 70 42 115 29 287 17 327 41 372 29 545 14 583 40 632 25 805 10 839 32 889 24 1061 9 1094 31 1146 23 1318 8 1350 31 1403 22 1574 8 1606 30 1660 20 1832 3 1861 31 1917 19 2117 30 2173 19 2373 30 2430 18 2629 29 2686 19 2885 29 2943 18 3027 1 3130 1 3142 15 3161 8 3205 13 3282 4 3402 11 3418 6 3463 11 3538 4 3658 11 3676 2 3719 11 3793 5 3904 1 3913 12 3975 12 4049 6 4159 3 4168 13 4231 12 4305 6 4373 2 4415 4 4423 14 4488 11 4561 7 4629 2 4671 5 4678 14 4746 8 4818 6 4926 22 4949 2 5004 5 5074 6 5120 1 5182 19 5204 4 5233 4 5330 6 5376 1 5444 11 5460 5 5488 5 5587 5 5632 1 5646 3 5701 10 5717 4 5743 7 5844 3 5900 6 5957 10 5973 4 5985 7 5999 6 6155 7 6213 9 6230 3 6240 9 6255 6 6412 6 6469 9 6486 3 6496 9 6513 2 6669 5 6725 9 6742 2 6751 10 6982 7 7007 10 7168 2 7239 5 7264 9 7424 6 7520 9 7680 7 7777 10 7936 8 8021 4 8033 12 8192 8 8277 4 8290 12 8448 7 8532 5 8546 12 8704 7 8789 3 8802 13 8933 7 8960 6 9037 2 9058 13 9186 10 9216 6 9292 3 9315 12 9439 14 9472 5 9548 3 9572 11 9694 15 9711 1 9728 4 9829 9 9949 16 9966 5 9984 2 10085 8 10205 14 10223 5 10240 1 10342 7 10460 15 10480 4 10599 5 10716 15 10856 3 10968 7 10978 9 11223 7 11236 10 11259 5 11477 8 11495 7 11514 6 11730 11 11752 7 11770 6 11984 13 12008 8 12026 4 12240 13 12263 12 12278 2 12339 3 12497 12 12519 18 12595 3 12755 10 12775 18 12852 2 13013 8 13031 18 13148 1 13268 9 13284 20 13346 1 13403 3 13513 1 13523 11 13539 21 13600 4 13659 3 13769 1 13779 11 13795 21 13855 7 13916 1 14034 12 14051 21 14077 1 14111 8 14290 11 14308 20 14331 4 14366 12 14379 1 14545 12 14564 18 14585 7 14622 15 14801 12 14820 16 14840 8 14877 16 15056 13 15079 11 15095 9 15134 14 15170 3 15313 12 15337 9 15351 8 15376 3 15390 12 15425 5 15569 11 15594 7 15607 7 15631 6 15646 10 15680 7 15824 13 15851 5 15863 4 15887 6 15901 9 15935 9 16080 13 16107 1 16142 7 16157 8 16191 10 16336 12 16398 7 16412 8 16446 12 16591 13 16653 7 16668 8 16702 16 16848 12 16902 13 16924 8 16935 1 16949 3 16957 19 17104 11 17123 1 17139 1 17158 12 17179 15 17204 29 17360 11 17379 1 17395 1 17412 1 17415 7 17423 1 17432 18 17458 33 17616 9 17635 3 17672 7 17684 21 17714 32 17872 7 17891 4 17929 6 17939 22 17969 33 18006 3 18128 6 18147 4 18187 4 18193 15 18211 5 18225 7 18233 25 18261 4 18385 2 18405 1 18443 4 18448 16 18467 5 18481 5 18490 23 18516 6 18703 17 18723 6 18746 24 18771 7 18959 17 18980 5 19003 6 19011 24 19214 18 19236 4 19259 4 19269 13 19283 8 19470 19 19493 2 19497 2 19527 11 19540 7 19725 20 19747 8 19784 10 19795 7 19981 30 20040 17 20237 17 20259 8 20297 16 20492 18 20515 7 20554 15 20748 18 20772 6 20810 14 21005 16 21032 2 21066 14 21092 1 21253 2 21262 15 21288 1 21310 1 21323 12 21347 3 21508 6 21518 10 21535 2 21553 3 21564 4 21579 12 21600 7 21764 6 21774 9 21789 4 21808 4 21820 5 21836 9 21858 5 22020 7 22031 7 22045 5 22061 8 22074 8 22092 7 22115 5 22276 18 22301 5 22314 10 22330 8 22348 4 22373 3 22532 17 22556 6 22569 11 22585 9 22604 2 22626 1 22630 2 22788 17 22810 8 22824 12 22841 9 22886 1 23045 14 23061 2 23065 8 23080 13 23097 8 23114 1 23147 5 23301 15 23317 2 23323 7 23340 9 23352 8 23403 6 23558 17 23580 6 23597 9 23607 8 23645 2 23660 5 23825 3 23829 3 23835 8 23855 16 23916 6 23924 3 24085 14 24113 13 24172 13 24319 1 24344 11 24371 10 24429 13 24571 1 24574 2 24601 10 24628 8 24685 14 24805 1 24827 2 24830 2 24862 4 24941 14 25061 1 25082 6 25197 15 25317 1 25338 6 25450 17 25561 3 25573 1 25577 1 25594 6 25706 17 25817 4 25828 2 25832 4 25850 5 25963 14 26073 4 26088 5 26106 4 26219 5 26225 7 26257 4 26328 5 26344 11 26363 2 26475 5 26483 5 26512 7 26583 6 26600 12 26639 3 26730 6 26740 3 26766 12 26839 7 26854 14 26894 5 26986 7 27021 5 27030 5 27095 7 27110 14 27150 6 27242 7 27275 6 27286 5 27350 8 27365 10 27376 3 27406 7 27498 6 27530 5 27543 4 27605 9 27620 15 27661 9 27755 5 27786 4 27800 3 27861 10 27874 17 27892 6 27917 11 28042 4 28062 3 28117 16 28140 18 28174 12 28297 5 28318 4 28373 15 28396 20 28430 12 28462 1 28465 2 28553 5 28575 3 28630 14 28652 20 28686 13 28708 3 28716 9 28809 5 28886 14 28909 19 28942 12 28964 4 28969 11 29065 5 29144 12 29164 20 29198 12 29220 15 29320 6 29401 11 29420 20 29454 12 29477 13 29576 6 29658 10 29676 20 29710 11 29734 1 29739 6 29832 6 29914 9 29932 20 29965 11 29995 6 30088 5 30170 10 30189 19 30221 10 30251 7 30344 5 30367 2 30426 11 30445 8 30454 10 30477 9 30507 7 30601 3 30623 2 30679 13 30701 7 30710 10 30734 7 30763 8 30857 3 30935 13 30957 5 30966 10 30990 6 31019 7 31114 2 31189 15 31215 1 31222 10 31248 3 31276 6 31370 2 31391 1 31445 15 31479 9 31532 6 31701 15 31735 9 31790 3 31958 16 31992 8 32047 2 32214 16 32249 7 32471 16 32505 7 32687 1 32727 16 32761 7 32816 1 32907 6 32943 4 32983 16 33017 7 33162 8 33200 3 33239 15 33274 5 33419 8 33496 13 33676 8 33719 2 33753 11 33932 8 33973 5 34009 9 34189 7 34200 2 34230 4 34266 9 34445 14 34466 6 34522 10 34606 1 34701 14 34722 6 34778 11 34862 2 34956 15 34977 8 35033 13 35118 1 35206 4 35211 16 35233 8 35289 13 35459 22 35490 6 35544 14 35672 1 35704 3 35715 22 35746 6 35800 13 35927 4 35959 4 35970 24 36002 7 36014 2 36055 13 36182 6 36215 4 36226 24 36258 7 36270 2 36308 15 36437 8 36471 3 36482 24 36513 9 36527 1 36561 18 36692 9 36738 24 36769 9 36791 4 36817 18 36948 2 36951 5 36994 24 37024 9 37047 5 37063 7 37073 17 37202 2 37209 2 37250 23 37281 8 37304 5 37318 9 37330 16 37457 2 37466 1 37480 5 37506 22 37538 5 37560 6 37573 10 37586 15 37714 1 37733 9 37762 22 37794 3 37816 7 37829 10 37842 15 37970 1 37987 11 38020 21 38050 2 38072 8 38085 10 38098 7 38106 7 38240 14 38277 20 38304 5 38318 2 38328 7 38341 20 38363 6 38496 14 38534 19 38558 7 38574 3 38583 8 38597 19 38620 5 38757 9 38790 32 38829 4 38839 7 38854 18 38877 3 39015 7 39046 33 39084 4 39095 7 39110 17 39271 6 39302 34 39340 4 39351 6 39367 15 39512 1 39528 5 39557 35 39596 2 39608 4 39625 13 39750 2 39767 3 39784 5 39813 36 39865 2 39883 10 39917 2 40004 5 40021 5 40040 5 40069 37 40142 6 40169 8 40260 3 40276 6 40292 1 40295 7 40325 36 40424 10 40532 6 40547 3 40552 8 40581 35 40674 16 40787 6 40800 6 40809 8 40837 35 40928 18 41042 7 41056 6 41065 8 41094 34 41183 19 41298 7 41311 5 41321 9 41350 34 41439 19 41554 7 41566 6 41578 1 41581 4 41607 29 41638 3 41695 17 41810 6 41822 6 41863 29 41893 4 41952 16 42066 6 42078 6 42120 32 42209 17 42323 5 42334 5 42355 1 42375 33 42465 20 42579 4 42590 4 42610 4 42631 33 42721 21 42848 1 42866 6 42887 34 42960 3 42975 23 43122 7 43142 35 43216 4 43226 29 43336 1 43344 1 43378 7 43397 37 43471 5 43480 31 43590 7 43600 3 43636 6 43649 40 43727 6 43735 18 43754 12 43846 8 43855 5 43894 4 43903 42 43983 26 44011 11 44102 17 44154 44 44239 25 44267 10 44359 16 44410 41 44495 24 44522 11 44617 14 44666 41 44751 24 44777 11 44874 12 44923 39 45007 24 45032 12 45137 5 45180 20 45205 13 45262 38 45393 4 45438 17 45462 12 45518 38 45649 3 45694 17 45718 10 45774 38 45904 3 45950 17 45976 7 46030 37 46206 17 46287 36 46462 17 46544 35 46718 16 46801 24 46828 12 46975 15 47057 23 47084 13 47231 14 47316 15 47332 4 47341 13 47486 15 47582 4 47591 1 47597 13 47714 5 47742 2 47745 10 47853 13 47967 10 47997 10 48109 13 48222 11 48252 8 48359 1 48364 14 48478 11 48508 7 48615 3 48620 13 48733 6 48765 4 48837 3 48870 19 48989 6 49093 3 49126 18 49245 5 49349 2 49382 16 49502 3 49605 1 49637 16 49758 3 49861 1 49893 16 50014 2 50038 2 50149 16 50268 3 50294 1 50405 16 50524 3 50661 16 50778 5 50911 3 50918 15 51034 5 51046 1 51167 3 51175 14 51290 3 51423 4 51432 13 51546 2 51679 4 51689 12 51802 2 51935 3 51945 12 52191 3 52201 11 52449 1 52457 11 52714 10 52971 8 53228 7 53485 5 53510 5 53565 5 53765 6 53816 13 54017 12 54071 15 54255 2 54277 9 54326 17 54485 1 54510 4 54535 8 54570 3 54575 3 54580 19 54739 5 54765 6 54787 13 54825 31 54993 8 55020 8 55042 14 55066 4 55081 19 55101 12 55248 10 55276 8 55297 16 55320 7 55337 32 55504 10 55532 8 55552 17 55575 9 55593 32 55759 11 55788 6 55808 17 55831 10 55849 33 56015 12 56044 2 56064 18 56087 12 56105 33 56271 12 56320 19 56343 14 56360 35 56528 11 56576 25 56605 46 56784 11 56832 25 56861 46 57043 7 57088 25 57117 46 57300 6 57344 74 57557 4 57600 73 57813 3 57856 70 58112 69 58368 70 58624 70 58806 1 58880 70 59061 3 59077 5 59136 70 59316 6 59329 10 59392 71 59571 11 59584 12 59648 71 59826 26 59904 71 60082 12 60096 13 60161 70 60338 11 60360 5 60416 70 60593 8 60617 4 60672 70 60847 9 60874 3 60928 71 61071 3 61102 9 61132 1 61184 71 61326 5 61357 9 61440 72 61582 6 61614 7 61636 4 61696 72 61838 7 61860 1 61870 5 61890 7 61959 66 62094 7 62115 4 62129 1 62146 6 62216 65 62351 7 62370 6 62403 3 62473 65 62608 5 62625 7 62720 1 62730 15 62747 48 62880 8 62976 24 63003 48 63134 10 63232 10 63245 2 63251 5 63259 49 63390 10 63488 10 63505 59 63645 11 63744 9 63761 45 63807 14 63901 11 63918 3 64000 7 64016 46 64063 14 64156 12 64174 3 64256 6 64271 46 64320 12 64412 13 64430 4 64512 7 64526 46 64576 11 64668 13 64686 4 64768 8 64782 5 64790 36 64832 10 64923 15 64941 4 65024 9 65038 6 65045 36 65088 9 65179 15 65197 4 65280 10 65294 41 65344 8 65435 15 65452 5
143150,0 65536
144284,36 16 156 13 191 20 214 26 293 16 412 13 448 18 471 26 551 14 668 13 704 18 727 27 758 4 809 12 923 14 960 17 985 35 1066 11 1179 14 1217 14 1241 38 1329 3 1435 14 1473 13 1498 13 1513 23 1538 2 1691 13 1731 10 1747 1 1751 1 1754 12 1771 27 1948 12 1988 9 2003 2 2009 11 2028 27 2204 11 2244 9 2259 2 2264 11 2284 27 2458 13 2500 9 2520 10 2541 27 2672 2 2713 13 2756 9 2776 9 2798 26 2835 3 2926 6 2968 13 3012 9 3022 6 3032 10 3055 25 3085 10 3182 7 3224 11 3251 5 3269 15 3289 9 3312 23 3339 13 3436 10 3480 11 3506 6 3527 13 3544 10 3570 14 3594 14 3684 23 3736 11 3762 7 3784 12 3799 3 3803 6 3828 7 3850 14 3939 25 3992 10 4019 6 4040 11 4054 3 4060 4 4085 5 4106 14 4195 26 4248 10 4275 6 4295 12 4310 3 4317 1 4361 15 4448 1 4451 5 4457 2 4464 14 4504 10 4533 2 4549 13 4566 2 4615 17 4703 3 4707 3 4725 9 4760 9 4804 14 4822 3 4869 18 4958 6 4981 10 5012 13 5060 10 5078 5 5125 18 5214 5 5236 11 5268 13 5315 11 5334 6 5381 16 5470 1 5489 13 5524 12 5571 11 5590 8 5638 15 5744 14 5780 12 5826 12 5846 8 5895 6 5904 6 5934 1 5999 14 6036 12 6082 13 6100 11 6152 4 6161 6 6188 4 6254 13 6292 12 6338 29 6417 7 6443 6 6511 10 6547 13 6594 28 6673 7 6699 6 6766 10 6803 14 6850 28 6929 7 6955 7 6963 5 7004 1 7014 3 7020 10 7056 18 7106 28 7147 1 7185 7 7201 3 7210 14 7260 1 7266 8 7275 9 7311 19 7362 28 7400 5 7441 7 7456 6 7466 15 7516 3 7521 18 7566 20 7620 26 7656 5 7680 1 7697 6 7712 8 7722 15 7772 10 7784 6 7822 20 7876 26 7912 5 7936 2 7953 5 7968 24 8029 9 8078 21 8132 26 8168 5 8192 1 8210 2 8227 20 8254 3 8285 8 8333 22 8388 25 8424 5 8466 1 8484 19 8509 5 8541 8 8589 22 8644 24 8680 5 8741 18 8765 5 8797 7 8814 1 8845 23 8899 24 8955 1 8999 16 9022 4 9051 7 9069 3 9101 23 9155 24 9208 5 9256 15 9278 3 9306 6 9324 4 9357 23 9410 24 9459 11 9512 6 9522 5 9562 6 9580 4 9613 22 9666 24 9714 13 9749 3 9768 6 9780 2 9818 5 9828 1 9836 3 9869 21 9923 22 9970 13 10006 3 10023 7 10075 2 10082 4 10100 1 10126 18 10179 14 10197 3 10227 13 10263 2 10278 7 10338 4 10356 3 10384 14 10435 13 10487 9 10534 7 10594 4 10611 3 10642 11 10691 13 10743 9 10789 7 10850 5 10866 4 10876 1 10899 10 10947 11 10999 9 11032 6 11045 5 11105 6 11122 5 11130 4 11156 8 11203 9 11255 12 11286 8 11301 4 11361 6 11379 4 11385 6 11413 6 11459 8 11511 14 11541 10 11556 5 11616 8 11642 4 11715 8 11768 18 11787 6 11795 12 11811 6 11872 8 11898 4 11971 8 12024 18 12043 21 12067 6 12128 9 12219 3 12227 8 12282 15 12299 21 12322 7 12383 11 12430 2 12473 6 12484 6 12541 8 12556 30 12639 9 12686 1 12727 9 12743 1 12800 2 12813 29 12895 9 12981 11 13070 28 13151 8 13186 2 13234 13 13327 27 13403 11 13432 2 13441 4 13489 14 13583 27 13652 19 13684 9 13698 3 13744 15 13841 26 13907 20 13939 12 13955 1 13990 2 14000 15 14100 23 14163 19 14192 15 14212 1 14244 7 14255 18 14336 2 14357 23 14419 18 14445 18 14468 2 14499 30 14592 2 14613 24 14674 19 14699 21 14724 3 14755 29 14848 3 14869 24 14929 20 14954 22 14980 3 15010 30 15104 2 15127 23 15174 5 15183 22 15210 22 15236 1 15265 31 15360 2 15384 23 15429 32 15466 22 15520 32 15616 1 15641 22 15682 36 15721 23 15775 33 15897 22 15936 39 15977 23 16031 32 16121 4 16154 21 16192 40 16233 23 16286 32 16376 5 16412 18 16448 64 16542 31 16632 5 16671 14 16703 64 16798 31 16888 5 16929 11 16959 47 17007 15 17054 31 17145 3 17185 12 17214 49 17265 3 17269 7 17310 30 17418 3 17442 11 17469 50 17526 2 17551 4 17568 28 17674 3 17699 11 17726 6 17733 42 17806 5 17825 27 17955 11 17982 5 17993 38 18036 1 18046 1 18062 6 18081 26 18212 10 18239 3 18249 37 18291 3 18296 3 18301 10 18317 6 18337 24 18423 1 18468 11 18505 37 18546 22 18573 6 18594 22 18678 4 18724 10 18761 36 18800 25 18829 5 18851 20 18934 3 18944 1 18981 9 19004 3 19017 35 19055 27 19085 5 19108 19 19191 2 19200 2 19237 8 19260 3 19273 35 19311 27 19342 2 19368 16 19456 2 19469 6 19494 6 19516 3 19530 34 19565 29 19625 15 19712 3 19725 6 19751 6 19782 1 19785 65 19881 16 19968 3 19981 7 20009 11 20038 59 20099 6 20137 16 20224 3 20238 5 20264 13 20295 65 20393 16 20480 3 20496 2 20520 13 20552 44 20597 18 20648 17 20737 2 20775 14 20798 2 20807 45 20857 14 20904 16 20995 2 21031 15 21054 6 21063 46 21114 12 21159 17 21252 5 21286 17 21310 6 21320 46 21368 15 21415 17 21508 6 21542 17 21566 7 21577 63 21671 17 21765 5 21798 18 21823 7 21831 65 21927 16 22023 3 22054 18 22080 31 22115 29 22146 6 22184 15 22279 2 22286 3 22311 18 22337 29 22373 26 22403 4 22441 13 22541 4 22567 18 22595 23 22630 24 22660 1 22699 11 22797 4 22823 18 22852 22 22890 6 22897 13 22957 8 23053 4 23078 20 23110 20 23148 3 23155 11 23308 4 23333 20 23366 20 23412 10 23429 9 23562 5 23588 21 23622 20 23669 10 23681 15 23817 7 23844 20 23878 19 23925 11 23938 17 24072 8 24099 20 24132 21 24182 10 24195 18 24327 9 24355 19 24384 22 24435 13 24451 17 24583 9 24611 19 24638 24 24683 5 24690 15 24708 16 24791 3 24839 9 24868 18 24894 23 24939 21 24964 14 25046 5 25095 8 25124 17 25149 23 25194 22 25222 10 25302 6 25351 6 25381 16 25405 21 25448 13 25468 3 25478 10 25557 6 25607 5 25637 15 25660 22 25702 13 25734 16 25813 6 25863 6 25895 13 25916 21 25958 12 25989 18 26068 7 26119 7 26155 8 26171 21 26214 11 26243 20 26324 7 26375 8 26413 5 26425 22 26470 10 26498 11 26513 7 26579 7 26631 8 26680 11 26693 8 26726 9 26754 9 26769 7 26835 7 26872 4 26887 8 26935 20 26982 7 27012 5 27025 8 27091 7 27127 5 27143 8 27191 17 27239 5 27281 8 27347 7 27382 6 27399 8 27446 19 27495 5 27537 9 27604 6 27635 1 27638 6 27655 7 27702 19 27752 2 27794 8 27861 8 27891 5 27898 2 27911 6 27958 20 28008 2 28050 8 28117 9 28146 3 28166 6 28214 20 28307 6 28373 11 28402 2 28422 6 28471 19 28564 5 28629 11 28653 5 28678 5 28728 18 28821 2 28885 11 28908 6 28933 6 28950 1 28985 17 29032 1 29141 11 29161 8 29189 5 29204 3 29242 15 29288 1 29303 2 29397 10 29417 7 29445 4 29460 3 29498 14 29558 4 29654 8 29673 6 29700 4 29717 2 29754 6 29814 4 29911 7 29927 8 30011 4 30052 1 30069 5 30168 6 30183 9 30273 3 30306 4 30325 5 30425 4 30438 11 30527 6 30562 3 30581 4 30694 12 30712 4 30723 4 30782 8 30837 1 30950 23 30979 6 31037 10 31205 24 31234 7 31293 16 31461 25 31488 9 31548 18 31595 3 31716 26 31744 9 31804 19 31850 4 31971 27 32000 9 32060 20 32106 4 32227 25 32256 10 32316 21 32362 4 32410 4 32482 22 32512 11 32572 21 32618 2 32666 3 32738 21 32768 13 32829 20 32923 1 32993 22 33024 14 33086 19 33249 23 33280 14 33343 18 33505 23 33536 14 33600 18 33762 23 33792 14 33856 18 34019 22 34048 15 34112 19 34276 21 34304 15 34369 17 34532 21 34560 16 34626 16 34789 20 34816 17 34883 14 35045 20 35072 17 35141 10 35301 19 35328 16 35557 18 35584 16 35813 17 35840 16 36071 14 36096 16 36182 4 36331 9 36352 16 36436 9 36587 8 36608 15 36691 11 36844 6 36864 15 36886 8 36946 13 37100 6 37120 14 37140 11 37202 13 37357 3 37376 14 37395 13 37458 13 37632 15 37651 13 37714 13 37824 3 37888 15 37905 16 37971 12 38080 4 38144 25 38171 6 38227 12 38335 6 38400 24 38430 3 38484 11 38591 6 38656 24 38686 4 38741 9 38756 3 38847 7 38860 2 38903 2 38912 24 38942 5 38998 7 39012 2 39078 3 39104 15 39159 2 39168 27 39197 6 39254 6 39335 2 39361 15 39424 35 39511 5 39617 15 39680 36 39874 12 39936 37 40104 1 40119 2 40131 10 40192 37 40348 3 40359 4 40374 4 40390 6 40448 38 40602 6 40615 4 40630 4 40704 39 40801 2 40857 8 40870 5 40888 1 40960 40 41058 4 41066 2 41112 11 41126 5 41216 44 41314 6 41321 4 41368 18 41472 45 41570 6 41578 2 41624 17 41728 45 41825 7 41872 3 41880 17 41984 46 42081 7 42126 28 42240 47 42336 8 42382 28 42496 48 42592 14 42638 29 42752 49 42846 17 42895 29 42937 1 43008 50 43101 19 43153 27 43264 50 43356 21 43410 25 43520 50 43610 23 43667 23 43776 50 43865 24 43926 20 44032 42 44075 6 44121 24 44182 20 44288 42 44331 6 44376 25 44439 19 44544 41 44587 5 44631 26 44695 19 44800 1 44802 38 44843 5 44886 27 44950 20 45059 44 45141 28 45206 6 45215 10 45316 42 45395 5 45404 22 45462 6 45472 8 45573 27 45602 11 45651 4 45665 17 45717 6 45728 4 45831 3 45837 19 45860 9 45906 5 45923 3 45931 6 45972 7 45985 2 46094 20 46119 5 46163 2 46180 1 46188 5 46229 6 46351 20 46445 3 46485 6 46607 22 46642 6 46741 5 46753 1 46864 22 46897 8 46998 3 47008 2 47120 23 47152 9 47264 2 47377 22 47404 13 47519 3 47633 22 47659 13 47774 2 47872 1 47889 22 47914 13 48128 1 48145 21 48171 12 48354 5 48384 1 48401 21 48427 11 48605 11 48657 20 48684 9 48794 2 48859 14 48913 20 48940 9 49049 3 49115 15 49169 20 49197 8 49305 3 49370 18 49399 1 49425 20 49457 2 49562 1 49626 20 49655 2 49681 21 49703 6 49882 21 49910 2 49937 28 50138 22 50194 28 50394 22 50450 29 50650 21 50706 29 50905 22 50962 29 51160 22 51217 30 51415 21 51473 30 51671 4 51678 10 51728 31 51935 8 51944 3 51984 31 52192 14 52240 33 52448 14 52496 35 52705 13 52736 3 52752 35 52962 13 52992 3 53008 36 53213 2 53218 14 53248 3 53265 35 53468 3 53475 2 53478 2 53482 7 53504 3 53521 34 53563 2 53723 4 53739 7 53760 3 53777 34 53818 5 53979 4 53993 9 54034 33 54073 7 54093 4 54235 4 54248 10 54290 37 54329 9 54348 5 54491 4 54501 13 54547 48 54603 7 54748 2 54757 13 54804 48 54859 8 55013 14 55062 47 55115 8 55268 16 55319 46 55371 3 55524 16 55575 47 55628 1 55674 3 55734 2 55781 15 55831 47 55930 3 55987 6 56037 6 56044 8 56088 46 56242 7 56293 5 56301 7 56343 47 56498 5 56550 3 56559 5 56593 54 56652 1 56816 4 56836 1 56849 55 56906 1 56914 1 57091 4 57105 58 57169 4 57348 3 57361 51 57413 3 57422 8 57604 4 57617 50 57670 1 57678 17 57831 1 57863 1 57873 49 57937 15 58087 1 58120 1 58128 3 58133 44 58193 16 58343 1 58384 4 58389 44 58450 15 58638 51 58708 2 58711 10 58892 54 58969 8 59146 56 59226 5 59402 10 59415 44 59658 9 59672 14 59687 28 59915 27 59944 27 60171 26 60201 27 60247 2 60427 24 60458 25 60502 3 60684 22 60714 24 60757 4 60859 3 60940 22 60971 22 60997 4 61013 4 61196 22 61228 21 61252 6 61269 4 61414 4 61452 22 61484 22 61507 7 61525 3 61665 1 61670 4 61708 12 61721 10 61739 31 61780 3 61880 1 61919 11 61968 6 61979 8 61994 32 62036 3 62174 11 62236 8 62249 32 62292 3 62430 10 62493 7 62505 32 62549 2 62685 8 62750 6 62761 32 62806 1 62941 8 63008 2 63017 32 63060 4 63151 1 63196 9 63273 32 63315 5 63406 2 63452 9 63485 3 63530 30 63572 4 63662 2 63708 9 63741 3 63786 30 63828 3 63917 3 63964 10 63996 4 64042 29 64084 3 64173 3 64220 10 64252 4 64298 28 64429 3 64476 9 64507 5 64554 26 64684 3 64732 9 64763 5 64810 24 64940 2 64988 9 65019 5 65067 24 65195 3 65243 9 65275 5 65312 3 65324 9 65335 13 65449 5 65499 9 65531 5
149617, 
157706,0 50 114 74 256 50 371 73 512 50 627 73 768 50 880 1 884 73 1024 49 1136 1 1142 71 1280 49 1392 1 1398 71 1536 48 1655 71 1792 44 1910 73 2048 42 2105 3 2166 74 2304 41 2360 5 2423 73 2560 41 2615 7 2679 73 2816 42 2870 8 2936 72 3072 43 3126 1 3129 5 3192 72 3328 44 3386 5 3448 73 3584 44 3642 6 3704 73 3840 45 3897 6 3959 75 4096 45 4153 6 4215 75 4352 45 4408 8 4471 74 4608 45 4664 8 4727 74 4864 45 4920 8 4983 74 5120 45 5177 7 5240 72 5376 45 5434 5 5496 71 5632 44 5691 4 5753 69 5888 43 6009 66 6083 1 6144 42 6266 64 6338 2 6400 42 6522 64 6656 42 6714 1 6779 62 6912 42 7034 63 7168 41 7291 61 7424 40 7482 2 7547 61 7680 39 7738 4 7803 61 7936 37 8050 71 8192 37 8305 72 8448 36 8550 84 8640 3 8704 36 8746 1 8804 96 8960 36 9001 2 9059 97 9216 36 9256 3 9314 97 9472 43 9569 98 9728 43 9825 97 9984 41 10081 97 10240 40 10337 94 10432 2 10496 39 10577 6 10593 98 10752 36 10799 2 10832 10 10843 104 11008 35 11051 5 11080 123 11264 34 11306 6 11335 124 11520 33 11560 7 11578 1 11589 126 11776 33 11816 7 11833 5 11845 126 12032 33 12072 7 12088 8 12099 128 12288 33 12327 8 12344 139 12544 35 12583 7 12600 139 12800 36 12837 9 12856 139 13056 45 13111 140 13312 44 13367 140 13568 45 13616 147 13824 46 13871 148 14080 195 14336 196 14592 195 14848 46 14895 148 15104 196 15360 197 15616 197 15872 198 16128 198 16384 198 16640 199 16896 200 17152 201 17408 201 17664 202 17922 28 17951 171 18176 29 18207 172 18432 28 18463 173 18688 204 18944 205 19200 204 19456 204 19712 204 19968 204 20224 204 20480 204 20736 204 20992 205 21248 205 21504 206 21760 207 22016 208 22273 211 22529 211 22787 210 23043 210 23299 211 23553 214 23808 215 24064 214 24320 52 24373 161 24576 51 24629 4 24637 152 24832 50 24884 4 24894 151 25088 49 25139 4 25151 150 25344 56 25407 150 25600 56 25664 154 25856 60 25918 158 26112 220 26368 220 26624 220 26880 220 27136 36 27176 180 27392 36 27431 181 27648 36 27687 180 27868 2 27904 37 27942 185 28160 223 28416 224 28672 224 28928 224 29184 225 29440 225 29696 225 29952 225 30208 226 30464 226 30720 227 30976 227 31232 227 31488 227 31744 227 32000 228 32256 228 32512 228 32768 229 33024 229 33280 230 33536 230 33792 230 34048 231 34304 231 34560 231 34816 230 35072 227 35328 225 35584 225 35840 226 36096 226 36352 227 36608 228 36864 229 37120 229 37376 230 37632 230 37888 230 38144 231 38400 232 38656 233 38912 231 39168 231 39424 232 39680 232 39936 233 40192 237 40448 238 40704 238 40960 238 41216 239 41472 240 41728 240 41984 240 42240 241 42496 242 42752 242 43008 242 43264 243 43520 243 43776 243 44032 244 44288 244 44544 244 44800 245 45056 245 45312 245 45568 246 45824 246 46080 246 46336 246 46592 247 46848 247 47104 248 47360 248 47616 248 47872 248 48128 249 48384 249 48640 250 48896 250 49152 250 49408 251 49664 251 49920 251 50176 252 50432 252 50688 253 50944 253 51200 254 51456 254 51712 255 51968 8232 60201 254 60457 254 60712 12 60727 254 60982 1272 62255 1023 63279 503 63785 10 63798 250 64055 248 64312 247 64568 1 64573 242 64830 242 65086 242 65342 194
158770,0 2 8 70 87 2 103 13 265 69 359 13 523 67 615 12 786 21 809 7 817 29 868 15 959 4 1043 19 1065 6 1073 29 1122 17 1214 6 1266 4 1300 18 1321 5 1330 29 1377 18 1471 6 1521 6 1562 12 1578 4 1586 30 1633 18 1727 6 1777 7 1819 11 1834 4 1843 29 1889 17 1975 1 2033 8 2076 11 2091 2 2099 29 2145 17 2231 1 2289 8 2333 11 2353 31 2401 16 2545 8 2554 6 2590 11 2608 31 2658 14 2801 15 2846 15 2864 31 2918 10 3061 2 3064 8 3097 4 3104 13 3120 30 3164 1 3177 8 3256 2 3320 8 3350 8 3362 11 3378 27 3420 1 3433 8 3508 6 3575 9 3606 8 3619 10 3634 26 3676 1 3689 9 3764 7 3831 9 3862 8 3876 9 3889 26 3945 9 4020 7 4086 10 4118 8 4133 9 4145 25 4202 7 4276 7 4342 10 4375 6 4389 10 4402 21 4458 6 4533 5 4598 10 4631 5 4645 10 4659 19 4714 5 4790 2 4814 3 4855 9 4901 9 4913 23 4937 2 5029 5 5069 5 5096 8 5111 9 5157 9 5169 27 5284 6 5325 6 5352 9 5367 9 5414 37 5539 6 5582 5 5607 10 5623 9 5672 20 5694 13 5795 6 5820 4 5838 4 5851 2 5863 11 5879 8 5931 16 5951 12 5992 5 6052 3 6075 4 6082 3 6106 4 6120 10 6135 9 6188 15 6207 11 6247 8 6331 4 6336 7 6362 3 6376 10 6391 9 6445 14 6462 7 6471 2 6502 9 6588 11 6633 9 6647 9 6701 21 6757 9 6845 9 6889 8 6903 9 6933 4 6958 20 7013 8 7078 2 7103 7 7143 9 7160 8 7188 8 7215 19 7269 8 7332 4 7360 5 7398 4 7405 1 7416 8 7445 9 7470 20 7525 7 7587 6 7654 3 7672 8 7701 10 7726 19 7782 6 7842 7 7911 1 7928 7 7957 11 7981 19 8039 2 8098 7 8214 11 8237 17 8353 8 8462 20 8493 15 8609 8 8715 28 8750 13 8865 8 8970 30 9006 13 9121 10 9217 4 9225 31 9263 11 9308 1 9378 11 9472 41 9520 10 9542 4 9564 1 9636 9 9728 41 9776 10 9797 6 9820 1 9893 8 9977 1 9984 41 10033 8 10053 6 10078 5 10150 7 10233 1 10240 41 10290 5 10309 6 10334 5 10408 4 10429 3 10491 1 10496 38 10547 3 10564 8 10590 5 10685 4 10752 37 10804 1 10820 8 10846 5 10941 3 11008 36 11073 11 11104 2 11265 35 11326 14 11472 1 11522 12 11539 18 11570 2 11580 16 11726 3 11778 12 11795 18 11818 11 11834 19 11973 1 11982 4 12033 14 12050 20 12073 11 12090 19 12228 3 12237 5 12273 1 12289 51 12346 20 12484 5 12493 7 12527 5 12546 51 12602 21 12741 1 12744 2 12748 9 12780 9 12802 52 12858 8 12867 13 13001 14 13033 15 13060 50 13115 5 13123 13 13258 14 13287 19 13318 3 13329 37 13380 1 13383 9 13422 1 13515 13 13542 24 13586 38 13635 2 13642 5 13678 3 13772 12 13797 27 13843 39 13890 3 13934 3 14030 10 14053 27 14094 44 14145 4 14190 3 14293 2 14310 26 14349 7 14357 18 14377 17 14401 3 14446 1 14568 24 14605 23 14633 17 14658 1 14702 1 14826 22 14851 1 14862 17 14889 17 14958 1 15084 25 15119 14 15144 18 15340 26 15375 13 15400 17 15595 30 15632 10 15656 17 15849 35 15888 9 15912 17 16023 6 16104 28 16135 5 16143 9 16169 16 16278 11 16359 27 16392 15 16426 16 16485 2 16532 16 16613 29 16649 14 16683 15 16742 1 16788 17 16869 28 16906 12 16924 5 16940 15 16997 3 17043 19 17124 29 17162 12 17179 6 17201 11 17252 6 17299 19 17380 29 17420 22 17459 9 17508 7 17554 21 17636 29 17677 21 17716 8 17766 5 17811 20 17891 29 17933 21 17972 9 18022 4 18068 19 18108 11 18144 10 18157 6 18164 12 18190 21 18213 8 18228 7 18325 19 18361 15 18399 11 18413 4 18419 13 18449 29 18485 6 18582 18 18614 18 18654 12 18670 2 18675 19 18706 28 18741 4 18838 18 18870 18 18910 12 18931 22 18963 27 18998 1 19094 18 19119 25 19166 12 19188 21 19221 25 19350 17 19374 26 19423 12 19444 20 19477 24 19607 15 19628 28 19679 12 19700 20 19737 21 19759 2 19862 15 19883 28 19937 12 19957 11 19970 6 19993 13 20010 9 20092 3 20118 14 20139 28 20195 11 20217 7 20226 6 20249 11 20268 5 20348 4 20374 14 20395 28 20451 13 20475 5 20482 7 20505 10 20603 5 20630 14 20651 28 20707 14 20732 4 20738 8 20762 10 20782 3 20859 5 20886 13 20912 24 20963 14 20988 4 20994 10 21018 10 21036 7 21050 3 21114 6 21143 12 21170 23 21219 15 21244 4 21250 11 21273 14 21292 7 21306 2 21369 6 21400 9 21426 24 21475 16 21501 3 21507 12 21525 7 21533 11 21547 8 21562 1 21622 4 21627 2 21657 4 21682 24 21730 17 21758 2 21763 25 21789 22 21878 6 21938 25 21987 16 22014 2 22025 19 22046 20 22134 6 22195 24 22243 16 22268 4 22278 1 22281 5 22287 35 22392 1 22452 23 22501 13 22523 5 22533 2 22537 4 22543 34 22709 21 22758 12 22779 5 22793 40 22966 21 23014 12 23035 4 23049 40 23120 3 23223 20 23248 2 23269 13 23292 2 23300 43 23374 7 23480 27 23525 13 23554 37 23593 6 23628 9 23747 17 23780 14 23808 39 23850 3 23885 8 24003 17 24036 14 24064 39 24138 1 24141 8 24259 17 24291 15 24320 40 24400 2 24515 16 24547 15 24576 40 24770 16 24802 16 24832 40 25026 16 25058 17 25088 40 25281 17 25314 22 25341 43 25537 16 25570 14 25586 7 25595 45 25792 16 25827 9 25842 54 26049 11 26083 8 26097 55 26206 5 26305 9 26340 7 26353 12 26368 41 26452 1 26461 6 26561 9 26596 6 26608 13 26624 43 26707 2 26717 6 26818 7 26853 5 26864 14 26880 43 26962 3 26973 7 27074 6 27111 1 27119 15 27136 44 27217 3 27229 7 27330 5 27375 15 27392 44 27472 5 27485 7 27587 3 27630 16 27648 44 27727 6 27742 5 27885 16 27904 44 27983 6 28000 1 28140 16 28160 44 28238 5 28380 2 28396 15 28416 45 28520 4 28651 12 28664 3 28672 46 28775 6 28906 12 28922 2 28928 46 29029 9 29161 9 29177 1 29183 47 29284 10 29416 7 29432 2 29439 45 29539 12 29595 13 29667 12 29695 45 29794 13 29850 16 29922 13 29938 3 29942 2 29952 43 30016 1 30050 13 30106 17 30174 25 30208 43 30270 9 30305 14 30362 18 30428 27 30464 42 30518 1 30528 7 30561 14 30617 22 30683 27 30720 42 30774 4 30785 6 30817 14 30867 30 30938 27 30976 41 31032 1 31067 3 31072 15 31123 30 31194 27 31232 40 31321 23 31378 31 31449 29 31488 40 31576 24 31634 31 31705 27 31744 39 31788 3 31832 26 31890 30 31961 16 31978 3 32000 38 32043 4 32088 27 32146 31 32218 14 32235 1 32256 37 32299 5 32344 28 32402 31 32475 13 32512 36 32554 8 32605 23 32656 34 32732 12 32768 36 32810 8 32862 22 32906 42 32990 11 33006 7 33024 35 33066 6 33119 6 33128 12 33161 44 33247 10 33258 17 33280 35 33321 6 33375 5 33389 6 33416 45 33504 67 33578 4 33601 6 33646 5 33671 45 33761 65 33856 7 33916 1 33926 45 34017 64 34112 3 34171 3 34181 45 34273 62 34368 1 34426 4 34435 46 34529 61 34683 2 34691 45 34785 59 34946 46 34998 5 35041 58 35202 48 35253 7 35298 57 35458 58 35555 56 35715 59 35811 56 35972 58 36067 57 36230 57 36323 34 36359 22 36487 57 36581 31 36616 21 36744 56 36841 27 36872 21 37001 56 37099 25 37128 21 37257 56 37355 24 37384 21 37513 57 37612 22 37640 21 37769 57 37869 16 37897 20 38026 62 38128 11 38154 18 38282 63 38385 7 38413 14 38538 64 38670 13 38795 64 38927 12 39051 65 39150 4 39183 12 39306 67 39405 5 39440 10 39562 67 39661 6 39672 2 39697 9 39817 68 39895 3 39917 5 39928 2 39955 6 40073 67 40151 9 40175 2 40185 1 40212 3 40225 6 40329 66 40407 11 40480 11 40586 65 40664 12 40735 14 40843 64 40920 12 40990 17 41101 63 41175 13 41245 19 41358 62 41430 14 41501 20 41603 2 41615 61 41685 14 41757 20 41859 3 41871 62 41940 15 42012 21 42115 4 42126 65 42196 15 42231 1 42267 22 42371 4 42382 67 42452 15 42487 1 42521 23 42628 3 42637 70 42709 15 42743 2 42776 23 42892 71 42966 14 42999 1 43031 23 43147 73 43223 14 43286 24 43403 73 43479 17 43539 26 43660 73 43734 18 43795 26 43916 91 44051 26 44153 4 44173 89 44307 25 44407 8 44419 4 44428 90 44563 25 44662 112 44820 23 44918 112 45076 22 45175 97 45274 12 45311 1 45332 21 45432 95 45531 11 45561 1 45565 3 45588 20 45689 94 45793 4 45814 5 45820 4 45844 19 45945 95 46069 11 46099 17 46143 4 46201 95 46316 4 46325 11 46356 15 46377 3 46392 12 46457 95 46571 5 46581 11 46617 8 46632 7 46647 14 46713 93 46827 5 46836 12 46875 5 46887 31 46969 90 47083 5 47092 10 47143 34 47224 90 47348 10 47399 36 47464 3 47480 90 47605 8 47655 36 47719 10 47735 91 47861 7 47912 35 47970 113 48168 36 48224 115 48424 36 48479 116 48616 4 48680 36 48735 117 48862 13 48936 36 48990 118 49117 14 49147 5 49192 35 49244 120 49373 13 49399 9 49441 4 49448 35 49499 121 49629 12 49656 8 49696 6 49703 27 49731 8 49755 122 49885 9 49912 8 49952 33 49987 7 50011 122 50142 7 50168 8 50207 34 50244 7 50267 122 50400 4 50424 8 50463 35 50503 4 50522 123 50656 4 50680 8 50718 36 50761 3 50777 124 50912 3 50936 8 50974 37 51017 4 51032 125 51168 3 51193 7 51230 38 51272 6 51287 125 51424 2 51449 7 51487 6 51495 29 51527 7 51542 25 51570 97 51705 7 51744 3 51751 29 51783 8 51798 24 51828 94 51962 6 52007 30 52039 8 52054 23 52086 92 52219 5 52263 29 52295 8 52311 20 52343 91 52441 2 52449 1 52478 2 52520 28 52551 7 52568 12 52599 91 52696 6 52704 4 52735 1 52778 26 52809 4 52826 8 52857 89 52951 13 52989 3 53036 24 53084 4 53114 88 53206 14 53245 3 53292 26 53372 86 53461 15 53500 4 53548 27 53629 86 53716 16 53757 3 53804 27 53886 97 53984 4 54015 1 54060 27 54144 93 54242 2 54317 26 54401 89 54494 6 54573 25 54612 8 54657 89 54750 6 54829 24 54868 11 54913 89 55007 6 55085 23 55123 14 55169 90 55266 3 55341 21 55380 15 55426 89 55598 19 55636 16 55682 89 55854 18 55890 19 55938 90 56112 16 56144 22 56195 90 56370 15 56397 26 56452 88 56628 14 56652 28 56708 88 56885 15 56907 29 56965 87 57073 1 57115 6 57141 16 57162 31 57221 81 57305 3 57327 5 57370 9 57397 17 57417 32 57478 79 57582 7 57625 11 57653 52 57735 77 57838 7 57880 12 57909 52 57991 69 58063 3 58093 8 58133 16 58165 52 58248 57 58309 3 58348 8 58387 18 58422 49 58503 58 58603 9 58643 19 58680 46 58759 59 58859 9 58899 18 58941 39 59014 60 59114 10 59155 18 59198 30 59229 5 59270 61 59369 9 59412 16 59455 29 59526 61 59625 7 59669 14 59712 28 59782 41 59825 18 59881 5 59925 13 59969 27 60038 41 60082 16 60182 11 60225 28 60294 41 60341 11 60380 2 60439 8 60482 8 60493 16 60553 40 60635 4 60663 7 60739 6 60750 14 60812 37 60890 5 60918 10 60997 2 61007 12 61068 37 61146 5 61171 13 61264 8 61324 38 61402 5 61426 14 61521 6 61581 36 61659 3 61682 14 61837 36 61915 2 61938 15 62093 35 62195 15 62350 34 62452 14 62496 2 62556 2 62613 26 62709 13 62751 5 62811 4 62870 25 62966 10 63006 8 63067 4 63126 25 63222 10 63261 11 63323 4 63383 24 63478 10 63516 13 63637 1 63639 24 63735 9 63767 24 63891 3 63896 22 63991 9 64022 26 64146 5 64153 21 64247 9 64278 26 64400 7 64410 20 64503 9 64534 26 64656 7 64667 20 64758 10 64790 25 64911 8 64924 19 64969 2 65013 11 65048 21 65167 9 65183 17 65224 4 65269 11 65309 14 65423 9 65440 16 65479 6 65524 12
169327,0 65536
187649,207 24 461 28 716 30 972 31 1228 32 1484 32 1740 32 1996 30 2252 28 2319 2 2325 2 2508 28 2574 10 2765 27 2829 12 3021 28 3085 12 3278 27 3341 12 3534 26 3598 11 3790 26 3854 9 4045 25 4111 7 4300 25 4368 5 4556 24 4625 3 4811 26 5067 26 5323 27 5579 26 5706 3 5814 6 5836 25 5959 8 6069 9 6092 24 6214 9 6325 10 6348 24 6470 10 6582 9 6603 25 6726 10 6839 8 6858 9 6868 17 6888 4 6982 10 7096 7 7113 36 7238 10 7354 5 7367 39 7495 9 7612 1 7622 41 7752 8 7762 2 7878 41 8010 4 8017 5 8134 41 8273 5 8391 40 8530 4 8647 22 8672 16 8786 4 8902 23 8930 15 9158 24 9192 11 9409 29 9449 12 9663 31 9705 13 9917 32 9962 13 10170 35 10218 14 10425 35 10474 15 10682 34 10731 15 10938 34 10988 15 11027 4 11193 34 11245 14 11282 6 11449 20 11470 12 11502 13 11538 6 11703 35 11763 8 11794 7 11958 36 12021 5 12049 8 12213 37 12277 3 12305 8 12468 38 12560 9 12724 38 12816 9 12979 39 13072 8 13235 39 13328 7 13491 39 13584 6 13750 36 13840 4 13971 5 14008 34 14096 3 14226 6 14265 24 14290 7 14352 1 14480 8 14522 21 14547 5 14608 1 14733 11 14778 21 14804 2 14987 13 15034 21 15090 4 15241 15 15289 21 15345 5 15494 19 15545 20 15600 6 15748 21 15802 16 15857 5 16004 21 16059 12 16113 5 16259 22 16317 9 16515 21 16575 5 16771 20 17027 17 17282 16 17538 15 17794 14 18050 12 18308 10 18566 7 18606 5 18823 5 18861 7 19117 8 19373 9 19412 3 19449 2 19629 10 19667 5 19703 5 19884 12 19922 7 19959 5 20140 12 20177 9 20215 5 20396 12 20433 9 20473 1 20651 12 20688 10 20906 12 20944 10 21161 12 21200 10 21417 10 21456 9 21672 10 21714 7 21928 9 21972 3 22049 4 22184 8 22305 4 22323 3 22441 6 22561 4 22577 6 22698 4 22816 5 22833 6 22936 4 23072 5 23088 9 23192 6 23327 7 23346 7 23447 8 23582 8 23604 4 23703 9 23838 8 23861 2 23960 8 24086 5 24093 8 24104 7 24114 1 24118 1 24216 9 24341 10 24358 13 24472 11 24574 2 24597 10 24614 12 24728 16 24829 3 24853 9 24868 15 24984 15 25062 9 25083 5 25108 10 25123 16 25151 3 25241 14 25316 13 25336 8 25363 12 25378 17 25404 8 25470 5 25497 14 25570 18 25590 10 25618 30 25660 8 25724 8 25753 14 25825 31 25872 34 25916 9 25933 2 25979 10 26009 15 26080 32 26127 35 26163 2 26172 9 26187 6 26235 11 26265 15 26335 33 26383 39 26427 21 26490 13 26522 14 26591 33 26639 40 26682 22 26745 15 26778 14 26847 33 26895 64 27001 17 27034 14 27103 33 27151 63 27256 19 27290 14 27358 34 27398 3 27407 63 27511 21 27547 13 27614 34 27651 7 27663 63 27766 22 27804 12 27870 34 27907 8 27918 64 28020 24 28060 11 28126 34 28163 75 28275 25 28316 11 28382 34 28419 74 28530 26 28573 9 28638 34 28673 76 28786 25 28829 8 28893 111 29042 10 29056 11 29086 6 29149 111 29266 4 29298 10 29313 9 29404 112 29522 4 29554 10 29571 5 29661 113 29777 5 29811 9 29917 113 30066 11 30174 112 30322 12 30431 111 30578 12 30687 111 30833 13 30944 110 31089 13 31135 5 31200 109 31345 13 31388 10 31456 109 31602 11 31642 12 31712 109 31859 5 31896 14 31968 110 32116 3 32152 13 32224 110 32407 14 32480 110 32664 11 32729 3 32737 109 32920 9 32983 6 32994 108 33178 5 33238 8 33250 108 33399 3 33493 10 33507 108 33654 5 33750 10 33762 109 33898 5 33909 6 34006 121 34152 9 34166 5 34263 120 34407 11 34422 4 34521 118 34648 3 34662 12 34778 117 34901 8 34918 12 35034 117 35156 9 35173 13 35224 8 35290 116 35412 10 35428 14 35478 11 35546 116 35667 11 35683 16 35732 14 35802 114 35923 10 35939 16 35985 18 36058 114 36178 11 36195 16 36240 19 36313 114 36434 10 36451 17 36495 21 36568 115 36690 9 36708 16 36751 23 36824 114 36948 5 36965 15 37006 26 37043 2 37080 115 37205 4 37221 15 37261 28 37298 4 37335 116 37461 4 37478 15 37516 31 37554 4 37591 117 37717 5 37734 15 37772 4 37777 29 37810 3 37847 117 37970 2 37973 6 37989 17 38028 3 38034 30 38103 117 38225 12 38245 17 38284 3 38290 30 38360 118 38481 14 38502 16 38540 4 38546 31 38617 117 38737 14 38758 16 38798 2 38801 32 38874 117 38995 12 39015 15 39054 35 39131 117 39251 11 39272 14 39311 35 39351 3 39388 116 39508 10 39530 12 39567 35 39606 5 39647 113 39763 11 39786 11 39822 37 39861 7 39906 110 40017 13 40031 5 40042 11 40077 38 40117 7 40165 107 40273 20 40298 11 40332 39 40373 7 40423 12 40436 112 40553 11 40587 39 40630 6 40681 8 40692 104 40797 7 40809 10 40842 40 40884 7 40950 90 41043 9 41054 6 41066 7 41098 38 41138 9 41206 88 41299 8 41310 7 41322 6 41354 36 41394 9 41463 87 41555 7 41567 6 41578 5 41610 36 41650 10 41721 1 41728 78 41812 5 41823 6 41834 4 41867 34 41906 10 41984 78 42079 7 42125 31 42163 9 42240 78 42335 7 42388 23 42420 6 42496 78 42578 3 42591 7 42644 23 42677 2 42752 78 42834 4 42846 7 42901 22 43008 77 43090 5 43101 8 43158 21 43264 56 43324 17 43346 6 43354 11 43415 3 43420 15 43520 49 43581 16 43603 17 43671 20 43776 48 43838 15 43859 17 43929 17 44032 48 44095 13 44115 17 44186 13 44288 47 44352 11 44371 17 44442 12 44544 47 44608 11 44627 17 44699 10 44800 47 44864 36 44955 8 45056 48 45106 7 45118 37 45212 6 45312 99 45470 2 45568 98 45824 97 46037 5 46080 96 46292 8 46336 94 46548 8 46592 94 46805 7 46817 2 46848 93 47069 9 47104 92 47325 10 47360 92 47581 11 47616 91 47838 9 47872 90 48095 5 48128 90 48337 9 48384 90 48592 12 48640 89 48815 3 48847 14 48896 84 49070 4 49103 15 49152 84 49242 1 49325 6 49358 16 49408 84 49495 4 49582 4 49613 18 49664 93 49839 2 49869 18 49920 94 50125 18 50176 94 50381 21 50432 94 50637 22 50688 93 50893 23 50944 93 51149 24 51200 93 51405 23 51456 93 51661 23 51712 93 51888 2 51916 22 51968 93 52142 5 52171 21 52224 89 52398 6 52427 17 52480 88 52654 6 52683 16 52736 89 52910 6 52940 13 52992 89 53167 5 53196 12 53248 89 53424 3 53455 1 53504 90 53760 91 53858 4 54016 92 54113 8 54272 92 54369 15 54528 93 54624 17 54784 94 54880 19 55040 94 55135 22 55296 118 55552 118 55808 118 56064 118 56320 119 56576 119 56832 120 57088 121 57344 121 57570 6 57600 122 57825 8 57841 3 57856 122 58081 9 58096 4 58107 1 58112 122 58336 10 58351 6 58360 6 58368 124 58592 11 58606 17 58624 125 58849 30 58880 125 59106 153 59363 152 59620 150 59878 147 60135 141 60292 3 60392 140 60548 4 60567 5 60585 4 60648 139 60804 6 60819 10 60839 7 60905 137 61047 6 61059 8 61073 13 61095 8 61162 136 61302 9 61314 10 61328 16 61350 10 61418 135 61558 23 61582 18 61606 10 61675 133 61813 9 61823 34 61863 9 61931 20 61952 112 62070 44 62120 8 62188 19 62208 112 62326 45 62377 7 62444 19 62464 113 62582 48 62634 6 62700 133 62838 49 62890 5 62956 135 63094 50 63169 2 63211 138 63351 11 63365 24 63390 10 63414 15 63467 139 63607 10 63619 37 63667 18 63723 139 63863 9 63875 37 63922 20 63978 140 64124 2 64130 38 64179 20 64234 140 64386 39 64435 21 64490 140 64641 42 64692 20 64744 142 64896 44 64948 20 64998 145 65152 44 65205 19 65254 21 65278 121 65407 46 65462 18 65509 21
190259,0 5 24 8 35 8 137 2 165 6 173 41 229 25 256 6 279 8 290 10 420 50 486 23 512 6 535 8 545 12 592 3 662 1 676 51 743 22 768 6 793 6 801 12 846 7 916 7 932 51 1000 20 1024 7 1043 3 1049 7 1057 12 1101 9 1171 9 1188 51 1256 19 1280 7 1297 6 1307 22 1355 12 1396 1 1426 12 1441 54 1511 20 1536 7 1550 10 1565 21 1587 1 1610 15 1652 1 1682 69 1767 19 1792 8 1805 12 1822 23 1865 17 1937 70 2023 9 2035 6 2048 8 2060 13 2078 2 2082 19 2119 20 2186 1 2191 71 2280 7 2292 4 2304 8 2315 15 2333 2 2339 3 2343 14 2374 22 2399 4 2442 2 2446 73 2537 5 2549 3 2560 8 2571 15 2589 2 2594 3 2599 13 2630 29 2697 79 2794 3 2816 28 2845 2 2849 5 2855 13 2886 30 2949 5 2955 77 3072 28 3107 2 3112 12 3142 31 3203 86 3328 27 3369 10 3397 32 3458 87 3584 27 3625 9 3653 33 3713 89 3840 27 3879 10 3908 34 3969 89 4096 28 4135 9 4164 34 4225 89 4352 29 4392 9 4421 34 4482 89 4609 28 4648 10 4677 34 4738 89 4865 29 4903 12 4934 33 4993 90 5098 4 5121 30 5158 13 5191 33 5249 91 5351 9 5376 1 5379 28 5414 13 5448 33 5509 88 5599 17 5632 1 5636 28 5669 13 5708 30 5766 107 5894 4 5900 20 5923 14 5963 31 6022 107 6157 12 6170 7 6179 11 6196 1 6215 3 6219 31 6277 108 6412 12 6426 19 6449 7 6468 38 6533 108 6667 12 6681 20 6704 9 6723 39 6788 109 6922 35 6959 10 6978 40 7043 91 7138 4 7144 9 7178 35 7215 11 7233 41 7297 93 7394 3 7401 8 7433 25 7461 21 7489 42 7551 95 7649 4 7658 7 7679 1 7688 24 7717 7 7725 13 7744 42 7806 103 7913 8 7935 1 7938 16 7958 10 7971 8 7983 11 7999 42 8062 105 8168 9 8193 16 8214 6 8221 14 8239 10 8255 41 8318 105 8424 9 8448 16 8471 4 8478 12 8495 10 8511 41 8573 106 8680 10 8704 15 8727 3 8735 11 8751 10 8765 43 8828 118 8960 13 8983 4 8992 11 9007 9 9023 41 9084 119 9216 12 9240 5 9248 11 9263 9 9279 41 9339 120 9472 12 9495 21 9520 8 9535 41 9595 111 9708 7 9728 12 9750 23 9777 7 9791 41 9851 112 9964 7 9984 14 10006 24 10033 6 10047 42 10108 118 10240 15 10261 25 10291 2 10302 34 10338 7 10367 115 10496 15 10517 26 10549 3 10557 36 10595 7 10624 75 10704 34 10752 15 10773 7 10781 19 10805 6 10813 37 10853 4 10880 75 10962 31 11008 15 11029 7 11037 19 11059 8 11069 37 11135 76 11218 31 11264 16 11286 27 11315 8 11325 37 11382 2 11390 77 11474 30 11520 19 11545 35 11581 37 11637 5 11646 78 11730 30 11776 21 11802 72 11892 7 11902 78 11986 15 12007 8 12032 23 12059 12 12073 57 12148 7 12159 76 12241 13 12263 7 12288 23 12320 7 12330 56 12404 7 12415 76 12496 13 12520 5 12544 23 12577 6 12586 56 12659 9 12670 14 12686 18 12705 42 12752 12 12776 4 12800 24 12833 6 12842 2 12845 54 12915 24 12942 17 12963 39 13008 12 13056 23 13089 6 13097 58 13171 11 13183 11 13198 17 13220 38 13265 10 13312 23 13345 67 13426 12 13439 10 13455 15 13477 36 13521 9 13568 17 13588 3 13600 68 13672 1 13682 20 13710 15 13735 33 13779 6 13824 14 13854 75 13938 19 13966 15 13992 31 14080 14 14109 76 14194 19 14222 6 14231 6 14249 30 14336 13 14355 4 14364 76 14449 19 14478 5 14488 5 14507 27 14592 13 14613 3 14619 21 14642 54 14706 18 14733 6 14744 5 14763 26 14848 13 14870 2 14875 21 14899 54 14962 18 14989 6 15000 5 15019 13 15033 12 15104 13 15130 22 15155 54 15218 17 15245 6 15257 4 15275 25 15360 13 15386 80 15475 3 15479 12 15500 7 15514 3 15531 25 15616 14 15642 74 15717 6 15732 2 15735 13 15757 6 15787 5 15796 17 15872 14 15898 73 15974 5 15991 13 16014 5 16052 17 16128 14 16154 73 16229 6 16246 13 16270 4 16310 15 16384 14 16410 22 16433 3 16437 45 16485 7 16501 13 16527 1 16567 14 16640 13 16666 22 16689 3 16693 45 16742 6 16760 8 16825 12 16896 13 16921 21 16948 9 16959 34 16998 6 17016 7 17083 8 17152 13 17177 21 17204 9 17215 34 17254 5 17273 5 17408 14 17433 21 17460 9 17476 29 17511 3 17531 3 17664 14 17689 22 17716 9 17734 26 17920 14 17945 22 17972 10 17991 24 18176 14 18202 21 18227 11 18247 23 18432 15 18458 21 18483 12 18502 23 18637 7 18688 15 18715 20 18738 14 18758 21 18925 5 18944 15 18972 20 18993 13 19007 2 19013 20 19156 4 19180 8 19200 15 19219 5 19227 21 19249 13 19270 17 19413 3 19436 9 19456 15 19474 43 19526 10 19538 1 19612 3 19669 3 19692 9 19712 60 19782 8 19867 5 19941 16 19967 45 20013 10 20037 8 20122 6 20196 18 20221 47 20270 5 20291 10 20378 6 20452 17 20477 46 20527 3 20539 3 20543 13 20631 9 20707 18 20733 47 20792 19 20887 9 20963 17 20989 23 21013 23 21047 18 21142 9 21218 16 21244 48 21300 21 21401 7 21474 13 21495 4 21500 48 21556 21 21658 6 21728 13 21749 55 21809 23 21915 4 21983 15 22003 57 22064 21 22171 3 22239 15 22258 59 22320 22 22343 2 22494 15 22513 79 22596 5 22666 4 22750 15 22768 79 22851 3 23006 14 23023 59 23085 16 23107 2 23261 11 23279 12 23294 64 23517 11 23534 65 23601 18 23708 6 23773 10 23790 64 23859 15 23963 7 24030 10 24045 65 24119 11 24131 3 24168 4 24218 8 24287 10 24298 67 24376 13 24424 5 24474 8 24544 27 24572 49 24633 12 24679 6 24730 8 24802 15 24818 2 24830 46 24889 11 24935 5 24986 7 25059 6 25069 1 25086 45 25145 11 25191 5 25241 7 25316 5 25343 43 25402 11 25474 2 25497 5 25571 7 25599 1 25601 41 25659 10 25694 1 25698 1 25730 3 25752 4 25826 9 25857 41 25916 8 25950 6 25985 4 26082 9 26113 41 26172 6 26206 7 26241 4 26338 10 26368 40 26409 2 26431 3 26462 7 26496 5 26595 7 26624 39 26665 2 26687 3 26692 1 26718 7 26752 5 26766 1 26880 29 26916 2 26973 9 27008 5 27136 3 27141 23 27229 9 27264 5 27397 22 27485 9 27521 5 27653 22 27741 8 27777 7 27909 22 27998 6 28034 9 28121 4 28167 19 28255 4 28290 11 28376 11 28423 18 28547 10 28631 13 28679 8 28689 7 28805 9 28886 15 28935 16 29065 7 29141 17 29191 16 29322 8 29396 19 29448 15 29578 9 29652 20 29704 16 29834 9 29907 22 29960 4 29969 7 30091 8 30163 24 30226 6 30340 4 30347 8 30420 25 30483 2 30595 5 30604 6 30676 25 30850 6 30861 5 30932 25 31106 6 31119 1 31189 24 31240 1 31363 4 31445 23 31703 19 31756 4 31966 11 32008 1 32010 7 32222 11 32264 10 32479 10 32519 10 32738 6 32771 14 33027 13 33203 10 33283 12 33457 14 33539 11 33713 15 33796 9 33970 14 34054 6 34226 14 34304 1 34311 4 34482 14 34560 2 34567 2 34739 13 34816 2 34995 13 35072 3 35253 11 35328 4 35333 1 35510 10 35584 6 35768 7 35840 6 35871 2 36028 2 36096 4 36116 1 36126 4 36352 2 36370 4 36381 5 36627 3 36636 6 36884 1 36892 6 37147 7 37402 8 37657 9 37898 4 37912 10 38153 7 38168 9 38409 9 38424 5 38665 10 38921 11 39158 5 39171 4 39178 10 39414 7 39425 6 39436 7 39669 9 39680 7 39693 5 39925 9 39936 7 39950 3 40181 10 40192 7 40437 10 40448 6 40694 15 40950 14 41206 14 41461 15 41591 3 41717 15 41847 4 41972 16 42052 4 42103 5 42228 16 42307 6 42360 5 42484 16 42563 7 42617 4 42741 16 42810 4 42818 9 42874 3 42997 16 43065 6 43073 11 43130 4 43252 17 43320 21 43386 4 43399 8 43494 3 43507 19 43575 23 43642 4 43652 13 43748 7 43762 19 43829 26 43898 5 43908 14 44004 7 44017 10 44028 9 44084 27 44155 4 44164 14 44254 14 44273 10 44284 9 44339 28 44412 3 44419 15 44508 16 44529 10 44541 2 44544 5 44595 27 44668 3 44675 14 44763 18 44786 8 44797 1 44800 5 44850 28 44924 3 44932 12 45018 19 45047 4 45053 1 45056 5 45106 27 45180 2 45188 12 45274 19 45303 6 45312 5 45341 3 45361 23 45444 12 45529 21 45559 6 45568 5 45595 6 45616 21 45701 13 45784 26 45814 9 45824 6 45850 8 45872 19 45948 1 45957 14 46040 27 46070 9 46080 6 46106 8 46127 19 46195 2 46203 2 46213 15 46296 27 46326 16 46361 10 46383 18 46450 4 46458 3 46469 16 46546 34 46582 16 46617 10 46639 16 46711 5 46725 17 46801 36 46838 16 46872 11 46895 14 46967 4 46981 17 47048 4 47056 37 47094 16 47122 17 47149 14 47235 19 47303 6 47312 53 47377 17 47400 17 47489 21 47558 7 47569 52 47632 17 47656 15 47744 21 47811 10 47826 3 47830 46 47887 17 47912 14 47999 21 48066 12 48087 45 48142 17 48166 16 48255 20 48320 14 48344 31 48376 11 48398 16 48420 18 48511 20 48571 19 48600 30 48632 11 48654 15 48672 23 48767 22 48826 19 48850 35 48889 8 48910 14 48927 25 49023 14 49041 5 49082 19 49104 37 49146 6 49167 14 49183 25 49280 12 49297 6 49338 19 49359 40 49402 6 49423 15 49439 26 49538 9 49553 6 49595 61 49658 6 49672 49 49795 8 49808 8 49852 68 49928 50 50052 6 50064 9 50108 68 50184 51 50308 4 50319 12 50336 4 50349 8 50365 67 50439 31 50471 20 50566 1 50575 23 50604 10 50621 62 50684 4 50695 29 50729 19 50830 24 50859 12 50876 68 50950 29 50986 18 51086 24 51115 12 51132 68 51205 30 51242 20 51342 24 51371 13 51389 1 51393 63 51460 31 51499 21 51598 7 51609 13 51630 12 51651 26 51680 16 51699 13 51716 30 51755 22 51853 6 51867 10 51888 11 51911 22 51936 14 51957 6 51966 2 51973 29 52011 23 52109 5 52124 8 52149 6 52168 21 52192 13 52215 3 52223 1 52230 28 52268 22 52306 3 52366 1 52380 8 52405 7 52425 21 52448 13 52471 3 52488 25 52525 21 52560 6 52596 1 52637 7 52661 7 52682 34 52728 2 52744 25 52781 21 52816 8 52851 4 52897 2 52918 6 52938 33 52984 2 53001 23 53037 21 53072 11 53105 7 53136 6 53176 4 53194 11 53206 21 53240 2 53257 21 53292 22 53327 14 53354 1 53360 8 53391 11 53450 32 53487 1 53497 2 53514 3 53521 12 53549 21 53583 15 53610 15 53646 14 53706 31 53741 4 53753 4 53758 2 53778 11 53805 21 53839 15 53865 16 53902 15 53962 31 53996 5 54009 7 54034 12 54062 20 54096 15 54121 16 54157 17 54191 1 54217 32 54250 7 54265 7 54291 12 54318 19 54352 14 54376 18 54412 18 54434 1 54472 42 54521 7 54548 12 54575 16 54609 13 54631 19 54667 18 54690 1 54728 42 54777 7 54805 12 54830 16 54866 10 54886 28 54923 17 54984 41 55036 4 55061 14 55083 9 55093 8 55124 6 55136 37 55179 16 55240 41 55317 16 55339 7 55351 5 55381 4 55391 38 55434 6 55444 6 55497 39 55573 17 55595 6 55638 3 55646 39 55689 7 55740 2 55753 39 55830 16 55895 5 55901 13 55915 25 55945 7 55996 2 56010 38 56087 15 56151 18 56175 19 56203 6 56252 2 56266 34 56311 6 56318 2 56343 15 56407 13 56432 17 56461 6 56507 3 56524 32 56565 11 56599 14 56663 13 56689 15 56719 5 56763 9 56781 32 56820 12 56856 11 56919 13 56946 10 56958 1 56975 5 57020 8 57037 32 57075 13 57113 6 57175 12 57203 9 57231 6 57276 8 57293 14 57312 13 57330 14 57432 12 57458 9 57488 5 57532 8 57549 11 57570 13 57584 16 57688 12 57713 10 57744 3 57787 9 57805 6 57827 29 57945 12 57965 3 57970 7 58042 10 58062 5 58085 10 58096 16 58202 11 58220 4 58226 4 58232 1 58297 11 58319 3 58342 9 58353 15 58456 12 58475 11 58552 12 58599 8 58610 14 58710 14 58731 11 58808 13 58855 8 58867 10 58879 1 58938 11 58964 17 58987 11 59065 12 59110 8 59127 5 59194 12 59219 19 59243 11 59277 4 59322 11 59365 9 59387 1 59450 13 59474 21 59501 9 59534 3 59578 11 59620 10 59705 46 59758 8 59790 5 59834 10 59876 9 59962 46 60013 9 60028 2 60048 3 60132 10 60147 6 60154 2 60218 47 60268 10 60283 4 60305 2 60345 1 60388 10 60401 12 60474 48 60523 11 60540 3 60599 4 60644 25 60732 58 60798 1 60850 11 60900 25 60989 56 61051 3 61102 16 61156 25 61247 47 61295 6 61306 3 61322 3 61358 6 61366 9 61412 25 61504 45 61552 4 61576 6 61615 4 61623 8 61668 27 61760 6 61767 8 61779 15 61795 9 61809 3 61830 8 61879 9 61923 18 61942 3 61946 6 62016 5 62025 4 62035 15 62051 7 62065 5 62086 8 62136 7 62179 18 62203 5 62272 4 62291 22 62320 7 62340 9 62392 7 62435 17 62460 4 62527 5 62547 22 62576 8 62597 8 62648 5 62691 17 62716 4 62782 4 62804 20 62830 10 62855 5 62904 4 62947 16 62973 3 63038 5 63059 14 63075 6 63086 11 63110 5 63160 5 63203 16 63229 3 63290 1 63293 7 63303 5 63315 14 63333 7 63341 12 63361 10 63415 6 63459 15 63487 1 63554 2 63559 5 63570 39 63672 13 63715 15 63814 6 63826 40 63868 1 63928 14 63971 15 64082 40 64184 14 64228 14 64337 41 64395 5 64441 14 64484 14 64590 24 64615 19 64651 5 64658 1 64694 18 64741 13 64846 21 64877 14 64906 11 64946 23 64998 12 65103 20 65136 13 65161 13 65201 25 65254 7 65292 1 65294 7 65359 19 65398 8 65416 14 65455 27 65511 4
191621,0 65536
191853,0 65536
192744,0 65 73 247 329 246 585 247 841 248 1097 249 1352 251 1607 1273 2881 255 3137 46333 49475 252 49732 251 49988 188 50181 57 50245 187 50439 55 50502 186 50696 53 50759 185 50952 7 50960 42 51018 182 51211 2 51217 39 51276 180 51473 38 51534 178 51730 37 51791 177 51986 37 52048 176 52242 38 52304 176 52498 38 52559 177 52755 37 52815 177 53012 36 53071 177 53268 36 53326 178 53532 27 53582 178 53788 27 53838 178 54044 26 54095 177 54288 9 54300 25 54353 175 54542 39 54611 173 54792 45 54869 171 55046 47 55126 170 55301 48 55381 171 55557 48 55637 171 55812 49 55892 172 56068 49 56147 173 56323 50 56401 175 56578 50 56655 229 56910 230 57166 231 57421 209 57633 20 57677 211 57889 20 57932 233 58188 234 58444 235 58700 236 58956 237 59213 237 59469 238 59725 238 59981 237 60237 237 60494 235 60750 233 61009 228 61266 226 61522 225 61779 222 62035 26 62066 45 62112 142 62291 23 62324 42 62368 137 62508 2 62547 22 62580 41 62624 137 62764 2 62803 22 62836 40 62879 146 63060 20 63091 40 63134 98 63243 38 63321 15 63346 40 63390 98 63500 37 63578 13 63602 40 63645 99 63757 37 63836 10 63857 41 63901 99 64013 37 64093 8 64113 143 64270 36 64352 4 64368 144 64526 35 64623 145 64783 34 64878 146 65039 4 65044 24 65135 145 65302 21 65391 145
196973,0 65536
217771,0 65536
222553,0 65536
222596,0 156 158 6 186 240 436 250 690 64846
227391,0 65536
232617,0 2 19 39 148 12 219 20 256 2 274 39 396 2 404 12 475 20 512 2 530 39 651 5 658 15 731 20 768 2 785 40 906 23 987 19 1024 2 1038 42 1162 24 1243 19 1280 2 1288 47 1418 25 1500 17 1536 2 1543 47 1674 25 1757 15 1792 1 1799 45 1930 25 2014 14 2048 1 2055 44 2186 25 2271 13 2311 32 2345 9 2442 25 2529 11 2567 31 2603 5 2698 25 2786 9 2823 31 2860 1 2885 4 2954 25 3044 7 3080 29 3139 12 3210 26 3305 1 3341 24 3395 14 3465 28 3598 23 3650 16 3722 28 3855 21 3906 17 3979 27 4112 9 4125 6 4162 18 4236 26 4370 5 4382 4 4411 25 4492 26 4666 27 4748 26 4922 27 5004 26 5120 1 5177 28 5261 26 5376 3 5430 30 5518 27 5632 3 5684 32 5776 25 5888 3 5938 34 6034 24 6144 3 6193 35 6291 22 6400 3 6449 38 6548 21 6656 2 6704 40 6805 20 6912 2 6961 40 7061 19 7168 1 7217 10 7229 28 7318 18 7472 10 7485 29 7576 16 7727 10 7741 29 7796 4 7835 1 7843 4 7982 12 7997 29 8051 6 8216 3 8236 14 8253 29 8306 7 8472 4 8490 16 8508 30 8560 9 8727 10 8745 49 8808 2 8814 10 8976 3 8984 11 9001 48 9063 16 9232 4 9241 11 9256 46 9304 1 9319 15 9487 5 9500 9 9511 8 9521 37 9560 1 9575 14 9743 6 9757 17 9778 36 9816 1 9831 13 10000 5 10013 17 10035 35 10071 3 10087 12 10256 5 10270 15 10291 39 10343 11 10513 4 10527 14 10547 35 10583 4 10600 10 10769 5 10783 12 10804 33 10839 5 10856 2 10859 7 11026 5 11039 7 11061 33 11095 5 11119 6 11182 2 11283 6 11295 6 11319 37 11375 8 11430 3 11437 3 11540 6 11552 4 11575 37 11629 11 11685 12 11777 1 11796 6 11808 2 11831 37 11884 12 11940 14 12032 7 12052 6 12087 37 12141 10 12196 14 12288 11 12308 6 12343 37 12397 3 12402 3 12451 15 12544 12 12563 7 12575 4 12599 15 12615 20 12654 1 12710 12 12800 13 12818 8 12829 7 12856 11 12871 19 12968 10 13056 12 13072 20 13115 7 13127 10 13140 5 13225 8 13312 12 13327 21 13372 5 13384 8 13398 3 13414 1 13481 5 13568 38 13616 1 13640 8 13668 3 13737 3 13824 40 13870 4 13896 10 13922 6 13994 1 14080 43 14125 6 14153 11 14176 8 14336 51 14410 11 14431 9 14592 28 14621 22 14666 11 14687 8 14848 27 14878 20 14923 11 14941 9 15104 27 15134 19 15178 8 15187 2 15196 8 15360 26 15391 16 15434 8 15444 1 15451 8 15616 26 15646 15 15688 9 15706 9 15872 27 15902 14 15943 10 15962 8 16128 26 16159 13 16199 10 16218 7 16384 26 16415 12 16454 11 16475 5 16640 26 16673 9 16710 12 16732 2 16896 25 16931 5 16966 12 17152 26 17222 12 17408 26 17478 14 17664 27 17733 16 17920 27 17989 18 18176 27 18245 20 18432 27 18464 7 18502 8 18512 10 18688 27 18719 8 18758 7 18768 10 18944 27 18974 9 19014 6 19024 11 19200 17 19218 10 19229 10 19270 21 19456 16 19475 9 19485 10 19526 21 19713 14 19733 7 19741 9 19783 18 19969 13 19991 4 19997 8 20039 16 20226 10 20254 6 20295 15 20322 2 20483 8 20511 5 20552 14 20578 3 20740 4 20767 4 20808 13 20835 2 21023 4 21064 10 21075 2 21088 1 21320 13 21576 14 21832 6 21841 7 21849 5 21855 2 22077 7 22086 7 22098 6 22105 5 22111 3 22331 18 22353 17 22586 19 22608 18 22841 20 22863 19 23097 41 23353 41 23419 4 23606 45 23655 4 23673 7 23860 55 23929 8 24112 60 24185 8 24368 60 24442 6 24624 62 24698 5 24710 3 24880 62 24955 3 24965 6 25136 61 25219 9 25391 60 25474 11 25646 3 25651 55 25730 13 25902 3 25907 54 25975 2 25986 14 26157 4 26162 50 26230 3 26241 6 26250 7 26413 54 26486 3 26497 5 26507 7 26669 54 26742 3 26752 6 26764 7 26925 54 27009 5 27020 7 27182 54 27252 1 27266 3 27276 8 27438 50 27489 3 27523 1 27531 9 27694 50 27745 3 27787 9 27950 50 28018 3 28042 10 28206 50 28273 5 28298 10 28462 50 28527 9 28543 5 28554 10 28680 10 28718 50 28782 14 28797 8 28809 12 28936 12 28974 50 29037 24 29065 12 29192 15 29230 50 29288 28 29321 12 29447 21 29486 51 29544 29 29577 11 29703 22 29743 50 29799 30 29834 2 29837 5 29958 23 29999 51 30054 32 30088 3 30093 5 30212 28 30252 1 30255 5 30262 44 30307 41 30350 4 30467 31 30502 12 30519 92 30723 32 30757 11 30775 7 30783 85 30979 46 31032 5 31039 88 31235 46 31289 4 31296 88 31491 46 31546 3 31552 88 31747 46 31803 3 31808 89 32003 46 32059 94 32259 47 32314 96 32515 49 32570 96 32771 151 33026 152 33280 154 33536 154 33792 154 34048 153 34304 153 34560 153 34816 154 35072 154 35328 153 35584 152 35840 149 36096 148 36352 148 36608 138 36750 5 36864 137 37120 137 37376 116 37497 16 37632 114 37749 3 37753 17 37888 113 38004 5 38011 17 38144 112 38259 6 38268 16 38400 102 38503 17 38524 16 38656 102 38759 17 38781 15 38912 110 39025 8 39037 15 39168 110 39281 8 39293 8 39304 1 39424 110 39538 6 39549 8 39680 109 39796 4 39804 8 39936 108 40059 9 40192 107 40313 10 40448 107 40569 10 40704 106 40825 9 40960 106 41081 7 41216 106 41337 7 41472 107 41593 7 41728 107 41840 1 41850 5 41984 96 42081 10 42095 3 42106 4 42240 96 42337 10 42350 4 42496 88 42588 3 42595 8 42607 3 42752 88 42851 9 42862 3 43008 87 43108 8 43118 3 43264 87 43364 8 43374 3 43520 88 43621 11 43776 88 43878 10 44032 88 44134 10 44288 89 44390 11 44544 89 44647 10 44801 89 44903 10 45057 92 45160 8 45312 94 45415 9 45568 95 45668 1 45671 9 45824 95 45924 12 46080 95 46180 11 46336 94 46436 9 46592 90 46692 6 46848 32 46884 54 47104 31 47141 54 47360 27 47397 54 47616 25 47654 53 47872 24 47910 54 48128 18 48149 4 48167 54 48384 16 48405 6 48423 54 48641 27 48679 54 48897 27 48935 53 49152 30 49188 55 49408 3 49413 26 49442 57 49664 2 49670 5 49678 25 49707 54 49920 2 49927 2 49935 23 49963 56 50176 2 50192 22 50220 56 50432 1 50449 20 50476 56 50706 19 50732 59 50954 3 50964 16 50988 61 51209 5 51221 4 51227 8 51242 64 51465 6 51483 7 51497 5 51504 58 51721 7 51739 7 51753 3 51761 58 51977 7 51995 6 52018 58 52233 6 52253 3 52274 58 52490 4 52531 58 52786 58 53042 35 53083 16 53299 34 53339 15 53557 28 53587 2 53596 12 53816 21 53840 4 53852 10 54073 17 54095 4 54109 8 54330 9 54349 6 54366 6 54578 1 54586 8 54605 6 54842 1 54861 5 55117 4 56832 9 57088 10 57104 4 57344 21 57406 4 57600 22 57661 9 57856 22 57916 11 58112 23 58154 4 58172 12 58368 23 58409 8 58428 12 58624 23 58664 9 58684 12 58880 23 58920 9 58940 12 59137 22 59176 8 59197 10 59394 14 59433 6 59454 6 59652 5 59689 6 59713 2 59945 6 59967 8 60200 7 60215 19 60453 12 60469 23 60708 41 60964 41 61220 41 61477 40 61734 40 61990 40 62247 27 62277 9 62503 27 62533 10 62759 26 62789 10 63017 2 63022 19 63046 8 63279 17 63303 6 63536 15 63792 10 64049 6 64306 4 64771 3 65026 5 65281 7 65449 3
238364,41231 2 41485 4 41740 6 41995 7 42251 8 42499 6 42507 8 42753 18 43008 19 43264 19 43520 19 43776 19 44032 18 44288 17 44544 17 44800 16 45056 15 45312 14 45329 3 45568 23 45824 24 46080 25 46336 10 46349 13 46592 9 46605 14 46848 8 46862 13 47104 7 47119 12 47360 6 47376 11 47616 1 47633 10 47892 6 48150 3 48646 4 48901 6 49156 9 49170 3 49412 18 49667 20 49923 20 50179 20 50435 20 50690 21 50947 7 50957 11 51204 3 51213 11 51469 11 51727 7 51985 5 54528 1 54784 1 55040 1 55296 1
243578,32509 3 32764 4 33011 7 33020 4 33263 17 33517 19 33772 20 34026 22 34273 3 34282 22 34528 32 34769 4 34778 38 35016 3 35025 5 35032 40 35270 5 35281 47 35523 8 35537 47 35778 9 35790 50 36034 62 36289 63 36544 64 36800 64 37054 66 37306 70 37560 72 37813 75 38062 82 38316 84 38569 87 38823 89 39078 90 39333 91 39588 92 39836 3 39844 92 40089 8 40099 93 40344 104 40596 108 40850 110 41105 111 41359 113 41614 114 41869 115 42123 117 42377 119 42632 120 42886 122 43138 126 43391 129 43645 131 43896 136 44150 138 44403 141 44655 145 44909 147 45163 149 45418 150 45673 151 45928 152 46181 155 46433 159 46685 163 46939 165 47193 167 47446 170 47699 173 47952 176 48204 180 48458 182 48706 190 48961 191 49215 193 49469 195 49723 197 49978 198 50231 201 50484 204 50738 206 50990 210 51246 210 51485 2 51501 211 51742 1 51757 211 51998 1 52012 212 52254 1 52269 211 52492 11 52510 1 52524 212 52747 13 52780 212 53001 17 53023 2 53035 213 53254 23 53279 2 53290 214 53508 26 53535 3 53541 219 53763 31 53795 221 54019 253 54274 11262
246195,0 16639 16640 255 16896 255 17152 255 17408 1535 18944 255 19200 255 19456 255 19712 255 19968 254 20224 254 20480 254 20736 254 20992 254 21248 255 21504 1868 23374 251 23631 249 23888 247 24145 245 24401 245 24658 244 24914 244 25170 106 25278 135 25425 105 25535 132 25681 105 25791 130 25928 3 25936 76 26014 28 26046 130 26184 82 26271 27 26300 132 26440 80 26527 160 26695 79 26784 159 26952 78 27040 159 27208 69 27296 159 27464 68 27539 3 27557 153 27720 67 27795 5 27815 152 27976 67 28051 5 28063 1 28074 150 28231 68 28306 7 28318 4 28334 147 28486 69 28563 5 28574 5 28590 147 28742 69 28820 4 28830 5 28845 149 28997 70 29086 6 29098 225 29343 5 29351 228 29601 1 29606 230 29861 231 30116 131 30249 100 30370 131 30513 92 30624 133 30771 1 30776 86 30879 132 31032 87 31135 131 31288 88 31391 130 31544 88 31647 130 31800 89 31903 129 32056 90 32160 127 32312 91 32416 123 32567 93 32672 121 32823 96 32929 115 33079 97 33184 113 33334 100 33435 114 33590 202 33797 6 33846 202 34056 1 34101 203 34356 204 34611 205 34833 6 34843 2 34865 207 35086 17 35118 210 35341 20 35372 212 35596 21 35626 214 35844 5 35851 23 35881 135 36018 77 36099 32 36136 215 36353 34 36392 215 36608 36 36647 216 36864 255 37120 255 37376 255 37632 9982 47616 214 47836 33 47872 212 48092 31 48128 212 48348 31 48384 211 48605 29 48640 209 48862 27 48896 183 49083 21 49120 19 49140 4 49152 183 49340 18 49383 10 49408 184 49596 17 49643 5 49664 184 49853 15 49920 185 50110 3 50176 185 50432 184 50688 184 50944 184 51200 184 51456 184 51646 1 51712 194 51968 195 52224 195 52480 195 52736 194 52992 194 53248 191 53504 189 53760 176 53937 10 54016 175 54194 8 54272 174 54450 7 54528 173 54707 5 54784 173 55040 173 55296 173 55552 172 55808 172 56064 171 56320 170 56576 168 56832 168 57088 165 57344 164 57600 164 57856 166 58112 167 58368 168 58624 161 58786 7 58880 160 59044 5 59136 160 59301 3 59392 159 59648 159 59904 86 59993 69 60160 86 60250 67 60416 86 60507 66 60672 86 60763 66 60928 86 61020 64 61184 86 61277 62 61440 86 61535 59 61696 85 61792 21 61822 27 61952 85 62049 5 62080 24 62208 85 62339 20 62464 84 62596 17 62720 84 62852 16 62976 82 63109 11 63232 81 63366 8 63488 80 63624 4 63744 79 64000 79 64256 79 64512 7 64522 69 64769 5 64779 6 64788 58 65044 58 65300 58
246347,48 3 62 3 90 3 99 11 118 6 148 6 159 17 195 5 303 4 346 4 352 1 355 10 374 5 404 6 415 18 450 6 559 4 602 18 631 4 660 6 671 18 706 6 814 5 826 5 857 18 916 5 927 18 962 4 1070 5 1082 6 1113 17 1172 4 1183 18 1219 2 1326 4 1339 6 1369 16 1439 17 1479 1 1582 4 1596 7 1625 16 1696 15 1734 7 1838 4 1854 7 1881 15 1952 13 1991 8 2095 3 2104 1 2110 8 2136 16 2208 12 2247 10 2335 1 2351 3 2358 3 2367 7 2392 16 2465 9 2504 11 2588 4 2607 11 2623 7 2648 16 2712 3 2720 8 2761 11 2841 6 2863 10 2879 7 2904 16 2966 7 2975 8 3017 11 3096 8 3119 10 3136 6 3160 15 3218 21 3273 12 3352 10 3375 8 3393 4 3416 13 3473 23 3529 15 3608 11 3631 7 3650 3 3672 11 3728 24 3768 4 3785 15 3865 10 3887 5 3907 2 3928 10 3984 23 4022 7 4042 14 4121 10 4143 5 4184 10 4240 10 4251 12 4271 15 4299 12 4378 9 4398 5 4440 9 4495 9 4507 11 4526 16 4581 3 4634 9 4654 5 4696 9 4751 8 4764 9 4782 16 4837 4 4890 9 4909 6 4952 8 5006 7 5020 7 5038 17 5093 5 5146 10 5164 7 5208 7 5262 6 5276 5 5294 17 5349 5 5402 12 5419 8 5464 7 5518 6 5532 4 5550 17 5605 5 5658 25 5721 5 5775 4 5787 5 5806 17 5861 5 5913 24 5976 6 6042 7 6052 2 6062 17 6117 5 6169 21 6232 5 6296 10 6308 2 6318 17 6373 4 6425 17 6488 4 6552 13 6574 16 6682 16 6744 3 6756 6 6807 13 6830 16 6938 15 7012 7 7062 13 7086 15 7194 15 7268 8 7318 13 7342 15 7450 16 7525 8 7573 14 7598 15 7706 16 7781 9 7824 19 7854 15 7962 16 8037 9 8079 19 8110 14 8131 1 8218 15 8293 9 8326 5 8334 20 8366 13 8386 4 8474 15 8549 9 8581 24 8608 6 8622 7 8641 5 8666 2 8730 15 8804 10 8836 24 8864 8 8878 6 8896 7 8921 5 8986 13 9060 10 9091 25 9119 9 9134 6 9150 9 9176 7 9241 11 9316 10 9346 26 9374 11 9390 6 9406 8 9432 7 9497 10 9572 10 9601 27 9629 12 9647 9 9661 9 9687 9 9753 9 9828 10 9856 42 9903 9 9917 9 9943 9 10009 9 10084 10 10098 8 10112 42 10159 9 10172 9 10198 11 10265 9 10341 69 10415 9 10427 10 10454 11 10522 7 10598 26 10625 40 10671 6 10682 10 10710 11 10778 7 10855 66 10927 5 10938 10 10966 10 11034 6 11112 4 11117 60 11184 4 11192 13 11222 10 11291 4 11373 60 11441 3 11448 13 11477 10 11548 1 11628 61 11696 22 11732 10 11884 61 11952 23 11988 9 12140 61 12207 24 12245 7 12396 60 12462 25 12501 6 12653 60 12717 26 12759 2 12909 60 12970 29 13166 89 13410 5 13422 89 13655 8 13665 6 13679 88 13909 18 13935 13 13949 3 13957 66 14163 20 14192 9 14209 69 14418 20 14448 8 14465 7 14475 59 14545 2 14674 21 14703 9 14720 8 14731 58 14800 5 14930 21 14958 11 14976 8 14987 57 15055 7 15187 21 15214 11 15233 66 15310 9 15443 21 15470 11 15489 65 15566 9 15699 20 15727 9 15742 67 15821 10 15955 20 15983 9 15997 67 16076 10 16211 19 16240 7 16253 67 16330 12 16468 17 16497 5 16508 68 16584 13 16724 16 16764 68 16840 13 16875 3 16880 5 16982 14 17020 69 17095 14 17130 12 17244 7 17277 68 17350 15 17384 15 17502 4 17534 67 17606 14 17639 16 17792 15 17809 47 17862 14 17895 15 18049 9 18066 45 18119 13 18151 14 18306 6 18323 7 18331 37 18376 12 18408 24 18563 5 18580 4 18588 36 18633 4 18638 6 18664 24 18820 2 18846 35 18896 4 18921 23 19103 20 19124 14 19177 23 19359 18 19381 13 19433 23 19616 16 19638 12 19689 23 19873 15 19896 10 19943 25 20130 12 20155 6 20198 26 20387 10 20412 4 20454 26 20644 6 20668 4 20709 27 20902 3 20965 27 21221 27 21477 30 21733 30 21989 31 22245 32 22502 31 22760 30 23020 27 23277 26 23533 26 23790 13 23808 7 24047 10 24064 7 24305 1 24320 7 24576 7 24832 7 25045 3 25088 8 25299 6 25344 8 25555 6 25600 8 25798 7 25810 7 25856 7 26054 7 26067 5 26112 7 26309 9 26324 3 26368 7 26565 9 26624 7 26821 9 26880 8 27077 9 27136 10 27332 11 27392 12 27588 11 27648 14 27843 12 27883 5 27904 15 28100 10 28138 6 28160 16 28357 3 28394 6 28416 17 28649 8 28671 20 28905 8 28922 26 29161 8 29173 16 29191 13 29416 9 29428 17 29447 13 29672 9 29682 19 29704 12 29928 29 29960 12 30185 29 30217 11 30448 22 30474 9 30704 23 30734 2 30961 23 31217 24 31473 24 31729 24 31986 6 31996 13 32230 3 32243 3 32253 12 32485 6 32509 14 32741 7 32768 12 32996 8 33024 16 33251 9 33280 17 33507 10 33536 17 33763 10 33792 17 34020 9 34048 18 34276 7 34304 18 34533 4 34560 18 34816 19 35072 19 35328 19 35584 18 35840 16 36096 15 36352 14 36608 14 36864 14 37120 15 37376 15 37632 15 37888 15 38144 16 38400 16 38656 16 38912 15 39168 15 39424 15 39680 15 39936 15 40192 15 40448 15 40704 15 40960 13 41216 14 41472 14 41728 16 41984 17 42240 18 42496 19 42752 21 43008 20 43264 20 43520 20 43776 20 44032 20 44288 20 44544 20 44800 20 45056 20 45312 20 45568 20 45824 20 46080 20 46336 19 46592 19 46848 19 47104 19 47360 18 47617 16 47873 15 48130 13 48389 9 48646 8 48904 4 50206 5 50452 6 50461 7 50707 18 50962 19 51218 19 51474 19 51731 18 51987 18 52248 13 52505 12 52762 11 53020 8 53282 2 53538 1 53794 1 54016 1 54050 1 54787 5 54816 1 55042 7 55072 1 55297 8 55552 10 55592 1 55808 13 56064 14 56320 15 56576 15 56832 16 57088 16 57344 16 57600 16 57856 16 58112 16 58270 2 58368 16 58526 3 58624 16 58782 3 58880 16 59136 16 59392 16 59648 17 59904 17 60160 17 60234 6 60322 3 60416 17 60489 13 60577 5 60672 17 60744 15 60832 7 60928 17 61000 16 61087 8 61184 17 61257 15 61343 8 61440 18 61519 9 61599 8 61696 19 61738 1 61777 6 61856 7 61952 22 61992 15 62034 4 62112 7 62208 24 62247 20 62368 7 62464 26 62503 21 62624 6 62720 29 62758 23 62881 5 62976 30 63013 26 63136 6 63232 32 63269 27 63392 6 63488 32 63524 30 63640 4 63647 6 63668 4 63744 66 63856 4 63895 14 63923 6 64000 66 64111 5 64149 16 64176 9 64256 65 64366 7 64403 17 64431 10 64512 64 64622 7 64658 17 64686 11 64768 38 64812 20 64878 6 64913 17 64941 13 65024 38 65070 17 65135 4 65170 12 65196 14 65280 38 65328 14 65392 2 65427 10 65452 17
250616,0 65536
252446, 
254228,0 45567 45568 254 45824 253 46080 252 46336 252 46592 252 46848 252 47104 253 47360 253 47616 255 47872 17664
255130,0 65536
255132,0 173 199 25 256 171 455 24 512 170 710 24 768 169 965 24 1024 136 1163 25 1219 26 1280 132 1420 24 1474 27 1536 131 1676 24 1729 27 1792 131 1932 16 1951 3 1985 27 2048 131 2188 15 2241 27 2304 131 2445 13 2498 25 2560 131 2701 12 2755 24 2816 131 2957 11 3012 23 3072 129 3213 10 3268 23 3328 129 3468 9 3520 26 3584 130 3724 8 3773 27 3840 131 3979 15 4028 23 4096 132 4235 15 4283 22 4352 153 4539 21 4608 153 4796 11 4808 7 4864 152 5055 4 5110 2 5120 152 5365 5 5376 151 5605 1 5620 6 5632 150 5843 3 5860 4 5876 7 5888 149 6099 3 6115 7 6129 12 6143 149 6355 3 6371 8 6384 164 6626 177 6882 177 7138 177 7394 177 7650 177 7906 177 8163 176 8420 174 8678 167 8848 1 8935 165 9191 164 9447 162 9654 2 9703 161 9900 3 9909 4 9959 161 10155 5 10215 161 10411 5 10471 161 10666 5 10719 2 10726 162 10922 5 10973 6 10982 162 11179 3 11228 172 11483 173 11738 174 11994 174 12249 175 12504 176 12759 177 13013 178 13267 180 13523 179 13778 179 14034 178 14290 177 14545 177 14801 171 14975 2 15056 170 15312 151 15465 7 15473 8 15567 32 15610 111 15730 6 15823 36 15865 112 15986 6 16079 36 16120 110 16243 4 16334 37 16376 110 16589 38 16632 111 16844 39 16887 113 17020 2 17099 40 17143 113 17271 11 17355 40 17399 114 17525 15 17610 41 17655 115 17780 17 17801 6 17866 41 17910 116 18035 29 18121 42 18166 118 18289 32 18376 202 18631 203 18886 204 19141 204 19397 202 19652 202 19907 201 20162 200 20418 53 20472 145 20673 54 20728 144 20930 189 21122 4 21186 189 21442 189 21699 189 21956 189 22212 189 22468 189 22724 188 22979 50 23032 134 23235 49 23289 131 23490 49 23545 130 23746 47 23802 128 24003 46 24057 129 24259 46 24313 128 24517 44 24568 127 24775 42 24824 123 25030 44 25078 124 25285 45 25333 125 25540 174 25796 174 26051 157 26209 18 26294 2 26307 46 26354 109 26467 16 26547 5 26563 46 26611 107 26723 16 26802 7 26819 45 26868 106 26981 14 27056 10 27072 49 27124 105 27237 14 27311 66 27380 105 27494 12 27566 67 27636 105 27752 6 27821 68 27891 107 28010 1 28076 68 28147 108 28331 68 28403 109 28586 70 28658 110 28842 182 29098 183 29354 182 29610 182 29866 181 30121 181 30369 3 30377 180 30624 6 30633 179 30879 7 30889 179 31134 9 31144 179 31390 190 31645 191 31900 193 32155 194 32410 68 32482 123 32666 66 32738 122 32921 65 32994 118 33176 63 33249 115 33431 64 33504 115 33686 64 33759 116 33942 64 34014 117 34198 63 34270 117 34454 60 34526 117 34710 59 34781 119 34901 4 34965 59 35037 125 35221 48 35272 8 35292 94 35389 30 35476 48 35531 5 35548 93 35646 29 35731 49 35804 92 35903 28 35987 49 36060 91 36160 27 36243 49 36315 91 36419 7 36429 13 36499 48 36570 92 36687 10 36755 48 36826 91 36946 4 37011 47 37081 91 37267 47 37337 90 37524 46 37592 90 37780 46 37849 88 38036 46 38105 88 38292 46 38362 87 38548 45 38620 85 38804 45 38877 84 39052 2 39060 45 39134 83 39293 10 39306 6 39316 45 39390 84 39548 20 39572 45 39646 83 39803 22 39829 44 39903 82 40059 22 40085 43 40161 79 40313 25 40342 40 40418 71 40493 2 40566 28 40601 36 40675 69 40749 2 40820 31 40857 36 40931 69 41003 4 41075 32 41113 36 41186 77 41328 35 41369 36 41442 78 41580 40 41625 36 41697 79 41835 42 41882 36 41953 73 42027 4 42090 44 42138 37 42209 73 42346 45 42394 37 42465 73 42602 45 42651 36 42720 73 42857 45 42907 37 42976 72 43110 48 43164 36 43231 72 43364 50 43420 36 43486 72 43619 51 43677 35 43742 72 43874 52 43932 36 43997 73 44124 59 44187 37 44253 73 44377 62 44443 37 44509 74 44628 65 44698 38 44765 75 44882 66 44953 38 45021 76 45137 66 45209 37 45277 76 45393 65 45465 36 45533 77 45648 66 45721 28 45789 76 45903 67 45977 27 46046 75 46159 68 46233 26 46302 75 46414 70 46489 23 46559 74 46670 70 46746 21 46815 74 46924 72 47003 20 47043 1 47071 74 47180 72 47260 2 47267 11 47292 10 47327 74 47435 73 47524 10 47547 12 47583 75 47691 73 47781 8 47798 18 47840 74 47946 74 48038 7 48052 21 48096 74 48171 5 48201 74 48297 2 48303 26 48351 82 48438 5 48457 74 48557 29 48607 83 48692 11 48712 73 48811 32 48863 97 48967 73 49051 4 49067 34 49120 176 49307 5 49323 35 49376 178 49563 5 49578 37 49633 178 49819 5 49834 37 49890 179 50075 5 50089 38 50146 179 50331 5 50345 37 50403 179 50588 2 50601 37 50659 179 50857 37 50916 178 51113 36 51172 178 51370 34 51434 173 51626 34 51691 20 51712 151 51881 34 51947 20 51968 151 52136 34 52204 18 52224 152 52387 39 52461 16 52480 152 52641 41 52718 15 52736 152 52896 42 52974 13 52992 152 53151 44 53231 9 53248 152 53407 45 53488 6 53504 130 53635 20 53663 46 53746 3 53760 130 53893 18 53919 47 54016 130 54156 10 54174 48 54272 130 54413 9 54428 28 54460 18 54528 130 54670 9 54682 29 54721 13 54784 130 54927 39 54977 13 55040 129 55183 38 55233 13 55296 129 55440 37 55489 12 55552 128 55696 37 55745 12 55808 89 55899 37 55953 37 56001 12 56064 88 56157 35 56210 36 56257 12 56320 88 56411 37 56466 39 56512 13 56576 83 56661 42 56722 40 56767 15 56832 84 56917 42 56977 41 57022 16 57088 126 57232 43 57277 17 57344 126 57488 42 57532 18 57600 126 57744 42 57788 18 57856 127 58000 41 58044 18 58112 128 58257 40 58301 17 58368 129 58514 39 58558 16 58624 129 58771 38 58815 15 58880 80 58963 19 58985 24 59027 37 59070 17 59136 79 59219 17 59241 23 59284 36 59326 18 59392 77 59476 7 59487 4 59498 22 59540 36 59581 19 59648 76 59734 4 59755 20 59796 35 59836 20 59904 75 60015 15 60052 36 60092 19 60160 75 60273 13 60308 36 60347 19 60416 74 60530 11 60564 36 60603 18 60672 74 60789 7 60821 36 60858 18 60928 74 61078 54 61184 74 61334 53 61440 75 61592 51 61696 75 61851 48 61952 75 62109 45 62208 76 62366 43 62464 75 62629 36 62702 4 62720 75 62886 34 62957 6 62976 74 63143 33 63212 6 63232 74 63399 33 63467 7 63488 74 63655 35 63723 7 63744 74 63911 36 63978 9 64000 73 64167 37 64234 9 64245 6 64256 73 64423 38 64490 9 64500 85 64679 38 64745 95 64936 38 64998 98 65192 38 65253 99 65449 37 65508 28
255544,0 17408 17409 255 17666 254 17922 254 18179 253 18435 253 18691 253 18947 253 19204 252 19460 252 19717 251 19973 251 20229 251 20486 250 20742 250 20999 249 21255 249 21511 249 21767 249 22024 248 22280 248 22537 247 22793 247 23049 247 23305 247 23561 247 23818 246 24075 245 24331 245 24588 244 24844 244 25101 243 25357 243 25613 243 25869 243 26125 243 26382 242 26638 242 26894 242 27151 241 27407 241 27663 241 27920 240 28176 240 28433 239 28689 239 28946 238 29202 238 29458 238 29714 238 29971 237 30227 237 30483 237 30739 237 30996 236 31252 236 31508 236 31765 235 32021 235 32277 235 32534 234 32790 234 33046 234 33303 233 33559 233 33815 233 34071 233 34328 232 34584 232 34841 231 35097 231 35354 230 35610 230 35866 230 36122 230 36379 229 36635 229 36892 228 37148 228 37404 228 37660 228 37917 227 38173 227 38430 226 38687 225 38943 225 39199 225 39455 225 39712 224 39969 223 40225 223 40482 222 40738 222 40994 222 41250 222 41506 222 41763 221 42019 221 42275 221 42531 221 42788 220 43044 220 43300 220 43556 220 43813 219 44069 219 44325 219 44582 218 44838 218 45094 218 45350 218 45607 217 45863 217 46119 217 46376 216 46633 215 46889 215 47145 215 47402 214 47658 214 47914 214 48171 213 48427 213 48683 213 48940 212 49196 212 49452 212 49709 211 49965 211 50221 211 50478 210 50734 210 50990 210 51247 209 51503 209 51759 209 52016 208 52272 208 52528 208 52785 207 53041 207 53298 206 53554 206 53810 206 54066 206 54323 205 54579 205 54835 205 55092 204 55348 204 55604 204 55861 203 56117 203 56373 203 56630 202 56886 202 57142 202 57399 201 57655 201 57912 200 58168 200 58424 200 58680 200 58937 199 59193 199 59449 199 59706 198 59962 198 60218 198 60475 197 60731 197 60987 197 61244 196 61500 196 61756 196 62013 195 62269 195 62525 195 62782 194 63038 194 63294 194 63551 193 63807 193 64063 193 64320 192 64576 192 64832 192 65089 191 65345 191
260940,0 50 52 17 91 24 222 2 230 13 256 50 309 16 348 22 442 4 477 5 486 13 512 51 564 16 606 18 697 7 733 6 742 12 768 67 863 15 952 10 988 7 998 11 1024 64 1119 12 1209 10 1230 4 1243 10 1254 9 1280 62 1375 3 1465 10 1485 6 1499 19 1536 60 1632 1 1722 9 1741 7 1755 17 1792 60 1979 9 1997 7 2010 18 2048 9 2059 49 2236 7 2246 2 2254 6 2266 18 2304 9 2318 13 2333 30 2493 3 2510 6 2521 21 2560 8 2575 11 2589 28 2767 5 2777 22 2816 6 2830 10 2845 24 3024 3 3034 22 3072 1 3086 10 3100 25 3174 1 3281 1 3291 22 3337 1 3342 10 3356 23 3430 1 3547 22 3590 4 3599 9 3611 24 3685 2 3714 3 3803 22 3845 4 3856 5 3867 24 3969 5 4058 23 4100 5 4112 5 4123 24 4222 9 4314 22 4349 2 4356 5 4379 23 4468 20 4570 21 4605 3 4613 4 4636 22 4723 22 4826 6 4836 11 4860 4 4869 5 4892 22 4915 2 4978 23 5096 6 5117 3 5125 5 5148 25 5233 25 5326 6 5355 1 5373 3 5380 6 5404 24 5489 15 5505 9 5581 9 5631 1 5635 7 5650 2 5660 23 5746 8 5762 8 5836 11 5892 6 5906 4 5916 22 6004 5 6013 3 6017 9 6091 15 6150 4 6162 5 6173 20 6268 14 6346 17 6406 3 6418 5 6429 9 6439 9 6524 15 6601 20 6662 3 6675 3 6687 6 6696 7 6780 15 6857 20 6919 2 6944 2 6952 7 7036 16 7114 19 7175 1 7209 4 7292 16 7345 3 7371 18 7548 15 7600 6 7629 16 7798 21 7855 7 7887 13 8052 23 8110 9 8150 7 8306 24 8366 10 8406 8 8560 26 8621 11 8662 9 8800 3 8816 26 8871 17 8918 10 8965 3 9053 7 9071 27 9126 18 9175 10 9221 3 9308 8 9320 2 9327 28 9381 19 9431 10 9477 2 9564 8 9575 36 9636 19 9688 9 9820 8 9830 37 9892 18 9945 7 10075 47 10148 17 10202 6 10331 47 10403 17 10458 6 10588 45 10658 18 10711 10 10834 2 10838 1 10844 44 10914 17 10966 11 11089 8 11099 45 11170 15 11221 13 11343 11 11355 44 11426 14 11477 13 11597 13 11612 4 11621 33 11684 2 11690 3 11733 14 11853 13 11870 1 11877 33 11989 15 12108 13 12132 33 12244 17 12364 13 12387 34 12500 17 12619 14 12642 35 12755 18 12874 15 12897 35 13010 20 13130 15 13152 36 13266 19 13390 15 13407 36 13522 19 13640 3 13647 52 13778 19 13896 2 13905 50 14034 19 14150 2 14165 46 14290 20 14405 3 14422 29 14453 14 14546 22 14662 1 14681 26 14709 14 14803 22 14937 26 14965 14 15002 3 15060 21 15193 41 15246 4 15257 5 15319 18 15343 4 15448 1 15453 36 15499 8 15512 7 15576 17 15599 6 15615 1 15701 6 15712 4 15719 26 15754 10 15767 8 15833 16 15855 7 15869 3 15926 1 15929 2 15955 8 15976 25 16010 10 16022 9 16090 16 16111 8 16122 6 16186 1 16210 9 16239 16 16266 21 16340 2 16346 18 16367 17 16465 10 16496 12 16521 22 16593 28 16624 16 16720 10 16752 12 16777 23 16848 30 16882 14 16976 9 17009 12 17024 1 17033 24 17103 31 17140 12 17232 7 17266 16 17288 27 17358 32 17397 11 17488 6 17523 17 17544 29 17611 34 17654 10 17780 51 17839 3 17866 34 17910 10 18037 51 18094 5 18119 34 18166 10 18252 5 18293 52 18351 4 18373 35 18422 10 18476 4 18507 7 18549 52 18607 4 18628 35 18678 10 18732 3 18762 9 18804 53 18863 2 18883 36 18934 10 18988 3 19018 10 19059 54 19118 2 19139 8 19150 24 19190 9 19273 11 19315 54 19372 6 19394 11 19407 22 19446 8 19485 6 19529 12 19571 64 19650 11 19665 19 19702 7 19712 3 19740 7 19785 13 19827 6 19838 54 19905 14 19920 19 19958 7 19968 3 19995 9 20042 12 20074 6 20083 5 20096 55 20161 34 20215 6 20224 3 20244 3 20251 9 20300 10 20330 8 20339 4 20352 55 20416 33 20472 5 20480 3 20500 3 20508 9 20557 9 20586 9 20608 57 20671 32 20728 4 20756 2 20764 8 20813 10 20842 11 20864 78 20944 14 21019 9 21069 10 21099 10 21120 78 21200 13 21247 1 21274 13 21325 10 21355 10 21376 53 21430 38 21502 2 21529 15 21581 10 21612 10 21632 53 21688 27 21718 5 21757 3 21783 18 21838 9 21870 7 21888 54 21946 25 21974 5 22013 3 22036 10 22049 9 22096 6 22128 4 22144 54 22208 7 22218 9 22230 5 22269 3 22292 22 22368 4 22401 14 22419 36 22464 19 22487 4 22525 3 22548 22 22623 7 22658 12 22679 33 22721 18 22744 2 22781 3 22804 21 22871 2 22879 8 22917 11 22935 34 22977 16 23037 3 23061 20 23124 6 23135 8 23174 11 23190 38 23233 15 23294 2 23308 4 23317 20 23378 8 23392 6 23431 10 23446 42 23492 2 23551 1 23562 7 23574 19 23633 9 23649 5 23691 7 23702 42 23818 7 23830 19 23889 9 23906 4 23947 7 23959 41 24073 9 24086 18 24144 9 24162 3 24202 9 24216 39 24329 9 24344 15 24400 7 24457 11 24475 36 24584 11 24602 13 24620 3 24712 13 24734 32 24839 11 24859 12 24875 7 24968 13 24990 32 25095 11 25115 11 25130 11 25224 13 25247 31 25282 7 25354 8 25372 11 25386 20 25412 7 25480 14 25503 31 25538 12 25612 5 25629 10 25641 22 25667 10 25736 14 25759 48 25867 6 25885 10 25897 22 25922 13 25993 13 26014 49 26122 7 26141 11 26154 20 26177 15 26250 12 26270 49 26378 7 26388 7 26397 11 26409 21 26433 16 26507 10 26526 32 26560 15 26634 7 26643 43 26688 17 26764 9 26781 31 26816 15 26889 7 26897 23 26926 36 27021 7 27037 31 27072 15 27145 6 27153 22 27186 32 27278 5 27293 30 27328 14 27402 5 27409 21 27442 32 27549 31 27584 15 27658 5 27667 18 27698 33 27805 31 27839 18 27914 7 27923 17 27953 34 28060 33 28094 20 28171 7 28181 14 28197 2 28209 33 28316 54 28427 28 28464 16 28481 18 28572 55 28683 20 28705 6 28720 14 28738 17 28829 54 28939 20 28961 6 28976 13 28994 18 29085 54 29195 19 29218 6 29225 2 29230 1 29237 8 29254 15 29332 4 29342 53 29447 23 29473 12 29493 8 29512 14 29589 2 29598 52 29700 26 29729 12 29749 7 29770 12 29846 1 29854 50 29956 41 30004 8 30027 11 30110 42 30211 43 30255 14 30284 10 30366 41 30469 56 30539 11 30623 40 30726 56 30794 12 30815 4 30842 4 30879 40 30983 33 31017 13 31035 4 31050 12 31071 6 31096 8 31135 40 31239 31 31273 12 31293 3 31305 12 31326 9 31351 9 31387 3 31392 6 31400 31 31495 32 31531 10 31548 7 31557 16 31580 11 31606 12 31642 44 31752 32 31788 11 31802 10 31813 16 31835 12 31861 13 31897 7 31905 37 32009 31 32046 38 32090 12 32117 14 32152 46 32267 30 32304 34 32346 12 32372 15 32408 46 32524 29 32560 33 32602 11 32628 16 32645 9 32663 12 32678 32 32782 27 32817 32 32858 10 32883 28 32919 12 32936 30 33042 23 33074 31 33128 5 33139 29 33174 12 33194 28 33300 19 33331 31 33383 42 33429 13 33451 27 33558 16 33589 29 33638 44 33683 16 33708 25 33814 14 33847 13 33863 11 33894 62 33965 23 34070 14 34089 2 34105 9 34118 11 34150 63 34222 22 34326 15 34344 3 34363 6 34372 12 34406 66 34478 21 34504 6 34582 15 34621 4 34628 11 34663 66 34734 22 34757 10 34838 14 34878 4 34884 10 34920 65 34990 33 35094 10 35106 1 35134 4 35141 8 35177 64 35245 35 35349 10 35391 2 35399 4 35433 64 35500 37 35605 9 35655 4 35689 64 35756 40 35860 3 35867 4 35912 3 35945 63 36012 41 36116 3 36123 4 36168 3 36200 93 36294 16 36372 4 36380 2 36420 1 36423 4 36455 94 36551 15 36628 3 36636 3 36679 4 36710 94 36808 14 36884 2 36892 3 36934 5 36965 77 37047 13 37064 14 37139 4 37148 3 37190 3 37219 78 37304 11 37322 3 37328 6 37363 8 37395 4 37404 1 37464 1 37472 81 37561 10 37585 5 37617 12 37651 4 37660 1 37718 4 37726 82 37818 8 37841 4 37873 13 37916 1 37974 4 37981 83 38075 6 38128 14 38230 4 38237 83 38331 5 38384 15 38491 84 38588 4 38634 22 38747 83 38889 23 38996 90 39144 24 39185 2 39251 91 39400 24 39441 2 39505 82 39592 7 39656 24 39697 3 39760 69 39830 12 39848 8 39911 25 39953 4 40016 66 40086 12 40103 9 40167 25 40210 1 40272 65 40343 11 40359 10 40423 25 40528 66 40599 11 40614 12 40679 25 40784 66 40854 11 40870 12 40934 26 41040 67 41110 7 41126 12 41190 25 41233 3 41296 67 41365 8 41381 13 41446 24 41487 10 41552 8 41561 59 41621 33 41702 24 41741 13 41808 6 41817 93 41958 23 41994 17 42064 5 42073 93 42214 23 42250 18 42320 5 42329 93 42471 21 42506 19 42576 6 42584 43 42630 11 42643 8 42654 19 42727 20 42763 19 42832 50 42886 10 42899 7 42911 17 42984 18 43020 19 43088 49 43141 11 43155 5 43168 14 43240 17 43276 19 43344 47 43396 20 43432 4 43496 17 43532 8 43541 9 43600 46 43651 24 43752 17 43788 8 43797 9 43856 46 43907 26 44008 16 44044 15 44111 47 44162 28 44264 16 44299 14 44367 47 44418 28 44521 14 44554 15 44622 49 44673 29 44777 14 44808 16 44878 6 44885 42 44928 30 45034 13 45065 14 45133 7 45142 55 45200 13 45290 13 45314 1 45321 13 45338 1 45389 7 45398 54 45456 12 45546 13 45569 2 45579 10 45593 1 45645 49 45695 13 45712 12 45801 14 45824 4 45835 11 45856 1 45901 49 45951 12 45969 10 46057 14 46080 4 46093 11 46111 4 46157 48 46207 12 46225 10 46313 15 46336 5 46349 11 46366 6 46412 48 46462 13 46481 9 46568 17 46592 5 46604 8 46620 9 46668 48 46717 13 46736 10 46755 4 46824 18 46848 5 46858 10 46875 10 46924 61 46991 11 47010 7 47080 19 47104 7 47112 16 47131 10 47180 58 47247 11 47266 7 47335 20 47360 24 47387 10 47423 5 47437 56 47503 11 47522 7 47590 22 47616 23 47643 10 47677 8 47693 56 47759 11 47780 5 47846 22 47872 22 47899 10 47932 9 47949 57 48016 9 48093 1 48101 23 48128 22 48155 11 48187 11 48205 58 48274 5 48316 4 48348 2 48357 23 48384 22 48409 14 48444 10 48460 40 48506 13 48571 6 48603 4 48613 22 48640 40 48700 11 48715 40 48765 10 48816 2 48826 7 48855 8 48868 22 48896 30 48927 9 48956 12 48969 42 49022 8 49071 5 49082 7 49110 9 49124 22 49152 31 49185 7 49212 54 49271 4 49278 6 49326 6 49338 7 49365 11 49380 23 49408 31 49442 6 49469 54 49527 5 49533 6 49579 10 49593 8 49621 12 49636 23 49664 30 49698 6 49726 2 49729 50 49784 4 49789 6 49832 13 49849 7 49877 38 49921 29 49954 5 49985 50 50040 4 50045 5 50086 15 50104 8 50134 36 50177 29 50211 4 50240 51 50296 4 50342 14 50361 5 50390 36 50434 27 50469 2 50495 52 50552 4 50598 14 50617 4 50646 34 50691 22 50725 2 50751 52 50808 3 50854 13 50901 34 50947 22 50982 1 51006 52 51063 3 51110 12 51157 33 51202 22 51262 52 51319 3 51367 11 51411 35 51458 22 51518 52 51574 3 51594 3 51624 9 51664 38 51714 22 51774 51 51830 3 51844 10 51881 8 51918 40 51968 24 52030 50 52099 11 52139 6 52174 40 52225 23 52286 12 52299 37 52355 12 52396 4 52429 29 52461 7 52481 23 52542 11 52555 36 52610 14 52685 29 52720 2 52736 23 52783 2 52799 10 52811 35 52866 14 52941 29 52992 23 53038 4 53052 2 53055 9 53067 33 53122 15 53197 29 53248 23 53294 5 53312 8 53323 33 53369 4 53377 17 53452 31 53504 22 53551 4 53570 5 53579 33 53624 27 53678 4 53708 32 53760 22 53808 2 53836 31 53879 29 53933 9 53964 32 54016 4 54021 16 54095 27 54134 30 54188 14 54220 32 54272 3 54277 13 54344 2 54353 25 54381 5 54389 32 54444 16 54476 33 54534 1 54536 9 54600 3 54609 3 54613 20 54636 6 54645 32 54693 1 54700 16 54733 16 54757 8 54793 7 54857 2 54868 19 54890 43 54947 4 54955 17 54981 1 54991 14 55014 6 55029 7 55050 5 55124 15 55145 43 55203 5 55210 19 55234 5 55248 13 55270 5 55284 8 55307 5 55380 2 55383 9 55401 42 55458 6 55466 18 55490 6 55506 11 55540 8 55564 5 55635 3 55639 9 55657 40 55713 27 55745 7 55763 10 55795 8 55820 6 55897 9 55908 44 55968 28 56000 9 56020 8 56051 7 56077 6 56092 2 56100 2 56153 54 56224 27 56256 9 56277 6 56306 8 56333 6 56343 9 56354 5 56409 54 56479 28 56512 10 56533 4 56558 12 56588 7 56598 17 56664 54 56735 27 56768 10 56806 3 56812 15 56844 7 56853 18 56921 53 56991 26 57025 8 57061 22 57100 6 57109 18 57177 53 57247 24 57283 5 57316 24 57357 5 57365 18 57433 53 57503 21 57572 25 57602 3 57613 6 57621 8 57631 8 57690 51 57760 18 57828 26 57857 4 57866 1 57869 2 57873 2 57878 6 57888 7 57946 50 58016 17 58044 4 58084 27 58112 6 58121 4 58129 3 58135 4 58144 7 58203 48 58273 15 58298 7 58340 27 58368 5 58378 3 58383 5 58402 4 58463 42 58530 14 58553 8 58597 32 58639 5 58658 3 58719 24 58745 16 58789 15 58809 8 58853 31 58895 6 58975 24 59003 14 59047 15 59064 9 59109 31 59151 10 59230 26 59263 10 59304 25 59365 30 59409 10 59486 31 59519 10 59560 15 59576 8 59621 30 59665 11 59743 31 59775 11 59816 14 59832 8 59877 28 59919 13 59999 43 60072 13 60089 6 60133 27 60171 18 60194 1 60255 43 60328 12 60346 4 60389 27 60420 4 60427 24 60512 41 60584 11 60645 27 60675 5 60683 24 60768 2 60774 35 60840 10 60901 34 60940 22 61031 18 61055 9 61098 5 61156 34 61197 6 61205 13 61287 17 61312 7 61412 31 61454 4 61463 11 61542 17 61569 5 61667 32 61722 7 61798 17 61922 32 61981 2 61994 4 62054 17 62178 32 62249 7 62309 18 62434 30 62492 1 62500 14 62564 19 62689 31 62747 2 62754 17 62819 20 62945 31 63009 17 63075 21 63201 31 63265 16 63330 22 63456 32 63521 13 63585 26 63711 33 63777 12 63828 4 63840 27 63966 34 64004 4 64033 12 64083 6 64095 29 64222 34 64259 7 64289 13 64316 3 64337 22 64361 19 64478 34 64515 9 64545 14 64572 3 64592 21 64621 15 64734 34 64771 12 64802 14 64828 3 64848 20 64878 14 64990 34 65027 12 65058 17 65104 20 65134 14 65247 33 65282 14 65314 18 65360 12 65375 5 65392 11 65503 33
263633,0 26 79 8 256 27 335 8 512 28 592 7 768 33 848 8 1024 33 1104 9 1280 33 1350 3 1360 11 1536 33 1604 5 1615 12 1792 26 1820 3 1859 7 1871 12 2049 25 2112 10 2127 12 2146 1 2305 28 2364 13 2383 6 2402 3 2562 28 2619 14 2640 4 2818 8 2828 19 2875 14 2898 1 3075 6 3084 20 3131 14 3331 4 3340 20 3387 9 3397 5 3587 3 3596 21 3621 4 3643 7 3656 2 3851 21 3875 7 3899 4 3912 4 4107 21 4131 8 4170 3 4363 21 4387 8 4426 4 4620 20 4643 8 4682 4 4877 19 4897 11 4940 1 5134 21 5157 7 5390 18 5413 7 5647 16 5670 4 5903 16 6162 12 6420 4 6425 2 7283 3 7460 2 7539 4 7716 3 7794 6 7954 1 7961 2 8050 6 8209 10 8307 5 8460 16 8563 12 8715 20 8820 12 8970 21 9075 14 9226 21 9331 15 9478 1 9481 22 9586 17 9733 25 9842 17 9989 24 10097 19 10245 23 10353 20 10502 6 10512 8 10610 20 10760 3 10769 6 10866 21 11123 20 11381 18 11641 10 11898 8 12146 2 12154 6 12402 3 12410 5 12658 4 12666 4 12914 4 12924 1 13170 4 13428 2 14361 2 15493 5 15508 4 15746 9 15763 6 15999 15 16019 7 16253 18 16275 8 16305 3 16508 19 16531 9 16560 7 16763 20 16786 11 16816 10 17018 20 17042 11 17071 12 17164 5 17273 22 17298 11 17327 13 17420 5 17528 23 17554 11 17583 14 17676 5 17785 23 17812 8 17837 16 17932 5 18041 24 18070 6 18092 16 18183 2 18190 1 18298 23 18347 17 18367 3 18438 4 18555 22 18602 15 18621 6 18694 1 18811 22 18859 8 18870 4 18876 8 19068 12 19083 6 19115 8 19127 3 19132 8 19323 13 19341 3 19372 7 19382 14 19573 3 19579 13 19598 1 19629 6 19638 13 19828 6 19835 13 19888 4 19894 13 20081 24 20145 4 20152 10 20336 25 20400 18 20591 26 20655 19 20847 20 20870 2 20910 20 21024 3 21102 20 21165 21 21281 2 21359 19 21419 23 21538 1 21615 19 21673 25 21872 4 21877 12 21927 27 22133 11 22182 28 22286 3 22291 5 22390 8 22439 26 22528 1 22541 12 22648 4 22696 24 22784 1 22797 12 22953 18 23040 1 23053 12 23210 14 23313 5 23467 12 23725 9 23984 5 24321 5 24577 6 24833 6 25089 6 25346 5 25603 5 25861 3 26118 3 26152 2 26408 2 26664 1 28095 1 28350 3 28606 2 29532 3 29709 4 29786 7 29964 5 30042 8 30056 3 30216 9 30299 8 30311 5 30473 8 30555 9 30566 5 30733 4 30812 8 30821 6 30989 4 31067 15 31245 4 31323 13 31501 4 31579 13 31757 4 31834 14 31966 5 32013 4 32089 15 32221 7 32269 4 32344 15 32477 8 32526 2 32599 7 32607 8 32621 4 32733 9 32855 6 32866 4 32875 8 32989 10 33112 5 33124 1 33130 9 33246 9 33294 6 33368 3 33385 10 33503 8 33548 9 33638 13 33760 6 33803 11 33893 13 34016 5 34060 10 34149 12 34274 2 34316 10 34405 10 34572 10 34660 9 34828 9 34916 7 35084 9 35171 8 35339 10 35427 9 35595 10 35684 8 35850 12 35940 9 36107 14 36197 9 36363 16 36428 4 36454 8 36620 16 36674 1 36682 7 36711 7 36877 15 36926 8 36935 11 36968 5 37133 14 37182 20 37389 8 37401 2 37438 19 37645 8 37695 18 37901 9 37951 17 38102 2 38157 9 38207 15 38348 2 38357 4 38414 7 38462 15 38604 2 38612 5 38670 6 38719 14 38859 3 38868 6 38925 6 38976 13 39115 3 39123 8 39182 1 39233 12 39371 4 39378 10 39433 4 39490 10 39628 16 39688 5 39748 6 39884 17 39944 4 40004 3 40140 17 40200 4 40396 18 40456 5 40624 4 40652 18 40712 5 40878 8 40909 17 40969 5 41132 15 41166 6 41174 8 41226 4 41386 18 41423 3 41432 4 41455 3 41482 4 41641 20 41710 4 41740 2 41897 21 41966 4 42034 1 42153 23 42223 3 42289 3 42409 24 42520 3 42545 7 42666 25 42776 3 42801 8 42923 25 43032 2 43057 7 43179 26 43314 5 43435 26 43571 3 43692 25 43948 24 44204 24 44460 23 44587 2 44716 22 44841 5 44972 22 45051 4 45095 8 45226 4 45231 19 45305 7 45349 12 45481 4 45488 18 45560 8 45604 14 45737 5 45745 17 45816 8 45858 16 45994 3 46002 17 46071 9 46114 16 46251 2 46258 17 46327 9 46369 17 46389 1 46514 18 46555 3 46583 9 46625 18 46645 2 46660 4 46770 18 46810 4 46838 10 46882 11 46895 3 46901 2 46915 6 47027 8 47037 1 47040 5 47066 4 47094 10 47139 8 47157 2 47171 7 47286 3 47295 6 47350 10 47362 3 47396 6 47427 7 47552 7 47605 11 47617 5 47637 4 47683 6 47794 7 47809 8 47861 10 47872 6 47891 6 47940 5 48046 12 48066 8 48116 11 48128 5 48146 7 48198 3 48301 15 48322 8 48372 11 48384 4 48400 9 48556 18 48578 9 48627 12 48656 9 48810 21 48834 9 48882 14 48911 9 48960 6 49063 25 49091 8 49138 13 49167 8 49216 1 49219 5 49319 25 49349 6 49392 14 49423 7 49475 5 49575 26 49605 5 49646 15 49679 6 49732 5 49831 26 49862 3 49901 15 49935 5 49988 5 50087 26 50119 1 50156 16 50191 4 50245 4 50343 18 50362 2 50366 1 50412 16 50448 1 50502 3 50600 16 50668 16 50759 3 50857 14 50925 15 51015 3 51113 14 51181 15 51265 10 51370 13 51438 14 51520 11 51548 1 51628 10 51694 14 51776 11 51802 5 51886 8 51950 7 51958 5 52031 11 52058 7 52144 6 52152 2 52207 5 52287 9 52314 8 52408 1 52465 1 52540 11 52570 9 52640 3 52795 12 52826 9 52896 3 53050 13 53082 9 53152 3 53304 14 53340 7 53556 18 53599 4 53810 19 53856 4 53998 4 54065 18 54112 5 54253 6 54320 15 54369 5 54509 7 54576 15 54625 6 54765 8 54832 14 54882 5 55021 9 55044 5 55088 14 55138 4 55277 9 55300 7 55345 12 55533 10 55555 9 55602 11 55789 10 55812 8 55938 4 56045 9 56068 8 56084 3 56191 10 56300 10 56324 9 56339 6 56445 13 56556 10 56581 8 56594 8 56700 15 56811 10 56837 8 56850 9 56956 15 57066 12 57084 3 57093 8 57105 12 57212 15 57319 16 57338 6 57349 8 57361 16 57468 15 57545 1 57559 3 57574 19 57594 6 57605 9 57616 18 57724 15 57798 7 57814 5 57830 26 57861 29 57980 13 58053 9 58069 6 58086 26 58117 30 58235 11 58262 2 58309 10 58324 8 58342 26 58373 29 58492 9 58568 9 58578 10 58598 26 58630 24 58748 8 58825 18 58854 26 58886 23 59004 7 59083 17 59109 27 59142 23 59261 4 59340 16 59364 28 59398 22 59596 16 59620 28 59654 21 59858 10 59876 28 59910 11 59922 8 60116 6 60133 26 60167 6 60180 5 60195 2 60391 24 60423 4 60437 2 60616 3 60650 21 60679 4 60702 1 60813 4 60869 6 60907 19 60935 3 60957 3 61068 6 61106 2 61124 6 61163 10 61180 4 61190 4 61213 4 61316 5 61323 7 61356 9 61375 11 61419 10 61437 3 61447 1 61470 2 61571 16 61611 10 61630 10 61669 17 61693 3 61726 1 61826 17 61867 10 61885 9 61923 19 61948 4 62082 17 62124 3 62141 7 62179 12 62192 6 62205 1 62337 19 62398 6 62434 13 62449 6 62592 22 62655 3 62690 21 62845 25 62911 1 62946 22 63099 28 63203 21 63353 30 63460 20 63607 32 63718 18 63861 34 63975 13 63990 2 64038 1 64115 23 64141 10 64231 17 64266 5 64292 5 64369 23 64398 8 64488 15 64507 3 64521 6 64550 2 64625 22 64656 6 64742 26 64777 6 64881 7 64890 5 64993 12 65007 17 65033 6 65248 13 65262 18 65289 5 65504 13 65518 18
268600,0 25714 25718 10 25729 247 25981 251 26237 39299
269087,0 44800 44802 254 45059 253 45315 253 45571 253 45827 253 46084 252 46340 252 46596 252 46852 252 47107 253 47362 254 47617 255 47873 255 48129 255 48385 255 48641 255 48897 255 49153 255 49410 254 49666 254 49923 253 50179 253 50435 253 50691 253 50948 252 51205 251 51462 250 51720 248 51978 246 52235 245 52492 244 52748 244 53005 243 53261 243 53517 243 53773 243 54028 244 54284 244 54539 245 54792 248 55045 251 55300 252 55556 252 55812 252 56068 252 56324 252 56580 252 56835 253 57091 253 57348 252 57604 252 57860 252 58116 252 58372 252 58627 253 58883 253 59139 253 59395 253 59650 254 59907 253 60165 251 60421 251 60677 252 60933 252 61189 252 61445 251 61700 252 61956 252 62212 252 62467 253 62722 254 62977 2559
270495,0 12 41 2 56 3 94 1 121 6 254 13 312 3 323 4 350 1 377 7 461 2 510 13 568 4 578 6 606 1 632 9 716 3 766 13 820 9 833 9 864 1 887 10 972 4 1024 10 1076 10 1088 12 1125 3 1142 11 1227 5 1280 10 1331 26 1366 1 1379 6 1396 14 1483 6 1535 10 1586 24 1611 3 1618 5 1636 5 1651 16 1721 1 1738 8 1790 11 1821 3 1842 15 1868 11 1893 4 1907 16 1955 2 1971 3 1995 8 2045 12 2074 7 2096 16 2128 6 2150 3 2162 18 2210 4 2226 4 2240 5 2251 9 2300 13 2328 9 2350 17 2386 3 2418 19 2467 4 2478 8 2492 10 2507 10 2555 14 2584 8 2605 18 2674 19 2724 3 2733 8 2748 12 2763 10 2811 13 2840 7 2860 8 2871 7 2930 20 2991 5 3003 25 3067 12 3096 7 3117 6 3129 4 3176 2 3186 20 3259 25 3323 8 3354 3 3431 4 3441 20 3515 23 3580 6 3686 5 3696 20 3771 23 3819 2 3837 5 3944 1 3951 18 4013 1 4027 22 4075 5 4094 4 4207 17 4268 3 4283 21 4331 6 4351 3 4381 3 4462 16 4523 6 4538 22 4589 4 4607 3 4629 12 4718 15 4779 7 4792 23 4845 5 4864 5 4883 16 4973 16 5019 2 5035 7 5048 23 5102 3 5111 4 5120 6 5136 20 5224 2 5229 16 5273 6 5291 7 5304 22 5366 6 5376 7 5390 22 5480 4 5485 15 5528 12 5548 5 5561 13 5577 4 5621 7 5632 8 5645 23 5736 20 5783 14 5804 5 5818 11 5876 8 5888 8 5901 22 5993 7 6001 9 6039 14 6062 4 6075 10 6131 9 6144 8 6157 21 6232 2 6250 6 6257 7 6295 15 6318 4 6332 9 6387 9 6400 8 6414 20 6484 7 6507 13 6552 14 6573 7 6591 6 6643 8 6658 6 6671 18 6739 8 6765 10 6810 1 6814 9 6828 12 6849 3 6899 7 6916 4 6928 16 6994 9 7026 1 7071 11 7083 14 7158 2 7172 4 7185 14 7250 8 7328 26 7427 6 7441 14 7507 3 7574 3 7584 3 7591 19 7683 6 7697 14 7830 3 7848 18 7882 4 7939 6 7953 14 8103 19 8137 8 8196 4 8209 14 8359 19 8392 10 8452 3 8466 12 8615 19 8648 11 8722 12 8871 19 8903 13 8953 2 8960 1 8979 10 9128 18 9159 13 9207 4 9235 9 9384 18 9415 13 9463 4 9485 2 9491 7 9640 18 9672 12 9719 5 9733 4 9741 3 9746 6 9897 17 9929 10 9975 6 9988 5 9997 8 10076 3 10152 18 10187 7 10231 6 10244 6 10252 8 10298 5 10331 5 10408 19 10445 3 10488 8 10500 6 10507 8 10551 6 10566 1 10585 7 10664 19 10746 6 10756 14 10798 1 10806 7 10821 8 10836 13 10920 19 11003 5 11013 12 11054 1 11062 7 11075 9 11093 13 11176 10 11189 4 11259 5 11269 12 11319 3 11331 9 11351 11 11432 9 11517 3 11523 15 11587 8 11606 12 11689 7 11777 17 11844 4 11862 10 11876 1 11946 5 12033 18 12118 9 12289 18 12374 7 12546 17 12631 5 12803 16 12888 3 13059 16 13316 5 13324 6 13375 2 13573 3 13581 4 13631 3 13838 1 13887 4 14085 6 14092 4 14141 5 14208 4 14339 14 14397 4 14463 6 14593 16 14718 7 14848 17 14973 8 15104 17 15229 7 15360 17 15484 7 15558 2 15616 19 15742 4 15814 3 15872 19 16010 1 16070 3 16128 20 16266 2 16327 1 16384 10 16397 7 16522 3 16640 21 16707 2 16777 3 16896 21 16962 3 17033 3 17152 22 17220 1 17288 1 17408 2 17413 17 17542 3 17668 19 17797 4 17924 19 18053 4 18180 18 18309 3 18437 17 18565 3 18694 15 18821 2 18951 14 19210 10 19467 8 19727 2 20582 1 20599 2 20854 5 20994 1 20996 4 21107 10 21250 5 21361 9 21506 4 21614 11 21764 4 21869 12 22021 8 22124 12 22277 9 22381 11 22533 10 22637 12 22772 4 22789 10 22894 11 23022 11 23045 10 23083 3 23136 1 23152 10 23277 13 23301 9 23340 2 23391 4 23400 2 23410 9 23532 15 23556 9 23646 6 23655 5 23669 6 23787 17 23811 8 23900 2 23903 14 23925 6 24043 17 24066 3 24155 3 24159 15 24182 4 24298 18 24322 2 24408 22 24554 18 24664 23 24811 17 24920 24 25067 17 25176 18 25197 3 25324 16 25434 13 25454 4 25466 4 25579 17 25690 12 25711 5 25721 6 25741 2 25829 1 25835 18 25948 9 25968 4 25975 9 26091 18 26206 7 26225 15 26338 2 26347 18 26464 4 26486 11 26593 3 26604 16 26722 1 26742 12 26849 4 26860 14 26999 12 27103 6 27116 12 27256 11 27358 8 27374 8 27512 11 27613 9 27629 3 27634 2 27767 12 27869 9 27884 3 28023 14 28124 9 28140 2 28183 3 28278 17 28380 9 28397 1 28439 4 28513 2 28535 17 28554 1 28562 1 28636 9 28695 5 28768 3 28792 20 28816 3 28891 9 28951 4 29049 14 29148 7 29207 4 29307 11 29404 6 29464 2 29564 10 29660 5 29821 8 29916 4 30082 4 30171 5 30340 3 30425 7 30597 2 30681 7 30925 5 30937 7 30972 4 31180 6 31194 6 31226 7 31302 2 31435 8 31451 6 31463 1 31481 10 31555 8 31690 9 31708 8 31718 2 31737 13 31807 13 31848 1 31946 9 31964 12 31993 13 32054 1 32062 14 32202 9 32220 11 32249 13 32309 3 32317 15 32458 9 32476 10 32504 14 32566 1 32572 15 32715 8 32732 10 32760 14 32828 14 32972 6 32988 10 33016 14 33084 11 33229 6 33244 9 33272 12 33340 9 33485 7 33501 7 33529 12 33596 4 33742 6 33759 4 33785 14 33998 5 34042 13 34066 4 34299 12 34320 7 34351 4 34556 11 34576 8 34606 7 34812 10 34833 8 34846 1 34862 9 35068 9 35089 6 35101 2 35119 8 35144 1 35324 8 35345 6 35357 3 35375 9 35398 3 35577 4 35582 5 35601 6 35613 2 35632 8 35654 2 35833 3 35840 3 35858 4 35869 2 35889 7 35908 3 36088 4 36114 4 36145 7 36162 4 36344 4 36371 3 36402 6 36418 4 36601 1 36618 1 36628 1 36657 7 36674 3 36873 3 36913 7 36930 3 37129 3 37169 7 37386 3 37424 8 37643 2 37678 10 37728 4 37933 10 37983 7 38189 10 38238 8 38445 10 38495 7 38586 4 38701 9 38750 8 38841 7 38957 8 39006 8 39096 12 39214 6 39261 9 39352 14 39473 1 39517 8 39607 15 39772 9 39863 15 39931 2 40028 9 40119 15 40185 6 40284 7 40375 14 40440 7 40511 8 40632 13 40695 9 40760 6 40767 9 40889 11 40950 10 41015 5 41023 11 41146 10 41207 9 41271 5 41279 13 41403 8 41463 9 41526 6 41535 13 41659 5 41719 9 41782 7 41791 13 41914 6 41975 9 42037 23 42167 10 42187 3 42231 9 42293 23 42422 12 42437 1 42442 5 42487 9 42549 23 42677 14 42692 5 42701 1 42744 8 42806 22 42933 19 42979 3 43000 8 43064 19 43188 20 43233 6 43256 8 43321 18 43444 19 43488 11 43512 10 43578 16 43676 2 43700 18 43744 13 43768 13 43834 15 43931 5 43956 18 43985 3 43993 1 43999 15 44023 16 44089 14 44172 1 44186 7 44213 17 44241 29 44279 17 44345 12 44428 1 44442 6 44469 16 44497 28 44535 18 44602 8 44689 1 44692 1 44698 6 44725 15 44753 28 44792 17 44858 6 44944 6 44980 16 45010 25 45049 4 45054 11 45200 5 45236 16 45267 22 45312 9 45456 5 45492 18 45523 22 45568 9 45647 4 45711 7 45748 18 45771 3 45780 21 45824 9 45898 10 45967 7 46003 11 46017 6 46024 6 46037 19 46080 9 46153 11 46218 2 46223 7 46259 11 46273 13 46295 16 46336 8 46408 12 46474 2 46481 4 46513 13 46529 13 46553 13 46592 8 46664 12 46730 2 46738 3 46769 3 46774 8 46786 11 46848 7 46920 12 47032 5 47043 9 47104 7 47176 12 47290 3 47301 7 47360 6 47433 15 47557 6 47616 5 47689 14 47812 7 47872 5 47951 8 48069 3 48128 4 48208 6 48384 3 48465 4 48640 2 48721 3 48896 2 48978 1 49152 2 49408 2 49664 2 49920 2 50176 2 50432 2 50688 3 50910 5 50944 5 51166 6 51200 6 51216 3 51422 6 51456 6 51470 6 51678 6 51712 7 51725 9 51935 5 51968 7 51981 16 52191 5 52224 8 52237 17 52448 4 52480 8 52492 19 52705 2 52736 9 52748 19 52993 30 53251 28 53509 25 53771 19 53827 2 54030 15 54081 4 54287 14 54337 4 54543 14 54593 4 54799 14 54849 4 55046 3 55055 13 55105 4 55302 3 55312 14 55361 3 55558 3 55570 13 55617 2 55815 2 55829 10 56071 2 56087 9 56324 1 56344 9 56579 2 56602 8 56834 4 56859 8 57088 6 57099 5 57115 8 57344 17 57371 8 57600 21 57628 7 57790 3 57857 20 57885 4 58045 4 58113 21 58141 3 58301 4 58368 23 58624 24 58794 1 58882 22 59138 22 59393 23 59649 22 59906 21 60163 20 60419 21 60441 2 60676 24 60933 25 61190 16 61207 8 61452 19 61709 19 61966 18 62224 1 62229 11 62485 12 62741 13 62998 13 63013 3 63258 15 63515 15 63776 10 64031 11 64286 11 64541 12 64796 12 65007 3 65052 11 65263 3 65308 8 65495 1 65519 4
271746,2988 2 3243 3 3498 5 3754 6 4009 7 4264 8 4515 12 4770 13 5027 6 5034 3 5283 5 5540 3 7919 2 8174 4 8430 5 8686 5 8941 6 9197 6 9453 6 9709 6 9965 6 10222 6 10478 8 10735 7 10991 8 11247 8 11504 7 13037 3 13294 4 13551 4 13807 3 14055 3 14062 4 14318 4 14574 4 14828 7 15083 8 15338 8 15593 8 15849 7 16106 6 16365 2 16559 5 16814 6 17069 8 17325 7 17581 7 17838 6 18095 4 19104 6 19360 7 19617 7 19873 7 20130 7 20386 7 20642 6 20900 1 20992 3 21248 4 21504 5 21760 5 22016 5 22272 4 22528 3 22784 2 23040 1 23982 4 24238 4 24494 5 24750 5 24759 4 25006 6 25015 4 25262 6 25270 5 25519 12 25776 11 26032 9 26289 6 26546 4 27462 2 27717 4 27973 4 28228 4 29409 3 29665 4 29921 5 30177 8 30434 9 30690 9 30946 9 31202 10 31458 10 31715 9 31972 8 32231 5 42231 3 42485 6 42741 7 42836 1 42996 8 43090 5 43252 8 43346 5 43507 9 43601 7 43763 9 43858 6 44019 7 44114 5 44276 4 44372 1 44533 3 45698 5 45951 8 46206 9 46462 9 46718 8 46974 8 47063 2 47230 7 47319 2 47486 7 47569 1 47575 2 47616 3 47743 6 47825 2 47872 4 48000 5 48081 2 48128 4 48257 5 48384 5 48512 7 48546 6 48640 5 48767 8 48800 9 48896 4 49022 8 49053 13 49152 3 49279 3 49307 14 49359 2 49450 1 49562 16 49581 3 49614 3 49705 4 49818 23 49871 3 49961 4 50073 25 50127 3 50216 6 50329 4 50334 20 50393 1 50472 9 50586 1 50592 19 50648 2 50732 5 50842 1 50848 19 50904 3 50989 5 51105 17 51160 3 51236 1 51245 4 51362 16 51415 4 51491 3 51502 2 51590 4 51612 2 51620 13 51670 4 51748 1 51846 6 51865 1 51868 2 51876 11 52004 1 52102 6 52121 1 52123 2 52128 1 52133 10 52260 1 52357 8 52380 4 52389 9 52514 2 52613 8 52645 8 52769 4 52869 8 53025 4 53125 7 53281 4 53320 1 53356 8 53381 7 53501 1 53537 3 53574 5 53611 10 53637 7 53753 6 53794 1 53830 6 53866 12 53894 7 54009 6 54085 7 54122 12 54150 8 54263 8 54316 3 54341 9 54379 10 54406 8 54518 9 54572 3 54597 14 54636 9 54661 9 54773 11 54853 20 54894 5 54918 8 55029 11 55109 21 55174 8 55285 2 55288 8 55364 23 55432 6 55544 8 55620 24 55690 3 55801 7 55876 24 56057 7 56132 25 56313 7 56388 25 56569 7 56644 25 56824 8 56900 24 57081 7 57157 21 57337 6 57414 17 57671 6 57683 3 57731 1 57856 2 57928 3 57976 1 58112 3 58127 3 58231 4 58368 7 58382 5 58488 2 58624 9 58637 6 58880 11 58893 7 59136 20 59252 1 59392 21 59648 21 59904 21 60006 1 60160 15 60178 3 60260 4 60416 13 60516 3 60672 12 60772 3 60840 4 60928 12 61028 1 61096 5 61102 3 61184 12 61350 12 61381 3 61440 11 61606 12 61636 5 61696 11 61861 13 61885 3 61892 5 61923 4 61952 10 62116 14 62141 2 62148 5 62178 7 62208 9 62371 15 62397 1 62401 1 62405 3 62433 9 62464 7 62627 17 62689 9 62720 5 62797 5 62884 16 62946 7 63052 7 63141 15 63203 6 63307 3 63311 4 63399 14 63461 3 63563 2 63568 2 63657 11 63717 4 63818 3 63922 2 63973 4 64074 2 64230 3 64330 1 64420 2 64653 5 64675 5 64908 8 64931 5 65164 8 65187 5 65420 8 65443 6
274444,0 65536
280079,0 65536
283388,21 64 92 3 116 10 128 3 157 8 249 7 276 64 373 8 384 7 400 2 411 10 504 8 532 64 630 6 640 8 655 4 666 11 759 9 787 65 887 4 897 9 909 6 922 12 940 3 1014 10 1040 68 1118 1 1153 9 1164 7 1178 21 1270 10 1295 68 1377 2 1409 7 1421 5 1433 21 1526 10 1551 68 1633 4 1665 6 1677 4 1689 21 1756 2 1782 10 1808 66 1884 1 1890 3 1922 4 1932 2 1945 22 2012 2 2040 8 2064 65 2140 2 2151 6 2169 2 2178 3 2188 2 2202 21 2268 2 2296 8 2321 64 2394 3 2406 8 2424 7 2444 1 2463 15 2552 8 2578 4 2588 52 2649 4 2662 8 2679 8 2720 14 2808 8 2834 3 2845 7 2857 39 2905 2 2918 9 2935 9 2976 10 3064 8 3102 6 3114 37 3158 3 3174 9 3191 9 3232 10 3318 10 3359 4 3371 33 3413 3 3430 10 3446 9 3488 10 3573 11 3627 31 3669 2 3686 10 3702 8 3744 10 3828 12 3883 31 3924 3 3942 12 3958 7 3999 12 4084 12 4139 31 4180 1 4198 13 4213 7 4231 7 4243 1 4253 14 4339 13 4395 31 4448 20 4469 6 4486 16 4508 13 4594 12 4651 32 4692 1 4702 28 4742 17 4763 13 4850 11 4908 31 4947 3 4957 24 4998 17 5019 13 5106 10 5166 29 5202 4 5213 23 5254 18 5274 13 5361 10 5422 28 5458 5 5469 22 5509 19 5530 13 5617 11 5678 27 5713 7 5725 22 5765 19 5786 13 5807 2 5872 12 5933 29 5969 10 5981 22 6022 18 6042 14 6063 1 6128 12 6188 30 6225 9 6237 21 6278 17 6298 14 6384 12 6419 6 6444 31 6494 20 6536 15 6554 10 6566 2 6642 11 6674 9 6701 31 6750 19 6792 14 6811 9 6899 10 6929 11 6964 5 6977 12 7005 15 7049 12 7067 10 7158 6 7184 22 7222 3 7234 11 7261 13 7305 11 7324 10 7416 4 7440 23 7477 4 7491 10 7517 12 7561 11 7580 10 7672 4 7695 24 7733 4 7750 7 7773 12 7818 8 7836 11 7928 4 7951 24 7989 4 8004 9 8029 11 8075 7 8086 2 8093 12 8179 10 8206 25 8245 3 8260 9 8285 10 8332 6 8340 4 8350 11 8434 12 8457 30 8501 3 8517 3 8521 4 8542 5 8589 12 8608 10 8690 14 8711 32 8758 1 8773 3 8777 4 8846 14 8864 9 8887 5 8927 2 8946 14 8965 35 9031 5 9102 7 9110 7 9121 8 9142 7 9181 4 9203 13 9220 38 9265 5 9284 1 9287 5 9358 6 9367 7 9377 8 9392 2 9398 7 9411 1 9422 1 9436 4 9459 13 9476 40 9519 8 9540 8 9614 6 9622 8 9632 11 9648 1 9654 7 9666 5 9716 12 9732 52 9795 11 9871 28 9904 1 9910 7 9922 5 9928 2 9973 11 9988 52 10049 15 10094 3 10128 16 10146 9 10159 3 10166 6 10178 8 10229 3 10236 4 10245 52 10304 17 10349 5 10384 16 10403 8 10413 7 10422 4 10492 4 10509 43 10560 17 10604 6 10641 15 10659 23 10749 3 10766 6 10774 34 10815 19 10860 7 10870 2 10897 8 10908 4 10916 20 11005 3 11024 3 11030 7 11039 24 11072 17 11116 13 11152 8 11166 2 11172 20 11286 6 11296 23 11328 5 11337 6 11372 14 11407 8 11429 18 11540 8 11553 21 11583 7 11628 14 11662 8 11685 17 11795 9 11811 17 11839 7 11885 13 11918 7 11942 15 12051 8 12071 12 12086 2 12095 7 12147 8 12174 6 12198 6 12206 5 12307 8 12328 9 12342 5 12351 7 12403 12 12432 3 12447 2 12454 6 12462 4 12563 7 12584 7 12598 6 12605 8 12659 13 12702 4 12711 7 12726 4 12820 4 12853 16 12916 12 12957 6 12968 6 12982 5 13060 2 13109 15 13172 12 13213 7 13238 5 13314 5 13365 14 13428 12 13469 8 13493 6 13568 8 13621 12 13685 11 13726 9 13749 6 13824 9 13878 9 13943 9 13982 10 14005 5 14080 9 14135 3 14200 7 14238 11 14262 3 14323 6 14336 9 14456 7 14495 10 14518 2 14578 9 14592 9 14713 5 14753 8 14834 10 14848 9 14970 1 15011 5 15047 2 15063 5 15089 11 15104 8 15301 5 15319 7 15345 11 15360 7 15555 9 15575 11 15601 11 15616 6 15734 6 15810 10 15829 13 15857 11 15872 5 15989 7 16065 12 16083 15 16113 10 16128 6 16245 8 16321 11 16339 14 16369 10 16384 6 16428 1 16501 9 16576 12 16594 15 16624 10 16640 6 16682 5 16757 11 16832 15 16850 16 16880 9 16896 6 16938 5 17013 12 17076 6 17089 33 17136 7 17152 5 17193 7 17268 13 17331 9 17345 34 17393 5 17408 5 17449 7 17524 14 17586 11 17600 35 17649 3 17706 6 17780 15 17843 49 17962 6 18036 15 18100 49 18219 4 18292 16 18357 48 18549 15 18576 4 18614 47 18805 15 18831 6 18871 45 19062 13 19086 8 19128 44 19318 13 19342 8 19395 33 19575 12 19598 8 19652 32 19831 11 19854 8 19865 3 19909 32 20087 11 20110 17 20166 23 20190 7 20344 9 20367 18 20422 23 20446 7 20601 6 20623 19 20679 21 20704 4 20879 20 20934 20 20961 3 21134 22 21189 20 21218 2 21390 22 21418 4 21445 20 21471 6 21646 23 21673 7 21700 21 21722 14 21902 23 21929 7 21956 37 22158 23 22185 8 22212 38 22415 22 22441 9 22468 38 22672 22 22697 9 22724 38 22839 4 22932 19 22954 9 22980 38 23094 7 23190 18 23211 8 23236 38 23350 7 23447 16 23468 6 23493 37 23606 8 23705 14 23725 5 23750 35 23862 8 23969 5 24006 35 24119 7 24262 35 24376 5 24519 34 24633 4 24775 35 24890 1 25032 33 25289 31 25545 31 25802 30 26059 28 26116 3 26317 25 26370 12 26575 21 26624 15 26834 16 26880 15 26915 2 27094 12 27136 15 27168 8 27351 10 27392 15 27423 10 27608 9 27648 15 27679 10 27865 9 27904 15 27934 11 28160 16 28189 13 28416 19 28445 13 28672 19 28701 13 28850 5 28928 20 28958 12 29105 7 29184 20 29215 12 29360 8 29440 21 29472 11 29615 9 29696 21 29729 11 29870 10 29952 22 29991 4 30126 10 30208 23 30382 10 30464 23 30639 9 30722 22 30895 8 30980 20 31152 7 31238 4 31245 12 31507 6 31764 5 32021 6 32278 6 32534 6 32790 6 33046 6 33302 6 33559 4 33816 2 38308 6 38561 10 38816 11 39068 16 39105 2 39312 5 39323 18 39360 4 39568 6 39579 19 39616 4 39824 6 39835 23 39872 4 40080 7 40090 26 40128 4 40335 23 40360 12 40384 4 40590 39 40641 3 40845 41 40897 4 41099 44 41153 4 41354 46 41409 5 41608 41 41652 5 41667 2 41673 1 41863 43 41908 7 41926 5 42118 54 42182 5 42373 56 42438 5 42629 56 42694 5 42885 58 42950 5 43141 59 43207 4 43236 5 43397 60 43463 3 43488 11 43651 64 43742 15 43904 67 43997 17 44157 13 44171 56 44253 18 44411 14 44427 56 44508 20 44666 15 44683 55 44764 20 44922 16 44939 55 45021 19 45179 70 45277 19 45437 68 45533 19 45588 5 45694 67 45790 18 45842 7 45951 65 46046 17 46097 8 46206 65 46302 16 46353 8 46456 71 46558 8 46609 8 46712 71 46814 7 46865 7 46968 71 47070 6 47121 6 47225 73 47326 6 47377 4 47482 75 47560 10 47582 5 47738 90 47995 64 48060 24 48106 2 48250 64 48318 24 48361 3 48506 64 48574 29 48617 3 48762 65 48829 31 48865 10 49018 65 49084 34 49120 11 49274 113 49530 12 49544 100 49787 11 49801 99 50044 9 50059 98 50300 9 50320 93 50556 8 50578 92 50808 12 50836 90 51061 15 51093 89 51317 17 51350 88 51572 23 51607 87 51828 27 51863 87 52084 28 52117 89 52340 122 52597 121 52854 3 52860 114 53117 113 53373 113 53629 112 53885 112 54142 111 54398 39 54439 70 54655 36 54695 70 54770 3 54915 32 54950 71 55025 5 55172 22 55195 7 55206 70 55280 6 55430 18 55454 2 55462 69 55536 6 55689 4 55718 68 55792 6 55974 69 56048 6 56230 70 56303 7 56485 82 56603 3 56740 83 56857 7 56993 88 57112 10 57248 90 57368 12 57504 91 57623 13 57760 91 57878 14 58016 91 58133 16 58273 90 58388 16 58530 90 58643 17 58787 89 58899 17 59051 82 59155 17 59309 80 59411 16 59567 80 59667 16 59824 80 59923 16 60081 79 60178 16 60338 51 60391 25 60435 14 60463 5 60596 49 60650 22 60691 13 60718 7 60852 49 60906 22 60948 11 60973 10 61110 48 61162 22 61209 5 61229 11 61367 47 61418 22 61485 12 61626 70 61741 12 61882 70 61996 13 62140 68 62252 14 62280 1 62397 67 62508 14 62534 5 62658 62 62764 13 62790 6 62915 61 63021 12 63045 7 63170 62 63277 11 63292 5 63301 7 63426 62 63533 11 63547 17 63682 62 63789 10 63802 18 63938 62 64045 10 64058 19 64194 62 64302 8 64314 20 64450 62 64513 3 64559 5 64570 20 64706 73 64826 20 64962 74 65085 17 65218 74 65341 17 65475 18 65497 39
283877,22528 3 22784 4 23040 5 23296 5 23553 4 23809 4 24065 4 24320 5 24576 6 31343 5 31598 8 31852 10 31912 2 31915 3 32108 11 32169 1 32172 1 32363 13 32618 15 32874 16 33129 17 33385 18 33640 19 33896 20 34152 20 34408 20 34664 20 34920 20 35175 21 35431 21 35687 21 35755 3 35942 21 36010 4 36198 20 36454 20 36710 19 36966 18 37223 16 37481 13 43530 3 43785 5 44041 5 44297 4 44554 2 47858 6 48112 9 48367 11 48623 12 48879 13 49135 14 49391 15 49648 15 49905 15 50162 14 50418 14 50675 13 50932 12 51189 11 51448 7 51706 4 62295 4 62550 5 62805 6 63062 4 63319 3
291134,0 65536
293458,44 13 166 5 300 13 423 4 555 14 810 15 1065 15 1321 15 1576 16 1831 18 2086 19 2341 21 2596 23 2851 24 3107 24 3363 24 3619 24 3875 17 3896 1 3966 3 4132 15 4211 2 4222 4 4388 15 4440 3 4466 7 4478 3 4644 15 4695 5 4721 8 4901 9 4928 3 4951 5 4977 8 5157 9 5181 7 5206 7 5233 8 5412 10 5436 2 5439 6 5462 7 5489 8 5522 1 5668 10 5692 1 5697 4 5717 7 5746 6 5776 5 5863 2 5868 5 5924 10 5955 2 5972 7 6002 5 6031 7 6117 13 6181 9 6202 1 6227 8 6259 3 6286 9 6372 14 6437 10 6458 1 6482 7 6516 1 6543 13 6628 15 6694 8 6714 1 6737 8 6799 16 6883 16 6951 6 6977 3 6992 8 7056 16 7139 15 7208 4 7231 6 7248 8 7312 21 7395 14 7466 1 7486 7 7503 9 7569 23 7651 10 7741 8 7758 4 7765 2 7825 24 7908 8 7997 7 8081 24 8165 8 8181 4 8253 7 8338 23 8422 10 8435 8 8509 7 8594 23 8678 11 8691 8 8765 6 8850 22 8935 20 9107 21 9193 18 9364 19 9449 17 9620 17 9704 18 9879 3 9959 18 10042 1 10054 2 10212 21 10239 1 10298 1 10308 5 10466 23 10495 1 10564 4 10722 23 10820 3 10978 23 11235 22 11263 1 11492 21 11518 2 11746 23 11773 3 12002 23 12029 3 12255 1 12257 26 12284 4 12511 33 12767 33 12998 2 13023 33 13100 3 13253 3 13279 33 13351 10 13465 3 13508 4 13534 34 13587 3 13596 24 13721 4 13758 10 13790 34 13842 6 13849 30 13977 4 14014 9 14047 33 14097 38 14270 8 14305 31 14353 38 14526 7 14562 3 14566 2 14570 22 14609 39 14782 7 14820 2 14826 22 14866 38 15038 7 15077 1 15082 22 15122 38 15293 7 15320 2 15339 21 15379 22 15404 13 15549 7 15574 4 15581 1 15596 20 15636 19 15661 13 15805 7 15828 7 15853 19 15892 17 15918 13 16061 6 16083 8 16111 17 16148 12 16175 13 16318 5 16337 12 16368 16 16403 12 16433 11 16576 2 16591 14 16624 16 16659 12 16690 10 16846 16 16880 16 16915 12 16947 9 17101 18 17137 15 17171 12 17204 9 17356 19 17393 15 17428 11 17461 8 17611 20 17650 14 17686 8 17718 7 17867 21 17908 12 17945 3 17975 6 18123 22 18157 1 18167 9 18233 4 18379 31 18413 1 18424 8 18635 32 18682 6 18890 32 18942 2 19146 31 19182 4 19400 34 19436 6 19651 46 19906 48 20162 48 20417 49 20669 1 20672 50 20928 50 21185 50 21442 49 21534 6 21699 49 21789 9 21955 16 21976 28 22045 10 22210 13 22233 27 22301 9 22466 11 22489 27 22557 9 22722 11 22745 26 22814 6 22978 11 23001 26 23235 9 23257 25 23492 7 23513 25 23750 3 23770 23 24026 23 24283 21 24539 20 24777 1 24796 19 25052 19 25309 17 25565 16 25821 15 26077 13 26332 13 26585 2 26592 6 26836 3 26840 4 27092 6 27347 6
295041, 
303895,0 33536 33537 255 33801 247 34063 241 34321 239 34581 235 34844 228 35106 222 35365 219 35626 1 35629 65 35697 143 35886 58 35951 2 35955 141 36146 53 36211 141 36407 48 36467 141 36664 44 36724 140 36927 35 36970 1 36981 139 37186 34 37224 4 37238 138 37450 35 37496 136 37710 32 37752 136 37971 15 37988 1 37992 8 38008 3 38015 129 38236 6 38243 13 38260 2 38263 4 38271 129 38494 15 38515 7 38524 132 38757 19 38779 133 39014 14 39035 27 39065 103 39277 7 39291 24 39322 8 39332 11 39346 78 39536 5 39544 2 39547 4 39556 15 39579 6 39596 4 39606 74 39800 2 39803 3 39812 20 39836 4 39854 1 39863 7 39872 64 40059 30 40093 3 40116 3 40122 70 40321 32 40372 2 40386 62 40579 31 40642 3 40649 5 40656 48 40842 27 40898 2 40906 4 40913 47 41100 16 41120 7 41130 2 41163 5 41177 39 41361 12 41376 8 41385 5 41420 4 41435 37 41620 18 41641 11 41698 30 41883 7 41892 2 41896 15 41957 27 42143 17 42162 10 42215 25 42405 23 42474 9 42484 12 42664 16 42685 5 42731 4 42736 3 42742 10 42924 12 42939 7 42955 4 42989 1 42993 1 42999 9 43184 14 43207 11 43245 1 43256 8 43447 7 43462 13 43516 4 43707 5 43715 20 43774 2 43970 21 44031 1 44228 16 44250 5 44287 1 44490 10 44504 6 44514 2 44543 1 44747 17 44770 3 44799 1 45012 7 45020 2 45025 4 45055 1 45271 13 45311 1 45532 8 45567 1 45791 4 45801 1 45815 3 45822 2 46055 5 46070 5 46077 3 46314 2 46324 2 46332 4 46577 5 46587 5 46835 13 47096 8 47355 5 47612 4
304629,0 14079 14080 255 14336 254 14592 253 14848 252 15104 252 15360 252 15616 252 15872 252 16128 251 16384 250 16640 250 16896 250 17152 249 17408 248 17664 248 17920 247 18176 247 18432 247 18688 247 18944 250 19200 251 19456 253 19712 253 19968 252 20224 253 20480 253 20736 253 20992 252 21248 252 21504 252 21760 252 22016 252 22272 252 22528 252 22784 252 23040 253 23296 254 23552 23807 47360 255 47616 253 47872 2815 50688 255 50944 255 51200 254 51456 254 51712 254 51968 254 52224 254 52480 254 52736 253 52992 253 53248 253 53504 253 53760 253 54016 253 54272 253 54528 253 54784 253 55040 254 55296 255 55552 2815 58368 254 58624 254 58880 239 59120 253 59377 1 59380 249 59637 248 59894 249 60149 252 60405 5131
305222,0 65536
308936,0 30302 30305 35231
315120,0 1 14 75 93 47 211 5 218 38 266 80 349 47 467 4 474 26 505 2 508 4 521 132 724 3 730 22 765 3 774 9 785 124 985 18 1021 1 1029 7 1042 123 1241 18 1276 2 1283 9 1297 122 1496 18 1531 4 1539 9 1552 123 1753 16 1787 143 2010 14 2043 142 2267 10 2299 5 2307 8 2323 115 2495 1 2525 7 2556 2 2563 6 2579 114 2782 5 2824 1 2835 110 3039 3 3091 109 3348 109 3604 109 3859 107 3968 1 4115 106 4368 110 4480 1 4623 115 4880 101 4986 9 5137 100 5243 9 5375 1 5393 100 5498 11 5631 1 5649 100 5753 12 5887 1 5905 101 6008 13 6158 1 6161 116 6414 1 6416 117 6672 4 6680 109 6929 2 6935 110 7190 110 7440 102 7543 13 7696 102 7800 10 7942 1 7951 114 8079 4 8197 4 8206 114 8335 5 8449 6 8461 115 8591 5 8705 5 8716 117 8847 4 8960 5 8971 120 9216 5 9227 121 9472 5 9482 122 9728 5 9738 125 9984 4 9993 129 10240 3 10247 134 10497 1 10503 136 10758 139 10899 3 10987 3 11014 145 11241 9 11270 147 11496 12 11521 151 11751 23 11776 142 11920 8 11933 1 12006 167 12179 5 12189 1 12261 168 12436 4 12516 169 12692 10 12772 169 12948 10 13027 170 13204 10 13282 171 13460 11 13537 172 13716 12 13738 4 13791 175 13971 13 13993 7 14022 6 14045 195 14248 14 14277 19 14298 199 14504 15 14531 223 14759 17 14784 227 15014 20 15037 8022 23061 254 23316 253 23571 6124 29696 255 29952 255 30208 35328
317877,1827 5 2080 9 2336 10 2591 12 2607 2 2847 20 3103 21 3359 21 3614 22 3870 22 4125 22 4382 16 4638 8 4650 1 4896 4 6724 2 6979 4 7235 4 7491 4 7718 1 7748 3 7973 5 8228 6 8483 9 8495 6 8738 19 8994 20 9250 1 9253 5 9260 10 9516 9 9760 1 9772 9 10015 2 10026 11 10270 3 10281 12 10527 2 10537 13 10783 2 10793 14 11038 5 11049 14 11294 6 11305 14 11551 6 11562 13 11808 5 11818 12 12075 10 12332 8 12591 7 12848 7 13103 9 13341 2 13359 10 13597 3 13608 1 13616 10 13853 3 13862 4 13872 11 14109 3 14118 4 14128 11 14365 2 14374 5 14384 11 14631 4 14640 10 14889 3 14897 7 15148 12 15404 11 15661 9 15918 6 15993 2 16248 4 16504 5 16761 2 16771 5 17025 7 17281 8 17536 9 17793 8 18049 8 18306 7 18564 5 19007 2 19016 1 19263 3 19271 4 19518 4 19526 5 19774 5 19781 7 19808 5 19910 3 20029 7 20037 7 20062 8 20165 5 20283 9 20293 7 20317 9 20421 5 20527 3 20536 20 20571 12 20677 5 20782 5 20790 24 20824 16 20934 3 21038 6 21045 27 21079 18 21293 36 21334 19 21548 38 21589 21 21804 62 22059 63 22316 61 22572 61 22829 59 23089 53 23237 1 23346 51 23493 2 23602 50 23748 3 23859 49 24115 49 24317 2 24373 47 24561 5 24572 2 24630 46 24816 9 24828 2 24887 45 25071 12 25088 3 25144 44 25327 13 25344 4 25400 43 25583 12 25600 5 25657 42 25800 3 25839 12 25856 5 25914 41 26056 4 26096 11 26112 5 26171 39 26311 6 26353 9 26368 5 26426 41 26567 6 26609 8 26624 4 26681 15 26699 24 26822 8 26865 8 26880 4 26936 16 26956 24 27077 8 27121 7 27136 3 27192 15 27213 24 27333 8 27377 6 27392 2 27448 15 27469 23 27590 6 27634 4 27705 14 27726 22 27962 4 27969 6 27981 22 28226 4 28236 22 28484 2 28491 22 28745 20 28998 23 29253 23 29508 24 29763 25 30019 26 30065 3 30275 27 30319 7 30531 28 30571 12 30787 30 30824 17 31044 30 31079 19 31300 31 31335 20 31554 34 31589 23 31807 61 32063 61 32318 63 32575 62 32831 62 33087 63 33343 64 33599 64 33856 63 34112 7 34123 52 34369 5 34385 46 34626 1 34644 43 34901 42 35157 41 35414 12 35429 24 35670 12 35685 23 35925 13 35941 22 36181 13 36198 20 36437 12 36454 20 36493 5 36693 37 36748 7 36949 38 37003 9 37205 39 37253 15 37461 40 37507 16 37717 41 37762 18 37973 43 38017 19 38222 70 38478 71 38733 73 38988 75 39244 77 39441 5 39500 78 39694 9 39756 79 39948 11 40012 80 40205 9 40268 80 40462 8 40525 80 40718 7 40784 78 40975 6 41042 76 41232 3 41299 76 41556 75 41740 3 41806 3 41813 74 41995 4 42061 5 42069 74 42251 4 42316 8 42325 74 42571 22 42596 58 42825 19 42845 2 42853 56 43080 19 43106 59 43335 19 43360 60 43591 19 43615 61 43847 18 43871 60 44029 1 44103 12 44127 60 44283 5 44359 11 44383 59 44454 3 44537 7 44615 11 44640 57 44709 6 44789 11 44871 12 44895 57 44956 2 44965 7 45044 12 45127 13 45150 59 45210 4 45220 8 45300 12 45383 13 45404 66 45476 9 45548 2 45555 13 45639 14 45658 69 45732 10 45802 7 45810 14 45895 15 45913 71 45988 10 46056 24 46151 90 46243 12 46311 25 46408 103 46566 26 46665 37 46703 65 46822 26 46922 35 46959 65 47077 27 47178 34 47216 64 47333 27 47434 33 47471 65 47589 27 47690 33 47727 66 47844 28 47946 32 47983 66 48100 28 48202 31 48238 67 48356 28 48458 31 48494 69 48612 28 48714 31 48750 72 48868 28 48970 31 49007 73 49102 2 49125 26 49227 31 49264 74 49358 4 49382 7 49392 14 49487 27 49520 76 49614 5 49640 4 49648 13 49743 27 49776 82 49870 7 49904 11 50000 26 50032 83 50127 7 50161 8 50256 26 50286 86 50374 6 50383 8 50417 4 50512 26 50541 96 50638 11 50769 24 50797 109 50913 4 51025 23 51053 109 51168 6 51282 22 51309 110 51424 8 51538 22 51565 66 51634 54 51794 22 51822 3 51827 59 51891 53 52050 22 52078 2 52083 59 52147 33 52184 16 52306 23 52334 2 52339 48 52404 31 52440 16 52561 25 52590 2 52595 46 52660 31 52695 7 52705 1 52708 5 52817 25 52846 1 52851 46 52916 31 52951 7 52966 6 53072 26 53102 1 53106 46 53172 14 53188 16 53207 7 53224 6 53328 25 53362 47 53422 2 53429 7 53437 6 53444 17 53462 8 53481 5 53584 24 53617 49 53669 3 53676 6 53686 3 53693 26 53737 5 53840 24 53873 66 53948 27 53993 5 54096 23 54129 66 54204 26 54250 4 54352 23 54384 67 54459 24 54506 3 54608 23 54640 67 54715 17 54737 1 54762 3 54865 22 54896 66 54971 15 55018 2 55121 22 55152 66 55226 13 55248 1 55377 22 55410 64 55481 13 55500 6 55633 22 55666 63 55737 13 55756 6 55814 5 55888 22 55922 63 55992 13 56010 8 56064 12 56143 23 56178 62 56248 12 56265 9 56320 13 56398 25 56433 63 56504 14 56519 12 56576 13 56653 26 56688 63 56761 27 56832 12 56908 27 56944 63 57018 26 57089 10 57164 27 57199 63 57275 25 57348 7 57419 28 57455 64 57538 18 57604 6 57675 28 57711 65 57794 18 57861 5 57932 26 57966 66 58049 19 58117 4 58188 26 58221 68 58304 19 58373 4 58444 24 58476 69 58561 18 58629 4 58700 23 58731 70 58804 2 58819 16 58885 4 58956 23 58986 77 59068 2 59076 14 59141 3 59213 21 59242 78 59324 3 59338 8 59397 2 59470 19 59498 77 59579 5 59596 5 59726 19 59754 75 59834 7 59854 2 59982 19 60010 6 60019 65 60091 9 60104 14 60237 20 60267 4 60276 64 60347 27 60494 19 60524 1 60533 55 60589 6 60604 7 60615 15 60750 18 60789 40 60831 13 60846 5 60861 5 60871 17 61006 17 61046 34 61089 11 61102 5 61130 17 61263 6 61271 7 61296 1 61303 32 61345 11 61358 6 61389 15 61518 15 61553 2 61560 29 61602 18 61647 13 61773 14 61809 4 61816 28 61859 19 61904 12 62028 15 62066 1 62074 25 62116 18 62161 9 62284 16 62330 24 62373 17 62418 6 62541 16 62587 25 62630 16 62657 2 62798 16 62843 28 62887 14 62912 4 63055 16 63099 29 63144 13 63168 4 63312 16 63354 31 63400 13 63424 3 63567 17 63610 2 63614 28 63657 11 63812 1 63822 19 63866 2 63870 28 63914 9 64066 5 64078 19 64104 3 64121 3 64126 28 64173 5 64321 7 64333 20 64359 5 64376 4 64383 28 64416 1 64576 9 64590 19 64614 7 64633 2 64640 27 64832 10 64846 19 64870 7 64897 9 64911 12 65088 10 65102 19 65125 8 65157 1 65159 2 65168 10 65279 1 65344 10 65359 17 65381 8 65394 4 65425 9 65534 2
326172,0 124 136 9 152 230 390 252 645 259 906 10 918 242 1164 8 1174 242 1421 7 1429 245 1676 63860
331069,27 23 59 62 128 2 144 7 163 17 186 66 281 24 315 61 401 5 419 16 442 66 537 23 571 61 659 2 676 13 698 66 792 22 828 59 933 11 954 65 1048 20 1085 58 1190 9 1210 65 1303 19 1342 57 1448 6 1466 65 1534 2 1559 18 1599 55 1706 1 1722 64 1788 4 1815 17 1855 54 1977 64 2044 4 2070 17 2112 53 2230 66 2300 4 2326 18 2369 53 2480 72 2556 4 2582 19 2626 54 2692 2 2735 73 2812 4 2837 21 2862 5 2882 55 2946 11 2989 76 3069 4 3078 6 3091 33 3138 56 3202 14 3245 76 3328 53 3394 59 3457 16 3501 75 3584 53 3649 62 3713 18 3757 75 3840 44 3886 7 3904 83 4012 77 4096 44 4145 4 4158 86 4268 70 4342 5 4352 44 4411 26 4441 59 4523 74 4598 7 4608 44 4661 31 4697 59 4778 85 4864 45 4917 95 5034 131 5172 96 5290 131 5428 96 5546 131 5683 98 5803 130 5940 97 6059 130 6196 97 6315 130 6451 64 6518 31 6570 131 6707 63 6775 30 6825 132 6963 62 7032 29 7081 132 7219 62 7289 28 7336 133 7475 62 7547 26 7592 133 7731 63 7807 21 7849 132 7987 63 8064 20 8106 131 8243 63 8321 19 8362 131 8497 66 8579 17 8618 132 8752 68 8841 11 8873 133 9007 71 9102 4 9127 209 9339 3 9383 216 9639 217 9895 217 10151 218 10408 222 10665 223 10923 222 11181 221 11437 223 11693 226 11950 226 12183 3 12206 226 12438 6 12463 238 12719 239 12976 238 13231 240 13487 242 13732 2 13743 248 14000 246 14257 244 14514 243 14771 243 15029 248 15288 37 15327 208 15546 32 15586 206 15802 31 15843 206 16058 30 16099 207 16313 31 16355 207 16569 31 16611 209 16824 33 16865 250 17116 3361 20480 251 20736 168 20906 80 20992 167 21163 78 21248 167 21420 80 21504 167 21677 79 21760 167 21934 78 22016 166 22191 77 22272 165 22447 77 22528 163 22702 77 22784 161 22958 77 23040 160 23214 77 23296 128 23429 26 23470 76 23552 126 23686 14 23702 8 23727 75 23808 125 23955 11 23985 72 24064 55 24123 64 24211 11 24244 33 24279 33 24320 55 24380 63 24467 12 24501 32 24536 30 24576 55 24638 61 24722 13 24759 29 24792 28 24832 56 24898 57 24978 13 25016 9 25030 14 25049 26 25088 57 25155 56 25234 14 25273 7 25289 10 25306 25 25344 57 25413 54 25489 15 25533 1 25545 11 25563 24 25600 58 25670 51 25744 16 25802 11 25822 21 25856 58 25925 50 25999 17 26057 14 26078 21 26112 58 26180 47 26255 16 26312 16 26334 21 26368 58 26435 47 26511 15 26567 20 26590 20 26624 57 26690 48 26746 8 26767 14 26823 43 26880 56 26946 50 26999 12 27023 14 27079 42 27136 8 27149 43 27202 67 27279 14 27334 43 27408 37 27458 68 27535 14 27590 43 27666 32 27717 66 27791 15 27840 48 27923 6 27930 22 27973 3 27983 57 28046 17 28095 48 28189 17 28228 3 28239 81 28350 30 28382 16 28446 8 28457 3 28484 5 28496 80 28605 30 28639 14 28692 3 28705 2 28739 7 28752 81 28860 29 28896 12 28946 9 28995 7 29007 82 29116 26 29152 11 29202 11 29250 9 29263 83 29371 26 29409 2 29415 2 29458 12 29506 10 29517 85 29626 26 29696 1 29714 13 29762 96 29877 31 29952 1 29971 13 30018 96 30133 30 30208 1 30227 13 30275 95 30389 4 30394 24 30464 2 30484 12 30530 97 30645 30 30720 2 30742 10 30785 98 30900 31 30959 5 30976 3 30982 11 31000 7 31040 99 31155 32 31214 7 31232 19 31259 3 31295 100 31406 37 31460 17 31488 19 31551 100 31661 38 31712 22 31741 23 31806 101 31910 45 31967 53 32062 149 32222 54 32318 148 32476 56 32573 148 32731 56 32829 148 32986 57 33085 147 33242 57 33341 147 33497 59 33598 145 33752 61 33842 2 33854 145 34006 64 34096 5 34111 145 34260 66 34351 7 34369 212 34605 10 34627 210 34860 11 34875 6 34884 208 35115 232 35370 214 35585 18 35626 115 35745 95 35843 3 35851 6 35882 114 36001 95 36109 3 36138 114 36257 95 36394 114 36513 98 36650 113 36769 100 36906 113 37025 101 37161 114 37280 105 37415 116 37535 108 37668 118 37791 110 37921 121 38045 112 38175 122 38301 113 38430 121 38556 114 38685 121 38814 113 38941 112 39071 113 39196 109 39327 114 39452 107 39583 117 39708 106 39839 119 39963 107 40095 232 40350 236 40606 238 40862 8 40872 228 41119 6 41129 229 41377 3 41385 233 41641 234 41897 235 42154 234 42410 233 42662 237 42916 237 43168 240 43422 241 43677 240 43932 239 44188 242 44443 245 44697 248 44952 250 45206 1909 47119 251 47375 248 47631 247 47886 247 48141 247 48397 246 48652 244 48908 244 49164 244 49420 244 49677 243 49934 242 50190 242 50446 242 50703 241 50960 240 51217 239 51474 238 51731 237 51988 236 52245 235 52502 234 52758 234 53015 233 53272 232 53523 3 53528 232 53778 238 54033 239 54288 240 54529 3 54543 247 54798 250 55053 266 55325 250 55585 247 55842 246 56100 245 56357 245 56615 243 56872 243 57129 243 57385 244 57640 247 57891 1305 59199 253 59456 252 59712 252 59969 252 60225 254 60481 2087 62571 149 62721 101 62828 85 62914 62 62977 100 63086 82 63172 60 63234 98 63343 81 63430 58 63489 98 63600 80 63686 157 63858 77 63942 156 64115 77 64197 157 64372 76 64452 158 64629 151 64789 77 64886 151 65046 76 65142 151 65303 75 65398 138
332934,0 65536
337798,22610 1 25672 1
349461,0 65536
372637,0 58 70 21 102 26 140 6 153 88 248 67 328 19 357 28 394 10 408 89 501 70 585 19 612 30 646 108 756 71 842 20 868 216 1098 23 1123 218 1355 244 1611 244 1867 245 2124 10 2135 142 2278 3 2283 86 2381 7 2392 140 2534 2 2539 87 2637 7 2649 143 2794 89 2894 5 2904 236 3150 4 3160 243 3405 4 3415 250 3669 3498 7168 254 7424 254 7680 254 7936 254 8192 254 8448 255 8704 2047 10752 255 11008 254 11264 253 11520 141 11665 108 11776 140 11921 107 12032 140 12177 106 12288 141 12433 105 12544 142 12689 105 12800 74 12875 177 13056 253 13312 76 13389 176 13568 838 14407 255 14663 254 14919 254 15175 253 15431 253 15686 254 15942 697 16640 255 16896 255 17152 3406 20559 27 20588 224 20826 16 20843 223 21083 15 21099 223 21339 15 21355 222 21582 1 21596 14 21611 222 21856 9 21868 221 22096 1 22115 6 22125 182 22309 36 22351 2 22372 5 22381 181 22566 35 22606 3 22616 1 22629 3 22637 183 22821 36 22860 5 22884 4 22892 195 23090 22 23115 6 23140 4 23147 14 23163 177 23342 1 23347 22 23371 6 23395 21 23417 178 23600 1 23604 21 23628 6 23650 20 23672 179 23860 21 23884 7 23905 202 24117 20 24140 9 24158 6 24165 199 24376 15 24396 9 24414 2 24417 2 24422 153 24576 44 24632 1 24639 7 24652 8 24662 1 24666 6 24678 1 24682 4 24689 3 24693 137 24832 50 24895 7 24909 11 24921 6 24938 4 24945 140 25088 51 25152 6 25165 17 25195 5 25201 139 25344 53 25408 6 25422 15 25449 147 25600 32 25633 20 25663 7 25681 12 25704 148 25856 31 25891 19 25919 7 25937 14 25961 149 26112 30 26150 16 26174 8 26191 20 26219 180 26407 16 26429 8 26445 23 26475 180 26664 1 26667 26 26700 24 26731 64 26796 94 26891 21 26919 2 26925 24 26956 25 26987 158 27148 21 27172 5 27183 21 27212 25 27243 37 27281 111 27394 7 27404 30 27439 21 27468 20 27489 3 27496 152 27653 4 27660 31 27697 18 27724 14 27741 3 27751 153 27910 3 27916 32 27951 20 27980 15 27998 1 28007 151 28160 1 28167 1 28172 55 28236 12 28249 4 28262 150 28416 4 28429 54 28492 12 28505 8 28518 151 28672 5 28686 35 28723 16 28749 11 28761 8 28774 47 28824 101 28928 5 28942 35 28981 14 29005 21 29030 46 29081 100 29184 11 29197 36 29238 13 29260 71 29338 1 29342 4 29347 92 29440 49 29496 7 29516 70 29599 2 29605 90 29696 48 29753 5 29775 66 29863 137 30011 3 30031 59 30119 138 30268 3 30287 57 30372 123 30497 16 30524 2 30544 24 30569 29 30627 110 30740 7 30754 15 30794 1 30800 23 30826 26 30883 110 30996 7 31012 13 31048 4 31056 10 31067 11 31083 25 31139 109 31249 9 31271 9 31304 5 31312 10 31323 10 31340 23 31395 109 31505 7 31520 1 31527 8 31559 6 31568 10 31579 10 31596 1 31600 18 31651 109 31761 6 31774 5 31784 7 31805 1 31815 7 31823 9 31836 9 31852 1 31856 1 31864 7 31907 11 31920 104 32030 7 32041 3 32061 2 32071 7 32079 11 32091 13 32106 3 32121 5 32163 8 32177 103 32284 10 32317 2 32327 38 32378 3 32418 9 32431 1 32434 102 32540 10 32573 2 32583 37 32674 9 32690 103 32796 10 32830 2 32839 37 32884 2 32929 10 32946 103 33052 12 33084 5 33095 28 33125 7 33140 3 33185 11 33202 67 33272 27 33302 1 33309 11 33325 6 33340 5 33351 3 33356 22 33382 5 33395 5 33442 10 33457 67 33530 25 33563 13 33580 8 33595 6 33608 1 33611 23 33652 4 33698 82 33788 22 33818 29 33849 7 33867 23 33909 3 33953 83 34048 18 34072 40 34122 28 34207 85 34304 18 34327 41 34378 33 34462 87 34560 17 34583 41 34634 3 34640 31 34720 85 34816 17 34839 41 34896 32 34930 1 34971 2 34979 82 35072 16 35095 13 35109 25 35152 35 35236 80 35328 16 35352 11 35367 23 35407 36 35480 1 35493 79 35584 16 35608 12 35622 24 35663 36 35750 78 35840 16 35864 38 35919 36 35974 1 35986 2 36007 76 36096 17 36120 38 36161 9 36175 9 36185 25 36228 5 36241 4 36263 75 36352 17 36377 50 36430 10 36441 24 36483 6 36496 7 36504 3 36516 78 36608 18 36633 50 36686 36 36739 6 36751 12 36771 79 36864 19 36890 50 36941 40 36994 7 37007 17 37026 80 37120 19 37146 92 37249 7 37262 100 37376 19 37402 4 37407 87 37505 7 37518 85 37606 12 37632 19 37659 2 37664 72 37739 12 37762 2 37766 1 37775 84 37861 13 37888 20 37916 3 37920 52 37973 19 37997 10 38031 84 38116 14 38144 20 38172 3 38177 71 38253 9 38287 99 38400 20 38427 4 38434 71 38509 9 38544 97 38656 20 38684 4 38691 17 38711 2 38715 47 38765 7 38800 96 38912 21 38940 4 38947 18 38967 2 38971 49 39021 2 39056 96 39168 21 39198 3 39203 19 39223 3 39227 49 39313 71 39386 22 39424 22 39455 2 39459 7 39467 65 39544 1 39569 69 39642 22 39680 22 39715 7 39723 47 39779 7 39800 1 39825 68 39897 23 39936 22 39972 6 39979 17 39997 17 40015 11 40038 4 40056 1 40082 66 40152 25 40192 22 40229 6 40239 12 40254 15 40271 10 40294 4 40312 1 40338 65 40408 26 40448 22 40487 4 40496 10 40510 16 40527 10 40550 3 40596 63 40665 26 40704 23 40743 3 40753 9 40766 27 40805 4 40854 61 40919 1 40922 7 40930 20 40958 25 41000 2 41009 7 41022 28 41061 4 41110 61 41175 9 41186 21 41213 26 41265 6 41278 29 41317 4 41358 4 41366 60 41431 8 41442 21 41469 25 41517 9 41535 5 41541 21 41573 6 41596 2 41611 8 41623 54 41687 7 41698 21 41725 25 41770 12 41791 5 41797 21 41828 7 41852 2 41867 8 41879 53 41955 19 41981 25 42025 13 42047 5 42053 21 42084 6 42108 3 42121 9 42136 52 42212 9 42223 7 42237 20 42259 3 42281 14 42305 24 42340 5 42364 4 42372 1 42376 9 42392 50 42463 1 42469 7 42478 8 42493 19 42528 7 42537 14 42561 22 42597 3 42620 18 42648 48 42719 1 42726 15 42750 17 42780 12 42793 15 42818 19 42853 3 42876 17 42905 46 42973 3 42983 14 43006 17 43035 29 43066 2 43074 17 43110 2 43132 14 43162 44 43228 5 43242 10 43264 15 43290 30 43321 5 43330 16 43366 2 43388 14 43421 41 43478 2 43484 6 43498 9 43520 16 43545 31 43577 25 43622 1 43644 14 43678 39 43731 5 43739 8 43754 8 43776 17 43801 18 43821 11 43833 26 43878 1 43900 15 43934 14 43949 25 43987 17 44010 8 44032 18 44057 17 44079 9 44089 26 44155 17 44191 39 44246 17 44266 8 44288 19 44314 16 44336 8 44346 25 44398 4 44411 18 44436 2 44448 38 44502 18 44523 7 44544 19 44570 16 44592 8 44602 26 44654 4 44667 20 44691 3 44704 38 44759 17 44780 6 44796 24 44825 16 44848 37 44910 4 44923 20 44948 2 44960 10 44972 26 45016 16 45036 6 45050 26 45081 16 45104 39 45154 3 45166 4 45180 18 45217 9 45228 26 45265 2 45273 14 45293 5 45305 29 45335 19 45358 42 45410 4 45424 1 45436 18 45473 37 45520 4 45530 13 45549 6 45561 49 45611 46 45665 5 45698 12 45729 37 45776 4 45790 8 45806 7 45817 97 45920 6 45954 13 45985 36 46032 4 46047 6 46062 9 46074 96 46176 6 46210 13 46242 35 46287 5 46304 4 46317 10 46331 3 46336 90 46431 8 46467 12 46498 35 46542 6 46573 11 46587 1 46592 87 46682 3 46687 9 46723 12 46754 34 46797 7 46829 13 46848 83 46937 5 46943 9 46980 11 47010 34 47051 9 47086 16 47104 82 47192 7 47201 8 47215 2 47236 12 47266 7 47275 26 47306 11 47320 2 47333 1 47343 99 47448 7 47457 9 47471 2 47492 12 47522 5 47532 47 47587 5 47600 99 47703 8 47714 8 47724 1 47748 13 47778 5 47789 46 47842 7 47857 99 47958 9 47971 7 47980 1 48004 15 48034 5 48046 47 48096 10 48114 98 48213 21 48259 16 48291 4 48303 60 48370 50 48422 68 48515 16 48547 6 48560 60 48625 4 48630 45 48680 66 48750 1 48754 2 48770 17 48804 8 48816 69 48889 41 48937 52 48993 3 48997 22 49026 5 49033 10 49061 80 49146 40 49193 51 49249 3 49253 23 49282 5 49291 9 49318 81 49403 39 49449 17 49467 32 49504 4 49509 23 49537 6 49547 9 49574 61 49637 1 49641 14 49659 40 49705 16 49725 30 49760 29 49793 6 49804 9 49830 60 49900 11 49916 40 49963 13 49981 30 50016 29 50049 6 50061 9 50086 60 50158 10 50172 43 50220 12 50238 29 50271 32 50306 4 50317 11 50342 58 50413 10 50429 42 50480 10 50494 18 50513 8 50527 19 50547 12 50563 3 50573 13 50598 58 50669 10 50685 43 50737 12 50751 16 50770 7 50782 20 50806 8 50820 1 50830 13 50854 59 50926 8 50941 44 50993 12 51007 16 51028 6 51038 13 51055 2 51062 8 51086 15 51110 59 51183 3 51197 28 51227 14 51249 9 51264 14 51286 6 51293 13 51317 10 51342 21 51365 61 51453 28 51482 16 51505 9 51528 4 51543 19 51570 14 51597 89 51710 44 51761 8 51784 1 51800 18 51825 16 51852 90 51965 44 52017 7 52056 18 52080 18 52106 93 52204 6 52221 44 52273 6 52312 18 52336 59 52397 69 52477 43 52529 6 52568 17 52591 59 52654 69 52733 42 52785 6 52824 17 52847 52 52901 5 52910 69 52990 2 52993 37 53041 6 53080 16 53102 52 53167 64 53232 4 53246 2 53249 37 53297 7 53337 3 53345 7 53357 56 53423 69 53502 2 53506 36 53553 7 53594 1 53602 5 53614 55 53680 68 53762 18 53783 9 53794 5 53809 5 53858 6 53870 56 53936 69 54012 3 54018 18 54040 6 54050 5 54065 5 54080 1 54114 6 54127 56 54193 69 54264 7 54275 16 54305 4 54321 6 54335 2 54369 7 54384 15 54404 10 54415 8 54426 1 54430 10 54445 81 54531 16 54560 4 54577 17 54624 8 54640 14 54661 7 54674 3 54689 93 54787 16 54817 2 54833 18 54879 8 54898 11 54917 6 54946 91 55044 15 55069 2 55090 18 55134 9 55155 10 55171 7 55204 88 55309 5 55325 2 55346 18 55390 9 55411 10 55426 5 55462 85 55566 3 55581 3 55603 21 55645 12 55666 12 55680 4 55685 2 55719 83 55837 4 55860 21 55900 12 55923 20 55975 82 56093 4 56116 22 56156 12 56180 2 56183 16 56232 81 56349 4 56372 22 56411 7 56441 14 56488 82 56576 1 56606 3 56628 6 56637 14 56653 20 56698 14 56744 83 56832 1 56884 3 56894 31 56954 14 56999 84 57088 2 57091 2 57105 5 57139 3 57150 30 57196 1 57210 14 57254 85 57344 5 57351 5 57361 7 57394 5 57406 30 57452 1 57467 13 57508 87 57600 15 57616 9 57650 2 57653 2 57661 31 57706 6 57723 13 57749 1 57763 89 57856 3 57862 7 57872 10 57909 3 57916 14 57932 15 57961 7 57980 12 58005 1 58018 90 58118 4 58123 2 58128 10 58165 17 58190 12 58217 8 58238 10 58260 3 58273 89 58374 7 58385 9 58421 5 58427 4 58446 16 58475 7 58497 7 58518 2 58529 90 58627 2 58630 7 58643 8 58677 5 58702 18 58732 6 58756 3 58774 3 58785 90 58900 6 58934 4 58957 21 58987 8 59028 4 59042 90 59157 5 59190 4 59212 23 59243 8 59276 2 59283 5 59299 89 59392 2 59413 6 59446 4 59467 27 59495 13 59555 89 59648 3 59669 7 59702 4 59714 52 59812 89 59904 5 59926 7 59959 2 59969 54 60067 90 60160 7 60182 10 60223 57 60323 53 60378 35 60416 7 60438 11 60479 58 60578 54 60634 36 60672 8 60684 5 60696 9 60735 58 60834 54 60889 37 60928 18 60951 10 60988 62 61090 52 61146 37 61184 18 61207 7 61215 4 61242 46 61291 15 61345 52 61402 56 61463 12 61497 45 61551 11 61602 51 61658 56 61719 12 61751 46 61808 10 61859 49 61914 38 61954 14 61975 9 62004 51 62064 11 62116 48 62168 40 62211 9 62230 9 62259 54 62321 11 62372 48 62424 40 62485 10 62514 56 62578 13 62627 49 62679 40 62741 10 62769 7 62777 15 62793 35 62836 16 62854 1 62883 45 62934 40 62997 9 63025 7 63033 15 63049 36 63090 6 63098 13 63138 39 63180 2 63190 39 63253 8 63281 7 63289 15 63305 37 63345 6 63354 13 63394 36 63445 40 63510 8 63537 71 63609 11 63638 49 63701 41 63768 6 63794 81 63893 50 63957 42 64027 3 64050 80 64148 57 64212 43 64256 1 64284 1 64307 35 64343 43 64404 58 64468 45 64540 1 64563 35 64600 28 64629 13 64660 57 64724 46 64820 34 64858 23 64886 12 64915 42 64962 11 64980 47 65052 2 65078 32 65115 23 65142 12 65171 43 65218 11 65236 48 65307 4 65335 20 65357 10 65371 24 65397 14 65427 31 65463 7 65474 12 65492 43
373056,0 65536
386606,0 65536
391427,20 6 80 23 231 6 249 7 276 6 336 9 347 5 353 6 488 4 505 7 532 5 592 7 605 11 745 1 761 7 788 5 850 2 862 11 952 6 1017 7 1044 4 1117 14 1191 4 1206 8 1221 1 1274 6 1298 6 1372 16 1446 6 1460 10 1474 8 1553 6 1628 16 1700 8 1715 12 1729 11 1783 1 1809 6 1884 17 1956 9 1971 26 2037 4 2066 3 2140 17 2212 9 2227 27 2292 6 2397 9 2407 6 2469 7 2483 27 2548 6 2654 15 2726 6 2739 27 2804 6 2901 5 2911 14 2985 4 2995 28 3060 6 3155 8 3167 14 3223 5 3242 4 3251 18 3272 7 3316 5 3409 10 3423 14 3474 11 3498 6 3507 17 3528 8 3574 2 3664 12 3680 12 3728 14 3753 8 3764 16 3785 7 3920 12 3936 11 3983 16 4006 12 4020 16 4041 8 4175 14 4192 9 4238 17 4261 13 4276 16 4297 7 4431 14 4448 7 4492 20 4517 3 4523 4 4532 16 4554 6 4680 22 4703 8 4746 23 4772 3 4780 2 4788 15 4810 6 4935 23 4959 8 5001 27 5036 2 5043 16 5066 5 5191 22 5215 7 5256 27 5292 3 5299 15 5324 2 5335 4 5447 21 5471 7 5512 27 5547 23 5591 5 5703 20 5728 5 5768 27 5802 24 5847 5 5959 19 6024 27 6058 23 6103 5 6204 4 6216 18 6280 27 6314 23 6360 4 6458 7 6472 8 6481 9 6535 28 6570 23 6713 8 6729 7 6739 7 6791 15 6810 10 6826 22 6969 9 6986 6 6995 7 7046 16 7067 9 7083 20 7224 10 7243 5 7252 6 7301 17 7323 10 7340 18 7479 10 7498 6 7509 4 7557 16 7579 10 7598 15 7734 11 7754 6 7814 15 7836 9 7854 15 7989 12 8010 7 8044 1 8057 4 8070 14 8091 11 8111 13 8244 12 8266 7 8298 6 8307 12 8326 13 8347 11 8367 12 8500 12 8522 8 8554 22 8583 13 8604 10 8623 8 8757 11 8779 7 8810 24 8840 12 8860 9 8879 7 9014 10 9036 7 9066 24 9102 7 9135 7 9270 10 9293 6 9322 24 9360 6 9391 7 9527 9 9549 6 9579 11 9593 10 9616 7 9646 8 9785 8 9806 5 9836 8 9850 9 9871 9 9892 1 9902 8 10043 5 10063 3 10107 8 10121 15 10147 3 10159 7 10301 2 10363 7 10376 17 10403 3 10415 6 10620 6 10632 18 10658 4 10666 1 10877 4 10889 17 10914 4 10920 5 11145 18 11170 4 11175 6 11402 18 11427 3 11431 6 11517 3 11658 18 11687 6 11771 5 11915 17 11944 4 12022 10 12172 16 12200 3 12276 12 12402 4 12429 15 12531 13 12657 6 12686 13 12786 14 12912 8 12942 12 13042 14 13166 10 13198 11 13298 14 13421 12 13454 9 13554 14 13676 13 13710 8 13811 13 13881 2 13931 14 13966 7 14068 12 14136 3 14186 14 14222 5 14326 10 14392 2 14442 13 14479 2 14586 6 14698 12 14716 3 14833 1 14842 6 14954 11 14971 7 15087 3 15098 6 15210 13 15225 9 15343 5 15354 6 15467 24 15598 8 15608 8 15720 27 15854 18 15976 26 16111 14 16230 29 16367 13 16484 33 16623 13 16739 36 16881 8 16994 38 17139 5 17250 38 17506 38 17763 37 18020 35 18276 35 18532 35 18777 4 18788 34 19028 10 19044 34 19283 11 19300 33 19538 13 19556 31 19794 12 19811 29 20050 12 20067 28 20184 2 20306 12 20323 19 20438 7 20563 10 20578 20 20693 13 20820 10 20833 21 20948 15 21076 10 21089 20 21203 17 21333 9 21343 22 21459 18 21590 30 21715 18 21760 2 21832 4 21847 7 21855 20 21971 18 22016 3 22086 7 22104 3 22111 7 22119 11 22174 3 22228 17 22272 3 22342 7 22368 5 22382 1 22429 5 22484 17 22528 4 22598 7 22684 7 22742 15 22784 6 22854 7 22941 5 22998 15 23040 8 23110 6 23197 4 23255 13 23296 10 23366 7 23511 13 23552 11 23623 6 23768 12 23808 11 23879 5 24025 10 24064 11 24136 3 24282 9 24320 11 24391 4 24542 4 24576 11 24646 5 24832 11 24902 5 25088 12 25159 4 25344 12 25415 3 25600 13 25671 2 25838 3 25856 14 26094 6 26112 15 26307 6 26350 7 26368 15 26562 8 26606 7 26624 4 26630 11 26818 9 26862 8 26873 4 26880 4 26887 5 26895 2 27073 9 27118 16 27136 4 27152 1 27328 10 27374 17 27392 6 27580 2 27585 8 27629 18 27648 8 27670 2 27836 2 27842 6 27884 18 27904 9 27923 6 28091 3 28099 5 28140 18 28160 10 28178 7 28347 3 28356 3 28397 6 28404 9 28420 6 28434 7 28660 9 28677 6 28689 8 28898 4 28916 9 28934 7 28944 8 29152 7 29172 10 29191 15 29219 1 29407 9 29427 11 29448 9 29458 3 29474 3 29516 1 29641 4 29662 10 29682 12 29704 7 29730 4 29768 7 29897 6 29917 11 29937 12 29959 7 29988 3 30021 11 30152 8 30172 12 30192 12 30213 9 30245 3 30276 12 30408 9 30425 15 30448 11 30468 11 30489 4 30502 3 30531 13 30665 8 30680 16 30703 12 30723 15 30744 6 30760 1 30786 15 30921 8 30936 16 30959 12 30976 20 31000 7 31017 2 31041 16 31066 1 31178 7 31192 14 31215 12 31232 34 31273 3 31296 16 31319 10 31375 6 31436 5 31448 12 31471 11 31488 35 31529 3 31552 17 31573 13 31631 8 31694 2 31702 11 31728 8 31744 36 31785 4 31808 37 31887 12 31956 10 31985 6 32000 36 32041 4 32064 38 32144 18 32210 10 32242 4 32256 6 32263 29 32297 3 32320 38 32382 3 32404 15 32465 10 32512 6 32520 27 32576 39 32637 5 32661 15 32721 10 32768 6 32776 27 32832 11 32845 26 32889 9 32909 3 32918 15 32977 10 33024 33 33088 3 33101 11 33113 13 33143 11 33164 4 33174 16 33233 11 33280 11 33293 20 33344 1 33357 3 33361 7 33370 12 33395 15 33420 4 33429 17 33489 11 33536 10 33551 10 33562 6 33611 5 33618 6 33626 2 33629 9 33651 15 33675 5 33685 18 33745 11 33793 8 33808 6 33815 2 33818 6 33866 6 33877 6 33886 9 33906 17 33930 6 33940 19 34003 8 34049 5 34065 15 34121 9 34131 20 34162 19 34185 7 34195 21 34260 7 34321 14 34376 31 34418 29 34450 23 34517 5 34577 14 34631 32 34674 28 34706 23 34833 13 34853 3 34885 35 34930 28 34961 24 35089 6 35099 2 35132 1 35140 37 35188 26 35216 25 35337 2 35345 4 35388 1 35396 37 35445 25 35472 24 35590 6 35601 3 35652 37 35702 24 35728 24 35846 8 35857 2 35908 37 35958 23 35984 24 36102 12 36164 37 36215 22 36240 23 36359 11 36423 25 36450 7 36472 22 36495 24 36616 10 36674 1 36681 18 36708 4 36735 40 36873 8 36888 1 36929 3 36939 15 36992 39 37129 8 37142 5 37185 2 37196 2 37203 6 37250 36 37387 5 37396 8 37442 1 37506 36 37652 8 37763 24 37791 6 37909 6 38019 24 38048 3 38166 4 38276 23 38532 23 38788 22 39045 14 39063 3 39303 9 39998 1 40252 1 40447 1 40508 1 40701 3 40955 5 41033 2 41210 6 41287 6 41465 7 41542 7 41720 8 41798 8 41976 9 42054 8 42066 4 42232 11 42302 4 42310 10 42321 6 42488 12 42541 5 42558 5 42567 9 42579 4 42745 11 42796 8 42814 6 42824 7 43001 11 43051 10 43070 7 43081 4 43257 11 43306 12 43326 7 43513 10 43561 13 43582 8 43769 9 43816 14 43838 7 44025 7 44071 14 44094 7 44281 7 44324 8 44335 5 44352 5 44536 8 44579 8 44590 5 44610 1 44767 3 44793 7 44834 9 44845 6 45023 4 45035 1 45049 7 45089 11 45101 7 45279 6 45288 6 45307 5 45344 21 45535 16 45566 2 45600 21 45789 18 45855 23 45940 2 46043 21 46110 25 46195 4 46294 26 46365 27 46420 4 46451 4 46549 28 46620 8 46635 7 46645 4 46675 6 46706 1 46804 30 46876 7 46892 6 46901 4 46930 7 47060 32 47132 6 47148 14 47176 1 47185 7 47309 5 47316 23 47340 10 47388 5 47404 8 47413 6 47432 1 47440 7 47564 35 47600 6 47646 1 47660 6 47671 5 47696 7 47820 37 47858 2 47916 5 47928 5 47952 5 48075 38 48115 1 48171 6 48184 10 48332 26 48360 9 48370 2 48426 6 48440 10 48588 21 48613 12 48626 2 48680 7 48696 11 48847 17 48869 11 48883 1 48936 7 48952 1 48956 7 49105 14 49124 12 49139 1 49191 6 49217 1 49362 14 49379 12 49394 3 49447 4 49576 3 49619 13 49635 11 49649 4 49703 3 49716 3 49746 3 49875 14 49892 7 49900 2 49904 5 49960 1 49971 4 50001 6 50091 1 50131 14 50148 7 50157 1 50160 5 50227 4 50257 7 50349 1 50386 25 50416 4 50483 4 50513 7 50604 3 50642 25 50740 3 50768 8 50860 3 50896 26 51008 1 51024 7 51117 1 51151 27 51263 3 51279 8 51406 26 51519 4 51535 8 51662 22 51769 2 51774 6 51791 7 51918 18 52024 4 52029 7 52048 6 52167 5 52174 16 52280 12 52304 5 52423 23 52536 12 52562 1 52678 23 52793 10 52935 22 53049 9 53192 2 53195 16 53221 1 53305 8 53451 16 53476 4 53561 8 53590 3 53707 10 53718 5 53731 7 53818 6 53963 8 53977 3 53987 7 54065 2 54074 5 54219 8 54234 3 54238 3 54243 8 54321 1 54472 11 54489 18 54725 14 54744 19 54979 16 54999 22 55233 19 55254 19 55274 4 55488 40 55531 4 55744 39 55788 4 55842 2 56000 5 56006 33 56045 3 56097 4 56255 4 56263 32 56301 4 56353 7 56512 2 56519 32 56557 4 56609 8 56774 24 56800 7 56813 4 56865 9 57030 35 57069 3 57120 10 57286 36 57326 2 57376 10 57533 3 57542 36 57615 10 57631 11 57786 6 57797 37 57869 13 57885 13 58041 7 58053 36 58090 3 58119 2 58124 29 58261 5 58295 9 58309 35 58346 4 58381 27 58516 6 58551 8 58564 35 58602 4 58638 25 58771 8 58806 8 58820 33 58857 4 58895 22 59027 7 59061 5 59076 32 59112 5 59152 19 59283 7 59316 5 59332 31 59368 4 59410 16 59540 5 59572 4 59582 36 59624 4 59668 14 59796 4 59827 5 59836 38 59924 14 60083 5 60092 38 60180 14 60338 6 60347 12 60365 22 60437 12 60593 6 60603 11 60624 7 60634 9 60694 11 60846 7 60859 11 60882 3 60892 7 60950 10 61101 8 61115 12 61149 6 61206 9 61355 11 61372 12 61406 4 61439 1 61462 7 61610 30 61662 2 61694 2 61717 7 61866 31 61949 3 61970 2 61976 4 62121 32 62205 3 62225 4 62233 2 62377 31 62461 3 62481 4 62489 2 62633 30 62716 4 62737 4 62889 30 62972 4 63146 28 63228 4 63403 27 63483 5 63660 26 63739 5 63921 20 63996 4 64178 18 64253 3 64434 16 64691 14 64947 13 65203 12 65305 2 65458 11
398196,2523 2 2777 5 3034 5 3290 5 3545 5 3801 5 4056 6 4311 7 4566 7 4822 7 5078 5 5334 4
398477, 
399102,124 4 132 10 148 3 199 13 218 16 240 16 380 4 390 8 404 3 457 11 473 18 492 20 623 3 636 4 646 9 659 4 713 12 726 42 878 5 892 4 903 8 914 5 968 56 1133 6 1150 1 1160 6 1170 5 1224 56 1387 6 1418 3 1428 1 1468 2 1479 57 1643 6 1723 3 1734 58 1899 5 1978 5 1989 59 2156 4 2234 5 2245 1 2250 54 2412 4 2466 4 2490 4 2507 53 2667 5 2691 5 2720 6 2748 1 2765 51 2923 5 2945 8 2975 7 3027 45 3179 5 3200 9 3230 8 3284 44 3435 5 3454 11 3485 9 3540 9 3552 32 3691 4 3709 13 3726 2 3738 11 3797 7 3810 30 3947 3 3964 14 3980 4 3990 14 4055 2 4067 29 4204 1 4219 22 4244 15 4272 1 4324 28 4475 38 4524 2 4528 1 4581 27 4731 36 4779 6 4837 27 4988 35 5032 9 5093 27 5244 35 5288 9 5349 27 5501 33 5544 10 5607 25 5757 33 5794 1 5800 11 5864 24 5995 3 6014 28 6047 6 6055 13 6119 25 6250 9 6270 27 6303 8 6313 13 6374 26 6506 10 6526 23 6560 7 6570 12 6630 26 6762 11 6782 23 6817 6 6826 12 6885 27 7018 12 7038 23 7073 6 7082 12 7140 28 7274 12 7294 22 7329 6 7338 12 7396 28 7530 15 7548 10 7561 10 7586 6 7595 11 7621 1 7639 3 7651 29 7787 23 7818 8 7844 4 7852 6 7860 3 7875 5 7894 5 7907 29 8044 22 8078 2 8109 4 8116 4 8127 9 8149 7 8162 30 8301 13 8315 8 8344 1 8372 5 8383 9 8404 8 8418 25 8446 2 8558 11 8572 7 8599 3 8628 6 8638 10 8659 9 8672 26 8817 7 8829 8 8854 5 8884 6 8894 10 8914 11 8927 20 8948 5 9075 5 9086 7 9110 7 9139 7 9151 10 9167 13 9182 21 9208 2 9333 2 9343 7 9366 7 9385 2 9394 8 9407 11 9422 37 9464 3 9591 2 9600 7 9624 5 9640 4 9650 8 9663 12 9678 39 9720 4 9846 5 9856 8 9882 1 9895 7 9906 7 9920 11 9934 49 10102 5 10114 7 10152 9 10190 50 10358 7 10371 7 10409 8 10446 50 10614 8 10628 6 10667 7 10703 6 10712 40 10870 9 10884 6 10925 6 10969 39 11126 10 11143 3 11181 6 11201 5 11226 36 11382 10 11401 2 11437 6 11454 9 11482 35 11638 11 11657 2 11693 5 11708 13 11736 37 11894 11 11913 2 11949 5 11963 15 11989 40 12068 4 12116 4 12151 11 12168 4 12218 16 12243 40 12321 7 12372 5 12387 5 12398 3 12407 11 12420 11 12474 16 12498 40 12576 8 12628 6 12643 31 12675 13 12696 1 12732 13 12753 40 12830 9 12884 6 12898 31 12931 16 12952 1 12989 12 13006 42 13085 10 13140 6 13154 29 13188 22 13247 8 13260 44 13340 11 13357 5 13396 5 13410 28 13444 22 13504 6 13515 45 13567 1 13595 12 13612 7 13651 5 13665 29 13701 22 13760 6 13771 45 13821 3 13851 11 13868 8 13906 6 13921 30 13958 21 14016 6 14026 46 14076 4 14107 13 14123 9 14155 14 14177 32 14214 22 14270 61 14332 4 14363 26 14396 1 14410 16 14433 35 14470 23 14525 67 14610 1 14620 25 14652 2 14666 16 14689 35 14726 24 14778 70 14863 10 14877 24 14908 2 14922 15 14945 35 14983 23 15033 71 15115 27 15147 10 15178 14 15201 61 15288 72 15370 28 15403 10 15434 13 15457 60 15543 73 15625 30 15660 9 15690 8 15713 55 15798 74 15881 31 15916 9 15946 7 15970 10 15982 26 16011 12 16053 25 16081 46 16138 30 16173 6 16226 9 16238 28 16267 13 16308 25 16337 46 16395 30 16430 4 16482 8 16494 28 16524 13 16564 25 16593 46 16651 29 16739 7 16750 44 16821 24 16849 46 16909 27 16996 4 17006 45 17077 15 17097 4 17104 48 17169 23 17263 45 17335 13 17351 6 17360 48 17428 19 17520 50 17593 11 17606 9 17616 48 17685 17 17768 4 17775 51 17849 11 17862 58 17942 14 18024 59 18105 45 18152 24 18199 4 18280 58 18360 72 18535 36 18573 21 18616 35 18652 36 18694 2 18747 2 18791 35 18830 19 18872 35 18908 36 18949 4 18991 6 19001 5 19047 35 19087 18 19128 31 19160 3 19164 20 19186 14 19204 4 19246 8 19256 6 19304 33 19344 16 19384 72 19459 4 19501 17 19560 33 19601 15 19641 71 19715 4 19757 17 19816 32 19858 13 19897 71 19971 3 20013 18 20073 31 20114 13 20154 70 20227 5 20270 8 20279 7 20329 31 20370 12 20410 18 20429 51 20484 5 20527 4 20535 7 20586 29 20627 11 20666 18 20686 17 20706 30 20740 6 20753 3 20784 4 20790 8 20842 4 20847 23 20883 10 20923 15 20942 17 20962 30 20997 6 21009 4 21042 12 21104 21 21140 9 21181 11 21198 16 21218 30 21253 6 21288 3 21298 12 21361 20 21396 8 21439 9 21453 18 21473 31 21509 6 21543 6 21554 13 21617 20 21651 9 21695 9 21709 37 21751 9 21766 4 21797 8 21810 14 21873 20 21907 9 21951 10 21964 39 22007 9 22047 15 22066 18 22130 18 22162 10 22174 5 22207 11 22220 40 22265 7 22303 14 22322 20 22387 3 22391 13 22419 9 22429 8 22464 10 22475 41 22524 4 22559 10 22577 22 22631 3 22647 12 22675 20 22701 1 22720 9 22731 42 22780 4 22815 10 22833 23 22886 4 22904 11 22932 19 22953 8 22976 53 23036 4 23071 10 23089 23 23142 4 23161 9 23190 28 23232 53 23292 4 23327 5 23334 3 23345 23 23398 4 23417 9 23453 9 23463 11 23488 64 23582 5 23601 23 23654 3 23674 7 23710 2 23714 3 23720 10 23744 64 23839 3 23856 23 23911 2 23931 5 23966 1 23976 10 24000 64 24096 1 24102 2 24112 23 24168 1 24216 7 24232 10 24251 1 24257 63 24321 4 24352 1 24357 3 24367 23 24424 5 24471 9 24488 10 24506 2 24515 67 24590 6 24613 3 24623 23 24680 7 24727 13 24744 9 24762 2 24773 58 24832 6 24844 10 24868 4 24879 23 24936 8 24983 25 25019 1 25031 62 25099 11 25121 7 25135 24 25192 9 25239 24 25288 60 25354 13 25377 8 25391 24 25448 10 25495 23 25533 5 25544 56 25610 13 25633 10 25647 24 25704 10 25734 1 25751 9 25761 7 25770 3 25789 7 25800 52 25866 14 25888 12 25903 24 25961 9 25987 5 26008 8 26017 11 26034 3 26045 7 26056 56 26121 15 26144 39 26218 15 26241 8 26264 19 26289 6 26300 9 26312 56 26378 14 26398 40 26440 1 26476 30 26520 19 26545 7 26556 9 26568 56 26634 15 26653 17 26671 22 26695 5 26736 28 26777 18 26802 8 26811 9 26825 16 26843 37 26891 14 26909 48 26991 29 27023 3 27033 18 27058 18 27084 13 27103 33 27148 12 27165 49 27247 36 27290 17 27316 16 27346 6 27361 31 27405 10 27422 48 27503 37 27546 17 27573 15 27597 1 27604 4 27618 30 27680 46 27759 37 27802 10 27814 6 27830 13 27851 4 27861 3 27875 29 27937 46 28015 37 28057 10 28071 8 28090 9 28105 7 28129 31 28194 46 28271 36 28312 11 28329 7 28347 8 28360 8 28383 33 28451 45 28527 36 28567 13 28582 10 28604 6 28616 9 28631 3 28638 34 28707 46 28785 14 28802 16 28823 24 28861 4 28870 11 28886 37 28964 45 29040 12 29059 14 29079 25 29118 3 29125 12 29143 34 29205 4 29222 43 29294 3 29316 12 29336 24 29381 13 29399 33 29461 4 29480 40 29550 3 29573 10 29592 24 29636 52 29717 4 29736 40 29806 3 29830 9 29851 22 29883 2 29891 52 29974 2 29993 38 30087 7 30111 19 30138 5 30146 52 30249 37 30345 4 30368 21 30393 34 30435 18 30505 35 30589 6 30601 3 30626 5 30638 21 30660 26 30691 18 30762 32 30842 18 30895 12 30911 3 30917 26 30947 18 31019 9 31029 21 31096 20 31152 10 31169 52 31247 3 31276 7 31287 19 31351 21 31408 9 31425 22 31448 29 31502 5 31534 2 31543 22 31607 21 31665 7 31680 41 31728 5 31757 7 31799 23 31862 22 31921 6 31936 6 31952 25 32012 8 32055 23 32116 24 32191 7 32208 21 32230 2 32268 9 32311 23 32369 27 32447 7 32465 1 32469 14 32501 1 32524 8 32568 21 32622 30 32702 8 32726 12 32757 1 32768 3 32779 9 32839 6 32877 32 32958 8 32983 11 33011 1 33024 4 33035 8 33098 1 33132 33 33214 7 33240 10 33280 5 33291 7 33388 34 33470 7 33484 4 33497 7 33536 6 33547 6 33644 35 33727 5 33737 9 33754 4 33775 2 33792 7 33802 7 33901 35 33953 2 33984 3 33992 10 34031 3 34048 7 34059 5 34157 35 34209 4 34248 10 34286 2 34304 7 34317 2 34342 3 34414 35 34464 10 34504 10 34542 2 34560 7 34598 3 34670 35 34720 11 34761 9 34798 2 34816 6 34855 2 34927 35 34964 7 34975 13 35018 7 35069 9 35184 33 35219 9 35231 15 35275 5 35325 8 35443 28 35475 28 35531 5 35579 10 35699 28 35730 30 35787 5 35835 9 35955 17 35973 44 36025 1 36043 5 36090 9 36211 17 36229 26 36260 13 36300 4 36345 9 36467 42 36517 12 36557 2 36601 7 36621 4 36723 41 36776 7 36813 2 36857 7 36876 7 36979 41 37069 2 37113 7 37132 7 37234 43 37326 2 37369 7 37388 9 37489 44 37582 3 37625 7 37644 9 37704 4 37742 48 37839 2 37881 7 37900 10 37958 9 37997 13 38012 34 38095 3 38138 6 38156 10 38214 10 38253 12 38269 32 38351 3 38395 5 38412 10 38469 12 38510 9 38525 32 38607 4 38652 4 38668 9 38725 13 38766 9 38786 27 38863 5 38909 3 38925 8 38955 6 38982 13 38998 4 39023 7 39043 26 39119 7 39165 3 39184 3 39209 10 39239 20 39280 4 39299 27 39375 7 39421 3 39463 13 39497 20 39555 28 39633 6 39676 4 39715 1 39719 14 39758 16 39811 28 39847 1 39890 5 39932 4 39970 3 39975 17 40016 14 40065 30 40100 4 40147 4 40189 3 40226 3 40231 20 40273 14 40320 31 40354 7 40405 1 40445 3 40487 20 40529 14 40576 32 40609 8 40744 20 40785 14 40832 41 40906 3 41001 19 41041 15 41089 40 41162 3 41258 18 41296 19 41345 40 41408 1 41419 2 41517 15 41552 21 41601 40 41664 2 41773 15 41809 26 41857 40 41919 3 41959 1 42030 14 42065 27 42113 40 42163 2 42175 3 42215 3 42287 13 42322 26 42370 38 42417 7 42431 3 42469 5 42546 9 42578 27 42626 38 42673 8 42724 11 42807 3 42835 26 42881 39 42929 9 42980 12 43092 5 43099 18 43137 39 43186 8 43238 10 43258 4 43348 4 43356 18 43393 40 43442 8 43495 11 43513 6 43606 1 43613 17 43648 41 43697 8 43751 12 43769 5 43870 16 43904 42 43953 7 44008 11 44025 4 44126 16 44160 44 44209 6 44263 12 44382 16 44416 45 44464 7 44519 11 44638 17 44672 46 44721 6 44776 11 44795 5 44893 18 44928 47 44977 6 44998 1 45032 10 45051 5 45146 21 45184 55 45252 4 45287 10 45307 5 45401 22 45439 57 45507 6 45539 1 45542 11 45563 5 45657 22 45696 57 45762 7 45793 14 45808 2 45812 5 45822 2 45913 22 45951 58 46017 8 46049 13 46064 3 46068 5 46077 3 46170 21 46207 59 46274 7 46292 5 46306 13 46322 7 46330 6 46426 20 46462 61 46530 7 46547 7 46563 10 46574 2 46578 7 46587 2 46682 20 46717 63 46785 7 46804 7 46818 11 46831 1 46836 3 46939 18 46972 66 47041 7 47060 7 47074 11 47086 3 47195 19 47228 72 47316 29 47347 1 47451 18 47483 73 47573 28 47602 2 47708 17 47738 73 47823 5 47831 29 47864 4 47965 16 47993 74 48077 39 48118 8 48222 14 48246 75 48327 44 48372 10 48478 13 48501 74 48583 44 48628 10 48735 11 48756 49 48807 22 48837 58 48993 8 49012 48 49063 22 49092 59 49244 1 49268 49 49319 22 49347 60 49500 1 49523 50 49577 22 49600 63 49779 50 49833 86 50012 3 50022 3 50035 50 50090 85 50267 6 50276 7 50291 51 50345 86 50522 8 50531 9 50546 52 50601 85 50777 19 50802 52 50859 83 51033 19 51059 51 51115 82 51289 20 51315 51 51372 80 51545 20 51572 50 51629 79 51802 19 51829 8 51839 39 51885 76 52059 18 52086 6 52096 38 52144 63 52208 8 52317 15 52344 2 52352 38 52403 2 52409 53 52465 7 52574 14 52608 38 52666 2 52670 48 52722 6 52831 12 52864 39 52922 53 52977 7 53089 9 53120 41 53174 2 53178 62 53348 5 53375 42 53426 70 53630 43 53681 71 53886 43 53937 16 53956 52 54097 4 54142 43 54192 17 54212 51 54353 4 54397 44 54448 17 54468 51 54609 5 54653 44 54705 16 54724 51 54792 2 54865 4 54910 43 54961 16 54980 52 55040 1 55047 4 55121 4 55167 43 55217 16 55236 56 55296 2 55303 5 55378 1 55425 41 55474 16 55492 57 55552 3 55558 7 55682 40 55732 13 55748 57 55808 4 55814 7 55937 41 55989 11 56004 57 56064 13 56193 41 56246 10 56260 57 56320 13 56449 41 56503 8 56516 57 56576 13 56705 42 56759 7 56772 56 56832 13 56961 10 56974 29 57016 5 57027 57 57088 13 57216 9 57230 29 57283 56 57344 13 57472 9 57486 30 57518 2 57540 55 57600 12 57728 9 57743 29 57773 4 57791 2 57796 54 57856 10 57983 11 57999 35 58047 1 58052 54 58112 8 58213 5 58239 11 58255 35 58303 1 58309 53 58368 7 58468 8 58495 49 58559 1 58566 52 58624 6 58723 14 58751 48 58815 4 58822 52 58880 3 58978 17 59006 49 59071 4 59078 51 59231 21 59261 50 59327 4 59334 51 59484 27 59516 22 59541 26 59584 3 59591 49 59739 30 59772 22 59799 13 59818 4 59840 4 59850 2 59854 42 59984 3 59995 31 60028 23 60056 10 60101 2 60110 41 60238 7 60251 32 60285 22 60312 9 60340 3 60356 4 60366 40 60493 8 60507 33 60541 35 60594 6 60612 5 60621 33 60658 5 60748 10 60763 67 60837 4 60849 8 60867 7 60876 32 60915 5 61004 10 61020 65 61092 7 61104 10 61123 7 61131 33 61169 7 61252 4 61260 10 61276 64 61347 9 61358 13 61377 8 61387 33 61425 8 61507 7 61516 10 61533 64 61602 11 61614 13 61633 8 61642 35 61682 7 61763 18 61790 63 61858 76 61938 6 62019 19 62047 90 62141 24 62166 24 62194 7 62275 19 62304 85 62398 21 62423 24 62449 10 62531 20 62560 84 62655 20 62683 20 62707 4 62786 22 62816 67 62885 6 62896 2 62912 18 62940 19 62963 3 63041 23 63073 64 63169 18 63196 18 63219 2 63296 24 63329 62 63427 16 63451 18 63474 3 63552 24 63586 62 63649 11 63683 17 63707 19 63808 16 63825 9 63844 73 63940 4 63946 10 63963 19 64065 15 64082 8 64100 74 64177 3 64195 1 64198 15 64219 19 64321 14 64339 8 64357 81 64439 7 64450 2 64454 16 64475 19 64578 3 64585 7 64596 6 64612 96 64710 17 64731 19 64834 2 64842 6 64853 4 64867 117 64987 18 65018 2 65090 1 65099 9 65122 117 65243 18 65273 3 65356 8 65378 117 65499 18 65529 3
402143,33 75 111 4 168 2 203 48 290 81 458 48 548 79 714 48 807 74 970 48 1064 73 1227 9 1239 35 1319 80 1484 2 1499 30 1575 81 1755 30 1830 82 2009 29 2085 84 2264 27 2341 15 2359 67 2519 27 2597 12 2615 67 2774 29 2854 7 2871 67 3030 30 3110 6 3127 67 3286 32 3383 65 3543 32 3583 1 3639 64 3799 32 3837 3 3896 63 4056 31 4091 5 4153 62 4312 40 4410 62 4568 40 4667 61 4824 40 4923 62 5081 39 5180 61 5337 26 5364 12 5436 60 5595 24 5620 12 5692 59 5858 17 5876 12 5946 48 5997 9 6114 17 6132 12 6202 47 6254 7 6371 16 6388 12 6459 46 6627 15 6644 12 6715 46 6884 13 6900 12 6972 6 6981 37 7140 12 7157 11 7238 36 7397 11 7414 10 7494 36 7655 7 7670 10 7750 36 7926 10 8007 34 8182 10 8263 34 8439 9 8519 34 8696 8 8776 33 8953 7 9032 28 9061 2 9137 2 9210 6 9289 26 9391 5 9468 4 9544 26 9646 7 9724 4 9799 27 9902 7 9981 3 10055 27 10159 5 10311 13 10325 13 10418 1 10568 12 10583 8 10825 10 10841 2 11082 9 11340 7 11411 4 11597 6 11665 6 11854 5 11920 8 12084 5 12111 6 12175 9 12339 6 12368 6 12430 11 12467 3 12477 6 12594 8 12626 4 12686 12 12721 20 12848 10 12883 3 12942 14 12976 22 13102 12 13198 14 13232 22 13357 13 13453 15 13487 24 13613 14 13710 14 13743 25 13868 15 13966 13 13999 25 14124 16 14222 13 14255 27 14380 23 14479 12 14511 29 14635 24 14736 11 14768 22 14792 6 14891 24 14992 10 15026 18 15049 5 15147 24 15248 9 15285 14 15306 4 15402 24 15492 4 15504 8 15542 6 15552 2 15562 4 15657 26 15748 5 15760 7 15799 3 15808 2 15819 3 15912 27 16004 6 16018 3 16063 3 16076 3 16168 27 16262 5 16317 4 16331 5 16423 28 16519 4 16572 5 16587 5 16678 29 16776 3 16826 6 16843 5 16933 29 17032 3 17079 9 17186 32 17274 6 17288 2 17334 9 17362 4 17408 2 17441 13 17456 17 17529 8 17544 2 17589 9 17615 8 17664 4 17697 13 17712 19 17784 10 17801 2 17844 10 17871 8 17920 5 17952 14 17968 21 18039 12 18057 4 18099 10 18124 1 18128 7 18176 5 18208 14 18224 21 18295 12 18313 5 18355 7 18385 3 18432 5 18464 13 18480 21 18546 2 18551 12 18569 6 18610 6 18688 5 18719 14 18739 17 18800 18 18824 7 18867 2 18944 3 18974 14 19004 2 19052 21 19079 8 19200 2 19229 15 19305 21 19332 8 19485 7 19500 7 19558 23 19587 8 19740 8 19755 9 19814 17 19835 3 19844 6 19996 8 20011 9 20070 17 20091 5 20102 4 20252 9 20267 10 20327 15 20347 6 20508 10 20522 12 20583 14 20603 7 20764 10 20778 12 20800 2 20839 13 20859 6 21020 12 21034 13 21055 4 21096 10 21116 5 21276 27 21311 4 21342 4 21352 9 21372 3 21532 29 21567 4 21597 7 21608 9 21789 31 21821 6 21853 9 21863 11 22046 37 22109 21 22306 34 22365 22 22445 3 22566 30 22621 22 22701 4 22822 29 22878 21 22958 4 23078 29 23122 4 23134 22 23215 4 23332 1 23335 28 23376 7 23390 10 23401 12 23552 1 23586 4 23591 28 23630 9 23646 10 23660 10 23841 5 23849 26 23885 11 23902 10 23915 11 24095 8 24107 23 24140 12 24159 9 24169 14 24313 5 24350 9 24364 21 24396 12 24415 9 24425 14 24444 3 24569 5 24605 10 24621 19 24651 14 24672 8 24681 14 24699 5 24826 5 24860 13 24878 17 24907 15 24938 14 24954 6 25082 5 25112 17 25135 16 25163 17 25195 13 25209 7 25340 4 25365 21 25392 15 25420 17 25452 20 25596 4 25620 22 25649 14 25676 17 25710 18 25851 5 25875 24 25906 13 25934 15 25969 18 26107 5 26129 27 26164 11 26195 10 26226 18 26364 4 26384 30 26421 10 26451 10 26483 18 26620 4 26639 33 26677 9 26707 10 26740 18 26875 5 26894 35 26934 8 26961 12 26996 18 27132 4 27150 36 27190 9 27216 13 27252 18 27302 2 27388 4 27406 36 27446 11 27471 13 27502 24 27642 6 27662 36 27702 12 27726 13 27758 23 27898 6 27918 36 27958 13 27982 10 28013 23 28153 7 28174 36 28215 12 28238 9 28269 22 28408 8 28430 36 28472 11 28494 9 28524 22 28663 9 28686 35 28729 10 28751 8 28778 24 28918 10 28942 35 28986 9 29007 8 29034 24 29173 11 29198 35 29243 7 29264 6 29288 25 29429 11 29454 34 29499 6 29520 6 29544 24 29679 1 29684 12 29710 34 29756 4 29776 6 29800 24 29935 1 29939 13 29967 29 30032 8 30056 24 30194 14 30224 22 30247 2 30288 10 30312 25 30401 3 30448 16 30481 19 30545 11 30568 26 30656 6 30670 6 30703 17 30739 16 30802 11 30824 27 30911 11 30924 8 30959 4 30964 12 30996 14 31050 3 31059 12 31080 28 31167 21 31214 5 31220 12 31255 10 31305 5 31315 12 31337 28 31423 14 31439 4 31470 5 31476 12 31560 7 31570 14 31596 25 31684 7 31727 4 31732 12 31816 24 31854 23 31943 3 31984 16 32072 24 32111 22 32241 15 32327 25 32367 22 32498 14 32583 25 32623 22 32754 14 32839 24 32879 21 33009 15 33094 6 33101 18 33133 23 33264 16 33350 6 33357 16 33388 23 33478 5 33518 18 33606 6 33613 13 33642 25 33734 5 33760 3 33768 2 33774 18 33862 6 33870 11 33897 26 33989 6 34011 8 34022 5 34029 19 34118 5 34127 9 34152 28 34246 4 34267 37 34373 6 34383 8 34408 28 34502 4 34522 38 34627 7 34639 6 34663 30 34778 38 34882 7 34896 3 34919 32 35036 35 35137 8 35176 32 35292 36 35393 8 35432 32 35548 37 35650 7 35687 34 35803 39 35845 1 35864 3 35906 7 35943 14 35961 18 36059 46 36118 6 36162 6 36199 13 36217 19 36314 37 36352 10 36368 13 36419 4 36454 13 36474 19 36568 39 36608 11 36623 15 36710 13 36730 20 36824 37 36864 12 36878 16 36966 13 36985 21 37080 35 37120 31 37222 12 37241 21 37336 35 37376 31 37477 12 37496 23 37593 34 37632 32 37731 13 37753 22 37831 3 37849 34 37888 33 37986 13 38013 19 38085 6 38105 34 38144 33 38243 12 38272 16 38326 3 38340 7 38361 33 38400 34 38499 11 38529 15 38581 5 38596 7 38617 31 38656 35 38756 9 38786 15 38837 5 38852 8 38873 30 38912 35 39014 1 39043 15 39094 3 39108 8 39129 7 39147 11 39168 36 39300 16 39364 8 39386 4 39406 7 39424 36 39557 16 39620 8 39665 3 39680 36 39814 16 39876 8 39936 36 40071 19 40132 8 40192 36 40329 19 40388 7 40448 37 40587 18 40645 6 40704 37 40844 17 40901 5 40960 37 41101 16 41157 5 41216 37 41358 15 41413 5 41472 37 41615 12 41670 3 41728 37 41875 5 41984 36 42240 36 42496 36 42752 37 42894 3 42912 2 43008 38 43148 5 43166 14 43264 39 43404 5 43422 15 43520 40 43660 4 43677 17 43776 41 43849 3 43933 17 44032 3 44037 36 44103 8 44188 19 44288 3 44295 34 44358 11 44443 20 44544 3 44553 31 44613 12 44698 20 44800 4 44805 2 44809 30 44869 12 44953 21 45056 9 45066 28 45125 12 45209 21 45312 10 45323 26 45381 11 45465 21 45568 11 45590 14 45637 10 45721 22 45824 11 45846 14 45893 9 45977 22 46080 13 46102 13 46148 7 46234 22 46336 13 46358 13 46403 6 46414 1 46490 22 46592 17 46615 5 46624 1 46636 1 46659 6 46669 4 46747 11 46759 8 46848 18 46871 4 46891 4 46915 7 46925 5 47018 5 47104 18 47127 4 47146 5 47171 9 47181 5 47360 7 47375 4 47382 6 47402 6 47427 10 47439 4 47616 6 47631 4 47638 6 47658 6 47683 8 47695 4 47730 1 47872 5 47887 5 47895 7 47914 7 47940 7 47952 2 47984 4 48128 5 48143 4 48152 8 48170 8 48196 6 48240 4 48384 5 48398 5 48408 11 48425 9 48452 6 48640 2 48645 1 48651 8 48663 13 48681 9 48708 5 48896 2 48901 2 48906 9 48918 8 48927 5 48937 9 48964 5 48986 1 48996 1 49152 2 49161 10 49174 8 49183 4 49193 10 49221 5 49250 4 49336 4 49408 2 49417 10 49429 9 49448 11 49477 5 49505 5 49590 8 49664 2 49673 21 49706 9 49733 7 49761 5 49838 4 49845 11 49920 1 49930 19 49963 8 49990 7 50017 5 50094 19 50176 1 50187 18 50219 8 50232 4 50247 4 50274 2 50349 21 50432 1 50444 17 50463 3 50475 6 50486 7 50504 1 50530 1 50605 21 50688 1 50698 1 50704 12 50719 3 50731 5 50742 8 50779 5 50786 1 50861 21 50953 2 50960 12 50975 4 50988 3 50998 8 51034 11 51116 21 51208 1 51215 13 51231 4 51254 8 51282 4 51287 16 51371 22 51470 14 51487 4 51510 7 51537 22 51626 23 51726 14 51743 5 51767 5 51790 26 51882 24 51982 14 51999 5 52024 3 52046 26 52137 25 52238 22 52302 25 52393 26 52495 20 52557 25 52648 27 52752 16 52813 24 52904 28 53008 16 53050 3 53068 12 53081 12 53160 28 53253 3 53265 16 53305 4 53322 13 53338 10 53416 28 53508 6 53523 14 53561 4 53578 13 53595 9 53672 27 53763 7 53781 13 53817 3 53834 14 53851 8 53926 20 53950 4 54018 8 54037 13 54090 14 54105 10 54181 17 54275 7 54294 12 54347 23 54437 14 54531 7 54551 10 54603 19 54637 3 54693 13 54788 6 54808 8 54858 18 54892 5 54950 10 55000 3 55044 7 55066 4 55105 4 55114 18 55147 7 55206 10 55255 5 55299 8 55360 6 55370 18 55403 7 55462 8 55511 5 55554 10 55615 7 55626 18 55658 8 55718 7 55766 6 55808 12 55868 12 55881 20 55914 7 56022 6 56052 3 56064 13 56123 35 56170 6 56278 5 56301 1 56305 8 56320 2 56325 10 56379 37 56428 1 56453 4 56535 3 56555 15 56576 1 56582 11 56634 40 56703 12 56810 17 56832 2 56839 11 56891 40 56957 15 57066 18 57088 3 57095 12 57147 41 57212 21 57321 19 57344 5 57351 14 57405 38 57468 6 57475 16 57577 19 57600 23 57662 36 57724 6 57732 16 57832 20 57856 24 57883 4 57919 34 57980 4 57989 16 58083 2 58086 22 58112 32 58175 23 58246 15 58338 26 58368 33 58432 5 58440 12 58503 14 58594 27 58624 33 58697 10 58760 12 58849 29 58880 33 58955 5 59015 13 59105 29 59136 33 59271 13 59360 31 59392 33 59527 14 59615 32 59648 33 59783 14 59870 33 59904 33 60038 16 60126 33 60160 32 60294 17 60382 33 60416 31 60551 16 60638 33 60672 29 60807 17 60894 33 60928 28 61065 15 61150 33 61184 27 61298 1 61307 4 61321 16 61406 61 61562 6 61575 18 61662 60 61817 10 61829 20 61917 60 62073 32 62172 59 62328 32 62428 59 62584 32 62684 59 62840 31 62939 60 63097 29 63195 60 63353 5 63363 18 63451 35 63488 23 63610 2 63620 16 63646 3 63707 34 63744 22 63877 14 63900 6 63939 3 63962 35 64000 22 64075 5 64133 14 64155 7 64192 9 64218 34 64256 23 64329 9 64389 14 64411 8 64430 5 64447 10 64473 34 64512 22 64583 11 64640 20 64666 11 64685 13 64702 12 64728 34 64768 22 64836 14 64895 22 64921 34 64957 14 64984 33 65024 21 65092 14 65151 22 65176 51 65240 32 65280 20 65347 15 65407 23 65431 6 65438 45 65496 31
402654,0 65536
403524,0 57 125 8 146 6 256 57 381 7 403 5 428 2 512 57 638 6 683 4 768 58 894 6 938 5 1024 58 1153 2 1194 6 1280 58 1449 7 1536 59 1705 7 1792 59 1960 7 2048 59 2126 1 2216 7 2304 58 2371 2 2381 3 2472 6 2560 58 2627 3 2638 1 2729 4 2816 59 2883 3 3020 4 3072 60 3139 5 3275 5 3328 63 3394 7 3531 6 3584 74 3664 2 3787 6 3840 73 3919 5 4013 4 4043 6 4096 68 4165 4 4172 10 4186 3 4191 2 4268 7 4298 8 4352 87 4443 7 4524 9 4548 14 4608 70 4679 18 4700 6 4780 11 4804 9 4814 4 4864 70 4935 18 4957 5 4992 5 5036 13 5060 15 5120 70 5191 18 5213 5 5242 3 5247 7 5292 15 5316 17 5376 91 5471 2 5498 13 5549 16 5572 16 5622 3 5632 91 5754 13 5806 16 5828 16 5877 5 5888 90 6010 13 6063 16 6084 15 6133 6 6144 90 6267 5 6273 5 6319 16 6341 13 6388 7 6400 89 6575 16 6598 4 6604 5 6644 8 6656 89 6830 17 6900 8 6912 87 7086 6 7096 6 7156 9 7168 86 7286 3 7321 3 7341 7 7353 5 7379 3 7412 9 7424 86 7540 6 7572 11 7596 7 7610 2 7635 7 7661 3 7669 8 7680 86 7790 12 7827 13 7852 7 7891 9 7906 3 7916 5 7925 8 7936 86 8045 13 8062 3 8082 14 8108 7 8147 10 8161 5 8171 6 8181 7 8192 86 8300 15 8318 3 8338 15 8365 5 8404 9 8416 8 8426 7 8437 7 8448 86 8555 16 8573 4 8595 14 8660 9 8671 10 8682 7 8694 5 8704 86 8810 24 8851 14 8916 9 8927 10 8938 7 8952 3 8960 87 9064 26 9107 13 9173 8 9183 10 9195 6 9216 88 9306 3 9317 28 9363 13 9429 7 9439 10 9453 2 9472 96 9570 28 9620 12 9687 2 9695 9 9728 125 9877 10 9951 9 9984 125 10132 11 10207 9 10240 125 10388 11 10463 9 10496 125 10644 10 10720 6 10752 124 10901 9 11008 124 11158 6 11211 3 11264 125 11414 4 11466 5 11520 125 11668 6 11722 6 11773 1 11776 133 11924 6 11978 7 12025 140 12180 7 12234 8 12281 141 12436 7 12489 10 12538 135 12675 4 12692 7 12743 13 12795 133 12932 3 12948 6 12998 15 13051 132 13196 2 13254 15 13308 130 13451 8 13510 15 13565 129 13706 9 13766 14 13823 128 13961 10 14022 14 14080 128 14215 13 14277 13 14336 130 14471 14 14533 12 14592 132 14727 20 14790 10 14848 133 14983 22 15048 7 15087 5 15104 157 15342 7 15360 158 15597 8 15616 161 15852 9 15872 161 16108 9 16128 162 16363 10 16384 163 16619 10 16640 163 16875 11 16896 164 17129 3 17134 8 17152 164 17383 6 17390 9 17408 165 17639 6 17649 1 17653 3 17664 165 17895 5 17920 164 18151 5 18176 165 18408 2 18423 5 18432 165 18679 7 18688 164 18935 7 18944 163 19191 8 19200 156 19447 164 19703 157 19959 155 20215 154 20470 154 20726 7 20735 146 20889 3 20983 155 21144 6 21239 157 21398 12 21412 3 21447 1 21495 178 21703 1 21751 8 21760 169 22007 7 22016 170 22196 4 22264 3 22272 170 22451 7 22486 2 22528 171 22706 8 22741 5 22784 171 22961 9 22996 6 23040 171 23216 10 23251 7 23296 174 23471 11 23507 7 23552 186 23763 7 23808 186 24021 5 24064 186 24279 3 24320 186 24576 186 24832 148 24981 37 25028 4 25088 148 25237 37 25282 8 25302 2 25344 186 25536 13 25557 3 25600 186 25791 16 25811 5 25856 187 26044 20 26066 6 26112 216 26368 216 26624 216 26880 209 27090 5 27136 207 27346 5 27392 206 27621 1 27648 204 27877 3 27904 200 28133 4 28160 200 28388 5 28416 199 28643 7 28672 199 28899 7 28928 198 29156 6 29184 197 29412 5 29440 192 29634 2 29669 4 29696 190 29891 1 29927 3 29952 147 30101 42 30147 1 30184 3 30208 146 30358 42 30403 3 30440 3 30464 199 30697 3 30720 180 30903 17 30953 3 30976 201 31232 202 31488 203 31734 2 31744 204 31956 1 31988 5 32000 204 32210 5 32244 4 32256 204 32466 8 32499 5 32512 205 32722 11 32755 5 32768 205 32978 14 33011 4 33024 206 33234 14 33269 1 33280 207 33490 15 33533 229 33787 232 34043 232 34299 232 34560 228 34816 228 35072 229 35328 221 35553 5 35584 221 35811 3 35840 144 35987 74 36068 3 36096 136 36235 5 36243 74 36325 3 36352 135 36492 4 36498 76 36581 5 36608 134 36748 82 36838 5 36864 134 37004 84 37095 9 37120 134 37259 85 37351 9 37376 134 37512 89 37608 9 37632 225 37864 9 37888 226 38121 8 38144 227 38377 9 38400 228 38633 9 38656 229 38888 12 38912 247 39168 250 39424 251 39680 254 39936 254 40192 254 40448 254 40704 255 40960 1641 42603 254 42861 146 43008 105 43118 144 43264 107 43375 143 43520 254 43776 254 44032 254 44288 255 44544 255 44800 511 45312 255 45568 254 45824 254 46080 253 46336 252 46592 252 46848 251 47104 224 47330 25 47360 224 47586 24 47616 249 47872 229 48102 16 48128 226 48360 14 48384 226 48616 15 48640 230 48873 15 48896 230 49130 11 49142 3 49152 232 49386 14 49408 233 49642 9 49664 233 49898 4 49904 3 49920 233 50154 3 50161 2 50175 234 50413 6 50429 236 50669 7 50685 237 50931 1 50941 237 51198 227 51428 6 51456 224 51684 7 51712 225 51939 11 51968 238 52224 239 52480 240 52736 240 52992 239 53248 238 53504 238 53760 233 54016 233 54272 233 54513 2 54528 233 54768 4 54784 233 55023 6 55040 233 55279 6 55296 233 55535 6 55552 233 55791 6 55808 235 56046 6 56064 237 56302 6 56320 244 56576 241 56832 241 57088 241 57344 241 57600 241 57856 241 58112 241 58368 243 58624 244 58876 2 58880 244 59129 5 59136 244 59383 7 59392 245 59639 5 59648 250 59904 244 60150 2 60160 243 60407 1 60416 242 60662 2 60672 240 60916 4 60928 240 61170 10 61184 237 61425 12 61440 237 61680 15 61696 239 61936 15 61952 239 62192 15 62208 1004 63214 253 63471 251 63728 15 63744 233 63985 13 64000 233 64241 13 64256 234 64497 14 64512 234 64753 250 65010 7 65018 242 65266 250 65522 14
403905,9 36 69 23 104 5 227 10 266 35 326 22 350 1 361 2 483 11 523 34 583 21 605 3 738 12 779 34 848 16 992 15 1036 33 1107 14 1246 19 1293 32 1370 7 1500 22 1550 31 1606 5 1618 4 1626 7 1755 24 1806 32 1861 19 1881 8 2010 26 2048 1 2063 31 2117 27 2266 26 2304 2 2319 31 2373 26 2522 25 2560 2 2575 31 2630 25 2778 24 2816 3 2832 29 2887 24 3034 23 3072 4 3090 26 3144 22 3289 23 3328 6 3348 22 3400 22 3539 28 3584 7 3606 18 3656 21 3795 27 3840 8 3864 13 3912 20 4050 27 4096 7 4122 5 4167 19 4306 27 4352 7 4415 25 4551 4 4562 27 4601 1 4608 6 4670 24 4791 1 4806 6 4818 27 4854 6 4864 6 4925 24 5047 1 5061 8 5074 28 5109 9 5120 6 5181 23 5316 11 5331 27 5364 11 5376 7 5437 22 5572 41 5620 20 5694 20 5828 41 5876 21 5950 19 5988 1 6084 40 6131 22 6206 17 6242 5 6339 40 6387 21 6462 16 6498 6 6592 43 6643 21 6718 15 6754 6 6847 7 6855 35 6898 20 6973 16 7010 6 7081 3 7102 44 7154 17 7229 15 7267 5 7336 4 7358 44 7410 18 7485 14 7524 4 7592 4 7611 47 7665 20 7741 13 7780 4 7848 3 7866 47 7920 22 7998 11 8038 1 8104 4 8125 43 8175 24 8221 3 8254 10 8360 5 8383 9 8394 29 8431 24 8477 4 8510 10 8616 5 8640 7 8651 27 8687 24 8735 2 8766 9 8810 7 8872 5 8896 6 8908 26 8943 25 8992 2 9021 10 9067 6 9127 5 9154 2 9170 4 9178 13 9199 25 9248 3 9277 9 9323 7 9382 5 9434 13 9456 24 9483 3 9504 4 9533 8 9566 4 9579 8 9638 5 9690 14 9711 31 9761 3 9790 7 9822 6 9834 10 9845 2 9893 6 9947 13 9967 31 10017 3 10046 6 10078 8 10089 16 10116 2 10149 5 10202 14 10222 32 10273 3 10303 4 10333 29 10370 7 10405 5 10458 14 10478 13 10492 10 10506 3 10589 30 10626 7 10712 17 10734 10 10752 4 10844 33 10881 9 10896 3 10967 19 10990 9 11008 3 11099 8 11109 26 11137 9 11151 5 11222 23 11246 8 11264 1 11332 4 11355 7 11364 38 11406 6 11470 5 11476 34 11587 7 11610 50 11662 6 11725 42 11807 1 11842 9 11864 61 11980 43 12059 5 12098 9 12118 64 12236 43 12306 1 12310 1 12313 8 12353 10 12373 7 12381 58 12491 45 12564 13 12609 12 12629 67 12746 45 12819 14 12864 14 12884 71 13002 45 13076 13 13119 17 13140 73 13257 45 13332 14 13374 20 13395 76 13513 44 13588 15 13628 74 13709 20 13770 43 13845 15 13883 75 13967 19 14026 42 14102 14 14138 77 14224 18 14283 41 14360 13 14394 79 14480 19 14540 31 14574 5 14617 12 14650 82 14735 21 14797 30 14832 2 14874 11 14905 107 15055 27 15130 11 15161 107 15315 25 15386 12 15417 108 15572 4 15578 19 15641 13 15673 111 15828 26 15894 17 15928 118 16083 27 16147 20 16184 120 16339 28 16399 24 16440 121 16594 29 16654 24 16696 122 16850 29 16881 1 16889 1 16910 23 16952 123 17106 32 17145 4 17165 24 17208 124 17357 36 17399 9 17421 24 17463 127 17612 37 17654 10 17677 24 17719 128 17867 53 17933 25 17975 128 18122 54 18189 26 18230 130 18378 54 18445 27 18486 130 18634 54 18701 27 18742 130 18890 54 18958 26 18998 130 19145 55 19214 27 19254 129 19401 55 19470 28 19503 4 19510 128 19650 3 19655 57 19726 28 19758 7 19767 126 19904 64 19983 29 20013 8 20024 125 20157 67 20239 39 20281 125 20413 6 20420 60 20496 2 20501 35 20538 124 20668 7 20679 57 20752 1 20759 160 20924 6 20935 57 21006 2 21015 58 21077 98 21180 6 21191 57 21260 7 21272 50 21335 97 21435 6 21451 53 21515 9 21529 48 21591 103 21701 1 21711 49 21770 11 21787 46 21848 102 21955 1 21967 49 22025 12 22045 7 22055 34 22105 100 22210 2 22223 49 22280 14 22303 3 22312 32 22362 101 22466 7 22478 50 22536 15 22569 31 22622 98 22722 9 22734 50 22791 16 22824 31 22879 162 23046 22 23080 30 23136 164 23301 25 23336 31 23392 192 23591 32 23648 193 23846 33 23904 194 24102 33 24160 82 24245 109 24358 33 24418 80 24501 83 24588 23 24614 33 24675 79 24757 83 24844 23 24871 31 24933 77 25013 37 25054 42 25099 25 25129 29 25191 75 25269 21 25292 13 25311 42 25355 24 25387 27 25448 74 25525 20 25548 13 25569 65 25644 25 25704 74 25780 20 25804 12 25828 63 25901 28 25960 74 26041 15 26061 12 26085 62 26158 30 26210 1 26214 76 26302 10 26317 15 26341 26 26368 36 26415 30 26465 81 26556 10 26573 16 26596 27 26624 38 26663 5 26672 30 26720 82 26811 11 26829 6 26839 7 26851 73 26929 29 26976 82 27067 10 27084 6 27095 8 27106 33 27143 38 27187 28 27232 80 27323 9 27339 4 27350 45 27399 38 27444 27 27488 79 27576 12 27593 5 27606 9 27616 35 27655 39 27701 27 27744 78 27832 11 27848 4 27861 1 27865 5 27872 35 27911 39 27957 14 27973 11 28000 38 28041 35 28085 1 28088 12 28104 3 28113 6 28120 7 28130 33 28166 39 28213 13 28229 11 28256 37 28297 34 28340 16 28359 3 28369 15 28387 1 28391 28 28421 40 28468 15 28486 11 28512 37 28554 32 28597 1 28602 2 28606 11 28625 20 28650 67 28724 15 28743 11 28768 36 28808 1 28814 25 28864 9 28881 21 28906 9 28920 52 28979 17 28999 11 29024 36 29063 3 29070 24 29120 9 29137 21 29163 7 29176 52 29234 19 29256 10 29281 35 29319 4 29327 23 29376 9 29393 20 29420 6 29431 53 29489 21 29511 11 29538 34 29574 5 29582 4 29589 16 29632 9 29650 19 29674 9 29686 25 29712 28 29742 37 29795 26 29825 9 29836 4 29846 14 29887 11 29907 17 29926 109 30052 24 30082 2 30085 10 30101 15 30144 11 30163 16 30180 19 30200 92 30309 22 30341 9 30355 18 30401 11 30419 16 30436 17 30464 2 30467 82 30565 18 30597 9 30610 19 30657 11 30670 3 30676 13 30692 16 30720 1 30724 69 30795 11 30822 16 30848 14 30866 20 30906 2 30912 19 30933 11 30948 16 30982 61 31048 1 31051 13 31066 1 31080 14 31105 13 31120 22 31162 2 31168 6 31178 22 31204 16 31239 30 31271 27 31304 22 31341 8 31362 38 31423 7 31434 13 31449 26 31495 17 31513 8 31527 27 31560 23 31597 8 31620 37 31672 2 31678 8 31690 41 31755 12 31772 2 31784 1 31787 4 31793 16 31815 9 31827 12 31854 7 31877 37 31928 2 31933 9 31947 40 32012 10 32046 1 32049 16 32071 9 32083 13 32111 6 32133 38 32184 2 32188 10 32209 33 32269 9 32303 17 32322 14 32341 11 32355 7 32368 6 32389 15 32405 28 32441 1 32443 12 32465 18 32484 14 32526 7 32560 32 32603 13 32625 5 32645 15 32661 29 32699 13 32722 7 32730 24 32766 2 32782 6 32816 32 32860 11 32881 8 32901 15 32917 3 32921 25 32955 15 32978 3 32982 2 32987 6 32994 21 33019 5 33072 33 33115 7 33125 2 33137 9 33158 15 33174 1 33177 10 33192 10 33211 15 33235 2 33238 2 33243 6 33250 15 33267 3 33275 5 33327 34 33369 5 33394 13 33415 13 33433 10 33449 10 33467 16 33492 4 33498 5 33506 15 33535 1 33583 35 33622 9 33651 13 33672 14 33688 10 33710 6 33722 17 33748 11 33762 15 33840 48 33907 14 33938 16 33966 8 33976 20 34003 13 34018 14 34095 49 34163 12 34195 15 34222 30 34259 12 34274 13 34351 49 34401 2 34419 11 34452 15 34477 27 34510 2 34518 9 34531 11 34605 51 34657 2 34675 10 34709 15 34733 27 34766 3 34774 9 34787 11 34859 52 34914 1 34922 1 34929 12 34966 50 35023 3 35028 14 35044 11 35114 53 35170 1 35174 2 35177 3 35185 10 35222 49 35286 11 35300 12 35369 54 35426 11 35441 9 35477 50 35542 10 35556 13 35624 56 35681 12 35698 8 35713 4 35731 53 35798 10 35811 14 35879 57 35937 12 35954 7 35967 7 35985 55 36054 9 36067 14 36135 70 36210 7 36221 10 36240 57 36308 11 36322 15 36388 2 36391 70 36465 4 36473 15 36490 65 36556 19 36576 18 36643 7 36651 73 36727 17 36746 104 36898 7 36910 69 36981 126 37153 7 37165 71 37237 127 37384 2 37409 5 37418 6 37425 170 37596 25 37639 4 37665 5 37674 6 37682 168 37853 25 37888 4 37894 6 37920 6 37933 2 37941 50 37994 92 38088 2 38092 13 38109 25 38144 11 38176 6 38186 1 38189 2 38197 49 38250 96 38348 12 38365 25 38400 11 38432 5 38439 9 38453 162 38622 25 38656 10 38690 3 38695 9 38709 162 38877 26 38911 9 38950 8 38966 155 39122 5 39132 28 39163 1 39168 5 39206 8 39216 1 39220 157 39378 38 39419 1 39424 5 39463 7 39472 1 39475 178 39654 20 39680 5 39719 210 39936 6 39977 207 40192 6 40233 206 40448 6 40489 24 40526 169 40704 6 40745 23 40783 167 40960 6 40995 2 41001 23 41041 164 41216 6 41257 23 41298 163 41472 6 41513 23 41555 130 41686 16 41705 12 41728 6 41769 24 41810 22 41834 107 41944 14 41961 12 41984 5 42024 26 42065 22 42093 104 42201 28 42240 5 42280 27 42321 22 42350 2 42353 100 42458 26 42496 5 42536 29 42577 22 42612 98 42717 23 42752 5 42791 31 42833 22 42868 98 42973 23 43008 5 43047 32 43089 8 43099 13 43122 101 43229 23 43264 5 43301 34 43346 4 43356 13 43377 102 43484 24 43520 4 43556 35 43612 1 43616 10 43632 103 43739 25 43776 5 43811 36 43872 2 43875 8 43888 12 43901 91 43994 27 44032 6 44066 38 44120 1 44135 19 44158 90 44250 28 44288 7 44322 39 44375 2 44388 22 44415 120 44544 8 44577 23 44602 15 44640 27 44671 121 44800 9 44834 20 44861 12 44896 27 44926 122 45056 8 45091 14 45118 11 45152 27 45181 123 45312 8 45348 13 45375 10 45407 28 45437 123 45568 8 45581 2 45605 12 45632 9 45654 2 45663 29 45694 21 45717 99 45824 7 45836 4 45862 11 45889 8 45909 3 45918 52 45974 9 45985 86 46080 6 46093 3 46119 10 46146 7 46162 5 46174 53 46231 7 46242 55 46300 11 46312 14 46336 5 46351 1 46376 8 46402 7 46417 6 46430 28 46459 24 46489 4 46499 53 46556 10 46568 12 46592 5 46634 5 46658 9 46672 7 46686 53 46754 54 46812 11 46824 11 46851 2 46914 9 46927 8 46941 54 47010 53 47067 12 47080 10 47107 2 47135 3 47143 2 47170 9 47183 9 47197 54 47265 54 47322 12 47363 3 47390 13 47426 9 47439 10 47453 54 47520 55 47578 11 47646 13 47681 10 47696 9 47709 30 47741 22 47775 56 47834 10 47902 14 47937 10 47953 8 47965 31 47997 22 48030 10 48043 43 48090 9 48158 15 48193 10 48211 6 48223 52 48286 8 48299 44 48346 9 48415 15 48449 9 48469 4 48479 53 48543 7 48554 45 48601 10 48672 16 48704 9 48726 3 48734 55 48799 6 48810 11 48823 17 48843 11 48855 12 48929 15 48960 8 48982 3 48990 31 49023 24 49056 3 49065 11 49080 15 49100 9 49111 15 49186 14 49216 8 49238 2 49245 31 49280 26 49321 11 49336 14 49356 8 49368 15 49397 1 49443 13 49471 9 49494 2 49501 31 49536 26 49577 11 49591 14 49613 7 49624 16 49644 1 49652 4 49700 12 49724 12 49750 2 49757 32 49793 25 49832 12 49847 12 49869 7 49880 19 49900 4 49908 4 49930 7 49956 12 49985 7 50006 2 50013 32 50050 24 50089 11 50103 11 50126 6 50135 26 50163 5 50185 8 50213 9 50243 4 50264 1 50270 31 50305 25 50345 22 50383 4 50390 34 50440 10 50471 5 50500 2 50520 2 50526 31 50561 25 50602 20 50639 4 50646 34 50695 10 50776 2 50783 30 50816 26 50859 13 50874 4 50885 2 50896 3 50901 26 50930 6 50951 10 51032 2 51040 30 51072 25 51115 12 51130 4 51139 6 51153 1 51156 26 51186 6 51207 9 51296 30 51328 24 51372 12 51388 1 51394 7 51411 25 51463 8 51555 27 51583 24 51627 12 51649 8 51667 1 51671 16 51719 6 51812 25 51838 25 51881 5 51888 2 51902 1 51906 7 51928 13 51975 4 51999 2 52069 23 52094 25 52138 4 52158 2 52165 3 52185 11 52232 1 52254 5 52262 1 52326 20 52350 25 52395 5 52442 7 52450 2 52509 7 52517 1 52583 19 52606 25 52652 4 52688 2 52699 5 52729 5 52765 6 52785 2 52841 17 52861 26 52909 3 52942 5 52956 2 52983 8 53021 5 53038 6 53098 45 53147 4 53165 3 53197 7 53239 2 53242 6 53277 3 53295 6 53354 44 53401 8 53452 8 53503 1 53532 3 53551 6 53610 57 53707 10 53759 1 53788 2 53808 5 53866 58 53963 10 54017 1 54032 1 54066 2 54084 5 54122 59 54218 12 54272 4 54288 2 54340 7 54380 57 54472 14 54528 4 54543 4 54596 7 54636 58 54707 4 54727 16 54763 1 54798 5 54841 2 54851 8 54891 60 54962 6 54982 17 55053 7 55096 4 55106 9 55147 61 55218 6 55237 18 55273 1 55308 8 55321 2 55351 7 55361 12 55402 66 55476 4 55493 17 55564 8 55577 3 55606 24 55657 68 55734 2 55748 18 55797 1 55820 7 55861 26 55913 69 56004 18 56055 1 56067 1 56076 6 56116 27 56169 70 56260 19 56310 3 56320 2 56323 1 56333 5 56372 28 56425 70 56515 21 56566 4 56576 4 56589 4 56628 28 56681 72 56770 24 56822 7 56830 6 56837 1 56846 2 56884 28 56937 73 57026 24 57071 1 57077 4 57085 7 57093 1 57140 28 57194 76 57281 25 57326 2 57333 4 57342 6 57365 5 57395 28 57449 17 57467 60 57537 25 57581 2 57589 4 57599 1 57601 3 57620 8 57651 28 57704 18 57725 59 57793 24 57837 2 57845 2 57849 1 57855 1 57875 9 57906 28 57945 3 57956 22 57979 61 58049 17 58071 1 58100 2 58110 2 58130 10 58146 2 58156 3 58161 29 58199 7 58207 89 58305 16 58355 3 58365 3 58385 12 58411 34 58454 97 58562 14 58584 2 58611 3 58621 3 58640 14 58667 34 58710 97 58819 13 58840 3 58868 2 58881 7 58894 16 58925 31 58966 97 59076 12 59095 5 59109 1 59136 8 59150 16 59182 29 59221 31 59253 66 59333 11 59346 12 59362 5 59392 6 59407 16 59425 4 59438 29 59477 31 59510 64 59591 24 59618 6 59648 4 59664 16 59681 4 59694 28 59732 32 59766 64 59848 33 59890 3 59904 4 59923 2 59927 2 59932 8 59949 29 59986 34 60023 63 60105 32 60145 7 60160 4 60189 7 60205 28 60240 8 60249 26 60279 64 60363 29 60400 12 60416 3 60444 12 60457 31 60494 38 60534 68 60619 29 60655 13 60672 3 60685 2 60699 44 60750 110 60876 28 60909 14 60928 3 60941 1 60951 3 60959 40 61006 110 61132 30 61165 13 61184 3 61206 4 61220 35 61261 111 61389 30 61422 11 61440 2 61462 6 61484 28 61517 112 61645 30 61676 11 61696 2 61717 7 61741 27 61773 15 61790 95 61902 39 61952 3 61973 9 61997 28 62029 15 62045 96 62159 37 62208 4 62230 9 62253 28 62285 15 62301 97 62415 36 62464 4 62486 10 62509 47 62557 13 62571 83 62670 36 62720 3 62742 12 62764 58 62829 81 62926 29 62956 5 62999 65 63071 5 63086 81 63182 29 63212 3 63255 46 63303 16 63342 82 63438 29 63483 3 63512 44 63558 18 63598 83 63694 30 63739 4 63769 42 63814 18 63854 84 63950 27 63978 2 63996 4 64027 39 64070 18 64110 84 64206 30 64252 4 64285 37 64325 19 64366 34 64405 45 64462 30 64499 4 64509 3 64543 35 64581 18 64622 10 64634 21 64660 46 64718 30 64754 6 64765 1 64800 33 64837 18 64878 9 64891 19 64916 46 64974 30 65010 8 65057 32 65093 17 65136 7 65148 18 65171 47 65230 31 65266 8 65315 29 65349 15 65404 17 65427 46 65487 31 65521 9
409913,0 13 42 60 104 8 113 2 122 7 162 2 211 9 256 12 298 60 361 6 370 1 379 5 467 8 512 12 553 61 617 5 637 3 725 5 768 11 809 61 874 4 1024 10 1064 61 1131 3 1280 9 1320 61 1388 7 1536 9 1575 62 1645 8 1792 9 1831 63 1901 7 2048 9 2087 63 2157 7 2304 9 2343 63 2413 7 2560 9 2599 63 2666 10 2816 8 2856 63 2921 11 3072 8 3114 76 3328 7 3373 74 3584 7 3630 73 3840 7 3886 73 4096 7 4143 72 4352 7 4399 74 4474 3 4608 6 4655 84 4864 6 4911 83 5120 5 5167 83 5376 4 5424 81 5517 3 5632 1 5682 79 5773 3 5938 78 6030 4 6194 48 6243 28 6286 5 6450 48 6502 24 6544 2 6707 47 6758 23 6964 21 6991 45 7221 19 7248 43 7481 15 7505 41 7742 9 7762 40 8020 38 8278 35 8330 3 8538 32 8586 3 8796 30 8841 4 9052 30 9096 3 9308 15 9326 12 9351 4 9564 13 9584 10 9607 3 9820 10 9841 9 9862 4 10076 10 10097 9 10117 5 10332 10 10353 9 10373 6 10589 10 10610 7 10629 6 10848 7 10868 4 10885 6 11075 3 11106 4 11141 6 11330 4 11398 6 11654 5 11911 4 12167 3 12424 1 13453 4 13709 2 24831 1 25085 3 25340 4 25595 5 25842 2 25849 7 26097 15 26353 15 26609 15 26864 16 27120 16 27376 16 27632 16 27888 16 28144 16 28363 5 28400 16 28604 5 28617 8 28655 17 28858 10 28869 14 28910 18 29097 3 29113 26 29165 19 29352 6 29362 33 29421 19 29607 9 29617 34 29677 19 29863 44 29932 20 30119 45 30188 20 30375 45 30445 19 30631 45 30701 6 30711 9 30774 6 30887 45 30959 2 30968 8 31029 8 31144 44 31224 8 31282 12 31400 44 31480 8 31537 13 31657 42 31736 8 31792 14 31913 33 31948 7 31992 8 32046 16 32169 32 32205 5 32234 5 32248 8 32300 19 32425 31 32489 8 32503 9 32543 3 32556 20 32682 30 32744 11 32759 9 32797 5 32811 22 32938 30 33000 13 33014 8 33053 5 33067 23 33195 29 33255 22 33309 5 33323 24 33451 29 33510 22 33565 5 33578 26 33707 7 33717 19 33766 15 33822 3 33833 27 33964 6 33975 9 33986 6 34021 16 34088 28 34220 5 34244 3 34276 16 34343 29 34475 6 34532 16 34599 29 34730 7 34788 16 34854 30 34986 7 35043 16 35106 34 35240 9 35299 16 35361 35 35495 9 35555 16 35617 35 35751 9 35811 16 35873 36 36007 8 36067 16 36129 36 36264 6 36323 16 36384 37 36579 15 36640 38 36835 15 36896 38 37090 16 37152 38 37345 17 37369 3 37407 39 37601 17 37625 4 37664 37 37856 17 37880 8 37920 35 38112 16 38136 8 38177 30 38368 14 38391 9 38433 7 38443 18 38552 4 38625 12 38647 9 38689 6 38700 16 38808 6 38881 11 38903 8 38946 3 38956 16 39063 7 39138 10 39213 14 39319 8 39395 9 39468 10 39575 8 39654 6 39677 3 39724 7 39831 9 39911 4 39933 3 39979 7 39996 1 40087 9 40189 3 40234 8 40251 4 40344 12 40430 4 40447 1 40489 10 40506 6 40601 13 40684 6 40744 12 40760 9 40780 3 40859 12 40940 6 40999 41 41117 10 41196 6 41254 43 41374 9 41453 3 41509 47 41630 7 41763 50 41862 3 41886 6 41916 5 42017 54 42117 5 42142 6 42170 11 42273 54 42372 9 42398 3 42424 14 42528 52 42628 10 42653 4 42679 16 42784 51 42850 1 42883 11 42908 4 42934 18 43040 51 43106 1 43138 11 43163 5 43189 20 43297 45 43343 4 43362 1 43394 8 43419 4 43444 21 43553 46 43601 2 43618 1 43628 1 43649 8 43674 5 43700 20 43809 45 43858 1 43883 5 43905 7 43928 6 43956 20 44065 45 44139 6 44160 7 44183 7 44212 20 44321 44 44395 7 44416 6 44439 6 44468 20 44577 44 44626 1 44652 6 44673 5 44695 3 44724 11 44736 9 44833 44 44909 5 44930 3 44981 5 44995 6 45089 44 45166 4 45251 6 45345 45 45423 2 45507 6 45601 45 45716 1 45763 2 45857 46 45972 1 46019 1 46114 45 46304 2 46319 1 46370 45 46555 7 46575 1 46627 45 46738 1 46811 7 46883 44 46974 4 46988 1 46993 4 47067 5 47140 43 47194 1 47230 4 47244 1 47249 4 47341 2 47396 41 47450 1 47486 4 47574 2 47593 1 47596 3 47653 39 47822 5 47831 1 47848 4 47909 39 48078 6 48101 7 48165 39 48336 4 48355 10 48422 39 48498 4 48593 2 48609 13 48678 40 48753 7 48864 9 48874 9 48934 40 49008 9 49119 10 49131 8 49190 39 49263 11 49375 9 49387 8 49446 39 49518 12 49559 8 49571 2 49606 2 49631 9 49643 4 49648 6 49666 5 49702 38 49773 14 49815 9 49825 6 49861 6 49887 9 49899 11 49920 9 49959 31 50028 15 50071 16 50116 7 50143 9 50156 10 50176 15 50215 30 50284 15 50327 17 50372 8 50400 9 50415 8 50432 16 50472 29 50539 15 50584 16 50624 12 50657 8 50671 9 50688 18 50728 29 50795 14 50842 14 50880 12 50904 2 50914 8 50926 10 50944 21 50985 28 51051 14 51099 12 51125 3 51138 2 51144 4 51159 5 51171 8 51180 12 51200 22 51242 4 51249 20 51306 14 51357 10 51378 4 51404 1 51415 5 51427 20 51454 25 51507 18 51562 4 51567 9 51615 6 51633 5 51661 1 51671 6 51683 19 51709 26 51770 10 51826 4 51889 4 51928 5 51940 20 51965 27 52026 10 52144 5 52185 1 52197 20 52221 27 52283 8 52400 4 52453 20 52477 2 52480 24 52539 7 52549 3 52656 4 52710 19 52731 3 52736 13 52752 8 52795 7 52804 4 52846 1 52912 2 52967 18 52986 4 52992 13 53008 8 53052 6 53060 4 53100 3 53110 2 53224 21 53248 13 53263 9 53308 4 53320 1 53364 6 53479 23 53504 24 53565 3 53576 1 53619 8 53742 16 53760 23 53832 1 53877 6 54000 14 54016 23 54135 4 54257 4 54262 7 54272 22 54357 2 54513 10 54528 20 54612 7 54769 6 54784 20 54868 6 55029 1 55040 20 55124 5 55296 21 55380 5 55425 2 55552 21 55620 1 55636 4 55678 5 55808 22 55866 3 55876 1 55933 6 56064 23 56117 13 56132 1 56188 7 56320 8 56330 13 56372 17 56444 7 56576 7 56587 13 56628 17 56700 7 56832 7 56841 15 56884 18 56916 1 56956 6 57088 24 57140 18 57164 5 57172 1 57176 2 57212 2 57215 3 57344 24 57396 18 57420 5 57428 1 57431 3 57472 1 57600 24 57652 19 57677 5 57686 4 57856 23 57909 18 57933 4 57943 3 58112 22 58165 18 58190 1 58368 21 58422 17 58624 20 58679 16 58710 1 58880 19 58936 15 59133 21 59198 9 59388 22 59456 6 59643 22 59898 22 59924 4 60154 21 60179 9 60411 7 60421 11 60433 14 60666 7 60678 30 60740 2 60922 6 60935 30 60995 4 61179 1 61192 29 61250 7 61284 1 61448 3 61456 22 61488 1 61506 5 61536 2 61539 2 61703 3 61713 23 61742 5 61761 3 61792 5 61822 1 61961 1 61970 22 61998 4 62048 4 62226 21 62255 2 62304 3 62460 3 62482 21 62560 1 62715 5 62739 20 62971 5 63002 11 63229 3 63247 2 63259 7 63384 1 63486 2 63741 3 63996 4 64249 7 64283 2 64504 8 64537 6 64662 1 64758 10 64792 8 64918 1 65014 10 65047 9 65174 1 65269 11 65302 11 65505 1 65514 2 65525 11
416208,6911 1 7166 2 7419 5 7674 6 7924 12 8178 14 8430 18 8684 20 8938 22 9191 25 9445 27 9698 30 9951 33 10206 34 10457 39 10707 45 10960 48 11214 50 11469 51 11725 51 11980 52 12236 52 12492 52 12748 52 13003 53 13259 53 13515 53 13771 53 14026 54 14282 54 14537 55 14792 56 15048 56 15299 61 15554 62 15810 62 16067 61 16322 62 16578 62 16832 64 17087 65 17342 66 17597 67 17853 67 18109 67 18365 67 18622 66 18876 68 19132 68 19386 70 19641 71 19897 71 20152 72 20408 72 20664 72 20921 71 21177 71 21433 71 21689 71 21946 70 22203 69 22459 69 22715 69 22971 69 23227 69 23484 68 23740 61 23803 5 23997 61 24061 3 24254 60 24317 3 24510 65 24767 63 25025 58 25086 2 25288 51 25342 2 25544 56 25800 55 26056 56 26311 57 26567 57 26824 56 26964 1 27048 9 27081 55 27219 4 27302 14 27339 53 27472 7 27557 22 27596 52 27728 8 27812 24 27853 51 27984 8 28067 30 28109 51 28240 8 28321 36 28366 50 28495 8 28577 38 28623 49 28751 8 28833 40 28884 44 29008 6 29090 42 29140 44 29243 3 29266 3 29347 42 29397 43 29498 5 29604 44 29653 43 29754 5 29860 45 29910 42 29953 3 30010 5 30116 47 30164 50 30264 7 30372 98 30520 8 30628 92 30721 4 30778 7 30884 87 30972 4 30977 5 31035 6 31140 4 31146 80 31228 3 31233 5 31292 4 31403 79 31489 6 31659 76 31745 7 31909 3 31915 22 31939 52 32000 8 32165 4 32170 77 32256 8 32421 83 32512 8 32678 82 32768 8 32936 42 32980 35 33024 9 33100 1 33168 3 33193 41 33236 35 33280 11 33356 2 33422 5 33451 76 33536 11 33612 1 33678 6 33708 76 33792 11 33935 5 33969 71 34048 11 34191 6 34227 22 34250 46 34304 10 34447 7 34455 3 34484 20 34507 30 34538 14 34560 9 34704 10 34740 21 34762 46 34816 6 34960 9 34996 68 35072 6 35216 8 35252 2 35255 65 35328 6 35473 3 35513 63 35584 6 35636 5 35770 61 35840 6 35892 6 36027 60 36096 10 36148 6 36283 60 36352 12 36387 2 36404 6 36537 1 36541 40 36582 11 36595 4 36608 13 36660 5 36792 4 36798 38 36838 11 36853 1 36864 13 37047 5 37054 2 37060 32 37094 11 37120 13 37302 10 37316 18 37336 11 37350 12 37376 13 37558 10 37573 15 37593 10 37605 14 37632 13 37814 10 37829 14 37849 27 37888 13 38063 2 38070 10 38085 14 38104 13 38118 15 38144 13 38197 3 38326 10 38342 15 38359 14 38374 17 38400 13 38451 5 38583 9 38599 49 38656 12 38706 7 38841 7 38856 48 38912 12 38939 2 38961 9 38996 1 39102 4 39113 47 39168 11 39216 10 39252 3 39358 5 39370 46 39424 10 39471 11 39496 1 39508 4 39611 9 39626 47 39680 9 39727 11 39764 3 39868 8 39883 45 39936 9 39983 11 40125 7 40139 45 40192 7 40239 12 40381 6 40396 43 40448 5 40496 12 40522 1 40637 6 40652 39 40701 3 40705 3 40753 11 40895 2 40909 38 40956 4 41009 10 41038 1 41166 38 41210 6 41265 10 41294 1 41423 38 41465 7 41520 11 41680 37 41722 6 41775 12 41938 35 41978 6 42030 13 42194 16 42213 14 42235 5 42286 12 42451 16 42468 15 42491 5 42542 12 42708 33 42748 4 42797 13 42964 33 43004 4 43051 14 43219 33 43260 4 43306 15 43475 33 43517 3 43561 15 43731 20 43752 9 43764 2 43774 2 43816 16 43987 4 43993 14 44008 9 44019 4 44030 2 44072 16 44245 1 44251 31 44286 2 44329 15 44356 7 44506 32 44542 2 44589 11 44610 12 44761 19 44782 11 44798 2 44847 9 44865 15 44881 4 45016 20 45040 8 45055 1 45105 8 45121 24 45272 20 45297 7 45311 1 45362 7 45377 17 45395 7 45434 2 45528 20 45553 1 45556 4 45567 1 45618 7 45633 15 45653 5 45687 5 45784 19 45809 1 45813 3 45819 5 45874 7 45888 16 45909 8 45943 6 46041 18 46065 2 46071 1 46075 5 46130 2 46133 3 46143 16 46165 8 46198 7 46297 19 46321 4 46327 1 46330 6 46392 1 46398 12 46411 4 46421 8 46453 8 46554 19 46576 5 46583 2 46586 3 46590 2 46646 4 46653 10 46677 8 46707 11 46810 21 46832 5 46838 2 46842 2 46900 18 46928 1 46932 9 46962 12 47066 31 47098 2 47156 17 47186 12 47200 1 47216 15 47323 30 47354 2 47412 16 47440 19 47471 16 47579 37 47669 15 47695 20 47727 17 47835 37 47926 12 47949 22 47983 23 48091 37 48183 3 48187 6 48204 23 48238 25 48348 36 48460 16 48479 4 48494 26 48605 35 48714 17 48735 5 48750 27 48861 35 48969 18 48991 7 49006 27 49118 34 49225 19 49246 8 49262 28 49374 34 49481 19 49501 10 49518 28 49631 33 49736 31 49774 28 49887 33 49992 32 50030 28 50144 32 50248 32 50289 24 50400 32 50503 33 50546 22 50657 31 50758 34 50802 22 50914 30 51014 34 51061 18 51170 30 51271 33 51318 17 51427 29 51527 34 51575 16 51616 2 51683 28 51782 35 51830 18 51940 27 52038 32 52071 2 52085 24 52197 26 52294 32 52327 3 52340 26 52454 26 52550 32 52583 3 52595 28 52710 26 52806 36 52850 28 52967 25 53063 36 53105 28 53224 17 53242 6 53318 6 53325 30 53360 29 53481 12 53500 4 53572 6 53582 29 53615 30 53739 8 53757 2 53827 7 53841 15 53859 8 53871 30 53996 7 54078 2 54081 10 54097 14 54116 6 54126 31 54254 3 54333 14 54353 14 54371 7 54382 29 54527 1 54588 15 54609 14 54627 8 54637 29 54780 4 54842 17 54862 19 54883 8 54893 28 55035 5 55098 17 55117 21 55139 8 55149 26 55289 7 55353 77 55441 2 55460 3 55544 8 55609 76 55694 6 55716 3 55799 9 55864 8 55873 68 55950 5 55972 2 56055 9 56096 1 56120 7 56129 16 56147 50 56205 5 56228 1 56311 9 56376 8 56385 6 56394 6 56403 5 56409 44 56460 2 56566 10 56633 13 56650 6 56661 2 56665 44 56716 1 56822 10 56890 10 56906 59 56972 1 57078 10 57147 8 57162 60 57336 8 57403 8 57417 61 57480 1 57595 5 57659 9 57672 28 57701 33 57735 3 57914 80 58169 81 58425 81 58613 2 58680 82 58869 3 58935 83 59124 4 59132 4 59191 82 59379 6 59386 6 59447 82 59635 6 59642 6 59702 82 59800 2 59891 4 59898 6 59954 87 60056 2 60148 3 60154 5 60209 77 60291 6 60311 3 60405 1 60410 5 60469 73 60567 3 60661 1 60666 6 60725 76 60824 2 60923 5 60981 77 61179 2 61182 2 61234 81 61438 2 61493 78 61694 2 61750 79 61832 1 61950 2 62007 83 62204 4 62264 82 62460 4 62524 78 62715 5 62782 4 62789 69 62891 4 62970 6 63046 68 63138 4 63145 7 63226 6 63303 67 63392 16 63483 5 63559 67 63648 16 63739 5 63816 66 63903 16 63995 5 64072 68 64159 15 64250 6 64329 67 64415 9 64426 4 64506 6 64587 66 64673 7 64683 1 64761 7 64844 65 64930 6 65017 7 65100 65 65188 2 65273 7 65356 65 65529 7
416662,56 6 76 6 118 14 162 70 245 4 312 7 333 5 372 16 418 70 568 7 589 6 626 18 674 67 822 9 844 7 882 18 931 65 1077 11 1092 5 1100 8 1138 17 1190 63 1332 12 1348 5 1356 8 1394 17 1448 61 1587 13 1603 7 1612 9 1651 16 1704 62 1842 13 1863 3 1867 2 1871 6 1908 14 1960 62 2097 15 2119 6 2127 5 2165 12 2217 61 2353 17 2375 7 2385 3 2422 8 2473 61 2609 17 2631 7 2642 1 2679 4 2728 61 2815 1 2860 1 2866 17 2887 7 2898 1 2936 3 2983 61 3069 3 3115 3 3122 17 3143 7 3153 2 3192 3 3238 61 3323 5 3371 3 3378 17 3398 8 3408 3 3448 3 3493 61 3580 4 3628 1 3634 17 3654 6 3663 4 3704 3 3749 18 3769 4 3774 35 3836 4 3875 5 3889 18 3911 4 3924 5 3940 3 3960 2 4005 18 4032 32 4092 4 4130 8 4145 18 4167 4 4179 7 4196 3 4262 16 4288 6 4297 5 4304 16 4349 3 4384 10 4400 19 4434 9 4452 3 4518 16 4542 7 4552 7 4564 10 4605 3 4640 11 4656 8 4667 9 4678 1 4688 12 4775 15 4798 5 4807 9 4822 8 4861 3 4895 12 4916 1 4923 12 4942 7 4955 4 5033 2 5040 6 5055 3 5062 13 5079 7 5117 3 5151 13 5179 12 5199 5 5212 3 5297 4 5318 14 5336 6 5372 4 5407 13 5433 14 5456 2 5469 2 5574 16 5593 5 5628 4 5663 13 5687 16 5712 1 5803 4 5830 16 5851 3 5885 3 5919 13 5942 15 6058 8 6087 16 6175 13 6193 19 6313 12 6344 15 6433 11 6448 20 6569 13 6600 16 6690 11 6703 20 6824 15 6857 15 6909 3 6948 32 7080 17 7113 16 7165 3 7205 31 7258 3 7286 1 7336 19 7366 2 7370 16 7420 4 7462 37 7513 4 7541 5 7592 6 7601 11 7620 23 7649 3 7675 5 7719 38 7765 8 7795 8 7847 6 7858 12 7876 5 7883 17 7905 4 7929 7 7976 39 8019 8 8051 9 8103 6 8114 13 8132 3 8142 14 8161 4 8186 6 8232 40 8274 9 8306 11 8360 4 8371 13 8388 1 8400 11 8417 3 8443 4 8488 40 8530 8 8562 11 8616 4 8629 14 8658 5 8699 4 8747 37 8786 8 8818 11 8873 2 8885 14 8915 2 8956 4 9004 36 9042 7 9074 12 9142 13 9171 3 9214 2 9261 31 9293 2 9301 3 9331 11 9398 13 9427 3 9516 32 9558 2 9588 10 9654 13 9683 3 9772 32 9814 1 9846 9 9910 13 9939 3 10026 28 10056 3 10102 6 10166 14 10196 2 10281 28 10328 1 10358 6 10422 14 10451 4 10536 8 10548 18 10582 3 10611 10 10678 14 10706 7 10790 10 10806 16 10834 7 10867 10 10935 12 10961 8 11045 12 11062 18 11090 3 11122 11 11194 7 11217 6 11299 15 11318 20 11346 1 11377 13 11473 5 11554 16 11575 22 11599 3 11632 14 11729 5 11810 16 11831 27 11886 16 11985 5 12066 17 12089 24 12142 4 12147 10 12176 1 12241 5 12322 17 12345 19 12365 4 12398 4 12404 9 12431 4 12500 2 12581 14 12602 18 12659 8 12686 6 12840 11 12859 18 12914 9 12932 4 12942 6 13097 11 13114 19 13169 11 13186 6 13198 7 13354 11 13370 19 13425 12 13442 6 13454 8 13467 3 13535 4 13611 10 13627 17 13681 13 13698 7 13712 7 13722 6 13780 1 13790 4 13868 10 13883 17 13937 13 13955 7 13970 15 14035 3 14045 5 14129 5 14139 18 14194 13 14210 7 14226 16 14291 3 14304 2 14386 4 14394 20 14451 13 14465 8 14483 16 14547 3 14643 4 14651 3 14667 2 14707 23 14739 16 14804 2 14900 3 14924 1 14962 29 14996 15 15061 1 15073 3 15158 1 15218 18 15239 10 15252 14 15317 1 15329 3 15401 3 15414 1 15474 18 15495 10 15509 13 15573 1 15585 3 15655 6 15730 18 15751 10 15764 13 15829 1 15841 4 15909 8 15986 18 16007 10 16020 12 16096 5 16105 3 16164 8 16242 17 16263 11 16276 10 16355 1 16419 9 16499 8 16511 4 16519 20 16673 12 16757 4 16774 22 16927 14 17030 23 17119 1 17182 16 17286 24 17437 18 17542 25 17693 17 17791 2 17798 25 17947 19 18046 4 18053 27 18203 18 18301 5 18309 26 18458 19 18556 33 18713 19 18755 6 18812 28 18842 3 18969 16 19007 11 19026 1 19068 9 19080 1 19085 11 19099 2 19225 16 19257 17 19324 8 19339 13 19355 3 19480 17 19512 19 19580 8 19593 16 19611 3 19736 18 19768 19 19792 2 19837 6 19849 16 19867 3 19991 19 20024 19 20047 3 20094 3 20105 16 20123 3 20247 19 20280 19 20302 4 20350 3 20361 16 20378 4 20503 20 20536 19 20557 5 20607 2 20617 21 20759 20 20792 19 20813 5 20863 5 20872 22 21005 3 21016 19 21048 20 21069 5 21119 7 21127 23 21261 3 21272 19 21303 27 21375 30 21517 3 21533 14 21559 27 21631 30 21774 2 21789 14 21815 26 21887 27 22033 1 22045 14 22071 25 22143 27 22211 3 22287 6 22301 14 22328 6 22340 4 22347 5 22400 25 22466 5 22543 7 22558 12 22604 4 22657 23 22721 8 22799 6 22816 10 22861 4 22913 21 22977 8 23054 7 23073 8 23118 3 23169 18 23233 8 23330 6 23374 3 23426 14 23489 7 23588 1 23630 4 23682 13 23745 7 23888 1 23939 10 24002 2 24195 9 24452 7 24710 3 24774 5 25022 3 25029 5 25277 5 25284 6 25533 6 25540 6 25779 4 25789 13 26033 7 26045 3 26052 4 26288 8 26308 4 26543 7 26565 2 26798 7 27054 5 27247 3 27309 4 27333 1 27502 5 27565 3 27756 8 27821 1 28011 9 28266 10 28522 11 28718 1 28778 11 28973 4 29034 11 29179 3 29228 7 29260 4 29289 13 29363 3 29434 5 29484 9 29516 6 29523 3 29545 13 29619 4 29624 3 29689 7 29741 9 29771 12 29800 15 29875 9 29886 1 29944 8 29998 10 30027 13 30044 7 30056 15 30131 9 30199 9 30256 10 30283 13 30299 10 30312 15 30387 8 30454 10 30512 11 30539 13 30554 30 30643 7 30710 10 30769 11 30795 13 30809 35 30899 7 30964 12 31026 10 31051 13 31065 36 31156 3 31220 9 31282 10 31308 12 31321 36 31476 9 31506 3 31538 10 31563 13 31577 37 31730 11 31761 6 31794 10 31819 51 31983 14 32016 7 32049 10 32075 23 32099 27 32239 14 32272 8 32305 10 32330 24 32357 25 32496 13 32528 8 32560 11 32586 12 32600 10 32613 15 32630 7 32752 13 32784 8 32816 11 32842 11 32856 10 32870 14 32888 4 32989 1 33008 13 33040 8 33072 11 33098 10 33112 10 33125 14 33244 2 33265 14 33296 8 33309 2 33329 11 33353 9 33369 9 33381 13 33477 1 33500 2 33521 15 33552 9 33564 4 33585 11 33606 11 33626 7 33637 13 33778 14 33809 8 33819 6 33841 11 33861 10 33883 6 33893 12 34035 13 34065 7 34075 6 34097 11 34116 10 34150 10 34291 13 34321 7 34332 4 34352 11 34372 9 34407 8 34523 1 34530 6 34547 13 34577 7 34607 12 34628 9 34664 5 34777 5 34785 8 34803 13 34833 6 34862 13 34885 5 35032 7 35041 9 35059 13 35089 6 35117 14 35141 4 35288 7 35296 11 35314 14 35345 6 35372 14 35397 4 35544 19 35570 14 35601 6 35626 15 35654 3 35801 19 35824 16 35858 5 35882 14 35910 4 36057 39 36114 4 36137 14 36166 4 36314 7 36322 30 36393 14 36421 6 36570 6 36580 28 36649 14 36676 7 36827 2 36830 2 36835 29 36904 16 36932 9 37083 1 37090 30 37161 15 37187 10 37342 34 37417 15 37442 12 37455 2 37585 6 37598 34 37674 14 37697 12 37711 4 37841 6 37852 36 37930 14 37953 10 37968 4 38096 7 38107 37 38186 13 38208 7 38225 4 38352 7 38362 38 38443 4 38449 5 38464 7 38482 3 38608 7 38618 38 38720 7 38738 3 38865 6 38873 39 38977 6 38995 3 39121 6 39128 40 39234 5 39251 3 39377 6 39384 40 39490 11 39506 3 39634 5 39640 40 39746 12 39761 4 39891 45 40003 17 40149 36 40188 4 40260 16 40405 35 40445 3 40517 15 40661 3 40665 14 40682 7 40703 1 40774 14 40922 13 40938 5 40999 4 41037 7 41179 11 41195 2 41253 7 41435 11 41508 9 41692 9 41763 11 41953 1 42018 15 42054 3 42274 16 42308 6 42530 17 42564 7 42712 3 42786 18 42819 8 42967 5 43043 17 43075 8 43222 6 43300 15 43330 9 43369 5 43468 5 43477 8 43559 11 43586 9 43624 7 43723 17 43817 8 43835 2 43841 10 43879 8 43978 17 44076 1 44090 3 44097 10 44134 10 44152 9 44234 16 44354 9 44390 10 44407 11 44489 14 44613 6 44646 10 44662 12 44744 12 44869 6 44901 11 44917 14 44999 13 45126 4 45157 11 45172 15 45260 7 45299 1 45382 3 45413 30 45518 5 45553 3 45669 30 45775 3 45807 7 45925 31 46055 1 46061 9 46132 7 46179 32 46308 9 46318 8 46387 15 46431 36 46563 10 46574 8 46592 1 46643 15 46687 36 46820 19 46848 1 46899 16 46942 36 47076 7 47086 9 47104 1 47155 15 47197 37 47333 5 47343 8 47360 1 47411 15 47453 37 47600 7 47616 1 47667 15 47709 37 47857 6 47872 1 47923 14 47964 37 48117 1 48128 5 48179 14 48202 2 48210 1 48219 36 48384 7 48435 13 48457 4 48466 5 48473 37 48640 7 48679 1 48691 13 48714 3 48720 45 48896 7 48933 4 48946 14 48970 51 49152 3 49188 7 49202 14 49227 50 49408 1 49443 9 49457 15 49483 9 49493 40 49664 1 49699 9 49712 16 49739 9 49751 38 49954 10 49968 16 49995 8 50011 34 50141 3 50184 1 50210 10 50224 17 50251 7 50269 32 50396 5 50439 4 50446 2 50465 12 50480 17 50507 6 50525 31 50650 7 50695 11 50721 13 50736 17 50765 3 50782 29 50856 2 50861 4 50905 8 50950 13 50977 13 50993 16 51039 26 51110 13 51160 9 51206 13 51233 15 51250 14 51295 23 51365 14 51417 8 51461 14 51489 15 51508 12 51552 21 51620 16 51674 6 51716 14 51746 14 51768 7 51809 17 51876 16 51932 2 51970 16 52003 13 52024 6 52066 15 52130 18 52213 11 52225 9 52237 3 52259 13 52281 4 52323 13 52340 1 52376 2 52384 20 52451 3 52469 17 52516 11 52580 11 52596 3 52632 3 52639 22 52706 5 52724 12 52750 1 52772 11 52837 9 52851 5 52887 4 52894 23 52961 5 52979 10 52991 1 53006 6 53029 11 53094 8 53107 5 53143 4 53150 22 53213 9 53234 10 53262 8 53286 10 53329 4 53350 7 53364 3 53399 4 53406 22 53454 4 53462 12 53490 9 53518 9 53543 9 53584 5 53607 6 53628 2 53656 2 53662 22 53709 20 53745 9 53774 9 53801 8 53839 7 53883 4 53912 1 53919 1 53923 17 53964 21 54001 8 54030 10 54057 8 54095 8 54138 5 54154 2 54179 17 54220 20 54257 8 54286 10 54314 6 54351 8 54394 5 54409 4 54435 17 54477 19 54513 8 54543 10 54571 4 54607 8 54650 5 54664 5 54690 10 54702 6 54733 19 54760 2 54769 8 54800 9 54864 7 54902 5 54912 3 54920 4 54946 9 54959 4 54991 3 54998 10 55015 19 55058 7 55158 4 55168 3 55201 10 55216 2 55255 9 55270 20 55296 2 55315 4 55386 1 55424 3 55456 12 55472 1 55512 8 55525 21 55552 5 55642 1 55680 3 55711 13 55770 5 55780 22 55808 11 55937 2 55967 13 56035 23 56064 13 56138 5 56193 2 56222 15 56290 24 56320 14 56393 7 56450 1 56478 15 56545 24 56576 14 56647 9 56733 16 56801 23 56832 15 56891 5 56902 10 56989 15 57057 18 57076 6 57085 1 57088 14 57146 22 57245 13 57314 16 57332 26 57401 22 57501 13 57570 15 57588 25 57654 25 57698 4 57758 8 57826 15 57844 24 57909 26 57954 3 58015 2 58041 1 58081 16 58099 20 58164 26 58209 4 58295 5 58337 16 58354 21 58419 27 58550 6 58592 17 58610 20 58674 27 58805 7 58848 17 58866 19 58929 27 59060 8 59104 37 59184 28 59315 9 59360 36 59439 29 59570 12 59616 35 59695 29 59826 14 59872 34 59950 31 60082 15 60128 32 60205 17 60223 14 60338 17 60385 31 60461 14 60481 12 60594 20 60641 31 60716 11 60739 10 60850 22 60898 30 60971 10 60996 8 61105 23 61155 29 61225 11 61254 5 61361 23 61411 29 61481 11 61617 24 61667 29 61737 10 61872 25 61924 28 61994 9 62127 26 62181 27 62250 8 62382 26 62438 26 62638 26 62695 25 62894 26 62951 25 63024 2 63150 2 63153 22 63208 24 63279 4 63406 2 63409 22 63465 10 63479 9 63535 5 63665 25 63721 10 63734 10 63790 9 63920 32 63977 10 63990 8 64046 10 64177 33 64233 19 64302 11 64418 1 64433 34 64489 16 64559 9 64688 35 64745 16 64815 8 64944 35 65002 14 65071 9 65185 2 65199 36 65258 14 65328 8 65423 2 65440 5 65455 36 65514 13
417960,0 65536
418853,0 65536
421383,14 3 50 48 104 27 205 18 228 17 271 2 305 49 359 27 460 20 484 17 535 4 561 49 614 28 708 2 715 21 741 2 744 12 790 7 816 50 869 9 879 18 934 2 962 6 970 22 1001 11 1046 10 1072 49 1125 9 1137 16 1189 3 1218 30 1257 11 1303 10 1329 47 1381 9 1394 15 1442 7 1473 32 1513 10 1559 10 1585 47 1636 10 1649 15 1696 8 1715 3 1729 32 1768 10 1816 10 1827 10 1841 6 1858 29 1893 11 1905 15 1951 7 1969 5 1985 31 2024 10 2072 22 2095 8 2117 25 2149 26 2206 7 2225 5 2240 32 2280 10 2325 3 2330 30 2375 23 2405 26 2461 7 2481 5 2495 33 2536 9 2580 4 2587 30 2631 23 2662 25 2717 6 2737 4 2749 35 2793 8 2836 3 2844 12 2859 15 2887 12 2904 8 2916 26 2972 8 2986 2 2994 3 3004 31 3048 8 3092 4 3099 10 3114 16 3143 10 3161 34 3226 12 3241 3 3250 3 3260 31 3304 8 3347 15 3367 20 3399 8 3417 31 3479 22 3503 6 3516 30 3561 8 3603 7 3611 6 3622 21 3655 8 3673 30 3734 29 3772 30 3817 2 3820 5 3877 22 3911 9 3929 7 3939 19 3989 29 4028 31 4073 1 4078 3 4133 22 4167 10 4184 7 4197 15 4245 27 4284 31 4327 3 4390 21 4424 11 4438 7 4450 17 4500 21 4525 2 4540 32 4583 2 4646 20 4682 16 4705 16 4756 19 4796 32 4839 1 4902 6 4911 9 4938 15 4960 16 5013 18 5052 23 5078 7 5169 6 5199 10 5215 17 5269 17 5308 23 5335 9 5409 4 5425 6 5456 8 5471 17 5526 16 5565 22 5591 8 5607 1 5663 6 5684 3 5713 6 5726 18 5782 15 5805 5 5821 23 5846 10 5863 4 5875 1 5918 7 5941 3 5969 6 5981 18 6038 15 6060 7 6073 1 6077 39 6120 3 6129 4 6173 8 6198 1 6226 5 6236 19 6293 16 6315 10 6327 45 6385 5 6430 7 6471 2 6483 4 6493 18 6549 16 6571 56 6643 3 6685 8 6725 5 6740 3 6749 11 6762 5 6805 16 6826 57 6939 10 6980 7 7000 3 7005 10 7017 5 7062 15 7082 57 7159 1 7181 7 7195 12 7235 10 7255 5 7261 9 7271 6 7319 76 7415 1 7437 10 7450 7 7460 3 7489 13 7511 5 7517 16 7576 75 7670 2 7693 10 7706 7 7717 4 7742 17 7767 13 7781 7 7833 35 7873 34 7926 2 7949 10 7961 9 7973 12 7997 18 8023 10 8039 2 8091 32 8130 34 8181 2 8205 10 8217 11 8229 13 8248 1 8252 19 8278 10 8348 30 8386 25 8412 9 8437 1 8461 8 8472 27 8504 22 8534 13 8605 29 8640 26 8668 8 8718 6 8728 14 8743 12 8760 19 8789 14 8862 27 8895 26 8925 7 8976 3 8985 12 9004 7 9016 17 9045 12 9073 3 9119 27 9150 19 9172 4 9182 6 9241 12 9261 6 9273 9 9283 4 9300 7 9328 5 9377 27 9405 19 9428 3 9439 5 9498 10 9517 6 9528 14 9556 5 9584 6 9633 55 9748 4 9755 8 9768 4 9775 4 9784 14 9812 5 9839 8 9854 4 9890 54 10002 53 10096 8 10108 8 10146 55 10257 42 10301 10 10352 8 10363 10 10403 1 10405 59 10467 1 10511 42 10558 9 10609 6 10619 10 10662 58 10722 2 10739 1 10762 47 10816 7 10830 3 10867 2 10874 12 10919 58 10978 3 10994 2 11015 52 11074 5 11086 6 11130 13 11176 61 11250 2 11270 34 11307 17 11333 4 11342 8 11386 13 11403 5 11432 61 11494 2 11506 2 11525 33 11564 17 11589 5 11599 8 11616 1 11642 14 11657 8 11692 51 11746 3 11750 2 11761 4 11781 33 11820 17 11845 6 11855 8 11870 5 11899 22 11951 47 12003 6 12017 4 12036 35 12077 16 12101 7 12111 7 12125 7 12155 23 12209 46 12259 7 12274 4 12291 36 12333 17 12357 7 12367 7 12380 9 12412 23 12466 47 12514 10 12530 6 12547 36 12589 17 12613 7 12624 5 12637 8 12667 25 12723 58 12788 4 12803 37 12842 21 12870 6 12880 3 12894 7 12921 29 12980 58 13045 3 13059 31 13091 2 13098 23 13128 3 13136 4 13152 4 13176 31 13243 32 13276 18 13300 4 13315 31 13354 24 13392 4 13432 31 13477 2 13500 30 13533 17 13556 4 13572 30 13611 24 13648 5 13688 31 13729 7 13756 30 13789 17 13812 7 13829 10 13843 15 13868 23 13903 7 13945 30 13984 9 14013 29 14044 17 14069 8 14086 9 14099 18 14124 23 14151 15 14200 30 14240 8 14268 30 14300 17 14326 8 14344 7 14355 24 14381 19 14407 17 14456 30 14488 5 14498 3 14518 4 14523 30 14556 17 14581 11 14601 5 14611 23 14638 15 14664 16 14713 36 14762 1 14774 34 14812 3 14816 15 14836 12 14859 2 14867 22 14895 12 14921 15 14970 35 15018 1 15030 33 15067 4 15073 15 15091 13 15110 6 15124 22 15147 16 15178 15 15227 33 15273 2 15286 33 15322 5 15330 30 15364 8 15381 7 15392 27 15434 15 15484 11 15497 9 15508 7 15528 4 15543 31 15578 5 15586 30 15619 11 15637 6 15648 28 15691 14 15741 9 15753 9 15764 6 15786 2 15799 32 15834 6 15842 30 15874 13 15893 4 15905 27 15948 12 15998 8 16010 7 16020 5 16042 2 16055 32 16091 5 16097 31 16130 15 16161 26 16203 14 16255 7 16266 6 16276 4 16298 2 16312 32 16346 5 16354 47 16417 25 16458 15 16511 7 16522 5 16532 4 16543 4 16554 2 16568 38 16610 29 16640 18 16673 23 16713 16 16768 16 16790 1 16799 5 16825 37 16866 29 16896 19 16929 22 16968 18 17026 14 17055 5 17082 35 17122 29 17152 19 17186 20 17225 17 17283 14 17310 6 17339 32 17379 28 17408 20 17443 18 17481 17 17539 15 17566 6 17595 32 17635 49 17701 15 17737 17 17796 14 17822 7 17852 31 17892 27 17920 21 17959 12 17994 15 18014 3 18052 15 18078 7 18108 31 18148 27 18176 21 18219 7 18250 16 18268 7 18309 13 18334 7 18365 30 18405 8 18422 7 18432 21 18478 4 18506 10 18517 16 18567 10 18590 7 18622 30 18661 7 18679 5 18688 21 18734 4 18764 26 18823 13 18847 6 18880 29 18919 3 18936 2 18944 21 18991 4 19022 26 19079 15 19096 1 19104 4 19138 28 19200 20 19278 27 19334 19 19360 3 19396 26 19456 20 19534 27 19590 19 19616 3 19653 25 19712 19 19789 28 19845 21 19900 1 19910 24 19968 18 20044 29 20101 22 20155 3 20168 22 20224 19 20300 28 20357 22 20411 3 20426 19 20480 19 20556 27 20614 20 20667 3 20683 17 20736 20 20812 27 20870 20 20923 4 20940 15 20992 20 21068 27 21122 24 21149 4 21161 1 21179 4 21196 13 21248 21 21323 28 21377 25 21404 17 21434 6 21452 12 21504 21 21579 31 21632 25 21660 17 21690 6 21709 10 21760 21 21834 37 21888 22 21917 16 21943 10 21965 9 22016 21 22090 39 22145 19 22173 16 22198 12 22212 3 22222 7 22247 2 22272 20 22346 42 22403 5 22409 10 22428 16 22455 18 22503 2 22528 20 22601 45 22666 9 22684 15 22711 20 22758 3 22784 21 22808 6 22857 46 22921 9 22939 16 22966 21 23015 1 23040 31 23110 25 23137 23 23177 7 23195 5 23202 9 23222 22 23271 1 23296 32 23364 27 23393 23 23435 4 23450 6 23459 8 23478 22 23552 32 23618 30 23650 21 23701 3 23705 8 23716 7 23733 23 23808 32 23874 30 23905 21 23940 2 23955 14 23973 7 23990 22 24064 32 24129 19 24149 32 24194 6 24205 20 24229 8 24246 22 24320 32 24385 17 24405 33 24447 35 24484 8 24502 23 24576 32 24640 18 24661 33 24701 46 24759 23 24832 32 24895 18 24917 33 24955 28 24986 14 25015 24 25088 32 25150 19 25173 33 25210 27 25244 11 25271 25 25344 32 25396 2 25405 20 25429 33 25466 25 25505 7 25522 2 25526 27 25600 31 25651 4 25660 20 25684 33 25723 23 25761 10 25777 32 25856 31 25906 5 25916 19 25939 34 25979 21 26018 9 26033 14 26048 17 26112 29 26162 5 26171 19 26195 34 26236 18 26274 10 26288 14 26306 15 26368 31 26418 4 26427 19 26450 35 26491 18 26530 10 26545 12 26563 14 26624 32 26675 2 26682 20 26706 35 26747 15 26786 10 26802 10 26820 12 26880 34 26930 3 26938 20 26962 35 27002 15 27041 11 27059 8 27077 8 27136 37 27185 5 27193 21 27218 35 27258 15 27288 1 27296 12 27317 5 27333 6 27361 4 27392 39 27436 3 27441 5 27449 21 27474 34 27514 15 27532 1 27540 6 27551 12 27575 1 27589 5 27617 4 27648 24 27673 30 27705 21 27731 10 27745 19 27770 14 27786 4 27796 22 27847 1 27873 4 27902 24 27929 29 27962 20 27987 11 27999 20 28027 12 28043 3 28052 6 28060 14 28129 3 28157 24 28185 27 28218 20 28243 31 28284 10 28308 2 28317 12 28385 2 28413 24 28441 26 28475 18 28499 29 28540 9 28575 7 28668 25 28698 14 28714 8 28732 17 28755 26 28796 8 28834 1 28923 26 28955 13 28971 7 28988 17 29011 26 29052 8 29076 4 29177 28 29212 12 29228 5 29245 15 29267 25 29308 8 29321 3 29331 7 29432 29 29468 12 29486 1 29502 14 29523 24 29565 9 29577 4 29588 7 29688 29 29725 11 29759 12 29778 24 29821 17 29844 9 29943 29 29981 11 30016 10 30034 10 30045 12 30078 16 30099 11 30199 28 30232 3 30237 10 30273 9 30290 10 30301 11 30335 15 30355 14 30454 28 30494 9 30530 5 30546 21 30592 22 30615 13 30710 26 30751 7 30802 19 30849 7 30857 13 30872 13 30929 1 30965 26 31007 6 31057 19 31106 21 31128 13 31183 3 31221 26 31264 4 31314 17 31362 21 31384 13 31438 4 31477 24 31521 2 31570 16 31619 20 31641 12 31693 4 31733 23 31777 2 31827 15 31875 19 31897 11 31950 2 31989 22 32034 1 32084 13 32131 19 32153 11 32245 11 32257 10 32345 8 32386 20 32408 11 32450 4 32501 11 32513 9 32550 1 32603 4 32643 19 32664 11 32704 9 32757 10 32769 8 32780 5 32795 4 32806 3 32900 18 32921 10 32959 12 33012 6 33029 4 33035 7 33051 3 33061 7 33156 19 33177 10 33215 13 33269 4 33286 12 33307 2 33317 8 33414 28 33471 13 33525 3 33542 11 33563 1 33573 9 33670 26 33727 10 33781 4 33797 12 33829 10 33927 21 33984 6 34038 4 34053 11 34085 10 34184 5 34192 12 34240 2 34294 4 34305 2 34309 10 34328 3 34341 10 34418 2 34449 11 34462 4 34493 4 34549 6 34560 3 34565 11 34582 5 34598 10 34672 6 34705 11 34718 4 34749 4 34805 5 34816 2 34821 21 34854 11 34928 7 34962 17 35004 6 35061 5 35072 26 35110 11 35184 8 35218 18 35260 5 35318 3 35328 7 35338 16 35366 12 35441 8 35474 18 35516 5 35555 1 35584 7 35593 17 35622 13 35698 6 35722 2 35729 19 35771 6 35810 2 35840 26 35879 7 35887 4 35954 6 35974 30 36026 7 36067 1 36096 27 36136 5 36144 3 36211 5 36229 32 36283 6 36352 29 36393 3 36401 2 36467 6 36484 33 36539 7 36608 31 36657 2 36724 5 36740 33 36796 6 36864 33 36910 6 36936 3 36980 7 36995 34 37053 5 37120 33 37166 6 37190 6 37237 21 37261 23 37310 3 37376 35 37422 6 37446 7 37494 20 37518 22 37632 35 37680 3 37702 8 37750 19 37774 1 37777 18 37888 36 37957 14 38006 19 38029 3 38034 16 38144 36 38213 16 38263 18 38284 4 38291 14 38400 36 38466 19 38521 17 38540 5 38548 12 38597 3 38656 36 38720 22 38778 16 38796 5 38804 11 38853 3 38912 35 38976 22 39034 23 39060 7 39109 3 39168 35 39232 22 39290 24 39315 7 39365 1 39424 34 39489 22 39545 20 39568 9 39680 34 39735 3 39745 22 39774 5 39801 32 39936 32 39988 8 40002 22 40028 10 40043 3 40057 31 40192 30 40243 10 40257 23 40283 20 40314 30 40448 29 40499 11 40511 24 40539 21 40570 32 40704 28 40762 29 40795 22 40826 34 40960 28 41021 23 41051 23 41082 39 41216 29 41278 20 41307 23 41338 41 41474 29 41534 19 41564 23 41594 43 41668 4 41731 28 41791 17 41820 24 41850 44 41923 5 41988 27 42054 9 42077 23 42105 45 42179 5 42244 27 42311 8 42334 22 42361 46 42435 5 42501 28 42567 8 42591 22 42616 47 42692 3 42757 29 42823 8 42848 21 42872 47 43014 5 43023 19 43080 4 43105 20 43127 48 43280 17 43336 3 43361 70 43538 2 43543 10 43581 2 43591 4 43617 69 43800 9 43836 3 43847 3 43873 69 44056 9 44128 70 44230 2 44312 9 44384 69 44485 3 44568 9 44583 5 44595 2 44640 69 44741 3 44825 8 44839 7 44850 4 44896 68 44997 3 45081 9 45094 7 45106 4 45152 67 45253 3 45338 9 45350 6 45361 5 45371 2 45409 65 45509 3 45596 7 45607 5 45617 6 45626 2 45666 63 45765 4 45852 7 45864 4 45872 4 45877 2 45882 5 45922 61 46021 5 46108 7 46121 11 46138 5 46177 58 46278 3 46363 8 46377 11 46394 5 46432 8 46441 50 46618 9 46632 23 46686 10 46697 50 46874 8 46887 14 46903 7 46941 11 46953 50 47130 9 47143 13 47196 12 47213 29 47244 15 47386 9 47400 1 47404 7 47452 10 47470 28 47505 7 47514 1 47643 7 47707 11 47727 28 47762 4 47768 3 47899 7 47962 12 47983 28 48019 2 48025 4 48156 7 48218 12 48239 27 48281 4 48412 7 48475 11 48495 21 48517 4 48539 2 48668 8 48731 16 48751 19 48774 1 48797 4 48924 9 48987 17 49008 11 49022 3 49053 8 49180 9 49244 17 49265 6 49278 4 49309 9 49439 5 49500 8 49509 8 49522 2 49534 5 49554 1 49566 9 49697 3 49757 5 49765 8 49789 7 49798 2 49825 6 49954 2 50021 8 50044 13 50082 5 50242 3 50278 7 50300 13 50339 4 50497 5 50508 2 50534 7 50556 13 50597 2 50753 6 50762 5 50790 7 50812 13 51009 7 51017 8 51047 6 51068 13 51266 6 51273 8 51303 5 51323 7 51331 5 51524 4 51529 8 51552 10 51578 7 51588 3 51780 12 51807 9 51834 6 51845 2 52039 10 52062 10 52089 7 52122 3 52295 11 52317 13 52345 7 52376 4 52551 13 52569 17 52601 8 52614 1 52632 3 52808 13 52824 19 52856 10 52868 5 52889 2 53064 14 53079 21 53112 18 53323 10 53335 22 53368 18 53580 9 53591 22 53625 11 53637 5 53838 7 53848 21 53882 8 53894 4 54062 3 54095 6 54106 18 54138 7 54150 4 54210 4 54222 3 54316 4 54351 6 54362 18 54395 5 54405 5 54466 4 54477 5 54571 5 54607 7 54617 19 54652 2 54660 5 54723 1 54733 6 54827 4 54864 28 54916 5 54990 5 55004 2 55082 5 55120 10 55131 16 55172 5 55247 4 55259 4 55338 5 55376 10 55387 16 55515 4 55594 5 55633 9 55645 13 55772 4 55850 5 55889 8 55901 14 56106 5 56145 8 56157 15 56363 4 56378 3 56400 8 56414 14 56620 5 56633 5 56655 9 56671 13 56878 15 56910 11 56926 14 57134 15 57166 12 57181 15 57390 14 57421 13 57436 15 57647 9 57657 2 57666 4 57676 30 57903 8 57921 5 57929 7 57937 8 57947 14 58159 8 58175 16 58193 7 58204 11 58416 6 58430 15 58449 7 58460 11 58674 2 58685 15 58706 6 58717 10 58941 14 58962 6 58975 8 59197 6 59210 1 59218 6 59232 7 59424 2 59454 4 59475 4 59490 4 59679 5 59710 2 59732 2 59935 5 59956 3 59966 1 60191 5 60211 6 60221 2 60447 4 60467 14 60704 1 60722 15 60920 4 60958 5 60978 16 61177 3 61213 6 61235 15 61424 3 61433 3 61469 7 61490 17 61526 3 61679 4 61689 3 61725 7 61744 19 61779 8 61816 1 61934 6 61947 1 61982 6 61999 23 62025 18 62190 5 62203 1 62238 6 62253 46 62326 1 62446 3 62496 4 62508 46 62754 3 62763 47 63010 3 63019 48 63142 2 63266 4 63275 51 63397 5 63412 1 63522 5 63530 54 63653 5 63667 2 63778 64 63907 6 63923 3 64033 66 64163 5 64180 2 64289 67 64418 6 64436 1 64546 5 64553 26 64587 26 64673 7 64803 2 64809 24 64844 25 64928 7 65065 23 65099 26 65184 8 65321 23 65354 8 65363 18 65440 8
423047,65 82 164 7 174 12 282 4 321 82 420 6 429 13 537 9 577 83 677 5 684 14 793 11 827 88 939 15 1048 14 1076 95 1195 16 1303 19 1332 52 1389 37 1451 17 1557 22 1586 54 1645 37 1708 17 1812 24 1842 53 1902 35 1967 14 2067 26 2097 54 2158 34 2224 13 2323 27 2353 55 2415 32 2480 13 2553 7 2578 86 2672 31 2736 12 2809 7 2833 87 2930 28 2992 13 3065 7 3086 89 3188 26 3248 13 3294 6 3321 7 3339 91 3445 25 3504 13 3549 9 3578 6 3594 92 3703 23 3760 14 3805 11 3835 5 3849 93 3959 22 4016 14 4061 11 4093 3 4105 92 4217 13 4231 6 4272 15 4317 12 4361 90 4474 11 4489 3 4530 13 4574 11 4617 87 4726 1 4731 11 4788 11 4830 11 4872 86 4980 6 4987 12 5045 9 5087 9 5126 87 5236 7 5245 11 5302 8 5342 10 5382 86 5491 9 5504 10 5558 7 5596 7 5619 1 5638 85 5747 9 5761 10 5816 2 5822 3 5851 7 5873 4 5896 82 6003 9 6018 10 6077 5 6106 8 6129 5 6152 80 6259 9 6274 10 6333 6 6361 11 6384 7 6409 77 6514 3 6519 7 6531 9 6588 7 6616 13 6640 7 6665 77 6769 4 6777 6 6788 7 6844 8 6872 7 6880 6 6896 7 6920 77 7024 6 7033 7 7045 6 7101 6 7116 2 7127 7 7137 6 7151 7 7176 77 7279 8 7289 7 7301 5 7358 5 7369 7 7383 7 7393 6 7407 7 7431 79 7534 18 7558 4 7624 8 7639 7 7650 6 7663 7 7686 80 7788 21 7815 2 7879 10 7895 7 7906 6 7919 8 7930 4 7942 80 8043 23 8068 5 8128 17 8151 7 8163 6 8176 7 8184 7 8198 80 8299 30 8382 19 8407 7 8420 6 8433 14 8453 82 8554 31 8635 21 8664 6 8675 7 8689 15 8709 82 8809 32 8890 21 8920 6 8930 8 8946 14 8966 82 9064 33 9146 21 9177 5 9186 8 9202 4 9210 4 9222 82 9320 33 9402 21 9434 4 9441 8 9478 81 9577 32 9658 22 9696 9 9709 4 9733 82 9833 32 9913 23 9952 9 9964 6 9989 82 10090 30 10169 23 10208 9 10220 7 10245 82 10351 25 10425 24 10464 8 10475 8 10501 82 10609 24 10680 24 10721 7 10731 8 10757 82 10867 1 10871 18 10936 24 10977 7 10987 8 11014 81 11131 13 11192 23 11234 5 11243 7 11270 81 11387 13 11449 22 11491 3 11499 7 11525 82 11644 12 11705 22 11756 6 11781 81 11901 11 11961 22 12013 6 12036 81 12157 11 12217 22 12270 6 12292 80 12402 3 12414 10 12473 22 12527 6 12547 75 12624 2 12669 11 12698 4 12729 22 12783 6 12803 75 12924 12 12953 6 12971 3 12985 22 13039 7 13056 77 13174 17 13209 8 13226 6 13241 21 13294 8 13312 77 13429 16 13465 10 13481 7 13496 22 13550 8 13568 77 13684 16 13722 23 13751 22 13798 4 13807 6 13824 77 13940 15 13979 23 14007 21 14053 6 14064 5 14080 77 14196 14 14230 2 14235 24 14263 20 14308 7 14321 2 14336 77 14451 15 14485 31 14520 17 14564 8 14592 76 14706 13 14740 50 14820 8 14848 70 14962 11 14996 36 15033 10 15076 9 15092 4 15103 71 15180 1 15218 12 15252 36 15290 8 15332 9 15346 7 15358 72 15435 5 15474 13 15508 37 15547 7 15588 9 15600 10 15613 73 15689 7 15729 14 15764 46 15838 15 15854 13 15870 83 15985 13 16019 48 16092 33 16126 83 16241 13 16274 49 16347 117 16498 10 16522 1 16529 50 16602 118 16754 9 16784 50 16859 117 17012 6 17040 42 17115 117 17270 1 17297 40 17372 116 17554 37 17629 115 17811 36 17885 116 18068 35 18142 114 18324 36 18398 114 18581 35 18654 114 18838 34 18910 113 19094 35 19165 116 19350 34 19420 119 19606 34 19674 122 19830 2 19863 24 19888 4 19929 123 20084 5 20119 24 20185 124 20340 6 20376 24 20440 125 20596 6 20633 23 20696 126 20852 6 20891 21 20951 128 21108 6 21153 15 21207 130 21364 5 21410 14 21463 131 21620 4 21668 12 21718 132 21878 1 21928 7 21974 133 22184 5 22230 132 22441 4 22485 124 22614 2 22698 3 22741 123 22997 122 23253 123 23468 2 23509 123 23720 8 23765 130 23976 9 24021 132 24201 5 24231 10 24277 132 24454 8 24487 10 24534 132 24709 10 24742 12 24790 41 24832 89 24964 11 24987 1 24992 18 25047 39 25088 89 25220 11 25241 25 25303 38 25344 89 25476 12 25496 26 25559 37 25600 88 25732 13 25750 28 25815 36 25856 89 25987 17 26005 29 26070 37 26112 90 26242 48 26325 38 26368 91 26498 48 26581 37 26624 92 26754 49 26837 36 26880 95 27010 49 27092 36 27136 96 27266 50 27343 31 27378 6 27392 96 27522 50 27597 32 27635 3 27648 96 27778 50 27850 34 27904 96 28034 50 28106 33 28160 96 28262 1 28290 49 28362 33 28416 95 28516 5 28545 49 28618 32 28672 94 28771 7 28799 49 28857 1 28875 30 28928 92 29027 7 29054 49 29113 1 29127 34 29184 46 29231 44 29283 8 29309 48 29369 2 29382 34 29437 93 29539 12 29563 48 29625 2 29637 35 29691 95 29795 14 29816 50 29877 3 29881 4 29893 35 29946 96 30051 14 30070 52 30130 14 30148 36 30202 96 30307 14 30326 52 30385 55 30458 96 30564 13 30581 54 30639 58 30714 96 30820 13 30837 55 30894 62 30970 95 31076 14 31091 122 31226 51 31280 41 31332 138 31483 49 31537 39 31588 138 31741 44 31794 37 31844 138 32000 40 32050 5 32057 30 32102 136 32256 38 32307 2 32313 30 32360 133 32499 1 32512 38 32562 3 32570 30 32617 132 32753 5 32768 37 32817 4 32827 29 32873 49 32926 79 33008 6 33024 37 33074 3 33085 27 33129 48 33182 79 33263 6 33280 37 33330 1 33346 21 33384 50 33437 80 33518 7 33536 37 33604 20 33640 51 33693 21 33715 66 33792 37 33860 20 33896 74 33972 65 34048 36 34116 22 34151 142 34304 36 34372 28 34407 142 34560 36 34627 30 34663 141 34816 36 34883 30 34919 141 35072 37 35139 31 35175 141 35328 37 35395 32 35431 141 35584 37 35652 32 35688 140 35840 37 35909 32 35945 132 36078 5 36096 37 36166 32 36207 132 36352 36 36423 11 36436 18 36463 131 36608 37 36680 8 36693 18 36718 132 36864 38 36939 2 36949 18 36972 134 37109 3 37120 39 37178 4 37204 19 37227 134 37365 4 37376 41 37433 7 37460 20 37482 133 37621 5 37630 43 37688 11 37716 155 37877 3 37885 45 37934 4 37944 12 37972 35 38011 116 38142 53 38200 12 38228 35 38268 116 38389 1 38399 52 38457 9 38484 36 38525 116 38642 5 38655 53 38713 5 38740 36 38781 123 38912 51 38997 36 39038 122 39168 52 39256 34 39295 123 39424 53 39516 30 39553 122 39680 54 39774 28 39810 122 39936 56 40031 27 40067 121 40192 58 40287 28 40324 7 40333 112 40448 59 40543 28 40581 4 40589 112 40704 59 40799 28 40834 3 40845 113 40960 59 41054 29 41088 6 41101 114 41216 59 41309 30 41344 6 41357 174 41563 31 41600 6 41613 175 41818 16 41836 13 41856 7 41868 177 42073 16 42093 12 42113 7 42124 179 42328 16 42350 12 42370 6 42379 185 42584 15 42607 11 42626 196 42840 13 42863 11 42882 197 43096 11 43119 11 43139 196 43352 10 43376 10 43395 196 43608 6 43622 2 43634 6 43651 196 43864 4 43876 6 43907 195 44130 10 44162 195 44386 10 44419 194 44641 12 44670 1 44675 194 44897 12 44924 3 44937 189 45152 14 45193 137 45333 50 45407 15 45449 136 45589 52 45664 14 45704 136 45845 53 45920 14 45960 135 46101 54 46178 13 46216 131 46357 54 46436 13 46472 127 46608 58 46693 14 46728 126 46863 58 46950 14 46985 125 47119 58 47206 15 47245 121 47374 58 47462 16 47501 13 47516 105 47630 5 47638 50 47720 15 47757 12 47772 105 47885 6 47894 49 47978 14 48012 12 48028 104 48139 60 48236 12 48269 10 48284 103 48393 61 48494 11 48525 9 48541 102 48649 35 48687 23 48750 11 48784 6 48797 98 48896 3 48904 35 48945 19 48996 1 49006 11 49042 2 49054 97 49152 3 49160 35 49211 7 49226 1 49252 3 49261 12 49283 3 49311 96 49408 3 49416 34 49468 5 49480 5 49507 5 49516 13 49538 6 49567 100 49672 34 49735 8 49763 6 49771 13 49794 7 49823 100 49929 32 49990 9 50018 21 50049 8 50079 13 50093 86 50185 32 50246 9 50274 22 50301 11 50334 12 50350 85 50441 32 50502 9 50530 22 50556 11 50590 10 50607 83 50696 33 50758 7 50786 33 50846 9 50863 83 50952 33 50997 2 51014 6 51042 33 51101 12 51118 83 51208 33 51251 6 51270 5 51297 34 51346 4 51357 100 51464 34 51503 11 51526 3 51549 38 51601 6 51613 100 51720 34 51758 13 51782 2 51802 41 51857 7 51868 101 51976 35 52013 15 52038 2 52053 46 52112 114 52232 19 52253 31 52306 49 52368 111 52480 3 52489 18 52511 30 52561 48 52624 111 52736 3 52745 19 52767 30 52817 47 52881 110 52992 3 53001 19 53023 32 53073 45 53120 4 53137 110 53248 3 53258 19 53280 34 53329 53 53392 114 53515 19 53537 34 53586 13 53601 38 53647 115 53772 18 53794 34 53842 12 53858 38 53901 118 54029 17 54054 30 54097 13 54115 37 54156 119 54285 17 54312 28 54349 17 54370 39 54411 120 54542 16 54568 28 54604 184 54798 16 54824 29 54860 184 55053 17 55080 30 55116 184 55309 17 55336 32 55372 185 55565 18 55592 32 55629 185 55821 18 55849 32 55885 186 56077 18 56105 19 56126 11 56142 185 56333 18 56361 18 56383 11 56398 184 56590 16 56616 18 56639 11 56655 178 56846 16 56871 21 56895 12 56912 176 57103 15 57126 22 57150 14 57169 175 57358 16 57382 39 57426 10 57437 163 57614 16 57637 40 57682 10 57699 157 57871 15 57893 41 57937 10 57957 155 58127 5 58136 6 58149 40 58193 9 58228 3 58235 133 58393 4 58405 29 58435 10 58450 7 58491 133 58660 29 58692 7 58706 6 58748 132 58915 29 58950 1 58964 3 59004 132 59169 30 59261 131 59424 24 59449 6 59518 130 59680 11 59692 12 59776 127 59936 10 59949 10 60032 128 60191 11 60206 9 60248 3 60287 129 60447 11 60464 5 60503 5 60543 129 60703 10 60758 6 60799 129 60959 10 61015 4 61052 132 61216 9 61271 4 61304 136 61473 8 61528 3 61557 140 61731 5 61784 2 61812 143 62068 143 62324 143 62580 143 62837 142 63093 141 63350 141 63545 2 63606 141 63800 7 63862 141 64056 10 64120 2 64125 134 64312 13 64382 132 64568 14 64640 129 64824 14 64898 126 65079 15 65155 125 65335 15 65411 125
423050,0 65536
432006,90 1 108 1 187 4 197 11 213 19 244 9 346 2 362 1 366 1 453 11 470 16 500 10 602 3 618 2 622 1 708 13 726 16 756 10 858 4 874 3 962 34 1011 11 1114 4 1130 3 1142 3 1218 34 1266 12 1370 1 1386 3 1396 6 1458 2 1473 37 1522 13 1568 1 1588 3 1642 3 1650 9 1714 3 1725 42 1775 16 1807 5 1830 1 1843 5 1880 2 1898 18 1948 2 1970 4 1980 45 2030 17 2062 7 2080 7 2098 7 2136 2 2153 19 2203 6 2226 6 2236 46 2285 18 2314 10 2335 8 2352 9 2392 2 2409 18 2458 8 2473 4 2482 6 2492 68 2566 15 2591 9 2607 9 2648 2 2664 20 2714 9 2728 5 2738 2 2741 4 2747 69 2820 17 2844 12 2863 9 2906 1 2920 21 2969 11 2984 5 2992 80 3075 21 3098 15 3119 9 3162 1 3176 23 3206 3 3225 12 3240 88 3331 37 3369 14 3416 1 3432 23 3462 5 3480 13 3496 88 3587 51 3672 1 3687 24 3717 7 3736 104 3842 51 3904 2 3908 5 3941 27 3973 7 3989 107 4098 50 4151 4 4159 11 4197 27 4228 8 4244 34 4279 73 4353 58 4416 10 4448 1 4453 27 4484 8 4500 3 4504 163 4673 9 4709 27 4739 9 4756 1 4762 162 4926 1 4929 8 4954 4 4965 29 4995 8 5018 128 5148 32 5181 12 5196 1 5209 7 5221 37 5274 128 5404 32 5437 12 5452 1 5462 10 5477 36 5533 183 5717 12 5733 33 5790 194 5990 34 6046 194 6246 36 6302 195 6501 40 6558 196 6757 41 6813 197 7013 43 7069 197 7269 44 7324 198 7524 46 7577 201 7780 48 7832 202 8036 206 8243 47 8292 220 8513 446 8960 255 9216 203 9420 51 9472 255 9728 58 9787 259 10047 254 10303 961 11268 38 11307 213 11526 35 11563 213 11783 34 11819 213 12040 37 12079 209 12297 36 12335 209 12554 246 12810 24 12836 220 13067 22 13092 220 13323 22 13347 221 13579 245 13834 134 13972 108 14091 133 14228 108 14348 132 14485 107 14602 134 14740 108 14858 54 14913 79 14995 109 15113 55 15169 31 15206 41 15251 109 15369 6 15377 46 15426 27 15463 39 15506 110 15626 3 15637 51 15689 20 15720 38 15762 110 15893 50 15945 20 15976 38 16019 109 16150 26 16177 20 16201 20 16232 40 16278 106 16410 22 16434 19 16456 21 16487 41 16535 105 16666 22 16689 19 16713 18 16746 37 16792 104 16923 21 16945 13 16959 3 16969 11 16982 1 17003 2 17008 30 17049 103 17183 20 17207 7 17216 2 17225 11 17266 28 17305 103 17449 10 17463 6 17473 2 17480 12 17524 25 17562 102 17707 8 17719 6 17730 1 17736 10 17780 24 17818 102 17965 6 17976 5 17986 1 17992 9 18037 22 18074 102 18180 1 18183 1 18222 5 18231 5 18249 7 18294 21 18331 102 18435 6 18487 5 18505 7 18550 20 18588 109 18718 3 18742 9 18761 6 18807 18 18844 108 18973 4 18997 10 19017 6 19064 16 19101 99 19201 7 19230 3 19253 7 19274 2 19321 13 19357 99 19458 6 19486 3 19507 9 19577 12 19613 99 19715 4 19760 13 19834 10 19868 100 19973 2 20013 16 20092 8 20124 100 20269 15 20349 7 20379 101 20524 16 20605 7 20635 7 20643 93 20781 15 20862 5 20893 3 20900 92 21039 13 21119 2 21156 92 21296 11 21376 1 21413 58 21478 26 21553 9 21570 1 21632 2 21670 56 21734 26 21807 10 21927 55 21990 26 22063 9 22084 1 22184 53 22246 26 22319 8 22441 52 22502 26 22575 7 22670 1 22698 51 22757 27 22830 6 22850 2 22954 50 23012 28 23085 5 23105 5 23111 2 23211 48 23268 28 23342 4 23359 7 23467 46 23524 28 23598 4 23615 7 23662 1 23723 45 23779 29 23854 9 23868 1 23871 7 23918 1 23979 44 24035 29 24108 12 24123 3 24127 6 24236 42 24291 29 24366 11 24380 4 24390 1 24494 39 24547 29 24623 11 24637 2 24645 3 24686 2 24693 3 24751 37 24803 29 24877 18 24902 1 24949 3 25007 32 25059 29 25132 20 25202 7 25264 29 25315 29 25388 20 25457 8 25520 29 25571 29 25644 21 25712 8 25753 2 25777 27 25827 29 25903 18 25968 1 25971 3 26009 4 26035 25 26084 28 26159 3 26165 12 26228 2 26265 5 26292 23 26341 27 26421 12 26483 4 26521 5 26549 20 26598 26 26678 11 26739 5 26778 5 26803 1 26805 8 26854 26 26935 7 26943 1 26995 5 27035 4 27059 10 27110 26 27192 2 27195 2 27253 2 27291 4 27315 9 27366 26 27451 2 27466 2 27547 5 27572 7 27622 26 27707 3 27720 6 27804 5 27829 4 27879 25 27963 2 27975 7 28060 5 28135 25 28220 1 28230 8 28315 6 28392 24 28486 7 28569 8 28648 24 28741 7 28824 10 28905 23 28997 7 29081 9 29161 23 29252 9 29337 9 29417 23 29508 6 29593 9 29673 23 29763 3 29768 1 29850 8 29929 16 29947 5 30017 5 30107 7 30185 14 30204 4 30272 6 30363 6 30442 13 30461 3 30528 7 30699 11 30718 2 30783 9 30956 10 30975 1 31040 8 31213 9 31231 1 31296 7 31418 7 31470 7 31553 6 31673 10 31727 4 31800 1 31811 3 31828 1 31929 19 32056 2 32084 1 32185 21 32255 1 32312 5 32386 1 32432 2 32440 27 32510 2 32567 8 32687 5 32696 28 32765 3 32822 2 32825 8 32836 1 32942 7 32951 29 33021 3 33081 9 33092 1 33198 38 33277 3 33336 12 33454 39 33533 3 33594 10 33710 39 33789 3 33850 9 33966 39 34046 2 34098 3 34105 7 34113 2 34222 39 34303 1 34353 15 34422 2 34478 41 34608 15 34679 3 34725 3 34734 42 34864 15 34916 1 34936 3 34980 4 34990 25 35017 16 35121 14 35158 3 35171 3 35193 4 35237 4 35246 25 35274 17 35379 12 35414 4 35425 6 35450 6 35500 28 35530 18 35636 11 35670 4 35681 7 35706 7 35754 6 35764 21 35786 7 35798 7 35892 12 35926 4 35937 7 35963 6 36010 5 36022 26 36057 5 36149 11 36161 2 36182 4 36193 7 36219 6 36266 5 36280 17 36301 3 36315 3 36405 11 36418 1 36438 4 36448 8 36475 7 36522 6 36538 12 36663 14 36703 9 36713 4 36730 8 36778 8 36795 10 36918 17 36958 17 36983 11 37034 9 37052 9 37089 2 37095 3 37175 16 37215 19 37235 15 37291 9 37309 7 37350 6 37431 17 37471 36 37552 3 37566 5 37606 8 37642 3 37687 18 37728 35 37816 4 37822 4 37862 10 37898 4 37944 18 37985 34 38073 9 38119 10 38153 5 38202 17 38242 33 38329 5 38376 11 38408 6 38461 15 38498 33 38633 11 38663 6 38716 17 38754 33 38891 10 38917 8 38971 18 39010 34 39150 7 39172 8 39186 1 39227 22 39252 1 39256 3 39266 35 39406 8 39428 6 39440 11 39457 6 39483 32 39522 36 39663 7 39683 7 39696 15 39712 7 39738 34 39778 36 39919 8 39939 6 39952 23 39993 36 40034 37 40174 9 40196 4 40208 23 40247 38 40289 38 40430 9 40452 1 40465 19 40503 38 40544 40 40686 9 40708 1 40721 18 40760 80 40942 9 40963 2 40978 17 41019 49 41069 26 41197 10 41220 1 41234 15 41283 41 41325 27 41453 10 41490 14 41540 40 41581 27 41708 11 41738 2 41746 12 41796 40 41837 27 41964 12 41991 6 42002 11 42052 39 42094 25 42220 12 42246 7 42257 11 42308 7 42318 28 42351 23 42476 12 42501 8 42513 11 42564 5 42576 26 42607 23 42732 11 42757 8 42768 12 42819 5 42832 26 42863 22 42988 11 43013 8 43024 12 43073 7 43088 26 43119 22 43243 12 43269 7 43279 13 43329 7 43345 25 43375 9 43386 11 43499 12 43521 1 43526 6 43535 13 43586 6 43604 1 43607 19 43631 9 43643 9 43756 12 43776 3 43783 4 43792 12 43842 6 43863 19 43887 9 43899 9 44012 11 44032 4 44041 2 44050 9 44099 5 44120 19 44143 9 44156 9 44269 10 44288 5 44308 7 44342 1 44355 5 44376 20 44398 10 44412 9 44525 10 44544 5 44565 6 44578 3 44612 4 44632 4 44641 23 44668 6 44676 2 44781 9 44800 5 44823 4 44834 4 44855 6 44868 4 44887 5 44898 21 44924 5 44932 2 45037 7 45056 4 45089 5 45110 7 45124 2 45142 5 45154 20 45180 4 45293 6 45312 4 45343 6 45366 7 45380 1 45397 6 45411 19 45436 3 45550 4 45569 5 45600 1 45621 5 45653 5 45667 10 45681 4 45807 2 45825 6 45878 2 45909 5 45923 10 46081 6 46132 1 46152 1 46165 5 46179 9 46319 2 46336 9 46347 2 46388 1 46408 1 46422 4 46436 8 46575 2 46592 12 46644 1 46679 2 46848 2 46853 7 46880 1 46888 7 47110 7 47143 9 47367 6 47399 9 47624 4 47653 10 47909 10 47944 2 48163 13 48200 1 48418 15 48674 15 48712 1 48930 16 48965 4 49187 14 49220 6 49444 12 49476 6 49701 13 49732 6 49911 2 49957 13 49988 6 50167 3 50213 13 50245 5 50423 3 50470 12 50501 4 50679 4 50728 11 50757 4 50800 1 50937 2 50987 9 51012 5 51056 2 51193 1 51244 9 51267 6 51311 3 51449 1 51500 10 51519 9 51567 3 51705 1 51756 9 51773 9 52012 8 52028 9 52076 2 52269 7 52284 9 52330 5 52527 3 52540 8 52585 6 52796 8 52841 6 53053 4 53061 2 53096 7 53311 2 53317 6 53352 7 53568 1 53573 7 53608 2 53611 4 53829 7 53869 2 54082 1 54085 7 54122 1 54126 1 54341 7 54376 3 54597 7 54632 3 54842 1 54845 4 54853 5 54888 1 55098 2 55101 4 55108 5 55275 1 55354 8 55364 6 55530 3 55611 7 55620 6 55785 5 55867 7 55876 9 56041 6 56123 6 56133 9 56296 8 56379 6 56389 9 56551 10 56634 6 56646 8 56807 11 56890 6 56902 9 57066 8 57146 5 57158 9 57323 7 57403 4 57414 8 57580 6 57600 1 57671 7 57837 5 57908 4 57927 8 58089 2 58092 5 58105 4 58164 5 58183 8 58344 7 58359 9 58421 4 58440 7 58600 3 58604 2 58614 10 58668 3 58678 4 58683 5 58696 7 58856 3 58869 11 58922 22 58954 6 59113 1 59124 12 59178 22 59210 7 59377 15 59396 4 59434 22 59467 6 59632 16 59650 8 59692 19 59724 4 59887 27 59952 14 59980 4 59993 3 60143 29 60209 12 60236 4 60249 4 60395 1 60399 16 60416 12 60467 9 60649 4 60654 13 60669 1 60672 13 60723 9 60904 18 60928 14 60947 3 60979 12 61160 17 61181 18 61202 5 61236 12 61416 6 61426 5 61436 20 61457 6 61491 14 61673 2 61691 29 61724 1 61727 4 61734 1 61746 16 61946 5 61952 26 61979 2 61989 2 62001 18 62048 4 62203 3 62208 29 62244 3 62250 26 62303 6 62464 31 62500 3 62506 26 62559 7 62720 32 62756 3 62762 26 62814 8 62976 33 63017 27 63070 8 63232 33 63273 28 63326 8 63488 33 63529 29 63582 8 63744 33 63784 30 63838 9 63989 3 64000 33 64040 30 64094 10 64246 2 64256 34 64296 30 64350 11 64499 2 64502 2 64512 38 64551 31 64606 10 64754 2 64768 16 64788 49 64862 9 65000 9 65010 2 65024 17 65043 2 65048 46 65118 10 65255 11 65280 20 65308 15 65325 25 65374 10 65508 14
432339,0 65536
433193,0 35025 35027 6 35041 236 35297 233 35553 232 35808 232 36064 232 36319 231 36575 228 36831 226 37062 4 37087 224 37318 5 37343 222 37574 5 37600 220 37831 3 37857 216 38115 213 38371 212 38626 212 38882 211 39127 4 39138 209 39382 6 39394 208 39638 7 39650 207 39894 8 39905 208 40120 2 40151 217 40375 5 40407 217 40630 7 40664 215 40885 8 40920 215 41141 8 41175 216 41396 9 41430 215 41652 8 41686 213 41908 8 41941 210 42197 210 42452 212 42703 218 42951 227 43203 231 43449 238 43702 240 43956 241 44209 243 44454 5848 50305 252 50562 250 50818 247 51074 243 51332 239 51590 236 51847 233 52103 232 52359 231 52614 231 52870 231 53125 231 53379 233 53633 235 53887 237 54142 238 54397 239 54652 239 54907 240 55161 240 55416 237 55669 240 55917 248 56172 250 56427 252 56683 8853
435772,3 2 88 2 108 1 130 35 194 17 344 3 367 3 386 24 413 8 449 18 518 1 602 1 623 3 642 23 669 7 705 17 809 3 882 1 898 23 925 6 961 17 1029 2 1065 3 1104 3 1138 3 1154 21 1181 5 1217 17 1285 3 1318 5 1359 4 1394 5 1402 4 1409 16 1427 3 1436 5 1473 18 1540 5 1573 6 1616 3 1651 29 1682 4 1691 5 1729 19 1796 5 1829 7 1909 43 1986 19 2052 6 2084 9 2101 9 2114 1 2166 12 2179 11 2191 7 2200 8 2242 20 2283 2 2309 5 2324 3 2337 13 2355 18 2414 1 2422 12 2436 7 2447 4 2457 7 2498 20 2539 3 2565 6 2579 5 2585 1 2592 16 2609 21 2669 5 2681 9 2693 4 2703 3 2714 6 2755 20 2796 2 2825 2 2835 8 2847 40 2924 7 2937 9 2950 2 2958 2 2964 3 2972 2 3011 9 3023 8 3034 2 3081 2 3090 10 3102 42 3145 2 3180 8 3193 9 3211 1 3214 2 3219 6 3268 6 3280 7 3288 6 3337 2 3347 56 3436 7 3449 8 3466 2 3471 11 3526 2 3537 6 3544 6 3593 2 3604 56 3693 5 3705 7 3721 4 3726 13 3794 4 3800 6 3859 57 3960 8 3978 6 3986 9 4057 5 4115 57 4202 1 4217 6 4234 6 4241 10 4313 4 4370 59 4456 2 4473 4 4490 17 4571 1 4626 59 4712 2 4747 15 4881 60 4968 3 5002 15 5064 5 5136 36 5175 21 5224 2 5257 14 5318 9 5392 35 5432 20 5480 1 5512 12 5574 10 5648 34 5688 21 5768 11 5829 12 5904 34 5945 21 6024 11 6085 12 6160 33 6201 21 6279 12 6340 13 6415 34 6458 19 6488 4 6535 11 6596 13 6663 2 6671 34 6714 18 6744 8 6791 6 6852 12 6916 7 6927 34 6967 24 7000 9 7047 5 7109 10 7170 10 7183 35 7222 25 7256 9 7303 5 7365 7 7425 11 7439 35 7477 25 7512 7 7557 7 7623 2 7680 13 7695 62 7769 6 7812 7 7936 75 8024 5 8068 7 8192 75 8278 6 8301 6 8324 6 8448 76 8530 10 8557 7 8576 1 8581 5 8704 77 8785 12 8813 8 8826 1 8830 3 8960 77 9040 13 9068 11 9216 77 9296 13 9324 5 9332 2 9472 78 9551 14 9728 78 9807 14 9984 78 10063 11 10075 2 10240 78 10319 10 10332 3 10496 86 10588 2 10752 85 11008 3 11017 76 11101 2 11264 2 11275 4 11280 66 11357 2 11538 64 11613 2 11794 64 11874 2 12050 64 12131 4 12307 63 12387 5 12564 62 12644 5 12821 61 12901 4 13080 59 13157 4 13337 59 13414 3 13421 10 13593 69 13670 3 13676 12 13849 71 13926 3 13932 12 14105 73 14188 12 14361 73 14445 12 14619 72 14702 11 14879 68 14959 10 15104 1 15135 69 15216 9 15360 5 15391 70 15474 7 15616 6 15648 10 15660 58 15731 6 15872 7 15905 8 15918 60 15980 1 15987 6 16030 3 16128 7 16162 6 16175 63 16243 5 16384 6 16433 61 16498 5 16640 7 16690 60 16753 7 16896 7 16906 2 16947 59 17009 8 17152 8 17161 4 17203 59 17264 7 17408 13 17459 59 17520 7 17664 13 17715 59 17777 6 17786 1 17920 13 17971 59 18033 6 18042 3 18176 13 18227 59 18290 4 18297 4 18432 12 18484 58 18547 3 18552 6 18688 14 18740 59 18804 12 18944 16 18995 62 19062 11 19200 18 19250 63 19318 12 19456 23 19506 63 19574 13 19712 25 19761 63 19831 14 19968 25 20017 63 20087 16 20224 25 20273 62 20344 16 20480 26 20529 62 20600 16 20736 26 20786 60 20856 16 20992 26 21043 59 21112 15 21248 26 21299 57 21368 15 21504 27 21555 56 21623 16 21760 26 21811 54 21879 15 22016 26 22066 53 22134 15 22272 24 22323 52 22389 16 22528 23 22565 3 22579 51 22642 17 22784 22 22820 4 22836 50 22898 15 23040 22 23076 4 23094 48 23153 15 23296 21 23350 48 23409 14 23552 20 23607 48 23664 15 23808 19 23861 50 23919 14 24064 4 24070 12 24116 51 24175 13 24320 4 24325 14 24370 53 24431 12 24576 3 24581 20 24625 53 24687 11 24832 26 24880 54 24943 11 25088 28 25134 56 25198 12 25344 30 25389 57 25454 12 25600 36 25643 59 25710 12 25856 37 25898 60 25966 12 26112 38 26154 58 26222 11 26368 37 26410 58 26477 12 26624 37 26666 58 26732 13 26880 37 26922 58 26987 14 27136 37 27177 61 27239 18 27392 118 27648 114 27904 114 28160 114 28416 114 28672 114 28928 113 29184 113 29440 113 29696 112 29952 111 30208 111 30465 109 30722 106 30977 104 31233 103 31488 102 31744 100 32000 100 32256 77 32339 16 32512 77 32596 14 32768 77 32853 11 33024 77 33111 6 33281 77 33538 70 33609 5 33793 70 33866 4 34049 70 34122 5 34304 71 34377 6 34560 72 34634 6 34816 72 34891 7 35072 71 35147 10 35328 70 35404 9 35584 70 35660 9 35840 70 35915 10 36096 69 36172 9 36352 69 36428 9 36608 68 36684 8 36864 68 36941 6 37073 3 37120 66 37197 6 37328 6 37376 65 37452 7 37583 8 37632 64 37708 7 37839 9 37852 2 37888 64 37964 8 38094 18 38144 64 38219 10 38350 19 38400 64 38474 11 38606 19 38656 62 38729 12 38863 19 38912 62 38985 12 39120 19 39168 61 39241 13 39377 19 39424 61 39497 13 39635 17 39680 61 39753 15 39892 16 39936 62 40009 16 40148 17 40192 64 40266 12 40279 2 40404 17 40448 64 40523 10 40660 18 40704 63 40779 10 40916 19 40960 63 41035 10 41172 20 41216 63 41291 10 41428 20 41472 63 41546 11 41683 21 41728 62 41802 11 41939 21 41984 59 42052 1 42059 9 42164 5 42195 21 42240 59 42307 2 42316 7 42416 10 42451 20 42496 61 42562 4 42670 14 42707 20 42752 62 42817 7 42926 15 42945 3 42962 21 43008 62 43073 7 43094 1 43182 25 43217 23 43264 64 43329 6 43347 8 43437 29 43473 23 43520 71 43603 9 43693 60 43776 71 43858 20 43948 61 44032 70 44114 6 44121 16 44148 2 44203 63 44288 70 44369 7 44378 17 44403 4 44459 63 44544 72 44624 8 44636 18 44657 7 44715 64 44800 73 44880 7 44893 27 44970 65 45056 73 45135 7 45156 19 45226 67 45312 73 45390 7 45415 16 45481 73 45568 73 45646 4 45673 14 45737 74 45824 74 45900 6 45930 14 45991 77 46080 59 46142 19 46186 15 46246 80 46336 46 46389 6 46397 17 46415 2 46442 16 46501 82 46592 46 46648 22 46700 15 46756 84 46848 46 46904 21 46957 14 47011 85 47104 45 47159 22 47213 14 47267 86 47360 45 47408 1 47415 23 47469 14 47522 87 47616 45 47664 2 47669 25 47726 13 47778 88 47872 44 47922 1 47924 26 47983 12 48033 90 48128 41 48180 25 48226 6 48239 12 48286 138 48436 24 48480 9 48496 11 48541 138 48691 25 48734 11 48752 11 48797 137 48942 2 48945 30 48989 13 49009 11 49053 136 49198 35 49244 15 49265 12 49309 135 49454 36 49499 17 49521 12 49564 135 49709 37 49748 1 49755 18 49777 13 49820 129 49952 1 49965 41 50011 18 50034 12 50075 128 50222 64 50292 10 50331 127 50479 63 50549 9 50586 127 50737 60 50806 8 50836 3 50842 126 50993 60 51062 9 51090 132 51250 58 51318 9 51345 133 51506 58 51573 11 51601 133 51762 59 51823 17 51848 2 51857 111 51969 20 52017 80 52103 4 52113 111 52228 17 52272 81 52359 5 52368 112 52485 16 52528 80 52615 6 52624 112 52742 14 52784 80 52871 121 52998 14 53041 78 53128 120 53250 16 53297 6 53305 70 53386 118 53505 16 53563 68 53643 117 53763 14 53819 53 53873 12 53899 117 54020 12 54075 51 54131 5 54138 3 54155 117 54278 8 54330 52 54388 10 54411 117 54535 5 54585 52 54647 8 54666 118 54789 4 54840 53 54903 9 54922 118 55042 7 55094 54 55159 10 55177 119 55299 6 55349 55 55415 10 55432 120 55554 7 55604 56 55671 9 55684 124 55809 8 55859 40 55901 16 55928 8 55939 125 56065 14 56115 37 56158 15 56185 6 56194 141 56362 4 56370 38 56415 14 56436 10 56450 142 56616 47 56672 13 56692 10 56707 141 56872 34 56907 12 56929 13 56948 9 56963 142 57126 31 57168 7 57186 13 57203 10 57219 142 57382 21 57409 3 57425 2 57445 9 57460 8 57475 142 57637 21 57703 7 57717 7 57730 142 57893 20 57960 6 57968 1 57973 7 57986 142 58148 19 58217 5 58223 2 58229 8 58242 142 58404 17 58474 9 58485 6 58498 142 58660 16 58730 16 58754 142 58917 15 58986 2 58989 11 59010 142 59173 14 59242 1 59246 9 59267 141 59429 14 59501 8 59521 142 59686 13 59757 7 59775 144 59942 13 60011 9 60030 144 60198 12 60267 9 60286 144 60455 10 60523 9 60541 145 60712 6 60779 9 60797 145 60969 4 61037 6 61053 131 61185 14 61226 2 61309 131 61443 12 61482 1 61564 132 61700 11 61756 1 61759 3 61820 132 61956 10 62015 4 62076 132 62212 10 62270 5 62331 133 62467 10 62508 1 62528 2 62587 146 62764 2 62842 146 63020 3 63098 146 63277 3 63355 144 63533 10 63610 143 63789 11 63866 138 64044 12 64122 135 64300 12 64317 2 64377 135 64557 12 64573 2 64633 135 64814 11 64829 3 64889 125 65016 8 65071 10 65084 4 65145 135 65328 10 65339 6 65401 124 65526 10
442157,5 52 261 51 518 50 775 48 1032 47 1293 45 1339 2 1551 48 1807 26 1835 20 2063 26 2091 19 2320 24 2347 18 2577 23 2602 19 2843 12 2857 20 3099 11 3113 20 3362 3 3369 29 3625 13 3644 10 3882 10 3899 11 4138 8 4155 11 4378 3 4394 7 4412 10 4441 4 4632 6 4650 7 4668 10 4697 5 4887 7 4906 6 4924 10 4953 5 5142 8 5162 5 5181 9 5209 5 5398 8 5418 5 5436 10 5458 1 5466 3 5653 9 5674 6 5692 10 5713 4 5909 8 5930 7 5950 7 5969 4 6165 8 6186 9 6209 1 6226 3 6310 2 6421 7 6442 9 6484 1 6566 2 6677 8 6698 10 6933 12 6949 2 6954 10 7189 12 7204 4 7209 10 7445 19 7465 10 7701 28 7957 28 8214 27 8249 2 8470 27 8504 4 8726 26 8758 6 8982 25 9014 6 9238 18 9260 3 9270 6 9494 17 9526 5 9749 18 9783 4 10006 16 10262 16 10520 14 10780 9 10922 1 10938 2 11038 7 11178 1 11194 3 11295 5 11434 1 11449 5 11461 3 11690 1 11704 6 11716 4 11946 1 11959 8 11971 5 12202 1 12215 8 12226 6 12457 2 12472 6 12482 6 12605 2 12709 6 12728 4 12739 4 12860 4 12964 7 12984 2 12996 2 13115 6 13221 6 13371 6 13478 6 13627 7 13637 2 13736 5 13884 12 13978 5 13994 3 14141 11 14234 9 14251 2 14398 10 14489 11 14508 2 14655 9 14746 10 14765 1 14912 7 15003 10 15021 1 15170 5 15264 6 15522 6 15778 7 15949 4 15976 4 16034 8 16202 8 16232 4 16291 7 16457 10 16488 4 16547 8 16713 10 16743 4 16803 7 16969 10 16998 4 17060 6 17225 10 17254 3 17481 9 17737 7 17993 6 18007 3 18249 6 18262 3 18504 6 18518 3 18760 5 19017 4 19271 5 19526 6 19780 9 20035 10 20054 1 20290 11 20546 11 20802 10 21059 8 28048 1 28302 6 28558 6 28813 7 29068 8 29324 8 29579 8 29835 6 30091 6 30348 5 30605 3 30862 2 31124 1 31142 3 31378 6 31396 7 31634 6 31653 7 31891 4 31909 9 32133 4 32148 1 32165 9 32388 6 32422 8 32643 7 32679 7 32876 6 32896 11 32936 5 33114 1 33131 7 33151 13 33166 1 33182 3 33370 1 33387 8 33405 20 33437 4 33626 1 33643 6 33661 21 33692 5 33881 2 33916 22 33947 6 33964 4 34172 22 34202 7 34218 7 34428 22 34458 8 34473 9 34684 21 34714 8 34729 10 34940 21 34970 8 34983 13 35195 22 35227 25 35451 22 35483 25 35708 22 35739 25 35948 1 35964 22 35994 25 36204 1 36221 21 36249 25 36460 1 36477 20 36505 20 36716 1 36735 17 36761 19 36972 1 36986 3 36992 15 37017 17 37242 3 37248 15 37273 16 37500 1 37504 15 37530 14 37756 19 37787 11 38013 18 38043 9 38268 19 38300 7 38314 3 38524 18 38557 5 38569 5 38779 19 38814 4 38824 6 39035 13 39063 5 39072 1 39078 8 39293 10 39319 7 39334 8 39551 8 39568 5 39575 8 39589 9 39808 6 39821 8 39832 8 39844 10 40073 12 40088 23 40328 13 40344 24 40584 13 40600 25 40840 13 40856 26 41096 13 41113 25 41352 13 41370 24 41607 13 41627 22 41864 12 41884 21 42120 4 42126 3 42141 20 42382 3 42399 17 42637 5 42650 2 42657 15 42892 6 42905 4 42914 13 43148 6 43160 7 43172 9 43404 6 43416 9 43661 4 43672 10 43933 5 50951 2 51205 7 51460 9 51716 10 51972 11 52224 15 52480 16 52736 16 52992 16 53248 16 53504 16 53760 16 54016 16 54272 16 54528 15 54784 15 55040 15 55296 15 55552 15 55808 15 56064 14 56320 14 56576 13 56832 14 57088 15 57344 17 57600 17 57856 17 58112 7 58121 8 58368 4 58377 8 58633 6 58887 8 59143 6 59398 7 59654 6 59912 3 62050 4 62064 3 62305 11 62319 5 62561 19 62817 19 63074 2 63077 15 63336 11 63593 9 63851 7 64108 2 64600 1 64855 4 65112 1
442220,0 65536
447372,3 25 180 16 202 22 260 24 435 17 458 22 517 23 690 17 715 21 774 21 911 3 945 18 971 20 1031 11 1045 6 1167 4 1201 17 1228 19 1288 9 1302 4 1404 1 1422 7 1457 15 1485 19 1544 9 1660 1 1672 4 1677 9 1713 15 1746 14 1800 9 1914 3 1927 16 1970 14 2003 13 2050 3 2055 11 2170 3 2183 16 2226 15 2260 12 2304 19 2425 4 2441 14 2482 15 2516 11 2560 20 2681 3 2698 14 2738 16 2771 12 2816 21 2954 14 2994 16 3027 11 3072 21 3210 14 3251 16 3283 11 3328 22 3466 15 3508 16 3538 11 3584 22 3715 2 3721 17 3765 15 3794 11 3840 23 3943 5 3970 4 3978 17 3996 1 4010 3 4021 15 4051 10 4096 23 4198 6 4224 7 4234 20 4265 5 4277 16 4307 9 4352 23 4453 8 4479 9 4489 23 4521 5 4533 16 4563 9 4608 23 4682 1 4709 8 4733 36 4774 8 4788 18 4820 7 4864 9 4875 12 4938 3 4964 8 4987 33 5022 16 5044 18 5078 4 5120 7 5131 12 5196 1 5220 8 5242 20 5264 12 5280 14 5300 19 5376 6 5387 9 5452 1 5476 7 5498 20 5520 12 5538 10 5556 19 5632 5 5645 2 5708 2 5732 7 5754 19 5776 13 5795 4 5812 20 5888 5 5964 3 5988 6 6010 18 6033 12 6068 20 6144 5 6220 4 6244 6 6255 3 6267 13 6282 1 6290 12 6324 19 6400 5 6476 4 6500 6 6511 5 6523 13 6546 12 6581 16 6656 5 6732 3 6755 5 6767 5 6779 9 6802 12 6912 4 6988 3 7010 4 7022 6 7035 9 7058 11 7168 4 7244 3 7266 4 7278 4 7293 6 7304 1 7314 10 7328 3 7424 4 7500 3 7524 1 7549 5 7559 2 7571 10 7582 6 7680 3 7757 2 7805 4 7814 3 7828 16 7936 4 8014 1 8084 16 8192 4 8341 14 8448 4 8528 1 8598 12 8704 5 8784 1 8842 1 8859 6 8960 5 8972 3 9078 1 9216 5 9227 5 9332 3 9472 5 9482 7 9588 3 9728 5 9737 8 9805 2 9845 2 9984 17 10058 4 10240 4 10245 13 10259 4 10313 5 10496 2 10502 19 10538 6 10567 7 10758 19 10793 7 10823 8 11014 20 11048 9 11078 9 11128 1 11270 21 11304 9 11334 9 11383 3 11527 23 11560 9 11591 8 11640 2 11784 24 11814 11 11847 8 11896 2 12040 41 12103 8 12152 1 12297 41 12359 8 12553 42 12614 9 12809 43 12870 9 13065 43 13127 8 13322 42 13384 8 13581 39 13640 8 13837 40 13897 8 14092 41 14154 10 14168 10 14347 42 14411 11 14423 11 14450 1 14602 43 14670 7 14682 2 14858 42 14928 5 15114 42 15369 43 15626 43 15883 42 16140 41 16198 5 16397 41 16453 7 16654 40 16706 9 16911 60 17167 59 17412 5 17424 57 17669 5 17680 57 17925 5 17936 57 18183 3 18193 56 18253 2 18439 2 18449 14 18465 40 18507 6 18706 3 18711 6 18722 22 18746 23 18979 21 19005 20 19239 17 19262 20 19401 1 19495 18 19518 20 19654 6 19752 17 19774 20 19909 7 19977 3 20009 17 20031 9 20043 8 20164 9 20233 4 20243 1 20267 14 20287 2 20299 10 20419 10 20489 5 20495 6 20524 8 20543 2 20555 11 20674 11 20746 5 20780 8 20799 2 20810 12 20929 18 21002 5 21036 9 21055 3 21065 13 21185 19 21259 4 21292 10 21303 2 21311 7 21319 14 21440 20 21517 3 21548 14 21566 22 21695 21 21773 9 21804 24 21836 7 21950 23 22030 9 22060 23 22094 5 22205 24 22285 11 22316 22 22351 3 22462 24 22540 14 22572 14 22591 2 22719 23 22797 15 22813 1 22828 13 22975 22 23054 18 23084 12 23231 22 23311 18 23340 11 23353 9 23488 21 23524 4 23570 25 23597 7 23609 10 23745 20 23779 6 23826 32 23864 12 24002 23 24034 9 24064 1 24083 28 24119 13 24161 5 24170 1 24259 25 24289 12 24320 1 24340 27 24375 13 24415 14 24516 24 24544 16 24576 1 24597 26 24631 14 24668 17 24772 25 24798 21 24832 1 24853 25 24887 13 24924 17 25028 48 25088 1 25108 26 25143 13 25179 18 25285 48 25364 25 25401 10 25434 19 25541 48 25620 25 25687 21 25789 1 25798 48 25876 25 25943 21 26043 4 26055 47 26133 25 26198 22 26299 5 26312 46 26389 28 26453 23 26555 4 26568 45 26628 3 26645 30 26708 25 26812 3 26824 39 26865 1 26870 4 26884 3 26901 30 26963 27 27080 39 27127 4 27141 2 27157 30 27210 1 27217 30 27336 38 27383 4 27413 31 27464 4 27473 31 27591 39 27639 5 27674 12 27690 10 27718 43 27843 25 27870 15 27897 3 27924 1 27931 11 27947 8 27974 43 28099 44 28154 2 28179 2 28187 11 28203 8 28229 41 28355 38 28396 5 28410 2 28435 4 28443 9 28459 7 28485 41 28528 3 28609 50 28667 1 28691 5 28701 5 28713 8 28741 39 28783 10 28863 52 28947 5 28970 3 28996 39 29039 11 29118 54 29202 1 29205 3 29252 38 29294 13 29369 59 29457 7 29508 37 29550 13 29624 61 29713 5 29719 1 29727 2 29765 35 29806 13 29877 65 29952 1 29969 9 29983 3 30022 34 30062 12 30132 66 30208 1 30218 3 30225 10 30238 5 30278 33 30318 11 30336 4 30387 26 30415 39 30464 1 30474 3 30480 11 30495 4 30535 32 30574 10 30591 6 30643 25 30670 39 30720 1 30731 15 30751 4 30792 31 30830 10 30847 7 30898 25 30926 38 30976 1 30986 15 31008 3 31049 30 31086 8 31104 6 31154 63 31232 2 31241 16 31305 29 31343 6 31360 6 31410 61 31488 3 31499 12 31561 29 31598 5 31618 3 31666 60 31744 5 31756 3 31818 29 31852 7 31922 59 32000 6 32014 1 32036 3 32074 30 32108 5 32175 3 32181 56 32256 7 32270 2 32292 3 32331 29 32364 3 32429 5 32439 53 32512 8 32588 28 32684 6 32696 51 32768 10 32845 27 32940 6 32953 49 33024 10 33101 26 33196 6 33209 48 33279 12 33358 24 33453 5 33462 50 33534 14 33615 23 33709 4 33716 52 33791 13 33871 23 33970 55 34048 13 34128 23 34226 55 34304 13 34384 30 34482 54 34560 13 34641 29 34738 54 34804 2 34816 13 34857 4 34898 27 34995 52 35059 3 35072 13 35106 3 35111 6 35159 20 35252 51 35305 5 35317 1 35328 13 35349 6 35361 13 35415 19 35512 47 35560 7 35575 1 35584 13 35604 8 35617 13 35671 18 35713 2 35769 54 35840 12 35860 9 35872 15 35927 18 35968 4 35978 1 36025 55 36096 11 36116 10 36128 15 36183 17 36214 1 36224 6 36280 56 36352 10 36371 11 36384 16 36439 17 36468 7 36479 8 36536 56 36609 7 36627 11 36640 16 36695 16 36722 22 36789 59 36855 2 36867 3 36882 12 36897 15 36951 15 36976 27 37043 61 37110 4 37137 13 37151 17 37207 14 37232 28 37297 62 37366 4 37387 2 37391 33 37464 12 37488 28 37551 64 37621 6 37632 6 37641 39 37721 11 37744 28 37806 65 37877 6 37888 49 37978 8 38000 28 38061 66 38133 7 38144 49 38235 6 38255 29 38317 67 38389 8 38400 50 38492 1 38500 3 38509 31 38572 69 38646 15 38662 8 38674 13 38688 18 38754 42 38827 70 38903 12 38930 7 38939 3 38945 18 39009 43 39083 70 39161 9 39187 6 39196 1 39201 19 39264 43 39339 70 39418 6 39444 1 39453 3 39457 19 39520 43 39595 70 39675 5 39709 3 39713 20 39776 42 39851 69 39965 2 39969 20 40033 41 40108 49 40161 15 40221 2 40225 21 40289 41 40364 47 40418 13 40477 3 40482 20 40547 39 40620 47 40673 14 40734 2 40739 19 40804 38 40876 47 40928 15 40990 2 40996 17 41061 37 41133 46 41181 18 41245 3 41253 16 41317 37 41389 67 41500 5 41508 17 41574 36 41646 5 41654 58 41756 25 41833 33 41879 2 41903 2 41910 59 42011 26 42092 30 42134 4 42154 2 42167 58 42267 25 42349 30 42389 6 42409 3 42423 58 42524 23 42606 36 42645 7 42665 4 42680 57 42781 20 42863 45 42921 3 42936 23 42961 32 43037 19 43120 43 43193 20 43218 31 43294 16 43377 41 43449 18 43474 30 43551 12 43634 36 43707 13 43730 30 43809 9 43892 34 43965 8 43987 28 44055 3 44066 7 44151 32 44223 5 44245 26 44309 5 44325 4 44409 30 44481 4 44502 25 44562 7 44582 2 44666 30 44737 5 44759 24 44817 8 44924 28 44993 5 45015 23 45074 7 45181 2 45186 22 45249 5 45271 23 45332 4 45449 16 45505 5 45527 23 45588 3 45705 16 45762 3 45783 22 45844 3 45962 15 46019 1 46039 22 46101 2 46219 14 46294 22 46357 2 46475 14 46550 21 46613 2 46731 17 46805 21 46985 20 47061 19 47239 23 47316 19 47494 25 47571 7 47580 6 47749 26 47826 8 48005 26 48045 3 48082 8 48260 26 48300 5 48338 8 48515 26 48556 6 48595 6 48771 22 48811 7 48853 3 49027 21 49067 7 49284 20 49323 7 49541 20 49579 6 49773 3 49797 20 49835 5 50028 9 50053 20 50092 3 50283 12 50308 22 50538 14 50564 24 50794 15 50820 25 50905 6 51050 17 51075 27 51158 15 51202 3 51306 19 51331 27 51413 17 51456 5 51562 20 51587 28 51668 18 51712 5 51817 21 51843 29 51924 19 51968 5 52073 22 52099 29 52180 20 52224 5 52329 23 52355 30 52437 19 52480 6 52580 3 52586 24 52612 30 52694 19 52736 5 52836 3 52845 21 52867 10 52880 19 52951 18 52992 5 53092 3 53102 30 53138 18 53208 17 53248 5 53349 2 53358 29 53395 17 53465 16 53491 1 53504 5 53605 3 53614 29 53651 17 53723 14 53747 3 53760 4 53861 6 53869 30 53907 17 53982 10 54003 2 54016 3 54101 3 54116 39 54163 16 54239 9 54259 1 54272 1 54356 6 54371 41 54418 15 54496 8 54611 59 54673 16 54753 7 54867 59 54927 18 55011 3 55123 59 55183 18 55378 58 55439 17 55633 59 55697 15 55889 59 55954 14 56144 59 56217 6 56400 59 56655 59 56910 62 57166 63 57422 63 57677 64 57914 4 57933 66 58168 7 58189 68 58423 9 58433 8 58443 71 58677 94 58932 95 59187 97 59443 97 59699 97 59904 1 59955 97 60160 2 60211 97 60363 1 60392 2 60416 3 60469 96 60616 8 60646 6 60665 1 60672 3 60726 74 60805 17 60861 6 60868 15 60901 8 60919 6 60928 3 60981 75 61062 15 61116 24 61154 13 61174 8 61184 3 61237 75 61323 10 61349 4 61371 26 61406 19 61428 18 61493 74 61574 4 61580 8 61605 4 61627 28 61659 44 61749 74 61830 4 61837 6 61861 4 61883 77 62004 75 62086 4 62094 4 62139 78 62259 75 62342 4 62395 78 62500 3 62514 76 62598 3 62650 79 62755 4 62763 82 62855 2 62899 87 63012 2 63018 82 63102 5 63111 2 63154 88 63273 81 63358 8 63367 3 63409 89 63526 83 63613 14 63663 90 63782 81 63868 15 63918 91 64013 4 64036 82 64123 16 64174 89 64266 13 64291 82 64376 18 64430 31 64462 77 64546 84 64632 14 64648 2 64686 111 64800 102 64906 1 64942 111 65055 103 65199 215 65455 81
451709,0 5 7 93 112 94 256 101 368 94 512 102 624 94 768 109 881 94 1024 110 1137 93 1280 206 1536 205 1792 205 2048 205 2304 204 2560 204 2816 204 3072 204 3321 6 3328 205 3575 214 3827 218 4082 219 4336 141 4480 77 4590 143 4737 76 4845 223 5101 223 5356 225 5612 225 5868 225 6123 225 6379 225 6634 226 6884 12 6899 219 7138 12 7154 221 7394 11 7410 222 7649 13 7664 224 7905 240 8161 240 8417 241 8672 162 8836 78 8928 162 9093 76 9183 163 9349 75 9439 238 9694 238 9950 180 10132 58 10206 179 10389 57 10463 178 10645 58 10719 177 10901 58 10976 172 11149 3 11157 57 11233 170 11406 2 11413 57 11490 169 11662 3 11671 11 11684 42 11746 172 11919 3 11929 4 11942 40 12002 177 12201 37 12259 177 12459 35 12515 179 12715 36 12771 5 12779 172 12971 38 13028 3 13038 169 13225 41 13295 169 13479 45 13552 168 13733 47 13808 169 13986 51 14066 167 14242 51 14323 166 14498 51 14581 165 14754 51 14843 163 15011 51 15100 163 15268 51 15358 162 15525 51 15616 160 15782 51 15872 161 16039 50 16128 161 16295 50 16384 161 16551 50 16640 161 16806 51 16896 162 17061 52 17152 218 17408 219 17664 220 17920 221 18176 224 18432 227 18688 228 18944 229 19200 230 19456 231 19712 231 19968 231 20224 231 20480 231 20736 231 20992 230 21248 230 21504 229 21760 231 21992 4 22016 239 22272 240 22528 241 22784 241 23040 241 23296 241 23552 240 23808 242 24064 243 24320 244 24576 181 24762 2 24770 51 24832 180 25029 49 25088 180 25288 46 25344 178 25544 48 25600 132 25735 39 25801 49 25856 132 25990 39 26057 51 26112 173 26313 52 26368 172 26568 53 26624 172 26824 53 26880 52 26934 117 27072 59 27136 52 27191 115 27327 57 27392 51 27448 114 27582 58 27648 51 27705 113 27837 59 27904 51 27962 118 28093 59 28160 51 28219 119 28348 61 28416 50 28475 86 28563 32 28604 61 28672 50 28731 86 28818 36 28860 61 28928 50 28988 123 29117 60 29184 50 29245 45 29292 76 29373 60 29440 50 29501 123 29629 59 29696 49 29758 122 29886 57 29952 49 30014 123 30143 56 30208 50 30270 123 30401 54 30464 51 30526 80 30607 43 30657 54 30720 51 30782 78 30868 39 30913 56 30973 55 31039 75 31127 61 31191 93 31295 12 31309 61 31385 57 31447 92 31552 8 31566 60 31641 56 31704 91 31809 5 31823 58 31896 57 31960 91 32066 3 32078 59 32151 58 32215 89 32334 59 32403 62 32469 43 32516 43 32589 61 32656 65 32724 44 32774 39 32844 180 33033 36 33098 182 33290 35 33353 183 33546 35 33606 186 33802 35 33859 189 34059 33 34110 194 34315 33 34364 144 34510 50 34571 34 34619 146 34767 49 34827 37 34874 147 35023 49 35082 44 35129 199 35338 247 35594 247 35850 246 36105 247 36361 247 36616 248 36871 249 37126 250 37381 251 37637 251 37893 251 38149 251 38405 251 38662 250 38913 2 38919 252 39176 251 39433 250 39689 250 39945 250 40201 249 40458 247 40714 246 40970 246 41226 246 41481 247 41736 248 41991 247 42245 249 42500 251 42755 15 42774 233 43009 16 43032 232 43265 12 43288 243 43544 243 43799 244 44054 218 44275 23 44308 220 44532 22 44563 221 44790 20 44818 222 45046 24 45073 228 45302 3 45311 250 45569 248 45824 249 46080 249 46336 249 46592 250 46848 241 47092 6 47104 240 47346 9 47360 254 47616 2559 50176 254 50432 253 50688 251 50944 251 51200 251 51456 251 51712 251 51968 251 52224 251 52480 244 52736 243 52992 235 53230 4 53248 232 53504 229 53760 228 54016 215 54238 4 54266 3 54272 215 54521 5 54528 215 54777 6 54784 215 55033 5 55040 215 55296 215 55552 215 55808 214 56064 214 56320 213 56576 212 56832 210 57088 209 57344 209 57587 2 57600 209 57841 12 57856 210 58094 228 58349 230 58605 230 58861 230 59117 229 59373 203 59577 24 59630 201 59835 7 59846 9 59886 201 60093 4 60142 201 60399 201 60655 201 60910 201 61163 203 61417 205 61671 207 61927 207 62182 207 62437 206 62693 206 62949 8 62960 194 63205 5 63217 192 63461 4 63473 192 63719 1 63729 191 63985 191 64240 192 64495 193 64750 194 65005 196 65261 196 65516 20
455136,0 65536
460549,232 15 254 2 488 15 510 2 526 1 744 15 765 3 782 2 1000 15 1021 3 1038 2 1256 15 1277 3 1295 2 1513 12 1526 3 1532 4 1551 3 1769 11 1782 10 1808 2 2002 3 2026 9 2038 10 2064 3 2257 5 2284 6 2294 10 2320 5 2465 3 2512 7 2541 4 2550 10 2572 9 2636 4 2721 3 2768 8 2806 10 2828 9 2892 5 2977 2 3023 9 3062 10 3083 10 3148 5 3279 10 3317 11 3339 10 3404 6 3535 11 3573 11 3595 10 3660 6 3792 10 3829 11 3850 10 3916 6 4048 11 4085 11 4106 10 4172 5 4305 10 4343 9 4364 7 4453 4 4510 4 4562 8 4603 5 4708 6 4765 6 4861 3 4963 8 5016 4 5021 7 5219 8 5269 7 5277 7 5475 8 5534 5 5731 8 5790 4 5987 8 6023 5 6243 6 6278 7 6500 3 6534 7 6790 8 7046 8 7302 7 7558 7 7814 6 8070 6 8326 5 8583 3 13595 4 13850 6 14106 7 14363 7 14619 7 14875 8 15131 8 15387 9 15644 8 15900 8 16157 7 16415 3 16470 2 16725 5 16974 13 17228 15 17483 15 17739 14 17994 15 18248 17 18501 20 18688 1 18754 22 18831 4 18944 2 19010 22 19080 13 19200 2 19266 21 19335 16 19456 2 19522 14 19538 2 19591 18 19712 3 19779 15 19846 20 19968 3 20035 15 20102 21 20221 1 20224 2 20292 18 20358 21 20476 5 20549 18 20614 20 20646 2 20655 2 20731 5 20805 19 20869 20 20901 4 20911 3 20986 6 21062 18 21125 18 21157 6 21166 5 21205 4 21242 6 21318 18 21380 19 21413 14 21460 5 21477 1 21497 7 21574 18 21635 20 21669 15 21707 2 21715 7 21726 2 21732 4 21752 8 21832 15 21891 21 21925 10 21936 6 21962 5 21970 8 21981 11 22007 9 22090 11 22146 23 22181 10 22192 7 22218 7 22226 9 22236 13 22262 10 22348 7 22403 22 22437 19 22473 37 22518 10 22606 2 22659 22 22692 20 22729 41 22774 10 22793 2 22914 24 22948 20 22985 42 23030 10 23047 6 23168 26 23204 20 23241 43 23286 10 23303 6 23423 27 23461 20 23497 55 23559 7 23678 29 23708 1 23718 19 23753 55 23816 5 23933 35 23974 20 24010 54 24073 3 24189 38 24232 19 24266 54 24445 40 24488 19 24522 54 24591 3 24701 62 24778 54 24846 9 24957 33 24992 20 25014 4 25033 55 25101 11 25213 32 25249 18 25289 55 25357 11 25420 1 25469 32 25506 17 25545 55 25614 9 25674 5 25725 32 25762 18 25800 56 25870 8 25931 4 25980 34 26017 20 26055 50 26106 6 26130 1 26187 4 26235 8 26247 48 26310 2 26316 44 26363 5 26490 8 26503 49 26565 3 26572 44 26619 5 26639 1 26746 7 26759 50 26820 4 26829 43 26875 5 26896 1 27002 6 27014 52 27075 5 27085 16 27102 27 27131 5 27152 2 27259 5 27268 40 27311 3 27316 6 27331 5 27341 15 27360 25 27387 5 27423 3 27522 41 27574 4 27587 6 27598 14 27616 25 27642 6 27678 5 27777 28 27808 10 27831 3 27843 6 27854 14 27874 30 27934 6 28033 9 28043 17 28066 7 28088 1 28100 5 28111 12 28130 30 28187 11 28288 9 28300 15 28324 4 28357 3 28367 11 28387 29 28442 4 28447 7 28546 7 28555 17 28581 2 28624 5 28643 29 28698 3 28803 25 28842 1 28901 22 28924 4 28954 3 29066 19 29096 5 29157 13 29172 6 29180 4 29210 3 29221 2 29322 20 29350 7 29409 4 29414 11 29431 1 29437 3 29467 2 29477 2 29579 19 29605 8 29663 17 29694 2 29724 1 29733 2 29836 18 29860 9 29913 1 29918 17 29989 2 30092 20 30114 11 30167 25 30246 1 30348 32 30423 25 30605 31 30642 2 30680 24 30862 30 30896 6 30937 23 31120 28 31151 7 31193 23 31378 26 31406 9 31449 23 31635 24 31662 10 31676 3 31705 24 31739 1 31892 23 31919 17 31961 24 31992 8 32148 23 32175 18 32219 23 32246 10 32289 6 32297 6 32404 24 32432 18 32476 23 32501 11 32543 17 32661 24 32690 17 32733 35 32799 18 32852 1 32918 12 32932 3 32938 5 32947 17 32990 34 33055 18 33106 5 33175 10 33194 4 33203 17 33247 30 33311 20 33362 7 33433 7 33458 18 33503 29 33570 17 33618 7 33690 5 33714 17 33760 27 33829 15 33874 8 33948 2 33967 3 33972 15 34020 23 34073 4 34085 16 34130 8 34220 6 34228 7 34236 6 34277 21 34327 8 34341 21 34386 8 34474 8 34483 3 34488 2 34493 3 34536 18 34583 8 34597 23 34642 8 34717 2 34729 13 34795 14 34839 10 34851 26 34898 7 34972 4 34985 13 35053 10 35095 38 35155 6 35228 6 35242 12 35310 8 35332 1 35352 38 35412 4 35485 7 35499 10 35567 7 35587 3 35608 38 35741 7 35755 10 35823 6 35843 3 35864 38 35998 7 36013 3 36051 2 36080 4 36099 2 36120 22 36145 13 36255 7 36269 3 36307 1 36337 1 36377 18 36401 13 36445 4 36511 7 36523 5 36532 2 36633 17 36658 12 36701 4 36767 8 36778 14 36890 16 36914 12 36957 4 37023 9 37033 17 37088 3 37146 15 37170 11 37213 4 37279 28 37343 5 37402 13 37426 9 37469 4 37478 4 37536 29 37598 7 37658 12 37679 11 37726 1 37733 5 37792 9 37803 20 37854 7 37915 10 37933 13 37988 6 38049 4 38060 20 38110 8 38173 7 38188 13 38244 6 38319 17 38366 8 38430 4 38444 13 38500 6 38511 4 38578 15 38622 8 38686 2 38699 2 38703 11 38756 6 38765 7 38835 14 38879 7 38952 4 38959 12 39012 3 39021 9 39093 12 39135 7 39207 6 39217 12 39268 3 39276 12 39289 4 39350 10 39391 6 39462 7 39479 7 39526 2 39531 19 39606 10 39638 2 39648 5 39718 8 39735 8 39781 5 39787 20 39863 9 39892 7 39900 3 39904 4 39974 10 39991 10 40036 29 40121 7 40147 13 40230 11 40247 10 40291 32 40378 5 40402 13 40485 28 40547 35 40658 13 40741 28 40803 36 40914 13 40996 20 41020 6 41059 36 41171 12 41229 1 41253 19 41277 5 41316 35 41426 13 41485 2 41510 16 41533 6 41572 5 41584 23 41623 2 41681 13 41741 2 41766 15 41790 4 41830 1 41842 21 41878 4 41936 13 42022 13 42040 3 42046 2 42103 15 42135 2 42152 3 42192 12 42278 10 42295 4 42360 14 42404 8 42447 12 42534 8 42549 6 42617 13 42634 3 42657 11 42703 12 42805 7 42872 13 42889 5 42911 12 42960 12 43032 3 43061 7 43127 13 43145 5 43166 12 43216 12 43286 6 43318 5 43382 14 43400 6 43411 5 43422 10 43472 12 43541 8 43575 2 43637 14 43656 6 43666 9 43678 13 43729 14 43796 9 43814 3 43892 15 43912 5 43921 11 43934 11 43948 1 43985 18 44052 9 44070 3 44148 16 44170 2 44175 13 44191 8 44242 21 44308 9 44324 4 44405 15 44430 14 44448 6 44499 23 44563 10 44580 3 44662 14 44685 16 44755 26 44818 11 44836 3 44918 14 44934 2 44939 18 45012 28 45072 13 45140 1 45174 14 45190 24 45218 2 45268 29 45327 14 45396 2 45431 13 45447 30 45524 30 45583 14 45630 1 45688 11 45704 30 45742 6 45780 30 45839 14 45884 3 45944 11 45963 31 45996 9 46036 31 46093 16 46117 2 46140 3 46202 8 46221 24 46246 18 46292 31 46337 3 46348 17 46432 1 46459 5 46477 23 46502 21 46548 11 46561 17 46592 6 46604 16 46733 23 46759 20 46804 10 46818 16 46848 6 46861 14 46988 23 47022 11 47060 10 47074 16 47104 5 47124 6 47156 2 47244 23 47283 5 47315 10 47330 16 47360 5 47381 4 47411 2 47502 21 47540 3 47570 10 47586 16 47616 4 47638 2 47759 19 47827 6 47842 16 47872 4 47944 1 48015 19 48084 3 48098 15 48128 3 48270 19 48355 13 48519 4 48526 19 48612 10 48774 28 49029 29 49285 29 49540 30 49794 32 50004 1 50050 31 50257 5 50306 29 50513 6 50523 2 50529 7 50538 1 50562 27 50769 7 50778 19 50820 24 51025 7 51034 20 51076 23 51280 8 51289 21 51333 3 51338 18 51536 30 51590 1 51597 15 51667 2 51792 10 51803 18 51846 1 51854 14 51920 7 52048 10 52059 17 52102 1 52110 15 52174 10 52305 26 52366 15 52430 10 52561 5 52567 5 52573 12 52622 16 52685 12 52819 2 52829 9 52878 4 52884 12 52941 8 53085 7 53128 4 53134 3 53143 9 53197 3 53342 4 53352 3 53384 5 53401 7 53607 6 53640 5 53657 7 53820 3 53862 9 53896 5 53913 7 54076 3 54118 9 54152 6 54168 8 54332 3 54373 11 54393 2 54408 6 54420 12 54589 3 54628 12 54647 6 54664 6 54675 13 54845 2 54853 4 54885 12 54901 10 54921 4 54931 12 55100 3 55108 5 55141 28 55178 1 55186 12 55274 2 55356 3 55364 6 55397 29 55442 13 55520 4 55529 3 55611 4 55620 6 55652 32 55698 13 55774 7 55785 3 55868 3 55874 7 55908 31 55954 12 56030 8 56042 2 56124 4 56129 8 56164 31 56210 12 56286 8 56381 10 56420 30 56466 10 56542 8 56638 8 56677 29 56720 11 56798 9 56894 8 56934 16 56951 12 56974 14 57054 9 57150 8 57197 9 57208 6 57217 3 57228 11 57242 5 57311 7 57406 4 57454 8 57464 5 57475 1 57483 9 57498 5 57567 7 57617 4 57679 4 57711 7 57720 4 57738 9 57754 5 57823 7 57872 5 57916 2 57935 5 57968 5 57995 7 58011 4 58080 4 58127 7 58172 2 58190 11 58224 4 58253 2 58267 2 58382 9 58428 3 58446 11 58637 12 58686 1 58702 11 58890 16 58960 7 59145 19 59169 5 59218 3 59286 2 59401 20 59424 7 59542 2 59657 31 59797 3 59913 32 60053 3 60060 1 60153 3 60170 33 60228 4 60301 3 60308 4 60315 2 60381 1 60407 7 60429 30 60484 3 60500 1 60507 2 60556 6 60664 6 60688 28 60723 4 60739 4 60755 16 60812 7 60920 5 60944 29 60978 6 60996 1 61017 7 61025 2 61068 6 61164 3 61177 3 61201 12 61215 16 61233 8 61273 5 61282 3 61324 6 61419 5 61457 10 61471 26 61506 1 61539 3 61581 5 61674 6 61713 8 61728 25 61761 2 61795 4 61838 3 61921 3 61928 8 61952 3 61970 4 61984 8 61993 15 62018 1 62051 5 62177 15 62208 4 62240 7 62251 12 62307 6 62433 15 62464 4 62497 5 62507 13 62563 6 62689 14 62720 5 62753 4 62764 12 62820 6 62857 3 62945 13 62971 4 62976 4 63010 2 63021 11 63076 7 63112 6 63201 13 63225 10 63280 9 63332 7 63364 11 63453 2 63456 14 63480 11 63537 8 63590 5 63620 12 63709 17 63736 10 63793 9 63875 13 63964 17 63992 8 64040 2 64050 4 64055 4 64132 12 64176 2 64220 3 64229 5 64248 8 64295 5 64311 11 64388 3 64394 6 64415 4 64431 4 64474 5 64505 7 64551 6 64562 2 64566 13 64617 4 64644 2 64648 7 64671 5 64686 6 64725 9 64762 6 64807 6 64817 18 64871 8 64904 7 64927 5 64941 7 64980 7 65018 6 65063 6 65076 15 65104 1 65127 7 65159 9 65183 5 65196 8 65236 7 65275 5 65319 6 65332 9 65343 5 65358 5 65382 8 65415 9 65439 6 65451 8 65491 8 65512 1 65531 5
461675,0 65536
468422,0 65536
470274,0 2 8 18 90 4 180 8 223 6 256 3 263 18 345 4 437 5 479 7 512 4 519 17 602 3 734 9 768 24 982 18 1024 23 1157 2 1238 19 1280 23 1409 1 1411 5 1494 20 1536 22 1664 11 1750 20 1792 21 1826 3 1904 1 1921 12 2007 19 2048 20 2081 6 2156 1 2160 2 2177 12 2263 20 2304 21 2336 7 2412 2 2415 6 2432 13 2519 21 2560 20 2593 6 2641 2 2652 3 2668 9 2688 14 2775 21 2816 20 2849 6 2862 3 2869 6 2894 6 2908 5 2924 9 2945 14 3031 21 3072 19 3099 2 3106 5 3117 5 3124 8 3148 9 3164 5 3180 8 3202 13 3288 20 3328 19 3354 4 3363 3 3372 17 3400 13 3420 4 3437 6 3458 13 3544 19 3584 18 3610 5 3627 19 3654 15 3693 5 3715 13 3801 17 3840 17 3866 7 3882 21 3910 15 3936 2 3940 1 3948 7 3972 11 4058 15 4096 15 4121 8 4137 22 4166 15 4192 5 4203 8 4228 11 4309 3 4314 14 4352 13 4377 6 4394 10 4405 10 4422 6 4429 9 4447 6 4458 9 4484 12 4511 3 4562 22 4608 12 4632 6 4650 9 4661 9 4678 5 4687 7 4703 6 4714 9 4740 12 4766 4 4817 23 4864 11 4883 10 4907 8 4919 6 4946 4 4960 4 4970 9 4995 17 5021 5 5073 22 5120 11 5136 13 5164 7 5202 4 5216 4 5226 9 5251 18 5277 5 5329 21 5376 10 5392 9 5403 1 5420 8 5458 3 5472 4 5482 7 5502 2 5506 2 5509 17 5528 10 5585 20 5632 9 5648 8 5676 11 5715 2 5727 5 5738 6 5758 2 5761 3 5767 27 5841 20 5886 11 5904 8 5933 12 5972 1 5982 6 5994 3 6013 7 6024 25 6096 21 6141 12 6161 6 6189 13 6228 2 6238 6 6250 2 6269 3 6281 24 6352 21 6396 14 6419 2 6446 11 6471 5 6484 2 6494 6 6526 1 6534 27 6608 23 6651 15 6702 11 6725 8 6740 2 6751 7 6759 2 6790 3 6798 19 6864 24 6904 20 6939 2 6960 10 6981 8 6996 1 7007 12 7029 3 7057 16 7117 28 7159 22 7193 5 7217 10 7230 1 7236 9 7254 1 7264 11 7285 3 7313 15 7372 29 7414 23 7448 5 7474 14 7495 4 7510 1 7520 11 7542 3 7569 15 7628 30 7669 25 7703 6 7730 13 7766 1 7777 10 7798 3 7824 16 7884 33 7924 25 7959 7 7985 8 7996 1 8022 1 8034 8 8056 2 8080 16 8141 33 8178 27 8214 8 8240 9 8312 2 8323 4 8336 15 8397 64 8470 9 8496 5 8536 1 8568 2 8578 6 8592 14 8652 65 8727 8 8752 5 8774 1 8792 1 8825 2 8830 10 8849 12 8908 45 8955 17 8985 7 9028 5 9048 1 9080 4 9086 10 9106 11 9164 43 9216 12 9241 8 9284 6 9304 1 9335 17 9362 10 9419 43 9472 13 9497 9 9543 3 9590 6 9600 7 9619 8 9675 36 9715 1 9728 13 9753 10 9800 5 9846 6 9858 1 9876 7 9931 36 9984 14 10009 9 10057 5 10102 6 10132 6 10187 34 10240 15 10264 10 10313 6 10359 4 10387 7 10442 35 10496 17 10520 8 10542 1 10616 4 10643 7 10697 35 10752 18 10775 9 10796 4 10873 3 10899 6 10953 34 11008 18 11031 9 11051 5 11130 1 11155 6 11208 33 11264 19 11287 9 11307 4 11386 1 11391 3 11411 6 11464 31 11520 19 11543 7 11556 3 11563 4 11646 6 11669 1 11720 31 11776 19 11801 1 11809 7 11819 4 11890 6 11899 10 11976 31 12032 18 12064 9 12076 2 12146 8 12155 11 12232 31 12288 18 12320 9 12402 20 12488 31 12544 18 12576 9 12658 20 12692 2 12745 30 12800 18 12832 8 12901 3 12914 14 12931 4 12948 4 13001 31 13056 17 13087 8 13158 1 13171 11 13204 6 13257 31 13312 17 13342 6 13428 9 13460 6 13513 32 13568 16 13598 4 13685 9 13716 6 13746 5 13770 32 13824 15 13853 5 13943 7 13972 6 14001 7 14026 17 14044 14 14078 16 14108 6 14125 4 14200 6 14227 5 14256 8 14282 17 14300 14 14333 16 14364 4 14380 6 14457 4 14472 2 14483 1 14511 10 14539 15 14556 14 14587 17 14620 3 14635 7 14728 2 14766 10 14796 14 14818 8 14840 19 14876 1 14890 8 14984 3 15022 10 15052 14 15074 8 15094 17 15129 5 15146 9 15240 3 15282 4 15309 14 15331 7 15350 15 15383 7 15396 1 15402 10 15496 3 15565 14 15587 6 15606 14 15639 9 15657 11 15751 3 15822 13 15844 6 15861 15 15895 11 15913 11 16006 3 16078 13 16101 5 16117 14 16151 14 16169 11 16274 1 16335 14 16357 5 16371 14 16407 15 16426 10 16530 1 16593 13 16614 4 16624 16 16664 15 16686 5 16786 1 16850 13 16869 5 16879 17 16921 14 16944 1 17042 1 17107 13 17124 6 17134 18 17179 12 17365 22 17388 20 17436 11 17621 43 17692 11 17877 43 17947 12 18053 1 18132 44 18203 13 18308 3 18388 44 18458 14 18563 5 18572 2 18576 1 18644 44 18714 14 18790 5 18818 13 18900 44 18952 5 18970 15 19044 8 19072 15 19156 44 19206 14 19226 15 19299 9 19322 1 19328 15 19381 6 19412 5 19418 38 19461 16 19483 11 19495 3 19554 10 19575 7 19583 17 19635 9 19669 4 19674 38 19716 18 19739 16 19809 12 19830 10 19841 14 19891 10 19931 37 19969 2 19972 18 19995 17 20064 13 20086 10 20099 11 20146 12 20188 58 20251 17 20322 11 20342 9 20356 10 20402 13 20446 56 20507 18 20579 11 20599 7 20612 10 20657 15 20705 54 20762 16 20836 10 20858 3 20868 10 20913 15 20963 69 21092 10 21125 8 21169 16 21221 67 21348 11 21383 4 21424 17 21481 63 21605 15 21680 17 21739 61 21861 16 21935 18 21996 60 22118 15 22191 18 22252 60 22375 16 22447 18 22509 59 22631 6 22640 9 22702 19 22766 58 22887 5 22898 8 22958 19 23021 60 23143 4 23155 8 23213 21 23277 61 23399 5 23410 9 23468 22 23506 4 23533 62 23654 6 23664 11 23724 22 23761 6 23789 63 23910 22 23980 22 24016 7 24045 64 24166 22 24236 22 24270 9 24301 18 24320 46 24424 20 24493 21 24525 11 24557 17 24576 41 24618 5 24680 21 24749 21 24781 12 24812 18 24832 40 24875 6 24940 18 24959 6 25005 20 25037 15 25068 17 25088 40 25131 7 25197 25 25261 19 25293 16 25324 15 25344 39 25387 7 25454 24 25517 19 25549 17 25580 16 25600 39 25643 7 25711 23 25772 19 25805 19 25835 17 25856 37 25899 6 25968 22 26028 19 26059 22 26091 17 26112 35 26155 4 26224 22 26284 18 26312 26 26348 15 26368 34 26480 22 26540 17 26567 27 26605 12 26624 32 26733 25 26796 16 26823 28 26863 8 26880 32 26987 27 27052 17 27078 29 27121 5 27136 32 27241 29 27308 17 27334 30 27392 33 27496 30 27564 17 27590 30 27646 36 27751 30 27821 16 27845 31 27900 38 28007 12 28026 2 28029 7 28078 15 28100 32 28155 39 28262 12 28336 12 28354 34 28411 38 28517 11 28592 11 28609 35 28666 39 28771 12 28848 10 28865 35 28922 39 29023 15 29104 9 29121 36 29178 32 29211 4 29278 14 29360 8 29377 37 29434 31 29534 2 29537 10 29617 6 29633 38 29689 32 29794 6 29875 1 29888 41 29945 32 30050 5 30144 44 30191 1 30202 11 30215 18 30305 6 30399 50 30459 9 30471 18 30561 5 30655 51 30716 7 30727 18 30814 7 30910 52 30973 4 30983 17 31069 5 31166 37 31206 12 31231 1 31239 11 31252 2 31325 4 31422 36 31468 6 31495 8 31581 4 31678 35 31725 5 31752 7 31836 5 31935 24 31960 6 31970 2 31982 4 32010 3 32093 4 32192 23 32217 6 32224 5 32240 2 32349 4 32449 22 32474 12 32497 1 32564 1 32605 4 32706 17 32731 11 32753 1 32819 2 32862 3 32938 1 32962 16 32990 9 33009 2 33075 2 33118 3 33194 2 33219 14 33246 9 33265 4 33330 3 33374 1 33451 1 33475 13 33502 8 33521 7 33559 2 33586 3 33732 12 33758 7 33777 8 33814 5 33826 1 33843 2 33988 11 34014 7 34033 2 34036 6 34069 6 34080 4 34100 1 34245 9 34271 6 34287 12 34306 2 34324 8 34335 6 34411 2 34501 8 34532 1 34542 13 34561 5 34580 8 34590 8 34667 2 34757 9 34798 14 34817 8 34828 5 34836 7 34846 8 34924 1 35013 9 35054 15 35073 9 35083 16 35101 9 35117 3 35269 9 35310 16 35329 37 35372 6 35480 2 35489 2 35525 10 35567 17 35586 36 35627 8 35639 2 35735 5 35744 4 35781 10 35823 17 35842 36 35881 10 35991 14 36036 12 36079 17 36098 35 36137 10 36247 15 36292 12 36336 16 36354 34 36393 10 36503 15 36547 13 36593 15 36611 32 36649 9 36760 14 36803 13 36850 14 36867 32 36906 7 37017 13 37059 13 37107 13 37125 29 37164 2 37274 12 37314 15 37363 12 37383 27 37428 1 37530 13 37570 15 37619 11 37642 23 37684 1 37720 1 37786 13 37826 16 37875 11 37899 22 37976 1 38043 13 38083 15 38130 13 38155 21 38230 3 38298 14 38339 16 38386 14 38407 2 38411 21 38485 3 38554 14 38596 2 38604 7 38642 14 38663 2 38668 20 38810 13 38851 1 38862 5 38899 13 38919 2 38924 19 39048 4 39066 12 39107 1 39120 2 39156 12 39180 19 39303 7 39321 13 39348 5 39363 1 39412 12 39435 20 39558 10 39577 13 39603 7 39666 3 39670 10 39691 21 39814 12 39833 13 39860 7 39913 1 39921 16 39947 22 40070 8 40079 4 40089 13 40117 8 40169 1 40176 18 40203 22 40326 7 40336 3 40345 13 40373 10 40425 2 40431 19 40459 22 40581 8 40590 6 40600 15 40630 10 40681 4 40687 18 40715 22 40837 15 40856 15 40886 10 40936 24 40971 21 41094 16 41111 16 41142 10 41189 27 41228 18 41350 34 41398 10 41443 29 41484 16 41606 34 41654 10 41698 30 41743 12 41863 15 41880 15 41910 10 41954 30 42002 7 42118 16 42136 14 42166 10 42210 30 42374 16 42392 13 42422 11 42466 30 42630 8 42642 3 42649 11 42679 10 42723 29 42886 8 42898 3 42906 10 42936 9 42979 14 42997 11 43142 8 43152 6 43162 11 43192 10 43236 12 43254 10 43399 6 43407 7 43419 10 43448 10 43493 8 43511 9 43664 5 43676 8 43704 11 43768 8 43920 5 43932 8 43961 12 44024 8 44174 7 44188 8 44217 12 44280 8 44430 8 44443 9 44474 12 44537 7 44686 9 44699 2 44705 2 44730 12 44793 7 44936 2 44941 11 44954 4 44961 2 44986 12 45049 7 45193 2 45198 16 45216 3 45242 12 45306 6 45449 2 45453 17 45472 2 45498 13 45562 6 45680 3 45709 14 45724 5 45754 13 45818 6 45934 7 45965 13 45981 4 46008 15 46065 3 46074 6 46189 9 46221 7 46230 4 46238 3 46263 16 46320 5 46329 7 46444 11 46478 4 46493 5 46518 16 46575 7 46584 8 46699 12 46734 3 46749 6 46774 15 46831 7 46840 8 46954 13 47005 6 47029 16 47088 16 47209 13 47229 3 47242 1 47262 5 47284 17 47345 15 47460 17 47484 5 47498 2 47508 4 47518 5 47534 23 47602 14 47715 6 47729 2 47740 6 47754 3 47763 6 47776 3 47789 24 47858 14 47970 7 47996 6 48011 3 48018 8 48045 24 48114 14 48226 6 48252 5 48267 4 48273 9 48301 23 48369 15 48387 4 48482 5 48508 1 48523 14 48556 24 48624 16 48643 5 48664 6 48738 4 48781 11 48812 24 48879 17 48899 7 48917 11 48970 1 48994 2 49038 9 49068 24 49135 17 49155 8 49171 16 49222 6 49250 2 49296 5 49324 24 49390 18 49411 10 49426 18 49477 8 49506 2 49553 4 49580 24 49646 18 49667 12 49681 21 49732 9 49811 2 49835 25 49902 18 49923 40 49988 10 50091 25 50157 63 50244 11 50346 25 50413 64 50499 12 50602 24 50631 3 50669 64 50754 14 50858 24 50886 5 50925 41 50968 21 51010 14 51114 25 51142 6 51180 41 51224 5 51232 13 51265 15 51370 34 51436 18 51456 20 51481 3 51491 10 51520 17 51627 34 51692 16 51712 19 51747 10 51776 17 51813 4 51883 33 51949 14 51971 15 52003 10 52033 16 52068 6 52139 33 52205 13 52229 12 52259 10 52289 16 52324 6 52397 31 52460 14 52486 10 52514 11 52545 16 52580 7 52655 28 52716 14 52742 10 52770 10 52801 16 52836 8 52912 25 52972 13 52998 10 53026 10 53057 16 53093 9 53103 3 53169 22 53229 11 53255 8 53283 8 53314 16 53349 13 53427 19 53485 12 53511 8 53539 7 53571 15 53606 12 53684 18 53715 3 53720 2 53741 12 53768 6 53796 5 53829 11 53863 11 53941 16 53970 9 53998 11 54025 4 54053 3 54086 9 54120 10 54133 4 54198 15 54225 11 54240 2 54255 10 54343 4 54378 3 54387 7 54454 13 54481 19 54512 10 54643 7 54710 12 54736 21 54769 11 54899 6 54967 10 54990 24 55026 12 55155 6 55223 9 55243 6 55250 22 55288 6 55411 5 55479 5 55498 30 55544 7 55667 5 55736 2 55753 9 55769 10 55780 4 55801 6 55862 3 55914 3 55923 5 56008 9 56025 10 56037 2 56060 4 56116 6 56169 4 56180 4 56263 10 56281 10 56317 3 56372 7 56425 5 56436 4 56511 6 56518 11 56535 12 56573 5 56628 7 56638 2 56680 6 56692 4 56766 18 56789 14 56830 5 56884 3 56936 6 57022 18 57045 14 57085 7 57193 4 57278 17 57300 15 57316 2 57341 8 57533 13 57556 20 57597 8 57789 13 57813 20 57853 8 58045 12 58076 14 58109 8 58300 11 58332 14 58368 4 58552 15 58588 15 58624 3 58807 16 58845 15 59062 17 59101 15 59317 18 59357 6 59364 8 59573 17 59603 3 59614 4 59621 7 59828 17 59858 4 59870 3 59880 4 60083 18 60115 3 60126 4 60337 19 60372 2 60383 4 60592 20 60628 2 60640 3 60847 21 60896 3 60912 4 61103 21 61166 7 61358 23 61421 10 61614 23 61676 12 61858 4 61869 25 61931 15 62115 2 62125 26 62186 16 62380 29 62441 17 62636 29 62667 1 62698 16 62892 23 62916 4 62922 7 62955 16 63149 21 63179 7 63211 15 63406 20 63435 7 63468 14 63663 20 63692 4 63724 12 63898 3 63920 23 63948 2 63979 13 64153 6 64177 31 64234 13 64395 1 64408 8 64435 30 64483 4 64488 15 64650 2 64663 10 64693 30 64737 22 64903 6 64918 12 64950 30 64991 9 65003 12 65157 5 65174 12 65206 5 65212 25 65245 12 65263 7 65412 6 65429 13 65463 2 65471 22 65500 13 65520 5
474754,17 7 65 6 75 14 107 7 140 2 171 7 189 5 224 11 242 5 254 2 273 8 321 7 331 15 350 1 363 6 426 8 446 3 481 9 499 3 511 1 529 9 555 2 577 32 619 5 681 9 738 7 785 10 810 4 834 32 872 5 934 12 995 4 1041 10 1065 6 1091 32 1127 5 1146 2 1190 12 1297 11 1321 7 1348 31 1383 6 1401 6 1445 12 1554 14 1576 8 1606 30 1638 7 1656 8 1702 11 1810 15 1832 8 1864 10 1878 23 1912 9 1958 10 2067 14 2088 8 2121 8 2135 22 2168 9 2195 5 2215 6 2323 15 2344 8 2377 7 2395 18 2426 8 2450 6 2472 2 2579 15 2601 6 2634 6 2652 17 2683 7 2706 5 2835 15 2859 4 2892 2 2909 16 2941 5 2964 2 3091 14 3116 3 3166 6 3174 7 3197 5 3348 12 3423 4 3431 7 3454 4 3604 8 3613 1 3680 2 3687 6 3711 2 3861 4 3945 2 4117 3 4849 4 4867 6 5104 9 5123 6 5237 2 5360 11 5378 8 5491 5 5616 16 5634 8 5746 7 5872 16 5889 9 5906 4 6001 8 6128 16 6145 8 6161 6 6182 3 6203 4 6256 9 6286 3 6384 16 6401 8 6416 8 6437 5 6458 6 6511 8 6542 4 6640 16 6657 8 6672 9 6693 5 6713 7 6766 8 6788 4 6798 4 6896 16 6913 8 6927 11 6949 6 6969 8 7022 6 7044 5 7054 5 7152 16 7169 8 7183 12 7204 7 7224 13 7278 5 7300 5 7311 4 7324 4 7359 4 7408 16 7426 7 7439 12 7460 7 7479 20 7518 1 7535 3 7556 6 7568 2 7578 7 7614 6 7649 2 7659 1 7665 15 7682 7 7695 13 7716 8 7734 22 7774 3 7813 5 7833 8 7845 5 7869 7 7904 5 7914 5 7924 12 7938 8 7951 13 7972 8 7989 23 8029 6 8070 5 8087 10 8100 8 8125 8 8160 18 8182 10 8195 7 8207 14 8228 8 8245 22 8285 6 8328 3 8342 23 8381 8 8397 4 8415 19 8439 9 8451 7 8464 13 8484 9 8501 19 8541 7 8569 2 8597 24 8637 8 8653 7 8671 20 8696 8 8708 6 8722 10 8741 8 8758 17 8797 7 8824 3 8852 26 8893 8 8909 9 8926 13 8940 7 8952 8 8965 3 8981 6 8998 7 9021 11 9052 8 9080 4 9093 4 9107 27 9150 7 9165 9 9182 13 9197 6 9209 7 9238 4 9255 6 9277 11 9308 8 9336 4 9348 5 9363 27 9406 7 9421 10 9438 13 9454 5 9465 7 9512 4 9534 10 9564 9 9594 1 9603 7 9619 27 9662 7 9677 9 9695 12 9722 6 9790 10 9820 10 9855 11 9875 27 9919 6 9933 9 9952 11 9980 4 10046 8 10077 9 10110 12 10131 27 10176 4 10189 9 10214 5 10302 8 10334 8 10366 4 10371 6 10388 25 10446 7 10470 4 10559 6 10592 5 10622 4 10630 1 10644 24 10703 4 10816 4 10878 3 10900 21 11157 5 11163 13 11370 1 11414 2 11420 12 11625 3 11677 11 11864 1 11881 4 11933 11 12120 2 12137 4 12190 9 12376 2 12394 2 12412 3 12452 1 12667 5 12923 5 13180 3 13436 2 14356 1 14610 5 14866 5 15053 1 15121 6 15307 6 15375 8 15404 2 15434 1 15562 9 15594 4 15630 9 15660 2 15668 1 15690 4 15818 10 15849 6 15885 9 15916 2 15922 5 15945 5 16074 10 16105 7 16141 8 16171 2 16178 5 16201 6 16330 10 16361 7 16398 7 16426 3 16434 6 16457 6 16474 1 16586 10 16616 7 16655 4 16690 6 16712 7 16729 3 16843 9 16872 7 16946 5 16968 8 16985 4 17100 9 17127 8 17203 4 17225 7 17242 1 17356 9 17383 8 17393 3 17459 2 17481 6 17612 9 17639 8 17648 4 17740 2 17868 9 17895 12 18127 5 18152 10 18386 2 18408 10 18665 9 18923 7 19113 3 19181 4 19361 3 19368 4 19490 3 19616 5 19624 4 19746 3 19872 5 19881 3 20001 5 20129 4 20178 4 20258 3 20434 5 20514 2 20665 2 20689 7 20770 4 20919 5 20945 7 21026 6 21168 4 21174 7 21201 7 21281 7 21298 3 21424 13 21458 5 21537 7 21553 6 21680 13 21714 4 21793 8 21809 7 21899 3 21938 10 21991 4 22049 8 22064 9 22138 3 22154 5 22194 8 22245 7 22305 8 22320 10 22393 4 22410 6 22450 7 22501 7 22561 8 22576 10 22647 7 22666 6 22706 7 22756 8 22818 8 22833 9 22902 8 22922 6 22962 6 23012 8 23076 7 23089 9 23157 10 23179 5 23219 4 23268 8 23334 5 23346 8 23395 3 23413 10 23435 5 23524 8 23591 4 23604 6 23650 6 23668 12 23682 6 23690 6 23781 8 23848 2 23861 4 23906 6 23923 29 24038 6 24118 3 24161 7 24178 29 24295 5 24374 3 24417 7 24434 23 24460 3 24552 3 24673 6 24690 22 24817 5 24930 4 24946 22 25073 5 25203 10 25215 10 25329 5 25459 9 25472 9 25716 7 25729 8 25973 6 25986 7 26230 5 26243 5 26254 3 26486 4 26510 3 26743 2 29141 3 29395 6 29651 7 29906 8 30163 8 30419 9 30676 8 30836 1 30933 7 31091 3 31190 6 31346 4 31447 4 31602 4 31858 4 32115 2 33181 3 33435 6 33690 7 33946 7 34202 6 34459 4 36569 3 36823 8 37077 21 37333 23 37367 2 37375 1 37588 27 37621 11 37822 6 37833 6 37844 30 37876 12 38077 20 38098 46 38332 68 38587 69 38842 70 39098 70 39353 71 39608 72 39863 73 39998 1 40056 1 40118 74 40251 7 40310 6 40373 75 40503 14 40538 3 40566 7 40628 76 40758 15 40793 4 40821 9 40833 9 40883 77 41014 15 41048 5 41077 22 41138 78 41270 15 41302 7 41333 22 41393 79 41526 13 41557 8 41583 3 41589 22 41649 79 41772 1 41781 11 41812 7 41839 5 41845 22 41905 79 42026 8 42035 12 42068 5 42095 5 42103 20 42161 79 42282 21 42324 4 42351 5 42359 20 42418 78 42537 22 42582 1 42606 6 42614 21 42674 78 42793 23 42862 6 42869 21 42931 77 43049 23 43075 5 43118 24 43187 77 43305 32 43373 25 43442 78 43561 33 43622 1 43629 25 43698 78 43817 33 43870 1 43878 1 43885 24 43954 45 44002 30 44074 32 44123 7 44141 22 44210 44 44260 28 44311 2 44330 33 44378 9 44396 22 44465 45 44517 27 44566 5 44580 39 44632 13 44652 20 44720 46 44775 25 44821 6 44835 41 44887 14 44908 18 44975 47 45035 21 45077 7 45090 42 45142 16 45164 15 45230 48 45292 20 45332 10 45345 44 45398 16 45420 14 45486 48 45549 19 45587 58 45654 17 45677 9 45741 50 45805 10 45819 5 45843 58 45910 16 45933 6 45988 1 45996 52 46061 9 46076 4 46098 59 46167 15 46241 64 46308 18 46332 4 46350 63 46424 13 46491 90 46587 5 46606 64 46681 12 46698 2 46745 91 46842 6 46862 64 46940 9 46952 5 46995 96 47097 7 47118 64 47198 15 47247 100 47353 7 47374 64 47458 11 47502 101 47608 8 47630 54 47686 7 47714 11 47758 102 47864 8 47886 53 47943 6 47969 12 48014 103 48120 8 48141 54 48202 1 48225 12 48270 114 48397 53 48480 15 48526 114 48652 53 48736 16 48782 113 48907 54 48993 16 49039 111 49163 54 49249 16 49296 109 49418 54 49506 15 49555 1 49557 104 49674 54 49762 15 49814 104 49929 54 50018 15 50070 104 50185 53 50274 14 50322 109 50441 52 50530 14 50576 111 50697 52 50786 12 50831 113 50953 6 50961 44 51043 5 51086 114 51209 5 51217 44 51342 114 51466 3 51473 44 51598 114 51729 44 51856 112 51984 46 52114 110 52236 28 52267 20 52372 108 52492 26 52524 21 52629 107 52747 26 52781 20 52886 106 53003 25 53037 21 53142 106 53259 24 53294 21 53398 106 53516 22 53550 22 53655 105 53774 20 53806 22 53911 105 54031 18 54064 2 54067 17 54167 19 54190 82 54288 17 54324 16 54423 17 54447 81 54544 16 54580 16 54679 15 54704 80 54791 2 54800 15 54837 14 54935 9 54961 79 55046 4 55056 15 55093 14 55134 5 55191 8 55217 79 55301 6 55312 15 55350 11 55388 7 55447 8 55471 81 55557 8 55568 15 55608 1 55611 4 55642 9 55703 8 55726 82 55813 9 55824 15 55851 6 55862 9 55897 11 55959 9 55981 83 56069 25 56105 9 56117 10 56148 16 56214 10 56236 84 56325 10 56337 13 56359 24 56405 15 56470 11 56492 84 56581 10 56594 11 56613 25 56662 15 56726 12 56742 90 56836 11 56851 10 56868 24 56921 12 56983 10 56998 90 57091 11 57109 7 57123 25 57177 13 57239 10 57253 104 57366 5 57379 24 57434 12 57494 11 57509 103 57635 24 57690 12 57749 12 57765 103 57891 23 57946 12 58002 15 58021 102 58146 24 58203 10 58257 16 58278 100 58402 24 58460 10 58511 17 58534 9 58546 87 58638 3 58657 25 58717 9 58765 19 58790 9 58802 77 58880 9 58893 5 58913 33 58973 9 59017 23 59046 89 59136 9 59149 5 59168 37 59229 8 59272 24 59301 89 59392 9 59405 5 59424 39 59486 7 59528 128 59661 4 59680 40 59744 5 59784 128 59917 4 59936 40 60002 3 60040 128 60173 4 60192 45 60297 126 60429 3 60448 45 60553 125 60686 1 60704 45 60810 122 60960 45 61066 118 61217 43 61317 3 61321 119 61474 42 61573 123 61731 41 61828 124 61987 41 62083 125 62242 42 62338 126 62478 1 62498 41 62592 127 62728 9 62753 41 62800 4 62847 126 62983 11 63008 42 63055 6 63091 6 63103 129 63238 13 63263 42 63311 7 63345 9 63358 130 63494 13 63519 43 63567 9 63600 144 63750 14 63775 43 63823 10 63855 145 64005 15 64031 43 64079 11 64110 146 64260 16 64288 42 64335 12 64366 137 64506 6 64515 6 64524 8 64545 40 64591 12 64622 137 64762 6 64771 6 64781 7 64802 38 64847 12 64879 136 65018 6 65027 5 65037 6 65060 36 65103 12 65136 135 65274 6 65283 4 65293 5 65316 35 65358 13 65392 135 65530 6
478603,0 65536
487585,0 34 44 5 56 3 123 37 213 22 252 37 301 4 312 3 379 37 470 21 509 34 558 3 569 2 635 37 726 21 765 35 814 2 891 36 982 22 1023 33 1070 1 1148 35 1239 22 1279 32 1405 34 1496 23 1534 33 1612 1 1662 7 1672 23 1752 24 1782 5 1788 35 1864 5 1921 4 1930 21 2006 29 2036 44 2120 5 2191 16 2260 77 2375 6 2447 15 2514 80 2610 1 2630 7 2692 1 2704 13 2767 84 2865 3 2886 7 2948 1 2961 11 3020 87 3120 4 3142 7 3219 9 3274 89 3375 5 3398 7 3475 8 3529 90 3631 4 3654 7 3732 6 3783 93 3888 2 3909 8 3989 4 4038 94 4144 1 4165 8 4246 1 4294 95 4421 7 4550 95 4676 8 4740 1 4806 96 4922 3 4932 7 4995 2 5062 97 5164 3 5177 4 5188 7 5251 3 5318 96 5419 5 5431 6 5445 5 5507 2 5574 96 5675 5 5687 6 5701 5 5764 1 5830 96 5931 6 5944 5 5957 5 6086 95 6187 6 6200 5 6214 3 6342 95 6442 7 6456 5 6599 94 6698 7 6712 5 6856 93 6952 10 6968 5 7115 105 7225 3 7373 105 7493 4 7630 105 7749 6 7886 87 7975 17 8005 7 8143 85 8232 17 8261 8 8399 84 8489 17 8517 10 8655 82 8746 18 8772 11 8911 81 9001 20 9028 12 9167 79 9257 22 9284 12 9415 4 9424 75 9514 21 9539 14 9671 5 9680 74 9770 38 9823 4 9927 5 9937 73 10026 36 10079 5 10183 6 10193 73 10267 5 10281 35 10324 1 10334 7 10438 7 10450 80 10536 35 10591 6 10694 7 10706 121 10847 6 10950 7 10963 119 11103 7 11207 7 11220 86 11309 29 11359 8 11463 6 11476 83 11566 28 11615 9 11719 6 11733 80 11821 28 11870 11 11975 5 11990 79 12076 29 12127 11 12231 5 12245 3 12251 73 12329 19 12349 12 12384 10 12487 5 12500 3 12507 73 12582 35 12641 9 12743 5 12757 1 12763 73 12837 35 12898 8 12999 5 13019 73 13093 32 13154 8 13256 3 13275 105 13410 8 13531 71 13607 29 13666 8 13791 67 13864 28 13922 9 14049 65 14120 28 14178 9 14306 64 14376 29 14434 2 14437 7 14563 28 14592 35 14633 28 14690 2 14693 7 14820 27 14848 35 14889 28 14921 4 14946 2 14949 7 15077 26 15104 36 15144 29 15175 6 15202 2 15206 5 15335 24 15360 36 15400 37 15458 2 15464 1 15533 2 15593 88 15685 8 15714 2 15787 6 15850 86 15941 7 15956 4 15970 2 15978 1 16041 9 16106 11 16118 73 16197 7 16211 6 16226 4 16232 5 16295 12 16363 10 16374 73 16453 6 16466 7 16481 13 16549 15 16620 9 16631 35 16667 35 16709 6 16721 8 16736 14 16804 16 16876 9 16888 34 16924 34 16964 6 16977 8 16989 18 17058 18 17132 9 17145 33 17182 33 17220 7 17233 8 17244 18 17310 22 17388 9 17401 33 17439 33 17475 8 17489 6 17499 19 17564 24 17645 8 17657 34 17695 44 17745 5 17754 18 17819 26 17901 8 17914 33 17950 43 18002 3 18010 1 18013 14 18074 27 18157 8 18170 33 18206 43 18269 14 18330 26 18414 7 18426 34 18461 44 18519 2 18526 12 18585 27 18672 6 18681 34 18717 44 18782 13 18841 26 18929 5 18937 34 18973 47 19038 14 19097 24 19185 41 19231 45 19294 14 19351 27 19441 41 19488 44 19550 14 19605 29 19696 41 19745 43 19806 14 19861 30 19952 12 19968 24 20002 41 20062 14 20117 30 20208 10 20224 23 20258 40 20318 14 20373 30 20464 10 20480 22 20515 38 20574 14 20629 29 20721 9 20733 24 20771 36 20831 13 20886 28 20976 11 20988 23 21028 10 21039 23 21088 11 21147 22 21221 3 21230 37 21284 9 21297 20 21344 11 21403 22 21476 4 21486 35 21541 7 21554 10 21565 6 21601 9 21659 21 21732 5 21739 1 21742 35 21797 7 21811 9 21822 3 21856 9 21915 20 21989 4 21998 35 22054 5 22068 8 22098 22 22171 19 22245 4 22254 35 22310 5 22325 4 22353 23 22428 11 22443 2 22498 8 22510 36 22566 4 22608 24 22686 4 22752 11 22765 37 22863 26 23007 52 23119 26 23256 4 23263 52 23374 27 23511 6 23519 52 23629 28 23745 3 23760 2 23765 8 23776 49 23885 28 24000 4 24016 2 24021 60 24141 27 24254 6 24272 3 24277 60 24397 28 24510 7 24529 64 24654 27 24764 11 24786 63 24910 28 25019 13 25037 1 25040 65 25166 28 25265 4 25273 15 25293 68 25423 28 25521 23 25548 68 25679 30 25777 22 25803 68 25936 31 26033 94 26194 29 26289 37 26328 54 26452 28 26546 35 26584 53 26708 28 26739 4 26802 35 26839 53 26965 35 27059 34 27094 53 27222 35 27301 1 27316 87 27479 35 27556 4 27572 86 27684 8 27698 1 27736 35 27810 7 27828 86 27936 13 27953 3 27992 35 28048 3 28060 2 28066 7 28083 87 28189 17 28207 6 28248 35 28299 9 28314 7 28325 4 28330 1 28337 91 28444 18 28464 5 28486 4 28504 36 28551 12 28569 6 28582 2 28592 93 28698 20 28724 1 28741 6 28759 37 28805 12 28824 6 28846 97 28954 20 28997 7 29015 41 29061 8 29102 98 29209 22 29252 10 29271 43 29318 5 29359 103 29464 23 29507 12 29526 44 29615 129 29763 13 29782 45 29846 3 29872 128 30015 18 30036 49 30101 4 30129 127 30268 75 30356 6 30385 127 30524 76 30612 6 30641 128 30780 76 30868 7 30896 128 31035 77 31124 7 31152 126 31290 78 31380 7 31408 124 31546 77 31636 9 31664 123 31801 75 31892 9 31920 123 32056 76 32148 3 32164 5 32176 8 32186 112 32312 76 32404 3 32420 8 32432 6 32442 113 32567 78 32676 137 32823 80 32933 137 33077 83 33190 70 33262 65 33330 88 33448 67 33519 159 33706 65 33776 158 33962 5 33970 57 34039 83 34124 67 34217 6 34225 58 34296 81 34385 63 34472 6 34480 60 34554 79 34641 63 34727 69 34811 77 34897 63 34968 84 35071 73 35153 9 35163 53 35222 81 35304 4 35328 72 35408 10 35419 53 35478 86 35584 76 35664 8 35675 53 35733 87 35840 78 35921 7 35931 52 35989 87 36096 79 36179 4 36187 52 36246 87 36355 76 36444 52 36502 87 36613 18 36632 56 36700 53 36758 88 36871 15 36889 56 36956 54 37014 88 37127 15 37143 59 37211 56 37270 89 37384 75 37466 150 37642 74 37719 153 37901 228 38160 225 38416 216 38634 7 38673 215 38890 7 38929 216 39147 6 39184 218 39405 4 39439 219 39662 4 39694 221 39918 4 39949 222 40175 3 40205 223 40432 2 40461 223 40717 223 40973 223 41229 223 41485 224 41741 33 41776 189 41997 33 42034 188 42253 33 42291 192 42509 32 42547 193 42766 30 42803 193 43022 28 43059 187 43248 4 43278 26 43316 186 43505 1 43534 25 43572 186 43789 26 43828 186 44045 25 44083 9 44094 176 44300 26 44338 10 44353 173 44555 27 44594 9 44610 22 44635 147 44811 27 44850 8 44869 17 44891 147 45043 1 45067 27 45106 6 45124 18 45147 147 45298 2 45324 25 45357 10 45379 19 45400 1 45403 146 45554 2 45580 25 45613 9 45635 19 45655 2 45659 146 45809 2 45836 25 45868 9 45890 20 45912 1 45915 145 46064 3 46092 24 46124 8 46145 21 46171 2 46177 139 46320 3 46348 23 46380 7 46401 21 46426 3 46434 137 46573 5 46604 23 46636 5 46657 21 46682 2 46691 136 46829 5 46860 22 46892 4 46912 24 46937 3 46949 133 47084 6 47116 21 47148 3 47168 27 47206 133 47340 6 47372 20 47403 4 47424 27 47463 132 47596 6 47629 19 47657 5 47680 27 47720 138 47872 3 47885 19 47912 6 47934 2 47937 26 47977 137 48128 8 48141 20 48167 8 48195 24 48234 125 48360 10 48384 9 48396 21 48423 9 48439 3 48452 22 48490 125 48616 10 48640 9 48652 21 48678 10 48694 6 48710 20 48746 124 48872 11 48896 8 48907 22 48934 9 48948 8 48967 19 49002 123 49128 12 49152 7 49163 22 49190 9 49204 9 49225 17 49257 124 49384 14 49408 6 49419 23 49446 8 49459 9 49481 17 49513 123 49640 16 49664 5 49674 24 49702 8 49715 9 49736 18 49769 122 49897 16 49920 4 49929 24 49958 7 49971 9 49992 17 50024 123 50152 17 50183 26 50215 5 50227 9 50248 17 50280 123 50407 18 50438 27 50472 3 50486 5 50504 17 50535 122 50659 1 50662 18 50691 24 50717 2 50730 1 50737 1 50743 4 50756 1 50760 2 50763 14 50791 122 50914 21 50946 23 50988 1 50993 1 51000 3 51011 3 51015 2 51019 14 51047 144 51201 23 51242 4 51247 1 51255 7 51265 22 51303 144 51456 24 51499 6 51510 32 51560 143 51712 24 51755 6 51765 32 51816 115 51932 27 51968 25 52011 6 52020 33 52073 113 52188 28 52224 25 52268 42 52317 4 52330 110 52444 28 52480 25 52524 42 52571 7 52586 109 52700 29 52736 26 52785 39 52825 10 52847 103 52956 28 52992 26 53042 49 53104 100 53212 28 53248 27 53280 6 53298 49 53361 100 53469 14 53485 8 53504 39 53554 49 53618 97 53716 4 53726 12 53760 40 53810 49 53878 93 53972 5 53983 11 54016 40 54065 50 54135 99 54240 11 54272 41 54318 51 54390 100 54495 12 54528 42 54572 52 54644 102 54750 14 54784 96 54900 103 55006 14 55040 96 55155 121 55296 96 55412 118 55552 97 55668 117 55808 99 55923 116 56064 100 56179 78 56260 34 56320 101 56435 78 56518 32 56576 101 56690 78 56776 30 56832 102 56944 79 57035 26 57088 102 57200 70 57274 4 57292 5 57300 17 57344 103 57455 72 57558 15 57600 105 57711 72 57817 6 57824 6 57856 106 57967 72 58075 2 58081 4 58112 106 58222 73 58368 107 58478 74 58624 108 58733 76 58880 186 59136 188 59392 108 59501 15 59520 61 59648 108 59758 13 59779 58 59904 107 60014 12 60036 57 60160 98 60261 5 60271 9 60292 57 60416 96 60528 6 60548 57 60672 96 60785 2 60804 57 60928 97 61060 58 61184 97 61316 58 61440 98 61572 58 61696 101 61828 57 61952 104 62057 5 62084 58 62208 112 62326 1 62340 59 62464 121 62596 60 62720 125 62851 62 62976 194 63232 195 63488 196 63744 197 64000 197 64256 197 64512 197 64768 197 65024 197 65280 197
487629,0 15 56 4 65 68 225 6 252 19 295 2 312 3 321 61 383 6 481 4 509 18 551 2 577 45 623 14 641 4 737 3 766 17 807 3 833 44 880 11 1024 15 1062 5 1089 44 1136 10 1157 2 1280 14 1308 2 1317 6 1345 43 1391 11 1413 3 1536 13 1563 4 1573 6 1601 43 1647 11 1669 4 1771 1 1792 13 1819 4 1828 7 1857 43 1902 11 1925 4 2027 1 2039 1 2048 12 2075 5 2081 9 2114 42 2158 11 2181 5 2293 3 2299 1 2304 12 2331 15 2371 40 2416 7 2437 4 2451 3 2528 4 2541 11 2555 1 2560 11 2586 15 2628 36 2674 3 2694 2 2706 4 2783 5 2797 11 2811 1 2816 11 2836 21 2884 36 2962 4 3039 5 3054 10 3066 2 3072 10 3090 22 3141 35 3217 4 3242 4 3294 6 3310 9 3322 2 3328 10 3344 23 3397 36 3473 4 3498 4 3547 9 3566 9 3578 2 3584 10 3599 22 3654 35 3730 2 3753 5 3803 9 3822 9 3835 1 3840 9 3854 21 3910 35 3986 2 4000 4 4007 8 4058 11 4077 10 4096 2 4101 4 4110 19 4166 36 4256 4 4261 11 4277 2 4314 13 4333 9 4366 18 4423 34 4518 18 4570 27 4622 17 4679 34 4775 18 4826 27 4880 13 4935 34 5032 17 5082 21 5104 8 5137 9 5191 33 5289 16 5339 29 5392 8 5447 7 5462 18 5545 17 5596 32 5647 8 5703 7 5719 16 5801 17 5853 31 5902 9 5960 5 5976 15 6058 16 6110 15 6126 13 6157 11 6216 5 6232 14 6315 14 6366 12 6382 9 6393 1 6412 14 6472 5 6489 12 6544 2 6573 10 6622 12 6638 8 6668 16 6729 3 6746 3 6754 1 6799 4 6831 6 6878 11 6894 7 6923 19 6985 3 7054 5 7088 5 7135 9 7149 8 7179 20 7242 1 7309 6 7345 4 7391 7 7405 7 7435 20 7488 5 7565 6 7602 3 7606 2 7649 4 7692 19 7742 10 7821 6 7861 3 7869 2 7949 18 7998 11 8077 3 8126 1 8212 11 8253 13 8332 3 8382 2 8469 8 8509 13 8586 5 8727 4 8764 15 8841 7 8881 1 8884 2 8888 1 9020 16 9098 6 9136 7 9195 3 9276 17 9354 7 9391 9 9451 4 9469 1 9533 17 9610 7 9645 11 9707 4 9725 3 9790 16 9835 5 9865 9 9898 14 9963 4 9980 4 10047 15 10090 6 10100 2 10120 11 10154 14 10218 6 10235 5 10304 14 10345 7 10356 3 10373 15 10409 15 10473 7 10490 6 10560 13 10601 15 10626 20 10665 15 10699 5 10729 6 10745 7 10816 10 10857 15 10877 26 10929 6 10954 6 10984 7 11000 8 11072 8 11114 15 11131 28 11186 4 11198 1 11203 1 11209 7 11239 8 11256 7 11328 8 11373 42 11451 18 11470 3 11495 8 11511 8 11584 8 11630 42 11706 24 11751 8 11767 8 11840 7 11886 8 11896 32 11936 5 11962 26 12009 6 12023 8 12097 5 12142 7 12153 16 12172 12 12192 6 12215 29 12265 6 12279 7 12296 2 12399 5 12409 16 12428 11 12447 7 12470 30 12521 7 12535 7 12551 4 12655 5 12666 16 12683 11 12703 7 12725 31 12778 5 12791 7 12807 4 12912 3 12922 24 12959 6 12981 33 13034 4 13043 1 13046 7 13063 4 13177 25 13214 6 13236 34 13275 1 13291 3 13301 8 13319 5 13432 27 13460 1 13470 5 13492 42 13541 2 13556 9 13575 4 13678 38 13724 6 13748 43 13796 5 13812 9 13832 3 13933 39 13979 7 14003 56 14068 9 14188 40 14233 9 14259 12 14277 42 14324 9 14444 40 14488 9 14504 2 14514 12 14539 38 14581 9 14700 41 14743 10 14759 5 14769 11 14795 40 14836 5 14956 42 14999 10 15012 9 15022 10 15051 46 15103 1 15213 52 15268 18 15308 46 15470 71 15564 46 15728 69 15821 46 15868 2 15986 67 16078 49 16252 57 16334 50 16445 3 16509 56 16590 50 16699 6 16765 58 16846 50 16955 6 17020 62 17090 1 17101 51 17210 7 17266 3 17275 68 17344 4 17355 53 17466 7 17521 7 17529 79 17610 54 17723 4 17777 143 17980 2 18032 144 18288 144 18543 64 18608 80 18799 145 19054 146 19310 146 19564 148 19819 149 20074 150 20330 146 20587 144 20844 142 21100 64 21165 77 21357 141 21594 1 21614 140 21850 1 21870 140 22105 2 22126 140 22362 1 22383 139 22618 1 22639 139 22895 56 22954 81 23142 1 23151 53 23211 80 23398 4 23407 53 23468 80 23640 6 23653 5 23663 52 23725 80 23898 7 23909 6 23922 49 23982 80 24154 14 24170 1 24178 48 24243 77 24411 16 24437 44 24500 76 24667 17 24693 43 24756 76 24924 16 24950 41 25013 75 25180 19 25206 40 25269 75 25436 19 25462 40 25525 75 25692 4 25697 15 25718 40 25781 75 25950 1 25954 14 25974 39 26036 76 26211 13 26230 38 26291 77 26468 12 26485 38 26547 77 26715 2 26725 11 26739 40 26804 76 26970 5 26981 11 26994 40 27059 77 27197 5 27226 5 27237 11 27249 40 27314 78 27453 7 27482 5 27493 10 27505 40 27569 54 27624 24 27708 15 27739 4 27749 9 27761 40 27825 78 27965 16 27996 3 28005 7 28016 40 28081 42 28124 10 28136 23 28221 20 28253 3 28260 6 28271 40 28337 41 28380 10 28392 23 28479 9 28489 8 28510 3 28516 6 28527 39 28593 40 28637 9 28648 23 28736 6 28747 6 28766 3 28772 5 28782 39 28849 39 28895 4 28901 14 28916 11 29004 4 29028 5 29037 39 29106 37 29150 7 29158 13 29173 4 29178 6 29284 5 29293 38 29362 2 29366 32 29403 10 29414 13 29430 2 29434 6 29540 6 29549 37 29624 30 29658 25 29687 9 29797 5 29806 36 29882 28 29914 25 29943 9 30053 5 30064 32 30138 29 30168 28 30199 9 30308 6 30320 31 30395 42 30438 14 30455 9 30565 5 30577 29 30652 11 30666 27 30694 14 30713 1 30822 4 30834 27 30900 3 30909 9 30923 40 31078 4 31091 25 31158 1 31167 7 31178 40 31336 2 31349 23 31374 2 31415 1 31425 5 31432 39 31592 2 31608 18 31684 2 31688 36 31848 3 31872 9 31940 14 31958 18 32103 6 32129 8 32197 12 32219 12 32335 6 32358 7 32386 8 32453 7 32463 1 32476 10 32584 16 32614 7 32646 1 32711 4 32733 8 32840 23 32870 7 33096 24 33124 6 33352 25 33380 5 33608 26 33635 6 33678 2 33864 32 33931 9 34122 29 34187 10 34385 21 34443 14 34505 2 34642 16 34660 1 34699 15 34723 2 34761 3 34898 15 34954 16 34979 3 35155 13 35204 22 35235 4 35412 11 35459 23 35490 8 35579 5 35619 5 35670 8 35715 23 35745 9 35834 6 35875 6 35930 2 35943 2 35973 22 36000 11 36077 1 36088 8 36130 7 36198 4 36230 23 36255 12 36332 4 36342 10 36386 6 36454 5 36490 29 36520 4 36586 22 36642 7 36710 5 36749 25 36841 23 36898 8 36965 7 37006 23 37069 1 37096 24 37154 9 37221 7 37262 6 37270 15 37351 25 37412 7 37478 6 37517 6 37530 10 37606 26 37669 6 37736 2 37773 5 37789 7 37862 26 37926 5 38028 6 38117 27 38183 4 38284 5 38373 27 38540 5 38628 28 38796 5 38826 1 38884 28 39052 5 39078 6 39140 28 39307 6 39334 6 39395 29 39561 8 39590 6 39650 30 39816 9 39832 2 39845 7 39906 30 40070 22 40101 6 40138 2 40161 31 40307 3 40318 2 40324 25 40355 8 40394 2 40418 30 40563 4 40573 5 40579 27 40611 7 40650 2 40674 30 40819 5 40828 45 40931 29 41074 7 41084 46 41188 28 41331 7 41339 47 41392 2 41446 26 41588 54 41649 2 41702 26 41849 49 41962 22 42107 15 42124 7 42135 23 42218 22 42363 23 42393 2 42405 9 42474 22 42620 6 42627 15 42664 5 42731 21 42886 13 42921 3 42987 21 43144 11 43158 5 43243 8 43252 12 43401 19 43487 1 43500 6 43510 10 43658 19 43721 7 43741 6 43767 9 43914 19 43978 7 43996 8 44026 6 44171 13 44235 7 44250 10 44284 4 44427 12 44492 8 44504 13 44540 4 44683 11 44725 1 44749 7 44760 13 44774 2 44795 5 44938 12 44980 4 45008 3 45015 18 45051 5 45194 11 45236 4 45271 14 45286 6 45308 4 45449 12 45477 2 45527 23 45705 12 45730 10 45783 22 45960 12 45985 12 46043 18 46068 3 46217 11 46241 13 46300 21 46474 10 46497 13 46558 19 46732 8 46753 14 46815 19 46989 7 47010 6 47019 4 47072 18 47245 8 47267 2 47276 3 47329 18 47500 9 47533 1 47585 18 47615 1 47750 4 47757 9 47843 16 47870 2 47993 4 48005 5 48013 9 48101 14 48125 3 48248 6 48259 8 48270 4 48275 3 48360 12 48382 2 48504 7 48514 10 48526 4 48531 3 48617 11 48639 1 48760 26 48788 2 48872 13 49016 26 49128 13 49271 27 49384 12 49527 26 49640 12 49783 25 49897 10 50038 25 50153 9 50293 26 50410 7 50548 27 50667 3 50802 28 51057 29 51313 29 51569 28 51825 28 52040 1 52081 27 52110 1 52296 1 52337 24 52366 1 52590 2 52594 20 52846 1 52850 17 53106 17 53361 18 53617 17 53872 12 54127 12 54381 9 54635 11 54890 11 55145 11 55401 11 55656 11 55912 9 56167 10 56423 8 56678 8 56934 7 57190 7 57446 6 57701 6 57957 5 58213 5 58357 1 58469 7 58609 6 58725 9 58864 7 58981 9 59120 7 59238 7 59376 6 59494 6 59632 4 63604 2 63860 2 63866 1 64869 8 65124 11 65145 4 65152 2 65379 12 65400 13
489967,0 65536
490941,3 52 136 10 152 7 162 15 195 61 257 54 392 9 409 5 419 15 452 60 513 53 649 8 665 4 674 16 708 114 906 6 922 1 929 18 964 60 1025 53 1162 6 1176 4 1184 19 1220 60 1282 54 1418 6 1431 7 1440 19 1476 60 1538 55 1675 4 1686 30 1731 61 1795 55 1890 1 1931 4 1940 33 1987 61 2051 56 2132 3 2146 1 2188 2 2194 35 2243 61 2307 56 2387 6 2448 37 2499 120 2641 9 2704 37 2754 122 2896 11 2916 1 2959 37 3010 124 3150 14 3172 4 3213 39 3266 125 3401 20 3428 5 3440 4 3465 43 3521 126 3654 24 3683 7 3695 6 3720 44 3777 157 3939 7 3951 7 3975 45 4034 156 4195 8 4206 9 4230 46 4290 155 4450 9 4462 9 4485 47 4547 153 4705 10 4717 11 4741 47 4804 151 4961 23 4995 49 5061 150 5216 25 5251 48 5318 148 5472 25 5506 49 5575 147 5727 26 5761 48 5832 146 5983 27 6016 49 6088 145 6239 28 6271 51 6344 144 6495 29 6525 52 6600 143 6752 81 6856 142 7008 81 7112 138 7266 79 7368 136 7526 74 7625 135 7787 69 7881 133 8045 66 8137 132 8302 65 8393 133 8560 62 8650 133 8816 62 8907 135 9072 62 9164 135 9328 62 9421 134 9583 63 9678 133 9838 64 9935 132 10094 65 10166 4 10192 131 10350 65 10421 7 10448 132 10606 79 10703 134 10862 79 10959 135 11118 80 11215 137 11374 80 11471 138 11630 80 11728 138 11885 68 11955 11 11984 143 12140 68 12212 9 12241 143 12395 69 12470 6 12497 144 12651 69 12726 5 12754 144 12907 50 12964 11 12984 2 13010 144 13164 50 13221 11 13266 11 13280 131 13420 50 13478 10 13523 8 13537 130 13677 51 13735 9 13780 5 13794 129 13934 22 13957 28 13991 8 14052 128 14190 21 14216 25 14247 8 14308 128 14447 19 14475 23 14503 9 14564 129 14704 16 14732 22 14760 11 14820 132 14964 11 14989 20 15018 10 15074 137 15222 9 15244 21 15276 8 15325 143 15482 4 15500 19 15532 9 15579 145 15739 4 15756 17 15789 8 15835 146 15995 4 16012 15 16045 8 16091 146 16252 3 16268 14 16303 12 16347 147 16509 2 16524 14 16561 16 16603 147 16766 1 16780 13 16817 29 16859 148 17022 1 17036 12 17072 39 17114 151 17291 14 17326 203 17546 15 17581 206 17796 23 17836 208 18049 27 18091 210 18303 30 18346 244 18600 46936
491029,0 65536
494025,19 4 27 17 97 5 116 1 131 8 144 6 170 4 184 15 207 1 218 4 225 20 251 5 274 4 283 17 354 3 370 1 387 8 400 10 440 16 475 1 481 20 508 4 528 4 539 17 626 1 643 8 656 10 696 17 738 19 764 4 783 5 794 18 882 2 899 9 912 10 934 2 952 17 995 17 1021 3 1038 6 1049 19 1155 23 1190 3 1208 17 1253 15 1277 3 1293 7 1304 20 1410 24 1446 3 1462 20 1510 12 1533 3 1548 8 1559 21 1666 25 1702 3 1714 24 1768 9 1791 1 1799 12 1814 21 1891 3 1922 26 1959 1 1969 25 2028 4 2054 5 2062 6 2069 22 2146 5 2178 26 2211 1 2224 26 2284 4 2310 5 2319 26 2402 6 2434 29 2466 3 2472 2 2476 29 2540 4 2567 3 2576 25 2605 3 2659 6 2689 31 2722 39 2797 3 2823 2 2832 33 2918 5 2944 74 3053 3 3088 33 3175 4 3198 76 3278 3 3309 3 3332 2 3343 33 3430 5 3453 77 3533 5 3565 3 3587 4 3599 33 3686 8 3704 1 3708 87 3809 3 3821 2 3844 2 3854 33 3941 12 3958 93 4055 2 4064 6 4076 3 4100 1 4110 33 4197 15 4213 95 4312 1 4320 7 4330 5 4355 2 4366 33 4452 112 4576 15 4611 2 4622 33 4708 54 4763 46 4810 10 4832 16 4878 33 4960 116 5089 15 5134 34 5215 116 5346 14 5389 36 5471 115 5605 3 5610 6 5645 36 5726 115 5867 3 5901 37 5983 112 6149 2 6157 37 6240 111 6413 31 6445 5 6501 36 6542 12 6557 49 6670 30 6701 4 6761 31 6799 11 6816 45 6929 26 6956 5 7011 38 7057 9 7073 43 7188 13 7205 3 7212 4 7266 30 7297 9 7314 10 7330 40 7447 8 7469 4 7522 30 7554 9 7572 53 7705 5 7725 4 7778 10 7789 19 7810 10 7829 52 7960 7 7981 4 8033 31 8066 10 8088 48 8216 8 8237 2 8288 31 8323 10 8345 46 8472 11 8538 1 8543 32 8580 9 8601 45 8729 12 8793 38 8839 6 8858 16 8877 25 8960 1 8992 8 9049 37 9096 5 9116 14 9134 23 9216 1 9249 7 9304 38 9352 5 9373 13 9390 22 9418 2 9474 1 9508 4 9559 39 9608 5 9629 23 9656 11 9674 2 9798 3 9812 42 9864 5 9885 18 9912 11 9927 4 10053 5 10066 45 10120 5 10140 23 10169 10 10183 4 10308 6 10321 48 10375 6 10391 29 10426 9 10439 3 10564 8 10575 51 10631 5 10647 3 10651 27 10681 10 10820 72 10909 27 10937 9 11063 3 11075 72 11167 35 11318 7 11331 69 11425 33 11574 9 11585 71 11682 2 11691 19 11714 2 11829 83 11947 18 11970 2 12086 82 12203 18 12226 3 12342 81 12433 2 12459 17 12482 3 12599 78 12690 2 12704 2 12715 17 12739 2 12856 75 12946 6 12959 3 12970 18 12995 2 13113 73 13202 8 13214 7 13224 20 13249 2 13369 73 13446 1 13458 41 13504 3 13626 79 13714 41 13759 4 13882 80 13971 48 14138 50 14190 28 14228 47 14319 2 14395 49 14447 27 14485 45 14573 5 14650 51 14705 26 14742 44 14829 3 14906 52 14962 25 14998 12 15018 23 15085 3 15162 53 15219 23 15254 11 15274 23 15360 1 15417 55 15477 20 15515 4 15531 22 15609 3 15673 57 15733 13 15788 21 15866 2 15929 58 15989 13 16045 20 16122 3 16185 55 16245 12 16301 20 16378 3 16432 1 16441 53 16499 5 16507 5 16558 9 16571 6 16634 2 16688 2 16697 53 16754 5 16775 3 16814 7 16890 2 16944 3 16953 53 17010 4 17030 5 17072 3 17147 1 17199 4 17209 54 17265 5 17285 6 17455 4 17466 54 17521 5 17540 6 17708 8 17722 57 17796 5 17911 2 17963 10 17979 55 18052 4 18163 6 18218 11 18234 56 18418 6 18474 13 18489 56 18673 6 18731 70 18929 7 18988 69 19186 6 19247 66 19445 1 19460 4 19479 6 19504 64 19716 3 19736 5 19763 61 19972 3 19978 3 19984 3 19992 1 20005 2 20019 59 20227 3 20234 2 20240 4 20261 2 20277 57 20480 1 20482 3 20489 2 20496 5 20517 8 20533 57 20736 1 20739 9 20754 1 20772 11 20790 57 20973 3 20996 8 21028 11 21047 56 21108 2 21227 5 21253 8 21278 1 21284 12 21304 56 21364 2 21484 4 21509 9 21533 3 21543 9 21560 57 21620 2 21741 3 21760 1 21765 7 21789 4 21799 9 21816 57 22016 2 22021 6 22044 6 22055 10 22071 58 22272 3 22296 11 22310 13 22326 56 22528 3 22549 31 22581 56 22784 3 22804 90 23015 3 23040 4 23060 91 23269 6 23296 4 23316 38 23357 49 23524 8 23552 4 23572 37 23614 10 23627 34 23779 9 23808 4 23832 14 23847 14 23871 6 23886 30 24034 10 24064 4 24089 12 24105 11 24128 4 24143 29 24289 4 24294 4 24320 5 24345 7 24361 11 24400 29 24547 1 24576 6 24602 6 24617 3 24657 29 24832 6 24852 1 24861 2 24872 7 24913 29 25088 6 25106 4 25127 8 25170 29 25333 4 25344 6 25362 3 25382 9 25427 28 25547 8 25569 2 25590 3 25600 6 25618 3 25634 14 25684 26 25801 11 25825 2 25856 7 25874 3 25890 15 25941 24 26056 12 26081 4 26102 6 26113 6 26130 2 26146 17 26199 22 26311 12 26338 4 26357 9 26370 5 26407 14 26456 20 26566 13 26595 3 26617 5 26627 4 26668 13 26712 6 26726 6 26822 13 26837 1 26851 3 26883 3 26925 15 26968 6 26984 3 27072 3 27077 17 27107 4 27139 2 27182 16 27225 4 27325 25 27364 3 27395 1 27439 16 27482 1 27581 24 27620 4 27696 15 27837 7 27846 14 27877 4 27954 14 28094 22 28134 6 28210 1 28212 13 28350 22 28390 7 28466 17 28607 21 28647 7 28721 21 28864 19 28904 7 28976 23 29120 19 29161 7 29214 1 29231 26 29288 1 29378 17 29400 2 29418 8 29469 3 29487 28 29543 4 29634 15 29651 6 29676 6 29701 2 29722 7 29743 29 29791 12 29890 14 29907 5 29934 3 29978 7 29987 2 30000 28 30046 13 30146 11 30163 5 30233 13 30256 28 30301 15 30402 10 30419 5 30497 5 30511 29 30557 15 30658 10 30675 5 30753 3 30767 29 30813 16 30914 11 30931 5 31013 2 31023 29 31070 15 31171 11 31188 4 31268 3 31278 31 31327 13 31429 9 31444 4 31487 1 31524 3 31534 31 31585 9 31685 10 31742 2 31780 3 31790 33 31917 2 31941 11 31998 2 32036 3 32046 14 32061 18 32172 4 32196 13 32253 3 32291 5 32302 12 32317 17 32428 5 32451 16 32509 3 32547 5 32557 12 32574 14 32683 7 32706 17 32765 3 32804 4 32813 11 32830 12 32874 3 32939 8 32962 17 33021 3 33060 4 33068 12 33086 10 33130 4 33194 10 33217 17 33278 2 33319 2 33323 12 33341 10 33385 5 33449 13 33473 16 33535 1 33571 2 33575 2 33579 12 33597 10 33641 6 33704 15 33729 15 33791 1 33824 5 33831 15 33852 10 33897 8 33958 18 33985 13 34047 1 34078 7 34088 12 34108 10 34154 8 34210 22 34241 11 34302 2 34332 8 34345 8 34365 9 34410 8 34465 24 34496 12 34557 3 34586 11 34600 9 34621 9 34667 7 34721 25 34752 12 34812 4 34842 22 34878 8 34923 8 34955 2 34976 26 35009 11 35067 5 35100 20 35134 7 35179 8 35211 2 35232 26 35267 10 35323 5 35357 20 35391 5 35434 4 35440 3 35467 2 35479 1 35488 25 35523 11 35579 5 35614 20 35690 3 35696 3 35706 2 35722 4 35733 4 35745 24 35779 11 35835 5 35872 19 35945 3 35953 2 35959 6 35977 6 35988 7 36001 24 36035 11 36092 4 36129 19 36200 4 36210 2 36213 9 36233 7 36242 10 36258 23 36291 11 36349 3 36384 21 36453 7 36466 13 36488 21 36514 24 36547 11 36640 21 36707 9 36722 14 36745 21 36770 24 36803 11 36897 21 36962 10 36978 14 37002 20 37027 23 37059 11 37073 4 37153 21 37217 11 37234 14 37260 19 37283 23 37316 11 37328 6 37409 23 37472 12 37490 14 37516 20 37539 22 37573 19 37667 2 37671 18 37728 12 37746 14 37773 44 37829 19 37927 24 37984 12 38001 13 38029 43 38085 19 38182 27 38240 12 38255 14 38285 43 38341 20 38400 1 38437 29 38497 11 38509 5 38542 42 38597 10 38608 9 38656 1 38693 29 38754 16 38800 39 38853 10 38866 8 38949 28 39012 13 39057 37 39110 9 39122 11 39204 29 39268 13 39312 38 39365 10 39378 13 39425 3 39456 32 39524 12 39568 30 39600 5 39621 10 39634 14 39657 2 39680 4 39697 2 39710 33 39768 2 39779 12 39824 30 39876 11 39890 14 39914 4 39936 5 39950 6 39966 33 40015 13 40035 11 40079 31 40132 11 40145 15 40170 4 40192 6 40205 8 40223 32 40270 14 40290 12 40335 31 40388 11 40400 16 40427 3 40448 7 40460 9 40480 31 40525 16 40545 12 40591 31 40644 11 40656 16 40685 2 40704 8 40715 10 40737 3 40745 21 40781 16 40800 13 40829 2 40847 30 40882 4 40900 11 40912 16 40941 3 40960 22 41000 22 41036 17 41056 11 41084 5 41103 29 41136 9 41156 11 41168 14 41197 4 41216 23 41256 21 41292 16 41311 11 41341 5 41359 29 41391 11 41412 26 41453 5 41472 24 41513 18 41547 17 41567 11 41598 4 41615 42 41669 24 41709 5 41728 26 41770 8 41782 4 41803 16 41823 11 41855 3 41871 41 41926 21 41964 6 41984 26 42027 5 42059 16 42079 12 42126 41 42182 21 42213 1 42217 1 42220 5 42237 29 42284 1 42314 18 42335 12 42379 44 42438 21 42473 7 42492 31 42570 33 42631 48 42693 22 42731 5 42748 32 42826 33 42886 49 42949 22 42989 1 43003 33 43086 30 43142 49 43205 22 43259 32 43296 3 43339 33 43397 50 43460 24 43515 32 43551 4 43588 4 43593 34 43653 49 43716 25 43771 31 43807 3 43842 41 43908 50 43972 25 44026 32 44064 2 44095 43 44164 51 44228 26 44281 34 44350 43 44420 51 44484 26 44537 35 44583 4 44604 45 44676 51 44740 26 44793 5 44800 29 44837 7 44860 46 44932 50 44997 25 45049 3 45056 29 45093 7 45114 49 45187 51 45255 24 45305 2 45312 29 45349 7 45370 6 45377 44 45428 2 45442 52 45513 22 45557 5 45568 29 45603 6 45625 2 45633 45 45683 4 45698 51 45772 4 45779 12 45813 4 45818 2 45824 29 45859 4 45889 45 45938 6 45954 51 46035 12 46069 7 46080 30 46115 2 46145 45 46193 8 46209 51 46292 11 46325 8 46336 36 46401 45 46448 9 46462 52 46548 10 46581 47 46639 1 46657 45 46705 9 46716 53 46805 8 46834 49 46895 2 46913 39 46953 3 46963 62 47063 4 47085 53 47169 19 47190 9 47202 4 47220 60 47339 54 47399 9 47424 18 47448 6 47458 3 47476 60 47595 54 47651 13 47680 14 47706 4 47715 2 47733 58 47851 55 47907 13 47936 13 47962 3 47971 2 47990 57 48067 1 48112 49 48163 13 48192 12 48226 1 48245 58 48369 49 48420 12 48448 12 48501 58 48625 49 48675 13 48703 13 48759 7 48767 49 48880 63 48958 14 49016 56 49134 54 49191 7 49213 15 49272 56 49388 56 49448 1 49451 2 49469 15 49528 56 49642 59 49725 15 49784 30 49815 25 49896 63 49982 14 50000 1 50039 30 50072 24 50147 70 50237 15 50256 1 50295 30 50329 22 50402 71 50495 12 50512 1 50551 30 50585 20 50657 73 50756 7 50807 30 50842 17 50912 65 50981 5 51014 5 51062 31 51099 12 51167 66 51238 5 51318 30 51356 10 51421 67 51496 3 51574 28 51613 9 51674 70 51830 26 51870 7 51927 73 52022 1 52086 26 52181 74 52277 3 52342 27 52437 74 52533 6 52552 1 52598 28 52692 74 52789 10 52803 7 52811 2 52854 28 52947 72 53046 23 53111 8 53124 18 53203 70 53301 24 53380 21 53458 70 53534 2 53556 25 53636 22 53668 2 53699 3 53714 70 53789 5 53811 26 53890 24 53924 3 53955 3 53968 71 54045 7 54057 6 54065 17 54087 5 54146 24 54180 3 54210 6 54223 49 54273 21 54301 9 54311 26 54402 25 54465 10 54478 50 54530 19 54557 36 54659 5 54668 15 54721 63 54787 17 54813 34 54904 4 54916 3 54925 15 54977 63 55045 14 55069 34 55106 4 55158 9 55172 3 55186 10 55233 63 55301 14 55326 41 55413 11 55428 3 55442 11 55490 62 55557 13 55582 43 55667 15 55684 2 55698 11 55746 62 55813 2 55822 4 55839 43 55892 1 55923 21 55955 11 56002 62 56095 45 56147 2 56178 22 56211 11 56258 62 56351 47 56401 4 56435 20 56459 3 56466 12 56514 62 56607 54 56693 14 56714 6 56722 13 56770 62 56863 54 56950 2 56953 3 56968 8 56979 11 57025 63 57120 53 57224 9 57235 10 57281 63 57376 54 57455 2 57479 9 57492 6 57537 63 57632 54 57710 4 57733 11 57748 5 57792 67 57889 54 57965 4 57984 16 58004 4 58048 70 58145 54 58220 5 58239 17 58261 2 58303 72 58400 55 58476 4 58495 19 58518 1 58559 72 58656 55 58733 2 58751 19 58814 74 58911 57 59006 21 59038 2 59070 74 59167 60 59262 22 59293 4 59325 75 59423 60 59519 21 59548 7 59580 76 59665 2 59679 60 59762 3 59775 21 59803 12 59835 78 59920 3 59935 60 60018 2 60032 20 60058 22 60090 80 60176 4 60184 3 60191 58 60273 3 60288 20 60313 26 60345 82 60431 74 60530 1 60544 20 60568 31 60602 154 60758 3 60780 4 60800 19 60823 33 60860 159 61036 4 61056 19 61079 34 61118 159 61291 7 61313 17 61335 34 61375 158 61546 8 61571 15 61591 10 61603 24 61632 159 61802 9 61828 13 61847 9 61860 26 61888 159 62057 11 62085 26 62116 188 62312 13 62342 24 62372 188 62568 6 62575 6 62601 3 62606 16 62628 177 62810 7 62824 6 62832 5 62862 15 62884 177 63067 6 63080 4 63090 3 63118 15 63140 178 63323 6 63336 3 63346 4 63376 10 63389 7 63398 176 63580 4 63604 1 63634 8 63647 5 63655 175 63838 1 63893 4 63903 5 63912 173 64090 3 64148 4 64159 182 64345 4 64404 4 64416 181 64601 5 64659 4 64671 182 64857 5 64914 4 64927 182 65113 4 65170 4 65183 181 65369 3 65426 4 65432 1 65438 98
500314,66 12 102 1 323 10 342 1 580 9 598 1 614 3 837 6 852 3 870 3 1094 4 1108 3 1126 3 1364 3 1382 3 1620 3 1878 3 2136 1 2392 1 2781 5 3035 9 3290 10 3539 18 3793 21 4047 23 4302 24 4557 25 4812 26 5068 9 5078 16 5323 9 5335 15 5579 8 5591 15 5834 9 5846 15 6090 8 6102 12 6160 2 6346 7 6357 10 6415 4 6601 8 6612 10 6671 4 6857 8 6868 9 7113 8 7124 6 7369 8 7382 2 7625 8 7799 3 7881 8 8053 7 8138 7 8308 10 8394 6 8564 11 8651 5 8820 11 8907 5 9076 12 9162 7 9332 12 9414 11 9588 12 9669 12 9844 13 9924 14 10100 13 10180 14 10330 4 10356 13 10436 14 10584 7 10611 15 10694 12 10839 9 10866 17 10953 9 11095 8 11123 19 11210 8 11351 8 11379 21 11467 6 11608 8 11636 23 11724 4 11864 9 11893 23 12120 9 12149 22 12375 11 12405 21 12468 5 12630 13 12662 20 12723 7 12749 1 12886 13 12920 4 12925 13 12979 7 12993 3 13141 15 13184 11 13237 1 13248 6 13396 16 13441 11 13504 6 13651 17 13698 11 13761 4 13903 21 13954 11 14018 2 14155 25 14210 11 14408 27 14467 10 14662 28 14723 8 14917 28 14979 7 15172 28 15237 4 15428 27 15685 25 15942 18 15964 1 16004 1 16200 16 16259 4 16458 13 16515 4 16534 5 16716 11 16772 4 16790 5 16973 9 17029 4 17045 7 17233 3 17301 6 17557 5 17567 1 17822 4 17951 3 18064 4 18078 5 18206 6 18319 6 18335 4 18461 8 18518 1 18574 7 18591 4 18717 9 18768 9 18830 8 18973 10 19023 10 19085 10 19151 10 19162 1 19229 10 19278 11 19342 10 19405 5 19414 6 19486 9 19534 11 19598 10 19660 6 19671 5 19742 10 19789 12 19854 10 19916 4 19930 2 19998 10 20045 12 20111 9 20171 5 20186 2 20255 10 20302 11 20367 9 20426 6 20511 11 20558 11 20624 7 20682 6 20768 11 20814 11 20881 5 20937 7 21025 10 21071 9 21192 8 21282 9 21329 6 21449 7 21539 8 21705 8 21767 5 21796 6 21963 5 22022 12 22053 4 22220 4 22277 14 22532 16 22787 18 23042 19 23297 20 23553 20 23808 23 24064 12 24078 10 24263 3 24268 4 24320 11 24336 8 24517 4 24527 2 24576 11 24592 8 24678 9 24772 4 24783 4 24832 11 24848 8 24934 10 25028 4 25040 2 25088 10 25104 8 25189 13 25284 3 25344 10 25360 8 25445 16 25543 2 25600 10 25615 8 25679 4 25700 18 25799 9 25856 9 25871 8 25935 5 25956 18 26055 9 26112 7 26127 7 26190 8 26213 17 26312 8 26368 5 26383 6 26447 10 26470 17 26569 8 26624 4 26639 5 26703 12 26727 16 26826 7 26847 4 26880 4 26895 4 26959 11 26984 15 27082 10 27102 6 27136 5 27151 4 27216 8 27241 13 27338 12 27358 6 27392 5 27473 4 27497 13 27565 6 27594 13 27614 7 27643 1 27648 6 27754 11 27820 8 27851 13 27871 7 27896 6 27904 8 28017 4 28075 10 28107 14 28127 6 28147 11 28160 10 28274 6 28329 12 28364 13 28383 6 28402 13 28416 14 28530 7 28583 14 28621 13 28640 4 28657 12 28670 18 28785 10 28838 15 28878 12 28897 3 28913 11 28927 17 29038 18 29093 16 29134 12 29167 9 29184 18 29292 21 29349 16 29390 12 29421 11 29440 20 29548 4 29553 16 29605 16 29646 12 29677 10 29696 5 29706 12 29790 3 29810 16 29861 15 29903 11 29932 11 29948 3 29953 1 29963 12 30045 6 30068 5 30075 7 30117 15 30160 8 30188 11 30203 4 30219 12 30299 8 30332 6 30373 12 30417 4 30444 13 30458 5 30476 1 30480 8 30554 9 30570 1 30589 5 30630 8 30700 19 30731 1 30739 7 30809 10 30826 2 30846 4 30956 19 30985 4 30996 7 31065 10 31082 2 31102 4 31212 19 31241 4 31253 6 31321 10 31338 3 31358 4 31468 20 31497 4 31510 6 31578 9 31594 3 31614 5 31725 18 31767 5 31835 9 31852 1 31870 5 31982 17 32024 2 32092 8 32126 4 32237 18 32297 5 32348 8 32382 3 32493 17 32552 7 32565 8 32605 8 32748 17 32807 8 32819 10 32861 8 33004 16 33065 19 33118 6 33260 16 33291 2 33295 4 33323 17 33375 4 33516 16 33546 9 33580 15 33775 12 33802 10 33836 15 33974 4 34033 8 34058 10 34093 14 34229 6 34314 11 34349 14 34484 8 34572 9 34605 14 34654 5 34740 9 34830 6 34861 14 34910 7 34996 10 35086 6 35118 12 35166 9 35252 11 35341 6 35374 12 35422 10 35508 12 35588 2 35596 6 35631 10 35678 11 35764 12 35843 4 35853 5 35889 5 35935 10 36020 13 36099 4 36108 5 36147 2 36195 6 36276 12 36356 5 36363 4 36404 1 36446 2 36453 4 36532 12 36613 4 36651 2 36660 1 36701 3 36710 1 36730 3 36788 10 36890 3 36905 5 36916 1 36956 4 36984 7 36997 3 37030 7 37046 2 37147 2 37160 6 37172 1 37211 4 37240 8 37252 6 37264 7 37284 10 37404 1 37414 9 37428 2 37467 4 37497 8 37508 7 37518 12 37537 16 37554 3 37669 10 37684 3 37724 3 37753 19 37774 13 37793 21 37925 10 37940 3 37981 2 38009 19 38029 14 38049 22 38180 11 38197 1 38265 27 38293 6 38305 23 38427 2 38435 11 38522 16 38541 5 38549 5 38561 23 38682 4 38690 11 38778 15 38797 4 38805 4 38818 23 38938 4 38945 12 39033 3 39037 11 39053 3 39062 3 39075 22 39194 3 39201 10 39296 2 39309 2 39318 2 39333 21 39451 2 39457 9 39531 2 39566 1 39591 21 39633 1 39706 4 39712 9 39786 4 39809 2 39822 1 39849 22 39886 6 39935 1 39962 15 40040 7 40065 3 40077 3 40106 23 40141 9 40190 2 40218 15 40294 6 40301 2 40321 3 40332 5 40370 15 40396 10 40446 2 40473 16 40549 7 40557 2 40568 1 40576 4 40588 6 40597 3 40627 14 40651 12 40702 2 40729 16 40804 12 40824 2 40833 3 40843 13 40883 14 40907 12 40958 2 40985 16 41060 14 41080 2 41091 27 41139 13 41163 12 41214 2 41241 16 41316 16 41336 2 41347 14 41367 9 41395 12 41419 12 41471 1 41497 16 41571 18 41603 12 41623 10 41650 12 41676 9 41753 15 41827 19 41859 11 41879 10 41906 11 41933 6 42010 13 42083 19 42116 10 42135 10 42161 11 42191 1 42267 11 42339 19 42372 9 42391 8 42418 8 42524 10 42595 20 42631 4 42648 6 42674 4 42782 8 42852 19 42904 6 42959 2 43039 7 43108 20 43161 3 43214 3 43296 5 43364 8 43374 15 43470 3 43616 1 43620 1 43623 5 43631 20 43689 4 43726 3 43815 3 43872 2 43876 2 43879 7 43887 4 43893 15 43944 6 43981 3 44070 6 44128 2 44132 14 44151 13 44201 6 44235 5 44326 7 44389 13 44407 13 44458 6 44489 7 44582 7 44647 10 44663 14 44702 3 44716 5 44744 8 44837 9 44903 6 44920 13 44958 4 44973 5 44999 10 45091 12 45160 4 45176 13 45214 4 45230 6 45254 11 45345 15 45417 2 45433 11 45450 5 45470 5 45486 6 45509 12 45600 16 45690 10 45706 5 45727 3 45742 6 45765 12 45855 17 45946 10 45962 5 46001 3 46020 13 46111 16 46202 10 46217 7 46276 12 46367 16 46458 10 46473 7 46499 2 46532 11 46623 14 46644 3 46713 12 46728 8 46754 4 46788 10 46879 8 46889 2 46898 6 46969 22 47010 4 47044 10 47136 6 47153 7 47225 22 47266 3 47300 9 47393 5 47409 7 47480 22 47522 3 47537 1 47540 2 47557 7 47649 7 47664 9 47737 21 47778 3 47790 17 47816 3 47906 7 47919 10 47993 20 48033 3 48045 18 48165 21 48253 16 48301 17 48320 1 48423 20 48509 15 48557 17 48576 1 48681 4 48688 12 48765 12 48813 18 48832 1 48945 12 49021 11 49069 18 49201 14 49277 10 49326 17 49457 14 49533 10 49582 16 49712 15 49791 8 49840 14 49968 15 50049 6 50097 12 50114 8 50223 16 50259 4 50306 6 50353 5 50360 4 50369 9 50479 14 50513 7 50562 6 50612 2 50617 3 50625 10 50736 10 50768 10 50818 6 50867 8 50881 9 50992 9 51023 15 51074 5 51123 8 51137 9 51250 6 51279 16 51331 2 51377 11 51394 9 51508 3 51521 8 51534 18 51633 11 51657 5 51774 35 51864 2 51870 6 51884 2 51888 12 51912 8 51961 1 52028 38 52120 2 52124 10 52139 18 52167 10 52215 6 52283 39 52375 1 52379 32 52421 12 52469 10 52537 42 52630 2 52634 32 52676 13 52725 11 52792 43 52886 2 52890 31 52932 9 52981 11 53047 45 53146 31 53187 10 53238 10 53302 46 53401 17 53421 11 53444 9 53494 10 53557 10 53569 36 53657 17 53678 9 53700 9 53745 1 53751 9 53812 11 53826 35 53913 17 53934 9 53956 8 54000 4 54008 7 54068 11 54082 36 54170 15 54189 10 54212 8 54256 4 54264 6 54324 12 54338 36 54425 14 54444 14 54468 8 54512 3 54523 1 54580 1 54585 46 54680 12 54699 15 54724 7 54735 1 54841 46 54935 9 54955 16 54981 5 55098 46 55190 10 55210 18 55239 3 55352 48 55446 10 55466 16 55598 5 55607 51 55702 11 55714 1 55723 15 55853 61 55958 11 55980 14 56108 62 56215 7 56238 13 56364 61 56498 10 56620 60 56754 11 56876 58 57009 13 57132 52 57257 3 57264 16 57295 2 57388 5 57395 45 57513 4 57520 17 57549 4 57652 45 57737 3 57769 5 57775 18 57804 4 57908 45 57992 5 58025 5 58032 16 58060 4 58165 3 58169 40 58247 6 58281 6 58288 15 58315 4 58422 1 58425 44 58476 3 58501 9 58538 5 58545 13 58571 3 58650 2 58682 44 58732 3 58756 10 58794 6 58802 5 58827 2 58906 4 58938 45 58986 5 59011 10 59051 6 59058 4 59162 4 59194 46 59241 5 59266 10 59308 7 59418 3 59451 50 59522 9 59565 4 59708 49 59777 9 59822 2 59968 46 60032 10 60228 43 60288 3 60293 6 60375 1 60384 3 60484 43 60544 2 60550 6 60624 5 60639 5 60741 43 60807 7 60877 9 60894 7 60936 10 60947 1 60996 45 61061 9 61133 4 61138 4 61150 7 61191 15 61252 31 61286 12 61316 10 61387 4 61405 9 61447 17 61512 26 61543 11 61570 12 61641 6 61661 8 61702 19 61770 24 61800 2 61807 2 61825 14 61884 4 61896 5 61917 6 61930 2 61959 18 62026 23 62056 1 62081 14 62140 4 62151 5 62173 6 62184 4 62215 19 62283 15 62336 15 62395 5 62406 6 62429 1 62433 1 62438 7 62471 19 62502 6 62539 15 62564 4 62592 16 62653 2 62663 4 62694 8 62727 19 62755 13 62795 15 62820 4 62849 15 62919 4 62950 9 62960 6 62984 19 63010 15 63051 16 63076 3 63105 15 63159 2 63175 2 63208 16 63240 19 63264 17 63307 18 63329 3 63361 14 63413 4 63465 16 63498 19 63519 19 63565 17 63585 3 63617 14 63669 4 63722 15 63756 38 63821 19 63841 2 63873 1 63875 11 63925 3 63953 1 63978 16 64013 37 64078 16 64095 2 64134 7 64194 2 64208 3 64234 16 64270 37 64335 5 64344 6 64352 1 64391 5 64449 4 64463 6 64490 16 64526 37 64602 4 64608 1 64648 4 64657 4 64705 5 64719 5 64745 16 64782 37 64858 5 64906 1 64912 6 64961 5 64976 4 65001 15 65038 37 65168 7 65217 6 65233 1 65257 13 65294 16 65311 21 65423 9 65474 5 65511 13
504868,0 59732 59736 252 59993 251 60249 252 60504 253 60759 255 61015 3847 64863 255 65119 18 65139 234 65375 12 65396 140
513583,34 23 142 10 176 5 210 2 235 11 287 25 399 8 431 5 466 2 492 11 539 29 656 7 687 4 722 2 748 12 793 29 943 3 975 6 1005 11 1048 30 1230 8 1261 12 1302 32 1465 2 1486 8 1517 12 1534 2 1555 35 1719 5 1741 9 1760 2 1773 12 1790 2 1810 36 1974 7 1998 7 2016 4 2030 11 2047 1 2066 36 2230 7 2254 5 2271 5 2286 10 2322 35 2486 8 2511 3 2525 7 2543 9 2578 35 2739 1 2743 7 2767 3 2781 7 2800 6 2835 32 2994 3 3001 4 3023 3 3038 6 3059 1 3097 25 3249 4 3280 3 3295 5 3355 22 3505 2 3617 16 3676 1 3774 4 3795 2 3837 3 3878 11 3928 6 4029 6 4050 5 4093 3 4136 8 4183 8 4285 6 4306 6 4348 4 4393 6 4438 9 4518 2 4541 6 4562 6 4604 4 4651 2 4684 1 4693 9 4728 3 4771 5 4798 4 4818 7 4859 5 4940 1 4943 2 4950 8 4983 5 5027 5 5060 2 5074 7 5115 5 5121 7 5196 6 5206 8 5237 8 5284 4 5316 2 5330 6 5371 14 5434 3 5454 3 5463 7 5492 10 5573 1 5586 6 5626 16 5689 4 5710 1 5721 6 5748 10 5840 7 5883 15 5944 5 5966 1 5978 5 6003 12 6093 9 6139 16 6199 6 6222 1 6235 4 6259 13 6348 9 6375 1 6396 15 6455 5 6491 3 6515 15 6604 8 6656 11 6710 5 6748 2 6770 17 6860 7 6913 9 6927 5 6965 5 7026 17 7116 6 7170 7 7183 6 7220 6 7282 18 7372 6 7428 5 7439 5 7476 7 7539 17 7629 5 7695 4 7732 7 7796 16 7887 3 7988 9 8026 1 8052 17 8131 3 8244 9 8281 2 8308 5 8322 4 8387 3 8429 2 8499 10 8537 2 8579 3 8642 5 8684 4 8755 10 8836 3 8897 5 8939 4 9004 1 9011 10 9152 6 9175 7 9196 2 9258 6 9267 10 9358 3 9407 6 9430 8 9514 20 9535 2 9613 5 9664 3 9685 9 9770 26 9868 6 9942 9 10026 26 10066 1 10076 3 10124 6 10199 8 10282 26 10321 4 10330 5 10380 6 10457 6 10510 1 10538 25 10576 6 10586 5 10636 6 10715 4 10752 2 10764 4 10794 25 10832 6 10841 6 10892 5 10971 3 11019 6 11051 24 11088 6 11097 6 11136 1 11149 4 11160 3 11229 1 11275 6 11307 24 11343 7 11353 6 11391 2 11407 3 11414 7 11509 1 11531 5 11565 22 11600 15 11664 2 11667 11 11764 2 11786 5 11822 21 11858 13 11921 13 12019 3 12043 3 12079 21 12115 11 12177 13 12299 3 12335 22 12371 7 12379 3 12385 3 12433 13 12554 3 12592 21 12628 17 12689 13 12810 3 12852 17 12884 18 12946 12 13066 1 13109 18 13138 21 13203 11 13248 6 13345 5 13366 7 13376 8 13393 22 13463 6 13502 9 13601 5 13623 6 13633 8 13648 24 13674 3 13722 3 13755 13 13839 1 13846 2 13857 6 13879 6 13889 9 13904 31 14011 13 14101 4 14113 6 14135 8 14145 9 14160 12 14175 16 14237 5 14270 10 14356 5 14369 6 14391 19 14416 12 14431 7 14440 7 14493 6 14534 2 14612 4 14626 5 14648 17 14672 11 14687 6 14698 3 14748 7 14860 1 14868 3 14904 16 14930 9 14944 4 15003 8 15162 13 15187 7 15202 1 15259 7 15419 11 15446 2 15515 7 15564 2 15659 4 15675 11 15771 7 15820 2 15905 3 15914 6 15931 11 16028 4 16076 3 16161 3 16171 4 16187 10 16238 3 16332 3 16416 4 16428 3 16443 10 16492 5 16588 3 16634 4 16685 2 16701 7 16749 4 16844 3 16888 7 16942 1 16958 6 17006 1 17100 3 17141 11 17216 3 17396 12 17651 13 17703 3 17907 13 17958 7 17969 3 18163 13 18214 9 18225 4 18419 13 18462 3 18470 15 18676 12 18718 4 18725 16 18933 11 18974 5 18981 7 18991 6 19191 9 19232 2 19238 6 19247 5 19448 8 19496 3 19503 4 19705 7 19758 3 19823 2 19963 5 20013 3 20078 3 20269 2 20524 1 20594 1 20780 1 21680 3 21808 1 21936 3 22044 1 22063 3 22190 10 22319 3 22446 9 22562 1 22574 3 22701 9 22816 7 22956 9 23072 9 23211 10 23327 10 23468 9 23582 12 23721 1 23724 8 23793 6 23838 12 23981 7 24048 8 24064 5 24093 14 24235 1 24238 5 24303 9 24320 5 24349 14 24450 2 24496 1 24559 9 24576 6 24605 13 24706 3 24814 10 24832 7 24861 12 24962 3 25020 2 25071 1 25074 6 25088 8 25116 12 25218 3 25258 2 25275 4 25331 3 25344 9 25371 12 25472 5 25530 5 25598 11 25626 13 25714 6 25727 6 25786 5 25853 3 25857 2 25861 4 25882 12 25969 7 25983 9 26043 4 26111 1 26118 4 26138 12 26224 27 26372 6 26394 11 26480 31 26627 7 26652 8 26735 33 26882 9 26909 6 26991 33 27136 11 27167 4 27247 21 27269 12 27392 11 27502 22 27525 12 27648 3 27654 5 27758 21 27781 13 27904 3 27911 3 27972 2 28014 21 28038 13 28160 2 28167 3 28226 5 28270 21 28295 13 28416 2 28423 2 28482 6 28525 22 28550 14 28672 4 28679 2 28738 6 28780 16 28797 4 28806 14 28928 9 28995 4 29035 15 29054 5 29062 14 29184 8 29251 3 29291 13 29310 6 29317 15 29440 8 29508 1 29547 12 29565 23 29696 8 29803 11 29821 23 29902 2 29952 9 30059 11 30076 9 30089 1 30091 9 30208 10 30316 11 30330 10 30346 9 30383 4 30395 5 30464 10 30573 11 30585 11 30603 9 30637 8 30649 9 30720 11 30741 4 30831 19 30859 9 30892 23 30976 10 30994 1 30996 5 31087 18 31114 10 31147 23 31232 9 31251 6 31343 13 31370 9 31403 23 31488 8 31508 5 31600 16 31626 9 31659 23 31744 7 31765 3 31856 8 31865 11 31880 11 31915 23 32000 8 32113 5 32122 11 32136 5 32172 22 32201 1 32256 10 32292 4 32332 1 32370 3 32378 16 32430 20 32457 3 32512 11 32547 5 32635 15 32689 10 32702 4 32712 4 32769 12 32803 5 32879 3 32892 13 32948 7 32967 5 32985 2 33027 11 33058 5 33135 2 33148 13 33204 6 33223 4 33240 3 33284 14 33314 5 33362 1 33405 12 33461 4 33479 5 33496 2 33542 13 33571 3 33617 3 33662 10 33717 3 33752 3 33799 12 33873 3 33920 8 34008 4 34056 11 34124 1 34129 4 34177 7 34264 4 34314 9 34379 10 34422 1 34433 7 34520 4 34571 8 34588 3 34634 11 34689 7 34777 2 34828 6 34843 5 34890 11 34915 4 34940 2 34945 5 35033 1 35085 4 35100 4 35147 10 35170 5 35195 11 35356 4 35404 9 35426 5 35450 12 35463 3 35494 2 35614 1 35617 1 35665 3 35682 5 35706 12 35749 3 35758 1 35872 3 35890 4 35939 2 35962 12 36005 3 36013 2 36128 3 36146 4 36218 12 36270 1 36383 5 36401 5 36455 3 36475 11 36639 6 36658 3 36711 4 36731 11 36895 6 36914 1 36967 4 36988 10 37086 3 37151 6 37223 5 37244 10 37341 5 37408 4 37479 5 37500 10 37596 6 37735 5 37757 9 37851 7 37991 5 38014 7 38107 7 38247 4 38272 3 38362 7 38611 4 38618 7 38767 2 38866 5 38875 4 39024 3 39121 6 39280 4 39376 6 39537 3 39632 6 39794 1 39830 1 39861 1 39887 7 40040 4 40115 6 40143 8 40295 7 40370 7 40399 10 40551 10 40596 2 40627 6 40639 3 40655 15 40807 11 40851 3 40879 1 40884 6 40895 4 40912 17 41063 11 41106 5 41136 1 41141 5 41152 4 41169 17 41319 12 41360 7 41399 2 41410 2 41428 13 41575 11 41588 1 41615 8 41667 2 41685 12 41831 11 41844 1 41871 7 41923 3 41942 10 42086 13 42128 5 42169 1 42180 2 42200 6 42341 12 42424 3 42436 2 42458 2 42596 12 42681 3 42852 10 42937 3 43107 11 43194 1 43363 11 43376 1 43619 14 43718 4 43875 14 43972 7 44131 14 44228 7 44387 14 44460 4 44484 7 44643 14 44716 5 44739 7 44899 14 44969 9 44995 6 45156 13 45227 6 45251 5 45273 1 45412 13 45527 5 45669 7 45781 9 45926 4 46035 12 46291 13 46459 5 46547 14 46714 8 46803 16 46970 9 47020 4 47059 17 47225 11 47272 10 47316 17 47480 12 47526 12 47573 15 47732 16 47781 14 47830 13 47987 16 48036 15 48087 10 48243 15 48292 15 48344 9 48494 1 48499 14 48524 1 48550 12 48600 8 48750 2 48753 17 48809 7 48856 9 49005 21 49113 8 49260 22 49370 6 49516 22 49627 4 49675 1 49771 23 49931 2 50000 2 50027 23 50256 3 50282 23 50511 5 50539 22 50649 3 50766 6 50796 23 50900 9 51022 6 51054 25 51096 3 51133 6 51155 11 51279 4 51311 25 51351 5 51389 6 51411 11 51535 4 51568 25 51606 7 51647 1 51650 1 51658 2 51666 12 51792 2 51826 22 51862 6 51886 2 51912 5 51922 11 52048 1 52082 22 52118 6 52141 8 52168 6 52177 11 52339 20 52373 7 52398 8 52417 1 52424 20 52595 20 52628 8 52655 8 52673 1 52680 19 52851 18 52885 8 52915 3 52936 19 53108 16 53141 8 53192 19 53366 11 53398 6 53448 18 53501 3 53628 2 53654 5 53704 18 53756 4 53883 3 53909 6 53960 17 54010 6 54138 4 54155 2 54165 6 54216 17 54265 7 54394 5 54420 6 54477 13 54521 7 54650 5 54676 6 54733 13 54777 7 54905 7 54931 7 54974 5 54989 14 55013 3 55033 7 55161 7 55186 8 55228 8 55245 14 55267 12 55289 7 55417 9 55442 7 55476 2 55484 8 55500 15 55522 13 55536 2 55545 7 55674 9 55698 7 55731 3 55739 9 55756 16 55775 14 55792 4 55801 7 55931 11 55944 1 55953 7 55987 2 55994 10 56012 35 56048 4 56057 7 56188 14 56209 6 56249 11 56267 42 56313 7 56444 13 56466 5 56505 10 56523 38 56562 4 56569 7 56622 1 56701 11 56723 4 56761 10 56780 37 56818 5 56826 6 56958 10 56979 4 57017 8 57036 37 57074 5 57082 6 57216 8 57236 3 57274 6 57293 36 57330 7 57340 4 57474 6 57532 2 57550 50 57730 6 57771 2 57811 45 57987 5 58027 4 58069 43 58245 1 58283 5 58328 40 58539 5 58584 40 58795 6 58841 39 59051 6 59096 40 59307 5 59352 40 59565 3 59608 40 59850 1 59864 40 60106 2 60120 40 60363 1 60376 40 60633 39 60895 33 61151 33 61407 4 61412 28 61456 3 61663 33 61712 3 61919 33 61969 1 62173 35 62429 6 62436 28 62535 4 62656 4 62684 7 62692 28 62790 13 62892 2 62911 6 62940 7 62950 23 63045 15 63148 1 63167 5 63197 6 63204 25 63300 17 63391 1 63403 1 63423 5 63455 4 63460 25 63556 18 63646 2 63681 2 63713 2 63716 26 63811 19 63902 2 63972 27 64067 22 64228 27 64323 24 64483 29 64579 25 64740 28 64835 26 64997 27 65091 26 65258 22 65348 25 65435 1 65516 20
516869,0 65536
521139,0 65536
524214,0 55039 55040 255 55296 767 56064 255 56320 255 56576 255 56832 254 57088 252 57344 253 57599 4608 62208 254 62464 254 62720 254 62976 254 63232 254 63488 255 63744 255 64000 1536
529350, 
534313,0 3 8 15 33 2 49 5 78 3 171 15 208 3 256 3 264 15 290 1 301 10 336 1 427 16 463 5 512 3 519 16 545 2 556 11 683 16 719 5 768 3 774 18 800 4 809 14 910 3 939 16 975 5 1024 25 1056 5 1064 16 1165 5 1195 16 1231 4 1254 4 1280 25 1312 6 1320 16 1420 8 1451 15 1488 2 1500 15 1536 26 1568 6 1577 16 1675 9 1707 15 1755 17 1792 8 1803 16 1823 7 1838 11 1930 11 1963 14 2010 18 2049 7 2059 16 2079 7 2095 9 2186 12 2220 12 2266 19 2305 8 2315 16 2336 7 2350 9 2442 12 2477 11 2522 19 2561 8 2571 15 2592 6 2600 12 2698 13 2733 10 2778 19 2817 25 2848 3 2856 13 2954 13 2990 8 3034 20 3073 25 3103 4 3112 13 3211 12 3246 7 3267 2 3291 19 3330 24 3359 4 3368 14 3468 11 3503 4 3522 5 3550 17 3588 22 3614 5 3624 14 3725 10 3778 6 3807 16 3845 21 3870 6 3880 15 3982 10 4034 7 4064 16 4102 20 4126 7 4136 14 4238 19 4289 9 4321 15 4359 19 4382 7 4391 12 4493 21 4544 13 4584 7 4616 17 4637 9 4647 11 4749 22 4799 15 4841 5 4872 18 4893 9 4905 8 5005 23 5055 6 5062 16 5081 3 5128 18 5149 8 5161 7 5261 24 5312 6 5321 21 5384 28 5416 8 5517 24 5568 6 5578 27 5632 3 5640 26 5671 8 5774 23 5825 5 5834 27 5888 5 5897 23 5926 9 6029 23 6081 5 6090 26 6144 5 6153 22 6181 9 6285 22 6338 4 6347 24 6400 6 6411 18 6437 8 6498 3 6541 5 6549 13 6595 3 6603 22 6656 6 6668 17 6693 8 6752 11 6798 2 6807 11 6834 3 6851 4 6859 15 6877 2 6912 6 6923 19 6949 8 7008 13 7063 10 7088 9 7108 4 7115 13 7168 7 7179 19 7204 11 7227 2 7255 4 7263 17 7289 2 7319 9 7344 12 7364 5 7370 14 7424 30 7460 13 7481 6 7509 27 7544 5 7574 9 7600 12 7620 21 7681 28 7715 14 7736 8 7765 28 7800 6 7830 9 7855 13 7876 21 7937 28 7970 16 7992 8 8020 30 8056 7 8086 8 8111 13 8131 23 8194 27 8226 7 8235 7 8247 10 8276 30 8312 8 8342 7 8367 11 8386 25 8450 13 8473 4 8482 5 8494 3 8502 11 8532 31 8569 6 8598 6 8624 9 8642 26 8707 12 8731 3 8739 3 8757 13 8788 32 8826 4 8855 4 8881 8 8898 26 8964 11 8987 4 9012 16 9044 32 9138 6 9155 25 9221 10 9243 4 9267 18 9301 31 9396 2 9413 23 9479 10 9522 19 9557 30 9671 19 9736 10 9778 20 9813 30 9934 10 9991 11 10035 20 10069 29 10191 5 10247 12 10293 18 10325 29 10503 11 10533 3 10553 14 10581 28 10759 11 10787 6 10810 14 10838 27 11015 11 11042 8 11067 7 11076 5 11094 26 11271 10 11298 8 11323 6 11333 5 11351 24 11528 9 11553 8 11579 5 11589 13 11607 22 11784 9 11810 7 11835 4 11845 15 11864 20 12041 7 12068 2 12090 6 12101 16 12121 19 12299 4 12345 8 12356 18 12377 19 12600 30 12633 19 12855 53 13110 26 13138 26 13366 25 13395 25 13621 27 13649 13 13663 14 13877 15 13893 24 13920 13 14132 40 14176 13 14388 40 14432 14 14645 39 14687 14 14902 2 14907 32 14943 14 15164 14 15181 11 15199 14 15420 13 15437 10 15456 13 15656 3 15677 9 15693 9 15712 13 15906 11 15920 5 15936 5 15950 8 15968 12 16161 20 16207 6 16225 11 16416 21 16464 4 16482 10 16672 21 16746 1 16927 22 17181 24 17435 26 17691 26 17915 5 17947 26 18169 12 18203 25 18424 14 18462 22 18679 15 18718 22 18935 15 18962 4 18975 21 19191 13 19216 13 19231 21 19448 10 19464 22 19487 21 19704 9 19719 46 19961 7 19974 47 20217 7 20230 48 20473 7 20486 49 20715 3 20725 4 20742 50 20970 5 20980 6 20999 49 21225 8 21234 9 21253 52 21481 18 21508 53 21736 20 21763 54 21993 19 22018 34 22053 20 22249 20 22274 34 22311 3 22315 13 22506 19 22529 35 22568 1 22575 8 22763 21 22785 35 22823 4 23020 20 23042 33 23079 4 23096 3 23279 17 23300 31 23334 5 23351 6 23501 4 23533 19 23557 30 23589 5 23606 9 23756 6 23789 19 23821 22 23845 4 23860 11 24012 6 24045 19 24079 19 24102 2 24115 13 24268 5 24301 19 24336 19 24371 12 24524 5 24557 19 24594 17 24627 11 24779 5 24814 18 24852 15 24883 10 25031 9 25062 4 25073 2 25080 8 25109 14 25140 9 25220 4 25283 13 25309 15 25336 8 25365 14 25397 7 25476 4 25538 13 25564 16 25592 8 25621 14 25654 6 25731 6 25792 14 25819 18 25848 8 25878 12 25910 6 25987 5 26048 14 26075 18 26105 7 26134 12 26167 4 26243 5 26303 15 26331 19 26362 6 26391 10 26500 4 26560 14 26586 20 26619 5 26650 5 26756 4 26816 15 26841 21 26879 1 26906 4 27073 13 27097 22 27161 4 27285 2 27332 4 27338 4 27354 25 27418 2 27611 27 27868 27 28124 30 28381 30 28588 3 28637 30 28842 6 28894 29 29097 7 29150 28 29352 8 29407 2 29412 22 29608 7 29670 19 29864 4 29926 19 30183 17 30232 4 30440 16 30487 7 30697 15 30742 10 30955 10 30997 11 31213 4 31253 12 31508 14 31764 21 32020 23 32276 24 32532 25 32788 26 33045 25 33302 24 33557 25 33812 9 33823 15 34067 9 34080 14 34322 9 34338 2 34343 8 34578 9 34600 7 34834 8 34856 8 35090 8 35112 8 35344 1 35346 7 35368 7 35600 1 35606 1 35618 13 35851 5 35873 14 35985 5 36107 4 36128 15 36240 8 36339 3 36364 1 36383 15 36495 10 36526 1 36594 7 36639 14 36751 10 36779 6 36849 10 36894 14 37007 10 37034 8 37104 12 37151 12 37263 13 37277 3 37288 10 37357 16 37391 2 37399 2 37407 10 37519 18 37543 11 37612 18 37654 4 37663 9 37776 18 37798 12 37868 19 37906 1 37909 5 37919 9 38032 19 38054 12 38123 21 38166 2 38175 8 38271 8 38288 20 38310 13 38380 20 38434 4 38525 13 38544 20 38566 14 38636 20 38779 17 38800 20 38823 13 38892 20 39034 42 39080 12 39148 20 39290 42 39337 11 39403 21 39545 44 39594 10 39658 22 39801 44 39850 10 39913 16 39932 4 40057 5 40065 37 40107 8 40169 14 40191 1 40312 7 40321 37 40364 7 40424 14 40567 47 40620 7 40680 13 40823 46 40878 4 40936 13 41079 45 41193 11 41245 3 41335 42 41449 11 41500 5 41590 43 41704 13 41756 6 41845 44 41961 12 42011 8 42100 46 42217 13 42268 7 42348 3 42356 46 42473 14 42524 7 42603 4 42611 48 42729 14 42780 7 42859 5 42867 48 42984 15 43037 5 43115 5 43121 50 43240 14 43294 3 43372 2 43375 52 43496 14 43605 6 43632 21 43657 26 43752 13 43769 2 43860 7 43873 4 43888 19 43914 25 44008 13 44024 7 44114 9 44128 6 44144 17 44171 24 44263 14 44278 10 44361 19 44383 7 44400 17 44428 23 44519 13 44534 10 44616 31 44655 20 44685 22 44764 2 44775 13 44790 10 44872 32 44910 21 44941 9 44953 10 44974 2 45019 4 45031 12 45045 11 45128 16 45149 12 45164 24 45198 8 45209 10 45228 5 45275 4 45290 8 45300 12 45384 15 45406 12 45419 25 45455 6 45465 9 45483 7 45531 4 45548 5 45556 12 45639 16 45664 10 45675 24 45712 4 45721 8 45737 10 45787 3 45805 4 45813 11 45889 2 45895 15 45921 3 45931 7 45940 15 45969 2 45978 6 45991 13 46043 3 46061 3 46069 11 46143 23 46199 11 46236 2 46246 16 46325 11 46398 24 46456 9 46502 17 46582 10 46637 2 46653 25 46687 4 46713 7 46758 18 46838 10 46892 11 46909 9 46919 7 46927 7 46940 8 46971 6 47014 19 47094 10 47147 15 47164 9 47177 3 47185 6 47197 7 47229 5 47270 20 47349 11 47403 25 47442 5 47453 7 47486 4 47493 4 47521 2 47527 23 47604 12 47659 25 47699 3 47709 8 47742 4 47749 4 47784 22 47859 13 47916 24 47956 1 47965 10 48005 4 48041 22 48114 14 48172 24 48221 14 48262 2 48299 8 48310 10 48370 14 48428 25 48477 15 48560 2 48566 17 48602 3 48626 14 48683 26 48734 14 48810 3 48823 18 48857 5 48883 13 48936 29 48990 14 49065 4 49080 4 49089 10 49113 5 49144 8 49189 31 49246 4 49251 9 49320 5 49337 2 49348 7 49369 6 49400 8 49444 32 49502 2 49508 8 49576 5 49607 4 49625 5 49657 7 49700 32 49765 6 49832 9 49882 4 49913 7 49956 32 50022 5 50088 10 50139 1 50169 7 50212 33 50252 2 50277 5 50339 1 50342 13 50382 5 50398 3 50425 7 50459 6 50467 34 50506 5 50533 5 50594 19 50635 9 50653 5 50681 7 50713 45 50761 6 50788 5 50849 22 50888 12 50909 5 50937 7 50957 2 50968 48 51017 6 51044 5 51105 23 51141 15 51164 6 51192 8 51213 3 51224 54 51299 3 51303 2 51361 23 51393 19 51420 6 51447 9 51469 3 51480 54 51554 4 51560 1 51617 23 51648 20 51675 6 51703 9 51725 3 51735 55 51810 2 51814 1 51860 4 51873 24 51903 7 51918 2 51931 5 51959 9 51981 3 51990 55 52066 2 52070 1 52115 6 52129 25 52158 7 52186 6 52214 10 52225 2 52237 3 52245 57 52323 4 52371 6 52385 25 52414 5 52435 1 52443 4 52470 17 52501 57 52580 1 52628 5 52641 25 52670 5 52690 3 52700 3 52726 18 52756 59 52885 4 52898 25 52926 4 52945 5 52957 11 52983 17 53012 60 53143 1 53145 2 53157 22 53201 5 53213 13 53240 16 53268 61 53413 22 53456 6 53469 14 53495 17 53524 62 53669 21 53711 7 53724 15 53751 16 53780 63 53924 22 53948 4 53963 11 53980 19 54006 10 54036 64 54179 9 54190 12 54203 5 54215 15 54236 20 54260 12 54294 62 54435 10 54446 19 54466 19 54493 35 54551 63 54692 9 54706 33 54748 36 54807 63 54948 10 54962 32 55003 37 55063 63 55205 9 55219 14 55234 15 55252 44 55319 63 55461 9 55473 16 55490 29 55522 30 55568 62 55631 7 55717 9 55728 17 55746 29 55779 29 55823 63 55888 2 55892 1 55974 9 55984 16 56002 6 56010 21 56035 25 56065 77 56230 26 56258 5 56272 15 56291 24 56321 76 56485 27 56514 4 56529 14 56546 26 56576 77 56740 27 56771 3 56785 43 56833 76 56995 26 57028 2 57050 35 57089 77 57251 24 57280 2 57307 34 57347 74 57507 23 57535 4 57563 34 57603 6 57613 59 57674 3 57763 21 57791 5 57820 33 57859 7 57869 58 58019 10 58034 5 58047 5 58073 35 58116 6 58125 55 58276 8 58303 8 58329 16 58353 10 58373 6 58381 55 58532 8 58558 10 58584 17 58610 8 58629 63 58726 1 58748 4 58789 6 58814 11 58840 17 58867 5 58884 64 59004 3 59046 5 59070 10 59087 5 59096 18 59140 10 59151 54 59260 3 59303 4 59325 11 59341 8 59353 19 59395 11 59409 52 59559 3 59581 6 59597 8 59608 22 59649 13 59666 12 59679 38 59816 3 59836 7 59853 8 59864 23 59904 13 59924 9 59939 33 60072 3 60092 8 60109 8 60121 12 60134 9 60160 12 60180 8 60199 29 60328 4 60348 8 60365 8 60377 11 60392 7 60416 11 60436 7 60455 29 60487 2 60584 4 60603 8 60622 6 60635 8 60649 5 60672 9 60692 7 60711 4 60717 23 60742 3 60839 6 60859 7 60879 4 60895 2 60906 3 60928 8 60947 6 60966 6 60973 22 60999 2 61096 5 61115 7 61184 7 61202 6 61221 13 61236 15 61255 2 61352 6 61371 7 61440 6 61457 7 61476 14 61493 14 61609 5 61627 7 61696 5 61713 7 61731 11 61746 1 61749 14 61866 5 61883 7 61952 5 61966 10 61982 17 62004 14 62072 3 62124 4 62131 3 62139 7 62208 5 62220 12 62237 20 62259 15 62298 1 62326 6 62380 10 62396 6 62464 5 62475 37 62515 15 62582 7 62635 11 62652 6 62720 5 62730 38 62771 15 62836 10 62889 13 62908 6 62976 2 62986 38 63026 15 63091 12 63144 14 63164 5 63241 39 63281 16 63346 13 63400 14 63420 3 63498 54 63602 14 63619 4 63656 14 63754 54 63858 22 63913 12 64008 55 64114 22 64169 11 64263 55 64370 22 64426 10 64519 55 64625 23 64678 14 64775 54 64881 23 64932 16 65018 4 65030 11 65044 41 65099 5 65137 25 65188 16 65273 5 65286 10 65300 40 65353 8 65392 30 65444 15 65529 5
534649, 
535798,2 8 12 12 66 7 81 13 95 3 139 12 174 5 258 8 269 10 323 6 338 11 395 11 430 4 514 7 525 10 579 7 594 10 651 10 686 4 771 6 781 6 835 11 851 8 907 9 943 3 1027 6 1091 12 1107 7 1163 7 1199 5 1283 6 1347 20 1420 4 1455 8 1539 5 1602 20 1710 10 1796 2 1858 20 1965 11 1993 5 2052 2 2115 19 2221 15 2248 7 2306 5 2371 19 2477 16 2503 12 2547 1 2560 7 2628 6 2637 9 2733 17 2759 13 2803 1 2816 8 2885 4 2894 8 2989 16 3015 14 3072 8 3142 5 3151 6 3246 15 3263 5 3271 15 3329 8 3396 8 3408 4 3502 23 3528 14 3561 4 3585 8 3651 10 3666 1 3759 22 3784 14 3815 7 3842 7 3906 11 3997 4 4016 21 4040 13 4071 7 4099 6 4162 12 4251 7 4273 20 4295 13 4326 8 4359 1 4417 12 4506 9 4531 1 4535 20 4558 4 4581 10 4673 12 4762 10 4795 16 4837 13 4874 5 4928 12 5018 11 5052 16 5093 13 5130 5 5184 11 5253 3 5275 10 5310 14 5349 14 5386 4 5440 8 5508 5 5532 2 5570 10 5606 16 5642 2 5696 7 5722 7 5747 3 5763 8 5828 8 5862 17 5953 5 5979 8 6002 5 6018 12 6031 7 6120 19 6140 3 6210 3 6236 9 6257 7 6274 20 6377 22 6493 9 6507 4 6513 7 6529 22 6632 23 6750 8 6762 6 6769 6 6785 22 6826 3 6886 17 6906 4 7006 9 7018 6 7039 25 7082 3 7141 15 7246 1 7263 9 7273 6 7290 30 7337 4 7397 11 7439 6 7492 1 7502 2 7520 15 7545 31 7589 2 7594 3 7653 8 7694 8 7747 2 7758 3 7777 13 7801 31 7845 2 7851 3 7910 5 7949 11 8004 1 8015 2 8033 13 8057 4 8065 9 8076 12 8090 2 8109 1 8205 14 8260 1 8272 2 8289 13 8314 2 8322 7 8333 11 8346 3 8367 3 8461 16 8528 1 8546 12 8580 5 8590 9 8602 3 8623 3 8649 3 8717 17 8786 1 8794 1 8802 12 8837 4 8846 8 8859 3 8880 1 8904 5 8973 18 9020 2 9042 2 9046 2 9049 2 9065 4 9078 5 9094 2 9102 7 9115 3 9159 6 9229 18 9275 5 9286 5 9298 9 9333 7 9358 6 9372 3 9414 6 9445 2 9484 19 9531 7 9541 7 9555 6 9589 8 9614 6 9628 5 9670 6 9700 4 9740 18 9787 18 9811 6 9844 9 9862 4 9870 8 9884 5 9926 4 9956 4 9996 17 10043 18 10068 3 10100 8 10117 5 10126 11 10140 4 10203 4 10211 6 10251 17 10300 17 10356 8 10372 7 10381 13 10397 2 10458 15 10507 16 10557 15 10603 2 10613 6 10627 7 10637 12 10714 15 10762 15 10814 13 10859 3 10869 4 10883 7 10893 12 10969 16 11018 15 11071 10 11114 4 11139 7 11148 11 11226 14 11272 17 11328 8 11370 5 11396 6 11403 12 11482 9 11527 19 11583 10 11616 3 11626 5 11634 1 11659 12 11705 1 11738 10 11782 21 11838 11 11871 4 11883 10 11915 12 11960 3 11995 10 12037 24 12093 11 12127 5 12138 12 12172 11 12251 11 12292 26 12348 11 12382 6 12394 12 12428 11 12443 3 12508 10 12547 28 12603 10 12639 6 12649 13 12685 6 12699 2 12764 10 12803 30 12857 10 12895 7 12903 14 12942 4 12955 2 13020 10 13060 13 13075 16 13112 13 13144 3 13151 22 13198 2 13211 1 13232 1 13276 10 13316 13 13332 16 13368 13 13400 5 13408 10 13421 8 13486 4 13533 9 13574 1 13579 5 13588 17 13626 12 13655 19 13678 8 13722 3 13741 5 13791 5 13837 2 13845 17 13882 13 13910 20 13934 8 13977 5 13995 8 14101 17 14138 14 14167 19 14190 8 14233 6 14250 9 14358 17 14394 15 14423 19 14447 6 14489 6 14503 12 14614 17 14649 17 14679 9 14691 6 14703 6 14745 7 14758 12 14871 17 14904 18 14936 8 14947 6 14960 4 15001 7 15010 16 15130 14 15158 20 15192 9 15204 6 15257 19 15390 10 15413 21 15450 8 15461 5 15513 17 15648 7 15669 21 15707 7 15715 7 15770 17 15906 5 15924 22 15964 14 16026 17 16163 3 16180 23 16218 16 16283 17 16436 23 16473 7 16482 8 16539 17 16692 23 16728 7 16739 6 16794 18 16948 23 16983 8 16995 6 17050 19 17205 21 17238 9 17252 4 17306 18 17461 21 17494 9 17562 18 17717 19 17750 9 17820 8 17926 4 17972 18 18005 9 18181 8 18228 17 18261 10 18389 1 18437 10 18482 18 18517 10 18643 5 18693 10 18737 19 18773 14 18899 6 18949 10 18993 19 19028 16 19154 8 19206 9 19249 18 19282 20 19410 9 19463 6 19505 18 19538 21 19665 15 19764 14 19793 23 19828 3 19921 16 20022 11 20048 26 20083 6 20178 2 20182 11 20279 10 20304 27 20338 8 20435 15 20535 9 20560 28 20593 10 20680 6 20691 15 20791 8 20817 29 20849 11 20935 7 20946 16 21048 6 21074 42 21190 9 21201 16 21304 6 21331 9 21342 30 21446 9 21457 15 21525 3 21561 5 21588 6 21599 29 21702 9 21713 13 21735 3 21779 6 21818 3 21857 25 21958 24 21990 5 22019 8 22033 9 22074 3 22116 17 22134 2 22214 6 22222 14 22246 6 22275 10 22288 11 22330 1 22371 19 22470 7 22478 14 22502 6 22531 25 22626 5 22633 13 22664 3 22727 21 22758 7 22786 27 22881 21 22921 2 22983 22 23014 8 23040 29 23137 21 23239 22 23270 10 23296 30 23393 21 23496 21 23526 12 23552 31 23649 21 23752 22 23782 14 23808 31 23906 5 23914 12 24008 23 24039 14 24064 26 24091 5 24170 12 24265 22 24296 14 24320 26 24349 3 24426 12 24521 22 24553 13 24576 26 24605 2 24683 9 24727 3 24777 22 24813 9 24832 26 24939 7 24982 6 25033 21 25069 9 25088 26 25195 7 25216 6 25224 3 25236 9 25290 20 25326 8 25344 26 25451 6 25471 12 25491 11 25546 20 25582 8 25602 24 25708 4 25727 11 25746 13 25795 1 25803 18 25837 8 25859 24 25885 2 25964 3 25983 12 26003 12 26020 2 26050 3 26059 18 26093 8 26116 27 26234 17 26259 20 26305 4 26317 16 26348 9 26362 4 26373 15 26390 10 26489 17 26516 20 26561 5 26571 20 26605 18 26630 14 26647 9 26744 18 26773 12 26789 4 26817 5 26827 20 26864 16 26894 5 26902 10 27000 17 27030 6 27045 4 27073 4 27083 20 27120 16 27151 4 27158 11 27257 16 27301 5 27329 3 27339 20 27368 3 27377 15 27407 5 27413 11 27514 15 27542 1 27557 5 27596 20 27621 7 27633 15 27662 17 27771 13 27795 6 27811 1 27814 4 27853 20 27876 9 27889 15 27919 16 28027 12 28049 9 28066 6 28110 31 28145 15 28175 15 28283 11 28303 12 28322 5 28367 30 28401 15 28431 14 28540 9 28558 13 28577 6 28624 30 28658 14 28687 13 28797 6 28813 13 28833 6 28880 30 28915 13 28943 12 28993 2 29053 6 29068 14 29090 5 29137 29 29171 13 29200 11 29248 4 29309 7 29324 14 29347 3 29395 26 29427 1 29432 8 29457 15 29481 2 29504 3 29567 5 29579 9 29652 25 29683 1 29688 8 29713 16 29734 6 29824 6 29835 7 29910 22 29939 1 29945 7 29969 16 29989 7 30008 2 30094 2 30167 21 30194 2 30202 6 30225 16 30245 7 30264 3 30350 1 30424 19 30449 3 30458 6 30481 16 30500 7 30520 3 30680 18 30705 4 30714 6 30736 16 30756 7 30768 1 30935 19 30962 4 30970 6 30993 15 31012 6 31023 3 31034 1 31191 20 31217 5 31226 6 31251 12 31267 7 31278 3 31289 2 31446 23 31473 4 31483 5 31508 1 31511 8 31522 8 31544 3 31701 32 31739 5 31751 3 31769 3 31777 10 31800 3 31957 32 31995 5 32006 3 32033 10 32056 3 32213 32 32250 6 32261 4 32288 12 32312 1 32470 31 32505 7 32518 3 32542 16 32568 2 32727 32 32760 8 32783 2 32797 20 32824 3 32848 3 32984 40 33039 3 33053 20 33079 4 33104 3 33241 39 33295 4 33310 19 33334 5 33360 1 33484 2 33497 39 33551 5 33568 17 33589 6 33740 2 33755 37 33801 2 33807 6 33826 15 33844 7 33996 2 34012 36 34056 4 34062 7 34083 13 34101 3 34268 36 34311 19 34340 11 34358 1 34525 35 34566 21 34596 10 34781 35 34822 21 34852 9 35009 1 35044 28 35078 21 35108 10 35265 5 35300 28 35334 21 35363 14 35520 8 35556 28 35590 21 35620 14 35777 8 35812 28 35847 12 35876 17 35896 7 36033 9 36068 28 36104 10 36132 27 36289 9 36324 14 36344 8 36361 10 36388 6 36395 21 36546 9 36581 10 36601 7 36618 8 36644 4 36650 22 36802 10 36838 9 36859 5 36876 5 36899 4 36906 22 37058 12 37077 2 37094 9 37117 3 37154 30 37315 13 37330 6 37350 9 37375 1 37410 30 37571 22 37606 10 37666 29 37828 21 37861 12 37912 2 37923 28 38085 20 38117 13 38167 5 38179 28 38341 20 38372 15 38416 17 38434 29 38598 18 38627 17 38671 46 38855 16 38883 17 38926 45 39112 11 39124 1 39138 19 39182 40 39369 10 39394 19 39438 39 39620 2 39625 9 39650 19 39694 39 39875 4 39882 7 39906 20 39950 39 39992 3 40038 2 40130 5 40139 5 40150 7 40164 18 40206 39 40247 6 40262 1 40295 1 40384 8 40406 8 40421 5 40428 10 40462 39 40503 5 40518 1 40640 8 40661 12 40687 9 40709 2 40717 39 40760 5 40896 7 40916 15 40946 7 40964 47 41017 4 41152 6 41171 17 41202 10 41219 48 41408 6 41427 17 41459 10 41475 41 41518 5 41664 6 41683 17 41715 11 41731 41 41775 4 41920 6 41940 16 41971 11 41988 40 42031 3 42177 4 42197 16 42225 13 42244 40 42453 16 42477 17 42501 39 42710 15 42732 17 42758 37 42966 15 42986 18 43022 26 43222 7 43230 7 43240 18 43277 27 43478 6 43487 27 43533 26 43688 4 43734 6 43742 29 43789 26 43943 5 43990 7 43998 30 44044 30 44146 5 44198 7 44246 39 44301 15 44318 5 44325 8 44401 7 44454 8 44502 39 44557 16 44578 12 44657 8 44710 9 44758 40 44813 15 44834 13 44913 8 44967 12 44986 7 45014 41 45070 14 45091 5 45100 2 45170 7 45223 26 45270 17 45289 18 45308 3 45326 14 45347 3 45426 6 45480 25 45526 17 45547 16 45564 2 45582 15 45602 3 45683 5 45736 24 45782 16 45802 20 45838 15 45858 2 45941 1 45992 24 46038 13 46058 20 46095 15 46114 2 46249 23 46293 13 46314 20 46352 14 46505 23 46547 15 46570 19 46608 14 46712 1 46762 22 46803 14 46825 19 46865 14 46968 1 47018 21 47059 12 47081 10 47092 7 47123 11 47224 1 47274 17 47316 10 47334 20 47381 8 47480 1 47530 16 47572 9 47589 20 47639 5 47710 1 47737 1 47786 16 47828 10 47844 15 47860 5 47896 3 47965 2 47993 5 48042 16 48084 10 48099 15 48116 4 48127 1 48230 1 48249 10 48298 16 48340 11 48355 10 48374 2 48381 2 48486 3 48505 10 48553 17 48597 10 48612 8 48631 1 48636 3 48761 10 48808 18 48853 11 48869 7 48887 1 48890 5 49017 10 49064 18 49109 10 49126 3 49144 7 49258 5 49274 8 49320 18 49366 8 49383 1 49400 8 49432 1 49440 5 49514 6 49531 6 49576 18 49622 8 49639 1 49656 8 49692 1 49696 6 49770 6 49834 15 49879 8 49895 1 49911 7 49953 4 50026 6 50093 11 50137 8 50146 2 50150 2 50167 6 50210 1 50284 2 50352 7 50394 15 50421 6 50609 5 50651 15 50677 5 50866 2 50908 15 50932 6 51165 17 51187 7 51236 2 51421 29 51492 3 51558 1 51678 28 51717 4 51747 5 51796 2 51811 8 51935 27 51972 6 52000 9 52050 4 52066 10 52150 7 52192 25 52222 2 52227 7 52256 9 52304 5 52321 11 52406 8 52449 8 52461 6 52478 2 52483 7 52511 10 52554 1 52560 4 52577 14 52596 2 52662 8 52706 6 52718 4 52733 3 52738 7 52767 9 52809 2 52816 4 52832 14 52852 4 52923 1 52963 5 52975 3 52989 3 52993 8 53023 9 53065 3 53072 3 53087 15 53108 5 53219 5 53231 1 53245 3 53249 8 53279 8 53299 3 53319 8 53329 2 53343 14 53364 6 53408 2 53475 5 53501 3 53505 8 53521 2 53534 9 53554 4 53573 10 53586 2 53599 13 53620 6 53662 4 53732 4 53757 3 53762 8 53789 9 53811 2 53827 13 53842 1 53854 12 53875 7 53910 4 53918 4 53989 2 54013 3 54018 9 54044 10 54082 17 54110 11 54131 7 54164 7 54174 5 54269 3 54275 8 54285 4 54299 10 54338 16 54365 7 54387 7 54420 8 54430 7 54516 5 54524 4 54532 5 54540 5 54554 11 54593 17 54620 7 54642 8 54675 19 54768 16 54796 4 54810 11 54849 16 54875 6 54898 7 54931 19 55024 16 55052 1 55065 11 55104 17 55127 9 55153 8 55187 20 55279 17 55321 11 55351 2 55360 18 55383 8 55409 7 55432 4 55443 20 55533 19 55576 12 55607 3 55615 19 55639 6 55665 7 55688 4 55700 19 55785 23 55830 13 55861 4 55871 19 55894 6 55921 6 55944 5 55958 16 56040 24 56083 16 56116 5 56127 20 56150 5 56177 6 56199 6 56214 16 56295 25 56338 17 56372 5 56382 22 56405 6 56433 5 56455 5 56469 13 56551 25 56594 16 56627 6 56636 30 56688 5 56711 5 56723 13 56807 25 56849 15 56883 40 56943 5 56967 5 56979 13 57064 24 57105 14 57139 5 57145 29 57175 4 57199 5 57223 5 57234 6 57245 4 57321 23 57361 14 57394 6 57401 29 57431 4 57455 5 57479 5 57490 6 57502 4 57513 1 57578 22 57618 12 57649 6 57657 35 57712 4 57735 4 57745 6 57758 5 57768 4 57835 21 57863 2 57906 3 57913 35 57968 3 58001 3 58014 6 58025 3 58092 20 58118 4 58169 35 58271 5 58349 19 58374 5 58426 36 58488 1 58521 2 58528 3 58605 19 58630 5 58662 1 58683 36 58741 7 58777 3 58861 10 58873 7 58886 6 58918 1 58939 37 58996 8 59030 7 59117 10 59130 6 59142 6 59195 37 59252 9 59286 9 59302 3 59372 11 59386 6 59399 4 59425 4 59453 5 59461 27 59498 1 59509 8 59542 11 59558 4 59566 1 59627 11 59642 6 59655 4 59679 6 59718 26 59752 5 59767 7 59798 12 59813 11 59883 11 59898 6 59912 3 59934 5 59975 25 60006 8 60026 5 60054 26 60139 10 60153 7 60169 2 60190 4 60231 25 60261 9 60282 6 60301 1 60310 19 60332 4 60394 11 60408 8 60447 2 60488 25 60516 9 60538 6 60556 4 60566 18 60589 4 60651 4 60656 16 60751 19 60771 10 60784 1 60794 6 60812 5 60822 6 60829 11 60848 1 60907 3 60913 15 61008 27 61040 2 61050 6 61068 7 61080 1 61085 12 61170 14 61264 27 61295 4 61306 6 61324 8 61341 12 61426 13 61521 25 61550 4 61562 6 61581 7 61600 10 61681 14 61778 23 61805 4 61819 4 61838 6 61857 9 61936 14 62035 22 62060 4 62075 4 62094 5 62114 8 62131 1 62156 3 62191 14 62292 20 62315 5 62332 2 62349 3 62362 1 62372 5 62387 5 62412 4 62447 10 62550 18 62572 3 62630 2 62643 6 62668 4 62702 10 62806 17 62899 6 62923 5 62957 10 63063 16 63155 6 63179 6 63213 13 63321 2 63325 9 63411 5 63434 7 63468 15 63576 2 63583 6 63689 8 63724 16 63747 8 63831 3 63840 3 63944 9 63979 17 64001 11 64087 4 64200 9 64235 18 64256 13 64343 4 64398 2 64457 9 64491 18 64512 14 64599 5 64652 4 64714 8 64747 18 64768 15 64854 6 64908 5 64972 6 65003 18 65024 16 65110 6 65164 9 65207 2 65230 4 65259 18 65280 16 65308 2 65365 7 65421 8 65461 6 65515 18
544420,0 65536
548413,0 65536
562305, 
563581,0 7 82 13 104 3 134 2 261 2 338 6 345 6 361 2 390 2 519 1 595 4 602 3 768 1 1024 1 1620 4 1876 5 2132 6 2389 6 2634 1 2645 7 2889 2 2899 8 3153 9 3407 10 3603 3 3662 12 3907 2 3917 14 4159 8 4173 14 4415 8 4430 14 4671 9 4687 13 4927 9 4948 9 5184 7 5209 3 6082 4 6337 5 6592 6 6734 1 6847 8 6856 2 7103 11 7358 13 7614 12 7869 13 8125 13 8382 14 8639 5 8646 8 8896 2 8902 8 8960 1 9158 9 9216 1 9413 10 9472 1 9669 11 9728 2 9925 11 9961 1 9984 2 10058 3 10181 11 10240 1 10313 5 10322 1 10437 12 10496 1 10565 8 10578 1 10694 11 10752 1 10818 11 10834 1 10951 10 11075 10 11090 1 11207 9 11331 9 11464 8 11502 3 11587 3 11593 2 11719 7 11759 1 11844 1 11975 7 12015 1 12231 6 12272 2 12289 3 12376 3 12488 5 12527 3 12545 3 12633 2 12745 4 12782 4 12801 3 12857 6 12889 3 13002 3 13037 5 13057 2 13112 7 13144 4 13293 2 13368 2 13371 3 13401 2 13624 6 13881 5 14048 2 14139 1 14174 1 14303 5 14411 2 14430 1 14559 5 14666 3 14815 4 14921 3 15071 3 15176 3 15182 1 15394 3 15432 1 15438 2 15694 2 15950 1 16469 2 16724 5 16732 1 16980 5 16988 1 17236 6 17244 1 17493 2 17497 3 25110 3 25366 4 25621 6 25797 1 25878 5 26112 4 26134 4 26368 4 26390 5 26624 4 26645 6 26813 2 26863 1 26880 3 26900 7 27069 3 27136 3 27156 7 27309 2 27325 3 27392 1 27415 4 27566 2 27582 2 27673 2 27822 3 28079 4 28091 2 28094 1 28336 4 28343 9 28592 2 28600 9 28857 8 28903 4 28928 1 29114 7 29157 6 29184 1 29220 1 29370 8 29413 7 29440 1 29626 8 29668 7 29883 7 29921 9 29949 2 29952 1 30139 7 30177 9 30204 5 30395 6 30431 11 30460 5 30651 6 30687 11 30715 5 30759 3 30907 6 30943 11 30971 5 31006 1 31013 8 31164 4 31197 13 31219 1 31227 5 31261 2 31268 9 31422 2 31453 12 31475 1 31483 5 31518 15 31678 2 31709 11 31731 1 31739 9 31768 1 31775 14 31934 2 31965 11 31987 1 31995 14 32024 2 32030 15 32190 2 32222 10 32243 1 32251 14 32280 26 32478 9 32512 9 32536 27 32734 9 32768 10 32792 2 32795 25 32991 9 33024 9 33052 25 33248 7 33280 9 33308 26 33495 3 33505 6 33536 9 33566 24 33751 4 33761 5 33792 9 33825 22 34007 5 34017 4 34048 10 34082 20 34265 2 34274 3 34304 10 34339 18 34560 11 34595 15 34785 3 34816 11 34851 14 35040 5 35072 11 35107 13 35297 5 35328 10 35348 1 35362 14 35553 5 35573 1 35584 10 35619 12 35809 6 35840 9 35875 12 36065 6 36096 9 36132 10 36150 1 36321 8 36352 9 36389 8 36406 2 36409 2 36577 10 36610 8 36645 8 36662 2 36665 2 36833 12 36848 4 36867 7 36901 7 36918 1 37089 13 37104 5 37124 6 37156 6 37174 1 37346 19 37412 5 37430 1 37602 21 37667 5 37858 21 37923 2 38115 21 38149 2 38179 2 38200 1 38218 1 38372 20 38404 4 38436 1 38444 1 38456 1 38628 20 38658 6 38885 18 38912 7 38946 1 39141 17 39168 6 39398 15 39424 6 39649 2 39655 15 39680 6 39905 2 39912 14 39936 5 40161 2 40169 13 40193 4 40417 1 40426 12 40451 1 40683 11 40939 9 41222 2 41477 4 41734 3 41993 2 42752 1 42975 5 43224 3 43230 6 43479 13 43511 1 43735 6 43765 4 43992 3 44020 4 44276 4 44531 5 44636 1 44785 6 44882 3 44892 3 45040 6 45136 5 45148 4 45296 6 45392 4 45403 5 45552 5 45647 4 45659 4 45808 5 45904 3 45916 3 46065 4 46160 3 46174 1 46321 3 48976 9 49231 12 49486 13 49742 14 49999 13 50258 9 50431 1 50520 1 50687 1 50943 1 51199 1 51455 1 51711 1 51800 3 51967 1 52055 6 52203 4 52223 1 52310 9 52459 2 52477 3 52564 11 52733 3 52819 12 52989 3 53074 13 53245 3 53330 11 53503 1 53586 8 53842 8 54099 6 54258 2 54355 6 54511 5 54611 6 54767 2 54864 8 55021 3 55086 2 55119 8 55277 1 55341 4 55374 8 55597 4 55630 8 55852 6 55886 10 56101 2 56106 8 56142 11 56262 3 56299 1 56358 12 56398 11 56517 4 56554 2 56614 12 56655 10 56773 4 56793 3 56808 4 56870 11 56900 3 56911 10 57028 6 57048 5 57064 5 57126 11 57144 16 57168 9 57284 6 57304 6 57321 9 57383 9 57399 18 57424 10 57540 6 57560 6 57577 11 57640 6 57655 19 57682 1 57685 5 57797 5 57816 7 57834 3 57838 7 57911 19 57941 6 58054 5 58073 5 58094 6 58168 17 58190 3 58196 7 58305 4 58310 5 58329 5 58349 7 58425 16 58446 3 58452 8 58561 10 58586 3 58608 4 58682 10 58699 7 58707 10 58817 10 58843 1 58865 4 58939 7 58955 18 58982 2 59073 4 59079 2 59122 3 59196 5 59211 19 59236 7 59379 1 59398 1 59467 18 59492 6 59653 3 59686 4 59724 15 59748 6 59909 3 59940 6 59980 12 60007 2 60164 5 60194 10 60235 12 60256 1 60422 1 60449 12 60492 9 60507 7 60705 14 60748 8 60762 8 60961 15 61004 7 61018 7 61177 2 61217 16 61260 7 61273 6 61431 5 61473 16 61515 8 61529 6 61729 17 61752 3 61758 7 61767 11 61785 5 61941 2 61987 16 62007 11 62023 10 62042 3 62197 3 62244 29 62279 7 62298 3 62451 1 62454 2 62500 29 62534 8 62554 1 62711 1 62756 29 62790 8 62832 1 63008 34 63045 9 63263 24 63290 20 63406 6 63519 7 63529 8 63547 19 63654 3 63659 10 63774 8 63787 5 63807 15 63908 18 64022 2 64031 7 64044 3 64062 19 64163 19 64229 3 64277 6 64287 7 64300 3 64312 1 64318 19 64419 18 64474 6 64485 4 64503 1 64534 5 64544 6 64558 1 64567 27 64674 18 64700 2 64729 8 64742 2 64759 3 64791 4 64802 4 64822 28 64930 17 64953 6 64985 8 64999 1 65014 6 65047 4 65059 4 65078 29 65185 17 65208 7 65241 7 65271 2 65274 2 65303 6 65315 5 65334 30 65429 3 65440 17 65463 8 65497 7 65531 1
563999,0 10 80 4 125 41 206 8 216 22 242 25 282 3 336 4 344 4 381 42 463 31 500 24 536 6 593 3 599 8 637 42 720 30 756 24 789 9 850 1 853 12 892 44 976 30 1014 23 1043 12 1109 13 1130 10 1147 45 1232 31 1266 3 1271 23 1297 14 1364 14 1384 64 1488 39 1530 37 1620 15 1639 65 1745 38 1788 34 1875 17 1893 67 2002 37 2045 33 2131 85 2258 37 2304 29 2386 85 2514 36 2560 27 2641 85 2760 4 2770 33 2816 26 2897 85 3013 9 3027 31 3072 26 3153 83 3268 11 3283 31 3328 26 3408 84 3523 48 3584 26 3664 84 3779 49 3840 25 3920 85 4034 51 4096 25 4141 6 4175 87 4288 53 4352 25 4394 10 4431 87 4543 54 4608 25 4647 14 4687 88 4798 55 4864 26 4899 19 4943 93 5044 2 5052 57 5120 30 5153 21 5199 96 5297 73 5376 54 5455 172 5632 54 5711 171 5888 53 5968 167 6144 53 6224 167 6400 51 6481 165 6656 49 6737 165 6912 49 6993 165 7168 50 7249 165 7424 51 7505 165 7680 51 7761 166 7936 52 8018 165 8192 52 8275 164 8448 53 8516 1 8531 164 8704 53 8771 3 8788 163 8960 53 9026 5 9044 164 9216 53 9282 6 9299 165 9472 54 9537 15 9555 165 9728 54 9793 183 9984 54 10050 182 10240 54 10306 181 10496 54 10564 179 10752 53 10821 177 11008 53 11076 178 11264 52 11331 178 11520 52 11587 178 11776 51 11842 178 12032 51 12098 178 12288 51 12354 178 12544 52 12610 177 12800 52 12865 178 13056 52 13120 178 13312 53 13375 178 13568 54 13629 178 13824 56 13884 168 14080 228 14336 228 14592 227 14848 227 15104 226 15360 226 15616 223 15872 220 16128 219 16384 218 16640 218 16896 218 17152 218 17408 218 17664 218 17920 219 18176 219 18427 4 18432 219 18682 225 18937 226 19193 227 19449 227 19705 227 19963 225 20220 224 20478 222 20735 220 20992 219 21248 219 21504 218 21749 5 21760 218 22003 230 22259 230 22514 230 22770 230 23026 229 23282 229 23538 230 23793 231 24049 231 24306 231 24561 235 24817 236 25073 237 25328 239 25584 241 25840 242 26095 244 26349 246 26604 247 26860 247 27116 247 27372 245 27629 233 27888 231 28145 231 28402 231 28658 193 28855 34 28914 231 29170 231 29426 231 29683 230 29917 6 29939 241 30195 242 30452 242 30709 241 30966 241 31223 241 31481 240 31738 240 31996 238 32255 235 32512 235 32768 176 32947 56 33024 171 33203 57 33280 170 33458 59 33536 169 33714 59 33792 168 33970 59 34048 167 34226 16 34244 42 34304 166 34481 16 34501 41 34560 164 34739 14 34757 42 34816 162 34998 10 35013 44 35058 2 35072 156 35230 1 35255 8 35269 49 35328 154 35512 6 35525 53 35584 153 35770 2 35781 206 36038 204 36294 204 36550 206 36760 1 36806 214 37062 216 37318 219 37574 221 37830 192 38026 26 38086 191 38282 27 38330 4 38342 191 38539 27 38584 9 38597 192 38795 33 38838 12 38853 191 39050 35 39093 13 39108 191 39305 37 39347 207 39560 38 39602 208 39816 250 40069 3132 43206 251 43466 41 43514 5 43520 195 43722 39 43776 197 43977 39 44032 239 44288 238 44544 237 44791 3 44800 237 45045 8 45056 237 45298 13 45312 237 45552 727 46280 255 46536 254 46792 254 47048 254 47304 253 47560 253 47817 252 48073 251 48329 251 48585 251 48840 252 49094 254 49349 5056 54406 254 54663 110 54774 143 54918 2 54921 3 54931 97 55031 142 55174 1 55187 97 55287 144 55443 98 55543 144 55699 244 55955 243 56212 241 56468 240 56725 239 56982 237 57239 236 57491 240 57745 14 57760 226 57994 24 58019 223 58247 27 58276 222 58501 29 58532 254 58789 253 59045 254 59302 253 59559 252 59815 253 60073 251 60332 248 60588 248 60844 248 61100 249 61356 249 61613 248 61870 247 62126 251 62382 252 62638 252 62893 246 63140 254 63397 253 63653 253 63914 247 64170 246 64427 250 64682 253 64938 250 65195 246 65452 84
565798,173 3 2658 4 2803 1 2816 1 2914 5 3059 1 3072 4 3170 5 3242 2 3315 1 3328 10 3341 4 3365 4 3428 3 3497 4 3584 18 3618 8 3840 19 3870 12 4096 19 4125 13 4352 19 4381 13 4609 18 4637 13 4781 3 4866 17 4896 8 5037 4 5123 16 5293 4 5380 15 5549 4 5637 14 5806 4 5894 12 6064 4 6151 9 6321 3 6409 4 28732 3 28988 3 29244 2 29500 2 29756 2 30014 1 30270 1 30528 1 30784 2 37905 4 37922 1 38161 5 38417 6 38673 5 38930 3 39188 1 52482 2 52736 5 52981 1 52992 5 53237 2 53248 5 53493 3 53504 6 53750 3 53760 7 54006 4 54016 8 54262 4 54272 9 54518 4 54528 10 54774 4 54784 11 55029 4 55040 11 55285 1 55296 12 55552 12 55808 13 56064 13 56303 1 56320 13 56559 2 56567 1 56576 13 56813 4 56822 2 56832 13 57069 6 57078 2 57088 13 57324 12 57344 12 57580 11 57600 11 57836 11 57856 10 58093 10 58112 9 58349 11 58368 9 58609 8 58624 8 58866 8 58877 1 58880 9 59122 12 59136 9 59160 5 59378 11 59392 8 59634 10 59648 2 59651 4 59670 1 59890 9 59907 4 60147 8 60163 3 60403 8 60418 5 60660 6 60673 6 60917 4 60928 7 61184 1 61187 5 61440 1 61443 5 61696 1 61700 4 61952 1 61956 5 62208 1 62211 7 62468 7 62724 7 62980 7 63235 8 63463 1 63490 9 63745 9 64001 9 64256 10 64512 11 64768 13 65025 11 65283 2 65287 4 65396 4 65402 1
566885,152 104 407 105 660 108 912 112 1163 117 1410 2 1415 121 1663 129 1917 131 2171 133 2426 134 2682 134 2938 134 3194 134 3450 134 3705 135 3960 136 4206 146 4461 147 4717 147 4962 6 4972 148 5217 159 5456 4 5472 160 5708 8 5722 1 5727 161 5962 11 5978 166 6217 13 6232 168 6472 184 6725 187 6979 189 7232 192 7488 192 7743 193 7986 5 7999 193 8241 7 8254 194 8498 5 8510 194 8754 5 8767 193 9012 1 9024 192 9280 192 9535 193 9790 194 10044 196 10298 198 10553 199 10808 200 11062 202 11317 203 11564 212 11818 214 12072 216 12327 217 12581 219 12836 220 13091 221 13345 223 13599 225 13847 2 13853 227 14103 2 14109 227 14351 2 14364 228 14596 14 14615 26149 40765 5862 46629 254 46885 253 47141 254 47397 1024 48423 254 48683 250 48940 10 48955 234 49199 6 49212 232 49469 227 49727 224 49983 223 50239 223 50494 224 50755 219 51013 217 51270 216 51527 215 51784 212 52036 2 52043 209 52292 3 52300 208 52548 3 52556 209 52812 210 53058 1 53064 1 53069 210 53326 209 53582 209 53839 178 54019 25 54095 178 54275 26 54351 12 54365 164 54531 26 54608 9 54621 192 54865 7 54877 190 55121 6 55132 190 55376 8 55388 190 55631 9 55643 191 55887 8 55899 191 56143 7 56155 192 56400 11 56413 190 56657 10 56670 189 56915 8 56927 161 57091 24 57171 8 57184 160 57348 23 57428 7 57441 159 57604 22 57684 7 57697 159 57861 21 57938 5 57953 159 58117 21 58193 5 58206 162 58373 22 58461 164 58629 28 58715 165 58883 27 58970 4 58975 161 59138 28 59226 4 59231 161 59395 26 59485 163 59651 25 59741 163 59907 25 59996 164 60164 24 60249 167 60420 24 60504 168 60676 26 60760 168 60932 27 61016 168 61188 28 61217 1 61272 168 61443 32 61528 168 61699 33 61783 170 61954 35 62034 211 62289 211 62545 211 62757 4 62801 218 63056 220 63312 221 63568 176 63749 41 63825 175 64005 41 64080 176 64261 41 64336 176 64513 2 64516 43 64591 177 64769 47 64847 177 65025 47 65102 178 65284 46 65338 1 65358 178
567096,0 65536
567220, 
567636,0 5 56 28 85 3 256 6 311 31 512 7 567 31 768 8 823 31 862 3 1024 10 1046 2 1079 31 1116 6 1280 13 1303 2 1335 30 1370 9 1536 15 1591 29 1626 9 1792 15 1847 29 1881 11 2048 15 2103 28 2137 11 2304 3 2309 9 2359 27 2393 11 2560 3 2566 7 2589 6 2615 27 2649 11 2816 3 2823 5 2843 10 2869 21 2893 6 2906 11 2987 9 3072 3 3081 1 3099 12 3125 3 3129 16 3149 7 3162 11 3242 10 3328 3 3355 13 3382 2 3390 10 3405 24 3497 12 3584 3 3610 14 3638 2 3647 9 3661 24 3752 13 3840 3 3866 14 3904 8 3916 25 4008 14 4096 3 4120 15 4161 7 4172 25 4264 14 4352 3 4375 15 4420 4 4427 25 4519 16 4608 4 4630 15 4677 3 4683 23 4775 17 4864 4 4885 15 4939 23 5002 1 5031 17 5051 3 5120 4 5140 15 5194 24 5256 4 5286 24 5376 4 5395 15 5450 26 5498 2 5511 5 5542 15 5558 9 5632 5 5650 16 5694 1 5706 28 5754 4 5766 6 5797 26 5888 4 5906 16 5950 1 5962 29 6006 1 6010 2 6025 2 6053 25 6144 4 6162 16 6218 29 6260 3 6308 15 6324 10 6418 17 6473 31 6564 14 6675 16 6726 34 6821 13 6932 15 6951 2 6981 23 7005 10 7077 3 7083 4 7193 10 7206 3 7236 24 7261 10 7334 1 7449 11 7461 5 7490 37 7705 17 7744 30 7775 6 7794 2 7810 1 7936 2 7960 11 7973 5 8000 28 8030 6 8050 2 8058 4 8066 1 8192 1 8216 11 8229 5 8255 29 8286 4 8305 3 8314 4 8322 1 8471 19 8510 30 8561 3 8569 6 8727 19 8766 29 8818 2 8824 7 8840 4 8982 20 9022 28 9074 1 9080 7 9096 4 9231 3 9237 21 9278 26 9337 6 9352 5 9486 28 9534 24 9593 6 9608 5 9742 28 9790 23 9849 6 9865 4 9998 27 10046 22 10106 5 10253 28 10302 20 10364 3 10510 24 10557 20 10665 1 10766 24 10813 20 10841 2 11022 24 11068 18 11096 4 11278 23 11324 15 11351 6 11535 23 11580 10 11608 5 11791 24 11836 8 11864 5 12032 2 12048 23 12093 6 12103 4 12288 2 12305 23 12349 5 12356 7 12544 3 12563 22 12606 4 12611 9 12800 3 12820 21 12866 10 13057 1 13076 18 13121 10 13332 18 13376 10 13589 17 13633 8 13845 17 13890 5 14102 15 14359 13 14616 11 14872 7 14944 2 15198 5 15360 4 15453 9 15616 5 15650 1 15709 12 15872 5 15905 3 15950 3 15965 13 16128 4 16206 3 16221 14 16384 4 16462 4 16477 14 16508 3 16640 3 16718 3 16735 12 16764 3 16896 2 16995 10 17252 9 17509 8 17767 5 18025 3 19070 3 19326 4 19582 4 19837 5 20074 1 20092 5 20347 5 20603 5 20810 3 20859 4 21064 8 21116 2 21320 8 21575 9 21831 9 22087 16 22342 18 22572 2 22592 1 22598 8 22607 10 22628 3 22847 3 22854 19 22884 3 23091 5 23102 5 23110 19 23139 4 23346 6 23358 6 23368 4 23375 10 23396 3 23601 7 23614 2 23617 3 23632 6 23652 3 23737 2 23857 6 23873 3 23892 2 23993 2 24112 6 24130 1 24153 2 24249 2 24367 7 24409 3 24430 1 24620 9 24666 3 24680 3 24685 4 24875 10 24922 2 24936 10 25130 10 25193 9 25278 3 25386 9 25452 6 25534 3 25600 1 25642 9 25709 4 25792 2 25856 1 25898 9 26112 2 26155 8 26299 1 26308 2 26368 2 26412 8 26551 1 26563 5 26624 3 26668 8 26806 3 26819 7 26880 3 26924 9 27060 5 27074 8 27136 3 27157 2 27180 9 27206 3 27315 6 27330 7 27392 1 27412 4 27436 10 27463 2 27566 2 27569 10 27586 6 27668 5 27691 11 27720 1 27819 1 27821 19 27841 6 27924 5 27946 13 28077 26 28180 5 28201 14 28333 25 28416 1 28436 4 28457 10 28591 12 28607 8 28672 2 28713 7 28847 12 28863 9 28928 2 28971 4 29106 10 29117 10 29184 2 29364 19 29440 1 29622 17 29879 16 30136 15 30267 2 30392 14 30524 1 30649 12 30799 4 30906 10 31055 4 31162 8 31304 1 31310 3 31418 7 31563 5 31674 7 31818 5 31930 7 32186 7 32443 6 32731 4 32986 6 33242 6 33499 5 33691 1 33755 5 33947 1 34013 4 34271 1 35045 3 35242 2 35293 11 35497 5 35546 15 35754 4 35801 16 35958 1 36010 4 36056 17 36210 1 36266 4 36312 16 36466 1 36522 4 36567 17 36778 3 36823 16 37034 2 37079 15 37336 13 37424 2 37498 1 37593 9 37679 4 37753 3 37850 6 37936 2 38008 8 38263 11 38458 6 38519 16 38672 4 38713 9 38775 18 38810 1 38826 2 38928 5 38968 11 39032 17 39065 3 39081 5 39183 8 39223 13 39288 4 39294 11 39336 7 39439 9 39479 13 39551 10 39589 11 39695 10 39735 13 39807 11 39846 10 39929 1 39951 10 39990 14 40062 12 40103 9 40184 3 40208 9 40247 13 40319 11 40359 9 40439 5 40464 9 40503 13 40575 11 40616 8 40695 6 40720 9 40760 11 40820 1 40832 10 40873 7 40924 4 40951 7 40977 8 41017 9 41038 1 41076 1 41088 10 41129 7 41179 6 41206 9 41233 7 41277 4 41292 5 41346 7 41370 1 41385 6 41434 10 41462 10 41492 2 41547 10 41603 5 41624 4 41641 6 41690 16 41724 4 41802 12 41847 1 41880 4 41897 5 41946 7 41954 9 41979 5 42052 1 42057 14 42102 2 42135 6 42189 6 42203 5 42211 8 42235 5 42257 3 42307 5 42313 14 42358 2 42391 6 42444 8 42467 9 42491 5 42513 3 42562 21 42614 2 42646 6 42699 9 42724 8 42747 5 42770 3 42818 20 42870 1 42902 6 42955 10 42981 6 43007 1 43026 4 43075 18 43158 5 43211 10 43282 4 43331 14 43414 5 43467 10 43539 4 43588 13 43660 1 43669 6 43724 9 43761 1 43794 7 43844 13 43916 3 43926 5 43981 8 44048 11 44101 11 44173 4 44182 5 44238 7 44257 3 44304 11 44357 11 44429 4 44438 5 44495 6 44511 5 44559 13 44613 10 44675 3 44684 5 44695 3 44752 6 44765 8 44814 14 44869 9 44929 15 45009 6 45020 9 45041 2 45069 16 45125 9 45184 15 45265 7 45275 11 45295 6 45325 16 45382 8 45437 17 45521 7 45531 11 45550 9 45581 16 45618 8 45638 8 45692 17 45777 8 45786 14 45806 10 45838 14 45873 10 45894 8 45948 16 46033 23 46063 10 46094 13 46129 10 46152 5 46205 14 46290 23 46320 8 46356 7 46385 11 46448 1 46462 11 46548 6 46555 15 46578 6 46605 3 46612 7 46641 11 46697 10 46724 3 46810 16 46835 4 46860 5 46867 9 46897 12 46950 14 47066 16 47091 3 47116 17 47154 12 47205 15 47321 17 47371 18 47410 12 47460 16 47577 17 47626 21 47666 13 47715 17 47833 17 47855 2 47881 22 47923 12 47971 17 48089 16 48111 3 48136 24 48172 3 48180 10 48227 15 48345 16 48367 3 48391 25 48426 6 48483 12 48601 14 48623 2 48647 26 48681 8 48739 11 48857 12 48903 26 48937 8 48995 10 49113 11 49159 26 49193 9 49243 2 49251 10 49264 2 49369 11 49416 25 49448 10 49497 26 49624 12 49643 1 49672 26 49703 12 49752 28 49879 14 49928 28 49958 14 50007 29 50135 15 50184 45 50263 28 50391 15 50432 3 50439 47 50519 28 50576 3 50647 12 50688 5 50695 48 50748 3 50776 27 50832 4 50903 10 50944 6 50951 49 51003 4 51033 24 51088 5 51161 5 51200 64 51290 22 51344 6 51456 65 51548 19 51600 6 51712 67 51806 15 51857 5 51968 68 52063 13 52113 5 52123 8 52224 68 52320 11 52368 7 52378 14 52480 68 52576 9 52622 27 52736 68 52836 1 52878 1 52883 23 52992 68 53126 2 53139 23 53248 68 53393 24 53504 68 53648 25 53760 68 53904 25 53938 4 54016 68 54160 24 54193 6 54272 67 54416 25 54448 8 54528 8 54537 58 54672 26 54704 8 54784 7 54793 44 54845 4 54928 21 54951 3 54959 9 55041 5 55048 45 55185 18 55208 4 55214 11 55297 51 55441 17 55464 17 55552 52 55697 17 55720 17 55809 44 55952 18 55976 17 56065 43 56208 18 56231 19 56323 41 56451 1 56464 17 56488 18 56581 38 56645 5 56706 3 56719 18 56744 18 56837 38 56900 7 56960 5 56975 19 57001 17 57094 37 57156 8 57174 1 57215 7 57230 20 57260 13 57351 36 57412 8 57429 2 57470 9 57486 20 57515 14 57611 19 57633 10 57668 8 57684 4 57725 10 57742 20 57765 21 57801 2 57867 17 57891 7 57925 7 57941 2 57980 11 57998 19 58020 22 58056 3 58124 15 58148 5 58188 5 58233 14 58255 18 58276 5 58283 15 58311 5 58381 14 58405 4 58445 5 58487 16 58512 17 58531 5 58540 13 58566 6 58643 7 58661 4 58701 5 58742 17 58769 15 58786 5 58796 13 58820 8 58901 4 58918 1 58958 4 58997 16 59026 14 59053 12 59076 8 59215 2 59253 15 59282 14 59309 12 59332 8 59509 13 59540 11 59566 10 59587 9 59765 13 59797 10 59823 8 59843 9 59987 2 60021 13 60054 9 60099 8 60151 4 60242 5 60278 12 60311 7 60356 6 60405 9 60457 2 60498 6 60535 11 60569 6 60612 3 60661 9 60711 4 60755 5 60792 10 60826 5 60915 12 60966 5 61011 6 61048 10 61170 13 61201 3 61221 6 61267 6 61305 9 61390 4 61422 7 61430 9 61457 3 61477 6 61523 7 61565 3 61644 6 61677 7 61686 8 61712 5 61733 7 61779 7 61898 8 61933 6 61942 8 61968 5 61990 5 62035 8 62152 8 62189 19 62224 5 62248 2 62290 9 62407 9 62446 18 62480 4 62542 12 62662 9 62702 18 62736 4 62797 13 62917 9 62959 17 62993 1 63053 12 63174 8 63215 8 63226 6 63307 14 63398 2 63430 8 63471 7 63482 6 63563 9 63653 4 63687 7 63729 4 63738 6 63817 10 63907 7 63944 6 63985 3 63995 5 64063 3 64073 10 64162 9 64243 1 64250 6 64318 5 64328 10 64414 13 64499 2 64505 7 64584 10 64668 16 64755 13 64840 9 64911 29 65011 14 65097 7 65165 30 65266 16 65353 6 65419 31 65522 9 65532 4
570211,0 65536
578073,937 5 1193 5 1259 1 1448 6 1499 3 1582 1 1704 7 1754 5 1835 5 1961 5 2010 6 2090 7 2217 5 2265 7 2346 7 2472 7 2521 6 2601 8 2728 7 2777 5 2857 9 2984 7 3032 6 3113 10 3241 6 3286 7 3369 10 3499 3 3542 6 3625 10 3797 7 3881 10 4053 6 4065 3 4085 1 4138 8 4310 3 4319 7 4341 2 4394 6 4573 10 4597 5 4651 3 4828 12 4842 2 4853 5 5081 14 5108 7 5336 14 5363 8 5585 2 5590 16 5611 1 5619 8 5809 1 5840 4 5846 16 5867 1 5874 9 6063 5 6095 4 6102 20 6131 7 6319 6 6350 5 6358 20 6389 5 6575 7 6605 29 6831 7 6861 29 6953 4 7086 8 7118 27 7207 6 7342 7 7375 26 7463 6 7598 7 7633 24 7719 5 7854 6 7894 19 8110 6 8152 16 8365 6 8386 2 8410 14 8622 5 8667 12 8878 4 8924 10 9134 4 9181 8 9438 6 9512 4 9695 4 9767 7 9951 3 10023 8 10161 5 10206 6 10279 8 10417 5 10462 8 10536 7 10718 14 10793 6 10974 14 11050 3 11230 13 11486 12 11743 11 11999 10 12256 8 12512 7 12767 7 13023 6 13279 4 13536 2 13729 4 13768 3 13984 7 13992 2 14023 5 14239 11 14279 5 14494 13 14515 2 14534 6 14751 12 14769 6 14791 5 15007 12 15025 7 15047 5 15266 10 15282 6 15304 3 15524 2 15530 3 15538 7 15787 2 15794 6 15832 2 16050 5 16086 5 16307 3 16314 2 16339 8 16570 2 16594 8 16826 3 16851 7 17083 2 17113 1 17331 1 17339 1 17586 3 17617 6 17841 4 17873 5 18096 5 19775 2 20029 6 20278 3 20283 9 20293 2 20533 20 20789 21 21044 22 21293 29 21543 14 21565 14 21802 15 21821 13 22059 16 22077 13 22315 16 22334 12 22564 1 22572 1 22575 12 22590 11 22833 10 22847 10 23090 9 23104 8 23347 7 23361 6 23604 5 23618 5 29846 3 30101 4 30357 4 30614 3 30871 3 31127 3 31382 3 31636 5 31880 3 31891 5 32135 4 32146 6 32390 5 32400 7 32646 17 32902 16 33142 2 33158 16 33396 6 33414 15 33651 7 33662 4 33671 14 33907 9 33917 5 33929 12 34163 16 34186 9 34419 16 34444 6 34675 17 34701 2 34931 17 35187 17 35443 17 35699 17 35954 18 36210 17 36466 17 36722 14 36979 13 37236 12 37492 11 37748 10 38004 8 38259 9 38515 10 38771 10 38858 10 39027 11 39113 12 39283 11 39369 13 39539 11 39623 17 39795 10 39879 18 40051 8 40134 20 40307 7 40390 20 40563 6 40647 20 40820 3 40903 21 41159 21 41414 22 41670 21 41924 23 42178 24 42434 24 42689 25 42944 17 42962 7 43112 4 43200 17 43263 1 43367 6 43457 16 43517 3 43623 7 43714 16 43768 8 43878 8 43972 14 44020 12 44133 9 44229 14 44275 13 44387 11 44486 14 44531 13 44642 11 44743 13 44787 13 44898 11 44999 13 45043 13 45153 12 45255 13 45299 13 45409 11 45511 13 45554 14 45664 11 45767 13 45810 14 45920 10 46023 13 46067 13 46175 10 46279 13 46323 13 46431 10 46535 13 46579 13 46687 8 46791 13 46833 15 46924 3 46943 7 47047 13 47088 16 47179 5 47200 6 47303 13 47329 4 47344 16 47434 6 47456 6 47560 12 47584 6 47600 16 47689 7 47712 5 47816 11 47839 11 47856 16 47944 8 47969 4 48072 10 48093 14 48114 14 48199 9 48226 1 48328 8 48348 15 48374 10 48456 7 48585 6 48603 16 48631 9 48713 6 48841 6 48855 20 48887 9 48970 4 49097 5 49110 8 49120 11 49143 9 49354 5 49366 8 49378 10 49400 8 49611 5 49623 6 49635 10 49656 8 49867 5 49881 2 49892 10 49913 7 50030 1 50123 5 50149 10 50169 6 50286 1 50379 5 50393 1 50408 8 50427 3 50542 1 50636 3 50649 1 50666 6 50923 5 51159 1 51180 3 51419 1 51429 4 51436 4 51671 1 51674 3 51684 5 51692 4 51925 10 51940 5 51948 4 52180 12 52195 7 52204 4 52430 9 52440 7 52452 5 52459 4 52685 9 52698 5 52708 5 52714 5 52939 11 52955 5 52965 3 52971 3 53194 12 53212 4 53222 2 53450 12 53468 7 53547 5 53625 2 53706 12 53723 11 53802 8 53882 1 53962 12 53978 12 54057 10 54138 1 54218 11 54234 12 54313 10 54395 1 54446 2 54473 13 54489 4 54497 4 54569 10 54650 4 54695 11 54729 14 54745 1 54754 2 54825 11 54905 6 54949 14 54985 13 55081 11 55160 8 55205 15 55246 7 55337 10 55415 10 55460 17 55504 4 55593 10 55670 11 55703 6 55715 20 55850 8 55926 11 55958 7 55970 23 56106 8 56183 9 56213 9 56224 26 56361 8 56439 8 56469 19 56491 16 56616 9 56697 4 56724 19 56748 15 56802 4 56864 1 56871 9 56980 18 57006 3 57012 7 57038 4 57058 5 57119 4 57125 11 57236 17 57270 4 57293 6 57314 6 57376 14 57492 16 57527 3 57548 7 57571 4 57634 11 57747 17 57803 8 57827 3 57835 2 57891 9 58003 17 58058 9 58089 5 58148 7 58259 16 58313 9 58344 6 58514 17 58559 3 58569 10 58600 7 58770 8 58780 6 58814 4 58825 8 58834 4 58840 2 58856 7 59026 8 59038 4 59071 2 59080 9 59090 8 59112 8 59282 8 59294 4 59336 9 59346 9 59369 7 59539 8 59549 6 59592 12 59609 1 59625 7 59795 16 59847 12 59882 6 60052 16 60102 15 60138 6 60309 5 60315 9 60358 17 60395 5 60565 4 60572 8 60614 19 60651 5 60821 4 60832 4 60839 3 60869 21 60907 6 61076 6 61090 8 61125 21 61163 6 61331 8 61346 8 61382 21 61420 4 61586 8 61603 7 61639 19 61677 1 61842 2 61859 7 61897 17 62096 4 62116 6 62154 16 62351 4 62373 5 62411 7 62421 3 62439 3 62606 5 62630 2 62668 4 62676 5 62862 5 62925 3 62931 6 63062 1 63118 5 63187 7 63316 6 63376 3 63443 7 63572 7 63634 1 63700 5 63828 7 63890 1 64038 1 64083 9 64291 6 64339 9 64545 10 64594 12 64766 2 64800 11 64848 15 65021 3 65056 12 65104 16 65277 3 65312 13 65360 16 65533 3
580255,47 13 66 87 302 14 323 85 558 14 579 77 657 7 813 15 835 29 867 45 913 6 1069 15 1091 28 1124 44 1169 6 1325 15 1348 27 1380 52 1582 13 1605 26 1636 53 1838 12 1864 23 1892 56 2095 11 2121 24 2148 59 2351 10 2376 88 2607 9 2632 89 2863 8 2887 90 3120 6 3142 91 3336 3 3376 5 3398 91 3590 6 3634 1 3654 83 3739 6 3845 7 3910 82 3995 5 4100 9 4166 82 4251 4 4356 9 4423 4 4429 81 4612 9 4686 80 4788 7 4869 7 4943 79 5043 9 5126 5 5199 80 5298 12 5456 82 5553 15 5714 4 5719 75 5809 21 5979 71 6064 24 6237 49 6289 17 6320 24 6493 48 6545 17 6575 25 6748 48 6802 16 6830 26 7003 71 7078 35 7254 76 7332 37 7507 78 7588 38 7680 1 7762 78 7844 38 7936 3 8017 78 8099 40 8192 4 8264 1 8273 69 8344 6 8355 41 8448 4 8519 5 8528 70 8610 43 8704 4 8772 10 8783 71 8866 44 8960 4 9027 80 9109 3 9122 45 9216 5 9282 80 9366 3 9378 45 9472 5 9538 79 9622 3 9634 46 9728 5 9795 77 9890 47 9984 5 10050 77 10148 46 10240 5 10305 76 10405 45 10495 6 10559 71 10661 45 10751 6 10814 71 10913 1 10917 46 11007 6 11070 71 11168 50 11264 5 11325 71 11424 50 11520 5 11581 71 11680 49 11776 5 11836 72 11936 49 12031 7 12092 73 12192 50 12285 9 12347 74 12448 51 12540 9 12602 75 12704 51 12795 10 12857 76 12960 52 13050 10 13113 76 13217 51 13306 6 13369 76 13474 50 13562 6 13625 76 13731 49 13818 6 13881 75 13987 50 14074 6 14137 75 14243 51 14329 7 14393 74 14500 52 14585 7 14649 75 14756 52 14841 7 14906 75 15011 54 15097 7 15162 75 15262 59 15353 7 15418 75 15517 60 15609 7 15675 74 15772 61 15865 7 15933 72 16028 61 16121 7 16190 71 16283 61 16377 7 16447 70 16538 62 16634 6 16703 70 16794 61 16891 5 16959 70 17050 6 17057 53 17148 4 17216 68 17308 2 17313 52 17402 6 17472 67 17570 36 17610 10 17657 7 17665 1 17729 66 17826 35 17865 13 17912 12 17985 63 18083 33 18120 15 18168 13 18242 60 18340 32 18376 15 18423 15 18498 60 18604 24 18632 16 18679 15 18748 3 18755 5 18762 53 18862 22 18887 17 18935 15 19003 6 19020 52 19122 18 19143 17 19191 14 19258 9 19279 49 19380 16 19399 17 19448 12 19514 10 19537 47 19637 14 19656 16 19704 11 19771 9 19791 48 19898 9 19912 14 19960 8 20028 4 20033 9 20043 47 20156 6 20170 10 20217 7 20290 55 20353 4 20413 4 20473 7 20546 54 20608 6 20671 1 20729 7 20802 54 20864 7 20985 7 21058 54 21119 9 21241 7 21314 54 21375 8 21396 4 21497 7 21570 53 21632 7 21644 13 21753 7 21825 53 21889 5 21898 16 22010 6 22080 49 22146 3 22153 18 22268 4 22333 53 22407 21 22525 3 22588 55 22662 23 22783 1 22844 56 22917 25 23076 3 23093 64 23172 26 23332 3 23348 65 23427 27 23587 4 23603 67 23682 28 23843 3 23859 67 23938 28 23968 6 24099 2 24115 67 24194 28 24223 8 24370 69 24450 37 24626 71 24706 37 24880 73 24962 36 25134 76 25218 36 25390 119 25646 118 25902 118 26159 116 26414 116 26669 116 26923 118 27177 121 27433 120 27688 120 27944 120 28199 121 28455 111 28571 4 28711 111 28967 111 29222 111 29479 112 29735 114 29991 115 30248 115 30426 8 30504 115 30680 10 30760 115 30935 12 31017 70 31089 42 31191 12 31274 68 31347 39 31446 13 31532 66 31604 38 31702 14 31789 65 31861 5 31868 29 31958 14 32045 65 32125 28 32214 15 32302 64 32381 28 32470 16 32559 62 32637 27 32726 16 32817 59 32894 26 32982 16 33075 56 33150 25 33238 16 33332 55 33406 23 33493 17 33589 53 33662 21 33748 18 33845 52 33918 19 34004 17 34100 53 34175 15 34259 18 34355 55 34431 10 34514 18 34611 54 34687 9 34770 17 34867 54 34943 8 35026 17 35045 5 35124 49 35199 7 35282 16 35301 5 35380 47 35456 5 35538 16 35556 7 35636 46 35713 2 35796 14 35813 5 35893 45 36056 10 36071 1 36154 8 36163 30 36313 9 36421 28 36569 9 36678 26 36825 8 36934 3 36940 20 37081 8 37190 1 37198 17 37338 6 37446 1 37456 14 37594 5 37713 12 37851 3 37971 10 38232 2 38734 2 38990 3 39246 3 39502 3 39758 3 40015 2 43520 6 43776 8 44032 9 44288 9 44544 9 44800 9 45057 6
580290,0 6 17 10 206 2 209 4 229 6 241 21 272 12 461 3 466 3 485 7 497 20 522 19 717 3 722 5 741 8 753 15 769 4 777 11 974 5 998 7 1009 15 1028 1 1032 11 1231 4 1254 8 1264 10 1276 4 1287 13 1486 9 1509 8 1520 10 1533 3 1542 14 1743 9 1764 9 1776 9 1789 3 1797 15 1823 4 1902 1 2004 5 2020 8 2031 10 2045 3 2052 16 2079 4 2090 1 2100 1 2157 4 2173 1 2260 5 2275 9 2286 11 2300 4 2308 8 2317 6 2327 2 2333 6 2345 2 2412 2 2415 4 2428 2 2460 1 2516 5 2530 11 2542 13 2556 4 2565 6 2574 5 2582 4 2587 9 2598 1 2602 1 2668 2 2671 4 2684 2 2716 2 2769 10 2786 30 2822 4 2830 2 2838 14 2924 2 2927 5 2936 5 2944 2 3025 5 3032 4 3042 30 3078 3 3094 14 3180 10 3192 5 3199 3 3210 1 3281 3 3288 4 3298 30 3334 2 3353 10 3384 3 3436 22 3466 1 3537 3 3544 4 3555 29 3590 2 3609 9 3639 5 3692 22 3722 1 3798 2 3802 3 3810 30 3843 3 3863 3 3869 5 3895 4 3949 24 4051 6 4058 4 4064 32 4099 3 4119 4 4127 2 4151 4 4206 4 4211 19 4307 45 4355 2 4374 5 4408 2 4462 2 4467 19 4563 44 4611 2 4630 5 4723 18 4820 44 4886 5 4978 19 5076 7 5085 35 5141 5 5234 19 5333 6 5341 35 5397 4 5490 17 5589 6 5597 35 5653 3 5746 16 5846 42 5991 6 6002 16 6102 42 6247 6 6256 2 6259 14 6358 8 6368 32 6426 4 6508 1 6513 1 6515 7 6523 4 6613 5 6624 31 6681 6 6769 8 6780 2 6845 3 6869 3 6882 29 6935 6 7026 6 7035 3 7100 4 7138 30 7191 6 7282 5 7291 3 7356 4 7395 29 7446 5 7538 4 7548 2 7554 2 7612 4 7650 30 7702 5 7774 4 7793 5 7809 4 7864 7 7905 31 7957 5 8031 3 8048 6 8066 2 8120 2 8164 28 8213 4 8304 10 8375 3 8420 28 8468 3 8560 5 8567 4 8572 1 8631 1 8672 32 8724 3 8816 3 8823 6 8887 1 8897 1 8927 33 8980 3 9056 2 9072 3 9079 6 9119 2 9122 1 9144 6 9152 4 9182 34 9236 3 9311 3 9319 3 9328 3 9334 4 9340 1 9374 5 9400 14 9437 35 9492 2 9542 1 9567 3 9572 6 9590 3 9630 4 9656 14 9692 36 9748 1 9798 1 9812 1 9824 1 9829 4 9846 2 9854 1 9912 14 9948 36 10062 1 10067 2 10169 12 10204 36 10318 1 10323 2 10368 2 10427 9 10461 35 10580 1 10673 3 10684 6 10718 34 10929 3 10974 34 11230 34 11360 1 11486 34 11742 34 11799 3 11999 33 12043 2 12255 33 12297 6 12477 1 12485 3 12511 33 12552 8 12741 1 12744 1 12767 33 12808 12 12852 1 12997 1 13000 1 13024 32 13063 12 13106 4 13280 32 13319 11 13361 5 13481 2 13535 1 13538 30 13575 12 13617 5 13671 2 13736 2 13791 33 13830 3 13835 10 13873 5 13925 4 13991 3 14046 34 14084 4 14091 10 14130 4 14181 5 14244 6 14265 1 14279 1 14302 34 14339 5 14347 9 14386 4 14437 5 14499 7 14508 1 14521 4 14534 3 14558 34 14595 6 14603 8 14642 3 14693 3 14756 6 14776 2 14790 4 14815 5 14823 25 14852 15 14898 3 15013 5 15030 4 15046 5 15062 2 15066 3 15080 24 15108 14 15154 2 15269 5 15294 12 15322 4 15337 23 15364 12 15410 1 15444 1 15525 1 15527 3 15550 12 15578 4 15594 22 15619 7 15784 1 15794 3 15807 1 15811 7 15834 4 15850 22 15875 6 16050 4 16068 6 16091 1 16105 23 16131 5 16236 2 16306 4 16326 2 16339 1 16361 23 16387 4 16399 4 16491 3 16554 3 16561 5 16574 2 16594 2 16617 23 16644 1 16654 5 16747 3 16818 4 16831 1 16850 2 16873 23 16909 6 17003 3 17070 2 17076 1 17088 2 17106 2 17129 23 17165 6 17323 1 17344 2 17361 1 17385 23 17421 5 17578 2 17599 3 17609 4 17614 4 17643 21 17667 2 17678 1 17766 1 17834 6 17855 5 17865 12 17900 20 17923 2 17963 4 18021 3 18089 7 18107 15 18123 10 18157 19 18180 1 18219 4 18277 3 18347 6 18361 29 18414 18 18474 5 18534 1 18605 5 18615 31 18670 18 18730 4 18862 4 18870 32 18926 18 18986 3 19118 5 19125 32 19183 17 19243 2 19375 37 19440 16 19634 34 19698 14 19757 2 19883 2 19889 35 19928 2 19954 14 20013 3 20138 4 20145 26 20179 7 20211 13 20269 3 20394 21 20417 12 20436 6 20467 13 20524 4 20646 2 20649 22 20674 11 20692 5 20723 13 20779 4 20902 39 20948 6 20979 13 21034 5 21156 10 21168 28 21199 12 21235 13 21292 1 21412 8 21425 27 21456 3 21460 2 21492 12 21668 7 21686 22 21712 3 21748 12 21923 7 21941 23 21969 1 22005 11 22179 7 22191 1 22196 24 22231 1 22261 11 22435 7 22448 6 22456 19 22486 4 22518 9 22697 2 22704 5 22712 19 22734 2 22741 5 22776 3 22780 3 22951 1 22953 3 22958 7 22968 19 22990 2 22997 6 23036 3 23206 2 23209 3 23213 8 23224 3 23231 13 23246 2 23253 6 23293 3 23462 6 23469 34 23511 3 23548 4 23567 3 23718 6 23725 34 23767 3 23804 4 23818 5 23978 2 23981 30 24024 2 24060 3 24072 7 24234 32 24317 1 24328 6 24491 31 24584 5 24747 28 24776 1 24841 3 25003 22 25026 6 25098 2 25208 3 25259 3 25264 16 25283 5 25464 1 25520 16 25539 5 25776 12 25790 2 25795 4 26032 12 26046 2 26054 2 26201 2 26222 3 26284 1 26289 12 26302 2 26310 3 26457 3 26539 18 26558 1 26566 2 26710 6 26785 1 26795 18 26823 1 26966 6 27044 4 27051 20 27222 6 27246 1 27288 1 27300 5 27307 20 27479 5 27502 2 27543 3 27556 8 27567 11 27580 3 27735 5 27757 3 27799 3 27811 4 27816 3 27825 7 27836 3 27992 2 28012 4 28055 7 28066 9 28081 5 28092 4 28228 2 28268 2 28314 16 28338 3 28347 6 28484 3 28524 2 28570 16 28593 4 28604 5 28740 4 28780 2 28826 16 28849 4 28860 4 28996 2 29036 2 29082 15 29105 5 29270 1 29292 1 29338 7 29351 2 29361 5 29525 2 29548 1 29590 2 29594 6 29606 3 29618 4 29780 3 29804 1 29845 3 29854 2 29862 3 29875 4 30036 1 30060 1 30101 3 30117 4 30316 1 30356 2 30373 4 30572 1 30611 1 30629 4 30867 1 30890 3 31064 1 31142 2 31146 3 31318 3 31398 2 31573 4 31654 2 31779 1 31816 4 31828 5 31898 1 32072 3 32084 5 32183 1 32330 1 32339 5 32348 4 32405 1 32439 1 32595 5 32604 4 32695 1 32850 7 32859 5 33106 6 33115 4 33362 6 33371 4 33619 5 33627 2 33875 5 33932 1 34132 4 34389 3 34644 4 34887 4 34899 5 34906 1 34913 2 35143 4 35155 8 35169 8 35400 4 35408 10 35425 9 35440 2 35655 5 35664 10 35682 8 35696 2 35700 1 35911 6 35919 14 35939 7 35955 3 36167 23 36195 7 36212 2 36423 31 36455 4 36468 1 36680 36 36724 1 36939 32 37196 33 37452 34 37708 34 37963 6 37972 26 38219 4 38227 27 38256 3 38473 7 38483 9 38493 24 38728 8 38739 9 38749 25 38984 9 38995 35 39240 10 39251 36 39496 10 39507 37 39546 1 39752 52 40009 52 40264 54 40518 59 40712 1 40772 63 40969 2 41028 56 41089 3 41225 2 41280 1 41284 55 41346 1 41481 2 41535 58 41737 2 41741 2 41751 1 41791 57 41993 3 41997 3 42007 2 42047 3 42054 49 42114 1 42249 2 42255 1 42263 2 42311 47 42500 1 42567 46 42824 45 43079 46 43292 1 43335 46 43544 5 43591 46 43799 7 43846 49 43900 2 44054 8 44101 51 44309 10 44357 53 44566 9 44613 55 44822 3 44829 2 44869 4 44875 5 44881 43 45077 4 45095 2 45125 2 45137 42 45334 3 45352 5 45376 1 45381 2 45392 41 45609 4 45632 1 45637 2 45644 43 45866 2 45888 1 45894 1 45899 44 46125 2 46138 2 46155 39 46195 4 46382 1 46393 5 46410 39 46452 3 46646 1 46649 3 46667 37 46707 5 46902 1 46906 1 46923 37 46963 6 47180 45 47436 40 47479 2 47654 3 47692 40 47736 1 47911 2 47948 36 47985 3 48156 1 48205 7 48213 27 48241 2 48410 3 48460 8 48471 24 48496 1 48665 2 48715 10 48727 26 48919 3 48968 14 48983 11 48995 11 49007 2 49176 1 49200 1 49224 14 49239 19 49480 24 49510 3 49736 20 49993 18 50250 12 50263 3 50454 3 50507 7 50520 1 50711 1 50764 1 50776 1
584567,0 7 30 13 70 1 89 12 221 4 245 19 265 7 284 14 326 2 345 12 478 3 503 26 532 1 540 14 582 3 601 12 735 1 760 30 795 16 837 4 857 12 1016 31 1051 16 1094 3 1104 3 1113 12 1271 33 1307 17 1359 5 1369 12 1526 35 1562 18 1613 9 1626 11 1781 33 1817 20 1852 6 1867 12 1886 7 2036 32 2073 19 2106 13 2122 14 2143 6 2291 12 2304 14 2319 4 2330 16 2360 16 2377 15 2399 5 2527 2 2547 11 2560 14 2586 16 2615 34 2656 4 2783 5 2802 10 2816 14 2843 14 2871 34 2912 3 3039 8 3058 8 3072 14 3100 12 3127 34 3169 2 3295 9 3314 7 3328 15 3358 10 3382 36 3426 1 3551 9 3569 7 3584 16 3614 11 3638 37 3805 13 3825 1 3829 1 3840 18 3865 2 3869 12 3893 39 4059 5 4070 6 4096 28 4125 14 4148 30 4181 7 4251 2 4315 5 4326 6 4352 28 4381 15 4403 17 4422 11 4437 7 4506 6 4516 3 4571 5 4581 7 4605 30 4639 14 4658 17 4681 7 4693 7 4761 15 4827 5 4837 7 4860 30 4898 10 4914 17 4939 4 4949 7 5017 15 5085 1 5093 7 5115 28 5155 8 5168 18 5195 4 5205 7 5272 17 5349 7 5366 2 5370 27 5412 8 5424 18 5449 6 5461 7 5527 18 5605 8 5621 15 5639 13 5668 8 5679 18 5704 7 5718 5 5783 19 5862 7 5875 18 5902 3 5925 28 5960 8 5972 8 6038 20 6118 7 6131 18 6181 27 6217 19 6293 21 6375 5 6386 11 6398 7 6437 26 6473 19 6545 25 6573 3 6631 1 6642 19 6694 24 6730 19 6801 32 6897 19 6951 4 6959 14 6986 19 7046 1 7057 32 7153 19 7216 13 7243 18 7299 6 7313 32 7409 18 7472 12 7499 19 7552 9 7568 33 7665 16 7728 12 7755 20 7806 12 7824 33 7901 3 7915 1 7922 5 7930 6 7985 11 8012 20 8061 13 8079 34 8153 8 8179 13 8241 10 8268 22 8316 15 8335 34 8406 11 8435 13 8499 8 8523 23 8571 17 8591 35 8662 11 8692 12 8756 8 8778 25 8827 17 8846 36 8917 12 8950 10 9011 9 9034 25 9082 20 9104 33 9173 12 9205 11 9267 10 9289 26 9337 21 9362 31 9428 13 9461 11 9522 11 9545 26 9593 21 9619 29 9683 14 9717 11 9778 12 9794 3 9801 26 9849 21 9876 28 9938 13 9973 7 10034 20 10057 26 10098 4 10103 22 10132 27 10193 10 10230 4 10290 22 10313 24 10353 27 10388 27 10448 10 10547 41 10608 27 10644 27 10704 10 10803 41 10864 18 10883 6 10900 27 10959 11 10991 1 11060 3 11067 33 11119 21 11155 27 11215 10 11247 1 11323 33 11374 22 11411 26 11470 4 11477 3 11579 32 11630 23 11668 23 11726 4 11835 31 11886 23 11924 22 11982 4 12090 32 12141 24 12180 22 12238 5 12345 32 12396 25 12436 22 12494 5 12601 32 12647 29 12692 21 12750 6 12857 31 12902 22 12925 7 12948 20 13006 6 13037 1 13056 3 13111 33 13157 22 13183 6 13206 17 13263 5 13293 1 13312 4 13363 37 13413 22 13440 6 13464 6 13473 5 13519 5 13559 2 13568 4 13619 38 13670 20 13696 7 13775 6 13807 4 13813 5 13824 4 13875 38 13927 18 13952 8 14032 5 14063 11 14080 4 14130 39 14187 14 14208 8 14288 5 14320 9 14335 5 14386 39 14445 12 14464 9 14545 4 14577 7 14590 2 14642 40 14701 12 14719 10 14800 6 14835 3 14840 3 14898 40 14958 11 14973 12 15013 5 15053 9 15095 5 15155 39 15206 2 15212 13 15228 13 15267 8 15306 12 15349 8 15411 16 15430 19 15460 4 15467 31 15522 9 15561 14 15605 8 15668 14 15685 20 15715 5 15721 35 15778 9 15816 15 15860 9 15926 12 15941 19 15970 43 16034 9 16071 17 16116 10 16184 31 16226 19 16248 22 16291 7 16326 13 16372 10 16440 30 16482 18 16504 6 16511 16 16548 4 16581 13 16629 9 16696 27 16738 18 16760 5 16767 18 16836 14 16886 7 16952 26 16994 18 17016 4 17023 21 17091 15 17144 4 17208 25 17244 1 17249 18 17272 6 17280 23 17347 15 17364 5 17464 23 17500 1 17505 9 17515 8 17528 6 17537 23 17604 21 17720 21 17756 22 17783 9 17793 11 17805 11 17860 22 17919 1 17977 18 18013 21 18039 20 18062 11 18117 21 18174 2 18233 18 18268 6 18276 14 18296 18 18318 11 18374 21 18430 2 18490 3 18495 11 18524 5 18534 12 18548 1 18552 17 18574 11 18630 23 18685 3 18754 4 18780 5 18790 12 18804 21 18830 10 18886 25 18941 3 19035 7 19046 2 19049 9 19059 22 19086 9 19143 25 19197 3 19288 10 19305 31 19343 8 19399 25 19452 4 19543 10 19561 30 19599 7 19655 25 19708 4 19798 8 19817 27 19856 6 19911 25 19962 6 20053 9 20073 25 20113 5 20167 24 20216 8 20309 9 20328 26 20370 4 20422 26 20464 16 20565 8 20584 25 20626 4 20677 28 20717 19 20822 6 20840 25 20882 3 20933 28 20972 20 21078 6 21096 25 21139 2 21189 28 21226 22 21334 6 21351 26 21445 28 21481 23 21563 5 21590 5 21606 27 21701 27 21736 24 21819 5 21846 6 21859 30 21957 27 21991 25 22054 6 22075 6 22102 7 22114 31 22213 17 22233 7 22246 26 22309 10 22333 2 22358 43 22420 4 22445 1 22470 18 22502 26 22564 12 22614 31 22649 8 22676 7 22700 4 22727 17 22758 26 22820 12 22871 23 22897 3 22905 14 22931 10 22984 16 23014 26 23075 14 23128 22 23162 15 23184 14 23243 13 23270 26 23332 12 23386 19 23418 15 23439 15 23501 11 23527 25 23588 12 23646 15 23674 16 23693 17 23763 5 23783 25 23850 5 23909 6 23930 37 24040 24 24107 4 24166 3 24187 36 24298 17 24316 4 24363 4 24414 1 24444 26 24472 7 24555 16 24572 4 24619 5 24668 6 24701 23 24729 7 24802 3 24812 15 24828 4 24876 4 24923 9 24960 19 24986 5 25055 7 25070 11 25084 4 25133 3 25179 10 25220 14 25243 4 25309 10 25329 6 25340 4 25377 3 25391 2 25400 3 25435 10 25477 13 25509 1 25564 11 25585 5 25596 4 25631 6 25647 4 25654 7 25691 10 25733 13 25763 5 25816 15 25839 2 25852 4 25886 8 25903 5 25909 8 25948 8 25990 16 26019 7 26061 5 26071 17 26093 5 26109 3 26142 8 26159 15 26175 6 26204 8 26247 20 26275 9 26315 9 26326 18 26349 5 26365 3 26398 9 26415 23 26460 7 26504 20 26531 9 26570 10 26582 18 26607 1 26621 3 26654 9 26671 24 26716 7 26761 20 26787 10 26826 10 26838 19 26876 4 26910 11 26925 26 26973 5 27018 20 27043 10 27081 10 27094 19 27132 4 27166 41 27230 3 27274 20 27299 10 27337 10 27350 19 27388 4 27422 41 27512 4 27535 15 27554 11 27592 11 27606 20 27643 5 27678 41 27766 8 27793 13 27810 11 27848 11 27861 22 27899 5 27934 41 28021 10 28051 10 28065 12 28104 35 28155 5 28189 43 28277 10 28307 9 28320 12 28360 36 28411 5 28445 44 28524 4 28532 12 28564 9 28575 12 28617 34 28667 5 28702 44 28778 7 28787 13 28820 21 28873 34 28923 5 28959 44 29035 6 29043 14 29078 18 29129 34 29179 5 29217 43 29294 2 29298 15 29335 14 29385 34 29435 5 29474 42 29554 15 29590 15 29641 35 29693 1 29730 42 29810 15 29846 14 29897 36 29985 42 30064 18 30101 16 30154 10 30168 21 30240 42 30319 19 30356 20 30426 19 30496 42 30574 20 30611 22 30683 18 30751 42 30829 21 30867 22 30929 5 30945 12 31008 26 31038 11 31084 22 31123 23 31183 9 31202 11 31264 20 31296 9 31338 24 31379 23 31408 3 31438 11 31458 11 31520 19 31553 7 31594 24 31627 3 31635 33 31694 11 31715 9 31776 18 31810 6 31849 25 31875 13 31892 33 31932 5 31949 13 31973 7 32032 17 32066 6 32105 39 32149 33 32187 7 32203 15 32229 2 32287 16 32323 4 32361 39 32406 32 32443 9 32458 16 32483 4 32543 15 32580 1 32617 40 32662 33 32698 10 32714 17 32735 9 32799 14 32873 40 32918 33 32954 10 32969 32 33056 13 33129 41 33173 34 33211 7 33225 33 33312 13 33384 79 33481 33 33568 13 33640 79 33723 2 33736 35 33825 11 33895 80 33978 4 33992 35 34081 10 34151 79 34232 6 34247 37 34338 9 34407 68 34477 8 34488 6 34501 39 34594 8 34663 78 34744 6 34756 25 34782 14 34851 6 34919 77 35000 5 35010 25 35040 12 35109 2 35175 77 35257 2 35266 24 35296 11 35431 77 35521 23 35547 16 35687 77 35776 23 35801 17 35940 80 36030 23 36056 10 36068 3 36194 82 36284 24 36311 11 36324 3 36450 81 36539 25 36566 12 36580 3 36705 82 36794 24 36820 14 36836 3 36961 82 37049 22 37076 15 37092 2 37217 82 37304 22 37331 19 37474 81 37559 22 37586 17 37604 2 37730 81 37814 23 37842 17 37986 107 38097 18 38242 106 38352 15 38368 2 38498 13 38513 80 38594 9 38608 15 38755 10 38769 89 38864 13 39014 2 39025 90 39118 15 39282 106 39397 1 39538 97 39645 1 39653 3 39793 67 39862 28 39900 2 39909 5 40041 2 40049 66 40118 28 40156 2 40165 6 40296 4 40304 67 40374 28 40412 3 40422 6 40552 73 40631 3 40635 24 40668 3 40679 5 40808 71 40891 24 40924 3 40936 4 41064 68 41147 23 41179 5 41193 3 41320 70 41403 22 41434 5 41576 70 41650 2 41658 20 41690 3 41832 71 41906 4 41914 20 41945 4 42087 73 42162 27 42201 3 42343 102 42456 3 42599 51 42651 52 42712 3 42838 3 42855 51 42908 19 42929 7 42940 21 42968 3 43094 4 43111 50 43164 18 43186 5 43197 21 43222 4 43349 5 43367 50 43420 18 43442 5 43454 28 43503 5 43605 5 43623 50 43676 10 43688 6 43699 4 43712 25 43758 6 43861 5 43880 8 43890 39 43934 7 43944 6 43955 3 43968 25 44014 6 44100 3 44118 3 44136 8 44147 39 44199 15 44224 25 44260 2 44269 6 44355 4 44393 7 44402 39 44454 16 44481 24 44515 5 44524 6 44534 4 44611 4 44649 47 44709 17 44738 22 44770 7 44780 4 44788 7 44868 1 44905 47 44964 18 44995 20 45025 14 45043 9 45159 50 45218 21 45253 17 45278 13 45298 10 45414 12 45429 36 45472 23 45510 15 45531 16 45554 10 45669 13 45687 36 45726 25 45768 12 45785 17 45810 11 45925 13 45944 63 46024 11 46040 17 46066 12 46182 12 46201 47 46250 9 46282 8 46294 17 46322 14 46438 12 46457 45 46506 7 46539 6 46550 17 46578 14 46694 12 46713 42 46761 6 46795 5 46805 18 46833 15 46950 13 46968 42 47016 5 47053 3 47061 18 47089 15 47206 15 47223 40 47272 5 47317 18 47345 15 47464 50 47527 6 47573 18 47602 14 47724 45 47782 7 47830 17 47858 14 47981 44 48037 8 48067 1 48086 17 48115 13 48238 43 48293 8 48323 3 48342 17 48372 12 48465 3 48494 43 48549 7 48578 5 48587 4 48598 17 48629 11 48721 4 48751 42 48805 6 48833 6 48843 5 48854 18 48886 10 48977 4 49007 41 49062 5 49089 6 49099 6 49109 19 49143 9 49234 3 49263 41 49318 5 49345 6 49354 7 49364 20 49401 5 49490 4 49520 40 49573 6 49600 6 49610 7 49620 20 49659 1 49746 4 49776 39 49829 7 49856 5 49863 1 49865 7 49876 20 50002 5 50033 38 50084 8 50112 5 50119 8 50132 20 50258 5 50266 3 50290 37 50340 10 50368 4 50376 6 50389 19 50514 13 50548 34 50596 13 50625 3 50632 5 50646 18 50770 14 50805 33 50853 12 50888 5 50903 1 50908 12 51026 14 51062 32 51110 12 51144 5 51165 11 51281 15 51318 32 51357 4 51366 2 51370 8 51400 5 51421 9 51537 15 51574 33 51612 6 51625 9 51654 7 51677 7 51793 15 51831 33 51868 22 51902 14 51934 4 52050 14 52087 33 52124 21 52157 14 52310 10 52343 34 52380 21 52413 13 52568 7 52599 34 52639 1 52641 15 52668 14 52711 3 52825 2 52854 35 52900 10 52924 14 52966 4 53108 37 53158 4 53179 15 53222 4 53364 10 53377 24 53435 12 53479 3 53619 3 53626 1 53634 25 53692 9 53876 1 53890 27 53949 6 54146 28 54207 2 54221 4 54403 27 54477 4 54659 28 54733 4 54743 5 54916 27 54991 1 54998 6 55173 27 55231 3 55254 6 55430 29 55487 3 55509 7 55686 32 55742 5 55763 9 55943 32 55997 7 56018 11 56200 32 56251 10 56264 23 56456 32 56505 38 56712 24 56740 1 56755 44 56968 23 57010 44 57224 23 57266 43 57480 24 57522 42 57736 24 57777 42 57991 26 58027 47 58247 27 58282 48 58503 27 58538 52 58759 28 58795 56 59015 28 59052 56 59271 28 59309 55 59528 27 59569 1 59571 49 59784 27 59828 48 60041 26 60084 47 60298 25 60340 13 60354 5 60366 7 60376 11 60555 24 60597 11 60622 5 60634 8 60813 23 60854 10 60892 5 61071 21 61111 8 61328 20 61368 6 61585 19 61842 18 62099 17 62356 16 62612 6 62621 3 62868 5 63443 3 63697 8 63708 3 63935 3 63952 16 64056 3 64185 10 64208 17 64312 7 64392 3 64441 10 64464 17 64568 8 64650 1 64697 11 64720 17 64824 9 64953 11 64977 16 65081 8 65210 11 65235 15 65337 8 65412 4 65466 11 65495 11
596931,0 10 23 11 82 14 155 18 203 8 229 31 264 1 279 9 339 13 364 3 411 18 458 9 485 29 535 8 596 12 618 5 666 19 714 9 742 27 794 5 853 9 864 1 874 5 921 20 969 10 998 26 1051 4 1110 6 1120 1 1131 4 1176 21 1225 10 1254 4 1261 19 1308 3 1365 13 1388 3 1432 22 1482 9 1504 5 1510 3 1517 19 1621 12 1645 3 1688 22 1738 11 1759 10 1773 19 1877 10 1900 7 1944 22 1996 10 2015 10 2029 3 2035 13 2133 7 2155 9 2200 22 2252 10 2272 9 2294 10 2389 6 2408 13 2457 20 2508 10 2528 9 2554 6 2585 1 2644 6 2663 3 2667 10 2714 3 2721 11 2764 10 2784 9 2813 1 2898 7 2919 2 2927 6 2978 9 3020 9 3040 10 3154 7 3184 3 3234 9 3276 9 3296 10 3409 8 3489 10 3532 9 3551 11 3613 3 3665 8 3741 13 3788 9 3807 11 3868 5 3920 9 3995 15 4045 8 4063 12 4124 5 4174 10 4250 5 4256 10 4281 5 4301 8 4318 13 4380 5 4430 10 4506 4 4514 9 4534 9 4557 8 4574 13 4636 5 4686 9 4762 4 4770 10 4790 11 4813 8 4830 13 4893 4 4942 9 5019 2 5026 11 5046 11 5069 9 5086 12 5150 6 5192 3 5199 9 5282 12 5302 11 5325 9 5343 9 5407 8 5446 6 5457 7 5538 12 5558 6 5583 5 5603 1 5663 9 5701 7 5714 6 5794 12 5814 5 5828 2 5919 10 5956 8 5970 6 6040 3 6051 10 6071 4 6084 2 6175 11 6211 10 6226 6 6294 6 6309 8 6328 3 6340 3 6431 11 6465 24 6550 5 6566 6 6585 4 6598 1 6687 10 6720 25 6806 5 6822 5 6830 4 6943 10 6976 25 7062 3 7079 1 7084 7 7166 2 7200 9 7232 24 7318 1 7340 8 7421 3 7456 8 7488 22 7568 8 7596 10 7676 4 7712 8 7745 21 7810 4 7824 12 7851 12 7931 5 7968 8 8002 20 8066 5 8080 15 8106 13 8187 5 8224 8 8258 19 8322 5 8336 17 8361 8 8371 5 8443 5 8480 9 8515 18 8578 5 8592 19 8617 7 8630 1 8699 5 8736 1 8739 6 8771 17 8834 5 8848 20 8873 7 8927 1 8956 4 8996 5 9028 15 9091 4 9104 20 9128 8 9182 3 9253 4 9283 3 9289 9 9348 3 9360 22 9384 8 9437 5 9538 15 9604 4 9616 22 9641 7 9693 5 9794 15 9860 5 9874 21 9900 3 9949 5 9981 3 10049 16 10116 6 10130 22 10204 5 10235 5 10304 17 10372 7 10386 22 10460 5 10489 7 10560 17 10628 7 10642 22 10715 5 10744 8 10815 18 10884 5 10898 22 10965 3 10971 4 11000 8 11071 18 11155 21 11220 11 11255 9 11327 18 11412 20 11476 9 11486 2 11493 3 11511 9 11584 17 11668 19 11733 7 11743 9 11767 9 11840 17 11925 18 11989 6 12000 8 12022 10 12096 17 12182 17 12245 5 12257 6 12278 10 12353 16 12439 16 12502 3 12513 5 12532 12 12610 13 12696 15 12783 17 12866 12 12932 1 12953 14 13039 17 13121 12 13186 5 13209 16 13226 3 13297 15 13377 12 13442 7 13466 19 13554 14 13633 13 13698 7 13724 17 13754 2 13810 14 13889 13 13954 7 13982 14 14007 6 14066 14 14145 11 14211 7 14238 14 14261 9 14323 13 14401 9 14468 6 14495 12 14517 9 14580 12 14658 7 14724 6 14753 10 14776 6 14837 11 14915 5 14981 5 15010 9 15033 5 15094 10 15172 3 15237 4 15268 11 15290 5 15350 10 15492 5 15525 10 15548 2 15606 10 15748 4 15782 8 15861 11 16004 4 16039 6 16117 10 16261 2 16372 11 16626 13 16700 1 16881 15 16955 2 17137 15 17211 2 17393 15 17422 1 17649 15 17677 2 17904 16 17933 2 18102 2 18159 17 18346 2 18355 6 18409 23 18601 5 18610 7 18663 25 18856 6 18865 8 18918 26 19112 6 19120 8 19174 26 19366 7 19377 7 19430 26 19621 7 19633 6 19687 6 19694 18 19876 9 19891 2 19943 5 19951 17 20131 11 20198 5 20208 16 20387 11 20454 5 20463 17 20643 11 20709 6 20719 17 20900 10 20965 6 20975 17 21158 8 21220 7 21231 17 21416 6 21477 5 21487 17 21673 6 21733 4 21742 18 21929 6 21998 18 22186 4 22253 19 22443 4 22497 1 22509 19 22701 3 22752 4 22764 20 22956 5 23006 6 23021 19 23159 3 23212 5 23260 9 23278 18 23414 5 23468 5 23514 11 23535 17 23669 6 23724 4 23769 15 23792 16 23925 6 23981 2 24024 16 24048 16 24180 8 24280 16 24304 16 24435 10 24535 17 24560 16 24690 11 24791 17 24817 14 24945 11 25047 16 25073 14 25201 10 25264 6 25303 15 25330 13 25457 10 25520 7 25560 13 25587 13 25698 4 25713 10 25777 6 25817 10 25843 13 25953 7 25962 4 25967 12 26034 5 26074 5 26081 1 26099 6 26107 5 26207 25 26281 1 26290 6 26356 4 26365 3 26462 23 26547 4 26623 1 26704 3 26716 24 26960 5 26972 23 27039 1 27050 2 27216 8 27227 21 27258 2 27295 1 27306 2 27401 2 27473 30 27514 4 27562 2 27655 5 27729 29 27766 2 27769 6 27820 1 27911 6 27985 19 28005 8 28021 11 28167 6 28241 3 28247 7 28255 5 28263 6 28277 7 28286 3 28424 5 28497 3 28511 5 28519 5 28533 7 28542 3 28680 4 28753 3 28768 4 28775 4 28789 7 28797 4 28936 3 29008 4 29023 11 29044 6 29053 4 29263 5 29279 10 29299 4 29309 3 29519 5 29534 10 29555 5 29566 1 29776 3 29790 10 29810 6 30039 2 30046 10 30065 6 30293 6 30303 8 30321 5 30548 7 30559 8 30577 6 30802 9 30815 9 30833 6 31056 11 31071 10 31090 5 31311 12 31326 12 31346 4 31567 11 31583 11 31602 5 31763 1 31823 11 31840 10 31858 6 32019 1 32079 10 32096 11 32117 2 32336 9 32357 6 32411 2 32592 6 32614 4 32666 4 32826 1 32836 2 32850 1 32872 2 32922 5 33080 4 33092 3 33128 1 33178 5 33336 4 33348 3 33434 6 33593 3 33604 2 33641 2 33677 4 33690 6 33704 1 33850 2 33896 4 33932 6 33947 5 33960 2 34152 4 34188 6 34203 4 34216 1 34364 1 34408 3 34443 7 34460 3 34699 6 34716 3 34955 5 34973 3 35069 1 35211 5 35230 4 35325 2 35468 2 35486 6 35581 2 35724 2 35743 6 35837 1 35978 3 35999 7 36233 4 36259 3 36489 4 36517 1 36746 2 36910 3 37165 5 37422 5 37679 4 37936 5 38192 7 38226 2 38434 1 38449 6 38689 2 38705 6 38945 2 38960 7 39201 2 39216 6 39472 3 42687 2 42943 2 43263 1 43519 1 43775 1 44031 1 44109 4 44286 2 44337 3 44360 9 44541 3 44593 4 44616 9 44797 3 44849 4 44873 9 45053 3 45105 4 45130 8 45309 3 45361 3 45386 8 45564 4 45617 2 45643 6 45820 4 45873 2 45900 5 46075 5 46157 3 46332 4 47927 2 48169 2 48183 2 48425 7 48438 3 48617 5 48681 9 48694 3 48872 7 48937 10 48949 4 48968 2 49128 8 49193 9 49205 5 49224 1 49383 9 49449 9 49462 4 49639 11 49705 8 49896 11 49962 7 50153 12 50166 4 50222 1 50410 17 50666 19 50922 21 51178 22 51401 5 51433 16 51453 1 51656 7 51688 16 51911 8 51944 16 52167 9 52200 16 52223 1 52422 10 52456 16 52476 4 52677 12 52712 16 52731 5 52933 13 52968 24 53190 13 53211 3 53223 25 53447 12 53465 7 53476 28 53704 56 53961 55 54217 55 54473 54 54729 54 54985 54 55241 55 55497 55 55752 56 56009 55 56267 53 56524 52 56781 51 57038 50 57294 50 57550 50 57665 2 57804 52 57921 4 58059 53 58177 4 58315 53 58433 4 58571 53 58690 3 58827 53 58946 3 59082 54 59331 2 59336 56 59586 62 59842 62 60098 53 60152 8 60354 52 60411 5 60609 16 60627 32 60670 2 60865 16 60884 32 61120 17 61140 32 61375 18 61396 32 61631 17 61652 33 61734 3 61817 1 61888 16 61910 31 61990 5 62131 1 62146 16 62165 32 62249 2 62290 4 62387 1 62403 49 62482 1 62546 14 62660 48 62736 4 62801 17 62916 35 62953 11 62992 5 63057 22 63095 5 63173 34 63210 8 63248 5 63277 3 63312 24 63345 11 63431 31 63467 5 63504 7 63534 2 63569 24 63601 11 63688 29 63724 4 63760 7 63791 2 63825 24 63858 10 63945 27 63982 2 64014 10 64048 1 64082 24 64113 12 64202 16 64220 7 64239 1 64266 14 64338 24 64369 12 64462 11 64477 5 64512 5 64519 18 64594 24 64624 12 64720 9 64768 26 64817 2 64851 23 64880 11 64977 9 65003 1 65024 28 65074 2 65107 23 65136 11 65235 7 65256 6 65280 30 65330 3 65363 23 65392 11 65493 5 65511 8
597667,14 3 24 3 31 60 107 21 144 11 161 1 164 55 220 36 270 4 279 67 364 21 392 22 416 2 420 92 526 3 534 68 621 21 644 27 672 2 675 93 782 1 790 67 886 44 931 93 1038 1 1046 67 1142 138 1287 3 1293 5 1303 65 1396 140 1542 5 1549 6 1559 65 1650 142 1798 13 1815 65 1904 144 2052 15 2072 64 2159 145 2307 18 2329 63 2411 149 2562 20 2586 62 2666 150 2817 22 2842 61 2921 237 3176 237 3431 238 3684 156 3841 83 3938 158 4098 14 4113 67 4194 8 4204 148 4358 10 4371 66 4449 9 4461 147 4614 10 4628 65 4704 10 4717 122 4840 24 4870 11 4885 9 4896 54 4960 134 5098 22 5126 11 5142 8 5153 54 5216 8 5226 124 5356 20 5377 2 5383 11 5399 68 5472 8 5482 124 5613 19 5633 2 5643 8 5655 68 5728 8 5738 123 5870 18 5889 1 5899 8 5912 67 5985 132 6128 16 6156 9 6169 67 6242 105 6351 21 6384 15 6412 10 6423 69 6499 104 6609 3 6614 14 6640 16 6668 81 6755 104 6872 11 6896 16 6924 82 7011 104 7121 1 7129 9 7153 15 7179 12 7192 72 7267 104 7377 1 7388 3 7409 37 7448 44 7494 1 7497 25 7523 106 7667 35 7703 42 7757 134 7924 33 7960 39 8017 3 8023 13 8037 112 8180 33 8216 37 8281 10 8293 113 8435 34 8471 35 8539 8 8549 114 8690 34 8727 33 8796 8 8805 115 8937 5 8945 35 8982 33 9054 131 9190 79 9310 214 9566 213 9822 213 10078 213 10334 183 10522 25 10590 182 10779 24 10846 182 11036 22 11103 181 11292 22 11359 181 11551 17 11616 181 11808 1 11812 12 11848 3 11873 181 12069 10 12104 8 12129 182 12327 5 12359 11 12384 160 12545 22 12615 12 12639 161 12802 9 12814 11 12871 13 12896 160 13061 5 13070 13 13127 13 13157 155 13318 3 13326 15 13382 14 13416 152 13581 22 13638 14 13673 151 13836 23 13893 15 13929 151 14094 21 14149 15 14186 150 14354 17 14405 15 14443 148 14613 14 14661 15 14700 147 14873 10 14918 14 14956 147 15130 6 15174 13 15212 147 15388 1 15430 13 15468 147 15686 14 15723 148 15941 15 15978 149 16197 15 16233 150 16453 15 16488 151 16710 13 16743 153 16967 11 16999 153 17224 6 17254 154 17481 2 17509 155 17737 2 17765 159 17990 1 18020 163 18244 7 18275 165 18495 13 18524 172 18751 13 18779 174 19007 13 19033 177 19263 14 19288 178 19510 3 19517 16 19543 179 19764 26 19797 59 19858 109 19968 10 20019 92 20124 98 20224 13 20274 93 20380 97 20480 17 20529 93 20636 95 20736 17 20784 94 20887 99 20992 18 21040 92 21141 101 21248 18 21295 93 21394 87 21482 11 21495 1 21504 19 21551 23 21576 68 21648 87 21739 6 21755 1 21760 19 21807 22 21833 66 21905 84 22007 6 22016 20 22064 21 22089 66 22161 84 22262 9 22272 20 22322 19 22345 66 22418 83 22517 10 22528 20 22580 86 22675 66 22742 16 22772 11 22784 20 22839 83 22932 64 22998 2 23002 11 23027 12 23040 19 23072 4 23097 80 23189 62 23254 2 23259 10 23282 13 23296 19 23328 4 23354 79 23438 3 23446 62 23510 2 23515 10 23538 34 23583 9 23611 7 23619 70 23693 5 23703 65 23770 10 23794 35 23838 15 23868 3 23875 70 23948 6 23959 63 24026 10 24051 36 24094 17 24126 1 24131 69 24203 7 24216 55 24273 5 24283 8 24308 11 24320 24 24349 21 24386 70 24460 6 24471 56 24529 1 24539 8 24565 6 24576 53 24641 13 24657 55 24716 6 24727 56 24784 2 24795 8 24821 4 24832 57 24897 13 24913 56 24982 61 25051 8 25088 61 25153 12 25168 57 25238 62 25307 8 25344 61 25410 11 25424 58 25494 63 25564 7 25600 61 25666 10 25679 59 25750 64 25820 7 25856 62 25922 75 26007 63 26076 6 26112 63 26178 77 26264 60 26330 6 26339 2 26368 145 26521 58 26584 8 26595 4 26624 146 26777 57 26839 18 26859 1 26880 147 27034 58 27094 19 27114 2 27136 150 27290 59 27350 9 27360 12 27392 152 27546 69 27616 14 27648 239 27904 239 28160 220 28382 20 28416 242 28672 236 28910 3 28928 236 29169 1 29184 235 29425 1 29440 235 29682 2 29696 235 29938 4 29952 234 30195 3 30208 234 30452 3 30464 234 30720 231 30976 231 31232 233 31488 236 31744 237 32000 238 32256 240 32512 240 32768 241 33024 241 33280 241 33536 242 33791 244 34045 250 34300 227 34528 254 34785 253 35043 250 35300 249 35556 247 35812 246 36067 10 36081 232 36322 10 36338 230 36577 7 36594 229 36832 8 36843 1 36850 228 37086 248 37341 249 37596 253 37852 1059 38912 255 39168 255 39424 255 39680 255 39936 255 40192 255 40448 255 40704 255 40960 1535 42496 255 42752 255 43008 255 43264 255 43520 255 43776 1279 45056 254 45312 254 45568 255 45824 255 46080 501 46582 254 46838 3833 50672 255 50928 255 51185 253 51442 234 51683 10 51698 233 51939 9 51955 232 52195 6 52211 233 52451 5 52468 232 52708 3 52724 232 52982 231 53239 231 53500 227 53757 228 54013 229 54270 228 54526 229 54783 229 55040 229 55296 230 55552 230 55808 230 56064 230 56320 229 56576 228 56832 223 57088 222 57344 222 57600 222 57856 222 58112 222 58368 223 58624 223 58880 38 58919 185 59136 38 59177 184 59392 57 59452 165 59648 56 59710 163 59904 56 59965 164 60160 56 60221 164 60416 57 60475 166 60672 225 60928 224 61184 223 61440 223 61696 223 61952 206 62163 12 62208 33 62245 167 62419 12 62464 32 62503 164 62675 13 62720 31 62759 164 62931 14 62976 30 63016 163 63187 14 63232 30 63273 161 63443 15 63488 29 63529 161 63699 15 63744 29 63786 152 63940 5 63955 15 64000 29 64042 150 64196 5 64210 16 64256 28 64298 149 64453 4 64466 16 64512 28 64554 144 64709 2 64722 15 64768 16 64790 4 64810 143 64978 15 65024 15 65047 4 65066 141 65234 15 65280 14 65304 3 65321 138 65490 15
602248,0 65536
607765,0 65536
609763,158 7 189 13 415 5 446 11 702 10 960 6 1205 4 1460 6 1716 6 1972 6 2229 5 3452 5 3708 6 3966 4 4224 1 46847 1 47103 1 47359 1 47615 1 55041 2 55296 4 55552 5 55808 5 56064 5 56320 5 56576 4 56832 4 57088 4 57344 4 57600 3 57856 3 58112 3 58368 3 58624 3 58880 3 59136 3 59140 7 59395 9 59524 1 59651 11 59777 4 59907 11 60033 4 60163 11 60288 5 60420 9 60545 4 60678 4 60801 3 60935 2 63629 2 63884 4 64139 3 64395 2 64605 5 64857 11 65111 14 65365 16 65392 2 65492 6
614290,15614 2 15867 5 16122 6 16377 7 16624 6 16632 8 16879 17 17134 18 17389 19 17645 19 17890 3 17900 19 18144 31 18400 30 18643 3 18655 31 18894 9 18910 33 19147 14 19166 34 19402 54 19656 56 19911 57 20166 58 20421 59 20666 1 20675 61 20919 5 20930 62 21174 9 21184 64 21430 74 21685 75 21941 75 22196 76 22451 77 22707 77 22962 78 23218 78 23473 79 23728 80 23984 80 24239 81 24479 3 24494 82 24733 6 24745 87 24989 6 25000 88 25244 7 25255 89 25500 7 25510 90 25755 7 25766 90 26011 6 26021 91 26268 3 26276 92 26532 92 26762 1 26788 92 26989 2 27006 1 27015 5 27044 92 27243 6 27260 4 27270 7 27301 91 27498 8 27516 4 27527 6 27558 90 27753 9 27773 3 27783 5 27815 89 28009 9 28029 2 28040 3 28072 88 28265 9 28316 6 28330 86 28500 1 28521 9 28570 12 28587 85 28756 1 28766 4 28777 8 28824 16 28843 85 29020 7 29031 10 29046 1 29079 18 29099 85 29275 22 29301 3 29334 105 29530 22 29555 5 29582 5 29589 106 29749 3 29785 22 29811 6 29836 29 29868 55 29927 24 30003 6 30040 24 30065 9 30091 30 30125 52 30182 24 30258 8 30296 40 30346 30 30381 51 30436 7 30444 17 30506 1 30514 8 30553 40 30602 31 30638 29 30668 21 30691 8 30700 18 30759 6 30769 9 30811 41 30858 31 30894 28 30927 28 30956 19 31014 9 31025 9 31066 69 31139 8 31153 17 31182 28 31213 19 31270 20 31321 35 31360 30 31396 8 31410 16 31437 28 31469 19 31526 20 31577 35 31616 18 31637 12 31654 7 31666 16 31691 30 31725 19 31782 20 31827 2 31833 31 31873 9 31896 12 31911 6 31922 16 31946 31 31981 19 32038 19 32080 5 32089 31 32129 9 32153 11 32169 5 32178 15 32202 30 32237 19 32295 18 32334 8 32344 31 32385 9 32409 11 32425 5 32434 15 32457 29 32493 19 32551 17 32590 7 32600 31 32641 9 32666 10 32682 5 32691 13 32712 30 32749 19 32808 15 32845 8 32856 31 32896 10 32922 10 32938 5 32951 9 32968 31 33010 14 33064 15 33100 9 33112 31 33152 9 33177 10 33194 4 33206 10 33224 31 33264 16 33321 14 33348 3 33356 8 33369 30 33408 8 33433 10 33450 2 33462 10 33480 31 33519 17 33577 7 33587 4 33603 6 33611 8 33625 30 33663 8 33689 10 33718 9 33736 31 33774 11 33786 4 33800 1 33833 7 33843 4 33858 17 33881 31 33913 3 33919 7 33945 9 33974 9 33992 31 34030 10 34056 1 34069 3 34090 6 34099 4 34114 17 34137 37 34175 6 34201 9 34222 4 34229 10 34247 31 34285 8 34294 2 34312 1 34324 5 34349 3 34357 2 34369 18 34391 39 34457 9 34476 19 34502 32 34540 9 34552 2 34557 1 34579 7 34592 2 34595 6 34605 3 34613 2 34625 18 34647 39 34713 8 34732 19 34758 31 34795 9 34807 3 34813 1 34835 24 34861 3 34870 1 34881 19 34903 39 34968 9 34988 10 35001 7 35014 21 35036 9 35050 10 35062 4 35069 1 35091 30 35137 60 35224 9 35243 10 35259 5 35270 20 35294 6 35306 8 35347 30 35393 51 35447 6 35481 8 35498 10 35515 4 35526 3 35534 10 35551 3 35561 4 35569 1 35573 1 35591 2 35595 1 35602 32 35649 51 35703 6 35737 7 35753 11 35771 3 35782 2 35792 6 35807 3 35817 4 35825 1 35847 6 35857 33 35905 52 35960 4 35993 7 36008 11 36026 4 36063 4 36073 4 36081 3 36101 9 36111 35 36150 2 36161 53 36218 1 36238 2 36250 5 36264 14 36282 4 36318 6 36329 3 36337 3 36356 46 36406 4 36417 53 36493 5 36507 4 36517 19 36537 4 36573 7 36584 4 36594 2 36612 46 36662 7 36673 53 36739 3 36748 7 36773 24 36828 9 36840 2 36850 2 36867 47 36919 62 36992 19 37029 24 37078 16 37106 2 37122 48 37175 9 37187 50 37248 19 37282 9 37295 15 37319 4 37334 16 37360 4 37372 2 37378 48 37428 12 37443 51 37502 20 37536 9 37553 7 37561 5 37574 7 37589 16 37615 5 37627 5 37635 47 37683 13 37699 51 37758 19 37784 16 37810 6 37817 6 37829 9 37845 13 37871 5 37883 5 37891 47 37939 13 37953 54 38016 8 38026 6 38039 16 38066 5 38072 7 38084 10 38102 11 38126 6 38139 5 38148 114 38272 8 38285 1 38295 14 38323 4 38328 7 38339 11 38358 11 38381 8 38394 6 38404 44 38450 67 38528 8 38550 14 38581 10 38595 11 38615 11 38637 9 38649 6 38659 44 38705 67 38785 7 38797 2 38806 13 38829 3 38836 4 38843 1 38851 11 38872 11 38892 19 38914 113 39043 5 39051 6 39063 11 39083 11 39108 9 39128 32 39169 112 39300 3 39306 8 39320 6 39339 11 39365 6 39387 1 39391 25 39424 113 39560 10 39576 5 39595 11 39617 2 39622 2 39648 24 39680 113 39808 1 39816 11 39851 15 39872 3 39885 3 39904 24 39936 113 40054 1 40058 8 40072 12 40107 23 40133 1 40136 8 40160 27 40192 116 40310 12 40328 12 40363 23 40388 13 40416 27 40448 129 40584 12 40598 3 40619 38 40673 26 40700 2 40704 102 40811 21 40841 17 40875 25 40902 11 40930 29 40960 8 40969 2 40972 89 41067 21 41097 7 41105 10 41130 22 41159 11 41188 35 41230 87 41324 19 41353 5 41359 12 41380 2 41386 22 41411 2 41414 13 41445 32 41487 86 41581 9 41592 7 41609 3 41615 12 41635 52 41692 4 41702 12 41718 14 41744 85 41839 7 41848 7 41865 2 41871 12 41891 53 41948 4 41958 11 41974 14 42001 84 42096 6 42104 8 42120 2 42128 13 42148 52 42204 4 42213 11 42231 3 42240 3 42258 83 42353 5 42361 11 42384 3 42389 11 42402 55 42460 3 42464 16 42515 82 42610 3 42618 12 42639 1 42645 72 42720 16 42747 3 42772 81 42875 11 42894 2 42901 71 42975 14 42990 2 43002 5 43026 83 43132 10 43150 3 43154 74 43230 15 43246 2 43257 6 43281 15 43298 68 43388 10 43406 95 43503 1 43513 6 43537 14 43556 66 43644 10 43663 88 43753 4 43768 5 43783 4 43793 14 43811 69 43900 11 43919 87 44010 5 44024 5 44037 10 44050 88 44157 11 44175 86 44267 6 44280 5 44291 12 44306 89 44413 11 44430 86 44523 7 44536 5 44544 15 44562 9 44573 78 44669 12 44682 91 44779 7 44793 3 44800 15 44817 7 44829 79 44916 6 44924 105 45035 8 45048 4 45056 24 45084 80 45168 116 45289 11 45303 4 45312 23 45339 82 45423 118 45544 12 45558 4 45568 24 45593 219 45814 3 45824 243 46068 5 46080 241 46325 4 46332 2 46336 239 46581 10 46592 238 46836 11 46848 238 47091 1534 48626 14168 62795 507 63305 71 63384 16 63403 155 63561 72 63641 9 63660 153 63817 73 63898 6 63916 152 64073 73 64154 7 64172 152 64329 72 64410 8 64428 153 64586 60 64647 10 64666 9 64684 138 64828 10 64842 58 64904 9 64922 10 64940 139 65084 11 65097 58 65160 9 65178 13 65195 140 65341 11 65353 57 65418 7 65434 102
614416,0 65536
623676,0 6 215 12 239 15 256 7 471 13 495 15 512 7 727 13 751 25 983 14 1007 25 1245 8 1263 26 1502 7 1520 25 1758 6 1776 25 2015 4 2032 24 2272 2 2287 24 2543 24 2799 23 3056 21 3234 5 3312 16 3488 8 3568 16 3744 9 3825 15 4001 8 4081 13 4258 7 4338 11 4514 7 4585 1 4594 8 4771 5 4840 4 4851 3 5028 3 5096 4 5351 5 5608 5 5864 5 6119 7 6375 7 6632 6 6888 5 7952 3 8205 10 8398 2 8460 13 8715 14 8970 16 9225 16 9479 18 9734 18 9988 20 10216 4 10240 23 10470 7 10496 24 10703 2 10725 9 10752 24 10980 11 11008 24 11236 13 11264 25 11491 15 11520 26 11747 16 11776 26 12003 16 12032 26 12258 17 12288 26 12514 17 12544 2 12550 18 12770 17 12808 15 13026 17 13065 12 13281 17 13322 10 13536 18 13579 10 13791 18 13836 9 14046 18 14093 7 14302 15 14350 5 14558 13 14815 13 15071 13 15093 1 15328 12 15349 1 15585 11 15604 2 15843 8 15859 3 16029 3 16100 6 16115 3 16283 8 16357 4 16371 3 16536 12 16626 5 16790 16 16882 5 17044 18 17138 5 17300 18 17395 3 17555 19 17651 3 17811 19 18066 20 18323 19 18580 18 18836 18 19093 9 19107 1 19351 4 19422 11 19678 12 19933 14 20189 18 20445 20 20702 20 20958 21 21215 20 21471 20 21728 19 21984 18 22241 17 22498 15 22754 15 23012 11 23198 2 23254 4 23271 7 23510 4 23765 6 24019 8 24273 9 24528 11 24780 16 25018 3 25036 17 25265 13 25292 18 25519 16 25548 18 25774 18 25804 18 26030 18 26059 18 26286 19 26315 16 26542 19 26570 15 26798 19 26826 15 27054 21 27076 21 27312 40 27569 46 27827 33 27863 10 28083 47 28340 47 28596 50 28853 52 29110 54 29370 52 29627 51 29884 50 30141 49 30399 46 30637 3 30657 21 30680 21 30892 5 30916 17 30938 19 31147 7 31173 16 31193 20 31402 9 31430 16 31448 21 31656 13 31685 39 31911 14 31940 38 32167 15 32192 41 32423 15 32446 43 32679 16 32700 45 32936 15 32955 47 33193 14 33211 48 33456 7 33466 35 33503 13 33713 6 33722 51 33969 5 33978 52 34226 4 34234 53 34482 3 34490 54 34553 1 34746 54 34809 1 35002 55 35065 1 35258 55 35321 1 35514 55 35570 8 35770 64 36027 64 36283 64 36540 63 36796 62 36863 1 37052 62 37118 2 37308 62 37373 3 37563 64 37628 4 37819 69 38074 70 38330 70 38585 71 38839 73 39094 74 39349 75 39605 75 39861 75 40118 74 40374 74 40629 75 40885 75 41141 75 41396 76 41653 75 41901 4 41909 75 42153 8 42167 73 42408 10 42429 67 42664 10 42686 66 42919 11 42942 66 43175 12 43197 67 43414 2 43430 13 43453 67 43669 4 43681 18 43704 2 43708 68 43880 5 43924 6 43936 19 43958 74 44135 7 44180 6 44191 97 44390 9 44436 6 44446 98 44646 9 44693 5 44702 98 44902 9 44950 4 44957 99 45158 9 45206 74 45283 29 45415 9 45426 3 45463 72 45540 23 45564 4 45672 15 45719 72 45801 17 45822 2 45930 14 45977 69 46058 15 46079 1 46188 12 46234 68 46314 14 46445 10 46491 66 46570 14 46702 2 46747 66 46826 12 47003 66 47082 11 47259 65 47339 8 47515 65 47596 4 47770 55 47827 9 47861 7 48026 55 48087 4 48116 9 48283 5 48292 46 48372 9 48539 3 48550 33 48588 6 48628 10 48806 33 48884 10 48970 6 49062 33 49140 11 49225 8 49318 34 49396 11 49480 9 49575 33 49652 12 49736 9 49822 2 49836 29 49909 11 49992 9 50076 4 50093 27 50166 10 50248 9 50330 6 50350 26 50423 9 50504 9 50582 10 50606 24 50680 8 50761 8 50837 11 50863 20 50936 8 51018 6 51093 11 51120 18 51192 8 51275 4 51348 12 51380 11 51448 8 51603 13 51638 6 51705 7 51855 18 51966 2 52109 21 52365 21 52620 22 52875 22 52979 4 53130 23 53159 6 53192 4 53234 7 53386 23 53414 9 53447 7 53456 2 53489 9 53641 24 53669 12 53703 13 53744 10 53898 24 53924 14 53959 6 53966 6 54000 11 54154 42 54199 6 54206 3 54216 2 54223 5 54256 11 54410 57 54479 5 54512 11 54666 60 54736 4 54769 9 54921 63 54992 4 55176 64 55247 5 55431 66 55502 7 55687 67 55757 11 55942 87 56198 90 56454 91 56711 94 56968 11 56982 81 57226 7 57243 77 57499 79 57755 81 57876 3 58011 83 58130 7 58266 77 58344 7 58386 8 58519 78 58602 5 58641 11 58759 1 58773 78 58858 6 58897 12 59014 8 59028 78 59113 6 59154 11 59270 92 59365 9 59410 11 59525 94 59620 10 59666 11 59781 105 59903 1 59922 11 59938 2 60036 107 60157 3 60178 11 60193 4 60292 102 60397 3 60412 4 60434 11 60449 5 60548 101 60653 3 60668 4 60690 11 60705 5 60805 100 60908 3 60924 4 60945 13 60960 6 61066 95 61165 1 61181 3 61201 21 61322 95 61457 21 61578 95 61713 20 61835 94 61952 2 61970 18 62092 93 62208 3 62227 17 62351 91 62447 2 62464 4 62484 18 62608 91 62701 6 62720 5 62741 18 62866 98 62976 6 62997 19 63122 99 63232 7 63253 19 63379 99 63488 8 63509 19 63636 98 63744 9 63765 19 63892 97 64000 9 64021 19 64148 97 64256 9 64277 19 64404 96 64512 9 64534 18 64573 4 64661 73 64736 6 64745 11 64768 9 64792 17 64827 7 64918 71 65002 7 65024 9 65050 15 65082 8 65175 70 65259 6 65280 7 65308 12 65337 9 65433 68 65517 3
632056,0 11007 11008 254 11264 254 11520 254 11776 253 12032 250 12288 248 12544 244 12800 241 13056 238 13312 236 13568 232 13824 230 14080 227 14336 225 14592 221 14848 219 15104 216 15360 214 15616 210 15872 208 16128 204 16384 202 16640 199 16896 196 17152 192 17408 189 17664 186 17920 184 18176 180 18432 178 18688 174 18944 172 19200 169 19456 167 19712 165 19968 160 20224 157 20480 154 20736 148 20992 145 21248 141 21504 141 21760 138 22016 137 22272 133 22528 131 22784 126 23040 124 23296 122 23552 120 23808 115 24064 112 24320 107 24576 86 24663 19 24832 82 24916 14 25088 82 25173 13 25344 84 25429 10 25600 93 25856 80 25937 10 26112 79 26195 6 26368 80 26624 66 26692 12 26880 66 26949 10 27136 62 27199 4 27205 8 27392 61 27457 2 27462 3 27648 10 27661 48 27714 2 27904 9 27918 1 27923 36 27962 3 28160 6 28179 36 28219 2 28416 6 28436 30 28468 3 28672 5 28679 2 28693 2 28699 22 28726 1 28931 2 28935 2 28956 7 28965 12 29189 2 29224 6 29231 3 29481 4 29696 2 29952 5 29962 1 29965 2 30208 17 30464 17 30720 19 30742 3 30976 20 30997 7 31232 20 31253 8 31488 15 31504 10 31744 5 31751 8 31762 4 32000 15 32258 13 32512 13 32768 12 33024 5 33280 4
636405,0 65536
636648,0 127 256 127 512 127 768 127 1024 128 1280 128 1536 128 1792 128 2048 128 2304 128 2560 128 2816 129 3072 129 3328 129 3584 129 3840 130 4096 130 4352 130 4608 130 4864 130 5120 131 5376 131 5632 131 5888 131 6144 131 6400 131 6656 131 6912 131 7168 132 7424 132 7680 132 7936 132 8192 133 8448 133 8704 133 8960 133 9216 132 9472 132 9728 132 9984 132 10240 133 10496 133 10752 134 11008 133 11264 133 11520 133 11776 132 12032 132 12288 132 12544 132 12800 132 13056 132 13312 135 13568 135 13824 136 14080 136 14336 135 14592 136 14848 137 15104 137 15360 138 15616 138 15872 138 16128 138 16384 139 16640 139 16896 140 17152 140 17408 140 17664 140 17920 141 18176 141 18432 141 18688 142 18944 142 19200 142 19456 142 19712 142 19968 143 20224 143 20480 143 20736 144 20992 144 21248 144 21504 145 21760 145 22016 145 22272 146 22528 146 22784 146 23040 146 23296 146 23552 146 23808 147 24064 147 24320 148 24576 148 24832 148 25088 148 25344 148 25600 148 25856 149 26112 149 26368 149 26624 150 26880 150 27136 150 27392 150 27648 150 27904 150 28160 151 28416 151 28672 151 28928 152 29184 152 29440 152 29696 152 29952 152 30208 152 30464 153 30720 153 30976 153 31232 153 31488 153 31744 153 32000 154 32256 154 32512 154 32768 154 33024 154 33280 155 33536 155 33792 155 34048 155 34304 155 34560 156 34816 156 35072 156 35328 156 35584 156 35840 156 36096 157 36352 157 36608 157 36864 157 37120 157 37376 157 37632 158 37888 158 38144 158 38400 158 38656 146 38803 11 38912 145 39060 10 39168 144 39317 9 39424 143 39573 9 39680 143 39830 8 39936 142 40087 6 40192 141 40344 5 40448 142 40601 1 40704 142 40960 143 41216 143 41472 141 41728 141 41984 140 42240 140 42496 141 42752 141 43008 140 43264 140 43520 140 43776 140 44032 140 44288 140 44544 139 44800 139 45056 140 45312 140 45568 141 45824 142 46080 141 46336 141 46592 141 46848 141 47104 140 47360 140 47616 141 47872 142 48128 142 48384 142 48640 143 48896 143 49152 141 49408 141 49664 141 49920 142 50176 142 50432 142 50688 142 50944 143 51200 143 51456 143 51712 143 51968 143 52224 143 52480 144 52736 142 52992 142 53248 142 53504 143 53760 143 54016 144 54272 144 54528 143 54784 141 55040 140 55296 141 55552 142 55808 145 56064 146 56320 146 56576 147 56832 147 57088 147 57344 148 57514 2 57600 148 57769 4 57856 148 58009 6 58024 5 58112 147 58264 10 58279 6 58368 147 58519 11 58535 6 58624 147 58774 13 58791 6 58880 148 59029 14 59044 4 59050 2 59136 167 59392 148 59541 14 59564 2 59648 141 59791 3 59799 11 59819 4 59904 140 60055 11 60074 5 60160 140 60308 2 60312 11 60327 8 60416 141 60560 2 60567 24 60672 141 60816 4 60823 24 60928 148 61078 25 61184 149 61334 21 61356 3 61440 148 61589 26 61696 148 61845 27 61952 148 62102 27 62208 148 62358 27 62464 148 62614 28 62720 148 62870 28 62976 148 63125 29 63232 179 63488 178 63744 178 64000 178 64256 179 64512 179 64768 180 65024 180 65280 181
650818,40 216 297 215 553 215 809 215 1066 214 1322 214 1578 214 1834 214 2090 214 2346 214 2602 214 2859 213 3115 213 3371 213 3627 213 3884 212 4140 212 4396 212 4652 212 4908 212 5164 212 5421 211 5677 211 5933 211 6189 211 6446 210 6702 210 6958 210 7214 210 7470 210 7726 210 7983 209 8239 209 8495 209 8751 209 9008 208 9264 208 9520 208 9776 208 10032 208 10289 207 10545 207 10801 207 11057 207 11313 207 11569 207 11825 207 12082 206 12338 206 12594 206 12850 206 13107 205 13363 205 13619 205 13875 205 14132 204 14388 204 14644 204 14900 204 15157 203 15413 203 15669 203 15925 203 16181 203 16437 203 16694 202 16950 202 17206 202 17462 202 17718 202 17975 201 18231 201 18487 201 18743 201 19000 200 19256 200 19512 200 19768 200 20024 200 20280 200 20537 199 20793 199 21049 199 21305 199 21562 198 21818 198 22074 198 22330 198 22586 198 22842 198 23099 197 23355 197 23611 197 23867 197 24124 196 24380 196 24636 196 24892 196 25148 196 25405 195 25661 195 25917 195 26173 195 26429 195 26685 195 26942 194 27198 194 27454 194 27710 194 27967 193 28223 193 28479 193 28735 193 28991 193 29247 193 29504 192 29760 192 30016 192 30272 192 30529 191 30785 191 31041 191 31297 191 31554 190 31810 190 32066 190 32322 190 32578 190 32835 189 33091 189 33347 189 33603 189 33860 188 34116 188 34372 188 34628 188 34884 188 35140 188 35397 187 35653 187 35909 187 36165 187 36421 187 36678 186 36934 186 37190 186 37446 186 37702 186 37959 185 38215 185 38471 185 38727 185 38983 185 39240 184 39496 184 39752 184 40008 184 40264 184 40521 183 40777 183 41033 183 41289 183 41545 183 41802 182 42058 182 42314 182 42570 182 42826 182 43083 181 43339 181 43595 181 43851 181 44107 181 44363 181 44619 181 44875 181 45132 180 45388 180 45644 180 45901 179 46157 179 46413 179 46669 179 46925 179 47181 179 47437 179 47694 178 47950 178 48206 178 48463 177 48719 177 48975 177 49231 177 49487 177 49743 177 50000 176 50256 176 50512 176 50768 176 51025 175 51281 175 51537 175 51793 175 52049 175 52306 174 52562 174 52818 174 53074 174 53331 173 53587 173 53843 173 54100 172 54356 172 54612 172 54868 172 55124 172 55381 171 55637 171 55893 171 56150 170 56406 170 56662 170 56918 170 57174 170 57430 170 57686 170 57943 169 58199 169 58456 168 58712 168 58968 168 59224 168 59480 168 59736 168 59993 167 60249 167 60505 167 60761 167 61017 167 61274 166 61530 166 61786 166 62042 166 62298 166 62554 166 62811 165 63067 165 63323 165 63579 165 63835 165 64092 164 64348 164 64604 164 64860 164 65116 164 65373 163
652005,19637 1 19891 1 20146 2 20662 2 20918 2 21174 3 21429 3 21684 4 21941 3 22198 2 26290 2 26546 1 27162 1 27165 2 27198 3 27418 5 27453 5 27484 1 27674 5 27707 9 27739 5 27930 4 27962 11 28187 1 28218 12 28231 2 28477 12 28735 10 28992 4 28998 3 29250 1 29433 1 29687 3 29943 1 30270 1 30525 4 30776 1 30781 4 31026 4 31032 1 31036 5 31278 10 31291 6 31533 11 31547 6 31789 11 31804 4 32045 10 32061 2 32302 8 32318 1 32560 6 32745 1 32819 2 32828 1 33000 3 33076 1 33084 1 33256 3 33261 1 33340 1 33512 2 35493 4 35750 2 35758 2 36014 2 36270 3 36274 1 36525 6 36781 5 37039 3 39424 5 39657 1 39680 6 39912 2 39936 7 40101 4 40169 1 40192 7 40356 5 40425 1 40448 8 40462 1 40530 1 40612 4 40681 1 40704 10 40718 2 40786 1 40937 1 40960 12 40975 3 41042 1 41193 1 41216 12 41231 4 41472 19 41728 20 41984 20 42216 2 42240 21 42472 2 42496 26 42575 3 42752 27 42802 1 42816 5 42831 3 43008 28 43057 4 43071 7 43088 3 43264 32 43312 6 43319 5 43327 9 43345 2 43520 34 43568 24 43597 7 43776 35 43824 24 43853 7 44032 35 44081 22 44109 7 44288 36 44337 23 44365 6 44455 2 44544 38 44590 26 44618 1 44621 5 44709 4 44800 39 44845 31 44877 3 44964 5 44970 1 45056 76 45133 2 45150 3 45220 7 45312 76 45389 2 45406 7 45476 8 45568 80 45650 1 45662 7 45700 2 45725 1 45728 2 45731 9 45824 84 45918 8 45956 3 45980 6 45989 7 45998 1 46025 1 46080 84 46174 8 46212 3 46235 7 46246 7 46254 1 46281 1 46336 80 46417 6 46430 10 46468 2 46490 5 46503 5 46510 1 46537 1 46592 80 46673 6 46686 11 46704 1 46710 3 46762 2 46766 2 46793 3 46848 80 46929 7 46940 14 46959 3 46966 3 47047 5 47104 80 47185 25 47214 3 47222 3 47234 3 47303 1 47305 4 47357 1 47360 113 47479 3 47489 4 47506 3 47528 3 47536 2 47559 1 47561 4 47612 117 47732 2 47735 3 47745 3 47760 6 47770 1 47782 6 47790 2 47816 5 47826 1 47868 118 47987 3 47992 2 48001 3 48008 6 48015 7 48025 2 48035 13 48072 5 48082 2 48125 121 48248 1 48263 14 48290 15 48328 6 48384 118 48504 1 48519 13 48534 2 48545 16 48584 6 48640 110 48753 5 48760 1 48769 1 48771 3 48786 3 48794 2 48800 17 48839 7 48861 4 48896 94 48991 15 49009 5 49016 2 49024 6 49042 3 49049 4 49056 19 49095 7 49117 5 49152 112 49265 5 49272 2 49279 7 49294 7 49304 5 49312 20 49351 6 49361 3 49372 3 49376 4 49408 112 49521 5 49534 12 49549 8 49560 5 49568 6 49575 14 49608 4 49616 5 49628 3 49634 2 49664 112 49777 5 49790 33 49825 5 49831 15 49857 1 49860 9 49872 6 49884 2 49920 110 50033 5 50045 34 50082 4 50088 15 50111 14 50128 6 50141 1 50176 110 50289 4 50301 29 50340 2 50345 14 50367 23 50432 110 50543 7 50553 19 50574 12 50603 13 50623 23 50665 2 50688 110 50799 29 50830 8 50853 3 50858 15 50879 21 50915 1 50919 1 50944 110 51055 29 51087 7 51109 3 51114 17 51134 22 51171 1 51175 1 51200 139 51342 8 51366 2 51369 43 51456 138 51596 10 51616 52 51685 1 51712 137 51851 11 51864 2 51868 2 51871 55 51968 215 52184 2 52224 221 52451 2 52454 6 52480 167 52648 56 52706 10 52736 166 52905 55 52962 3 52968 4 52992 138 53133 25 53162 55 53248 138 53391 25 53417 57 53504 139 53648 33 53682 48 53760 223 53985 1 54016 223 54241 1 54272 146 54422 73 54496 2 54503 1 54508 1 54528 144 54678 76 54759 7 54774 2 54784 142 54937 73 55014 7 55029 3 55040 142 55193 73 55270 6 55284 5 55296 34 55331 107 55450 73 55525 7 55540 4 55552 34 55587 112 55706 73 55781 6 55795 1 55808 34 55844 112 55963 72 56064 34 56101 112 56220 70 56309 1 56320 34 56357 114 56478 68 56550 3 56565 1 56576 34 56613 114 56736 66 56805 4 56832 24 56857 7 56869 114 56993 73 57088 22 57114 6 57125 115 57250 72 57344 33 57381 115 57507 73 57600 34 57637 115 57763 74 57845 1 57856 152 58019 74 58099 4 58112 152 58275 75 58354 6 58368 153 58531 75 58611 5 58624 154 58787 76 58867 5 58880 154 59043 76 59125 3 59131 1 59136 80 59219 53 59273 17 59298 77 59381 2 59387 85 59475 67 59552 2 59559 71 59637 1 59642 4 59648 79 59731 46 59783 15 59805 5 59815 71 59893 1 59897 5 59904 79 59988 43 60039 11 60060 7 60071 71 60149 1 60154 3 60160 79 60244 42 60295 10 60316 8 60326 72 60410 2 60416 78 60501 40 60552 8 60571 83 60672 76 60758 38 60821 3 60825 84 60928 76 61013 39 61066 3 61077 87 61167 1 61184 75 61262 1 61269 39 61321 4 61334 83 61423 6 61440 129 61575 6 61586 88 61678 10 61696 130 61829 5 61836 1 61842 89 61932 12 61952 131 62086 7 62099 101 62208 132 62342 6 62356 101 62464 142 62611 103 62720 22 62743 114 62859 3 62866 107 62976 136 63117 1 63122 240 63374 1 63378 5 63385 221 63607 11 63634 5 63641 220 63864 9 63874 1 63891 4 63897 31 63932 185 64121 12 64147 216 64365 8 64378 13 64400 1 64404 212 64618 11 64635 5 64657 1 64659 5 64666 169 64840 1 64843 28 64875 12 64892 4 64913 6 64926 11 64938 4 64945 1 64951 5 64959 132 65095 33 65131 13 65147 5 65170 5 65183 13 65209 137 65347 37 65385 24 65426 2 65439 13 65466 18 65487 32 65524 12
655919,0 226 256 225 512 224 768 226 1024 226 1280 226 1536 225 1792 225 2048 225 2304 225 2560 226 2816 226 3072 226 3328 229 3563 1 3584 225 3810 4 3819 2 3840 224 4066 3 4076 2 4096 223 4322 3 4352 223 4579 1 4608 222 4835 2 4839 1 4864 222 5091 9 5120 223 5345 11 5376 234 5632 230 5888 229 6144 229 6400 228 6656 228 6912 228 7168 229 7398 2 7424 233 7680 233 7936 232 8177 3 8192 232 8431 10 8448 230 8686 12 8704 230 8937 1 8942 12 8960 250 9216 250 9472 237 9710 11 9728 237 9968 9 9984 237 10225 8 10240 237 10481 9 10494 240 10738 157 10899 92 10994 157 11155 93 11250 5 11260 146 11412 93 11507 4 11517 145 11668 94 11773 1 11776 142 11926 93 12032 142 12185 90 12288 142 12441 90 12544 141 12698 89 12797 1 12800 140 12955 88 13053 143 13206 1 13217 82 13308 143 13461 4 13476 80 13564 161 13734 79 13820 161 13991 80 14075 164 14248 80 14330 166 14504 80 14586 168 14761 80 14842 170 15019 251 15280 248 15538 246 15794 76 15872 150 16024 17 16042 4 16050 75 16128 174 16306 75 16384 144 16534 36 16576 61 16640 144 16790 35 16833 59 16896 145 17045 36 17090 58 17152 184 17345 59 17408 183 17599 62 17664 182 17852 65 17920 181 18107 67 18176 181 18362 16 18379 51 18432 181 18618 13 18635 52 18688 182 18874 11 18892 51 18944 196 19148 51 19200 186 19388 8 19404 51 19456 186 19645 4 19659 52 19712 186 19901 4 19914 241 20156 5 20169 249 20425 234 20661 14 20682 232 20917 14 20937 233 21172 14 21192 56 21249 177 21429 14 21449 55 21506 176 21685 14 21707 53 21762 164 21929 10 21942 3 21948 7 21964 52 22018 162 22187 9 22199 1 22206 6 22222 50 22275 161 22444 8 22454 2 22478 50 22531 161 22700 13 22734 50 22787 161 22956 13 22989 51 23043 161 23212 6 23222 2 23243 53 23299 160 23470 5 23478 2 23499 2 23502 50 23555 159 23727 9 23754 3 23760 48 23811 157 23988 4 24011 3 24018 46 24068 155 24244 4 24267 3 24274 46 24324 154 24501 3 24530 46 24581 151 24757 2 24786 46 24838 150 25042 46 25094 149 25297 47 25350 102 25458 2 25461 37 25547 1 25552 48 25606 102 25718 35 25802 2 25807 49 25862 98 25975 33 26063 49 26118 97 26235 21 26319 49 26374 97 26495 15 26574 50 26630 97 26752 13 26830 50 26887 96 27008 10 27086 50 27143 88 27234 6 27264 8 27341 51 27400 87 27492 2 27520 6 27597 9 27611 37 27657 86 27776 5 27853 6 27869 35 27913 86 28031 5 28127 31 28169 86 28286 5 28387 19 28425 85 28544 1 28644 15 28680 86 28900 12 28936 85 29157 1 29193 83 29449 82 29705 79 29962 66 30031 9 30218 65 30288 8 30475 63 30544 7 30731 62 30801 5 30988 60 31058 1 31246 58 31502 57 31758 37 31798 6 31807 8 32014 36 32054 5 32064 7 32270 35 32310 4 32320 6 32357 4 32526 35 32564 5 32576 6 32613 6 32781 34 32819 6 32832 6 32870 8 33037 33 33075 5 33088 7 33126 9 33160 1 33293 33 33330 6 33344 7 33382 10 33415 3 33549 32 33585 6 33601 6 33639 10 33671 3 33805 32 33841 6 33858 5 33895 10 33927 3 34061 31 34097 3 34152 10 34318 29 34354 1 34408 10 34575 27 34665 9 34831 26 34922 8 35087 21 35179 7 35349 14 35435 7 35605 10 35641 2 35692 2 35861 10 35877 2 35895 5 36116 11 36129 6 36150 6 36371 13 36385 5 36405 6 36430 5 36625 14 36641 4 36661 5 36686 5 36880 14 36897 2 36918 3 36934 3 36942 5 37136 13 37174 2 37190 4 37200 1 37392 13 37429 2 37446 4 37648 12 37676 1 37685 3 37905 11 37920 3 37931 3 37940 5 38161 11 38176 4 38187 3 38196 5 38418 11 38432 3 38443 4 38452 3 38675 11 38688 3 38699 3 38931 12 38945 2 38956 1 39187 16 39443 17 39700 16 39956 15 40213 8 40470 1
659565,0 65536
661320,0 65536
664566,0 65536
666091,13 243 269 243 526 242 782 242 1039 241 1294 242 1550 242 1807 241 2063 241 2320 240 2576 240 2833 239 3089 239 3345 239 3601 239 3857 239 4113 239 4370 238 4626 238 4882 238 5138 238 5395 237 5651 237 5907 237 6163 237 6419 237 6675 237 6932 236 7188 236 7444 236 7701 235 7957 235 8213 235 8469 235 8725 235 8982 234 9238 234 9494 234 9751 233 10007 233 10263 233 10519 233 10775 226 11002 6 11031 225 11258 6 11287 216 11514 6 11544 214 11771 5 11800 199 12005 7 12027 5 12057 194 12283 5 12314 191 12539 5 12571 189 12795 5 12828 187 13051 5 13086 183 13308 4 13343 182 13599 181 13855 181 14110 182 14366 181 14622 182 14878 182 15133 184 15389 185 15645 186 15901 186 16158 185 16414 186 16612 4 16670 186 16868 4 16926 186 17124 5 17182 187 17381 3 17438 189 17639 1 17694 192 17894 4 17951 192 18150 6 18207 195 18406 6 18464 195 18660 9 18720 206 18976 206 19232 207 19488 208 19745 208 20001 209 20257 209 20479 1 20514 208 20734 2 20770 208 20989 3 21027 207 21244 4 21283 208 21500 4 21539 209 21754 6 21795 221 22051 221 22307 221 22563 221 22820 220 23076 220 23332 220 23590 218 23846 218 24103 217 24358 218 24614 218 24870 218 25126 218 25382 218 25638 218 25894 218 26151 217 26407 217 26663 217 26920 216 27176 216 27432 216 27688 216 27945 215 28201 215 28457 215 28713 215 28970 214 29226 214 29482 214 29739 213 29995 213 30251 213 30508 212 30764 212 31020 212 31277 211 31533 211 31789 211 32045 211 32301 211 32557 211 32813 211 33070 210 33326 210 33582 210 33838 210 34095 209 34351 209 34608 208 34864 208 35121 207 35377 207 35634 206 35890 206 36146 206 36402 206 36658 206 36915 205 37171 205 37428 204 37684 204 37940 204 38196 204 38452 204 38708 204 38964 204 39220 204 39477 203 39733 203 39989 203 40245 203 40501 203 40758 202 41014 202 41270 202 41526 202 41783 201 42039 201 42295 201 42551 201 42807 201 43064 200 43320 200 43577 199 43833 199 44089 199 44345 199 44601 199 44857 199 45113 199 45370 198 45626 198 45882 198 46139 197 46395 197 46651 197 46907 197 47164 196 47420 196 47676 196 47932 196 48188 196 48445 195 48701 195 48957 195 49213 195 49470 194 49726 194 49983 193 50239 193 50495 193 50751 193 51007 193 51264 192 51520 192 51776 192 52033 191 52289 191 52545 191 52801 191 53057 191 53313 191 53570 190 53826 190 54082 190 54339 189 54595 189 54851 189 55108 188 55364 188 55620 188 55876 188 56133 187 56389 187 56645 187 56901 187 57157 187 57414 186 57670 186 57926 186 58183 185 58439 185 58695 185 58951 185 59208 184 59464 184 59721 183 59977 183 60233 183 60490 182 60746 182 61002 182 61258 182 61514 182 61770 182 62026 182 62282 182 62539 181 62795 181 63051 181 63308 180 63564 180 63820 180 64076 180 64332 180 64589 179 64845 179 65101 179 65358 178
672675,42 3 122 2 129 7 139 12 190 4 296 6 382 4 387 4 395 14 410 3 447 2 550 11 637 5 644 1 652 18 805 13 892 8 910 16 1060 15 1148 8 1167 16 1213 2 1315 17 1402 12 1423 16 1469 3 1571 18 1600 3 1648 1 1658 15 1680 17 1726 2 1826 19 1853 3 1857 2 1903 2 1914 17 1936 18 1982 3 2081 20 2108 4 2113 2 2159 2 2170 18 2192 18 2238 5 2337 20 2363 4 2370 1 2414 3 2425 19 2448 20 2494 6 2592 22 2619 4 2626 1 2670 1 2680 21 2704 20 2750 7 2848 24 2875 5 2882 1 2935 22 2961 20 3007 6 3104 35 3191 22 3218 14 3234 5 3263 6 3361 34 3446 22 3475 12 3490 9 3518 8 3568 6 3618 33 3701 22 3732 10 3747 10 3774 9 3823 8 3875 32 3956 21 3989 9 4003 11 4031 9 4079 10 4125 3 4132 30 4212 20 4246 6 4259 11 4287 9 4335 15 4389 30 4467 7 4479 9 4516 9 4548 4 4591 16 4647 28 4722 7 4736 7 4773 9 4846 11 4858 6 4903 28 4978 6 4993 6 5021 2 5030 8 5102 10 5115 5 5159 27 5233 7 5250 4 5276 4 5287 8 5358 10 5372 4 5416 25 5484 12 5533 4 5544 8 5567 2 5613 11 5629 3 5672 22 5739 13 5789 5 5802 7 5823 3 5869 10 5930 14 5995 12 6045 4 6059 7 6080 2 6125 9 6187 12 6250 13 6301 4 6315 7 6333 1 6381 8 6444 10 6506 12 6557 4 6571 9 6588 2 6637 5 6701 8 6761 13 6813 3 6827 10 6840 3 6844 2 6893 5 6958 5 7018 11 7069 3 7085 17 7149 4 7215 3 7274 11 7308 3 7325 2 7342 15 7407 1 7530 11 7563 5 7601 1 7609 1 7786 11 7819 6 8044 8 8076 5 8306 1 8332 4 8590 1 8998 2 9253 4 9507 7 9762 10 9824 1 10019 10 10078 3 10277 9 10335 2 10534 8 10792 6 11003 5 11036 1 11050 5 11259 5 11290 3 11306 6 11514 6 11546 3 11563 5 11770 6 11801 4 11821 3 12026 6 12057 3 12282 6 12313 2 12538 6 12566 2 12569 2 12792 8 12821 6 13046 10 13080 3 13088 3 13301 11 13337 3 13344 5 13556 12 13602 3 13812 12 13860 1 13880 2 14068 12 14116 1 14324 12 14581 11 14837 11 15094 10 15144 2 15351 9 15400 3 15607 9 15657 2 15867 5 15914 1 16126 2 16382 2 16638 2 16894 2 17149 3 17405 3 17661 3 17916 4 18171 5 18424 8 18678 10 18933 11 19189 11 19449 7 19706 6 19963 5 20219 5 20476 4 20732 4 20988 4 21245 3 21501 4 21759 3 22016 3 22272 4 22528 4 22784 4 23040 4 23296 4 23552 4 23808 2 24816 2 25071 4 25327 4 25406 1 25584 2 25658 5 25914 4 25948 3 26111 1 26148 3 26171 2 26202 6 26215 3 26365 3 26389 3 26402 7 26457 7 26471 4 26621 3 26644 4 26657 9 26712 8 26727 6 26877 3 26901 2 26912 10 26968 8 26983 6 27133 3 27167 11 27225 7 27242 3 27389 3 27422 13 27481 6 27497 3 27645 3 27678 13 27721 3 27737 5 27752 3 27901 3 27935 12 27976 5 27992 6 28008 3 28157 3 28191 11 28231 6 28248 6 28264 2 28413 3 28447 11 28487 7 28505 4 28670 2 28704 10 28743 8 28927 4 28962 7 28999 9 29184 4 29220 5 29255 9 29312 1 29440 4 29511 10 29550 1 29554 3 29696 4 29767 10 29805 9 29952 3 30023 10 30061 9 30208 2 30279 10 30317 9 30535 11 30548 1 30571 10 30792 10 30804 3 30816 1 30825 11 31048 10 31059 5 31068 6 31080 12 31304 27 31336 12 31490 1 31551 3 31560 42 31744 4 31805 6 31816 41 32061 6 32072 40 32316 6 32328 39 32573 5 32584 33 32621 2 32776 2 32830 4 32840 24 32867 5 33087 2 33096 23 33352 23 33608 6 33615 16 33792 8 33863 7 33873 14 34048 9 34119 7 34130 15 34304 9 34326 4 34376 5 34386 17 34560 10 34578 8 34632 6 34639 13 34653 6 34816 13 34831 12 34891 19 35072 28 35147 17 35328 31 35403 17 35423 4 35584 31 35636 2 35658 18 35678 5 35840 31 35890 4 35913 19 35933 7 36096 31 36144 9 36169 19 36189 6 36352 31 36398 11 36425 19 36445 6 36608 30 36653 12 36681 26 36864 29 36909 13 36936 26 37120 28 37165 13 37192 25 37376 27 37420 14 37447 5 37458 13 37632 27 37678 11 37702 4 37716 10 37888 27 37936 1 37939 4 37958 4 37973 9 38144 27 38214 3 38229 8 38400 27 38470 1 38485 4 38655 28 38697 2 38742 1 38756 1 38895 3 38911 29 38951 5 39150 4 39168 28 39207 4 39405 5 39424 28 39485 3 39660 7 39680 28 39740 7 39916 7 39936 27 39975 3 39994 9 40172 8 40186 4 40192 28 40230 9 40249 11 40267 2 40428 19 40448 29 40482 19 40505 12 40521 7 40573 2 40684 19 40704 69 40776 8 40828 3 40940 88 41031 9 41070 1 41196 87 41287 10 41324 4 41448 90 41543 10 41579 9 41703 90 41799 10 41832 15 41959 89 42055 10 42088 22 42216 87 42311 10 42345 23 42472 85 42567 11 42601 25 42639 1 42729 71 42804 9 42822 13 42848 1 42857 26 42895 1 42986 68 43060 9 43077 14 43114 25 43152 5 43243 67 43316 10 43327 5 43333 14 43370 26 43408 6 43500 67 43571 32 43625 28 43664 9 43757 6 43764 59 43826 33 43881 28 43920 10 44021 94 44137 24 44179 7 44208 4 44278 93 44393 24 44436 6 44461 8 44471 1 44477 3 44535 89 44650 22 44695 2 44716 10 44730 5 44791 88 44906 21 44971 12 44985 7 45049 63 45113 17 45162 26 45226 23 45308 77 45418 27 45482 23 45566 75 45676 27 45737 16 45756 5 45822 74 45933 13 45948 12 45993 15 46012 5 46078 73 46189 9 46203 3 46208 8 46248 14 46267 6 46334 74 46446 5 46459 3 46463 9 46504 13 46522 7 46590 76 46692 1 46702 2 46710 18 46758 15 46779 6 46847 76 46925 3 46945 6 46958 1 46965 19 47012 20 47036 3 47104 81 47200 8 47219 20 47252 1 47268 19 47360 83 47456 9 47475 20 47508 1 47524 21 47616 84 47711 11 47730 21 47779 23 47872 84 47966 12 47986 22 48035 23 48128 84 48222 12 48241 26 48278 5 48290 24 48384 86 48479 11 48492 3 48497 27 48533 7 48546 23 48616 2 48640 87 48737 15 48754 28 48788 8 48798 1 48803 21 48872 3 48885 5 48896 88 48994 3 49000 8 49011 28 49044 8 49054 2 49059 20 49127 4 49139 7 49152 88 49242 1 49255 9 49267 28 49300 11 49315 19 49383 4 49392 10 49408 94 49511 11 49523 29 49555 13 49571 18 49638 5 49646 113 49766 58 49827 17 49895 120 50021 59 50083 17 50151 4 50156 115 50277 35 50314 23 50339 17 50409 1 50413 115 50532 36 50575 18 50595 16 50668 116 50787 37 50832 17 50852 15 50923 157 51089 16 51109 13 51178 118 51297 21 51322 1 51326 1 51331 6 51346 15 51372 6 51434 15 51450 102 51553 20 51588 5 51602 15 51630 3 51690 15 51707 2 51712 117 51844 5 51857 16 51947 8 51956 5 51968 116 52101 4 52112 17 52130 1 52205 5 52213 4 52224 115 52356 5 52367 21 52398 2 52461 4 52468 4 52480 93 52575 3 52579 15 52613 1 52616 1 52623 21 52654 2 52659 2 52717 4 52723 4 52736 93 52836 13 52879 21 52975 4 52992 88 53098 6 53135 22 53232 3 53248 68 53317 18 53355 3 53393 23 53489 1 53504 66 53584 1 53587 3 53652 14 53668 4 53760 66 53908 12 53924 5 54018 65 54163 1 54165 5 54171 3 54180 5 54273 31 54305 34 54417 3 54422 8 54435 6 54529 30 54561 34 54670 7 54691 6 54784 31 54818 34 54925 9 54947 5 55040 8 55051 20 55074 34 55182 8 55296 8 55307 21 55330 33 55438 7 55552 8 55563 21 55585 34 55694 7 55808 8 55817 58 55950 7 56064 7 56073 57 56205 8 56320 6 56329 58 56461 8 56576 5 56584 1 56586 24 56611 34 56668 4 56712 1 56717 8 56832 34 56867 33 56923 6 56972 8 57088 68 57178 8 57228 8 57344 7 57353 24 57379 33 57435 6 57484 6 57600 4 57614 16 57631 2 57635 34 57679 3 57693 4 57740 5 57856 3 57878 8 57890 10 57901 24 57932 8 57949 5 57956 1 57997 2 58114 1 58135 7 58145 10 58158 22 58186 10 58205 9 58391 6 58407 3 58413 22 58442 10 58459 7 58467 3 58631 2 58648 5 58669 18 58697 10 58712 6 58719 2 58723 3 58728 3 58888 1 58892 8 58925 18 58952 10 58968 6 58979 9 59144 15 59181 17 59208 9 59224 5 59235 9 59399 15 59438 14 59464 9 59480 4 59492 8 59654 16 59694 5 59704 1 59721 8 59736 4 59750 6 59907 19 59951 3 59959 2 59976 9 59990 5 60006 6 60161 22 60191 2 60195 4 60214 3 60232 8 60245 6 60262 6 60416 22 60446 11 60469 4 60489 6 60501 7 60509 3 60520 3 60672 21 60699 14 60724 4 60746 4 60757 15 60782 3 60928 21 60953 16 60981 3 61004 1 61013 18 61184 20 61208 17 61237 3 61269 19 61320 2 61440 20 61463 14 61479 2 61492 3 61526 17 61576 2 61696 19 61719 14 61736 1 61747 4 61784 1 61787 12 61831 4 61952 19 61975 15 61991 2 62004 2 62040 14 62087 4 62208 7 62216 10 62231 18 62260 1 62296 14 62343 4 62464 7 62472 9 62487 16 62552 13 62600 3 62721 6 62729 8 62742 7 62755 4 62762 7 62808 12 62857 3 62985 7 62996 9 63017 11 63064 10 63113 3 63242 1 63245 2 63251 10 63272 13 63322 7 63370 2 63508 9 63529 10 63551 2 63582 1 63625 3 63765 8 63786 9 63804 5 63881 3 64020 9 64043 7 64060 5 64110 4 64276 8 64300 6 64314 7 64364 8 64532 9 64557 3 64571 6 64619 9 64787 11 64827 6 64874 10 65044 10 65085 5 65129 13 65150 3 65300 11 65341 5 65380 1 65385 13 65404 6
675111,0 174 256 174 512 174 768 174 1024 174 1280 174 1536 174 1792 174 2048 174 2304 173 2560 173 2816 173 3072 173 3328 173 3584 175 3840 176 4096 176 4352 176 4608 176 4864 176 5120 176 5376 176 5632 176 5888 176 6144 176 6400 176 6656 176 6912 177 7168 177 7424 178 7680 178 7936 179 8192 179 8448 180 8704 180 8960 180 9216 180 9472 180 9728 180 9984 179 10240 179 10496 179 10752 178 11008 178 11264 177 11520 176 11776 176 12032 175 12288 175 12544 173 12720 3 12800 171 12976 4 13056 171 13312 171 13568 171 13824 173 14080 180 14336 180 14592 181 14848 182 15104 181 15360 180 15616 180 15872 180 16128 180 16384 179 16640 179 16896 186 17152 187 17408 187 17664 188 17920 188 18176 189 18432 189 18688 189 18944 189 19200 189 19456 189 19712 189 19968 190 20224 190 20480 190 20736 190 20992 191 21248 191 21504 191 21760 191 22016 190 22272 191 22528 191 22784 192 23040 192 23296 192 23552 193 23808 193 24064 193 24320 193 24576 194 24832 194 25088 194 25344 195 25600 195 25856 195 26112 195 26368 196 26624 196 26880 196 27136 197 27392 197 27648 197 27904 197 28160 197 28416 197 28672 198 28928 198 29184 198 29440 198 29696 198 29952 199 30208 199 30464 199 30720 199 30976 200 31232 200 31488 200 31744 200 32000 200 32256 200 32512 200 32768 200 33024 201 33280 201 33536 201 33792 202 34048 202 34304 202 34560 202 34816 202 35072 202 35328 202 35584 202 35840 202 36096 202 36352 203 36608 203 36864 202 37120 202 37376 202 37632 203 37888 204 38144 204 38400 205 38656 205 38912 206 39168 206 39424 206 39680 206 39936 207 40192 207 40448 208 40704 208 40960 208 41216 207 41472 207 41728 208 41984 208 42240 209 42496 209 42752 210 43008 209 43264 210 43520 210 43776 210 44032 210 44288 211 44544 211 44800 211 45056 211 45312 211 45568 212 45824 212 46080 212 46336 212 46592 212 46848 213 47104 213 47360 213 47616 213 47872 214 48128 214 48384 214 48640 214 48896 214 49152 215 49408 215 49664 215 49920 215 50176 216 50432 216 50688 216 50944 217 51200 217 51456 218 51712 218 51968 218 52224 218 52480 218 52736 218 52992 218 53248 219 53504 219 53760 220 54016 220 54272 220 54528 220 54784 221 55040 221 55296 221 55552 221 55808 222 56064 222 56320 222 56576 223 56832 223 57088 223 57344 223 57600 223 57856 224 58112 224 58368 224 58624 225 58880 225 59136 225 59392 225 59648 225 59904 225 60160 226 60416 226 60672 226 60928 226 61184 227 61440 227 61696 227 61952 227 62208 227 62464 227 62720 228 62976 228 63232 229 63488 229 63744 229 64000 229 64256 229 64512 230 64768 230 65024 230 65280 231
677723,0 7423 7424 254 7680 254 7936 254 8192 254 8448 253 8704 252 8960 252 9216 252 9472 252 9728 253 9984 254 10240 254 10496 55040
680771,0 29951 29952 255 30208 255 30464 255 30720 255 30976 255 31232 2559 33792 255 34048 2815 36864 255 37120 255 37376 254 37632 255 37888 27648
682813,0 90 256 90 512 90 768 91 1024 91 1280 91 1536 91 1792 91 2048 91 2304 92 2560 92 2816 93 3072 93 3328 93 3584 93 3840 93 4096 93 4352 94 4608 94 4864 95 5120 95 5376 95 5632 95 5888 95 6144 95 6400 95 6656 95 6912 96 7168 96 7424 96 7680 97 7936 97 8192 97 8448 97 8704 97 8960 97 9216 97 9472 97 9728 97 9984 98 10240 99 10496 99 10752 99 11008 99 11264 99 11520 99 11776 99 12032 100 12288 100 12544 101 12800 101 13056 101 13312 101 13568 101 13824 101 14080 102 14336 102 14592 102 14848 103 15104 103 15360 103 15616 103 15872 103 16128 103 16384 103 16640 103 16896 104 17152 104 17408 105 17664 105 17920 105 18176 105 18432 105 18688 105 18944 105 19200 106 19456 106 19712 106 19968 107 20224 107 20480 107 20736 107 20992 107 21248 107 21504 107 21760 108 22016 108 22272 109 22528 109 22784 109 23040 109 23296 109 23552 110 23808 110 24064 110 24320 110 24576 111 24832 111 25088 111 25344 111 25600 111 25856 111 26112 111 26368 112 26624 112 26880 112 27136 113 27392 113 27648 113 27904 113 28160 113 28416 113 28672 113 28928 114 29184 114 29440 115 29696 115 29952 115 30208 115 30464 115 30720 115 30976 115 31232 116 31488 116 31744 117 32000 117 32256 117 32512 117 32768 117 33024 117 33280 117 33536 118 33792 118 34048 118 34304 118 34560 119 34816 119 35072 119 35328 119 35584 119 35840 119 36096 119 36352 120 36608 120 36864 120 37120 121 37376 121 37632 121 37888 121 38144 121 38400 121 38656 122 38912 122 39168 123 39424 123 39680 123 39936 123 40192 123 40448 124 40704 124 40960 124 41216 125 41472 125 41728 125 41984 125 42240 126 42496 126 42752 126 43008 126 43264 126 43520 127 43776 127 44032 127 44288 127 44544 128 44800 128 45056 128 45312 128 45568 128 45824 128 46080 129 46336 129 46592 129 46848 129 47104 129 47360 129 47616 129 47872 129 48128 129 48384 130 48640 130 48896 130 49152 131 49408 131 49664 131 49920 131 50176 130 50432 130 50688 131 50944 132 51200 132 51456 132 51712 132 51968 133 52224 132 52480 131 52736 130 52992 130 53248 129 53504 126 53760 125 54016 125 54272 124 54528 123 54784 123 55040 122 55296 122 55552 122 55808 122 56064 122 56320 122 56576 122 56832 122 57088 122 57344 120 57600 118 57856 118 58112 86 58200 28 58368 86 58457 24 58624 85 58714 4 58719 3 58723 12 58880 84 58976 6 59136 83 59222 1 59232 5 59392 82 59484 1 59488 5 59648 82 59740 2 59743 6 59904 82 59993 12 60160 81 60246 12 60416 82 60503 9 60672 86 60759 9 60928 82 61015 9 61184 80 61271 9 61440 79 61528 7 61696 77 61952 76 62208 74 62464 73 62720 71 62976 69 63232 62 63295 5 63488 62 63551 2 63744 62 64000 62 64256 62 64512 60 64768 39 64809 15 64825 2 65024 39 65065 17 65280 38 65322 4 65327 11
688285,24362 1 24617 3 24874 1 28202 1 32995 1 33251 1 33507 1 35305 1 35560 3 35816 3 36072 3 36918 3 37087 1 37173 4 37342 2 37429 5 37597 3 37684 6 37853 3 37867 3 37940 7 38110 2 38122 4 38198 7 38367 1 38376 6 38454 10 38628 10 38710 11 38882 11 38966 12 39138 11 39222 13 39393 12 39478 14 39640 2 39648 12 39734 14 39893 7 39903 12 39991 13 40149 8 40158 11 40247 14 40405 19 40504 13 40661 18 40761 12 40917 17 41018 11 41173 7 41276 9 41430 5 41536 4 41794 1 42191 3 42446 5 42701 7 42957 7 43213 7 43469 7 43726 6 43984 3 44240 2 56428 7 56683 9 56938 12 57193 13 57448 13 57703 14 57958 15 58212 16 58460 3 58467 17 58690 1 58714 26 58946 12 58969 26 59202 13 59224 27 59458 14 59479 28 59715 13 59734 28 59971 15 59989 29 60227 47 60483 46 60740 45 60996 45 61252 45 61508 44 61763 45 62019 44 62274 45 62531 45 62787 46 63044 46 63300 47 63557 7 63568 35 63813 5 63826 32 64069 4 64083 31 64324 1 64341 29 64597 29 64853 28 65109 28 65365 27
689810,0 65536
692688,0 51 57 2 68 2 156 3 165 4 181 129 312 4 324 5 407 10 421 152 580 5 641 2 656 4 661 15 678 152 836 5 912 4 917 16 935 7 943 147 1091 5 1167 23 1191 6 1199 152 1422 30 1454 154 1610 1 1678 189 1900 1 1934 190 2156 2 2189 193 2398 1 2445 193 2654 1 2701 196 2909 2 2957 196 3164 3 3213 189 3420 3 3469 189 3676 3 3726 187 3932 3 3982 187 4189 2 4239 187 4446 1 4495 183 4679 6 4751 183 4935 7 5007 182 5191 8 5242 1 5263 182 5447 8 5469 3 5519 181 5701 10 5725 3 5776 180 5957 9 6032 112 6145 2 6151 70 6288 112 6406 6 6414 62 6544 112 6662 5 6670 62 6756 1 6800 112 6918 3 6926 60 6998 1 7012 2 7056 112 7174 1 7181 60 7253 3 7268 3 7312 112 7437 60 7503 2 7509 4 7524 3 7569 111 7693 60 7757 5 7765 4 7781 2 7826 110 7950 67 8022 2 8082 110 8206 12 8219 54 8338 110 8463 10 8475 54 8542 3 8595 109 8720 9 8732 50 8797 4 8852 108 8977 7 8988 50 9040 5 9053 4 9108 4 9118 98 9233 7 9245 49 9295 7 9308 5 9376 12 9389 83 9489 6 9501 49 9551 7 9564 4 9633 8 9646 82 9746 5 9757 57 9819 4 9891 1 9894 2 9903 81 10002 4 10014 55 10074 5 10160 80 10259 2 10271 54 10330 5 10416 80 10515 2 10527 53 10586 5 10673 79 10771 2 10783 53 10842 6 10929 79 11040 52 11099 5 11186 78 11296 52 11355 5 11443 77 11552 52 11611 5 11698 78 11808 52 11861 2 11868 4 11954 78 12063 56 12124 3 12210 78 12319 56 12467 1 12471 73 12575 56 12729 63 12796 4 12831 56 12898 1 12986 62 13053 3 13087 56 13154 1 13242 60 13308 4 13343 56 13410 1 13499 59 13564 4 13599 54 13666 1 13756 58 13820 4 13855 54 13922 1 14012 53 14066 4 14074 6 14112 51 14269 52 14322 5 14330 6 14368 50 14526 51 14578 6 14587 5 14623 50 14782 58 14869 2 14879 50 15040 56 15125 3 15135 48 15300 52 15381 3 15391 48 15460 3 15556 48 15637 2 15647 48 15813 49 15905 46 16070 48 16164 40 16205 3 16326 49 16423 31 16455 3 16461 3 16582 50 16671 4 16679 32 16717 2 16839 48 16926 7 16935 32 16973 2 17096 46 17181 9 17193 29 17353 1 17355 36 17393 3 17428 1 17437 9 17450 27 17616 4 17622 24 17684 2 17694 8 17705 28 17874 3 17878 24 17940 3 17950 38 18131 27 18196 2 18206 37 18331 2 18388 20 18452 1 18463 15 18479 18 18586 4 18645 17 18709 2 18719 15 18736 23 18842 4 18900 15 18965 6 18976 4 18982 7 18992 8 19003 13 19097 5 19156 14 19221 5 19233 2 19238 5 19248 8 19259 5 19265 7 19291 2 19354 4 19416 7 19427 1 19478 4 19504 10 19515 5 19521 9 19546 4 19610 2 19674 4 19682 3 19755 2 19760 17 19778 8 19804 1 19929 5 19938 3 20010 4 20015 6 20023 10 20035 8 20056 1 20185 5 20194 8 20260 4 20265 10 20279 19 20299 3 20312 1 20441 5 20449 9 20515 16 20535 18 20555 6 20568 1 20697 6 20704 9 20760 1 20771 17 20791 15 20807 2 20811 6 20957 1 20960 7 21015 3 21027 5 21033 11 21048 14 21064 1 21067 5 21160 2 21216 6 21272 2 21283 4 21290 10 21303 18 21324 3 21471 3 21548 10 21559 18 21726 2 21804 10 21815 17 22050 1 22060 24 22085 3 22102 1 22306 1 22316 24 22341 2 22358 1 22562 1 22571 26 22602 1 22827 27 23083 12 23097 13 23339 12 23353 12 23584 2 23594 14 23609 11 23839 3 23849 15 23865 12 24094 4 24104 29 24350 5 24360 27 24606 5 24615 4 24621 13 24635 3 24872 1 24876 13 24891 3 25132 12 25148 5 25160 1 25388 12 25404 6 25644 12 25659 8 25902 10 25915 3 25920 3 26144 2 26162 5 26170 3 26178 1 26214 1 26401 3 26419 2 26426 3 26658 3 26676 1 26683 2 26915 2 26932 1 26939 2 27172 1 27195 2 27702 1 27716 1 28726 1 28729 2 28742 3 28982 1 28985 2 28995 6 29241 3 29250 7 29497 2 29505 8 29735 2 29761 8 30017 7 30273 5 30529 4 30783 5 30802 1 31039 5 31048 1 31056 3 31274 1 31294 6 31302 3 31312 3 31530 1 31550 6 31557 5 31567 4 31806 12 31823 4 32064 10 32079 5 32320 1 32324 6 32335 5 32580 6 32591 4 32836 6 32846 5 33091 7 33101 6 33347 8 33357 5 33603 17 33858 20 33881 4 33892 1 34113 28 34368 29 34535 1 34624 29 34789 4 34879 31 35044 6 35135 31 35174 1 35299 8 35317 1 35374 1 35391 32 35430 2 35555 8 35572 3 35581 1 35630 1 35647 33 35685 5 35810 10 35828 4 35837 2 35900 38 35941 6 36066 14 36084 3 36093 3 36156 38 36197 6 36321 16 36341 1 36349 3 36413 38 36576 18 36605 3 36668 40 36718 1 36832 20 36860 4 36924 41 36974 2 37088 20 37115 5 37180 40 37229 4 37345 20 37371 5 37437 39 37485 4 37602 19 37627 5 37690 1 37693 39 37741 4 37859 18 37883 5 37944 48 37997 4 38117 2 38120 13 38141 3 38200 49 38253 5 38371 4 38379 10 38457 45 38509 6 38627 4 38635 12 38713 45 38759 2 38765 6 38882 6 38891 13 38970 47 39021 6 39137 8 39147 14 39226 47 39277 6 39393 8 39402 15 39481 44 39527 2 39532 3 39649 24 39677 1 39737 49 39787 4 39795 3 39908 21 39992 50 40043 4 40050 5 40164 21 40248 2 40251 53 40305 6 40421 20 40500 2 40503 3 40507 61 40678 18 40756 68 40934 5 40940 11 41011 70 41191 2 41196 11 41213 2 41267 71 41447 3 41453 11 41467 4 41524 72 41703 4 41709 19 41782 71 41959 4 41966 18 42038 70 42216 3 42222 18 42294 2 42297 49 42347 11 42359 5 42446 2 42473 23 42549 3 42553 49 42603 9 42615 6 42701 3 42730 22 42806 1 42809 59 42870 8 42957 3 42986 22 43065 69 43214 2 43242 22 43321 70 43498 22 43576 71 43754 22 43832 46 43879 24 44011 21 44088 44 44133 27 44268 20 44345 43 44389 27 44525 19 44601 72 44782 18 44858 73 45038 18 45114 74 45295 4 45300 12 45370 3 45375 69 45551 3 45556 12 45631 69 45775 1 45807 3 45812 7 45820 4 45888 68 46031 1 46068 7 46076 4 46144 68 46214 1 46222 3 46287 1 46324 6 46332 4 46399 73 46478 3 46580 6 46588 4 46655 73 46731 4 46837 4 46844 4 46911 72 46986 5 47094 2 47102 2 47167 71 47242 5 47359 1 47422 72 47498 5 47601 1 47678 72 47755 4 47857 1 47934 74 48010 5 48113 1 48190 83 48446 85 48555 1 48705 84 48810 3 48819 1 48822 1 48886 5 48963 82 49066 3 49074 5 49142 8 49216 1 49220 81 49329 6 49397 9 49472 1 49476 82 49585 5 49653 9 49734 80 49822 1 49841 4 49909 7 49993 78 50074 8 50097 4 50120 2 50165 3 50243 3 50251 89 50349 2 50354 1 50375 5 50421 2 50499 3 50507 91 50603 5 50630 7 50677 1 50755 3 50763 92 50860 7 50880 2 50885 10 50933 1 51011 2 51019 94 51116 11 51135 17 51162 3 51189 1 51274 100 51380 8 51390 19 51416 6 51445 3 51530 100 51636 34 51672 6 51701 2 51787 101 51891 43 52043 147 52299 147 52554 147 52730 2 52810 146 53065 147 53320 148 53576 148 53831 151 54087 155 54247 1 54269 1 54343 155 54500 5 54525 3 54599 7 54607 154 54779 5 54855 6 54863 154 55034 6 55111 3 55120 153 55289 7 55368 2 55375 148 55526 2 55533 1 55543 9 55624 1 55628 151 55789 1 55798 10 55883 151 56045 1 56052 12 56138 151 56301 1 56304 16 56393 152 56554 22 56649 152 56802 23 56826 6 56905 176 57082 6 57161 176 57338 6 57417 176 57595 5 57675 173 57851 5 57931 168 58100 5 58106 6 58187 168 58358 10 58444 1 58448 176 58704 169 58874 6 58959 169 59130 6 59214 167 59382 2 59386 6 59471 170 59642 6 59727 170 59898 6 59984 6 59993 167 60241 5 60249 136 60388 28 60505 137 60644 28 60761 137 60900 28 61017 167 61273 167 61528 168 61784 161 61947 5 62040 4 62045 156 62203 5 62298 1 62302 155 62460 4 62560 153 62716 4 62817 152 62972 4 63073 85 63160 65 63226 6 63329 85 63417 71 63586 83 63672 72 63844 80 63928 72 64101 81 64183 73 64357 155 64614 20 64637 131 64888 1 64893 125 65020 4 65149 125 65276 4 65396 1 65406 123 65532 4
694806,88 3 96 2 100 1 103 5 128 30 184 7 249 5 344 4 352 2 355 3 359 5 383 3 390 23 440 9 505 3 600 5 607 13 638 4 646 23 696 9 709 5 859 17 894 5 902 24 952 9 965 5 1082 1 1100 5 1115 17 1150 6 1157 25 1208 18 1357 5 1370 19 1408 30 1465 18 1613 5 1619 2 1627 18 1665 30 1710 1 1722 19 1848 1 1869 5 1875 2 1885 16 1923 28 1964 5 1980 18 2104 1 2125 3 2141 16 2180 27 2219 6 2237 17 2267 1 2381 2 2397 15 2437 26 2475 6 2494 16 2522 2 2637 2 2646 3 2654 13 2694 26 2731 6 2750 16 2777 3 2786 9 2901 5 2951 26 2987 6 3006 16 3033 4 3042 10 3140 1 3156 7 3208 25 3244 5 3262 16 3288 5 3297 11 3379 3 3395 4 3411 9 3465 13 3480 9 3500 4 3517 18 3544 20 3634 5 3650 6 3667 9 3723 10 3738 7 3773 18 3800 20 3890 5 3902 10 3922 11 3981 7 3995 4 4027 20 4055 21 4146 5 4156 13 4178 11 4240 3 4282 21 4311 21 4403 3 4411 15 4433 12 4538 22 4566 22 4659 3 4667 15 4689 11 4793 24 4822 21 4916 3 4923 15 4945 9 5049 25 5078 21 5172 4 5179 15 5200 1 5206 3 5305 26 5334 21 5428 21 5454 4 5561 26 5590 21 5685 19 5709 5 5816 27 5846 20 5942 6 5949 11 5961 10 6069 30 6102 20 6144 1 6199 4 6208 20 6325 30 6358 5 6367 11 6400 2 6464 21 6581 29 6614 4 6625 8 6656 2 6720 3 6729 12 6837 29 6869 5 6882 7 6912 2 6976 3 6991 5 7038 4 7094 4 7103 18 7125 5 7138 6 7168 2 7232 2 7248 4 7294 5 7360 9 7372 2 7381 6 7395 5 7424 2 7472 2 7550 4 7617 8 7636 7 7651 5 7680 2 7726 5 7808 1 7873 8 7892 8 7907 5 7936 3 7982 5 8129 8 8139 16 8164 4 8192 3 8239 4 8385 8 8394 17 8421 3 8448 3 8496 3 8641 26 8678 2 8702 5 8896 26 8957 7 9151 24 9213 8 9403 28 9468 10 9657 37 9724 10 9912 39 9980 9 10167 41 10237 7 10421 44 10480 3 10493 7 10596 2 10677 45 10735 6 10751 5 10852 3 10933 46 10990 8 11008 4 11108 3 11190 45 11241 13 11264 4 11449 42 11496 15 11520 4 11707 41 11752 15 11775 4 11852 4 11963 41 12008 15 12029 6 12106 7 12220 40 12265 14 12284 6 12360 9 12477 39 12523 12 12540 4 12609 5 12615 9 12735 21 12786 5 12796 4 12864 16 12993 18 13052 4 13121 14 13250 17 13308 4 13377 13 13507 26 13566 2 13611 5 13634 10 13764 26 13862 12 13893 6 14020 27 14117 16 14150 4 14277 27 14372 19 14408 1 14533 29 14625 22 14789 29 14880 23 15046 29 15134 24 15304 7 15312 19 15386 25 15562 3 15569 18 15641 15 15657 9 15813 2 15826 17 15869 3 15897 13 15915 7 16068 4 16083 15 16124 4 16154 1 16158 6 16171 8 16323 6 16340 13 16380 4 16428 1 16431 5 16437 2 16578 8 16599 9 16636 4 16690 7 16834 10 16854 11 16894 2 16936 1 16946 9 17044 2 17090 11 17110 12 17151 1 17190 6 17202 10 17298 6 17346 10 17366 13 17445 7 17458 11 17551 11 17603 8 17622 13 17701 8 17712 6 17719 6 17806 12 17859 7 17878 12 17948 1 17957 9 17967 7 17977 4 18062 13 18116 5 18134 12 18204 1 18213 17 18233 5 18317 16 18390 7 18460 3 18469 17 18489 5 18566 25 18716 1 18725 25 18822 26 18981 25 19077 27 19237 24 19333 9 19343 16 19489 3 19493 9 19503 14 19589 8 19599 16 19745 28 19846 24 20001 28 20102 24 20255 30 20358 24 20510 31 20614 23 20767 13 20782 14 20870 22 21023 12 21039 13 21127 19 21279 13 21295 14 21385 4 21398 2 21536 29 21793 29 22049 30 22296 4 22305 30 22551 6 22561 30 22807 6 22818 28 23063 6 23074 26 23320 4 23330 22 23577 2 23587 19 23843 19 24101 17 24361 16 24618 15 24873 17 25129 18 25385 18 25641 19 25897 20 26154 20 26410 20 26556 8 26666 20 26810 11 26885 3 26923 18 27066 12 27139 7 27180 17 27322 13 27393 10 27421 1 27438 14 27578 13 27649 11 27675 4 27696 11 27833 14 27905 11 27931 6 27955 7 28090 13 28162 11 28175 2 28184 9 28213 4 28314 3 28346 13 28417 12 28431 2 28439 10 28470 1 28570 4 28602 14 28673 12 28694 11 28825 6 28858 14 28928 14 28949 12 29081 6 29114 14 29184 14 29203 14 29336 6 29370 14 29440 15 29457 16 29590 7 29627 13 29696 33 29844 7 29884 11 29952 34 30098 9 30140 10 30208 34 30353 11 30397 8 30464 34 30608 17 30654 5 30720 34 30863 20 30912 1 30976 34 31118 21 31232 34 31374 22 31488 33 31630 21 31744 33 31886 6 31896 11 32000 32 32141 6 32152 10 32256 32 32395 7 32409 8 32512 31 32650 7 32768 30 32906 6 33024 28 33162 6 33280 22 33418 5 33536 21 33622 3 33675 2 33792 20 33858 16 33877 6 34048 20 34113 27 34160 5 34304 19 34368 28 34414 10 34550 3 34560 20 34625 26 34670 10 34709 7 34779 2 34805 5 34816 22 34882 25 34926 11 34962 11 35033 7 35061 7 35072 22 35139 23 35182 11 35217 12 35289 8 35316 34 35396 12 35413 4 35438 11 35472 12 35544 10 35571 13 35587 18 35654 8 35695 10 35727 12 35800 11 35827 13 35845 17 35951 9 35983 11 36056 12 36082 14 36102 15 36208 8 36240 10 36312 12 36338 14 36359 12 36467 4 36497 3 36506 2 36568 12 36593 15 36616 8 36722 5 36762 3 36825 11 36849 15 36873 5 36978 5 37017 5 37081 12 37104 13 37233 7 37273 5 37338 10 37360 12 37489 9 37530 5 37594 10 37616 11 37745 10 37787 4 37850 9 37871 12 38000 11 38044 3 38092 4 38106 8 38126 15 38253 16 38301 2 38347 6 38362 8 38373 26 38506 21 38596 14 38618 38 38761 23 38851 16 38874 38 39017 24 39074 7 39107 61 39271 26 39329 10 39362 62 39462 5 39526 27 39584 12 39618 57 39717 7 39781 28 39840 12 39873 56 39968 3 39973 10 40036 28 40094 14 40129 54 40224 3 40229 10 40290 29 40348 17 40385 53 40485 10 40544 31 40603 5 40613 8 40644 49 40742 9 40800 31 40856 8 40870 7 40888 3 40900 48 40999 8 41055 32 41110 10 41126 7 41142 7 41156 46 41256 6 41310 33 41366 11 41382 7 41397 10 41411 46 41513 4 41566 33 41621 15 41637 10 41653 11 41666 48 41770 2 41822 33 41877 27 41908 62 42077 34 42133 94 42334 33 42390 94 42590 33 42649 92 42742 4 42846 34 42907 96 43027 3 43101 36 43164 95 43281 6 43339 4 43357 37 43421 99 43536 7 43570 2 43594 7 43612 38 43677 99 43792 7 43825 3 43848 1 43851 6 43868 38 43933 99 44046 9 44058 4 44066 3 44080 2 44109 4 44124 38 44189 99 44301 10 44312 14 44335 2 44346 2 44367 2 44380 8 44390 27 44445 99 44557 25 44601 5 44624 1 44636 7 44647 25 44701 99 44813 15 44830 8 44856 7 44892 7 44904 23 44958 98 45069 13 45088 5 45112 6 45147 6 45162 20 45218 94 45325 12 45345 2 45368 6 45396 12 45418 19 45476 92 45581 11 45624 5 45650 32 45685 7 45733 91 45837 10 45881 3 45905 33 45942 4 45990 90 46092 9 46124 2 46138 1 46159 36 46246 90 46347 9 46412 40 46502 90 46595 15 46667 16 46685 28 46749 99 46851 16 46920 19 46942 29 47004 100 47107 17 47152 1 47167 2 47175 19 47198 30 47260 100 47363 18 47408 1 47423 2 47430 19 47454 31 47508 2 47515 101 47619 20 47686 18 47710 32 47762 6 47771 101 47875 21 47942 18 47966 33 48016 112 48134 19 48196 20 48221 37 48269 115 48390 20 48451 22 48477 38 48524 116 48647 19 48704 26 48733 39 48778 118 48906 16 48946 1 48959 27 48989 40 49031 121 49164 11 49202 1 49213 195 49420 10 49458 2 49467 197 49677 8 49708 4 49713 4 49721 199 49934 6 49964 9 49977 199 50192 1 50220 10 50233 199 50476 183 50665 23 50732 28 50761 82 50844 71 50921 23 50988 28 51017 79 51101 70 51177 23 51245 27 51273 75 51358 69 51433 23 51501 102 51613 70 51688 24 51757 12 51771 12 51787 72 51868 73 51944 24 52013 13 52028 10 52043 72 52123 84 52208 16 52269 25 52298 74 52378 85 52464 16 52524 20 52545 6 52553 75 52633 85 52720 16 52781 18 52801 174 52976 16 53010 2 53037 16 53058 190 53294 14 53315 170 53490 14 53550 13 53571 53 53628 113 53746 13 53764 7 53808 10 53827 52 53887 110 54002 13 54019 9 54067 6 54083 17 54105 29 54146 7 54154 99 54258 12 54275 10 54338 15 54360 30 54403 4 54409 96 54506 2 54514 12 54530 11 54594 13 54616 29 54665 11 54679 82 54770 12 54787 11 54849 13 54871 29 54921 11 54935 83 55027 9 55043 11 55102 15 55127 28 55161 2 55178 9 55192 82 55284 7 55299 12 55358 14 55383 25 55410 8 55435 9 55448 82 55541 4 55555 12 55613 15 55639 23 55666 7 55691 9 55705 81 55797 3 55811 11 55869 15 55894 22 55921 7 55948 8 55961 81 56050 6 56067 11 56125 16 56150 20 56177 6 56204 9 56216 82 56301 11 56324 9 56382 16 56406 6 56422 1 56435 3 56460 4 56466 86 56556 13 56581 7 56640 14 56662 5 56683 2 56692 2 56716 3 56722 85 56812 14 56838 4 56888 1 56898 13 56919 3 56938 1 56948 1 56971 3 56983 80 57069 13 57143 3 57155 14 57176 1 57194 1 57226 4 57241 77 57327 12 57399 3 57411 15 57432 3 57476 1 57481 5 57499 75 57588 7 57656 1 57668 15 57687 4 57732 3 57737 4 57755 75 57844 11 57923 17 57943 5 57957 2 57988 9 58008 77 58101 11 58128 3 58179 25 58212 3 58236 1 58247 4 58262 78 58360 8 58380 3 58386 1 58435 17 58453 8 58468 3 58492 3 58504 2 58516 77 58595 1 58615 9 58634 5 58690 16 58709 8 58724 3 58746 6 58760 1 58770 10 58786 61 58858 4 58871 8 58945 16 58965 8 58980 3 58988 4 59002 6 59025 10 59042 61 59107 1 59112 7 59127 6 59200 14 59221 8 59235 4 59244 4 59258 6 59280 10 59299 60 59362 3 59366 10 59384 4 59457 10 59477 8 59492 3 59501 3 59513 7 59536 9 59554 1 59563 68 59664 5 59713 9 59734 7 59748 2 59757 3 59769 6 59793 7 59810 1 59820 66 59919 6 59970 8 59990 8 60004 1 60014 2 60025 5 60040 2 60049 7 60076 33 60111 31 60175 7 60226 8 60247 11 60270 1 60281 4 60296 2 60306 5 60332 31 60368 30 60430 7 60484 6 60504 10 60538 2 60552 2 60563 3 60589 30 60628 16 60649 4 60684 9 60740 6 60765 5 60794 1 60846 28 60890 9 60907 1 60912 6 60924 2 60939 10 60996 6 61021 5 61038 1 61102 27 61137 5 61146 8 61162 2 61166 15 61193 12 61253 6 61278 4 61292 4 61332 2 61359 10 61372 12 61392 13 61406 3 61418 3 61422 15 61449 12 61509 7 61533 5 61548 4 61588 2 61616 8 61629 11 61646 18 61675 1 61678 15 61704 12 61765 12 61789 5 61804 4 61828 2 61874 5 61885 11 61901 19 61927 2 61936 14 61960 11 62021 13 62046 4 62059 5 62142 10 62157 29 62192 14 62215 7 62277 13 62303 3 62314 6 62333 2 62366 2 62399 9 62412 31 62448 14 62471 5 62532 14 62570 6 62617 7 62656 8 62668 33 62705 12 62727 3 62786 13 62826 5 62871 10 62913 6 62924 34 62962 11 62983 3 63041 12 63060 1 63086 1 63126 11 63170 5 63180 34 63219 6 63226 3 63231 1 63296 13 63316 2 63342 1 63382 11 63428 2 63435 36 63476 5 63483 1 63486 2 63551 15 63582 4 63597 3 63637 12 63692 35 63732 5 63738 6 63764 6 63806 18 63838 7 63850 6 63892 14 63948 35 63988 12 64019 7 64062 20 64094 7 64104 8 64149 13 64204 36 64244 12 64275 7 64317 22 64350 8 64359 8 64405 14 64420 4 64461 36 64499 6 64506 3 64510 2 64530 8 64558 9 64573 23 64607 5 64615 7 64661 18 64718 35 64755 8 64766 2 64784 10 64813 40 64871 7 64918 16 64965 3 64975 34 65012 6 65022 2 65039 11 65068 41 65127 7 65173 17 65219 4 65232 33 65268 7 65277 3 65295 11 65324 40 65384 6 65429 13 65445 7 65474 5 65488 33 65524 3 65528 3 65532 4
695503,0 65536
701596,10 39 58 16 123 11 139 11 185 35 239 17 265 42 314 16 379 10 394 12 441 35 495 17 521 42 569 16 635 10 649 13 698 34 752 16 777 43 825 12 891 10 903 15 955 33 1008 16 1034 44 1079 12 1146 27 1212 32 1264 16 1291 56 1402 15 1421 8 1469 7 1478 22 1520 16 1547 28 1578 26 1632 1 1658 13 1678 7 1713 4 1726 5 1738 18 1777 15 1803 26 1835 25 1888 5 1895 7 1914 13 1937 2 1969 6 1982 5 1995 16 2033 15 2060 25 2091 26 2145 14 2170 13 2224 9 2239 3 2252 9 2291 12 2317 7 2333 8 2347 26 2402 16 2426 13 2480 10 2495 4 2509 7 2554 3 2560 1 2573 7 2590 7 2604 25 2660 1 2666 10 2682 13 2735 11 2751 4 2765 7 2816 3 2831 9 2847 6 2860 24 2923 10 2937 14 2991 13 3006 7 3022 7 3072 4 3087 10 3104 4 3116 23 3180 26 3248 21 3279 5 3328 5 3343 11 3372 20 3435 26 3505 20 3536 3 3584 6 3599 11 3629 17 3691 26 3762 12 3776 6 3840 6 3855 11 3886 13 3947 20 4018 11 4033 5 4096 7 4112 9 4146 7 4203 5 4209 13 4275 9 4290 3 4352 6 4369 6 4403 6 4460 2 4467 9 4531 7 4608 6 4626 3 4659 5 4724 8 4787 7 4865 1 5043 7 5298 9 5376 2 5554 10 5581 5 5632 3 5810 11 5835 9 5879 8 5888 5 6066 11 6089 11 6134 17 6321 12 6344 13 6358 8 6389 20 6575 14 6600 23 6644 22 6700 1 6830 14 6857 23 6900 22 6952 7 7086 9 7117 8 7126 10 7156 22 7207 8 7343 5 7375 4 7382 10 7413 22 7464 7 7639 10 7670 22 7722 5 7757 2 7895 10 7928 21 8011 5 8150 5 8157 4 8186 21 8267 6 8405 5 8414 3 8443 22 8524 3 8660 5 8670 3 8699 23 8914 7 8926 3 8951 1 8954 25 9170 7 9182 3 9206 29 9426 7 9438 3 9462 29 9682 7 9693 4 9718 20 9744 1 9938 14 9974 19 10194 13 10230 19 10368 1 10450 12 10486 19 10624 1 10706 12 10741 20 10880 1 10963 10 10997 20 11219 10 11255 18 11466 2 11475 8 11513 16 11722 2 11731 5 11771 14 11879 2 11979 2 11984 6 12028 12 12080 3 12132 5 12237 8 12287 9 12336 3 12386 7 12493 8 12515 1 12544 7 12592 2 12641 3 12645 3 12748 10 12770 2 12800 7 12866 4 12895 5 12902 1 12914 2 13004 10 13027 1 13056 7 13120 9 13151 5 13260 10 13312 6 13375 12 13408 5 13516 11 13568 6 13631 14 13655 2 13665 2 13772 11 13824 6 13887 14 13909 5 14028 11 14080 6 14143 15 14164 7 14285 10 14336 5 14385 8 14400 14 14420 7 14464 1 14542 8 14592 5 14639 11 14656 14 14676 7 14798 8 14848 5 14894 12 14911 15 14932 7 14966 2 15055 7 15104 5 15149 12 15167 16 15188 5 15212 1 15222 4 15296 2 15311 7 15360 6 15405 11 15423 7 15432 7 15467 4 15478 6 15552 3 15568 5 15616 6 15661 11 15678 16 15722 5 15734 7 15809 4 15869 10 15917 11 15932 8 15942 7 15978 5 15990 7 16065 5 16123 12 16175 20 16200 3 16234 4 16245 9 16320 6 16377 16 16407 1 16433 17 16457 2 16490 4 16500 11 16576 7 16633 17 16662 3 16677 2 16689 17 16747 3 16755 12 16832 6 16888 21 16917 4 16931 6 16940 3 16946 17 17004 1 17011 12 17087 7 17144 11 17161 6 17174 3 17186 14 17202 18 17265 15 17345 4 17400 10 17417 6 17430 3 17442 24 17467 10 17520 16 17603 2 17656 11 17673 7 17686 3 17697 26 17725 9 17776 17 17859 1 17910 13 17929 8 17942 3 17953 26 17983 8 18020 1 18033 17 18164 15 18184 11 18197 2 18210 6 18217 18 18240 6 18278 1 18290 16 18410 5 18419 13 18433 3 18440 15 18466 5 18474 18 18498 1 18533 4 18547 15 18663 25 18690 4 18695 17 18724 2 18730 19 18791 2 18807 12 18919 25 18946 22 18986 19 19048 2 19064 11 19165 5 19175 25 19201 23 19242 20 19303 4 19320 12 19420 8 19430 49 19482 5 19498 20 19559 5 19577 11 19608 3 19671 1 19676 36 19713 21 19736 8 19752 22 19815 5 19830 1 19836 8 19864 4 19926 2 19932 36 19971 4 19979 10 19992 9 20007 11 20019 12 20072 4 20086 1 20093 7 20120 4 20182 3 20188 36 20236 8 20247 9 20261 12 20276 10 20329 3 20342 1 20350 6 20378 2 20438 42 20492 4 20503 9 20517 12 20532 10 20586 2 20598 1 20606 6 20694 42 20749 2 20757 10 20772 13 20788 9 20852 3 20863 4 20949 43 21012 11 21027 9 21037 3 21044 8 21102 1 21105 6 21120 3 21205 43 21268 10 21282 10 21293 2 21300 7 21361 4 21461 42 21524 9 21536 12 21556 5 21616 2 21717 42 21779 12 21792 13 21811 6 21975 39 22034 27 22066 7 22231 39 22286 8 22296 23 22321 9 22489 1 22491 35 22541 8 22554 33 22748 35 22797 7 22810 33 22857 4 23005 35 23052 8 23066 34 23112 6 23262 34 23308 8 23322 35 23368 7 23519 33 23563 9 23578 10 23589 24 23623 8 23775 4 23780 28 23819 9 23835 8 23851 6 23859 10 23879 8 24033 2 24036 27 24075 9 24092 6 24118 8 24135 7 24160 1 24292 26 24332 7 24375 8 24391 6 24547 26 24590 5 24627 2 24633 8 24646 4 24692 3 24802 27 24846 3 24882 4 24890 8 24900 1 24948 3 25057 27 25137 6 25146 12 25203 4 25312 26 25393 6 25402 12 25461 2 25568 24 25649 7 25657 13 25718 1 25825 22 25914 12 26082 20 26170 3 26177 5 26339 17 26433 4 26595 16 26689 4 26852 14 26945 4 27110 11 27201 3 27372 5 27456 4 27629 2 27708 7 27963 8 27975 4 28218 9 28230 5 28474 10 28485 6 28729 11 28741 6 28985 11 28997 6 29241 10 29253 6 29498 9 29510 4 29754 9 29766 4 29790 1 30011 8 30022 3 30046 1 30218 3 30270 5 30279 2 30301 2 30473 5 30518 1 30527 4 30535 2 30556 3 30729 5 30773 4 30783 4 30791 2 30812 2 30985 5 31029 4 31039 4 31048 1 31068 1 31241 4 31285 5 31294 4 31304 1 31541 13 31741 1 31798 12 31995 5 32056 10 32252 4 32313 8 32509 3 32765 3 32864 1 33120 1 33542 1 33550 5 33564 4 33577 3 33797 2 33805 9 33819 6 33832 6 33884 3 34048 1 34053 1 34061 10 34075 6 34087 8 34304 1 34317 10 34329 9 34343 8 34574 20 34598 10 34824 3 34831 6 34839 12 34853 11 34900 3 35078 7 35094 27 35156 3 35334 8 35350 27 35412 3 35590 8 35605 28 35668 3 35845 9 35861 28 35925 2 35930 3 36100 9 36117 28 36185 5 36352 12 36373 28 36440 6 36608 10 36629 26 36697 5 36864 5 36885 25 36953 5 37120 5 37141 23 37210 4 37376 5 37397 21 37468 3 37632 6 37653 19 37724 5 37888 7 37909 18 37980 5 38144 8 38164 18 38216 1 38237 5 38400 9 38420 13 38468 7 38493 5 38656 10 38675 13 38723 9 38750 5 38772 4 38778 5 38912 11 38931 12 38978 11 39007 8 39031 8 39168 11 39187 11 39234 11 39264 8 39288 7 39424 25 39490 15 39520 9 39544 8 39604 4 39680 24 39747 6 39757 4 39777 8 39800 8 39860 4 39936 21 40004 3 40014 4 40034 6 40056 8 40117 2 40193 19 40260 3 40271 4 40291 4 40312 8 40450 7 40459 9 40516 5 40528 3 40569 7 40707 4 40715 9 40772 6 40784 3 40825 6 40840 1 40971 8 41027 8 41040 4 41080 7 41096 1 41227 8 41282 10 41295 5 41328 4 41336 7 41482 8 41538 17 41584 14 41719 4 41738 7 41778 1 41793 18 41840 14 41973 7 41994 7 42033 10 42048 19 42098 12 42227 13 42249 7 42288 12 42302 21 42339 3 42356 10 42481 15 42505 8 42544 12 42557 21 42593 6 42613 9 42668 6 42737 15 42761 8 42800 33 42847 8 42869 9 42923 8 42993 15 43018 7 43055 3 43059 30 43102 9 43126 7 43177 10 43249 15 43274 7 43311 3 43316 29 43358 8 43382 7 43432 10 43505 15 43531 6 43554 1 43565 36 43614 7 43639 4 43659 1 43688 8 43762 14 43788 5 43808 21 43831 27 43870 6 43914 3 43944 6 44020 12 44045 2 44063 21 44089 25 44126 5 44171 2 44204 1 44277 11 44319 20 44345 25 44384 1 44427 2 44496 3 44534 10 44564 1 44574 21 44602 24 44683 3 44751 6 44792 8 44820 1 44830 21 44858 23 44940 2 45007 7 45052 4 45085 22 45120 13 45153 2 45196 3 45263 7 45309 3 45313 4 45341 23 45377 9 45408 4 45452 3 45519 7 45565 9 45597 26 45633 9 45643 4 45664 5 45777 4 45821 10 45852 28 45889 7 45897 7 45921 4 46015 1 46033 4 46077 9 46108 29 46145 16 46178 3 46270 4 46289 4 46336 6 46364 29 46401 21 46526 4 46545 4 46582 5 46592 5 46620 29 46657 9 46667 12 46773 3 46781 4 46801 4 46843 1 46849 2 46876 29 46913 8 46924 12 47027 6 47036 5 47058 4 47133 28 47170 6 47183 9 47196 4 47284 5 47293 3 47314 4 47389 28 47426 5 47445 3 47451 6 47541 4 47570 4 47646 30 47685 3 47702 2 47707 11 47797 4 47826 3 47904 30 47935 3 47941 6 47963 12 48039 7 48054 3 48079 1 48082 2 48167 37 48208 1 48219 13 48294 8 48424 36 48463 5 48475 13 48549 9 48647 2 48680 36 48718 7 48731 14 48804 10 48818 4 48901 27 48936 36 48973 9 48987 14 49027 5 49037 3 49047 4 49060 10 49073 5 49157 28 49191 46 49241 16 49281 16 49302 6 49316 10 49328 7 49413 28 49447 46 49496 17 49536 17 49558 6 49566 3 49571 10 49584 7 49625 3 49669 29 49703 45 49752 16 49791 18 49813 24 49840 6 49880 5 49925 30 49958 45 50008 5 50015 9 50046 19 50069 23 50097 5 50135 6 50181 77 50264 5 50273 6 50302 18 50326 22 50354 4 50390 7 50437 76 50520 5 50532 1 50557 19 50588 15 50645 8 50663 1 50692 76 50776 5 50813 26 50848 2 50851 3 50856 3 50901 5 50948 76 51033 5 51069 27 51108 1 51114 1 51157 3 51203 76 51290 5 51325 28 51354 8 51370 1 51385 2 51412 4 51459 74 51546 5 51581 38 51640 3 51666 5 51713 75 51796 11 51838 38 51922 2 51968 75 52048 15 52094 7 52105 28 52175 1 52179 1 52224 74 52303 14 52351 3 52362 27 52435 1 52480 73 52556 16 52618 6 52626 19 52691 1 52736 8 52746 62 52810 17 52873 7 52883 18 52947 3 52992 7 53003 59 53065 16 53129 7 53139 19 53205 1 53248 7 53259 54 53321 15 53385 7 53395 19 53504 6 53515 52 53578 13 53629 4 53641 6 53651 20 53760 5 53770 51 53836 10 53884 6 53897 5 53907 21 54016 4 54026 49 54093 10 54139 8 54154 2 54162 4 54168 18 54272 3 54282 48 54350 12 54394 10 54425 18 54446 8 54528 2 54538 5 54547 39 54607 12 54650 11 54670 1 54681 29 54792 7 54803 17 54826 5 54834 7 54864 10 54879 3 54906 11 54924 3 54937 28 55047 8 55059 16 55083 3 55094 3 55120 9 55134 5 55152 8 55161 4 55169 6 55179 4 55193 27 55302 7 55314 16 55350 3 55376 8 55388 7 55406 15 55426 6 55434 5 55449 25 55557 8 55569 16 55606 4 55632 7 55643 8 55661 16 55683 12 55704 20 55812 10 55824 17 55860 8 55888 8 55898 9 55917 17 55939 12 55960 20 56067 30 56115 10 56144 2 56149 14 56173 3 56182 8 56196 11 56216 19 56320 34 56371 10 56400 2 56406 13 56439 7 56452 10 56473 18 56576 36 56627 11 56644 3 56663 11 56697 6 56708 7 56729 17 56832 36 56884 11 56900 3 56921 9 56954 4 56964 6 56985 16 57088 36 57141 12 57156 3 57178 9 57220 5 57241 16 57343 16 57363 17 57398 11 57434 9 57476 2 57498 15 57599 15 57620 16 57656 8 57692 7 57755 14 57855 16 57876 15 57912 7 57950 4 58011 15 58111 1 58113 15 58131 15 58169 6 58208 1 58267 22 58365 3 58371 30 58425 4 58525 21 58621 3 58627 30 58681 3 58783 20 58876 4 58883 30 58938 3 58950 1 59041 11 59055 4 59133 3 59138 32 59195 2 59205 3 59298 10 59312 2 59333 3 59389 3 59393 16 59413 13 59462 1 59556 7 59590 3 59644 19 59669 13 59736 2 59814 4 59846 4 59900 17 59925 13 59990 5 60155 17 60180 14 60243 9 60316 2 60410 17 60437 12 60498 10 60558 1 60569 5 60666 17 60693 11 60743 8 60754 2 60757 7 60814 1 60823 8 60921 16 60950 8 60999 12 61014 5 61070 2 61078 10 61177 16 61207 5 61254 13 61270 1 61325 19 61346 1 61432 16 61511 10 61580 20 61602 2 61606 1 61688 15 61768 6 61835 20 61861 3 61943 15 62032 1 62092 17 62140 3 62195 13 62288 1 62292 2 62348 17 62396 8 62449 15 62549 2 62604 16 62652 8 62704 16 62786 4 62806 1 62860 16 62908 9 62959 17 63041 5 63117 14 63166 5 63213 19 63297 5 63314 1 63374 12 63423 2 63468 20 63552 6 63631 11 63683 7 63723 21 63773 3 63808 5 63888 9 63939 9 63975 25 64028 5 64063 5 64144 7 64194 10 64231 25 64257 2 64260 5 64283 7 64318 5 64400 6 64450 10 64488 35 64525 3 64536 10 64572 7 64658 2 64706 10 64745 42 64790 12 64828 8 64961 11 65001 57 65083 8 65165 2 65170 3 65216 12 65257 56 65339 7 65420 11 65471 12 65513 23
702433,0 65536
711772, 
715702,0 65536
719371,0 17 70 203 324 205 579 206 834 207 1089 209 1338 3 1344 210 1592 219 1838 5 1845 229 2093 203 2299 33 2350 202 2556 33 2606 202 2812 34 2862 202 3068 34 3118 202 3324 34 3368 207 3581 33 3623 208 3837 2 3840 30 3878 208 4096 31 4133 208 4352 31 4388 210 4608 31 4643 212 4864 31 4899 214 5120 31 5155 216 5376 31 5411 219 5632 31 5667 14 5686 201 5888 31 5932 3 5948 12 5963 180 6144 31 6206 7 6220 179 6400 31 6476 178 6656 31 6733 177 6912 31 6990 173 7165 1 7168 31 7248 171 7420 34 7506 204 7764 203 8021 202 8277 203 8533 204 8789 204 9045 204 9302 203 9559 5 9571 190 9828 188 10084 188 10340 139 10480 46 10596 137 10734 46 10852 135 10990 45 11107 135 11246 44 11363 134 11502 43 11619 133 11757 42 11875 180 12130 182 12386 183 12643 183 12900 182 13158 181 13343 5 13422 183 13679 185 13936 183 14192 183 14449 179 14706 178 14964 177 15225 172 15426 3 15483 91 15576 78 15682 4 15739 89 15832 78 15938 7 15996 87 16088 78 16193 9 16252 86 16344 83 16449 11 16509 84 16600 85 16706 10 16722 2 16765 9 16777 71 16856 86 16962 10 16977 4 17022 7 17035 69 17111 87 17218 10 17232 6 17279 5 17288 73 17367 88 17474 10 17487 7 17543 74 17622 93 17730 9 17743 8 17799 17 17817 56 17878 96 17986 8 17999 8 18054 18 18073 56 18133 99 18242 7 18255 9 18310 18 18330 2 18335 49 18389 99 18498 6 18511 9 18565 19 18592 45 18645 73 18720 24 18754 6 18767 9 18819 21 18849 43 18901 72 18977 24 19011 3 19023 9 19074 23 19105 40 19158 71 19234 22 19268 1 19279 9 19329 25 19361 40 19412 72 19490 21 19535 8 19584 26 19617 39 19664 76 19748 18 19791 8 19840 27 19873 39 19919 77 20008 5 20017 3 20047 7 20096 28 20129 40 20174 77 20303 7 20352 28 20385 122 20559 7 20607 30 20640 124 20816 5 20856 38 20896 124 21073 2 21111 40 21152 120 21330 1 21366 161 21621 44 21670 112 21874 47 21926 111 22080 7 22094 3 22124 53 22183 109 22328 14 22349 4 22379 55 22438 109 22583 15 22605 4 22634 56 22694 109 22838 16 22861 4 22890 57 22949 110 23093 16 23117 3 23146 169 23349 16 23374 1 23402 168 23605 16 23659 167 23862 15 23885 10 23916 163 24086 4 24122 11 24140 12 24178 45 24224 109 24342 4 24379 10 24395 14 24428 2 24434 152 24598 4 24636 8 24649 17 24683 5 24689 154 24891 9 24903 19 24938 163 25145 11 25158 21 25193 166 25400 36 25447 171 25656 42 25703 61 25765 110 25911 220 26167 220 26393 4 26403 2 26423 70 26495 148 26647 7 26658 5 26671 3 26678 70 26751 158 26914 5 26925 78 27008 157 27170 5 27179 80 27264 157 27427 88 27520 14 27536 140 27683 88 27776 12 27793 139 27939 91 28031 13 28050 137 28195 105 28307 136 28451 106 28563 135 28707 106 28819 134 28963 105 29075 134 29219 104 29331 133 29475 100 29587 133 29730 100 29842 135 29983 102 30098 242 30354 246 30609 249 30865 250 31121 252 31378 252 31634 253 31891 252 32146 254 32401 1585 33989 251 34244 250 34500 249 34756 233 34991 14 35011 234 35247 14 35267 234 35504 12 35523 248 35780 245 36036 235 36275 4 36293 233 36551 223 36776 6 36806 223 37033 6 37062 221 37289 7 37317 220 37546 7 37572 218 37802 7 37828 217 38058 7 38083 217 38315 6 38339 214 38572 4 38595 211 38848 212 39096 220 39351 221 39606 223 39861 224 40116 225 40372 225 40628 225 40886 2 40895 213 41154 210 41411 208 41668 207 41925 206 42182 204 42438 203 42694 202 42951 201 43208 199 43466 196 43724 193 43980 192 44237 190 44495 187 44754 184 45011 183 45267 183 45523 182 45779 182 46035 182 46291 181 46521 4 46547 181 46774 8 46803 181 47029 11 47058 181 47284 14 47314 181 47539 17 47569 181 47795 18 47824 181 48026 3 48050 19 48079 181 48269 19 48306 20 48333 182 48524 22 48549 5 48562 20 48588 182 48779 32 48816 23 48843 183 49035 61 49098 184 49291 247 49547 249 49803 250 50060 250 50321 245 50578 244 50833 244 51089 244 51345 244 51601 244 51856 245 52111 245 52366 246 52622 245 52877 246 53133 245 53389 245 53645 244 53901 243 54157 242 54413 242 54669 242 54925 242 55181 242 55437 243 55694 245 55953 243 56214 239 56467 243 56723 243 56979 244 57235 244 57492 244 57748 244 58005 243 58263 34 58302 202 58520 33 58560 199 58778 30 58818 197 59034 30 59075 15 59092 178 59290 31 59332 14 59350 176 59544 32 59590 12 59607 174 59798 33 59847 11 59864 171 60053 28 60083 3 60105 7 60122 168 60309 27 60363 3 60380 166 60565 27 60636 166 60821 27 60892 166 61078 26 61147 86 61235 79 61334 27 61403 87 61496 73 61590 27 61659 87 61752 73 61846 27 61915 87 62010 70 62102 27 62171 87 62266 69 62358 27 62427 87 62523 68 62615 26 62682 89 62779 68 62871 25 62938 88 63035 68 63128 23 63158 1 63194 88 63291 68 63384 22 63413 2 63450 88 63546 69 63640 22 63706 72 63779 15 63802 68 63897 9 63908 9 63962 71 64039 11 64058 68 64150 10 64163 11 64218 71 64295 11 64313 4 64319 62 64406 7 64414 1 64418 15 64473 69 64552 11 64568 5 64575 62 64662 6 64675 14 64727 70 64809 11 64824 5 64831 61 64918 5 64932 8 64942 5 64981 73 65065 12 65079 6 65087 61 65174 5 65188 15 65235 76 65321 13 65335 6 65344 59 65431 4 65445 14 65491 45
722180,0 230 256 230 512 231 768 231 1024 231 1280 232 1536 232 1792 232 2048 232 2304 232 2560 233 2816 233 3072 233 3328 233 3584 233 3840 234 4096 234 4352 234 4608 234 4864 234 5120 235 5376 235 5632 235 5888 235 6144 236 6400 236 6656 236 6912 236 7168 237 7424 237 7680 237 7936 238 8192 238 8448 238 8704 238 8960 239 9216 239 9472 239 9728 239 9984 239 10240 240 10496 240 10752 240 11008 240 11264 241 11520 241 11776 241 12032 241 12288 241 12544 241 12800 242 13056 242 13312 242 13568 242 13824 242 14080 243 14336 243 14592 243 14848 243 15104 244 15360 244 15616 244 15872 244 16128 245 16384 245 16640 245 16896 245 17152 246 17408 246 17664 246 17920 246 18176 247 18432 247 18688 247 18944 247 19200 247 19456 247 19712 248 19968 248 20224 248 20480 248 20736 249 20992 249 21248 249 21504 249 21760 249 22016 250 22272 250 22528 250 22784 251 23040 251 23296 251 23552 251 23808 251 24064 252 24320 252 24576 252 24832 252 25088 253 25344 253 25600 253 25856 255 26112 39424
726981,28 26 107 27 285 26 363 27 542 25 618 27 801 23 874 10 888 6 1061 21 1129 11 1250 4 1317 22 1384 11 1505 7 1573 22 1640 11 1760 10 1829 22 1895 11 2015 12 2085 22 2151 11 2270 14 2341 22 2406 12 2525 16 2597 21 2662 11 2780 21 2853 20 2918 10 3035 23 3109 20 3175 8 3291 24 3322 2 3366 17 3431 8 3547 35 3623 15 3688 6 3802 37 3879 12 3944 6 4058 37 4136 10 4201 5 4313 38 4394 6 4458 3 4565 43 4820 44 5075 45 5331 45 5431 5 5586 46 5678 16 5842 47 5933 18 6098 48 6189 19 6354 49 6445 19 6610 49 6700 21 6866 29 6896 19 6955 21 7117 1 7121 28 7152 19 7207 25 7370 34 7408 19 7463 24 7625 36 7663 20 7719 15 7736 8 7881 57 7975 15 7993 10 8136 55 8192 2 8232 13 8248 12 8392 54 8467 2 8489 12 8503 15 8647 55 8723 4 8745 13 8759 16 8903 55 8979 4 9001 31 9159 55 9234 5 9257 31 9414 56 9491 4 9513 31 9670 55 9747 5 9768 32 9926 55 10003 5 10022 34 10096 2 10182 54 10259 5 10277 34 10352 3 10437 54 10516 5 10533 34 10607 4 10692 55 10772 5 10788 34 10863 4 10948 55 11028 6 11044 34 11119 4 11203 46 11252 7 11285 6 11299 35 11375 3 11459 46 11509 6 11540 8 11555 35 11715 46 11765 5 11796 8 11810 36 11971 47 12021 4 12053 7 12065 37 12226 49 12309 8 12320 38 12442 4 12482 49 12566 48 12698 5 12738 48 12823 47 12953 7 12994 38 13037 5 13081 44 13199 3 13203 16 13250 33 13338 42 13453 24 13508 30 13593 44 13708 26 13765 24 13849 44 13961 29 14023 19 14104 46 14216 31 14279 19 14360 46 14472 31 14535 18 14616 47 14727 32 14790 16 14872 47 14982 33 15045 16 15130 45 15236 34 15301 16 15390 41 15484 2 15491 35 15556 17 15581 2 15643 44 15737 7 15747 35 15813 16 15837 4 15897 47 15990 48 16069 16 16093 6 16151 49 16243 52 16325 15 16407 49 16497 54 16565 4 16582 13 16663 49 16751 55 16820 5 16837 13 16919 48 17005 56 17076 6 17093 11 17175 48 17260 56 17330 12 17349 11 17368 5 17423 5 17432 47 17516 55 17576 5 17584 16 17606 9 17623 7 17678 6 17688 47 17771 55 17831 25 17862 9 17879 6 17923 4 17934 7 17944 46 18026 56 18086 27 18119 7 18134 7 18178 6 18190 6 18199 46 18282 55 18340 28 18376 6 18390 7 18433 7 18446 6 18455 45 18538 54 18596 27 18632 6 18645 7 18689 6 18703 52 18794 85 18888 5 18901 7 18945 5 18960 50 19049 53 19104 30 19144 5 19156 7 19203 2 19216 50 19305 53 19359 32 19400 4 19412 6 19472 49 19560 88 19657 1 19668 4 19727 50 19815 89 19924 2 19982 50 20071 90 20179 1 20237 50 20327 91 20492 49 20582 93 20688 2 20747 50 20837 95 20943 3 21001 51 21092 97 21198 4 21209 3 21237 1 21256 53 21348 96 21454 4 21465 4 21492 3 21497 1 21512 53 21604 96 21710 4 21720 6 21747 7 21767 55 21859 96 21966 2 21975 6 22003 6 22022 57 22115 95 22221 1 22230 7 22259 6 22278 57 22370 95 22485 8 22517 3 22533 59 22626 95 22731 1 22741 7 22773 1 22789 58 22882 94 22987 1 22996 9 23040 1 23045 58 23138 93 23251 10 23281 3 23290 7 23300 59 23393 94 23505 12 23532 6 23545 3 23552 62 23648 95 23760 13 23786 8 23799 4 23808 62 23903 96 24015 13 24042 7 24064 61 24159 61 24223 32 24270 14 24298 5 24320 59 24413 62 24480 33 24526 13 24555 6 24577 56 24668 57 24737 34 24782 13 24812 6 24835 51 24923 57 24994 34 25039 12 25067 7 25092 48 25179 56 25250 34 25295 12 25322 9 25349 6 25357 38 25435 55 25507 33 25551 11 25577 11 25606 4 25615 35 25690 55 25763 33 25807 10 25833 11 25862 3 25870 35 25946 55 26019 33 26064 7 26089 11 26118 2 26126 33 26201 55 26274 34 26321 5 26346 14 26372 4 26382 23 26408 6 26457 55 26530 34 26578 4 26589 4 26602 15 26627 6 26637 23 26666 1 26713 54 26786 33 26836 6 26845 5 26857 17 26882 6 26892 24 26969 52 27042 34 27091 7 27101 6 27110 20 27136 8 27148 24 27226 49 27298 34 27347 5 27357 6 27364 23 27392 8 27404 25 27483 47 27554 34 27599 1 27602 6 27613 30 27648 9 27659 26 27739 46 27810 6 27820 2 27824 20 27853 12 27869 30 27904 37 27996 45 28066 6 28080 22 28108 4 28114 6 28126 29 28160 25 28189 7 28252 45 28322 6 28336 24 28364 3 28371 5 28384 27 28416 26 28445 6 28509 43 28579 6 28593 23 28621 1 28630 1 28640 28 28672 28 28766 35 28804 2 28836 5 28850 22 28894 31 28928 29 29025 31 29093 3 29106 22 29141 42 29184 29 29286 26 29363 21 29396 74 29543 24 29619 21 29651 52 29705 21 29799 23 29875 22 29906 53 29961 21 30054 24 30131 22 30162 53 30217 2 30221 17 30310 23 30387 23 30418 76 30566 22 30643 23 30673 46 30720 30 30821 22 30899 24 30928 46 30976 31 31076 21 31155 25 31184 46 31232 31 31331 14 31411 25 31440 45 31488 31 31586 15 31666 26 31696 44 31744 31 31833 6 31841 16 31921 28 31951 44 32000 30 32087 26 32176 74 32256 30 32342 28 32432 73 32512 30 32598 28 32688 73 32768 26 32795 4 32854 28 32944 73 33024 31 33111 26 33201 29 33232 43 33280 19 33301 9 33367 23 33457 23 33488 44 33536 19 33558 1 33561 4 33624 15 33641 4 33713 5 33719 16 33744 44 33792 20 33813 2 33880 14 33897 4 33970 2 33976 15 34000 44 34048 24 34136 20 34225 3 34233 15 34256 45 34304 24 34393 19 34480 4 34490 17 34513 44 34560 24 34650 17 34735 5 34747 17 34769 43 34816 24 34880 5 34908 15 34991 4 35004 17 35022 2 35026 42 35072 24 35135 7 35150 3 35165 12 35260 20 35283 40 35328 22 35389 10 35406 4 35422 10 35516 20 35539 38 35584 22 35645 12 35661 7 35684 1 35770 22 35795 28 35824 8 35840 22 35900 14 35917 10 36025 23 36051 35 36096 22 36155 29 36280 24 36307 35 36352 24 36410 31 36534 26 36563 28 36592 6 36608 25 36665 33 36789 24 36814 2 36819 24 36844 2 36848 5 36864 25 36920 34 37045 22 37074 23 37120 25 37176 34 37301 21 37330 23 37376 24 37431 35 37557 21 37587 24 37632 23 37687 35 37813 21 37843 22 37866 1 37877 1 37888 21 37944 4 37953 24 38068 15 38084 5 38101 18 38133 1 38144 22 38202 1 38211 22 38324 15 38340 4 38355 21 38389 1 38400 23 38471 2 38475 14 38579 21 38610 17 38628 5 38656 23 38733 12 38835 21 38865 23 38912 23 38990 12 39091 21 39119 25 39168 23 39247 11 39347 22 39375 25 39424 24 39503 11 39603 22 39631 25 39680 23 39759 11 39859 23 39887 26 39936 1 39938 21 40014 11 40115 24 40143 8 40152 17 40194 20 40270 11 40370 25 40400 6 40408 17 40450 19 40526 12 40625 28 40657 2 40664 16 40705 20 40782 12 40881 29 40920 9 40930 4 40960 21 41038 13 41107 1 41136 31 41176 7 41216 21 41294 13 41361 4 41392 32 41433 5 41472 20 41550 13 41616 6 41647 34 41728 19 41807 11 41871 7 41903 10 41920 18 41984 18 42063 9 42125 9 42157 12 42180 14 42225 2 42240 17 42319 8 42381 9 42412 13 42437 13 42479 4 42496 12 42575 7 42636 10 42667 14 42693 12 42734 5 42752 11 42831 7 42892 10 42922 14 42950 4 42971 2 42990 5 43008 11 43071 3 43086 8 43148 10 43177 15 43207 1 43224 5 43230 2 43264 11 43326 5 43342 9 43404 10 43432 16 43477 10 43520 11 43581 7 43599 8 43660 10 43687 17 43731 11 43776 11 43837 7 43855 10 43917 9 43941 19 43983 10 44032 10 44092 8 44112 10 44173 8 44196 20 44238 9 44288 10 44346 9 44368 10 44430 5 44449 24 44494 5 44544 10 44602 9 44625 8 44700 31 44749 6 44800 10 44858 8 44881 5 44956 32 45005 5 45027 3 45056 10 45113 10 45136 5 45211 34 45261 5 45282 4 45312 10 45369 10 45392 4 45467 36 45517 5 45537 5 45568 10 45624 11 45649 2 45724 36 45773 5 45791 7 45824 10 45879 12 45980 37 46029 5 46045 9 46080 9 46135 11 46236 38 46285 4 46299 12 46335 9 46390 12 46492 38 46541 4 46554 15 46590 9 46646 13 46710 4 46748 29 46780 6 46796 5 46809 17 46844 10 46902 13 46966 4 47003 29 47038 4 47051 7 47065 18 47100 8 47157 14 47221 6 47259 28 47295 3 47307 7 47321 18 47355 8 47413 14 47477 6 47515 25 47563 8 47575 20 47609 9 47669 13 47733 6 47771 24 47819 16 47836 14 47855 1 47859 1 47862 11 47926 10 47990 5 48027 23 48076 14 48093 13 48110 18 48182 8 48248 3 48276 4 48282 25 48317 1 48331 15 48351 12 48364 20 48439 5 48531 31 48573 3 48586 16 48608 32 48696 2 48786 32 48829 2 48839 9 48851 8 48867 29 49041 32 49093 9 49108 7 49122 30 49297 31 49348 10 49364 7 49376 19 49396 12 49553 31 49604 10 49621 5 49632 17 49653 10 49809 30 49860 9 49878 4 49887 17 50066 12 50080 14 50116 9 50135 3 50142 16 50323 10 50336 12 50371 5 50392 2 50398 15 50581 7 50592 11 50626 5 50648 2 50655 14 50838 5 50849 9 50882 5 50901 1 50911 14 51104 9 51137 6 51156 3 51167 13 51359 9 51393 7 51410 6 51422 10 51615 9 51649 7 51666 6 51677 10 51871 9 51895 17 51922 21 52127 9 52150 18 52178 22 52383 8 52405 19 52434 4 52440 17 52639 8 52661 19 52690 3 52697 17 52896 9 52917 18 52954 16 53093 2 53151 11 53173 17 53210 16 53348 3 53406 13 53428 15 53467 8 53477 5 53570 1 53604 3 53661 15 53684 15 53723 8 53734 4 53824 4 53862 1 53869 4 53916 16 53939 16 53980 15 54079 5 54124 5 54170 12 54183 4 54194 17 54237 14 54330 2 54335 3 54372 2 54379 6 54426 12 54450 16 54474 2 54491 16 54584 6 54591 2 54628 3 54634 7 54681 14 54706 16 54729 5 54745 18 54840 8 54884 3 54890 6 54937 14 54961 17 54984 6 54999 19 55100 4 55140 4 55146 6 55193 16 55216 18 55238 9 55254 18 55357 2 55396 4 55404 1 55450 18 55470 20 55492 11 55510 17 55652 4 55706 52 55766 17 55908 3 55962 52 56023 15 56218 28 56248 22 56279 15 56474 52 56535 14 56729 53 56791 14 56984 54 57049 11 57239 54 57307 8 57494 41 57538 11 57565 6 57694 3 57750 40 57796 8 57822 4 57950 3 58005 41 58053 7 58080 1 58206 3 58261 33 58298 3 58310 6 58463 2 58517 32 58553 4 58567 5 58590 2 58773 31 58809 4 58824 4 58845 3 58912 10 59029 30 59064 6 59082 2 59100 5 59167 11 59286 6 59295 20 59320 6 59338 2 59355 7 59390 2 59422 12 59516 3 59542 6 59551 20 59576 5 59611 8 59645 3 59677 12 59771 5 59798 5 59808 19 59832 5 59867 9 59900 4 59933 13 60027 5 60064 20 60088 5 60123 9 60156 4 60188 14 60283 6 60321 21 60344 4 60379 9 60412 4 60443 15 60539 7 60578 26 60636 8 60668 4 60699 16 60718 2 60728 4 60795 7 60835 25 60893 7 60924 4 60954 17 60973 6 60982 6 61051 7 61092 23 61149 7 61180 4 61210 35 61307 7 61350 21 61405 7 61437 3 61466 34 61564 5 61607 23 61662 6 61693 3 61721 34 61864 23 61918 5 61949 3 61977 35 62120 23 62175 2 62204 4 62234 17 62254 15 62376 23 62421 1 62459 5 62490 17 62513 12 62631 24 62715 5 62746 17 62770 11 62868 4 62881 3 62886 26 62971 5 63003 17 63027 10 63123 5 63136 33 63227 5 63260 16 63284 9 63378 6 63392 34 63484 4 63519 14 63540 7 63632 8 63649 33 63741 3 63776 13 63796 1 63815 2 63885 12 63905 33 63999 1 64033 13 64050 4 64068 5 64139 15 64161 31 64290 14 64305 6 64324 5 64394 17 64417 30 64450 3 64545 19 64566 2 64580 5 64650 52 64708 3 64801 17 64823 2 64836 6 64906 52 64964 4 65058 16 65079 2 65093 5 65163 51 65220 3 65314 15 65337 1 65350 5 65421 50 65476 3
732471, 
734470,0 1 18 15 112 26 256 2 273 17 368 26 512 3 528 18 624 26 771 2 784 18 836 3 877 28 1027 1 1039 20 1090 6 1127 33 1295 21 1342 10 1382 34 1551 21 1595 14 1637 36 1676 3 1808 20 1847 26 1893 44 2064 21 2102 28 2148 45 2321 20 2357 31 2404 46 2578 19 2612 32 2661 45 2835 17 2866 35 2917 46 3092 15 3121 37 3173 47 3348 10 3376 39 3430 48 3604 9 3631 40 3686 50 3861 5 3887 40 3942 54 4143 40 4199 57 4399 40 4455 58 4655 39 4712 58 4906 44 4969 59 5161 45 5226 59 5415 46 5483 59 5670 47 5727 5 5739 60 5899 4 5909 2 5925 48 5981 9 5994 62 6154 13 6181 48 6235 13 6249 64 6410 12 6437 48 6491 78 6656 4 6665 13 6693 48 6747 78 6912 22 6948 48 7002 79 7168 21 7203 48 7258 79 7424 21 7456 50 7514 79 7680 21 7711 50 7770 79 7936 21 7966 51 8026 80 8192 21 8221 51 8278 1 8282 80 8448 22 8476 51 8538 80 8704 22 8731 51 8794 79 8960 22 8985 52 9050 79 9216 76 9306 80 9472 76 9563 79 9728 74 9819 79 9984 74 10060 3 10075 82 10240 72 10316 4 10331 83 10496 72 10573 6 10587 84 10752 72 10828 9 10843 84 11008 85 11099 84 11264 85 11355 84 11520 84 11611 84 11776 84 11862 1 11868 82 12032 84 12125 81 12288 84 12377 2 12382 79 12544 86 12631 4 12638 78 12800 89 12894 78 13056 86 13151 78 13312 78 13391 7 13402 1 13407 79 13568 78 13648 6 13656 86 13824 70 13895 7 13905 4 13911 88 14080 70 14151 13 14167 88 14336 71 14409 3 14413 6 14423 89 14592 81 14679 89 14848 81 14935 90 15104 80 15191 90 15360 80 15448 89 15616 80 15703 90 15872 80 15959 89 16128 81 16214 89 16384 82 16467 91 16640 172 16896 166 17152 166 17408 166 17664 166 17920 166 18176 166 18432 165 18688 165 18944 163 19110 1 19200 166 19456 166 19712 167 19968 168 20224 171 20480 173 20736 175 20992 176 21248 176 21504 176 21760 175 22016 174 22272 175 22528 176 22784 176 23040 176 23296 176 23552 176 23808 176 24064 177 24320 178 24576 178 24772 1 24832 177 25027 3 25088 176 25283 3 25344 176 25537 6 25600 176 25791 9 25856 176 26046 10 26112 181 26301 11 26368 177 26556 13 26624 176 26811 14 26880 176 27067 14 27136 177 27322 15 27392 177 27578 16 27648 175 27833 17 27904 174 28088 18 28160 174 28340 2 28343 19 28416 173 28595 23 28672 172 28850 25 28928 172 29106 25 29184 171 29362 24 29440 171 29618 24 29696 171 29873 25 29952 170 30129 25 30208 170 30385 25 30464 170 30641 24 30720 171 30898 23 30976 171 31154 23 31232 171 31410 24 31488 171 31666 25 31744 171 31921 26 32000 170 32177 27 32256 170 32433 28 32512 170 32689 28 32768 170 32944 30 33024 171 33199 31 33280 206 33536 206 33792 207 34048 206 34304 206 34560 206 34816 207 35072 195 35270 10 35328 194 35526 10 35584 193 35782 10 35840 193 36037 1 36039 10 36096 193 36292 13 36352 209 36608 195 36804 2 36808 9 36864 194 37066 8 37120 193 37322 8 37376 192 37579 7 37632 192 37836 6 37888 192 38093 5 38144 193 38400 193 38656 194 38912 194 39168 195 39424 196 39680 197 39936 199 40192 199 40448 199 40704 198 40960 198 41216 199 41472 172 41646 25 41728 167 41896 3 41902 25 41984 164 42158 25 42240 163 42413 26 42496 162 42668 27 42752 162 42924 27 43008 162 43180 28 43264 162 43436 28 43520 163 43694 27 43776 163 43951 27 44032 162 44207 27 44288 162 44462 29 44544 161 44717 30 44800 161 44972 31 45056 161 45226 33 45312 161 45481 34 45568 161 45736 35 45824 162 45991 37 46080 163 46247 38 46336 163 46502 40 46592 164 46757 41 46848 207 47104 208 47360 208 47616 208 47872 208 48128 209 48384 209 48640 210 48896 210 49152 209 49408 209 49664 208 49920 206 50176 201 50432 199 50688 199 50944 198 51200 198 51456 198 51660 1 51712 198 51968 198 52224 198 52480 198 52736 132 52869 65 52992 131 53125 66 53248 128 53381 66 53504 115 53621 7 53637 66 53760 114 53878 5 53894 65 54016 114 54135 4 54150 64 54272 114 54391 3 54407 61 54528 114 54644 6 54664 59 54784 121 54921 57 55040 121 55178 52 55296 121 55435 49 55552 121 55691 46 55808 122 55948 43 56064 122 56204 23 56230 16 56320 123 56460 21 56486 14 56576 125 56716 21 56743 10 56832 127 56972 20 56999 10 57088 127 57228 20 57257 7 57344 128 57483 20 57514 4 57600 128 57739 18 57856 128 57994 20 58112 128 58250 9 58261 9 58368 127 58505 10 58519 8 58624 126 58761 8 58775 8 58880 127 59017 6 59031 8 59136 129 59273 5 59288 7 59392 129 59530 4 59544 8 59648 129 59800 4 59805 4 59904 131 60044 1 60055 11 60160 132 60299 2 60310 12 60416 142 60566 13 60672 143 60825 10 60928 142 61081 10 61129 3 61184 142 61340 7 61383 6 61440 141 61582 1 61593 7 61638 8 61696 140 61838 2 61849 7 61882 21 61952 140 62094 2 62105 6 62137 22 62208 143 62361 3 62393 22 62464 140 62648 23 62720 140 62904 23 62976 142 63160 23 63232 143 63416 23 63488 140 63671 24 63744 139 63926 25 64000 140 64180 31 64256 143 64435 34 64512 144 64689 35 64768 144 64944 35 65024 133 65163 5 65199 37 65280 132 65420 5 65455 37
737692,0 65536
747518,0 65536
748680,0 37994 37995 255 38251 3331 41586 252 41842 23694
769836,0 109 256 109 512 109 768 109 1024 109 1280 110 1536 110 1792 111 2048 111 2304 111 2560 112 2816 112 3072 112 3328 113 3584 113 3840 113 4096 114 4352 114 4608 114 4864 115 5120 115 5376 115 5632 116 5888 116 6144 116 6400 117 6656 117 6912 117 7168 117 7424 118 7680 118 7936 118 8192 119 8448 119 8704 119 8960 120 9216 120 9472 121 9728 121 9984 121 10240 122 10496 122 10752 122 11008 123 11264 123 11520 123 11776 123 12032 124 12288 124 12544 125 12800 125 13056 125 13312 126 13568 126 13824 127 14080 127 14336 127 14592 128 14848 128 15104 128 15360 129 15616 129 15872 130 16128 130 16384 130 16640 131 16896 131 17152 131 17408 132 17664 132 17920 132 18176 133 18432 133 18688 134 18944 134 19200 134 19456 135 19712 135 19968 135 20224 135 20480 136 20736 136 20992 136 21248 137 21504 137 21760 137 22016 138 22272 138 22528 138 22784 139 23040 139 23296 140 23552 140 23808 140 24064 141 24320 141 24576 141 24832 142 25088 142 25344 142 25600 142 25856 143 26112 143 26368 144 26624 144 26880 144 27136 145 27392 145 27648 146 27904 146 28160 146 28416 146 28672 147 28928 147 29184 148 29440 148 29696 148 29952 148 30208 149 30464 149 30720 150 30976 150 31232 150 31488 150 31744 151 32000 151 32256 151 32512 152 32768 152 33024 152 33280 152 33536 153 33792 153 34048 154 34304 154 34560 155 34816 155 35072 155 35328 156 35584 156 35840 156 36096 157 36352 157 36608 158 36864 158 37120 158 37376 158 37632 158 37888 159 38144 159 38400 160 38656 160 38912 160 39168 160 39424 160 39680 161 39936 161 40192 162 40448 162 40704 162 40960 163 41216 163 41472 163 41728 164 41984 164 42240 164 42496 165 42752 165 43008 166 43264 166 43520 166 43776 167 44032 167 44288 168 44544 168 44800 168 45056 168 45312 169 45568 169 45824 169 46080 169 46336 170 46592 170 46848 170 47104 171 47360 171 47616 172 47872 172 48128 173 48384 173 48640 174 48896 174 49152 174 49408 175 49664 175 49920 175 50176 176 50432 176 50688 176 50944 177 51200 177 51456 177 51712 178 51968 178 52224 178 52480 179 52736 179 52992 179 53248 180 53504 180 53760 181 54016 181 54272 182 54528 182 54784 182 55040 182 55296 182 55552 183 55808 183 56064 184 56320 184 56576 184 56832 184 57088 185 57344 185 57600 186 57856 186 58112 186 58368 186 58624 187 58880 187 59136 188 59392 188 59648 188 59904 188 60160 189 60416 189 60672 190 60928 190 61184 190 61440 191 61696 191 61952 191 62208 192 62464 192 62720 192 62976 193 63232 193 63488 193 63744 193 64000 194 64256 194 64512 194 64768 195 65024 195 65280 195
772465,0 65536
777433,166 3 422 3 2729 3 2985 3 3239 5 3494 6 3749 8 4004 10 4260 12 4487 2 4516 14 4739 7 4772 6 4780 7 4994 9 5028 5 5037 6 5250 10 5284 4 5294 5 5506 11 5540 4 5551 4 5762 12 5796 4 5807 4 6018 14 6052 8 6062 4 6274 17 6308 13 6530 17 6562 12 6786 18 6818 11 7042 17 7074 10 7298 17 7331 8 7347 1 7555 15 7588 2 7594 1 7601 4 7813 13 7857 4 8069 12 8113 4 8326 11 8369 4 8584 8 8626 2 8841 6 8882 2 9098 3 12704 3 12957 7 13213 7 13468 9 13724 9 13980 9 14236 9 14492 9 14748 9 15004 9 15259 8 15514 8 15771 4 16008 2 16264 2 16520 3 16845 1 17100 3 17356 3 17612 3 17810 4 17869 1 18065 6 18321 6 18578 4 20060 1 20063 5 20315 10 20571 10 20827 10 21083 10 21340 9 21596 9 21853 9 22109 9 22365 9 22621 9 22877 8 23134 7 23391 6 23648 5 23904 4 24160 4 24188 1 24444 2 24683 10 24700 2 24938 12 24956 2 25194 12 25212 3 25449 14 25704 16 25960 16 26215 16 26471 16 26725 18 26981 16 27236 17 27277 4 27492 16 27533 5 27748 8 27759 5 27790 4 28005 6 28015 4 28045 6 28263 3 28267 3 28271 3 28300 8 28524 2 28527 2 28555 10 28780 3 28806 1 28811 10 29065 12 29321 12 29577 11 29830 14 30086 13 30342 13 30598 13 30854 13 31110 14 31366 14 31622 14 31876 15 32132 9 32388 7 32644 2 32772 6 33027 8 33282 9 33405 1 33538 9 33666 1 33794 9 33920 4 34052 6 34177 4 34434 4 51556 3 51811 6 51830 1 52066 7 52085 5 52320 9 52340 10 52576 9 52596 11 52832 8 52852 12 53089 6 53108 12 53346 5 53364 11 53603 3 53620 11 53845 6 53876 9 54100 8 54132 8 54355 10 54388 7 54611 11 54644 6 54867 11 54900 6 55124 10 55155 7 55381 9 55411 7 55638 8 55667 7 55895 6 55923 6 56152 5 56180 5 56410 1 57944 1 58198 4 58455 2 59438 4 59693 6 59950 6 60207 5 60464 4 60721 4 60976 6 61232 7 61488 7 61744 7 62001 6 62258 4
778684,1158 6 1416 4 1672 5 1924 11 2180 12 2435 12 2691 11 2947 11 3203 11 3460 10 3721 5 3978 4 4234 4 4491 3 6454 4 6704 13 6957 18 7210 26 7330 2 7464 29 7586 1 7720 29 7827 2 7976 31 8083 3 8105 3 8232 32 8339 4 8360 5 8488 33 8595 5 8615 7 8745 33 8851 5 8871 7 9001 33 9108 4 9129 5 9258 32 9365 3 9515 7 9523 23 9780 22 10037 22 10294 20 10551 18 10807 18 18208 2 18463 5 18718 7 18974 7 19229 8 19485 8 19742 6 19971 2 19990 1 19998 5 20226 6 20244 5 20397 3 20480 10 20499 7 20550 2 20652 5 20738 10 20755 7 20804 5 20906 8 20995 10 21011 7 21053 14 21161 9 21255 6 21268 5 21307 17 21416 11 21515 2 21524 4 21562 19 21672 11 21817 20 21927 15 22033 2 22072 22 22183 17 22288 4 22329 21 22439 17 22543 6 22586 19 22696 17 22799 5 22844 16 22952 17 23056 3 23102 13 23208 17 23312 3 23359 12 23465 15 23618 3 23723 12 23824 2 23879 2 23980 9 24080 2 24121 3 24134 4 24336 1 24375 4 24390 4 24630 5 24646 3 24889 2 25133 4 25146 1 25389 4 25646 2 26280 1 26452 1 26534 5 26702 4 26707 3 26711 2 26788 8 26910 4 26956 13 27044 9 27163 9 27210 16 27299 11 27418 10 27465 9 27478 3 27555 10 27674 11 27720 9 27736 1 27811 10 27930 11 27976 9 28186 11 28226 1 28231 9 28442 10 28479 7 28487 13 28698 10 28732 25 28760 2 28953 11 28986 27 29209 11 29241 28 29465 11 29497 28 29721 12 29738 1 29752 28 29976 13 29992 3 30007 27 30113 2 30232 19 30263 26 30366 7 30487 20 30518 26 30623 5 30743 20 30774 26 30882 1 30999 21 31030 26 31254 22 31286 25 31511 21 31542 25 31767 22 31798 25 32023 22 32054 23 32280 21 32310 22 32538 19 32566 20 32795 18 32823 18 33053 16 33079 17 33310 14 33336 16 33570 1 33574 5 33593 14 33831 3 33851 11 33960 6 34096 1 34108 10 34206 2 34216 6 34351 4 34365 9 34458 9 34472 7 34607 6 34622 7 34714 9 34728 7 34848 3 34863 6 34970 11 34986 4 35069 1 35104 4 35114 1 35119 6 35226 11 35323 5 35359 5 35365 8 35375 5 35482 10 35578 6 35623 7 35631 5 35644 1 35737 10 35834 6 35880 6 35893 2 35899 6 35993 9 36085 1 36090 6 36137 5 36146 7 36155 5 36249 7 36340 3 36346 6 36394 4 36401 14 36436 4 36503 7 36515 3 36595 10 36657 13 36691 6 36759 6 36771 5 36852 10 36912 14 36946 8 36995 4 37015 5 37027 11 37110 9 37170 12 37202 8 37250 5 37270 5 37282 12 37367 7 37428 9 37458 8 37506 6 37526 3 37538 12 37624 6 37686 7 37715 6 37762 7 37781 4 37793 12 37881 4 37944 1 37972 5 38018 8 38048 12 38275 8 38299 17 38493 2 38532 9 38554 5 38561 10 38748 4 38788 10 38803 2 38810 5 38818 8 38835 2 39003 5 39043 19 39065 3 39074 8 39091 2 39247 4 39260 4 39299 29 39329 7 39502 7 39556 34 39757 9 39812 35 40012 11 40068 35 40268 11 40323 36 40524 12 40578 37 40781 11 40834 37 41038 10 41090 38 41294 10 41345 40 41388 4 41549 10 41601 47 41804 10 41856 48 42060 9 42111 50 42316 9 42367 51 42572 10 42623 51 42829 8 42879 52 43087 6 43136 53 43269 4 43392 53 43524 6 43649 52 43779 8 43905 52 44035 8 44160 53 44290 10 44417 50 44544 13 44674 49 44800 13 44931 46 45056 13 45188 43 45312 13 45445 40 45500 4 45568 13 45701 39 45753 9 45824 14 45958 38 46009 9 46080 14 46215 37 46265 10 46336 14 46473 35 46521 10 46592 15 46729 34 46777 10 46848 15 46986 32 47033 10 47104 14 47247 27 47288 11 47360 14 47505 24 47544 11 47585 5 47616 13 47762 23 47802 8 47840 8 47873 12 48019 22 48059 6 48089 15 48130 10 48276 21 48315 5 48342 19 48388 7 48533 19 48571 4 48597 20 48789 19 48827 4 48852 21 49046 18 49072 2 49083 4 49108 22 49137 1 49302 18 49328 3 49338 5 49363 23 49393 1 49558 18 49583 4 49594 5 49619 23 49648 2 49815 16 49837 7 49849 6 49875 31 50073 7 50092 8 50104 7 50131 31 50181 4 50331 3 50347 10 50359 8 50385 34 50436 6 50602 22 50640 35 50692 6 50858 22 50895 24 50920 11 50948 7 51114 22 51151 23 51179 9 51204 8 51371 21 51407 21 51438 6 51460 9 51628 20 51663 20 51695 5 51716 11 51886 18 51920 18 51952 4 51973 12 52148 12 52177 17 52229 15 52404 11 52433 18 52485 16 52660 10 52688 20 52741 17 52917 8 52944 21 52997 18 53174 5 53200 22 53253 18 53456 22 53510 17 53711 23 53767 16 53967 23 54024 15 54223 22 54282 13 54479 21 54541 8 54734 21 54799 4 54829 11 54973 11 54990 7 54998 12 55063 3 55084 13 55186 5 55228 13 55246 6 55255 9 55319 5 55339 15 55438 11 55484 14 55502 6 55512 7 55575 7 55594 17 55693 13 55739 16 55758 6 55769 5 55831 15 55849 19 55948 16 55995 16 56015 5 56086 38 56203 17 56251 15 56272 3 56342 39 56385 3 56459 18 56506 16 56598 40 56639 7 56714 20 56762 15 56855 48 56970 21 57002 10 57018 13 57112 51 57226 24 57256 13 57274 12 57368 52 57483 25 57509 17 57530 11 57624 53 57739 44 57787 10 57880 53 57995 45 58045 7 58136 54 58252 44 58304 4 58392 56 58513 39 58648 57 58770 38 58860 6 58905 56 59026 38 59116 8 59161 57 59283 36 59372 9 59418 6 59426 48 59539 36 59629 10 59683 47 59795 36 59885 12 59899 1 59940 46 60051 35 60141 17 60196 46 60248 1 60307 34 60396 20 60452 46 60501 4 60562 34 60652 20 60707 47 60755 8 60816 34 60883 4 60906 22 60963 57 61072 34 61137 7 61162 22 61219 27 61249 15 61265 12 61327 36 61392 10 61418 22 61475 27 61505 30 61583 38 61647 12 61674 22 61725 2 61730 28 61760 12 61773 20 61839 40 61902 13 61930 21 61981 33 62016 33 62096 40 62157 14 62185 21 62236 34 62271 33 62352 40 62412 15 62437 24 62492 33 62528 32 62608 40 62668 16 62693 24 62748 32 62785 30 62864 39 62924 18 62948 24 63004 32 63041 30 63121 37 63180 18 63204 25 63259 32 63298 30 63377 27 63407 5 63436 18 63460 25 63515 32 63554 30 63587 4 63634 26 63680 2 63692 17 63717 22 63771 31 63810 39 63890 26 63934 5 63948 17 63974 21 64028 31 64065 19 64086 6 64093 13 64108 3 64147 25 64188 8 64204 16 64230 21 64284 32 64320 19 64343 4 64351 18 64403 25 64442 10 64461 14 64486 19 64541 51 64596 19 64617 9 64659 25 64698 10 64717 14 64742 19 64798 49 64851 19 64874 9 64915 25 64954 9 64973 13 64996 21 65055 48 65107 19 65131 9 65170 26 65211 7 65229 12 65251 22 65311 49 65362 20 65387 9 65426 26 65486 10 65506 23
787614,0 65536
797883,136 8 145 71 234 6 245 11 392 81 490 7 506 6 648 81 735 1 747 6 762 6 905 80 990 4 1003 8 1019 5 1162 89 1259 9 1275 5 1418 89 1515 9 1530 6 1675 88 1771 10 1786 6 1931 89 2026 13 2040 7 2188 88 2283 20 2444 88 2540 18 2701 87 2796 16 2958 87 3052 11 3216 86 3308 10 3473 85 3563 10 3730 7 3740 2 3745 69 3818 10 3988 4 4002 69 4076 7 4091 1 4258 69 4329 1 4335 4 4347 1 4515 66 4584 2 4593 1 4602 3 4772 63 4840 1 4849 1 4857 7 5033 56 5107 1 5112 6 5290 54 5363 3 5368 6 5548 5 5556 44 5619 3 5626 2 5805 2 5813 43 5875 1 6069 43 6325 8 6335 34 6593 32 6641 5 6850 18 6872 9 6896 7 7108 17 7127 11 7152 7 7365 30 7408 8 7622 32 7664 7 7879 31 7920 7 8136 29 8176 7 8392 27 8432 7 8650 9 8660 12 8689 7 8909 1 8919 6 8945 7 9202 6 9458 6 9714 6 9970 6 10226 6 10482 6 10738 5 21520 1 21528 1 21776 1 21783 4 22024 3 22030 4 22038 7 22279 5 22286 6 22294 8 22519 6 22535 23 22773 10 22791 6 22799 6 23029 11 23047 6 23056 4 23285 11 23304 5 23314 1 23541 11 23561 3 23797 11 24053 11 24308 12 24564 12 24820 12 25076 11 25332 10 25588 9 25844 8 26101 5 40724 7 40976 13 41230 15 41486 15 41741 15 41998 14 42254 12 42511 7 42767 7 43023 6 43279 6 43536 3
798199,0 55 94 2 103 212 324 1 349 223 580 2 605 225 831 3 859 233 1107 2 1115 234 1352 3 1357 11 1371 235 1607 63929
798724,1 12 82 10 105 6 260 8 339 9 361 6 515 9 596 8 616 6 768 1 771 9 853 8 872 6 1024 12 1109 8 1128 5 1280 10 1365 7 1385 3 1536 9 1621 7 1792 8 1877 6 2048 7 2135 3 2304 7 2392 1 2560 6 2816 5 3072 5 3328 2 5218 1 5472 7 5727 6 5982 5 6238 3 6494 2 20006 1 24082 1 24590 3 24847 2 25628 2 25884 2 26902 3 27157 4 27414 3 38912 1 39168 2 39424 2 39680 3 39936 3 40192 3 40449 1 55642 2 55898 2 56154 2 56410 3 56666 3 56832 6 57088 7 57170 1 57344 8 57600 9 57690 2 57856 9 57946 1 58112 9 58369 7 60250 1 60504 3 60744 1 60759 4 61000 1 61015 3 61072 2 61256 7 61270 3 61327 4 61514 1 61526 1 61583 3 61770 1 61782 1 61838 3 61870 1 62038 1 62094 5 62102 1 62123 2 62294 1 62350 9 62378 3 62607 8 62634 4 62858 2 62868 2 62890 4 63145 4 63386 2 63390 2 63400 4 63641 13 63896 14 64140 2 64144 4 64152 14 64396 10 64407 15 64652 30 64908 31 64993 1 65016 2 65165 31 65270 5 65418 2 65422 14 65440 13 65509 1 65525 8
799155,0 14 20 3 44 7 56 62 148 122 276 3 299 8 313 20 336 28 365 8 402 97 500 26 531 4 554 9 570 19 592 28 623 6 658 123 787 2 808 12 826 56 913 124 1043 2 1062 14 1079 2 1083 55 1169 124 1300 1 1317 14 1334 4 1339 48 1390 4 1423 125 1556 1 1570 16 1590 52 1647 3 1678 106 1787 18 1825 15 1845 54 1934 106 2048 12 2080 15 2101 28 2132 23 2167 2 2190 105 2304 11 2335 7 2343 9 2358 26 2390 20 2412 1 2422 7 2447 104 2560 1 2563 8 2591 6 2600 9 2615 24 2648 22 2677 9 2704 102 2824 6 2848 5 2855 11 2876 19 2905 25 2933 9 2949 5 2960 101 3085 2 3104 5 3111 12 3133 17 3161 38 3203 8 3216 86 3305 2 3308 9 3361 3 3367 12 3389 16 3416 40 3459 9 3472 85 3561 1 3566 9 3623 12 3644 15 3671 43 3715 9 3728 86 3817 1 3822 10 3865 2 3879 13 3899 15 3924 46 3971 11 3983 88 4073 1 4078 10 4118 7 4135 35 4174 52 4227 103 4334 10 4374 9 4391 195 4590 11 4630 9 4647 9 4657 58 4717 125 4846 11 4886 8 4903 8 4913 40 4960 139 5101 11 5142 9 5159 8 5169 39 5217 138 5357 10 5378 4 5398 10 5414 10 5425 11 5439 25 5473 139 5614 8 5634 5 5654 11 5669 23 5695 7 5703 11 5717 2 5724 144 5870 7 5892 3 5910 10 5924 33 5961 11 5981 144 6127 6 6150 2 6166 10 6179 34 6219 9 6238 143 6385 3 6407 2 6422 9 6436 8 6447 24 6474 8 6490 1 6495 142 6663 3 6678 8 6691 8 6704 23 6729 9 6746 2 6752 141 6920 5 6936 4 6946 9 6961 35 7002 4 7007 147 7176 7 7193 2 7201 9 7217 35 7258 153 7432 10 7447 3 7457 9 7472 36 7509 3 7513 156 7687 12 7703 2 7713 8 7727 199 7942 14 7959 2 7971 3 7982 200 8198 13 8233 206 8487 209 8736 2 8743 210 8991 4 8999 210 9247 4 9254 212 9503 4 9510 212 9760 1 9766 213 10024 211 10281 211 10537 211 10793 212 11006 2 11020 2 11049 7 11059 199 11263 1 11274 6 11305 7 11316 197 11528 9 11560 7 11573 196 11784 10 11816 6 11829 196 12040 11 12073 4 12086 189 12276 5 12296 12 12330 1 12343 180 12524 7 12532 3 12553 13 12600 187 12788 2 12811 13 12857 13 12871 173 13053 1 13074 7 13113 5 13123 2 13127 174 13303 1 13330 8 13370 4 13379 2 13384 176 13587 7 13624 6 13635 3 13643 160 13806 10 13843 7 13880 6 13891 4 13900 158 14064 7 14100 6 14136 5 14157 155 14320 6 14356 6 14392 5 14413 154 14578 4 14613 5 14649 3 14668 152 14870 4 14906 1 14923 152 15162 3 15174 8 15187 145 15418 3 15429 9 15443 41 15486 12 15499 46 15546 46 15673 6 15685 9 15700 39 15747 4 15757 44 15802 28 15835 14 15927 9 15942 8 15956 37 16014 43 16058 28 16092 14 16111 9 16182 10 16200 6 16213 35 16271 43 16315 27 16346 18 16366 12 16438 10 16458 3 16469 34 16528 42 16572 29 16602 7 16610 26 16694 10 16731 28 16785 107 16950 11 16988 28 17043 87 17132 18 17159 4 17207 10 17245 27 17307 78 17388 17 17414 7 17463 11 17501 32 17567 43 17616 25 17644 17 17669 9 17689 3 17719 12 17758 32 17824 41 17873 24 17900 19 17921 15 17942 8 17975 12 18014 32 18080 41 18129 23 18156 51 18219 6 18231 12 18274 16 18295 8 18310 4 18336 27 18366 10 18385 24 18410 53 18473 9 18487 12 18532 14 18551 8 18565 6 18592 6 18602 16 18623 8 18641 24 18666 53 18727 11 18744 11 18788 13 18808 7 18819 9 18848 6 18862 11 18880 6 18897 78 18982 12 19000 10 19045 11 19064 6 19074 10 19104 6 19119 8 19137 2 19140 1 19153 11 19166 64 19238 12 19257 9 19278 1 19302 8 19321 4 19330 10 19360 6 19377 5 19394 3 19410 9 19422 64 19494 13 19514 8 19532 5 19558 7 19585 12 19617 4 19622 1 19650 2 19666 9 19678 63 19750 13 19771 7 19788 5 19814 7 19840 13 19874 3 19906 2 19923 74 20006 14 20028 5 20042 7 20070 8 20095 14 20130 3 20158 3 20180 72 20263 13 20286 1 20296 5 20324 11 20344 2 20350 14 20384 5 20407 9 20423 1 20436 71 20520 13 20547 9 20579 13 20600 19 20640 3 20644 1 20662 9 20677 3 20692 71 20777 11 20803 9 20833 15 20856 19 20896 3 20918 9 20936 2 20944 72 21035 8 21059 9 21082 23 21112 19 21151 3 21171 12 21192 78 21279 3 21292 7 21316 13 21337 24 21368 19 21407 2 21428 11 21445 79 21533 7 21549 5 21575 12 21589 28 21624 20 21663 2 21685 9 21701 40 21742 37 21785 11 21806 3 21832 41 21879 7 21888 11 21919 3 21943 6 21956 22 21982 14 22002 32 22040 13 22088 41 22134 6 22145 10 22175 7 22200 2 22211 22 22241 8 22259 30 22296 14 22345 38 22390 6 22402 8 22432 4 22471 18 22500 3 22515 20 22537 7 22552 15 22602 36 22646 6 22659 6 22688 4 22729 1 22732 12 22757 1 22771 20 22794 6 22817 6 22859 35 22903 4 22946 1 22992 9 23013 1 23027 19 23051 5 23075 4 23116 32 23152 3 23159 4 23248 10 23271 1 23279 1 23283 19 23308 2 23331 4 23372 40 23416 1 23505 10 23525 2 23539 18 23587 5 23628 41 23762 11 23781 2 23784 4 23796 17 23844 3 23883 43 24018 12 24036 8 24053 16 24101 2 24139 50 24274 12 24292 7 24312 13 24368 2 24386 1 24395 51 24530 13 24546 15 24565 16 24623 5 24640 6 24649 54 24782 36 24820 17 24862 5 24878 6 24894 65 25036 52 25090 4 25118 8 25134 6 25149 67 25291 53 25347 5 25374 10 25390 7 25405 70 25488 1 25542 58 25603 7 25630 11 25646 7 25660 72 25742 5 25793 63 25859 8 25887 11 25902 8 25915 73 25998 3 26048 25 26074 38 26115 8 26144 11 26158 9 26169 76 26254 1 26304 23 26331 37 26371 11 26401 100 26560 64 26627 13 26657 100 26807 7 26816 49 26867 13 26884 13 26914 99 27062 59 27124 12 27140 14 27170 99 27318 58 27381 11 27395 16 27426 94 27521 4 27573 58 27637 11 27651 16 27682 94 27777 4 27829 58 27892 12 27907 16 27938 94 28033 5 28085 57 28147 13 28169 10 28194 101 28341 57 28403 13 28426 8 28450 103 28596 58 28659 13 28683 7 28707 103 28852 57 28915 13 28939 6 28963 103 29108 76 29195 6 29220 26 29247 74 29363 77 29451 5 29476 26 29505 71 29617 79 29707 4 29732 26 29761 59 29821 11 29872 80 29963 3 29988 101 30127 83 30218 3 30243 106 30383 83 30474 3 30500 1 30503 102 30638 84 30726 6 30760 101 30894 29 30925 51 30981 6 31017 26 31046 71 31150 82 31235 3 31239 4 31275 24 31303 70 31406 81 31534 21 31559 70 31662 80 31796 2 31804 7 31815 70 31919 78 32060 8 32069 72 32174 78 32316 81 32430 77 32572 81 32685 79 32828 81 32940 80 33085 79 33195 83 33342 75 33451 84 33600 73 33707 84 33823 2 33846 1 33857 72 33964 84 34078 4 34101 8 34114 54 34170 15 34221 83 34333 7 34356 11 34371 53 34426 16 34458 2 34479 81 34588 8 34612 2 34616 7 34627 51 34682 17 34714 3 34735 81 34844 6 34868 1 34873 6 34884 49 34938 19 34971 4 34990 82 35140 49 35194 20 35227 4 35246 82 35396 49 35449 21 35483 4 35502 82 35626 5 35653 49 35705 22 35739 4 35758 82 35882 6 35906 1 35909 50 35961 7 35969 17 35995 4 36011 1 36014 82 36131 5 36137 7 36145 3 36160 3 36166 50 36218 6 36226 2 36231 12 36252 2 36266 86 36386 14 36402 3 36416 2 36423 48 36477 3 36482 2 36487 13 36518 90 36641 13 36679 45 36725 3 36733 3 36738 1 36742 15 36772 92 36897 9 36936 42 36980 4 36988 7 36998 16 37028 92 37152 10 37193 3 37200 41 37244 25 37283 93 37395 2 37400 1 37409 9 37450 1 37457 15 37476 49 37536 96 37650 10 37666 7 37713 15 37732 23 37757 23 37792 96 37896 1 37906 10 37923 5 37970 15 37988 23 38015 14 38031 4 38048 96 38151 3 38162 10 38227 13 38244 19 38273 11 38304 96 38407 3 38417 4 38425 3 38441 2 38469 9 38501 11 38513 5 38532 7 38560 96 38663 4 38674 2 38697 3 38703 4 38726 9 38758 15 38817 95 38919 4 38952 12 38983 9 39015 13 39074 97 39175 3 39207 13 39239 10 39272 13 39330 103 39457 19 39486 1 39496 9 39529 13 39586 102 39711 22 39742 1 39752 9 39787 11 39842 75 39918 9 39928 16 39963 28 40008 8 40047 6 40081 4 40096 77 40174 9 40184 16 40218 30 40266 6 40303 6 40335 8 40352 4 40358 81 40440 16 40474 24 40500 4 40525 3 40550 5 40589 10 40615 68 40684 7 40693 19 40729 24 40756 5 40805 7 40843 13 40872 67 40940 6 40950 18 40985 24 41013 3 41062 6 41097 15 41128 67 41198 3 41206 18 41241 24 41269 3 41273 3 41318 6 41352 17 41383 69 41455 1 41461 19 41497 26 41526 1 41529 3 41573 7 41606 19 41639 70 41716 9 41728 8 41753 27 41782 1 41784 4 41829 7 41859 5 41869 13 41895 70 41973 7 41984 8 42009 36 42056 1 42087 5 42114 4 42127 11 42151 71 42234 2 42240 8 42266 35 42312 2 42343 5 42368 5 42384 10 42406 73 42491 1 42496 8 42523 28 42553 5 42581 2 42600 3 42624 4 42640 10 42662 74 42745 5 42752 7 42780 27 42809 5 42838 1 42880 3 42898 8 42918 65 42984 8 42999 8 43008 7 43036 28 43065 6 43138 1 43155 7 43175 63 43241 4 43254 17 43292 28 43321 6 43412 5 43431 50 43482 12 43499 1 43510 17 43549 36 43669 4 43688 49 43738 13 43766 16 43806 30 43838 4 43854 2 43925 4 43945 48 43995 13 44022 17 44062 30 44095 3 44110 3 44182 2 44203 47 44252 12 44279 16 44320 4 44325 23 44352 1 44366 3 44461 7 44470 36 44510 11 44536 15 44578 1 44582 22 44611 2 44620 4 44670 3 44719 3 44728 34 44767 10 44793 13 44839 20 44868 1 44875 6 44926 4 44953 11 44994 24 45023 9 45051 10 45066 4 45095 19 45130 7 45181 5 45208 13 45229 4 45251 9 45262 13 45279 8 45309 1 45312 4 45321 6 45352 18 45385 7 45437 5 45463 15 45482 8 45508 7 45519 12 45537 5 45568 3 45577 6 45608 16 45637 9 45694 4 45718 28 45765 3 45776 12 45795 1 45824 2 45833 7 45862 16 45893 9 45916 1 45951 3 45974 28 46035 9 46080 2 46088 7 46115 15 46138 1 46148 9 46233 1 46237 20 46292 7 46336 2 46344 7 46371 14 46394 2 46403 9 46426 1 46496 17 46549 6 46592 2 46599 6 46626 8 46637 3 46649 3 46659 8 46762 6 46807 3 46843 3 46848 2 46855 5 46882 7 46902 6 46916 7 46934 5 47098 8 47111 5 47138 7 47158 6 47172 7 47188 7 47354 5 47360 1 47368 4 47394 4 47399 1 47414 6 47422 1 47428 7 47444 7 47609 5 47624 4 47651 2 47655 2 47670 6 47677 2 47683 9 47699 9 47864 5 47881 3 47907 2 47926 6 47933 3 47938 12 47954 10 48119 5 48138 2 48188 20 48209 11 48317 4 48374 6 48394 3 48444 32 48572 6 48630 6 48650 3 48701 31 48827 8 48886 6 48906 3 48957 32 49083 8 49142 6 49160 4 49214 31 49339 9 49396 9 49411 2 49415 4 49470 26 49497 4 49532 1 49595 9 49651 10 49664 11 49726 26 49753 4 49774 1 49851 9 49906 11 49920 11 49982 26 50009 4 50107 9 50161 13 50176 11 50237 31 50334 3 50357 2 50364 7 50417 14 50432 11 50472 2 50493 31 50546 3 50589 5 50612 4 50621 6 50673 26 50728 3 50749 33 50801 5 50844 7 50868 5 50877 5 50929 26 50984 2 51005 34 51057 7 51097 10 51123 6 51185 26 51261 33 51315 6 51326 1 51353 11 51379 6 51442 26 51518 32 51571 9 51581 3 51608 15 51635 7 51700 4 51708 16 51774 4 51779 27 51823 13 51837 3 51865 16 51890 9 51965 15 52030 3 52036 25 52078 14 52094 2 52105 1 52121 17 52145 10 52224 12 52286 2 52292 24 52332 16 52350 1 52377 18 52401 11 52480 13 52542 1 52549 23 52588 17 52606 1 52634 18 52657 12 52736 14 52807 21 52843 20 52891 17 52912 14 52992 16 53063 7 53071 2 53075 8 53092 1 53099 21 53148 16 53168 15 53248 16 53290 4 53319 3 53348 2 53355 23 53385 2 53405 15 53424 15 53484 4 53504 16 53545 7 53554 3 53576 2 53604 6 53611 25 53640 4 53661 15 53680 15 53738 8 53760 16 53783 2 53802 4 53808 5 53832 1 53848 1 53859 35 53896 4 53917 16 53936 15 53988 14 54016 15 54039 2 54059 2 54064 4 54074 2 54088 1 54104 1 54113 37 54152 12 54172 17 54192 15 54243 16 54272 15 54330 2 54342 5 54369 38 54408 12 54422 2 54427 37 54498 17 54528 15 54586 1 54598 6 54618 1 54624 72 54698 22 54753 18 54784 16 54854 6 54874 1 54880 72 54954 22 55009 19 55040 16 55111 5 55130 1 55135 17 55159 12 55175 27 55204 3 55210 23 55265 19 55296 16 55367 5 55394 18 55415 21 55437 25 55465 24 55520 20 55552 16 55624 3 55644 1 55650 19 55671 21 55694 14 55710 7 55720 26 55773 24 55808 16 55907 40 55950 15 55967 6 55976 26 56027 26 56064 15 56100 3 56105 2 56164 39 56211 10 56224 5 56231 28 56278 31 56320 15 56346 3 56355 7 56414 1 56422 18 56442 16 56467 8 56479 37 56533 32 56576 15 56601 4 56610 8 56669 2 56679 17 56699 15 56724 6 56734 38 56789 33 56832 15 56857 4 56866 9 56924 4 56936 15 56956 13 56981 5 56989 40 57045 33 57088 16 57113 4 57121 12 57180 6 57192 15 57212 13 57239 1 57245 40 57301 37 57344 16 57370 3 57377 16 57435 7 57447 17 57466 15 57499 42 57556 38 57600 16 57627 2 57632 20 57690 9 57702 35 57755 43 57812 39 57856 16 57888 21 57945 43 57995 4 58011 43 58067 41 58112 16 58144 21 58198 44 58251 6 58267 43 58323 43 58368 16 58400 21 58444 5 58454 45 58508 6 58522 44 58579 61 58650 2 58656 22 58693 2 58698 59 58764 7 58777 45 58835 62 58904 31 58948 67 59019 8 59031 46 59092 61 59159 33 59203 130 59348 62 59415 34 59459 2 59463 81 59545 43 59604 62 59671 34 59714 1 59720 80 59801 43 59860 62 59927 34 59977 79 60058 41 60117 61 60183 35 60233 79 60314 41 60375 59 60439 26 60490 56 60547 21 60570 41 60632 58 60696 7 60705 13 60746 56 60804 20 60827 40 60889 57 60953 4 60961 12 61003 55 61059 6 61068 13 61084 39 61146 56 61218 11 61260 5 61267 10 61279 17 61297 17 61315 5 61327 10 61342 38 61404 54 61474 11 61518 1 61524 10 61535 42 61583 11 61599 37 61671 43 61730 11 61781 23 61807 14 61824 9 61840 11 61855 39 61929 42 61986 12 62037 22 62062 15 62080 10 62097 10 62112 38 62186 42 62242 14 62294 18 62318 16 62337 11 62354 9 62368 39 62442 42 62498 14 62550 18 62573 17 62592 12 62611 8 62625 38 62698 42 62754 14 62806 18 62825 21 62847 15 62868 7 62881 38 62955 42 63010 15 63062 18 63081 37 63124 6 63137 38 63212 41 63267 15 63317 19 63337 38 63382 3 63393 38 63469 41 63523 15 63573 58 63640 1 63649 38 63728 38 63780 15 63828 48 63877 10 63906 38 63951 3 63985 37 64036 15 64084 58 64162 38 64206 4 64242 36 64294 14 64324 6 64339 53 64419 37 64461 6 64498 36 64552 14 64579 13 64595 53 64664 1 64676 51 64754 14 64769 21 64809 14 64834 70 64918 4 64934 51 65010 14 65025 20 65066 13 65090 70 65173 5 65190 52 65266 13 65280 21 65329 6 65346 58 65406 11 65428 7 65447 51 65522 11
799282,47 40 96 40 305 38 352 40 562 37 607 41 818 37 863 41 1074 37 1118 45 1330 37 1374 50 1585 33 1619 5 1629 52 1841 41 1885 52 2097 43 2141 52 2353 43 2399 46 2609 42 2656 44 2866 41 2913 42 3124 38 3171 39 3381 29 3411 6 3427 34 3467 5 3637 27 3668 2 3683 33 3723 6 3894 25 3938 34 3978 8 4114 4 4150 23 4194 33 4235 7 4368 8 4408 20 4450 33 4491 8 4623 9 4666 18 4706 33 4748 7 4879 10 4923 17 4962 32 5005 6 5135 10 5179 16 5218 31 5262 4 5308 2 5391 11 5436 15 5474 29 5563 5 5647 11 5692 12 5731 21 5784 1 5819 5 5903 11 5948 10 5988 19 6040 2 6075 5 6159 11 6204 9 6245 18 6295 3 6331 3 6416 9 6459 8 6502 17 6551 3 6672 8 6714 6 6759 15 6802 2 6806 4 6929 5 6969 9 7015 11 7030 1 7034 1 7058 8 7185 2 7225 10 7240 4 7273 7 7286 7 7314 8 7481 10 7493 8 7529 7 7541 9 7572 6 7737 11 7749 9 7786 5 7796 10 7829 4 7840 2 7939 2 7993 21 8042 5 8051 12 8096 3 8193 4 8249 21 8298 5 8305 14 8352 3 8448 13 8505 21 8554 4 8559 17 8577 2 8704 15 8761 21 8810 3 8815 21 8960 20 9001 3 9007 4 9014 2 9017 21 9067 2 9071 22 9216 20 9255 39 9327 23 9359 3 9472 20 9498 3 9510 18 9530 20 9574 3 9583 16 9602 5 9615 3 9728 20 9754 4 9765 19 9787 19 9829 4 9839 16 9859 4 9871 2 9984 20 10011 3 10021 18 10044 19 10083 6 10094 16 10116 4 10240 20 10267 3 10276 18 10302 17 10335 7 10343 2 10350 16 10372 4 10496 20 10521 7 10531 7 10539 10 10559 17 10577 9 10590 12 10606 16 10628 4 10752 19 10776 16 10796 8 10816 27 10845 13 10862 17 11008 19 11032 16 11052 9 11073 26 11101 14 11118 17 11264 19 11287 17 11307 12 11330 26 11357 15 11375 16 11520 20 11543 17 11563 12 11587 41 11632 13 11776 20 11800 16 11819 12 11843 40 11889 9 12032 19 12056 15 12075 12 12099 33 12135 5 12147 3 12288 19 12311 15 12330 13 12355 33 12392 3 12544 18 12567 14 12587 12 12611 33 12648 3 12800 18 12822 14 12843 12 12866 34 13056 19 13078 14 13101 10 13123 34 13312 20 13334 14 13359 7 13379 34 13568 20 13590 14 13616 5 13630 38 13825 19 13845 15 13882 41 14082 35 14136 3 14141 35 14338 35 14392 3 14398 32 14594 36 14648 1 14655 27 14849 37 14912 23 15106 36 15169 17 15362 36 15428 12 15618 40 15670 1 15686 7 15874 42 15922 5 16130 44 16177 6 16386 34 16423 16 16641 37 16679 16 16897 20 16919 15 16937 14 17153 37 17191 14 17410 36 17447 13 17671 41 17928 4 17935 32 18186 1 18192 28 18450 12 18464 7 18705 13 18960 14 19216 13 19471 13 19728 1
804179,5 5 19 67 90 6 227 1 259 5 275 78 406 1 515 5 531 78 770 7 788 78 1026 7 1045 77 1176 3 1280 9 1301 78 1426 10 1438 1 1536 9 1556 79 1656 1 1681 11 1693 3 1762 2 1781 1 1792 9 1812 15 1829 63 1936 11 1950 2 1953 3 2017 4 2048 9 2067 16 2085 66 2192 11 2209 7 2236 4 2273 4 2291 7 2304 8 2323 7 2331 77 2412 1 2448 10 2466 7 2490 7 2529 4 2534 3 2546 7 2560 7 2577 8 2589 76 2667 2 2703 10 2722 7 2745 7 2785 9 2802 7 2816 6 2833 9 2845 76 2958 10 2978 7 3000 8 3041 1 3045 2 3059 6 3072 6 3088 11 3100 77 3213 11 3234 6 3255 9 3289 1 3301 1 3314 7 3328 6 3343 8 3354 79 3469 9 3491 5 3510 9 3566 11 3584 6 3599 7 3611 78 3725 8 3747 4 3765 10 3820 12 3840 6 3854 7 3869 77 3966 5 3981 8 3998 9 4019 11 4074 14 4096 7 4110 6 4125 78 4221 7 4236 9 4254 7 4274 12 4330 14 4352 9 4365 6 4381 78 4474 11 4492 8 4510 6 4518 2 4529 13 4586 13 4608 10 4620 7 4637 78 4729 12 4747 9 4766 6 4774 2 4785 13 4842 12 4864 9 4879 2 4883 3 4893 27 4921 50 4985 12 5002 10 5026 7 5042 11 5100 5 5120 9 5139 6 5149 26 5178 49 5241 12 5257 11 5283 6 5302 7 5317 3 5357 3 5376 9 5395 6 5405 26 5435 47 5497 12 5513 11 5534 2 5539 6 5561 3 5573 1 5632 9 5650 9 5661 26 5691 46 5748 1 5753 12 5768 12 5789 4 5796 5 5828 2 5888 9 5904 12 5917 27 5946 46 6003 2 6008 12 6024 12 6042 7 6052 5 6144 9 6160 88 6258 4 6263 13 6280 12 6298 7 6308 6 6400 9 6415 87 6514 17 6536 12 6552 10 6567 3 6649 1 6656 9 6671 87 6760 3 6770 16 6792 12 6808 10 6824 3 6905 2 6912 9 6927 86 7015 5 7026 16 7048 10 7062 12 7078 5 7160 3 7168 9 7184 84 7269 7 7283 1 7285 12 7304 7 7317 13 7334 5 7414 4 7424 8 7440 92 7545 7 7560 5 7574 11 7667 7 7680 8 7696 81 7779 9 7802 6 7831 10 7921 8 7936 7 7950 82 8036 8 8049 4 8057 7 8087 10 8176 10 8192 3 8201 72 8277 10 8291 9 8302 8 8311 9 8330 1 8344 9 8430 12 8448 7 8456 70 8534 8 8544 8 8553 13 8567 24 8601 7 8685 12 8704 76 8790 7 8800 8 8810 12 8823 25 8858 6 8939 14 8960 75 9046 7 9055 9 9067 40 9114 6 9194 14 9216 74 9304 4 9309 11 9323 41 9371 5 9377 3 9450 12 9472 74 9562 1 9565 10 9579 41 9628 9 9705 12 9728 74 9821 9 9835 41 9884 10 9960 12 9984 74 10078 7 10091 42 10140 9 10215 10 10240 74 10334 6 10348 41 10396 8 10471 8 10496 74 10593 2 10604 41 10653 6 10724 11 10752 48 10804 22 10860 20 10881 19 10909 5 10977 13 11008 47 11063 18 11117 39 11166 3 11228 15 11264 47 11320 17 11374 38 11481 15 11520 42 11587 6 11629 23 11656 12 11735 15 11776 23 11801 16 11843 6 11876 2 11884 23 11913 10 11988 17 12032 38 12100 4 12130 6 12138 26 12166 10 12179 5 12194 2 12240 20 12288 37 12358 1 12384 46 12434 7 12447 7 12493 23 12544 37 12640 45 12690 8 12700 11 12747 25 12800 36 12895 46 12946 21 12991 1 13001 26 13051 1 13056 36 13139 4 13151 47 13200 23 13256 27 13307 1 13312 36 13393 7 13406 73 13511 28 13563 1 13568 36 13648 9 13662 73 13765 29 13824 35 13889 4 13903 11 13918 72 14020 25 14046 4 14080 36 14144 6 14158 84 14274 26 14336 36 14399 8 14414 22 14437 60 14505 1 14530 25 14592 36 14655 8 14670 20 14693 59 14759 3 14784 27 14848 27 14877 7 14911 8 14926 20 14949 42 14994 6 15005 2 15014 4 15039 28 15081 1 15104 32 15167 7 15185 17 15205 42 15259 4 15295 28 15360 30 15423 7 15441 17 15461 42 15515 4 15551 29 15589 2 15616 30 15680 5 15697 41 15739 20 15771 5 15807 31 15844 3 15872 30 15936 1 15954 30 15987 6 15995 20 16028 4 16052 6 16063 32 16099 4 16128 30 16204 1 16209 31 16241 9 16251 20 16285 2 16300 2 16304 10 16319 32 16353 9 16384 30 16458 3 16465 31 16497 30 16555 15 16575 32 16608 11 16640 30 16702 2 16712 5 16720 64 16796 2 16811 16 16830 44 16896 31 16957 4 16967 6 16975 65 17052 2 17067 16 17084 46 17152 32 17213 3 17223 5 17229 67 17308 2 17323 63 17408 32 17470 1 17479 3 17485 67 17564 2 17577 64 17664 34 17726 1 17741 66 17820 1 17833 63 17909 2 17920 34 17997 66 18075 1 18089 63 18163 5 18176 34 18252 57 18310 11 18331 1 18345 63 18417 7 18432 34 18507 56 18570 8 18601 60 18662 3 18672 8 18688 36 18758 1 18761 58 18827 8 18857 60 18918 3 18928 9 18944 37 19000 4 19012 54 19068 4 19083 8 19113 65 19182 12 19200 36 19256 6 19267 55 19339 8 19364 70 19437 13 19456 36 19512 6 19522 56 19596 7 19615 91 19712 35 19768 6 19778 55 19853 5 19870 93 19968 25 19996 3 20024 5 20034 55 20126 94 20224 23 20280 5 20290 42 20333 10 20378 98 20480 22 20546 1 20550 37 20632 16 20658 76 20736 21 20804 1 20807 35 20886 18 20914 77 20992 21 21059 2 21064 32 21106 1 21141 19 21169 100 21316 35 21396 20 21425 99 21553 5 21572 30 21629 7 21651 21 21680 79 21760 20 21807 8 21825 34 21885 9 21905 24 21935 100 22062 9 22074 1 22080 35 22141 11 22160 26 22190 100 22317 11 22329 3 22335 36 22396 149 22572 12 22585 21 22607 20 22648 2 22651 58 22710 89 22828 55 22901 153 23084 55 23156 154 23340 55 23412 10 23423 51 23480 13 23494 71 23597 54 23668 8 23679 49 23737 6 23744 2 23751 71 23853 13 23867 39 23924 8 23935 48 23994 5 24006 72 24109 13 24123 2 24127 3 24131 28 24180 8 24191 48 24251 4 24261 73 24365 16 24389 7 24399 15 24437 7 24447 47 24507 1 24517 73 24620 17 24645 2 24655 3 24659 11 24693 7 24702 47 24773 73 24875 17 24912 2 24916 9 24950 53 25029 72 25130 17 25156 1 25174 6 25206 52 25285 72 25386 17 25412 1 25432 2 25462 51 25540 73 25642 10 25657 2 25667 2 25717 51 25796 72 25898 11 25972 51 26052 72 26153 12 26223 54 26309 70 26409 13 26476 56 26564 71 26666 12 26732 54 26819 71 26921 13 26987 53 27075 71 27175 15 27243 53 27332 70 27422 1 27435 10 27498 44 27544 8 27588 70 27676 6 27692 9 27754 42 27804 4 27844 70 27932 6 27949 7 28010 42 28060 4 28100 55 28160 10 28187 6 28265 44 28316 5 28355 40 28396 2 28400 10 28416 10 28442 7 28520 44 28571 5 28611 55 28672 10 28698 7 28776 42 28827 5 28866 56 28928 10 28954 6 29032 42 29083 5 29120 59 29184 10 29210 5 29288 30 29321 7 29340 3 29376 59 29440 10 29467 4 29544 29 29578 6 29630 64 29696 9 29802 1 29810 17 29835 3 29885 47 29934 15 29952 10 30067 13 30141 64 30208 10 30395 65 30464 9 30651 66 30720 8 30906 29 30936 38 30976 7 31161 54 31220 9 31232 6 31417 36 31454 17 31476 8 31488 4 31672 55 31732 5 31739 1 31744 4 31926 66 31996 2 32000 4 32181 67 32256 4 32437 25 32465 39 32512 3 32692 25 32718 40 32768 3 32942 2 32947 61 33024 2 33196 67 33279 2 33450 57 33510 9 33533 3 33704 59 33767 7 33789 3 33810 5 33957 61 34023 7 34046 2 34065 6 34210 63 34279 4 34303 1 34320 7 34462 67 34530 3 34534 5 34576 7 34715 79 34832 7 34968 56 35026 22 35089 6 35221 60 35282 9 35293 11 35346 5 35476 70 35550 9 35731 71 35806 9 35987 71 36063 8 36242 72 36320 6 36386 1 36497 73 36638 1 36641 4 36751 76 36892 4 36897 6 37005 79 37147 5 37260 80 37402 6 37515 61 37577 19 37657 7 37770 78 37913 6 38025 78 38169 6 38280 78 38426 4 38534 80 38681 5 38790 80 38937 4 39045 81 39192 5 39300 82 39447 5 39554 83 39680 1 39701 7 39810 80 39936 2 39950 1 39957 8 40065 79 40192 2 40206 14 40321 77 40461 14 40576 77 40712 2 40717 13 40832 76 40966 19 41087 77 41221 17 41239 1 41343 76 41477 16 41598 76 41734 9 41853 77 41992 6 42109 76 42248 4 42365 74 42503 4 42621 72 42699 1 42759 3 42875 73 43011 6 43130 74 43267 5 43385 74 43523 4 43640 74 43780 1 43807 2 43896 73 44060 7 44152 73 44288 1 44315 10 44408 72 44544 1 44571 11 44663 73 44800 1 44827 12 44919 72 45056 1 45083 11 45173 74 45312 1 45340 10 45428 73 45597 7 45682 74 45854 5 45937 74 46054 2 46111 2 46191 75 46309 3 46446 76 46553 1 46589 3 46595 1 46608 4 46701 77 46808 3 46845 3 46851 2 46862 6 46956 78 47064 5 47089 1 47101 3 47107 3 47118 6 47210 80 47320 6 47345 1 47357 3 47363 4 47374 6 47465 81 47576 6 47592 2 47613 3 47619 5 47630 6 47719 83 47831 7 47842 9 47852 2 47871 1 47874 7 47887 4 47974 83 48086 9 48097 14 48129 8 48166 3 48193 6 48229 84 48338 30 48385 8 48422 4 48449 7 48457 2 48484 85 48577 1 48593 28 48635 1 48640 9 48672 3 48705 10 48739 85 48832 4 48849 27 48890 4 48896 9 48926 6 48938 1 48963 9 48994 85 49088 6 49105 24 49130 2 49145 6 49152 8 49181 6 49193 2 49220 2 49223 5 49249 85 49345 5 49361 23 49399 17 49437 6 49449 3 49476 1 49479 5 49504 84 49601 5 49616 24 49655 18 49685 3 49693 6 49705 5 49732 2 49735 3 49759 84 49848 2 49857 7 49870 26 49910 19 49940 5 49949 6 49961 6 49987 3 49992 1 50013 86 50103 4 50113 8 50126 26 50166 10 50178 8 50195 16 50218 4 50244 2 50266 97 50368 10 50381 25 50413 5 50422 10 50435 7 50450 17 50500 3 50521 98 50623 11 50636 25 50665 9 50677 11 50691 8 50705 15 50721 1 50757 3 50770 1 50775 97 50875 1 50878 38 50920 10 50933 11 50947 9 50960 16 51008 1 51013 3 51020 1 51026 1 51030 98 51131 2 51134 37 51175 10 51189 10 51203 8 51217 9 51260 5 51269 5 51275 5 51281 107 51393 48 51444 12 51460 6 51476 6 51516 6 51525 11 51537 96 51635 8 51650 8 51662 35 51700 12 51716 3 51735 2 51745 2 51771 21 51793 92 51891 8 51908 6 51919 33 51955 13 51972 1 51996 3 52001 3 52026 114 52147 7 52175 32 52211 13 52258 1 52281 115 52401 9 52432 28 52468 12 52537 114 52656 10 52688 28 52726 10 52791 116 52911 10 52935 1 52947 24 52983 9 53020 4 53041 2 53045 118 53167 13 53182 2 53190 2 53204 13 53218 9 53239 6 53246 2 53262 1 53265 2 53275 5 53296 72 53370 50 53422 16 53445 4 53461 11 53475 8 53497 6 53517 6 53531 5 53549 75 53627 67 53700 5 53716 12 53731 8 53741 1 53752 6 53773 6 53787 2 53804 76 53883 68 53957 4 53972 12 53986 13 54007 7 54028 6 54039 5 54048 3 54059 79 54144 64 54213 5 54224 31 54262 5 54285 4 54293 2 54297 8 54312 83 54400 111 54517 9 54541 4 54549 3 54553 7 54568 82 54657 33 54694 72 54770 12 54797 3 54806 10 54824 82 54913 34 54949 73 55024 12 55054 1 55062 9 55079 82 55169 8 55180 98 55280 11 55318 9 55335 82 55425 7 55436 109 55574 8 55591 82 55678 9 55692 2 55695 105 55830 8 55846 85 55933 10 55949 55 56007 1 56010 44 56086 8 56102 97 56206 51 56267 42 56343 7 56361 87 56449 6 56463 49 56523 41 56599 6 56617 87 56705 5 56720 2 56723 44 56779 40 56856 4 56864 1 56874 92 56981 42 57035 39 57112 3 57120 3 57130 93 57237 42 57290 39 57375 4 57385 93 57492 44 57545 40 57631 4 57640 93 57748 44 57801 12 57816 25 57888 3 57895 92 58003 45 58056 13 58072 25 58151 91 58246 1 58258 47 58312 13 58328 26 58406 99 58512 49 58569 41 58662 12 58677 87 58766 51 58825 43 58871 5 58918 10 58934 138 59082 12 59097 26 59127 4 59173 10 59190 138 59338 11 59355 11 59369 10 59383 3 59388 2 59429 10 59446 138 59594 11 59611 9 59627 8 59640 3 59644 2 59686 9 59701 139 59850 10 59867 7 59885 6 59896 6 59942 8 59955 141 60106 9 60119 12 60136 11 60151 7 60198 8 60210 143 60362 7 60374 14 60391 12 60406 8 60455 6 60463 146 60618 6 60629 41 60718 18 60738 126 60874 5 60885 41 60969 19 60989 2 60995 129 61127 1 61130 4 61141 41 61225 18 61251 129 61382 7 61397 41 61480 15 61498 1 61507 137 61652 41 61736 13 61763 134 61904 45 61991 11 62018 134 62159 46 62236 1 62247 10 62274 2 62277 129 62413 49 62503 9 62518 1 62528 4 62533 129 62668 50 62758 9 62774 3 62783 5 62792 113 62908 2 62912 2 62924 51 63015 6 63039 9 63049 122 63181 51 63271 4 63292 12 63305 107 63415 13 63437 51 63549 11 63561 3 63566 119 63692 52 63805 14 63823 39 63863 80 63946 54 64055 18 64078 121 64202 54 64310 12 64323 6 64333 37 64373 139 64565 13 64579 5 64588 179 64821 18 64843 180 65076 18 65099 65 65167 112 65332 17 65355 32 65391 17 65411 8 65423 31 65456 37 65496 40
809952,1535 1 1790 2 2047 1 2303 1 2546 7 2557 3 2801 15 3055 17 3309 19 3564 20 3819 21 4073 23 4327 25 4580 28 4834 30 5088 32 5343 33 5593 39 5848 40 6104 40 6359 41 6610 46 6862 50 7117 51 7369 55 7613 4 7624 56 7865 11 7878 58 8117 75 8367 81 8622 82 8877 83 9132 84 9381 91 9635 93 9890 94 10138 102 10392 104 10645 107 10900 108 11155 109 11408 112 11660 116 11912 120 12165 123 12416 128 12671 129 12922 1 12926 130 13172 2 13175 137 13427 141 13678 146 13933 147 14185 151 14440 152 14695 153 14950 154 15204 156 15459 157 15712 160 15965 163 16218 166 16471 169 16724 172 16979 173 17230 178 17483 181 17728 192 17983 193 18230 3 18236 196 18485 203 18739 205 18994 206 19248 208 19502 210 19757 211 20011 213 20266 214 20518 1 20521 215 20767 225 21021 227 21276 228 21532 228 21782 234 22036 236 22287 241 22538 246 22792 248 23047 249 23300 252 23554 254 23809 41727
810943,0 2 24 233 279 233 535 233 791 233 1046 234 1302 234 1558 234 1814 234 2070 234 2325 235 2578 238 2833 239 3088 240 3344 240 3600 240 3856 240 4112 240 4368 240 4624 240 4878 1 4880 240 5133 243 5389 243 5645 243 5903 241 6159 241 6414 242 6669 243 6918 2 6925 243 7172 252 7428 252 7684 252 7939 253 8195 253 8450 254 8705 2559 11265 255 11521 255 11778 254 12034 254 12290 254 12546 254 12801 255 13057 255 13313 1535 14849 255 15105 255 15361 255 15617 255 15874 254 16131 253 16387 253 16645 251 16901 251 17158 17 17179 229 17414 14 17435 229 17671 12 17691 229 17928 11 17946 230 18184 11 18201 231 18440 12 18456 232 18696 13 18711 15 18727 4 18733 211 18950 16 18967 14 18990 210 19202 35 19246 210 19458 36 19503 209 19714 36 19757 211 19971 25 20003 4 20012 212 20226 24 20257 5 20268 212 20481 24 20513 5 20524 212 20737 24 20771 2 20780 236 21035 237 21291 236 21547 235 21792 1 21803 234 22048 2 22060 233 22305 3 22317 233 22561 3 22574 212 22787 1 22793 13 22817 3 22831 211 23050 15 23074 1 23088 1 23091 206 23306 15 23329 3 23346 206 23560 17 23585 3 23601 207 23816 17 23841 3 23852 212 24073 15 24096 3 24107 213 24329 14 24353 2 24362 214 24585 14 24609 3 24617 215 24840 15 24866 1 24872 216 25095 15 25118 1 25126 218 25351 15 25373 227 25607 15 25626 230 25862 16 25884 228 26118 15 26140 228 26369 2 26373 17 26395 232 26629 4 26638 8 26650 240 26896 6 26904 245 27153 17 27171 2 27175 217 27394 11 27407 19 27431 217 27651 31 27686 1 27689 215 27907 30 27941 219 28163 30 28197 219 28419 30 28453 219 28676 30 28710 218 28931 32 28966 218 29186 9 29197 2 29200 240 29442 8 29453 2 29457 239 29697 9 29708 3 29717 17 29737 215 29953 9 29964 3 29973 3 29977 231 30209 9 30219 2 30228 1 30233 231 30465 8 30483 4 30489 231 30721 7 30738 5 30745 231 30977 7 30992 7 31002 230 31234 6 31247 8 31258 238 31501 11 31516 236 31757 11 31773 24 31800 208 32012 12 32027 24 32059 248 32316 219 32536 24 32574 214 32792 22 32833 2 32837 206 33048 20 33092 207 33304 19 33347 208 33559 20 33603 208 33815 11 33833 3 33855 213 34069 11 34089 4 34109 225 34345 5 34364 225 34600 7 34619 227 34856 8 34869 2 34874 228 35111 17 35129 228 35365 248 35621 248 35877 248 36132 250 36386 251 36641 250 36895 252 37151 251 37407 253 37662 27366 65029 251 65287 249
822622,3327 1 4090 2 4343 6 4595 11 4849 14 5104 15 5351 3 5357 19 5605 27 5846 2 5860 28 6102 3 6113 31 6357 43 6611 45 6867 45 7124 44 7380 44 7635 45 7871 3 7889 47 8126 5 8143 49 8382 5 8398 50 8638 7 8655 49 8894 9 8912 48 9149 9 9166 50 9405 1 9407 7 9418 54 9654 6 9663 65 9909 8 9919 65 10165 75 10414 82 10671 81 10929 79 11154 4 11184 80 11409 8 11420 2 11440 80 11662 11 11675 3 11686 1 11695 81 11917 18 11936 1 11941 3 11950 82 12170 24 12196 4 12207 81 12426 30 12463 81 12681 31 12719 81 12918 1 12937 32 12970 1 12975 81 13171 7 13193 34 13231 81 13420 15 13448 36 13487 81 13676 15 13700 124 13932 2 13935 12 13951 129 14188 148 14444 148 14699 149 14931 4 14952 152 15187 4 15206 154 15440 7 15462 154 15696 6 15718 154 15952 5 15974 154 16207 7 16231 153 16462 8 16474 1 16489 151 16718 8 16727 5 16746 150 16974 15 17004 148 17229 16 17260 148 17485 17 17517 147 17741 9 17751 12 17773 147 17998 7 18012 7 18030 146 18254 5 18268 8 18287 145 18511 3 18524 8 18543 145 18768 1 18781 7 18799 144 19040 3 19055 143 19290 1 19295 4 19310 144 19544 4 19551 4 19566 144 19800 5 19807 4 19820 147 20055 12 20075 148 20312 11 20330 150 20534 1 20573 6 20585 63 20652 33 20688 48 20827 10 20840 65 20909 32 20944 48 20996 1 21070 5 21081 13 21095 66 21165 32 21200 14 21216 32 21326 6 21337 78 21421 34 21456 13 21472 32 21564 1 21582 7 21593 77 21676 49 21728 32 21819 2 21838 7 21848 76 21931 36 21970 10 21983 33 22075 2 22084 1 22095 6 22104 2 22107 69 22186 37 22227 8 22238 33 22332 1 22340 3 22351 6 22360 1 22363 67 22441 38 22482 9 22493 33 22572 4 22595 5 22607 6 22620 64 22696 39 22738 9 22748 34 22829 4 22842 1 22852 4 22864 7 22875 64 22952 39 22992 46 23085 6 23096 4 23109 3 23120 8 23131 5 23137 57 23207 38 23247 46 23340 7 23351 5 23365 4 23376 10 23387 5 23393 57 23461 90 23595 8 23607 5 23621 4 23632 73 23716 91 23850 9 23863 5 23877 5 23887 75 23971 92 24080 1 24105 3 24109 6 24119 11 24133 5 24143 75 24226 93 24335 2 24354 1 24360 4 24367 4 24373 5 24379 9 24389 5 24397 77 24481 95 24589 4 24608 4 24616 5 24623 4 24629 4 24635 16 24653 77 24737 95 24844 5 24863 5 24872 8 24885 4 24891 95 24991 97 25100 4 25116 1 25118 6 25128 8 25141 4 25147 90 25240 2 25246 98 25355 5 25372 8 25384 8 25397 4 25403 90 25495 3 25501 99 25602 4 25610 5 25628 9 25639 9 25651 3 25657 2 25661 93 25757 99 25858 4 25865 6 25884 20 25906 86 25994 16 26011 101 26114 4 26121 6 26132 3 26139 18 26161 14 26177 64 26250 118 26370 3 26376 7 26387 5 26396 15 26416 14 26433 63 26507 118 26632 6 26643 6 26653 11 26665 2 26671 15 26689 62 26769 113 26888 6 26898 7 26909 11 26921 1 26927 15 26943 64 27026 113 27144 6 27151 11 27165 13 27183 14 27199 64 27282 2 27285 109 27401 4 27408 11 27420 16 27437 83 27539 111 27665 111 27795 112 27919 12 27933 99 28051 112 28167 2 28175 12 28190 98 28307 112 28423 3 28431 12 28445 99 28565 111 28679 5 28687 112 28821 112 28935 5 28943 112 29077 112 29191 4 29199 112 29333 233 29587 234 29840 234 30093 233 30347 234 30602 234 30857 235 31112 236 31368 236 31623 237 31878 238 32133 238 32388 234 32644 99 32744 75 32821 56 32899 176 33077 57 33155 176 33333 60 33411 175 33589 62 33667 174 33845 62 33922 174 34100 64 34178 173 34354 66 34433 88 34524 81 34609 67 34688 88 34781 80 34864 67 34944 88 35038 79 35119 68 35200 88 35294 149 35455 89 35550 148 35711 78 35792 9 35805 148 35967 77 36047 10 36060 145 36223 67 36301 12 36316 145 36479 66 36555 14 36572 77 36651 66 36734 66 36811 15 36827 78 36907 65 36988 68 37065 1 37067 93 37163 64 37243 69 37324 92 37417 66 37498 69 37580 159 37751 72 37839 156 38003 76 38097 154 38257 77 38354 46 38401 107 38512 77 38610 46 38657 109 38767 77 38866 46 38913 186 39122 46 39169 185 39378 46 39425 184 39632 48 39681 184 39887 49 39937 119 40060 61 40143 49 40193 118 40316 61 40399 49 40450 116 40572 62 40656 48 40706 116 40827 68 40912 48 40962 190 41168 48 41218 191 41423 49 41474 191 41678 48 41730 191 41932 49 41986 191 42187 52 42241 192 42442 54 42498 191 42697 55 42754 192 42952 56 43011 192 43207 57 43267 194 43462 58 43523 194 43719 57 43778 195 43976 49 44034 247 44290 246 44547 245 44803 245 45057 247 45312 248 45568 248 45824 248 46080 249 46336 249 46592 249 46848 249 47104 250 47360 1536 48897 255 49153 4351 53505 752 54258 255 54514 255 54770 217 54988 254 55245 251 55501 251 55757 252 56010 2 56014 254 56270 1315 57588 207 57798 21 57821 20 57844 207 58053 22 58079 227 58309 22 58335 227 58564 24 58590 249 58842 156 58999 231 59231 23 59256 99 59356 130 59488 21 59513 69 59586 25 59612 129 59749 16 59769 68 59843 155 60006 15 60024 68 60099 44 60148 106 60262 15 60279 69 60355 43 60408 102 60517 87 60610 44 60664 100 60769 91 60866 44 60921 194 61121 30 61155 11 61176 130 61308 1 61311 60 61377 29 61413 9 61432 120 61554 12 61567 60 61632 31 61670 7 61687 119 61813 3 61818 64 61888 32 61926 7 61942 122 62075 63 62143 32 62183 4 62196 126 62331 63 62399 32 62452 128 62586 64 62654 33 62695 4 62707 130 62842 65 62910 32 62950 6 62962 133 63097 66 63166 254 63421 254 63676 32 63710 221 63932 10 63947 15 63966 220 64188 2 64200 18 64223 95 64319 122 64455 6 64463 12 64480 92 64578 119 64710 8 64719 12 64736 8 64750 74 64837 116 64965 10 64976 11 64994 6 65009 1 65012 68 65092 117 65220 24 65249 7 65268 71 65347 118 65475 25 65504 9 65523 13
826515,0 85 99 5 117 224 355 7 373 224 611 8 628 225 864 12 883 226 1120 13 1138 228 1374 18 1393 231 1629 253 1883 63653
830714,0 65536
839719,0 120 124 1 129 42 175 252 430 254 685 13619 14306 254 14564 252 14820 252 15078 250 15336 248 15593 248 15849 248 16103 2 16106 247 16359 2 16364 246 16614 3 16622 244 16868 3 16877 245 17124 3 17131 248 17387 248 17643 249 17897 252 18152 529 18683 245 18930 7 18940 243 19186 3 19190 4 19198 241 19446 3 19452 243 19703 1 19708 3 19712 239 19968 239 20213 1 20224 239 20480 239 20721 1 20736 239 20992 239 21248 247 21504 177 21685 67 21760 248 22016 182 22200 65 22272 249 22528 251 22784 251 23040 255 23296 954 24251 1274 25526 73 25600 180 25784 71 25856 180 26041 1 26043 106 26151 141 26300 247 26556 102 26659 144 26812 101 26916 143 27066 102 27175 139 27320 9 27330 94 27429 141 27576 9 27586 95 27684 143 27831 253 28086 254 28342 15958 44304 252 44561 251 44817 251 45074 252 45331 251 45587 250 45843 250 46101 248 46359 244 46616 242 46873 231 47105 8 47131 229 47365 4 47389 227 47645 227 47903 225 48160 224 48416 224 48671 225 48927 225 49182 226 49437 3 49441 223 49698 222 49959 217 50215 217 50472 216 50728 216 50984 216 51240 216 51496 216 51752 216 52008 216 52262 218 52518 218 52774 218 53004 1 53029 219 53258 6 53283 221 53512 9 53538 222 53768 10 53793 223 54023 12 54044 228 54279 13 54293 4 54299 229 54535 249 54791 249 55047 249 55302 250 55555 253 55812 1 55814 251 56068 1 56070 250 56323 253 56578 254 56834 254 57089 255 57345 8191
841484,8632 2 8876 2 8888 3 9143 5 9398 6 9654 6 9910 6 10166 6 10421 8 10676 9 10932 10 11188 10 11444 11 11700 11 11956 12 12213 11 12469 11 12724 13 12980 13 12997 1 13236 12 13252 2 13484 2 13493 11 13508 2 13740 3 13753 6 13996 3 14011 3 15033 3 15287 6 15542 7 15797 9 16052 10 16308 10 16563 10 16817 7 17071 8 17327 8 17583 8 17840 7 18096 6 18353 5 19391 3 19645 5 19902 4 20159 2 20415 3 20671 4 20927 5 21183 5 26804 1 27050 5 27059 2 27305 11 27561 7 27816 8 28072 8 28328 8 28583 9 28621 1 28838 10 28877 2 29094 10 29332 3 29349 11 29585 7 29605 10 29836 14 29861 9 30090 23 30117 9 30345 24 30373 9 30391 3 30601 25 30629 9 30647 5 30857 25 30886 7 30903 5 31112 27 31141 7 31152 1 31159 5 31368 32 31406 4 31416 4 31430 2 31624 32 31661 5 31683 5 31858 4 31881 31 31916 6 31938 6 32113 9 32138 30 32172 6 32193 7 32237 1 32267 2 32369 11 32395 29 32428 6 32449 8 32492 2 32522 4 32625 12 32651 6 32662 19 32684 13 32704 12 32742 9 32778 4 32881 13 32908 3 32919 19 32940 14 32960 14 32996 11 33033 4 33126 1 33139 11 33174 37 33214 16 33249 15 33289 4 33380 3 33397 8 33428 39 33468 20 33504 16 33636 3 33654 6 33684 62 33755 1 33758 19 33891 4 33939 64 34010 23 34146 5 34196 63 34265 27 34402 5 34452 64 34520 15 34536 12 34658 4 34679 2 34708 64 34775 15 34792 12 34816 4 34914 4 34933 6 34952 3 34965 62 35030 14 35048 12 35072 5 35080 3 35171 2 35189 7 35207 5 35221 81 35304 13 35328 12 35444 9 35462 6 35479 94 35584 13 35701 8 35718 6 35735 94 35840 13 35958 8 35974 6 35990 94 36096 13 36196 1 36215 7 36246 94 36352 13 36452 1 36475 3 36502 3 36506 79 36589 7 36608 12 36731 4 36758 83 36847 4 36864 11 36986 5 37014 83 37120 9 37242 5 37270 82 37379 4 37452 1 37498 5 37525 82 37623 1 37707 4 37755 2 37780 83 37878 3 37963 5 38036 82 38133 5 38218 6 38292 80 38389 5 38474 6 38485 2 38548 79 38645 5 38730 6 38740 4 38804 78 38901 4 38986 7 38995 6 39065 73 39241 8 39251 6 39321 73 39496 15 39576 75 39751 14 39832 74 39925 3 40007 13 40087 75 40181 3 40263 13 40344 74 40437 3 40518 13 40554 4 40600 73 40692 4 40774 15 40807 9 40857 72 40949 3 41029 18 41062 11 41114 70 41206 2 41284 20 41318 12 41357 3 41371 67 41452 3 41524 3 41539 21 41574 12 41611 6 41627 45 41674 17 41707 5 41727 1 41779 6 41795 21 41830 12 41867 7 41884 44 41933 12 41962 6 42034 8 42051 20 42086 12 42122 9 42141 33 42178 6 42190 10 42218 7 42289 10 42307 20 42342 13 42378 9 42399 31 42436 4 42447 8 42475 5 42545 10 42563 20 42598 13 42634 9 42657 29 42693 2 42704 5 42732 4 42800 11 42819 18 42854 14 42890 9 42915 27 43055 13 43075 16 43110 14 43145 3 43153 2 43172 26 43310 14 43330 17 43366 15 43400 3 43428 28 43565 17 43585 18 43623 13 43655 3 43685 28 43820 40 43880 11 43903 2 43908 6 43941 28 44076 40 44144 1 44158 12 44196 29 44333 39 44399 2 44414 12 44452 29 44590 37 44654 5 44670 12 44708 29 44847 36 44909 9 44927 12 44944 1 44965 29 45104 33 45165 11 45189 13 45222 28 45360 33 45420 13 45445 13 45479 27 45617 31 45676 14 45701 14 45736 26 45874 29 45922 3 45932 15 45956 16 45992 25 46138 21 46179 2 46188 18 46212 17 46248 24 46395 20 46436 1 46445 18 46468 17 46504 21 46652 19 46692 1 46703 18 46724 18 46760 16 46909 17 46959 18 46980 18 47016 14 47165 17 47217 17 47236 18 47273 11 47422 15 47474 17 47492 18 47530 6 47680 13 47731 35 47940 7 47988 33 48197 5 48245 32 48320 1 48415 2 48454 2 48502 30 48575 3 48669 5 48759 28 48831 3 48856 4 48924 7 49016 26 49087 3 49112 4 49178 9 49273 23 49367 5 49433 10 49529 18 49624 4 49688 11 49786 16 49944 10 50042 16 50199 11 50298 15 50455 10 50556 12 50711 9 50817 6 50967 9 51075 3 51169 2 51193 1 51223 9 51423 6 51448 7 51476 12 51678 8 51703 9 51730 15 51935 8 51959 9 51985 6 51993 8 52192 8 52214 10 52241 7 52250 7 52449 8 52471 9 52497 7 52506 8 52705 8 52727 9 52754 5 52763 7 52960 9 52983 9 53012 3 53019 6 53214 10 53239 9 53275 6 53469 11 53495 9 53532 4 53725 1 53730 5 53752 8 53988 2 54010 6 54228 3 54245 1 54267 5 54483 5 54523 5 54736 10 54771 1 54779 5 54990 3 55034 6 55245 3 55289 4 55500 3 55545 4 55756 3 55783 5 55801 4 56011 4 56028 4 56039 5 56058 3 56267 4 56283 5 56295 5 56315 2 56523 5 56539 6 56551 4 56570 3 56779 6 56795 7 56807 4 56825 3 57036 9 57049 9 57063 4 57081 4 57292 11 57304 9 57319 4 57338 4 57549 20 57575 5 57595 1 57809 16 57831 5 58067 14 58089 1 58323 14 58455 6 58579 11 58708 10 58835 8 58963 12 59092 5 59219 12 59475 12 59731 11 59874 2 59987 11 60130 3 60157 3 60243 10 60386 4 60412 4 60499 9 60667 5 60756 8 60911 3 60923 5 61012 7 61179 5 61269 5 61435 5 61691 5 61948 4 62205 3 62461 3 62716 4 62972 4 63228 4 63397 3 63484 4 63651 6 63741 3 63848 3 63906 7 63998 2 64103 8 64155 15 64358 10 64410 16 64614 10 64666 16 64869 11 64924 15 65125 11 65180 15 65382 9 65436 16
842508,239 6 495 6 751 6 1008 5 1264 4 1495 5 1521 2 1743 15 1761 3 1997 21 2252 22 2506 23 2761 24 3016 26 3272 26 3529 25 3785 24 4042 23 4298 22 4554 22 4811 20 5069 17 5328 12 5587 4 18079 2 18334 3 18590 3 20175 1 20680 6 32207 1 32452 2 32462 2 32707 4 32963 4 33219 3 33475 1 33730 2 33986 2 34241 3 34497 4 34753 3 46801 5 47056 6 47311 5 47566 6 47822 5 48078 4 48335 3 51685 1 51941 1 54515 3 54770 4 55024 6 55279 6 55534 6 55773 1 55790 5 56010 2 56028 2 56046 4 56265 4 56283 3 56302 4 56521 4 56527 5 56540 2 56558 4 56777 11 56797 1 56815 3 57033 12 57072 2 57289 12 57315 1 57329 1 57542 17 57569 4 57585 1 57797 20 57824 6 57845 3 58052 22 58079 7 58101 4 58307 23 58335 7 58356 6 58562 24 58592 5 58607 1 58612 6 58818 24 58849 4 58862 3 58868 6 59073 24 59124 6 59328 25 59380 5 59584 24 59839 25 59879 1 60095 24 60133 4 60147 4 60159 1 60351 24 60388 6 60402 6 60413 3 60607 24 60644 7 60658 6 60669 3 60864 23 60900 7 60913 7 60924 4 61121 22 61156 7 61169 7 61181 3 61378 21 61413 6 61424 8 61634 20 61670 4 61680 8 61695 1 61891 18 61936 9 61950 2 62147 18 62193 8 62206 2 62405 16 62449 8 62458 6 62661 1 62665 12 62700 11 62714 6 62917 1 62923 10 62954 12 62970 6 63180 9 63208 14 63226 6 63437 8 63463 16 63483 5 63696 4 63719 16 63740 4 63953 3 63976 14 63996 4 64231 16 64252 4 64486 18 64511 1 64741 21 64997 22 65252 23 65508 23
844747,0 8 137 4 230 5 256 7 393 3 485 6 512 7 650 1 741 6 997 5 1253 4 1525 5 1568 1 1573 2 1663 4 1780 7 1823 3 1828 4 1919 6 1942 2 2036 6 2076 15 2138 3 2175 7 2195 5 2201 4 2293 5 2332 7 2341 7 2394 3 2430 8 2448 14 2553 1 2587 8 2597 7 2651 3 2685 8 2703 15 2809 5 2842 6 2853 8 2908 2 2941 8 2959 9 2971 3 3064 8 3097 6 3109 8 3164 1 3196 9 3215 15 3319 9 3353 8 3365 10 3452 9 3471 14 3573 11 3608 9 3621 10 3708 8 3728 13 3829 11 3864 8 3877 9 3964 7 3986 10 4084 12 4120 8 4134 8 4220 6 4234 3 4244 2 4340 12 4377 7 4391 5 4397 2 4410 1 4490 3 4595 13 4633 6 4644 1 4647 8 4666 1 4746 3 4851 13 4889 6 4900 1 4903 8 4918 1 4922 1 5002 3 5107 13 5144 7 5156 1 5159 8 5174 2 5364 12 5400 8 5412 1 5414 9 5430 2 5433 2 5620 12 5656 9 5669 9 5686 5 5876 12 5912 22 5942 4 6132 12 6167 16 6187 2 6198 4 6388 12 6423 15 6455 1 6560 2 6643 13 6679 15 6815 4 6899 13 6935 15 7071 5 7155 13 7191 15 7240 2 7276 3 7327 5 7411 13 7447 15 7496 3 7531 5 7583 3 7667 13 7703 15 7750 1 7753 2 7787 6 7839 1 7878 4 7923 13 7961 13 8008 3 8046 3 8133 7 8142 3 8179 13 8219 10 8264 1 8304 1 8388 14 8437 11 8476 8 8520 1 8644 14 8694 10 8900 16 8950 10 9127 3 9157 16 9174 2 9206 10 9339 2 9382 4 9413 20 9462 10 9595 5 9638 5 9669 20 9718 10 9851 6 9894 6 9926 17 9974 10 10106 7 10149 8 10183 5 10194 7 10230 10 10361 8 10405 8 10441 1 10451 6 10487 2 10490 5 10548 1 10617 7 10661 8 10707 5 10804 1 10873 6 10917 8 10963 3 11130 3 11172 8 11328 5 11381 3 11428 7 11587 2 11635 8 11685 5 11701 1 11843 2 11890 9 11942 2 12145 10 12324 3 12394 3 12401 10 12649 6 12657 9 12706 5 12905 7 12913 8 12962 6 13004 2 13161 6 13173 2 13218 6 13261 1 13269 3 13281 4 13417 5 13475 5 13524 5 13530 3 13537 5 13673 4 13733 2 13780 10 13793 5 13929 3 13971 3 14001 1 14005 5 14036 10 14049 6 14184 4 14226 5 14257 9 14291 10 14307 5 14440 4 14482 5 14513 4 14518 4 14547 10 14564 5 14696 3 14739 5 14769 3 14803 10 14820 5 14952 3 14996 5 15026 2 15057 1 15060 8 15077 4 15238 1 15253 3 15313 6 15333 5 15492 3 15510 2 15569 4 15589 1 15592 2 15767 1 15826 8 15848 2 15994 1 16030 2 16082 8 16104 1 16249 4 16286 2 16338 8 16504 7 16542 5 16594 8 16760 6 16801 2 16850 9 16974 6 17015 2 17106 9 17231 4 17270 3 17362 8 17488 3 17524 5 17619 7 17780 5 17875 6 17988 1 17998 1 18035 4 18055 4 18133 3 18192 6 18243 2 18308 9 18447 9 18498 3 18563 11 18700 12 18753 4 18819 11 18954 15 19006 7 19074 12 19211 15 19261 8 19330 12 19468 1 19473 9 19516 8 19586 13 19730 7 19774 3 19842 13 19987 5 20097 14 20319 2 20352 15 20574 3 20608 15 20828 5 20864 15 21004 5 21083 6 21120 15 21185 1 21260 5 21339 5 21376 14 21515 7 21530 6 21592 8 21632 14 21771 5 21785 6 21849 2 21853 2 21888 14 22028 2 22041 6 22143 16 22284 1 22360 1 22399 15 22528 1 22616 1 22654 16 22784 2 22910 15 23040 2 23049 2 23120 3 23166 14 23296 2 23375 6 23423 12 23552 2 23576 2 23596 1 23630 7 23679 11 23705 3 23832 1 23850 4 23886 7 23941 3 24087 2 24106 4 24142 7 24166 1 24342 3 24361 6 24399 5 24421 2 24597 4 24617 6 24676 3 24853 3 24868 1 24873 7 24933 2 25108 3 25123 4 25129 7 25170 1 25189 3 25315 1 25355 2 25385 7 25445 3 25571 1 25611 3 25640 8 25701 4 25826 2 25897 6 25938 1 25956 6 26154 4 26194 1 26212 6 26264 4 26450 1 26468 7 26520 4 26560 1 26706 1 26724 7 26776 4 26810 2 26815 3 26962 1 26979 7 27033 4 27066 3 27072 2 27194 1 27217 2 27234 7 27289 4 27323 3 27328 2 27472 3 27491 6 27544 4 27580 2 27728 3 27748 5 27798 5 27837 2 27883 2 27886 2 28005 2 28052 2 28055 4 28139 2 28244 2 28307 3 28312 2 28396 2 28563 3 28568 1 28818 4 28824 1 29072 9 29245 3 29328 10 29502 1 29583 10 29602 2 29837 11 29855 6 30093 11 30111 6 30348 11 30367 6 30605 8 30623 6 30862 7 30879 6 31119 3 31135 6 31171 2 31391 6 31427 4 31647 7 31684 3 31903 8 32159 8 32415 8 32671 8 32775 2 32926 9 33031 2 33183 7 33345 2 33439 7 33454 1 33502 3 33600 3 33674 2 33695 7 33709 3 33757 6 33856 3 33890 1 33928 7 33952 6 33965 3 34013 7 34029 1 34144 3 34178 2 34183 8 34211 2 34221 2 34269 7 34284 3 34374 1 34377 2 34400 3 34434 2 34439 9 34525 7 34539 3 34656 3 34690 2 34693 12 34782 6 34795 3 34912 2 34947 15 35040 4 35051 2 35161 2 35167 3 35203 15 35254 3 35307 2 35412 8 35423 3 35459 15 35509 5 35563 1 35666 12 35714 17 35762 8 35819 1 35837 1 35855 5 35917 17 35970 18 36016 10 36073 4 36110 7 36172 18 36226 18 36266 2 36271 11 36329 2 36347 3 36366 8 36427 19 36468 4 36482 17 36520 18 36567 1 36584 2 36603 3 36622 8 36682 20 36723 5 36738 16 36776 18 36823 1 36858 5 36880 5 36938 20 36978 7 36993 16 37032 18 37075 1 37114 6 37138 4 37193 21 37234 6 37249 15 37288 16 37331 1 37370 6 37395 4 37449 20 37491 5 37504 16 37543 16 37586 3 37625 7 37651 4 37705 20 37760 15 37799 14 37842 2 37880 8 37907 4 37961 19 38016 14 38055 13 38135 8 38163 2 38217 18 38240 1 38258 1 38272 14 38311 11 38391 7 38419 1 38473 17 38513 3 38528 13 38572 1 38647 7 38674 2 38729 16 38769 4 38786 8 38903 6 38930 2 38982 2 38985 15 39024 5 39132 4 39237 18 39281 4 39386 7 39491 19 39538 4 39641 7 39671 1 39746 19 39795 4 39898 6 39926 3 40001 19 40051 4 40154 5 40181 4 40257 18 40308 3 40411 4 40435 6 40512 18 40669 1 40690 8 40768 17 40945 10 41023 16 41201 10 41278 15 41352 1 41456 11 41534 14 41712 11 41790 14 41968 10 42014 1 42048 12 42147 4 42224 10 42270 1 42305 11 42402 6 42480 9 42526 1 42562 10 42658 6 42737 7 42782 1 42819 9 42914 6 42993 7 43038 1 43075 8 43171 5 43225 2 43250 6 43332 7 43428 4 43480 3 43506 5 43580 1 43590 4 43668 2 43686 1 43736 2 43762 6 43923 5 43977 3 44019 5 44178 7 44231 7 44276 4 44309 2 44424 1 44434 8 44487 5 44533 2 44565 2 44680 1 44690 8 44742 5 44821 1 44946 8 44994 2 44998 4 45203 7 45249 9 45438 2 45441 2 45456 2 45462 3 45505 8 45588 2 45712 2 45763 5 45844 2 46103 2 46359 2 46615 2 47216 3 47243 3 47297 1 47470 5 47498 5 47552 2 47645 2 47726 5 47754 6 47806 3 47899 4 47982 5 48010 6 48061 4 48076 3 48089 1 48155 4 48238 5 48266 6 48316 4 48331 5 48344 4 48410 5 48456 1 48495 4 48523 5 48572 4 48585 7 48599 7 48667 4 48762 1 48778 5 48829 3 48840 8 48854 9 48925 1 49018 2 49034 3 49085 3 49096 8 49109 10 49274 1 49343 1 49352 8 49368 6 49544 1 49608 8 49624 6 49773 3 49865 8 49879 7 50028 4 50121 8 50134 9 50284 3 50378 8 50388 11 50634 8 50644 11 50890 7 50899 12 50919 3 51071 1 51073 6 51147 6 51154 13 51174 4 51325 3 51330 5 51403 15 51431 3 51562 3 51580 4 51587 4 51659 15 51687 1 51819 2 51835 5 51882 3 51915 14 52034 1 52044 1 52076 1 52090 6 52138 3 52171 14 52290 3 52345 5 52381 2 52393 5 52427 14 52547 2 52601 5 52637 3 52649 5 52684 13 52731 1 52854 8 52893 3 52904 5 52940 12 52986 6 53109 8 53150 2 53160 4 53197 3 53239 9 53364 10 53495 8 53620 10 53751 7 53877 7 54009 2 54135 4 54186 2 54265 1 54441 3 54521 1 54696 5 54951 8 55031 3 55207 8 55286 6 55463 7 55535 1 55543 5 55719 6 55789 3 55799 5 55876 1 55975 6 56045 2 56055 4 56132 1 56232 5 56312 3 56488 7 56569 2 56745 6 57001 7 57258 6 57317 1 57325 2 57515 5 57573 2 57579 4 57652 1 57666 1 57772 4 57829 3 57834 5 58030 2 58084 5 58090 6 58181 4 58339 14 58438 2 58594 15 58694 2 58849 16 59105 16 59210 1 59360 17 59386 6 59466 1 59616 17 59639 9 59722 1 59872 17 59894 10 60129 17 60148 12 60232 1 60386 16 60404 12 60642 30 60899 29 61153 31 61408 32 61662 34 61915 37 62170 38 62426 38 62682 38 62940 36 63197 35 63453 35 63710 34 63962 2 63966 34 64216 4 64223 33 64320 1 64469 7 64480 32 64574 4 64724 8 64736 32 64829 6 64977 11 64992 32 65085 6 65233 10 65246 34 65340 7 65488 10 65501 35
846389,80 13 108 7 249 7 336 14 364 8 504 5 511 1 592 14 620 9 760 3 838 1 848 15 876 9 1017 1 1086 6 1093 2 1105 14 1132 9 1341 8 1361 13 1388 9 1527 2 1597 6 1618 11 1644 9 1781 5 1852 6 1875 10 1901 7 2037 5 2100 3 2108 6 2132 8 2158 6 2292 6 2303 1 2356 4 2364 6 2390 6 2415 5 2548 7 2559 1 2612 4 2620 6 2647 5 2672 3 2804 9 2814 2 2849 2 2867 16 2903 5 2927 4 2980 1 3060 12 3123 16 3159 5 3183 3 3235 2 3316 12 3379 15 3416 3 3474 2 3490 4 3571 13 3635 14 3666 4 3730 4 3746 5 3827 13 3892 12 3922 5 3943 5 3986 4 4001 5 4083 13 4148 6 4157 2 4179 4 4198 7 4256 5 4339 13 4404 5 4453 8 4512 5 4595 13 4662 1 4709 8 4767 6 4851 13 4965 7 5021 8 5107 13 5222 6 5276 8 5362 14 5480 2 5529 9 5617 15 5784 10 5872 15 6039 11 6128 16 6285 3 6294 13 6384 16 6540 24 6640 16 6796 9 6807 14 6896 16 6987 2 7053 7 7071 5 7137 3 7153 15 7243 2 7309 6 7327 5 7391 6 7411 13 7566 4 7582 7 7647 6 7669 11 7822 4 7837 8 7903 6 7928 8 8079 3 8094 8 8159 6 8184 8 8245 5 8335 3 8352 7 8416 4 8440 8 8499 8 8592 2 8608 7 8695 9 8754 9 8848 2 8864 8 8951 9 9009 10 9055 3 9121 7 9206 10 9264 11 9310 5 9377 7 9462 10 9520 11 9565 7 9632 8 9695 3 9718 10 9776 11 9820 9 9888 7 9950 9 9965 4 9973 11 10032 10 10076 10 10128 3 10143 7 10206 21 10228 12 10288 10 10332 10 10383 9 10399 7 10461 35 10546 6 10589 9 10640 21 10718 34 10846 8 10896 20 10974 34 11102 9 11152 19 11231 33 11359 8 11409 13 11488 32 11616 7 11665 12 11747 24 11773 3 11873 6 11922 10 12006 21 12030 2 12130 3 12179 5 12186 2 12262 21 12286 2 12443 2 12518 22 12543 1 12697 5 12775 22 12799 1 12952 6 13032 21 13054 2 13208 6 13289 20 13310 2 13464 6 13546 19 13566 2 13720 6 13789 5 13798 26 13977 4 14044 7 14052 28 14300 36 14556 36 14812 29 14842 6 15069 28 15098 6 15326 34 15582 34 15839 33 16012 1 16097 31 16184 3 16268 3 16354 30 16438 6 16474 2 16523 5 16610 30 16693 8 16729 4 16781 3 16867 28 16948 9 16985 5 17038 1 17123 28 17204 9 17241 6 17380 27 17460 8 17497 7 17636 27 17716 7 17753 8 17893 26 17974 4 18009 9 18149 26 18265 9 18405 25 18521 10 18662 24 18764 3 18777 11 18919 23 19019 5 19033 12 19057 3 19175 24 19275 6 19288 13 19313 3 19431 24 19530 8 19543 14 19569 3 19688 24 19786 8 19800 9 19945 20 20042 7 20056 7 20201 15 20300 4 20313 5 20457 14 20472 2 20570 3 20713 14 20728 3 20967 16 20985 1 21223 16 21241 1 21247 1 21478 17 21500 4 21734 16 21755 5 21806 6 21855 12 21991 15 22011 5 22060 9 22110 13 22199 4 22247 13 22266 6 22316 9 22366 13 22454 7 22504 11 22522 6 22566 14 22621 14 22709 11 22760 9 22776 8 22824 1 22828 7 22877 14 22965 14 23016 7 23032 8 23133 14 23222 16 23272 6 23288 8 23390 14 23479 15 23528 6 23545 7 23646 15 23736 15 23781 9 23804 4 23903 15 23993 14 24032 8 24059 5 24160 14 24251 11 24285 10 24315 5 24416 15 24508 9 24541 8 24571 5 24670 17 24766 6 24796 9 24827 2 24831 1 24870 3 24923 19 25053 8 25075 2 25125 4 25178 20 25309 8 25331 2 25381 4 25434 19 25567 6 25588 3 25637 4 25690 19 25824 5 25845 3 25946 19 26081 4 26101 3 26202 19 26337 5 26458 19 26593 5 26714 10 26726 7 26849 5 26970 9 26983 6 27106 4 27227 7 27240 4 27364 2 27387 1 27483 6 27621 1 27643 1 27740 3 27899 1 28758 7 29002 1 29014 10 29257 5 29270 12 29513 5 29526 15 29594 4 29770 4 29783 16 29849 7 29901 4 29921 1 29930 5 30026 3 30039 16 30104 8 30156 6 30177 1 30186 5 30295 16 30359 9 30412 6 30442 5 30550 17 30614 10 30629 1 30668 7 30687 1 30699 3 30805 18 30868 12 30883 5 30925 6 31060 19 31122 14 31138 6 31181 5 31316 19 31377 24 31439 1 31571 21 31633 25 31825 23 31890 25 32081 23 32153 19 32338 2 32343 17 32410 19 32603 13 32666 21 32862 11 32922 22 33121 8 33183 17 33378 7 33440 16 33493 4 33502 5 33633 8 33696 15 33749 15 33859 2 33888 10 33953 13 34005 16 34115 2 34143 11 34210 6 34262 16 34372 1 34398 12 34468 2 34520 14 34653 13 34778 14 34909 13 35034 15 35134 3 35165 13 35291 15 35388 8 35420 14 35547 14 35643 11 35677 13 35804 13 35898 13 35933 14 36060 12 36083 2 36154 14 36189 14 36258 3 36316 11 36338 5 36352 1 36410 15 36445 14 36512 6 36572 9 36593 7 36608 3 36667 14 36692 5 36701 14 36768 7 36829 12 36849 8 36864 3 36924 13 36947 24 37024 7 37087 10 37105 8 37120 3 37180 13 37203 24 37280 7 37344 10 37361 7 37376 4 37435 14 37456 27 37537 7 37599 11 37618 6 37632 3 37691 15 37711 28 37793 7 37855 12 37875 3 37888 3 37946 17 37966 29 38049 7 38110 15 38144 2 38201 51 38305 7 38337 3 38363 21 38457 51 38561 7 38591 7 38617 24 38712 52 38817 6 38846 8 38872 26 38968 52 39074 3 39101 10 39127 27 39224 51 39357 10 39382 29 39481 48 39612 11 39638 30 39738 45 39868 11 39893 36 39996 42 40123 14 40148 40 40255 33 40317 4 40379 15 40402 44 40512 31 40571 7 40634 5 40642 9 40656 47 40769 30 40826 9 40889 6 40898 10 40910 50 41026 30 41078 1 41081 11 41144 8 41153 11 41166 50 41282 31 41331 17 41399 73 41540 30 41577 3 41586 18 41625 9 41636 2 41654 74 41794 32 41832 4 41841 18 41879 16 41910 74 42048 34 42088 5 42095 19 42134 17 42166 74 42302 36 42346 2 42350 18 42389 17 42421 75 42512 3 42558 36 42606 12 42643 18 42677 75 42767 4 42813 36 42862 11 42895 21 42932 76 43023 4 43042 15 43068 34 43117 12 43144 2 43149 23 43188 76 43279 4 43290 25 43323 8 43333 9 43343 13 43373 12 43398 31 43443 77 43544 27 43578 9 43589 9 43601 8 43629 13 43654 32 43698 78 43799 29 43833 11 43845 9 43858 5 43885 13 43910 33 43954 65 44023 9 44054 30 44088 20 44114 4 44141 12 44166 38 44209 62 44279 9 44309 31 44344 19 44368 2 44371 2 44398 11 44423 37 44465 61 44534 11 44565 13 44579 3 44585 11 44599 19 44622 5 44655 10 44680 37 44722 57 44790 7 44798 4 44821 12 44842 11 44856 17 44878 5 44911 11 44936 19 44956 17 44978 34 45016 19 45046 6 45055 5 45077 10 45098 12 45113 13 45136 1 45167 11 45193 18 45213 16 45236 23 45260 6 45272 26 45303 4 45312 5 45333 9 45354 12 45370 11 45422 13 45449 18 45468 17 45492 13 45506 8 45516 6 45527 27 45560 2 45568 5 45591 6 45609 13 45627 9 45676 15 45704 37 45748 12 45762 7 45770 8 45782 16 45800 11 45824 6 45849 2 45864 15 45883 8 45910 3 45931 16 45960 37 46004 12 46020 3 46026 8 46037 16 46056 11 46080 5 46120 15 46139 8 46166 4 46172 1 46186 18 46216 37 46260 12 46282 8 46292 16 46313 10 46338 1 46376 16 46395 8 46423 3 46427 2 46441 19 46472 37 46515 12 46538 7 46548 15 46569 10 46632 6 46641 7 46652 6 46697 18 46728 38 46770 12 46793 7 46804 14 46826 9 46867 5 46887 7 46899 6 46910 2 46953 17 46984 53 47048 7 47058 15 47082 9 47120 9 47142 8 47156 5 47210 12 47230 3 47241 13 47255 37 47302 7 47313 16 47340 6 47369 1 47375 11 47396 9 47413 4 47466 12 47486 4 47497 11 47512 32 47554 10 47568 18 47596 6 47623 20 47650 10 47669 4 47723 11 47741 6 47754 10 47769 9 47780 18 47809 10 47823 20 47851 4 47878 22 47905 11 47925 4 47979 11 47996 8 48010 10 48025 9 48037 16 48064 10 48077 23 48107 2 48134 22 48160 26 48236 10 48252 10 48265 11 48281 9 48293 15 48321 9 48332 18 48354 2 48362 3 48390 52 48493 9 48508 24 48537 10 48548 15 48578 5 48587 10 48599 7 48610 2 48618 3 48646 52 48749 8 48764 24 48793 26 48835 3 48844 9 48854 7 48865 2 48874 3 48903 52 49006 6 49019 24 49050 19 49072 3 49100 17 49120 2 49130 3 49159 51 49275 20 49307 16 49328 3 49357 15 49387 1 49405 3 49416 49 49531 19 49564 14 49584 2 49613 10 49626 2 49659 5 49672 48 49787 19 49820 3 49825 10 49837 6 49868 13 49914 6 49928 47 50043 18 50076 2 50081 18 50124 13 50167 1 50170 3 50174 2 50183 47 50299 17 50333 1 50337 18 50380 14 50423 2 50437 49 50554 17 50593 19 50634 17 50692 54 50810 17 50836 4 50850 19 50889 18 50947 57 51056 2 51065 17 51088 9 51106 20 51145 19 51202 58 51311 4 51320 17 51342 11 51362 21 51390 1 51401 18 51457 30 51489 27 51566 5 51576 17 51597 13 51618 19 51645 3 51658 17 51713 29 51745 26 51821 6 51832 10 51845 4 51853 13 51875 18 51901 2 51915 8 51924 6 51968 28 52002 25 52033 3 52077 6 52088 9 52102 2 52108 14 52139 9 52172 4 52224 27 52258 25 52289 4 52296 1 52333 6 52342 2 52345 10 52364 13 52397 6 52480 26 52515 23 52541 8 52590 3 52597 3 52601 11 52620 12 52655 3 52736 27 52771 22 52798 8 52854 14 52877 11 52992 28 53028 1 53031 16 53054 8 53110 4 53119 5 53134 9 53248 28 53277 6 53287 2 53291 12 53312 3 53378 1 53391 6 53504 35 53543 2 53547 12 53649 1 53760 35 53797 18 53933 2 54016 27 54044 7 54052 19 54187 4 54272 26 54301 5 54308 20 54441 5 54528 25 54557 3 54565 19 54695 7 54784 25 54814 1 54821 19 54950 8 55040 25 55078 19 55196 1 55205 9 55279 1 55296 25 55334 19 55379 2 55452 1 55461 8 55531 1 55552 25 55591 19 55634 3 55674 3 55717 6 55787 1 55808 24 55844 22 55890 3 55932 9 55974 2 56056 2 56064 16 56085 2 56092 1 56099 23 56146 3 56188 11 56309 5 56320 16 56348 1 56353 24 56402 2 56442 14 56567 3 56576 16 56602 18 56623 9 56658 1 56697 15 56823 1 56832 18 56858 19 56881 6 56914 1 56954 13 57085 1 57088 19 57113 20 57210 13 57341 1 57344 21 57369 20 57466 12 57597 1 57600 22 57623 22 57722 11 57847 1 57852 3 57856 4 57861 40 57978 11 58103 11 58118 39 58222 1 58235 9 58359 10 58374 39 58478 1 58492 7 58615 9 58629 39 58749 5 58820 2 58847 1 58861 3 58871 9 58885 39 59068 16 59103 4 59115 5 59130 6 59140 38 59324 17 59358 5 59369 8 59386 4 59396 36 59580 18 59613 6 59626 7 59641 7 59652 35 59762 3 59839 5 59846 8 59868 7 59879 1 59883 6 59896 8 59908 33 60012 2 60017 3 60095 5 60105 4 60119 3 60125 6 60140 4 60152 8 60164 32 60268 8 60352 3 60363 1 60374 4 60383 3 60408 7 60421 31 60529 7 60630 4 60664 6 60677 31 60786 7 60885 4 60918 8 60934 30 61043 5 61141 4 61172 10 61184 2 61190 30 61246 4 61300 3 61396 5 61415 23 61440 4 61445 31 61494 13 61651 5 61669 26 61696 36 61740 3 61748 16 61907 5 61925 63 61994 5 62003 17 62163 5 62180 65 62247 8 62259 17 62315 3 62419 4 62436 75 62515 17 62570 7 62609 1 62676 4 62693 26 62720 46 62771 18 62824 11 62864 2 62932 4 62949 24 62976 46 63027 18 63081 12 63205 23 63232 45 63283 18 63337 18 63461 20 63488 45 63538 19 63594 18 63717 19 63744 41 63788 1 63793 20 63850 18 63948 2 63968 2 63973 16 64000 45 64049 21 64106 18 64217 12 64230 16 64256 19 64277 24 64305 21 64364 16 64447 3 64470 15 64487 1 64489 13 64512 19 64533 24 64561 21 64621 5 64629 7 64703 1 64706 1 64723 35 64768 18 64791 7 64799 15 64817 21 64885 6 64962 2 64977 35 65022 20 65047 7 65055 15 65074 20 65141 6 65232 35 65277 21 65303 6 65312 14 65330 19 65369 14 65396 7 65471 1 65488 35 65532 4
850742,0 69 77 253 331 14552 14887 250 15143 247 15399 246 15655 244 15912 242 16168 233 16405 4 16425 232 16682 231 16940 229 17198 227 17454 227 17709 228 17965 228 18220 228 18475 229 18730 230 18985 230 19241 229 19496 229 19751 228 20006 228 20260 230 20514 232 20769 233 21024 234 21279 235 21534 237 21790 237 22046 237 22301 238 22556 240 22810 242 23064 245 23320 245 23575 247 23831 248 24087 248 24342 249 24598 249 24853 684 25539 253 25795 251 26052 231 26286 12 26309 18 26334 202 26545 5 26565 13 26592 198 26823 9 26850 195 27084 3 27114 187 27372 184 27628 184 27884 183 28139 183 28393 186 28647 189 28901 192 29156 194 29406 200 29660 202 29914 205 30168 207 30423 208 30678 209 30933 210 31189 210 31444 212 31698 218 31954 219 32209 221 32464 222 32718 225 32973 226 33227 228 33480 232 33734 234 33989 251 34244 4921 39168 251 39424 251 39680 251 39936 250 40192 250 40447 251 40701 254 40956 13059 54016 254 54272 254 54528 254 54784 253 55040 253 55296 253 55552 253 55808 254 56064 9472
863209,0 13294 13297 253 13553 2 13556 249 13809 1 13813 248 14065 1 14069 8 14080 237 14336 237 14592 237 14848 236 15104 234 15360 202 15565 26 15616 227 15872 142 16019 53 16074 22 16128 136 16266 2 16278 66 16384 135 16535 20 16557 30 16588 10 16640 127 16770 4 16791 19 16813 23 16838 5 16896 126 17026 4 17047 17 17070 7 17085 6 17096 2 17152 126 17283 2 17302 19 17326 7 17342 5 17408 126 17540 1 17557 21 17582 7 17601 3 17664 118 17783 3 17787 3 17812 23 17837 8 17920 117 18040 1 18043 4 18066 19 18087 14 18176 117 18300 1 18317 40 18432 116 18571 42 18688 116 18824 43 18944 116 19080 3 19085 36 19200 118 19336 4 19341 32 19456 49 19506 70 19592 31 19712 48 19764 68 19848 3 19853 24 19968 32 20002 13 20021 50 20074 14 20103 1 20109 22 20224 32 20258 12 20278 49 20329 15 20358 2 20362 20 20480 31 20515 10 20535 24 20561 21 20584 5 20593 7 20614 2 20617 15 20736 31 20771 10 20791 19 20818 29 20850 7 20866 2 20870 2 20873 10 20992 30 21027 10 21047 18 21077 27 21106 7 21122 4 21129 2 21248 31 21284 8 21303 14 21333 26 21362 6 21374 1 21377 7 21504 31 21540 8 21560 12 21589 23 21617 7 21628 4 21633 7 21760 32 21799 2 21816 11 21844 25 21871 9 21884 3 22016 35 22073 9 22098 27 22127 8 22139 3 22272 36 22327 10 22356 35 22528 36 22583 5 22604 1 22612 35 22784 34 22836 7 22860 1 22869 27 22898 3 23040 34 23092 6 23117 6 23126 26 23296 35 23346 9 23375 30 23552 35 23601 11 23631 28 23808 36 23858 15 23886 24 24064 37 24114 17 24141 23 24320 36 24370 1 24373 15 24396 19 24576 33 24629 3 24633 12 24650 17 24832 33 24869 2 24884 18 24906 8 25088 33 25124 4 25139 8 25152 7 25161 8 25344 49 25395 8 25408 7 25600 50 25651 13 25667 3 25856 64 26112 58 26172 4 26368 57 26624 3 26629 44 26880 1 26886 42 27143 40 27399 37 27655 10 27667 23 27911 10 27923 20 28167 11 28179 18 28423 25 28679 23 28935 17 29191 13 29448 8 29705 5
863364,6 16 69 19 89 149 243 13 260 18 326 18 345 149 499 13 515 19 582 169 756 12 771 18 838 170 1012 12 1027 18 1094 4 1099 165 1268 12 1283 17 1352 2 1356 80 1438 83 1522 13 1539 17 1611 71 1683 6 1694 97 1796 15 1867 77 1950 97 2052 15 2122 77 2207 96 2308 16 2377 77 2463 97 2564 19 2632 76 2718 98 2819 21 2888 76 2972 100 3075 21 3143 77 3227 101 3330 23 3399 76 3482 102 3585 24 3654 77 3737 103 3841 23 3909 78 3992 104 4097 23 4142 2 4165 79 4247 129 4397 4 4420 212 4641 3 4651 7 4675 214 4906 8 4930 216 5154 1 5160 9 5186 217 5407 17 5442 217 5661 18 5697 237 5951 239 6206 241 6461 220 6682 22 6716 220 6939 23 6972 219 7194 24 7227 248 7481 213 7700 32 7736 213 7955 33 7991 213 8210 249 8465 250 8721 250 8976 251 9231 253 9487 752 10240 255 10496 781 11278 255 11534 254 11790 240 12032 12 12045 240 12288 11 12301 240 12544 254 12800 254 13056 255 13312 255 13568 767 14336 254 14592 254 14848 253 15104 252 15360 251 15616 251 15872 251 16128 250 16384 250 16640 249 16896 248 17152 139 17298 103 17408 94 17505 40 17555 104 17664 96 17761 40 17813 102 17920 96 18017 39 18070 101 18176 119 18300 12 18326 101 18432 118 18557 11 18582 102 18688 115 18814 9 18838 99 18939 119 19094 98 19196 118 19350 98 19452 118 19588 1 19606 96 19710 115 19862 95 19966 115 20119 92 20223 114 20374 91 20477 116 20629 91 20731 119 20885 90 20984 38 21025 82 21140 91 21239 38 21284 79 21396 91 21495 38 21541 79 21653 90 21750 39 21801 76 21909 90 22005 40 22057 77 22165 91 22261 40 22314 75 22421 91 22517 39 22570 75 22677 92 22773 38 22827 70 22933 94 23028 39 23083 69 23189 132 23340 69 23445 125 23596 70 23701 124 23853 69 23957 124 24109 70 24212 125 24365 70 24468 125 24621 70 24724 127 24877 69 24978 130 25133 68 25233 131 25390 66 25488 133 25647 64 25744 133 25903 63 25983 2 26000 133 26159 63 26238 5 26257 131 26415 63 26494 7 26513 130 26671 63 26750 10 26769 128 26927 63 27007 11 27024 129 27183 63 27263 12 27279 130 27439 62 27519 13 27534 132 27695 57 27776 146 27951 57 28017 3 28032 147 28207 56 28272 4 28292 8 28301 136 28463 70 28550 6 28559 136 28719 70 28807 4 28817 136 28975 69 29064 3 29072 138 29231 69 29322 144 29487 69 29579 143 29743 69 29835 143 29999 68 30092 142 30255 67 30349 140 30506 71 30610 135 30760 72 30844 1 30867 133 31015 73 31098 7 31125 130 31270 75 31353 12 31384 131 31525 77 31607 15 31641 125 31767 10 31780 98 31899 235 32155 119 32278 112 32412 118 32533 111 32668 118 32789 83 32873 24 32925 117 33045 82 33132 6 33139 14 33181 117 33301 81 33389 4 33395 13 33438 116 33556 70 33629 9 33645 4 33652 12 33695 115 33812 70 33887 7 33902 3 33909 11 33952 114 34067 71 34143 7 34158 3 34164 12 34208 113 34323 71 34399 7 34420 18 34464 114 34579 83 34674 21 34720 199 34929 22 34975 82 35059 117 35184 24 35230 82 35316 116 35439 26 35483 84 35572 27 35601 89 35695 26 35738 85 35827 26 35857 90 35950 28 35994 85 36082 13 36096 12 36113 90 36206 28 36250 101 36352 11 36369 90 36462 29 36507 113 36625 91 36718 29 36764 99 36864 139 37021 98 37120 140 37277 213 37492 24 37532 200 37734 11 37750 22 37787 200 37990 10 38007 21 38042 201 38246 9 38264 19 38298 201 38502 9 38520 18 38554 107 38663 92 38758 7 38776 17 38811 105 38919 101 39032 17 39067 104 39175 101 39288 14 39324 103 39431 101 39544 14 39581 100 39687 101 39800 13 39838 98 39942 101 40056 13 40094 98 40197 103 40312 13 40350 98 40452 105 40574 7 40606 98 40708 105 40834 1 40862 98 40963 105 41118 97 41218 104 41375 96 41474 103 41633 95 41729 104 41890 94 41985 104 42147 93 42241 104 42405 91 42497 18 42521 21 42547 56 42662 89 42753 18 42778 17 42803 57 42918 89 43010 17 43035 15 43059 58 43175 88 43266 18 43291 14 43315 59 43431 89 43522 19 43548 10 43571 59 43688 88 43778 20 43805 9 43827 60 43945 87 44034 23 44063 7 44083 60 44201 87 44290 24 44320 5 44340 60 44459 84 44545 26 44576 4 44596 60 44719 77 44801 26 44853 59 44931 5 44978 73 45057 27 45109 59 45185 7 45210 4 45238 54 45294 13 45313 28 45366 57 45441 8 45466 4 45495 51 45552 10 45566 2 45569 28 45624 54 45696 9 45722 9 45751 51 45809 8 45821 3 45825 28 45881 52 45952 10 45978 10 46007 50 46065 8 46076 4 46081 27 46137 51 46204 14 46234 12 46263 50 46321 9 46332 32 46394 50 46457 17 46491 11 46519 50 46577 41 46651 48 46712 17 46747 11 46775 49 46832 40 46908 44 46962 1 46967 18 47003 12 47031 49 47088 40 47164 44 47210 2 47216 4 47223 19 47259 12 47287 47 47344 40 47398 4 47420 56 47479 19 47515 13 47544 45 47600 40 47653 17 47674 81 47772 13 47801 44 47857 40 47909 102 48028 13 48059 41 48113 40 48165 103 48284 14 48316 39 48369 41 48420 105 48540 14 48572 38 48625 43 48675 113 48796 14 48829 36 48881 45 48929 117 49052 14 49085 36 49137 166 49306 17 49342 34 49393 187 49598 33 49649 188 49853 33 49903 191 50109 33 50159 192 50364 35 50401 1 50414 20 50435 172 50620 38 50670 18 50693 65 50759 105 50875 39 50926 18 50949 51 51001 12 51016 105 51130 40 51182 18 51205 51 51257 11 51276 101 51386 40 51438 18 51461 51 51513 9 51533 101 51643 39 51693 84 51790 100 51900 10 51913 25 51949 84 52047 99 52158 6 52176 17 52205 83 52304 97 52415 4 52444 4 52461 24 52486 21 52509 35 52561 96 52717 23 52743 18 52767 25 52793 6 52818 96 52973 23 53000 16 53024 23 53049 5 53075 95 53229 22 53256 16 53280 6 53287 23 53331 98 53485 22 53512 16 53538 2 53546 20 53587 100 53741 22 53768 16 53803 19 53844 100 53999 20 54024 16 54059 19 54100 100 54258 17 54280 16 54314 20 54356 101 54514 16 54536 15 54570 20 54613 100 54771 14 54793 14 54826 20 54869 100 55026 14 55051 11 55082 20 55125 99 55245 3 55282 14 55312 4 55339 19 55381 99 55500 6 55537 15 55596 18 55637 98 55755 7 55792 16 55853 17 55893 98 56010 8 56048 16 56096 1 56111 15 56148 99 56265 9 56303 17 56351 8 56361 1 56368 14 56404 100 56521 9 56560 16 56606 14 56624 14 56660 100 56777 9 56801 4 56816 16 56862 14 56879 14 56915 101 57033 10 57056 4 57073 15 57118 30 57171 101 57292 8 57306 2 57310 6 57329 15 57374 30 57426 101 57546 11 57558 13 57585 15 57630 13 57645 13 57682 101 57802 25 57841 15 57886 14 57901 12 57937 102 58060 23 58097 15 58144 12 58157 10 58192 103 58317 22 58353 15 58402 9 58415 8 58448 109 58573 22 58608 16 58658 9 58672 7 58704 110 58828 24 58863 17 58914 8 58928 6 58960 110 59083 28 59119 17 59169 9 59183 7 59218 108 59338 29 59375 17 59425 9 59439 7 59475 107 59594 30 59631 17 59680 9 59694 8 59732 106 59849 31 59887 17 59936 9 59948 10 59989 106 60105 31 60142 18 60192 8 60204 11 60246 106 60361 30 60397 19 60449 6 60459 11 60502 107 60617 30 60652 20 60705 5 60715 11 60758 107 60873 30 60907 21 60961 4 60971 11 61013 108 61129 55 61227 11 61264 112 61384 56 61483 11 61505 4 61519 112 61639 57 61739 11 61760 7 61774 112 61894 58 61995 11 62015 9 62030 111 62148 60 62251 11 62270 11 62286 110 62403 28 62435 29 62507 14 62525 12 62542 109 62659 28 62693 27 62763 30 62798 109 62914 29 62950 26 63020 29 63053 110 63170 30 63206 26 63276 30 63309 109 63426 30 63462 26 63533 29 63565 108 63682 30 63717 27 63790 28 63821 7 63829 99 63937 31 63973 27 64046 28 64077 6 64086 97 64193 31 64228 28 64302 28 64333 6 64342 95 64449 32 64482 30 64559 27 64589 6 64599 93 64697 1 64705 63 64816 5 64831 11 64845 7 64855 92 64951 5 64960 64 65072 2 65088 10 65102 6 65111 90 65206 7 65216 64 65345 8 65358 6 65365 88 65462 74
863933,111 145 366 146 622 146 879 145 1134 146 1389 147 1640 1 1644 148 1890 4 1895 153 2132 7 2142 162 2388 172 2640 1 2643 173 2900 172 3154 1 3157 171 3410 2 3413 171 3666 2 3669 171 3921 175 4176 176 4430 178 4684 180 4941 179 5194 1 5197 179 5449 183 5704 184 5957 187 6213 187 6469 187 6725 187 6981 187 7237 187 7493 187 7749 187 8004 188 8259 189 8514 190 8770 190 9025 191 9280 192 9528 1 9535 193 9784 3 9790 194 10040 2 10047 193 10307 189 10562 190 10818 190 11074 190 11330 190 11586 190 11842 190 12097 191 12351 193 12606 2 12609 191 12862 2 12866 190 13118 194 13375 3 13379 189 13635 189 13892 188 14150 4 14155 181 14419 173 14675 173 14931 173 15187 173 15442 174 15698 174 15953 175 16210 174 16471 169 16728 168 16984 168 17243 165 17500 5 17508 156 17756 5 17765 155 18021 155 18276 156 18532 156 18788 156 19043 152 19299 150 19554 151 19709 1 19810 151 20066 150 20322 146 20471 1 20577 80 20658 65 20727 1 20833 146 20983 1 21089 142 21232 3 21236 3 21344 152 21600 77 21680 72 21856 77 21936 72 22111 78 22190 7 22198 66 22367 82 22455 65 22623 82 22711 67 22879 81 22968 67 23036 2 23134 82 23225 70 23390 81 23482 68 23646 81 23735 1 23738 68 23902 82 23991 71 24158 6 24165 75 24243 1 24246 71 24417 3 24421 75 24503 71 24674 1 24677 76 24759 71 24934 2 24937 73 25014 71 25190 1 25196 109 25308 33 25453 143 25709 142 25964 143 26220 146 26476 147 26624 1 26731 149 26984 152 27239 153 27495 153 27649 4 27751 153 27905 5 28007 160 28264 160 28520 168 28775 170 29030 172 29286 173 29541 176 29797 177 30053 179 30301 1 30309 179 30554 4 30565 179 30810 4 30821 179 31066 3 31077 180 31330 2 31333 180 31589 180 31834 1 31845 180 32040 1 32089 2 32101 181 32294 6 32342 2 32345 2 32357 181 32549 9 32598 2 32612 182 32804 11 32868 183 33055 17 33125 205 33383 3 33387 199 33644 199 33868 3 33900 199 34125 2 34156 201 34412 201 34668 202 34922 2 34925 202 35178 206 35414 1 35434 181 35618 24 35690 180 35874 25 35917 4 35938 187 36131 25 36170 11 36194 187 36387 25 36425 13 36450 8 36459 178 36643 24 36681 13 36706 6 36715 178 36898 25 36936 13 36962 2 36965 2 36972 177 37154 24 37192 12 37228 174 37403 2 37409 23 37448 11 37483 174 37664 17 37683 4 37707 7 37737 176 37919 16 37939 4 37964 4 37991 178 38175 16 38196 3 38220 3 38246 154 38403 22 38431 16 38451 4 38476 2 38501 155 38660 21 38686 8 38696 9 38707 4 38731 3 38757 155 38918 18 38941 2 38953 9 38964 4 38986 4 39011 157 39176 17 39210 8 39220 5 39242 4 39250 1 39264 160 39433 17 39466 8 39476 6 39500 1 39505 2 39520 160 39690 15 39722 7 39733 7 39756 1 39761 2 39776 52 39830 106 39950 10 39978 6 39989 7 40012 1 40017 2 40032 51 40087 105 40207 6 40234 4 40245 8 40272 3 40287 51 40344 104 40463 4 40490 3 40501 8 40513 4 40528 2 40531 2 40544 50 40601 103 40756 9 40770 2 40773 2 40784 2 40788 1 40800 2 40803 46 40857 103 41012 8 41040 1 41060 45 41113 103 41268 7 41317 43 41368 104 41524 7 41573 43 41624 104 41781 6 41830 42 41879 105 42050 1 42068 1 42086 42 42134 106 42324 1 42342 38 42382 2 42389 107 42598 37 42639 1 42644 108 42854 34 42895 1 42899 109 43109 35 43150 2 43155 109 43364 35 43406 2 43411 109 43602 3 43620 34 43667 109 43857 5 43876 33 43922 110 44109 10 44132 33 44178 110 44365 10 44388 34 44424 2 44434 110 44621 10 44647 31 44679 4 44690 110 44856 1 44877 10 44903 36 44946 110 45112 1 45133 11 45159 29 45189 3 45194 1 45201 111 45368 1 45389 11 45415 29 45445 3 45450 2 45455 113 45645 12 45670 30 45701 123 45901 12 45926 30 45957 123 46156 12 46183 29 46214 122 46410 14 46440 27 46471 121 46666 14 46698 26 46727 121 46921 15 46955 25 46983 121 47176 16 47213 22 47239 121 47430 18 47470 20 47495 121 47685 19 47726 19 47751 121 47940 19 47983 9 47996 2 48000 1 48008 120 48197 17 48216 1 48240 7 48252 2 48264 120 48453 17 48499 3 48508 1 48520 120 48710 17 48756 1 48776 120 48966 17 49032 120 49224 15 49286 4 49291 117 49483 9 49541 5 49548 116 49741 6 49798 122 49999 4 50055 121 50311 121 50498 1 50567 121 50754 5 50823 121 51009 6 51078 122 51265 7 51334 122 51521 7 51590 122 51777 7 51846 122 52031 9 52100 3 52105 119 52283 13 52357 123 52538 14 52616 120 52792 16 52876 116 53041 2 53047 17 53132 5 53142 106 53294 26 53388 4 53399 8 53410 94 53549 27 53644 3 53657 3 53666 94 53804 29 53900 2 53922 94 54060 29 54155 3 54178 94 54316 30 54409 5 54434 94 54571 31 54665 4 54691 93 54826 32 54944 2 54947 93 55081 32 55200 96 55337 31 55457 95 55592 32 55714 94 55844 35 55969 95 56099 35 56225 95 56352 38 56482 94 56604 41 56743 89 56857 43 57000 88 57107 48 57158 3 57256 88 57360 51 57415 3 57512 88 57615 49 57671 3 57768 88 57871 49 57927 3 58024 88 58127 48 58184 1 58280 88 58381 51 58535 89 58637 51 58791 89 58892 49 59046 90 59147 49 59301 91 59403 49 59557 91 59659 49 59813 91 59915 49 60068 92 60171 50 60324 92 60427 46 60578 94 60682 44 60834 94 60938 42 61086 2 61089 95 61193 42 61341 99 61448 40 61489 2 61596 100 61704 38 61851 101 61959 38 62107 101 62214 38 62368 96 62470 37 62624 96 62726 36 62803 4 62878 98 62982 35 63057 5 63134 2 63137 95 63237 34 63313 3 63390 2 63394 94 63493 33 63538 1 63649 95 63749 32 63794 1 63905 95 64006 31 64159 97 64262 31 64330 1 64414 98 64518 30 64568 1 64586 2 64670 98 64774 29 64821 7 64841 4 64925 99 65030 29 65076 10 65090 1 65096 7 65181 99 65286 28 65332 29 65436 100
863998,14049 1 14304 4 14559 6 14814 7 15070 8 15326 9 15583 8 15839 17 16095 18 16351 20 16607 21 16862 21 17118 21 17374 21 17631 19 17888 19 18106 1 18145 18 18336 2 18360 3 18400 19 18589 6 18615 4 18656 20 18844 8 18871 4 18910 22 19099 9 19127 5 19165 23 19353 11 19384 3 19421 25 19607 12 19641 1 19677 20 19698 5 19862 12 19894 4 19900 5 19932 24 20117 13 20149 5 20156 7 20188 23 20218 2 20372 14 20405 5 20412 7 20443 21 20474 2 20628 14 20661 5 20668 6 20699 20 20729 3 20884 13 20918 4 20925 7 20954 19 20975 1 20984 4 21140 12 21174 2 21182 8 21210 17 21231 1 21240 5 21397 10 21441 3 21467 17 21487 1 21496 6 21654 7 21723 14 21738 2 21743 2 21751 8 21911 5 21980 17 21998 2 22007 8 22236 19 22263 7 22492 7 22502 10 22520 7 22748 5 22758 10 22776 7 23005 4 23014 10 23034 4 23262 3 23269 10 23446 3 23521 1 23525 10 23702 4 23777 1 23781 9 23958 5 24035 11 24213 6 24290 12 24469 6 24548 9 24726 5 24805 2 24808 3 24982 4 26233 2 26489 2 26732 1 26745 3 27001 3 27258 2 27502 2 27755 7 28011 7 28267 8 28524 7 28780 7 28837 3 29037 6 29093 2 29294 3 31207 1 31463 2 32971 3 33226 5 33481 7 33736 8 33992 7 34007 2 34247 8 34502 8 34758 8 35014 8 35270 9 35527 11 35784 11 35872 6 36041 10 36128 10 36298 9 36383 10 36395 2 36555 5 36640 9 36651 2 36813 1 36897 5 36908 1 37158 7 37413 9 37590 4 37669 10 37846 5 37925 11 38103 4 38181 11 38361 1 38437 11 38694 10 38951 8 39209 2 40389 4 40644 5 40899 6 41155 6 41411 5 41667 5 41768 3 41922 6 42024 3 42178 5 42435 3 44539 1 44791 4 45040 3 45047 4 45295 6 45302 6 45551 9 45808 8 46065 6 46184 3 46322 5 46440 3 46579 3 46696 3 46951 4 47207 4 47462 4 47718 4 47869 2 47973 5 48124 3 48229 4 48320 3 48381 3 48485 3 48497 4 48575 5 48587 1 48637 3 48742 1 48752 5 48830 7 48842 4 48894 2 49008 5 49085 9 49098 4 49151 1 49253 2 49264 5 49339 11 49354 4 49509 2 49520 6 49586 4 49593 14 49608 2 49611 3 49766 1 49775 7 49841 25 49957 2 50031 7 50096 25 50212 4 50287 7 50352 25 50467 6 50544 7 50608 25 50723 7 50801 6 50864 26 50978 10 51057 6 51120 26 51235 10 51250 6 51314 3 51377 25 51491 22 51634 7 51647 12 51697 2 51748 1 51755 14 51892 1 51905 9 51951 6 51961 1 52011 14 52162 8 52206 8 52217 1 52267 7 52276 4 52421 3 52461 8 52522 6 52693 3 52717 4 52778 4 52913 2 52948 5 52972 5 52988 3 53034 3 53168 5 53203 7 53228 5 53242 6 53425 4 53458 9 53484 6 53498 6 53681 4 53714 9 53740 6 53752 8 53972 7 53997 5 54008 8 54206 2 54216 2 54230 4 54255 1 54264 8 54518 10 54772 12 55027 13 55283 13 55539 13 55795 13 56052 12 56308 12 56562 5 56570 6 56817 6 56827 5 57072 7 57083 5 57328 7 57339 5 57583 10 57596 4 57838 11 57852 4 58088 24 58341 27 58596 28 58851 22 58874 6 59106 30 59362 30 59618 30 59874 30 60130 30 60339 1 60387 29 60589 1 60594 3 60644 28 60843 4 60850 3 60900 28 61098 4 61107 1 61156 28 61354 3 61387 4 61413 27 61606 2 61609 4 61670 26 61861 8 61927 25 62083 5 62117 9 62184 24 62338 6 62373 15 62401 3 62442 22 62594 6 62629 14 62656 5 62672 1 62699 21 62849 8 62885 4 62891 7 62911 7 62926 3 62956 20 63105 8 63151 3 63166 9 63182 3 63212 20 63321 2 63362 8 63420 12 63437 4 63468 20 63576 3 63618 8 63674 14 63693 4 63724 20 63832 3 63875 7 63929 15 63949 3 63980 20 64132 6 64184 19 64204 4 64236 20 64388 6 64440 24 64493 19 64644 6 64695 25 64749 19 64901 6 64951 25 65006 18 65157 6 65207 25 65262 18 65413 7 65464 24 65519 17
867180,8861 2 9116 4 9372 4 9628 4 9884 4 10140 4 10397 4 10654 2 13370 1 13626 2 13882 3 14138 2 14394 2 14397 3 14416 1 14650 5 14906 5 14930 1 15163 5 15420 5 15676 4 15898 3 15932 3 15944 1 16154 4 16188 3 16199 4 16410 4 16444 1 16454 5 16666 4 16699 2 16921 6 16955 2 17159 3 17178 4 17210 2 17414 7 17434 2 17465 3 17670 8 17691 2 17720 4 17925 10 17947 2 17976 3 18016 1 18075 1 18181 10 18233 3 18272 3 18331 4 18437 10 18489 4 18529 4 18587 6 18693 10 18746 1 18786 1 18844 4 18946 13 18987 2 19100 3 19108 1 19204 10 19228 5 19239 7 19259 2 19460 10 19483 19 19515 2 19717 8 19739 20 19772 1 19780 5 19973 7 19995 20 20030 11 20229 6 20251 19 20285 5 20291 4 20486 3 20507 18 20538 8 20588 1 20739 3 20763 18 20793 9 20820 3 20843 3 20994 4 21018 19 21047 11 21074 5 21099 4 21250 4 21272 20 21303 11 21330 5 21354 6 21505 5 21513 2 21527 21 21559 12 21584 7 21610 8 21719 1 21761 5 21782 22 21815 12 21841 7 21869 4 22017 5 22037 24 22068 1 22072 11 22097 7 22126 3 22272 5 22293 23 22323 9 22335 4 22353 7 22488 2 22528 5 22549 23 22577 10 22592 1 22610 6 22741 1 22744 2 22784 4 22804 6 22813 14 22832 11 22867 4 22997 5 23040 4 23059 7 23069 14 23087 12 23123 4 23253 6 23273 1 23292 2 23296 3 23318 4 23325 6 23333 5 23344 10 23510 2 23521 6 23528 4 23549 1 23553 2 23567 2 23577 6 23590 4 23601 9 23766 2 23773 16 23801 1 23805 1 23809 2 23834 4 23846 6 23858 8 24021 4 24029 16 24056 6 24090 3 24102 9 24116 1 24119 5 24276 26 24311 7 24347 3 24359 7 24374 6 24453 2 24531 8 24540 18 24567 7 24603 3 24612 1 24630 6 24640 1 24707 6 24787 5 24796 22 24822 9 24858 5 24867 5 24877 3 24886 10 24959 13 25043 6 25052 23 25078 8 25088 1 25104 2 25113 15 25133 3 25142 10 25214 18 25239 2 25300 5 25309 22 25334 6 25356 1 25369 16 25388 4 25398 11 25470 18 25495 1 25555 7 25564 33 25611 3 25624 22 25654 8 25663 2 25726 18 25811 43 25867 3 25880 23 25909 9 25982 18 26068 41 26119 7 26137 8 26148 13 26163 11 26238 18 26324 9 26336 28 26374 8 26394 7 26405 4 26411 18 26495 17 26518 3 26580 39 26629 9 26651 6 26662 2 26668 17 26753 15 26773 6 26836 37 26885 9 26907 5 26925 16 27013 10 27028 7 27092 37 27131 3 27141 9 27162 5 27181 13 27211 2 27271 8 27284 7 27312 4 27347 37 27386 4 27397 10 27429 2 27437 12 27465 5 27505 4 27527 7 27539 8 27567 5 27602 38 27642 5 27654 9 27670 1 27683 4 27691 13 27720 6 27755 12 27783 5 27794 6 27816 2 27822 5 27840 4 27855 30 27886 8 27898 5 27910 8 27925 2 27938 22 27975 8 28012 12 28037 7 28051 5 28072 3 28078 3 28095 5 28111 41 28154 6 28167 6 28180 4 28185 1 28194 22 28230 10 28268 12 28292 9 28328 3 28350 6 28367 23 28394 22 28423 3 28436 6 28449 23 28486 11 28524 12 28549 8 28583 3 28606 2 28622 25 28651 10 28662 10 28679 1 28694 4 28705 24 28742 11 28779 14 28805 8 28839 3 28869 1 28877 27 28908 8 28918 5 28924 4 28951 2 28960 24 28997 12 29035 14 29062 7 29094 4 29125 1 29133 27 29163 6 29170 3 29174 4 29180 4 29215 25 29253 12 29291 16 29318 6 29327 4 29348 6 29380 1 29389 27 29419 5 29426 3 29430 2 29436 4 29470 25 29509 13 29547 16 29575 15 29603 6 29634 3 29645 11 29658 15 29674 7 29682 4 29692 4 29725 24 29765 14 29804 7 29815 4 29834 13 29856 8 29881 3 29890 4 29900 2 29904 6 29914 28 29949 2 29981 24 30020 15 30060 7 30073 2 30090 14 30113 8 30136 5 30146 11 30161 4 30170 27 30205 1 30212 3 30239 21 30276 17 30315 8 30330 1 30340 1 30346 16 30370 9 30382 4 30391 8 30402 10 30418 2 30426 26 30468 3 30494 21 30531 18 30572 4 30584 4 30594 4 30602 16 30625 44 30682 26 30747 23 30786 21 30829 2 30839 7 30849 5 30858 16 30880 45 30938 23 30988 4 31001 24 31040 25 31095 7 31104 6 31114 68 31195 23 31236 1 31241 8 31251 2 31255 26 31295 14 31311 11 31338 1 31348 17 31370 69 31451 24 31491 14 31511 25 31552 13 31568 10 31594 1 31604 20 31625 71 31707 23 31747 13 31767 24 31809 11 31824 11 31859 94 31963 22 32004 12 32023 24 32064 12 32080 10 32115 54 32170 39 32219 21 32262 10 32280 3 32285 17 32320 12 32337 9 32371 8 32382 42 32427 39 32476 20 32519 9 32538 20 32576 13 32593 9 32620 1 32627 8 32638 40 32683 39 32731 22 32765 2 32776 8 32794 20 32832 13 32849 11 32862 1 32882 8 32894 20 32916 17 32939 39 32987 23 33020 4 33031 9 33050 19 33088 14 33105 10 33136 11 33150 16 33172 15 33195 39 33242 25 33276 4 33287 8 33305 19 33343 15 33361 9 33388 2 33391 13 33409 10 33428 14 33452 34 33496 28 33531 5 33543 8 33560 20 33598 27 33644 1 33647 17 33665 10 33684 14 33708 32 33752 29 33787 5 33798 4 33803 5 33812 1 33815 20 33854 27 33904 27 33940 14 33964 31 34006 31 34043 5 34054 3 34067 19 34087 3 34109 28 34150 6 34160 27 34195 11 34219 29 34262 31 34299 5 34311 2 34321 21 34343 2 34363 30 34398 1 34405 7 34416 28 34448 13 34473 29 34517 32 34555 5 34577 24 34618 31 34653 3 34659 9 34672 28 34702 15 34729 28 34774 30 34811 5 34833 25 34859 2 34873 22 34897 9 34908 15 34928 28 34958 14 34985 25 35032 27 35067 5 35082 1 35085 2 35089 26 35129 22 35153 9 35163 16 35182 30 35214 14 35241 23 35289 26 35323 5 35337 2 35341 3 35346 25 35383 23 35409 8 35419 3 35423 13 35437 31 35470 14 35496 19 35545 25 35578 6 35594 6 35602 25 35639 23 35665 7 35675 17 35693 31 35726 14 35752 18 35803 23 35834 6 35851 6 35858 25 35895 23 35919 9 35932 48 35983 14 36007 18 36059 22 36089 7 36107 3 36114 25 36151 23 36175 9 36189 64 36264 17 36315 23 36343 9 36364 1 36369 25 36408 21 36431 8 36446 63 36522 11 36571 26 36598 10 36625 15 36641 8 36664 22 36687 8 36702 10 36713 52 36781 5 36827 36 36881 14 36897 8 36921 7 36931 19 36958 62 37039 3 37083 36 37137 13 37154 7 37177 7 37189 17 37213 7 37221 3 37226 50 37341 34 37393 13 37411 6 37434 6 37445 16 37467 5 37478 2 37484 34 37520 14 37546 2 37597 35 37640 1 37650 11 37667 6 37690 7 37701 15 37725 2 37734 2 37740 10 37753 21 37776 15 37802 2 37806 1 37853 35 37894 4 37907 3 37912 5 37924 5 37946 8 37956 15 37990 1 37997 9 38010 18 38032 16 38059 5 38109 3 38118 26 38149 5 38164 1 38168 5 38180 6 38202 8 38211 16 38246 2 38252 10 38267 16 38289 20 38316 5 38374 26 38404 6 38425 3 38436 6 38457 25 38496 1 38501 17 38524 13 38546 18 38572 5 38630 26 38660 6 38692 7 38713 25 38751 3 38756 17 38779 14 38802 18 38826 8 38886 25 38916 6 38945 10 38968 13 38986 7 39007 22 39034 12 39059 17 39081 10 39142 24 39173 5 39201 10 39224 13 39242 5 39264 22 39289 13 39315 16 39337 11 39395 1 39398 24 39429 4 39457 9 39479 11 39497 2 39523 19 39544 13 39570 12 39584 2 39592 8 39603 2 39647 32 39685 4 39713 3 39717 5 39732 13 39778 36 39828 9 39848 8 39902 33 39942 4 39969 2 39976 1 39984 17 40033 6 40044 27 40086 7 40102 8 40158 33 40199 2 40240 17 40289 5 40301 10 40314 13 40358 8 40414 11 40427 21 40456 1 40497 17 40546 3 40556 5 40564 2 40572 12 40612 11 40670 9 40684 20 40705 2 40741 5 40754 20 40803 2 40814 3 40820 2 40829 12 40868 10 40926 9 40940 20 40961 3 40994 9 41010 22 41054 4 41072 6 41084 13 41104 3 41123 11 41183 6 41195 21 41217 3 41249 10 41267 23 41311 2 41328 6 41340 14 41377 9 41451 21 41475 1 41505 11 41523 23 41585 5 41595 15 41631 9 41703 25 41760 13 41781 21 41841 4 41851 15 41887 9 41959 26 41987 1 42015 15 42037 21 42096 6 42109 13 42124 1 42142 10 42214 27 42243 1 42271 15 42293 21 42350 7 42366 11 42396 12 42470 16 42492 4 42527 15 42549 22 42605 8 42622 11 42650 4 42655 8 42725 6 42732 9 42749 6 42782 16 42805 22 42861 7 42878 10 42906 13 42981 6 42989 7 43007 5 43038 16 43061 22 43117 8 43134 10 43162 14 43238 4 43248 3 43264 4 43294 16 43317 22 43370 11 43389 11 43421 11 43495 2 43520 3 43549 17 43574 20 43625 13 43645 12 43682 6 43750 4 43776 1 43805 17 43830 19 43880 14 43901 12 43939 3 44005 5 44061 17 44085 19 44127 2 44136 15 44156 13 44261 4 44271 1 44317 17 44341 18 44380 2 44383 2 44392 16 44411 14 44517 4 44526 4 44573 16 44597 17 44636 1 44647 34 44781 5 44828 17 44852 15 44903 35 45038 4 45080 21 45108 11 45159 35 45214 2 45294 2 45335 23 45363 9 45415 35 45454 1 45470 2 45550 2 45577 3 45588 27 45619 8 45671 41 45802 6 45832 4 45842 30 45874 8 45927 41 46057 7 46087 5 46095 40 46184 40 46237 3 46311 9 46343 5 46351 38 46440 40 46493 3 46567 9 46600 3 46607 36 46697 39 46750 3 46826 6 46856 3 46862 36 46930 1 46953 38 47006 3 47083 4 47112 19 47134 19 47186 3 47200 1 47209 39 47338 8 47368 1 47370 17 47390 18 47442 3 47456 1 47463 37 47502 2 47594 9 47626 16 47645 19 47694 8 47719 5 47725 27 47753 3 47758 1 47850 9 47883 14 47901 18 47949 9 47966 1 47970 1 47975 5 47981 27 48010 2 48106 9 48139 36 48205 10 48218 10 48231 33 48266 2 48362 9 48396 35 48460 12 48473 11 48486 34 48523 3 48618 9 48652 34 48716 16 48733 9 48743 33 48780 2 48874 9 48909 12 48924 18 48972 15 48991 7 48999 33 49036 2 49130 10 49165 3 49169 4 49174 3 49185 12 49232 8 49249 5 49255 35 49291 3 49337 5 49369 1 49388 7 49427 2 49431 2 49442 9 49490 5 49507 3 49511 11 49523 31 49593 5 49625 1 49645 1 49648 3 49687 1 49701 5 49744 7 49763 3 49767 11 49779 32 49848 6 49881 1 49884 2 49889 1 49998 4 50016 1 50019 15 50035 32 50103 7 50140 2 50145 3 50149 4 50206 1 50272 2 50275 15 50291 29 50358 8 50402 8 50412 4 50462 1 50482 6 50529 1 50531 13 50547 15 50563 12 50613 9 50658 8 50668 4 50683 1 50738 5 50787 12 50804 1 50813 4 50819 12 50868 10 50915 7 50924 3 50939 2 50993 6 51044 11 51070 2 51076 12 51124 9 51172 5 51181 1 51195 5 51228 1 51249 6 51300 10 51331 14 51380 9 51428 6 51451 2 51483 2 51505 6 51556 2 51559 6 51587 15 51636 8 51684 6 51707 1 51717 4 51762 4 51816 5 51844 12 51891 9 51940 6 51963 2 51966 2 51973 5 52073 6 52101 7 52147 9 52195 7 52219 5 52228 4 52328 8 52358 1 52404 7 52451 6 52474 6 52481 6 52495 2 52584 9 52660 7 52708 5 52730 16 52751 2 52812 3 52840 10 52917 6 52964 5 52986 16 53007 2 53068 4 53096 10 53173 5 53220 5 53243 13 53261 4 53289 5 53324 4 53353 9 53431 2 53476 4 53501 1 53504 7 53517 4 53544 7 53558 1 53580 5 53610 8 53731 5 53760 8 53772 5 53800 7 53812 3 53836 7 53865 9 53875 6 54016 8 54028 5 54055 17 54073 2 54092 8 54114 4 54119 19 54272 7 54284 5 54311 20 54348 8 54369 26 54400 5 54407 2 54528 7 54567 21 54604 8 54624 42 54784 8 54810 3 54822 23 54860 9 54880 42 55040 8 55065 4 55077 24 55116 10 55135 39 55175 3 55240 3 55296 8 55316 10 55331 24 55372 10 55391 42 55475 4 55496 6 55552 8 55568 15 55585 24 55629 9 55647 40 55730 5 55751 8 55760 3 55808 9 55823 41 55886 8 55904 29 55938 4 55985 5 56006 14 56064 9 56077 42 56142 8 56161 15 56177 10 56194 3 56241 4 56261 15 56320 54 56397 8 56417 15 56434 8 56517 15 56576 53 56653 8 56673 11 56685 3 56694 3 56772 16 56832 54 56909 6 56929 10 56942 2 56950 2 57028 16 57088 46 57135 7 57164 6 57178 2 57183 12 57198 2 57285 15 57344 46 57395 2 57419 7 57433 3 57438 12 57454 2 57542 14 57600 45 57674 12 57687 19 57710 2 57716 4 57798 13 57856 44 57929 11 57941 26 57971 7 58054 12 58112 44 58162 1 58168 1 58185 11 58197 13 58213 10 58226 8 58310 11 58368 44 58416 3 58423 8 58441 11 58453 13 58469 10 58481 10 58567 10 58624 33 58659 9 58671 17 58697 25 58726 8 58737 12 58823 10 58880 32 58913 32 58952 26 58982 8 58994 14 59080 9 59127 1 59136 32 59169 35 59205 29 59237 9 59250 15 59337 8 59381 3 59392 98 59493 8 59508 12 59594 7 59637 3 59648 99 59749 8 59765 3 59769 7 59852 4 59893 3 59904 108 60021 3 60025 8 60108 4 60149 2 60160 17 60179 88 60278 1 60282 7 60365 3 60405 1 60416 16 60435 88 60538 4 60543 2 60672 16 60690 46 60738 41 60928 15 60946 86 61184 15 61202 86 61440 14 61457 87 61564 2 61568 1 61696 13 61713 9 61729 70 61819 6 61915 2 61952 12 61971 7 61986 69 62076 4 62208 12 62233 1 62244 20 62266 44 62332 4 62460 3 62465 11 62489 1 62503 16 62522 44 62589 2 62716 3 62722 11 62745 1 62760 14 62778 4 62783 11 62797 26 62972 3 62979 9 62995 4 63016 13 63035 14 63053 26 63228 2 63235 9 63248 8 63272 10 63294 11 63308 24 63340 1 63483 1 63490 10 63504 7 63527 9 63537 3 63550 10 63564 26 63596 2 63744 13 63761 6 63783 7 63793 4 63806 10 63819 21 63841 5 63847 8 64000 14 64017 7 64040 1 64047 6 64062 47 64256 15 64273 8 64302 7 64318 26 64345 18 64512 6 64519 19 64559 6 64575 24 64602 19 64768 6 64776 19 64817 2 64832 21 64859 13 64873 5 65024 27 65073 5 65089 20 65114 20 65158 3 65280 3 65286 22 65329 6 65346 18 65370 20 65398 2 65401 3 65413 5
874368,920 4 1175 5 1429 7 1684 9 1939 11 2196 10 2452 10 2709 8 4705 3 4960 4 5216 5 5464 3 5471 6 5711 2 5720 4 5726 7 5965 6 5981 8 6221 6 6235 9 6477 6 6488 12 6733 5 6743 13 6998 15 7254 15 7510 16 7766 16 8021 16 8275 10 8530 11 8785 11 9041 11 9298 9 9556 7 9713 1 9813 5 9967 3 10141 3 10223 4 10397 5 10478 6 10651 9 10734 6 10906 11 10989 8 11160 14 11245 8 11415 16 11500 9 11670 18 11754 10 11925 20 12009 11 12180 20 12265 10 12436 20 12520 10 12692 19 12764 3 12776 10 12947 18 13018 7 13032 9 13203 17 13274 8 13288 9 13457 18 13530 8 13544 8 13709 22 13786 8 13800 8 13964 23 14042 8 14057 6 14152 1 14220 22 14262 2 14299 7 14315 1 14397 3 14408 3 14476 21 14517 3 14555 6 14653 3 14663 8 14731 16 14813 2 14908 4 14919 9 14987 15 15163 5 15175 11 15243 15 15419 5 15431 12 15499 14 15676 3 15687 12 15755 14 15820 2 15830 2 15943 12 16012 12 16072 7 16085 3 16193 5 16199 12 16269 11 16323 12 16438 1 16449 17 16528 7 16578 13 16691 7 16705 16 16786 3 16833 14 16947 8 16961 16 17088 14 17203 7 17217 7 17227 4 17344 13 17459 6 17473 6 17600 12 17718 1 17731 3 17857 8 18114 4 20509 4 20764 7 21018 15 21273 18 21529 18 21785 18 22041 18 22297 18 22370 2 22553 10 22566 5 22601 5 22624 7 22810 9 22823 4 22855 8 22879 10 23066 8 23080 2 23110 9 23135 11 23323 7 23366 9 23390 12 23580 5 23620 11 23644 14 23837 4 23876 11 23901 14 24131 11 24153 2 24157 14 24386 10 24415 12 24642 9 24672 10 24898 7 24928 10 25153 7 25185 8 25409 7 25441 7 25666 6 25697 5 25921 7 25953 5 26177 8 26206 8 26434 7 26466 4 26691 6 26702 1 26723 3 26950 4 26957 2 26979 3 27208 7 27235 3 27463 7 27719 7 27975 7 28230 8 28486 8 28742 8 28758 1 28999 8 29014 1 29255 9 29270 3 29332 4 29512 8 29526 4 29588 5 29770 6 29780 7 29843 7 30026 17 30099 7 30282 10 30293 6 30355 4 30363 4 30469 4 30537 11 30549 4 30619 5 30724 6 30793 11 30875 6 30977 9 31048 12 31132 5 31232 11 31303 14 31388 6 31488 11 31559 13 31645 3 31744 10 31815 5 31823 4 32000 10 32071 5 32256 9 32327 4 32512 8 32583 4 32768 8 32839 4 33024 7 33280 6 33536 5 33792 4 34048 3 34304 3 34560 1 34894 3 35149 6 35404 7 35501 5 35661 7 35756 7 35917 7 36010 10 36174 8 36265 11 36430 9 36520 11 36686 9 36709 2 36776 9 36943 9 36964 5 37032 8 37200 8 37220 6 37288 8 37460 2 37476 6 37544 4 37550 1 37800 3 38056 5 38313 2 40280 1 40535 2 40791 2 41356 4 41610 6 41836 2 41865 8 42092 2 42120 9 42347 5 42375 10 42602 8 42630 11 42857 9 42886 11 43076 2 43112 10 43142 10 43332 2 43368 9 43390 3 43398 10 43625 7 43646 3 43655 8 43881 6 43902 3 43912 7 44168 7 44426 5 44684 3 45446 1 45701 3 45957 4 46213 4 46250 2 46470 4 46504 6 46727 3 46758 9 46984 1 47013 12 47268 15 47462 1 47523 17 47716 5 47779 19 47970 7 48002 1 48025 1 48035 20 48225 7 48280 3 48290 21 48481 7 48536 4 48546 20 48737 6 48792 5 48802 19 48994 4 49048 6 49058 18 49305 5 49315 18 49562 4 49571 20 49819 3 49828 20 50086 21 50292 3 50342 10 50355 10 50548 3 50594 1 50599 7 50611 10 50849 12 50867 9 51104 10 51125 7 51340 3 51355 3 51360 9 51381 6 51595 5 51611 4 51616 9 51637 6 51851 5 51868 15 51893 5 52106 6 52126 15 52149 5 52362 5 52382 17 52406 4 52618 5 52639 18 52662 3 52876 1 52896 17 53152 17 53402 1 53410 2 53415 9 53656 4 53673 7 53911 5 53930 6 54146 5 54167 5 54187 5 54401 8 54423 5 54443 5 54656 10 54680 4 54700 3 54911 13 54955 4 55166 15 55211 3 55227 2 55422 16 55457 3 55466 4 55677 17 55712 6 55722 4 55933 17 55968 6 55979 2 56088 1 56189 18 56224 6 56264 1 56287 2 56446 17 56480 6 56519 3 56703 16 56736 5 56775 3 56963 12 56992 4 57031 3 57113 1 57220 10 57243 3 57248 4 57288 2 57293 3 57367 2 57476 9 57498 4 57504 3 57545 1 57548 5 57622 3 57732 9 57754 9 57782 1 57803 7 57877 4 57989 7 58009 10 58059 8 58132 5 58246 2 58265 10 58315 8 58388 4 58521 9 58571 7 58776 8 58827 6 59032 4 59083 4 59095 1 59288 3 59350 3 59606 4 59862 4 60119 3 60268 3 60375 2 60523 6 60627 2 60779 7 60881 5 61035 7 61136 6 61291 8 61392 7 61546 8 61648 6 61802 8 61903 7 62057 10 62159 7 62313 10 62415 6 62569 10 62770 3 62824 12 62955 1 63079 13 63210 4 63334 14 63466 5 63589 14 63659 2 63722 4 63810 2 63844 15 63914 4 63977 5 64036 1 64066 3 64100 11 64169 5 64235 2 64292 3 64321 4 64356 10 64425 5 64548 3 64562 1 64576 6 64612 9 64676 9 64804 4 64818 2 64829 9 64868 9 64921 3 64930 11 65061 2 65074 3 65084 9 65124 9 65177 2 65186 11 65317 2 65329 7 65339 8 65380 9 65441 12
877548,0 65536
890795,0 14592 14593 255 14849 255 15105 255 15361 255 15617 255 15874 254 16130 254 16385 255 16641 255 16897 255 17153 8720 25879 250 26137 247 26393 247 26649 246 26905 244 27162 241 27418 239 27675 237 27931 237 28188 235 28445 234 28702 232 28958 231 29214 231 29470 230 29726 229 29982 227 30238 226 30493 227 30736 7 30748 228 30991 241 31247 59 31307 181 31502 59 31567 177 31757 59 31825 175 32012 60 32082 174 32268 59 32338 99 32442 70 32523 60 32595 95 32700 68 32779 59 32851 95 32960 64 33035 58 33107 96 33218 62 33291 54 33348 1 33364 96 33476 60 33547 53 33620 96 33734 58 33802 54 33876 97 33992 56 34058 54 34132 98 34249 53 34316 53 34388 99 34505 51 34566 3 34573 52 34644 99 34761 19 34782 29 34820 6 34829 53 34900 100 35018 16 35038 29 35076 63 35156 100 35278 7 35294 29 35331 64 35400 6 35411 100 35550 30 35585 66 35655 8 35666 100 35805 31 35840 67 35910 111 36061 31 36096 67 36165 112 36316 33 36352 67 36421 112 36571 34 36608 68 36677 113 36826 37 36864 183 37081 223 37336 40 37377 184 37591 41 37633 184 37846 42 37889 184 38102 42 38145 184 38357 228 38612 228 38855 1 38866 222 39093 1 39110 3 39121 220 39365 5 39376 219 39620 9 39630 50 39681 170 39874 62 39937 43 39983 123 40127 65 40193 43 40239 123 40382 66 40449 45 40495 122 40637 235 40893 234 41139 5 41149 95 41247 135 41392 8 41404 90 41504 132 41647 10 41660 88 41761 130 41902 11 41914 89 42017 130 42157 101 42273 130 42412 102 42530 129 42667 102 42786 129 42922 100 43042 129 43177 101 43298 129 43432 102 43553 130 43687 104 43808 131 43943 104 44064 130 44199 104 44320 130 44455 104 44576 129 44712 102 44832 125 44968 101 45088 123 45224 101 45345 121 45481 100 45601 114 45738 98 45857 53 45911 59 45994 97 46114 50 46168 57 46250 95 46371 3 46375 44 46425 55 46506 93 46631 33 46668 7 46683 47 46732 4 46762 93 46888 32 46939 45 47018 93 47144 31 47196 43 47275 93 47400 32 47452 8 47465 29 47531 94 47656 32 47710 3 47723 27 47787 95 47911 34 47978 28 48042 97 48165 36 48233 3 48239 23 48298 98 48420 37 48488 4 48495 22 48553 99 48674 38 48744 3 48751 20 48803 105 48929 39 49000 20 49058 106 49184 40 49256 18 49314 106 49440 9 49452 17 49472 8 49512 17 49570 105 49696 9 49708 17 49730 9 49767 17 49813 2 49826 106 49935 5 49951 9 49964 18 49987 9 50023 16 50068 4 50082 115 50207 8 50221 19 50242 12 50279 11 50324 4 50339 115 50463 8 50477 33 50535 10 50580 4 50595 115 50719 8 50734 33 50792 9 50836 3 50850 116 50975 8 50990 34 51048 8 51092 2 51104 118 51231 9 51248 32 51304 7 51359 118 51488 10 51507 29 51561 5 51614 119 51744 11 51764 28 51818 3 51870 119 52000 14 52021 26 52126 119 52256 14 52275 28 52381 120 52512 14 52531 28 52637 120 52768 13 52787 28 52893 120 53024 13 53044 6 53053 18 53149 120 53277 16 53301 6 53310 3 53315 12 53406 118 53528 22 53558 5 53572 11 53662 118 53784 7 53795 11 53814 6 53829 10 53918 118 54040 5 54052 11 54070 7 54085 9 54174 106 54283 9 54296 5 54308 11 54323 2 54327 7 54430 106 54540 8 54553 4 54565 11 54577 4 54583 8 54686 105 54797 6 54809 4 54821 12 54835 2 54839 8 54916 2 54942 105 55054 4 55066 3 55079 10 55091 12 55171 6 55197 105 55326 3 55335 24 55427 8 55450 107 55575 3 55581 6 55592 23 55683 9 55705 108 55830 13 55848 24 55941 8 55961 107 56085 14 56104 25 56197 9 56217 107 56340 14 56361 25 56454 9 56474 106 56595 15 56618 25 56710 10 56730 106 56839 7 56851 13 56875 24 56966 11 56986 117 57107 12 57131 24 57222 11 57242 119 57363 12 57388 23 57478 12 57497 134 57644 22 57733 13 57752 123 57901 13 57918 3 57969 4 57988 15 58008 123 58158 11 58224 6 58242 17 58263 123 58414 14 58479 8 58496 145 58670 15 58735 9 58750 147 58926 15 58991 161 59182 15 59246 160 59443 10 59500 160 59699 10 59755 161 59948 1 59955 11 60010 150 60161 11 60192 4 60203 3 60211 11 60265 151 60417 10 60447 5 60467 12 60521 162 60688 2 60702 5 60722 13 60774 164 60958 3 60978 15 61018 5 61028 165 61212 4 61233 16 61274 176 61468 2 61489 16 61529 177 61724 1 61745 15 61784 179 62001 9 62012 3 62038 181 62230 1 62258 7 62291 185 62486 1 62512 8 62547 185 62767 8 62803 186 62998 1 63023 8 63059 186 63253 3 63279 8 63315 187 63509 1 63535 9 63570 190 63763 3 63791 9 63823 198 64046 9 64078 198 64292 1 64302 9 64333 200 64560 5 64589 200 64817 3 64844 202 65100 202 65316 1 65320 4 65356 179
891930,88 3 102 1 107 56 205 28 246 2 252 4 344 3 363 56 461 27 503 1 510 2 600 4 617 59 717 26 767 1 855 6 874 61 972 26 1111 7 1130 63 1196 5 1228 23 1256 4 1367 7 1387 72 1490 16 1510 7 1531 5 1623 7 1644 73 1747 15 1765 8 1775 1 1786 6 1879 7 1900 74 2003 15 2020 9 2030 3 2042 6 2135 7 2156 75 2260 34 2298 6 2392 5 2413 75 2518 34 2554 6 2648 4 2668 77 2776 40 2903 5 2913 2 2923 77 3032 40 3158 6 3167 5 3176 80 3272 1 3289 39 3413 16 3432 80 3519 4 3526 4 3544 40 3669 16 3690 78 3774 12 3800 40 3926 15 3948 75 4030 13 4055 41 4183 14 4204 74 4285 16 4310 42 4439 15 4460 75 4542 18 4564 44 4696 14 4716 56 4775 16 4793 71 4952 14 4972 56 5032 14 5049 71 5209 12 5227 56 5289 13 5304 72 5483 55 5546 86 5738 56 5803 85 5995 55 6059 85 6251 55 6315 85 6509 53 6572 84 6766 52 6827 85 7021 53 7081 87 7277 53 7336 88 7533 53 7591 89 7791 52 7846 90 8047 145 8303 145 8559 145 8816 144 9072 144 9331 141 9587 141 9844 140 10078 1 10101 139 10334 2 10357 139 10590 1 10612 140 10867 141 11122 142 11377 143 11634 142 11891 141 12139 149 12394 150 12650 150 12907 149 13164 148 13423 145 13686 4 13691 133 13949 131 14206 130 14463 129 14711 5 14717 131 14966 138 15222 138 15478 138 15733 139 15986 142 16241 143 16497 143 16750 146 17005 147 17261 147 17517 147 17772 148 18028 148 18283 149 18538 150 18794 150 19049 151 19303 153 19558 154 19814 154 20069 155 20325 155 20581 155 20838 154 21094 154 21350 154 21607 153 21863 153 22119 153 22375 153 22632 152 22888 152 23144 152 23400 152 23657 151 23913 151 24169 151 24425 151 24682 150 24938 150 25194 150 25451 149 25707 149 25963 149 26220 148 26476 148 26732 130 26866 14 26989 128 27122 14 27245 127 27377 15 27501 129 27633 15 27757 130 27888 16 28014 146 28270 146 28526 146 28783 145 29039 145 29296 123 29422 18 29552 121 29679 17 29808 120 29936 16 30065 119 30191 17 30322 118 30447 17 30578 118 30701 19 30834 117 30955 21 31090 117 31210 22 31346 142 31602 142 31858 119 31978 22 32115 117 32235 21 32371 117 32491 21 32628 116 32746 22 32884 140 33141 139 33398 138 33654 122 33778 14 33910 122 34035 13 34166 122 34290 14 34423 1 34425 119 34546 14 34681 135 34937 135 35193 135 35449 1 35452 132 35712 128 35971 125 36230 122 36489 119 36747 117 37004 116 37261 115 37522 110 37779 109 38035 109 38292 108 38550 106 38806 106 39062 106 39313 111 39566 114 39821 115 40077 115 40332 116 40586 118 40841 119 41097 119 41352 120 41608 120 41865 119 42121 119 42377 119 42628 1 42634 118 42884 1 42890 118 43147 117 43403 117 43659 117 43915 117 44171 117 44424 120 44679 121 44935 121 45189 123 45445 123 45701 123 45957 123 46213 123 46469 123 46725 123 46981 123 47238 122 47494 122 47750 122 48006 122 48262 122 48519 121 48775 121 49031 121 49287 121 49543 121 49800 120 50056 120 50312 115 50428 4 50569 113 50825 112 51082 110 51338 91 51434 10 51594 90 51691 2 51850 89 52107 87 52363 79 52620 77 52721 1 52876 29 52909 44 53132 29 53168 40 53217 3 53389 27 53429 36 53472 5 53645 27 53686 35 53728 6 53901 27 53944 33 53984 7 54158 25 54201 34 54240 7 54414 24 54457 37 54495 8 54670 24 54714 45 54783 1 54927 23 54970 46 55037 3 55183 22 55226 46 55292 4 55440 20 55482 46 55548 4 55696 17 55738 47 55806 2 55952 16 55996 46 56062 2 56209 14 56252 46 56317 3 56465 13 56509 46 56571 5 56722 11 56766 46 56825 7 56978 10 57026 43 57079 9 57234 9 57288 37 57333 11 57491 7 57545 37 57587 13 57806 32 57843 13 58063 30 58099 13 58320 29 58355 13 58577 28 58613 11 58834 27 58871 9 59090 7 59098 19 59127 9 59347 4 59354 18 59382 10 59613 15 59638 10 59870 13 59894 10 60126 13 60150 10 60382 5 60388 7 60406 10 60638 4 60646 4 60653 3 60663 9 60889 1 60894 4 60909 3 60920 8 61151 3 61176 8 61432 8 61688 8 61944 8 62111 5 62193 1 62200 8 62366 7 62447 5 62456 8 62621 8 62687 1 62702 7 62712 8 62876 9 62942 2 62947 1 62958 7 62968 8 63131 10 63202 6 63214 7 63222 10 63386 12 63457 9 63470 18 63642 12 63713 10 63726 18 63898 12 63969 10 63988 12 64154 12 64225 10 64243 13 64410 12 64481 10 64499 13 64666 12 64738 12 64754 14 64923 11 64995 29 65179 11 65252 28 65436 9 65508 28
892843,74 1 167 14 252 4 424 13 508 4 682 11 764 4 940 13 1021 3 1198 13 1277 3 1455 13 1532 4 1588 7 1714 10 1787 5 1844 6 1971 9 2043 5 2094 3 2099 7 2228 8 2299 5 2349 13 2484 8 2555 4 2605 5 2611 6 2740 7 2811 3 2862 3 2995 8 3067 4 3130 3 3250 8 3323 4 3382 2 3385 4 3504 9 3579 4 3638 9 3759 10 3837 1 3895 8 4013 13 4152 8 4268 14 4286 2 4409 6 4523 16 4541 4 4665 6 4779 23 4889 3 4922 5 4931 5 5036 21 5144 5 5187 7 5292 9 5302 10 5400 5 5443 8 5550 6 5560 4 5656 5 5699 9 5806 6 5817 3 5913 3 5950 4 5955 9 6062 7 6074 2 6206 14 6318 8 6330 2 6461 15 6574 7 6717 14 6831 6 6974 5 6981 6 7240 1 8689 3 8945 3 9663 4 9728 4 9898 3 9918 6 9984 5 10154 3 10174 6 10240 6 10410 1 10431 5 10496 6 10752 6 11008 6 11199 1 11264 5 11453 4 11520 5 11707 6 11776 5 11963 6 12032 4 12221 2 12237 3 12288 4 12493 9 12544 3 12710 1 12749 9 12800 3 12965 4 13005 8 13056 2 13221 5 13261 6 13312 1 13476 7 13519 3 13731 9 13773 5 13987 8 14029 4 14243 7 14285 5 14499 6 14542 3 14682 1 14756 5 14937 4 15014 2 15192 5 15448 5 15705 4 15962 3 16127 1 16217 5 16473 8 16729 9 16984 11 17240 11 17496 11 17659 4 17753 10 17917 3 17948 7 18009 9 18167 3 18174 2 18203 8 18265 8 18422 4 18430 2 18459 8 18522 6 18675 10 18715 8 18778 1 18781 2 18931 7 18971 7 19038 1 19187 7 19228 6 19442 8 19484 5 19698 9 19953 10 20209 10 20465 10 20697 1 20721 11 20845 3 20957 1 20977 10 21100 5 21212 2 21217 1 21233 9 21356 5 21490 5 21611 6 21628 3 21748 2 21867 7 21884 4 22123 7 22139 6 22237 1 22380 6 22395 8 22637 5 22651 10 22894 2 22907 12 23162 14 23419 13 23601 1 23675 13 23932 12 24189 11 24446 4 24748 1 25002 5 25257 7 25513 7 25769 7 26025 6 26196 3 26282 5 26397 2 26448 10 26538 5 26641 3 26645 12 26703 12 26793 6 26896 18 26958 15 27048 7 27151 20 27214 15 27304 7 27407 20 27470 16 27560 7 27662 21 27726 6 27733 9 27816 7 27919 19 27986 1 27992 7 28072 6 28179 15 28249 6 28328 5 28437 12 28506 5 28585 3 28694 10 28764 2 28926 2 28950 10 29182 2 29207 9 29437 3 29463 8 29693 3 29718 9 29760 3 29949 3 29974 9 30016 3 30205 3 30229 9 30271 4 30460 4 30486 3 30527 4 30716 4 30783 5 30972 4 31040 3 31228 4 31297 2 31378 4 31484 4 31554 1 31633 8 31742 2 31812 1 31888 10 32068 2 32144 10 32324 4 32401 9 32580 1 32658 7 32834 3 32909 1 32914 5 33089 4 33163 5 33170 2 33344 6 33418 9 33600 7 33674 7 33857 5 33929 8 33962 4 34077 7 34113 5 34184 7 34215 8 34329 12 34369 5 34440 6 34469 11 34584 12 34625 5 34697 4 34724 12 34839 13 34881 4 34894 1 34954 1 34979 14 35095 12 35138 3 35149 4 35235 14 35351 11 35394 2 35405 5 35491 15 35607 10 35649 3 35661 6 35748 14 35863 8 35903 6 35918 5 36004 14 36120 5 36158 7 36174 5 36260 13 36378 1 36413 10 36430 5 36517 12 36669 5 36675 6 36686 7 36773 13 36926 5 36933 4 36942 8 37030 13 37184 1 37189 4 37198 9 37287 12 37435 3 37445 4 37453 10 37543 12 37646 4 37690 5 37702 2 37709 10 37799 11 37901 7 37946 5 37958 2 37966 9 38056 10 38157 8 38202 5 38214 2 38223 8 38312 10 38413 10 38458 5 38468 2 38484 1 38562 3 38568 9 38669 11 38714 5 38724 1 38817 5 38825 8 38925 12 38972 1 39072 6 39082 6 39182 12 39328 6 39341 3 39439 11 39583 5 39597 4 39695 12 39746 1 39839 5 39854 6 39862 3 39952 11 40001 2 40095 6 40111 1 40114 9 40207 12 40257 2 40351 6 40370 10 40462 13 40514 1 40607 6 40627 10 40718 13 40864 4 40883 10 40974 14 41122 2 41140 9 41231 14 41395 9 41488 13 41650 10 41745 5 41756 3 41906 10 42002 3 42013 4 42162 10 42269 5 42419 7 42526 5 42676 4 42780 1 42782 5 43036 7 43291 8 43547 9 43803 9 44059 9 44316 7 44573 5 44608 1 44829 4 44862 3 45085 4 45119 2 45341 4 45375 1 45598 1 45630 2 45886 1 46141 2 46396 3 46610 1 46652 1 46866 1 47099 5 47122 1 47354 3 47359 1 47609 4 47615 1 47866 6 48122 6 48310 3 48377 7 48566 3 48633 7 48821 4 48889 7 49077 3 49145 7 49334 2 49401 7 49658 6 49915 5 50165 2 50420 4 50676 3 51141 1 51395 5 51412 2 51651 6 51668 4 51907 6 51923 5 52163 6 52180 4 52223 1 52419 6 52436 2 52479 1 52674 8 52734 2 52930 8 52990 2 53185 9 53246 2 53441 8 53455 4 53503 1 53686 2 53697 7 53710 5 53942 2 53955 3 53965 6 54142 6 54197 3 54221 6 54395 9 54406 1 54446 9 54477 6 54651 9 54662 2 54701 10 54733 5 54906 14 54922 1 54955 12 54989 5 55161 15 55178 4 55210 13 55245 3 55407 2 55417 15 55436 5 55465 13 55664 3 55673 15 55693 4 55721 13 55773 1 55922 1 55929 19 55977 12 56028 4 56185 20 56234 7 56242 2 56283 5 56310 5 56442 18 56492 3 56526 6 56538 6 56565 11 56688 1 56699 17 56781 20 56819 13 56942 4 56957 15 57037 20 57074 14 57198 4 57215 12 57269 5 57293 20 57329 15 57454 3 57472 6 57524 7 57550 19 57585 15 57710 1 57780 8 57807 18 57841 15 58036 9 58065 12 58097 15 58295 6 58322 9 58354 14 58555 2 58579 7 58610 14 58837 3 58866 14 59123 13 59386 6 59643 9 59900 9 60156 11 60397 1 60413 10 60596 1 60649 5 60672 8 60851 2 60905 5 60928 8 61161 5 61184 8 61417 5 61440 8 61674 3 61696 7 61931 1 61952 7 62210 4 62743 4 62940 2 62998 5 63196 2 63253 6 63401 2 63451 2 63454 2 63508 7 63655 5 63708 3 63763 8 63833 3 63910 7 63964 3 64018 9 64087 6 64166 7 64274 8 64342 8 64422 8 64531 7 64597 9 64655 2 64678 7 64787 10 64853 8 64883 3 64892 3 64904 2 64910 4 64935 6 65043 10 65111 2 65137 5 65148 4 65160 2 65166 5 65191 3 65265 4 65300 2 65392 6 65404 6 65416 3 65421 6 65447 1 65517 8
904357,138 11 162 9 203 2 243 5 394 10 418 9 460 2 499 5 649 11 673 10 692 1 716 2 756 3 905 10 929 11 947 3 1160 10 1185 11 1203 2 1416 9 1441 12 1487 1 1527 2 1672 8 1698 13 1744 1 1780 8 1929 6 1954 15 2033 11 2185 6 2211 15 2289 12 2438 9 2468 14 2486 2 2545 12 2693 10 2725 20 2800 9 2810 3 2947 13 2986 16 3056 9 3067 1 3203 18 3244 16 3312 8 3459 18 3500 17 3568 8 3716 17 3756 17 3825 6 3974 15 4013 16 4081 5 4230 15 4255 4 4269 16 4338 4 4486 15 4511 5 4526 15 4593 5 4741 15 4766 7 4783 15 4849 6 4997 14 5022 7 5039 16 5105 8 5253 5 5263 3 5277 8 5295 16 5361 9 5509 4 5533 8 5552 15 5616 10 5765 3 5789 8 5814 9 5869 13 6008 2 6022 1 6044 9 6071 7 6124 9 6134 3 6263 3 6278 1 6300 9 6319 1 6328 6 6380 9 6520 1 6534 2 6556 9 6573 5 6584 4 6636 10 6790 3 6813 8 6828 8 6840 2 6893 10 7047 2 7070 8 7083 10 7095 4 7154 6 7304 1 7327 7 7338 18 7389 1 7410 7 7420 4 7560 1 7584 27 7643 4 7665 8 7674 6 7816 1 7822 2 7843 23 7898 6 7921 6 7928 8 8079 2 8099 22 8153 7 8177 15 8335 2 8355 22 8409 6 8433 12 8590 3 8611 23 8665 5 8690 10 8846 4 8867 23 8921 4 8946 7 9102 4 9122 27 9178 1 9202 5 9292 1 9358 3 9378 29 9458 4 9547 3 9614 2 9634 29 9714 2 9802 5 9870 1 9890 29 9935 1 9971 1 10056 7 10146 30 10311 7 10324 1 10403 29 10566 8 10577 6 10660 28 10821 9 10831 9 10890 1 10925 20 10968 2 11077 20 11146 2 11183 18 11333 20 11441 17 11588 20 11705 9 11844 19 11962 9 11974 6 12099 20 12217 10 12229 7 12355 20 12430 3 12472 20 12610 22 12686 5 12726 13 12741 7 12865 28 12942 7 12981 14 12998 5 13120 29 13198 8 13237 15 13255 3 13375 31 13412 1 13455 7 13493 15 13630 33 13667 4 13711 8 13749 16 13884 36 13921 7 13968 7 13982 1 14006 15 14022 1 14138 47 14193 5 14225 7 14234 7 14263 16 14393 27 14421 25 14448 7 14481 18 14520 15 14649 28 14679 30 14736 19 14777 20 14905 29 14935 28 14985 27 15033 21 15162 58 15241 27 15288 22 15418 59 15498 26 15544 23 15676 57 15756 24 15799 24 15934 56 16012 23 16055 25 16192 58 16268 23 16311 26 16449 58 16524 22 16566 28 16703 61 16780 22 16822 28 16958 62 17036 22 17078 28 17213 64 17292 22 17334 29 17469 64 17548 22 17590 29 17637 2 17725 51 17777 12 17804 22 17845 30 17893 3 17981 49 18034 10 18061 20 18098 33 18132 3 18149 4 18237 46 18289 12 18318 18 18354 38 18406 3 18493 44 18544 6 18551 7 18575 15 18610 2 18614 34 18662 3 18749 44 18800 6 18807 9 18831 14 18866 2 18873 28 18919 1 19005 44 19054 8 19063 9 19088 12 19122 2 19130 26 19175 1 19261 39 19311 5 19320 9 19331 5 19345 11 19386 25 19518 38 19568 2 19577 16 19601 10 19642 24 19779 33 19832 9 19844 5 19858 8 19898 23 20035 33 20088 7 20096 1 20101 4 20116 2 20138 2 20154 23 20291 34 20344 8 20358 3 20389 7 20405 3 20410 22 20548 34 20600 8 20615 2 20643 10 20661 4 20666 18 20804 34 20855 10 20870 3 20898 12 20917 18 21060 34 21109 13 21126 3 21152 14 21173 10 21185 6 21317 24 21345 6 21363 16 21381 4 21408 15 21430 17 21575 21 21602 7 21617 23 21659 20 21687 15 21707 4 21831 19 21858 8 21871 8 21881 12 21914 20 21945 13 21963 5 22087 17 22115 8 22125 9 22138 8 22168 22 22203 11 22218 9 22343 16 22371 19 22394 9 22423 21 22462 7 22474 7 22599 15 22628 18 22650 9 22678 21 22719 6 22730 6 22861 9 22890 11 22904 12 22934 10 22946 9 22976 4 23119 7 23147 8 23160 13 23190 9 23203 7 23233 3 23377 4 23403 7 23415 14 23446 10 23459 7 23659 6 23671 14 23702 10 23716 6 23916 3 23928 14 23957 12 23973 4 24152 1 24184 15 24209 16 24230 2 24408 4 24442 5 24449 6 24463 26 24664 5 24706 5 24718 27 24746 3 24920 6 24962 5 24974 32 25176 9 25218 5 25230 33 25432 10 25475 3 25486 32 25688 11 25744 30 25945 10 26000 30 26202 9 26222 1 26251 3 26256 30 26476 4 26506 36 26732 5 26761 38 26987 6 27017 13 27032 24 27243 6 27274 6 27283 3 27289 23 27472 3 27499 4 27530 5 27540 2 27545 23 27726 6 27756 2 27798 2 27802 23 27983 4 28054 27 28240 3 28294 2 28310 27 28371 7 28380 2 28532 2 28549 4 28565 15 28582 10 28601 3 28626 12 28786 6 28804 5 28820 12 28841 5 28856 5 28880 15 29042 6 29059 3 29076 12 29098 4 29112 5 29135 16 29298 6 29314 3 29333 9 29354 5 29369 3 29390 17 29554 6 29568 4 29589 8 29611 4 29644 20 29810 6 29823 3 29846 7 29867 5 29897 1 29900 20 30066 6 30103 6 30124 5 30153 22 30323 4 30361 4 30381 5 30409 21 30580 2 30618 2 30638 3 30665 21 30895 1 30901 5 30922 3 30927 15 31156 8 31183 16 31411 10 31438 17 31667 11 31694 17 31923 11 31950 16 32166 3 32180 10 32207 15 32420 6 32439 6 32472 6 32626 1 32676 6 32699 1 32729 5 32881 2 32932 5 32985 5 33136 3 33189 3 33243 2 33270 2 33392 2 33523 6 33641 4 33647 2 33670 5 33778 7 33894 8 33903 2 33926 7 34034 9 34149 9 34159 2 34182 7 34290 9 34404 9 34415 2 34437 8 34484 5 34547 8 34658 11 34671 3 34693 8 34740 4 34797 1 34803 8 34913 12 34928 3 34949 7 34996 3 35007 3 35053 3 35059 7 35168 19 35205 6 35263 4 35309 4 35314 8 35423 21 35461 4 35519 5 35565 13 35608 1 35678 23 35718 3 35775 6 35820 14 35864 1 35933 26 36009 2 36031 7 36076 13 36189 26 36264 4 36288 7 36332 8 36445 26 36482 3 36520 4 36544 8 36589 6 36700 27 36777 4 36800 8 36845 6 36954 28 37034 2 37056 8 37101 6 37113 3 37144 5 37208 30 37291 1 37312 8 37357 6 37367 6 37399 9 37462 32 37547 2 37570 6 37613 17 37654 11 37718 31 37827 4 37869 17 37910 11 37974 30 38125 17 38147 2 38165 12 38225 5 38231 29 38382 16 38403 3 38421 12 38480 6 38493 23 38640 15 38659 3 38676 13 38732 10 38753 18 38795 3 38897 15 38915 2 38931 13 38987 12 39010 17 39051 3 39153 15 39171 3 39187 13 39242 14 39267 15 39306 4 39410 14 39427 5 39442 14 39498 17 39524 12 39562 3 39666 13 39684 6 39698 14 39753 18 39782 6 39818 2 39923 12 39940 7 39954 15 40008 8 40017 9 40041 2 40179 11 40197 6 40210 15 40263 8 40273 8 40435 11 40454 4 40467 14 40518 7 40530 6 40548 2 40693 10 40725 12 40773 8 40786 1 40790 1 40803 3 40952 8 40988 4 41028 9 41060 1 41209 7 41283 10 41315 2 41463 9 41539 9 41569 4 41718 10 41795 8 41825 4 41974 10 42051 7 42082 3 42229 11 42306 7 42339 2 42485 10 42562 7 42742 9 42819 6 42828 4 42998 9 43076 14 43254 8 43333 15 43510 8 43590 15 43767 8 43846 19 44023 8 44102 21 44279 9 44358 23 44535 9 44614 25 44791 9 44871 24 45045 11 45128 23 45300 12 45385 22 45555 13 45641 22 45811 13 45898 21 46067 13 46155 19 46323 13 46412 18 46584 8 46669 17 46841 7 46926 19 47097 7 47183 22 47353 7 47441 22 47609 7 47627 2 47699 21 47864 8 47883 3 47956 21 48115 1 48120 8 48139 3 48149 5 48212 21 48369 15 48395 5 48403 7 48468 7 48477 12 48624 16 48651 16 48716 1 48724 6 48734 11 48880 16 48907 16 48972 1 48980 5 48991 9 49137 15 49162 17 49227 3 49235 5 49248 7 49393 15 49417 19 49483 3 49490 5 49504 7 49650 14 49673 20 49739 3 49747 4 49760 7 49907 13 49929 20 49996 2 50016 7 50163 13 50185 21 50273 6 50420 12 50442 21 50529 6 50677 8 50686 2 50699 20 50786 5 50933 4 50938 3 50942 2 50957 18 51043 4 51190 3 51195 1 51199 1 51217 13 51278 1 51300 1 51446 3 51473 13 51532 7 51702 4 51728 14 51788 9 51957 6 51983 15 52044 9 52213 7 52239 16 52300 9 52316 2 52330 5 52469 6 52495 17 52556 9 52571 4 52585 5 52725 6 52751 18 52812 9 52826 5 52842 2 52983 2 53007 19 53069 8 53081 3 53264 19 53327 6 53337 2 53520 20 53583 5 53592 2 53776 20 53797 5 53840 4 53848 2 53932 1 54031 28 54096 3 54104 2 54187 3 54265 2 54287 29 54360 3 54444 3 54521 2 54527 1 54542 30 54584 1 54616 3 54700 5 54775 6 54782 2 54798 31 54838 4 54872 3 54957 5 55029 11 55054 32 55092 7 55129 2 55214 5 55284 12 55310 33 55346 9 55470 5 55540 12 55564 47 55636 3 55658 1 55726 6 55795 13 55820 47 55892 4 55900 4 55911 5 55981 7 56051 13 56076 30 56107 16 56148 4 56156 5 56166 7 56236 8 56308 12 56332 46 56406 1 56411 7 56421 8 56486 14 56564 12 56588 45 56667 7 56677 9 56740 17 56821 11 56844 43 56918 2 56921 9 56932 10 56996 17 57078 10 57101 41 57172 14 57188 11 57251 20 57335 9 57357 41 57428 13 57444 11 57507 21 57592 7 57613 41 57683 14 57700 11 57732 2 57763 21 57849 5 57869 40 57938 15 57956 12 58019 21 58105 5 58118 4 58126 39 58193 13 58213 11 58248 1 58276 20 58361 7 58373 7 58383 37 58449 13 58471 9 58502 2 58532 20 58616 8 58629 8 58639 33 58704 14 58727 9 58758 2 58788 20 58871 9 58885 8 58896 31 58960 15 58984 8 59044 20 59123 13 59141 8 59153 30 59215 11 59227 4 59240 7 59300 20 59378 14 59396 9 59410 5 59419 20 59451 5 59469 19 59495 7 59556 20 59633 15 59652 9 59668 3 59676 18 59706 7 59720 25 59748 9 59770 1 59812 21 59889 15 59908 9 59933 17 59961 53 60024 3 60067 22 60145 15 60163 10 60193 12 60217 53 60276 11 60323 5 60331 14 60401 15 60419 11 60450 10 60473 55 60531 13 60580 4 60590 4 60598 2 60658 14 60674 12 60702 1 60706 9 60729 72 60836 4 60914 11 60930 12 60956 4 60961 9 60986 71 61093 3 61170 5 61187 11 61212 13 61242 70 61349 3 61427 3 61444 10 61468 4 61498 72 61682 4 61704 7 61725 2 61754 73 61856 3 61937 5 61961 6 62009 73 62111 5 62193 5 62218 6 62264 74 62366 7 62449 6 62474 6 62520 60 62589 5 62621 9 62705 6 62729 9 62776 59 62846 5 62876 10 62907 2 62962 8 62986 8 63031 60 63102 3 63132 11 63162 4 63219 9 63242 9 63270 5 63283 2 63287 60 63388 11 63417 6 63476 9 63500 8 63525 5 63538 65 63644 11 63674 5 63732 9 63757 8 63781 5 63792 66 63901 10 63931 3 63989 11 64013 8 64048 48 64097 16 64157 9 64246 10 64270 8 64303 48 64354 14 64413 9 64506 6 64526 8 64558 49 64613 8 64670 7 64765 2 64783 8 64814 46 64861 2 64870 5 64927 5 65041 8 65069 46 65126 2 65184 3 65297 13 65325 46 65377 2 65440 2
905849,0 65536
907141,0 23 69 5 88 1 91 14 134 30 170 19 213 26 256 24 326 4 343 19 391 29 427 17 469 26 512 25 582 4 596 22 647 28 683 17 725 22 748 2 768 25 840 1 850 26 905 2 913 18 940 15 981 21 1024 26 1105 27 1170 17 1196 14 1237 20 1280 27 1361 27 1426 16 1453 12 1493 20 1536 29 1616 29 1683 15 1710 9 1749 20 1792 31 1872 29 1941 3 1946 8 1966 8 2006 17 2048 31 2127 30 2203 7 2223 7 2263 12 2304 32 2383 30 2459 7 2480 5 2520 10 2560 32 2640 29 2715 7 2777 7 2816 32 2896 29 2972 6 3035 1 3072 32 3152 28 3229 4 3328 32 3407 28 3584 32 3663 26 3840 32 3919 6 3992 8 4096 32 4175 6 4246 12 4352 32 4431 6 4502 14 4608 33 4687 6 4758 17 4864 34 4944 5 5014 18 5120 34 5200 4 5270 19 5376 35 5456 5 5526 20 5632 35 5694 4 5713 4 5729 2 5782 20 5888 34 5949 6 5969 8 5984 4 6038 20 6103 2 6144 33 6203 9 6221 3 6225 10 6239 6 6296 19 6354 3 6358 5 6400 32 6457 11 6473 19 6494 7 6553 18 6609 10 6656 19 6679 7 6712 45 6809 18 6864 11 6912 17 6937 3 6968 29 6999 11 7065 19 7111 1 7119 11 7168 16 7223 28 7255 8 7284 7 7320 20 7366 18 7390 6 7424 15 7478 28 7512 6 7540 8 7576 20 7621 19 7645 8 7680 14 7734 27 7769 4 7796 8 7831 20 7877 19 7900 9 7936 13 7990 27 8026 1 8052 8 8086 20 8133 19 8156 7 8192 13 8245 28 8308 8 8342 19 8389 19 8412 6 8448 12 8497 31 8537 4 8565 7 8599 17 8624 3 8646 17 8668 4 8704 12 8751 33 8792 5 8822 5 8855 16 8878 7 8892 5 8902 17 8925 1 8960 12 9007 33 9050 3 9112 15 9133 9 9147 28 9216 11 9262 34 9368 14 9388 10 9402 28 9472 11 9517 35 9625 14 9642 12 9658 28 9728 11 9773 35 9881 15 9897 14 9913 29 9984 11 10029 34 10137 30 10170 28 10240 11 10284 35 10356 3 10394 28 10426 21 10450 5 10496 12 10540 34 10609 8 10649 29 10681 21 10706 5 10752 12 10796 34 10863 11 10905 52 10962 6 11008 12 11053 33 11118 13 11159 53 11218 6 11264 11 11309 33 11373 14 11403 7 11413 55 11474 7 11520 11 11564 35 11604 9 11629 14 11657 67 11730 2 11776 11 11818 52 11883 16 11912 71 12032 11 12072 54 12139 16 12167 74 12248 2 12288 10 12325 57 12394 17 12422 75 12503 4 12544 10 12579 58 12650 16 12678 78 12760 4 12800 10 12834 59 12906 16 12934 78 13016 8 13027 1 13056 9 13090 58 13162 14 13191 78 13272 14 13312 8 13346 56 13419 12 13447 78 13528 16 13568 8 13602 47 13681 5 13703 78 13783 17 13824 7 13858 46 13938 3 13960 77 14038 19 14080 7 14112 47 14194 1 14217 96 14336 7 14367 47 14450 1 14473 96 14592 7 14622 48 14720 3 14730 96 14848 7 14877 48 14956 4 14976 4 14986 96 15104 8 15133 47 15212 6 15242 96 15360 8 15388 48 15467 7 15499 19 15520 56 15579 15 15616 9 15642 50 15723 8 15755 17 15777 55 15836 13 15872 9 15896 52 15979 8 16012 14 16034 54 16092 7 16101 4 16128 11 16150 56 16235 8 16269 13 16290 54 16348 12 16384 80 16465 4 16491 8 16525 13 16546 54 16604 12 16640 87 16742 14 16782 13 16800 55 16861 11 16896 87 16997 15 17038 73 17117 11 17152 87 17252 17 17294 72 17373 11 17408 87 17508 17 17550 72 17629 11 17655 2 17664 87 17764 17 17802 2 17805 73 17885 11 17920 88 18020 17 18057 76 18141 11 18176 88 18276 18 18314 75 18396 12 18432 89 18532 18 18570 73 18646 9 18657 6 18688 90 18788 18 18826 73 18902 14 18944 91 19045 17 19083 71 19157 13 19200 92 19302 15 19338 73 19412 14 19456 92 19560 12 19594 87 19712 92 19816 11 19850 88 19968 92 20072 11 20105 90 20205 3 20224 93 20329 9 20361 89 20462 2 20480 93 20585 8 20606 3 20617 85 20718 3 20734 100 20838 10 20862 3 20872 75 20948 9 20975 3 20991 112 21111 3 21116 8 21127 70 21205 8 21233 1 21247 110 21366 6 21373 80 21464 5 21489 2 21504 109 21622 6 21631 78 21721 10 21745 3 21760 110 21878 6 21889 76 21983 6 22001 1 22016 111 22134 5 22147 74 22240 7 22272 112 22390 4 22403 1 22405 57 22463 13 22495 8 22528 113 22659 1 22661 56 22721 11 22737 1 22751 8 22784 113 22917 7 22927 47 22976 13 22993 4 23008 6 23040 113 23173 6 23185 68 23264 5 23296 113 23430 4 23440 69 23521 5 23552 113 23686 3 23695 69 23780 4 23808 113 23950 70 24036 3 24064 112 24204 71 24292 3 24320 112 24459 72 24540 2 24548 4 24576 113 24714 73 24795 4 24805 3 24832 112 24970 73 25051 8 25060 5 25088 112 25225 74 25306 15 25344 112 25481 73 25562 15 25600 112 25736 74 25817 16 25856 112 25992 73 26075 14 26112 112 26247 65 26316 5 26333 10 26345 1 26368 113 26503 66 26572 4 26589 8 26601 2 26624 115 26759 56 26817 8 26829 2 26843 9 26857 3 26880 115 27014 57 27073 8 27099 9 27112 4 27127 1 27136 116 27264 3 27270 58 27329 8 27352 3 27356 16 27379 7 27392 116 27520 73 27607 21 27635 8 27648 116 27776 73 27861 4 27866 20 27890 9 27904 116 28039 66 28116 27 28145 11 28160 117 28296 65 28370 42 28416 117 28552 65 28625 20 28646 23 28672 117 28808 65 28878 21 28903 1 28908 17 28928 118 29065 64 29134 21 29164 18 29184 119 29315 1 29321 64 29390 21 29420 19 29440 119 29569 72 29647 20 29675 20 29696 119 29822 75 29904 19 29930 19 29951 123 30075 79 30160 19 30187 223 30413 24 30444 222 30668 7 30676 17 30700 222 30924 7 30933 17 30955 10 30966 221 31190 16 31210 11 31224 221 31446 30 31480 253 31736 254 31992 1518 33515 1 33520 244 33775 245 34031 246 34286 9 34296 237 34541 10 34553 2 34556 2 34560 230 34796 10 34816 230 35048 13 35072 244 35328 243 35584 241 35840 240 36096 240 36352 240 36608 239 36864 239 37120 239 37376 239 37632 239 37888 240 38144 240 38400 239 38656 241 38912 242 39157 3 39168 243 39413 3 39424 243 39680 243 39936 243 40192 243 40448 243 40704 244 40960 244 41216 244 41472 244 41728 244 41984 245 42240 248 42496 250 42752 251 43008 251 43260 2 43264 483 43749 254 44005 274 44280 164 44446 88 44538 158 44704 73 44778 12 44795 81 44877 75 44960 73 45034 2 45038 8 45054 153 45216 30 45248 24 45276 3 45282 10 45295 7 45312 150 45472 29 45508 2 45519 7 45533 3 45538 10 45551 7 45568 149 45729 28 45790 3 45794 19 45824 142 45970 1 45985 28 46045 4 46050 19 46080 143 46242 26 46299 26 46336 143 46499 25 46554 9 46569 14 46592 144 46757 22 46810 9 46826 13 46848 145 47023 9 47066 8 47082 13 47104 145 47280 5 47322 8 47339 6 47346 5 47360 72 47433 71 47579 6 47597 1 47616 72 47689 71 47835 6 47872 72 47945 70 48093 3 48128 138 48384 137 48640 138 48877 7 48896 139 49132 11 49152 140 49389 6 49398 3 49408 142 49645 6 49654 7 49664 143 49863 12 49905 1 49910 153 50118 15 50145 1 50166 3 50170 150 50373 18 50403 3 50423 1 50427 1 50432 144 50628 20 50658 6 50679 1 50688 144 50872 7 50883 22 50915 7 50933 3 50944 144 51127 36 51171 7 51188 4 51200 145 51382 37 51427 6 51442 6 51456 145 51637 39 51685 3 51697 6 51712 66 51780 1 51783 75 51888 22 51915 18 51954 5 51968 65 52043 10 52058 57 52142 23 52174 16 52210 5 52224 66 52302 2 52314 57 52388 32 52431 16 52465 6 52480 66 52571 57 52643 33 52687 18 52721 7 52736 66 52827 57 52898 32 52944 18 52978 8 52992 66 53063 4 53084 57 53154 29 53200 19 53234 9 53248 66 53318 6 53340 57 53410 26 53457 3 53465 9 53488 12 53504 66 53573 8 53596 57 53658 5 53666 26 53722 7 53743 14 53760 66 53829 9 53852 57 53911 37 53980 5 53996 98 54109 95 54217 1 54237 5 54247 102 54365 95 54470 6 54493 7 54503 102 54621 95 54725 7 54749 8 54758 10 54772 88 54875 95 54980 9 55005 8 55014 8 55029 86 55118 1 55126 94 55236 9 55260 17 55286 188 55492 9 55516 9 55526 8 55543 186 55749 8 55772 9 55782 8 55802 182 56006 6 56030 7 56040 6 56059 180 56287 6 56298 4 56315 183 56543 7 56555 8 56570 187 56803 2 56813 8 56825 188 57055 1 57068 202 57310 3 57324 202 57565 5 57580 202 57821 5 57837 201 58076 6 58094 199 58332 6 58351 198 58588 6 58608 197 58843 6 58864 197 59070 2 59099 7 59120 198 59324 6 59354 8 59369 1 59376 9 59388 3 59392 182 59580 8 59610 8 59625 1 59631 15 59648 183 59835 10 59865 9 59880 3 59886 15 59904 184 60091 9 60121 9 60141 15 60160 185 60346 9 60377 9 60397 15 60416 195 60633 4 60640 3 60652 15 60672 194 60887 5 60896 7 60904 18 60928 193 61142 5 61152 26 61184 192 61396 5 61407 26 61440 193 61651 5 61663 16 61683 6 61698 191 61907 5 61920 14 61940 5 61958 188 62163 4 62170 18 62196 6 62215 187 62419 4 62424 19 62452 7 62471 188 62675 24 62709 7 62718 2 62728 187 62931 24 62965 11 62984 188 63187 24 63222 12 63242 187 63443 25 63479 8 63488 1 63499 188 63699 25 63737 4 63744 1 63757 187 63954 25 64013 187 64211 24 64269 188 64468 22 64526 189 64723 23 64783 190 64978 23 65039 191 65236 21 65295 192 65493 19
919234,0 7567 7571 250 7830 246 8088 242 8345 240 8600 240 8856 241 9112 242 9368 244 9624 245 9881 244 10137 245 10392 246 10642 13934 24577 255 24833 255 25089 1279 26369 2 26372 252 26628 252 26884 252 27140 194 27336 56 27393 197 27592 255 27849 254 28105 253 28362 252 28618 252 28874 252 29130 251 29387 250 29643 250 29900 248 30156 248 30412 248 30668 248 30924 248 31180 248 31435 249 31690 250 31943 254 32198 1023 33222 254 33479 252 33736 251 33992 251 34248 251 34504 2815 37320 254 37576 254 37832 254 38088 254 38344 253 38600 253 38856 252 39112 252 39368 252 39624 252 39880 252 40136 253 40392 18446 58841 251 59098 249 59354 248 59611 245 59867 15 59885 226 60124 13 60142 225 60380 13 60398 224 60636 12 60656 222 60893 11 60912 222 61149 9 61168 221 61392 3 61407 6 61425 219 61646 6 61682 217 61902 7 61940 213 62157 8 62197 210 62413 8 62454 207 62668 9 62712 203 62924 9 62953 1 62969 202 63180 8 63209 2 63226 201 63435 9 63466 2 63484 198 63690 10 63742 196 63946 10 64000 193 64201 12 64256 191 64456 13 64512 184 64712 15 64768 183 64967 17 65024 183 65222 19 65280 184 65478 21
925045,0 65536
927607,129 4 146 6 179 3 188 13 208 8 384 5 402 6 446 3 450 9 465 7 639 6 658 6 703 15 720 7 774 5 893 9 915 5 960 20 1029 6 1148 10 1172 2 1216 20 1283 9 1404 9 1471 21 1538 10 1660 10 1726 23 1794 9 1916 10 1982 23 2049 10 2172 10 2237 24 2306 7 2428 10 2493 24 2563 5 2684 11 2749 24 2941 11 3006 23 3197 12 3263 21 3351 3 3454 12 3521 7 3530 10 3607 4 3716 6 3778 5 3788 9 3973 5 4036 1 4044 9 4230 3 4251 2 4300 8 4506 4 4556 7 4762 4 4813 5 5019 2 5115 5 5370 6 5626 6 5882 5 7614 2 7869 4 8125 3 8378 4 8631 7 8886 8 9113 4 9141 10 9367 7 9395 12 9622 8 9650 14 9877 10 9905 15 10133 10 10161 15 10389 10 10416 17 10645 11 10672 16 10881 4 10901 11 10928 16 11136 6 11156 14 11185 15 11392 7 11411 18 11442 13 11648 7 11667 20 11700 11 11904 8 11922 22 11960 6 12160 9 12170 2 12178 22 12217 5 12417 13 12433 24 12467 1 12474 3 12674 13 12689 25 12721 5 12935 9 12945 25 12976 6 13192 8 13201 25 13231 8 13449 32 13487 9 13706 30 13742 10 13962 8 13971 8 13984 6 13998 10 14218 8 14229 4 14254 9 14474 8 14511 8 14730 8 14767 7 14985 8 15023 7 15242 8 15280 4 15498 10 15754 11 16011 9 16268 8 16525 6 16782 4 16828 6 17083 9 17304 1 17339 10 17557 7 17595 15 17812 9 17851 16 18067 11 18107 17 18324 10 18363 17 18580 10 18619 17 18838 9 18875 20 19095 10 19132 23 19351 12 19388 25 19608 12 19644 26 19864 12 19900 24 20121 12 20157 23 20377 12 20414 21 20633 12 20670 21 20888 13 20927 19 21143 14 21170 3 21184 4 21191 10 21398 15 21426 4 21653 16 21681 6 21909 15 21936 7 22166 14 22190 9 22422 14 22446 9 22678 13 22702 9 22934 14 22959 9 23190 14 23215 9 23448 7 23472 8 23705 4 23728 8 23986 6 24243 5 24500 3 31432 3 31687 5 31942 6 32198 7 32453 8 32708 9 32956 3 32964 9 33211 17 33467 17 33722 18 33801 1 33978 18 34053 5 34234 19 34308 6 34489 22 34561 9 34745 23 34816 9 35002 23 35072 9 35258 23 35328 9 35514 24 35584 8 35641 4 35770 24 35840 7 35896 5 36027 23 36096 7 36152 5 36283 23 36352 6 36408 5 36540 18 36608 4 36664 4 36796 17 36864 4 36879 1 36896 5 36920 4 37052 17 37120 4 37135 1 37150 8 37177 3 37308 16 37376 5 37406 9 37433 5 37563 17 37632 6 37661 10 37690 6 37819 17 37888 7 37917 10 37946 9 38074 17 38144 7 38173 10 38202 10 38330 17 38400 7 38426 13 38458 10 38585 18 38656 7 38689 6 38714 10 38841 18 38913 5 38946 6 38968 12 39096 20 39203 5 39224 11 39352 20 39445 6 39458 6 39479 11 39608 19 39701 7 39714 5 39735 11 39864 19 39957 9 39970 5 39984 1 39989 13 40121 18 40213 10 40225 5 40239 3 40245 12 40378 17 40470 10 40481 5 40494 18 40634 17 40726 16 40750 17 40892 15 40983 15 41006 16 41149 13 41239 14 41263 14 41406 10 41496 12 41519 14 41659 2 41664 5 41753 9 41776 13 41915 2 42011 5 42032 13 42269 3 42276 1 42288 12 42463 1 42525 4 42532 1 42535 3 42548 8 42719 1 42781 4 42788 1 42790 4 42806 6 43011 1 43037 3 43041 3 43046 4 43063 4 43266 4 43293 7 43522 4 43550 6 43778 4 43805 5 43965 1 44033 5 44061 4 44217 7 44289 5 44471 10 44545 4 44726 10 44800 4 44981 11 45056 4 45237 11 45312 4 45493 10 45568 3 45749 9 45824 2 46007 5 46080 2 47952 1 48041 5 48208 1 48296 10 48464 1 48552 12 48807 13 49063 13 49319 13 49575 13 49831 13 49992 1 50088 12 50111 3 50345 11 50367 4 50500 2 50603 9 50623 5 50756 2 50878 6 51011 3 51134 6 51266 4 51390 6 51521 4 51646 6 51778 3 51902 5 52035 2 52159 3 52295 2 52550 7 52806 7 52858 5 52901 2 53046 4 53052 1 53061 7 53109 10 53155 6 53301 9 53317 7 53364 10 53411 7 53557 12 53572 8 53620 9 53666 8 53813 22 53875 10 53921 10 54068 22 54129 12 54147 3 54178 11 54325 22 54385 12 54402 4 54434 13 54581 23 54641 12 54657 5 54690 15 54837 24 54892 2 54897 11 54912 6 54946 17 55093 11 55106 11 55140 1 55145 19 55168 6 55202 19 55349 10 55362 11 55400 19 55424 6 55458 19 55605 9 55619 9 55650 2 55655 20 55680 6 55713 19 55861 8 55876 7 55906 1 55911 21 55936 6 55968 4 55977 11 56118 6 56132 5 56154 2 56167 22 56192 6 56223 4 56234 10 56376 5 56387 6 56408 6 56416 1 56421 25 56448 5 56477 5 56490 10 56636 1 56643 5 56658 15 56676 28 56706 3 56733 5 56745 12 56892 2 56898 9 56913 47 56990 3 57000 13 57148 2 57153 63 57254 15 57410 62 57509 15 57666 62 57764 15 57922 63 58020 13 58178 63 58276 12 58434 62 58533 9 58691 61 58789 6 58947 15 58963 44 59046 3 59203 14 59220 43 59303 1 59459 13 59476 48 59716 11 59733 50 59862 4 59974 1 59987 53 60116 7 60242 54 60371 8 60497 54 60586 3 60627 9 60752 54 60841 5 60883 11 60997 4 61007 56 61096 7 61139 11 61252 8 61261 58 61351 8 61365 8 61395 11 61508 67 61578 1 61607 8 61620 12 61651 11 61764 66 61833 3 61862 8 61872 17 61907 11 61958 2 62020 66 62090 1 62118 12 62134 10 62163 10 62212 6 62276 66 62373 13 62391 9 62420 8 62467 7 62532 67 62629 12 62647 8 62677 6 62721 10 62789 67 62868 2 62884 12 62904 6 62976 11 63046 50 63097 14 63124 3 63140 12 63160 7 63232 1 63235 8 63303 49 63354 12 63379 4 63396 11 63416 7 63488 10 63560 48 63610 11 63634 5 63653 9 63673 7 63744 8 63816 48 63866 10 63887 6 63929 8 64000 3 64072 48 64124 7 64143 5 64185 7 64256 1 64328 48 64382 4 64399 5 64441 6 64512 1 64580 51 64655 5 64697 5 64768 1 64771 1 64827 60 64912 4 64953 1 65024 5 65083 59 65257 1 65280 6 65338 30 65371 25 65400 1 65452 3 65511 5
927691,0 2871 2877 4 2884 1 2886 240 3143 238 3399 236 3655 235 3911 234 4167 234 4424 233 4680 233 4937 15 4956 212 5193 14 5218 202 5449 11 5475 201 5706 8 5732 200 5963 6 5988 200 6220 3 6243 201 6499 201 6756 200 7012 200 7270 198 7527 197 7784 195 8040 194 8297 192 8553 192 8810 191 9066 190 9323 190 9579 190 9834 191 10087 195 10342 10 10353 185 10598 10 10609 185 10853 7 10865 186 11109 7 11123 184 11365 7 11380 1 11383 183 11621 8 11638 186 11877 10 11893 188 12133 205 12389 205 12645 206 12889 2 12900 208 13144 5 13155 209 13400 6 13410 211 13654 224 13879 7 13908 236 14161 240 14411 248 14665 14152 28820 251 29077 248 29334 246 29590 244 29845 244 30101 242 30356 240 30612 15 30628 3 30632 16 30649 202 30868 15 30896 6 30908 198 31124 18 31153 5 31165 196 31380 18 31409 4 31421 195 31636 19 31664 6 31678 194 31881 3 31892 19 31920 7 31934 193 32136 6 32149 18 32175 9 32190 192 32391 9 32406 17 32430 10 32446 188 32647 12 32663 5 32669 10 32686 10 32703 185 32903 15 32925 10 32942 10 32961 181 33159 16 33181 10 33198 10 33219 178 33416 17 33438 8 33455 9 33476 177 33673 16 33694 6 33711 8 33732 176 33930 15 33951 3 33968 6 33988 175 34187 13 34224 5 34244 175 34445 4 34451 5 34482 2 34500 173 34757 170 35013 169 35270 167 35528 164 35784 164 36040 164 36294 166 36504 7 36549 167 36759 10 36804 167 37015 12 37058 145 37209 18 37272 12 37313 146 37467 9 37478 5 37530 10 37568 146 37725 5 37736 1 37788 9 37823 147 38045 9 38079 147 38302 13 38334 147 38559 13 38590 147 38817 12 38846 146 39075 10 39102 145 39332 10 39359 143 39588 11 39616 142 39845 10 39872 142 40102 9 40128 141 40358 10 40382 144 40615 166 40871 166 41127 166 41383 166 41638 168 41893 170 42147 175 42401 179 42656 181 42910 184 43165 185 43420 187 43675 189 43930 190 44185 193 44440 195 44692 200 44944 206 45198 209 45453 212 45708 216 45964 219 46219 221 46468 1 46474 224 46719 7 46729 228 46960 6 46973 253 47227 11365 58594 252 58851 11 58871 230 59107 10 59127 229 59364 8 59384 229 59621 7 59640 230 59878 4 59896 239 60153 238 60409 238 60666 237 60924 235 61181 234 61440 230 61696 230 61942 4 61952 229 62197 5 62208 228 62453 5 62464 226 62709 5 62720 225 62965 6 62976 225 63221 6 63232 225 63477 6 63488 225 63733 6 63744 224 63990 5 64000 223 64246 5 64256 186 64445 33 64503 4 64512 182 64704 27 64759 4 64768 178 64968 19 65016 4 65024 178 65225 17 65273 1 65280 177 65490 7
933048,59 11 204 4 314 12 459 5 570 13 714 6 826 13 969 8 986 2 1083 12 1225 8 1238 7 1341 10 1481 8 1492 10 1598 9 1738 7 1748 9 1855 7 1922 3 1928 2 1932 5 1995 4 2004 8 2112 5 2176 17 2226 2 2260 7 2432 18 2482 2 2688 18 2944 18 3200 19 3456 20 3712 21 3968 22 4225 21 4256 1 4483 20 4512 1 4739 20 4996 20 5252 13 5267 6 5508 10 5523 7 5765 7 5780 7 6022 7 6038 6 6279 6 6294 8 6306 3 6538 6 6546 20 6796 4 6802 20 7054 2 7057 20 7311 22 7567 14 7822 14 8078 13 8333 14 8565 4 8587 15 8817 11 8843 15 9074 12 9098 14 9330 13 9354 14 9586 14 9610 6 9618 4 9842 14 9866 5 10099 13 10356 12 10613 11 10871 8 11130 3 62058 3 62314 4 62569 5 62594 1 62624 2 62825 6 62850 1 62879 5 63082 4 63106 1 63135 6 63339 2 63352 1 63391 7 63608 1 63647 7 63864 1 63903 7 63918 2 64159 7 64173 3 64416 6 64428 4 64673 6 64929 7 65185 6 65441 5
938416,23 2 27 9 280 11 538 9 14079 1 14334 2 14589 3 14845 3 15101 3 15342 3 15357 3 15596 9 15612 4 15851 11 15866 6 16106 22 16361 23 16616 24 16872 24 17128 24 17384 7 17392 13 17641 4 17649 12 17905 11 18161 10 18418 8 18675 6 19171 1 19423 3 19679 3 19934 3 20183 3 20189 3 20437 5 20444 4 20692 11 20947 9 21202 9 21458 7 21715 5 21972 3 22741 1 23280 2 23535 4 23790 6 24046 5 24302 5 24558 4 24815 3 26277 3 26532 6 26787 7 27042 9 27298 10 27553 11 27809 11 28065 11 28322 10 28338 4 28578 9 28593 5 28835 7 28849 5 29093 4 29104 6 29360 5 29617 3 30114 1 30368 4 30624 4 30881 1 30901 3 31155 6 31410 8 31665 9 31919 13 32174 16 32255 1 32429 18 32510 2 32682 21 32766 2 32930 23 32954 2 32958 1 33022 2 33184 28 33214 1 33278 2 33440 17 33464 4 33534 2 33697 12 33720 8 33789 3 33954 10 33976 10 34044 4 34210 8 34231 13 34300 4 34462 4 34470 1 34486 14 34555 5 34717 7 34742 14 34811 5 34972 11 34998 13 35067 4 35228 12 35254 12 35323 5 35484 14 35510 12 35579 5 35741 14 35766 11 35835 5 35997 9 36008 3 36023 10 36092 4 36253 9 36264 2 36279 10 36349 3 36510 7 36535 10 36607 1 36767 5 36792 9 37025 2 37048 9 37119 1 37282 2 37304 11 37538 4 37546 2 37561 10 37793 7 37802 2 37817 10 38037 4 38049 11 38073 10 38293 4 38305 10 38329 10 38550 4 38560 10 38584 10 38808 2 38815 11 38840 10 39064 3 39071 11 39096 10 39320 4 39326 13 39348 3 39352 10 39576 4 39582 13 39602 6 39611 7 39832 19 39857 7 39869 6 40088 19 40113 7 40125 7 40343 21 40370 6 40381 6 40598 7 40608 14 40627 2 40638 4 40855 4 40865 15 41122 15 41378 15 41634 16 41890 16 42146 15 42402 16 42658 16 42913 17 43169 17 43424 18 43680 18 43935 19 44190 20 44445 21 44701 22 44956 24 45211 25 45467 25 45722 26 45978 25 46009 1 46234 25 46264 3 46490 24 46521 1 46746 23 47003 22 47260 22 47516 22 47557 1 47772 23 47813 1 48028 23 48069 1 48284 23 48541 22 48797 22 49054 20 49310 20 49566 9 49576 9 49604 2 49822 8 49836 5 49860 3 50078 7 50116 4 50335 6 50369 1 50372 5 50593 3 50624 9 50878 11 51134 11 51390 12 51413 3 51645 14 51669 3 51896 2 51900 15 52151 21 52366 3 52406 23 52620 6 52662 24 52873 9 52918 24 53127 12 53175 24 53207 1 53382 14 53431 24 53462 2 53637 16 53687 24 53719 1 53895 15 53943 24 54153 3 54158 9 54199 24 54410 1 54415 8 54456 22 54671 8 54712 21 54916 1 54927 8 54949 2 54969 14 55170 4 55182 17 55204 5 55226 12 55283 3 55419 4 55425 9 55435 21 55460 6 55483 11 55537 5 55673 40 55715 8 55739 11 55792 5 55928 41 55971 10 55997 9 56048 5 56183 42 56227 12 56255 7 56300 9 56442 40 56483 12 56504 3 56513 4 56555 10 56700 53 56758 6 56809 8 56954 56 57011 10 57065 7 57084 4 57209 68 57320 5 57339 5 57460 1 57464 69 57576 4 57594 6 57714 4 57720 68 57831 4 57849 7 57968 6 57976 68 58087 4 58103 9 58224 6 58231 68 58303 7 58343 4 58359 9 58480 6 58487 81 58599 4 58614 10 58736 40 58777 18 58798 27 58855 3 58870 10 58992 55 59054 28 59109 5 59126 10 59196 5 59248 29 59280 21 59310 29 59365 5 59381 11 59450 8 59505 27 59534 22 59566 29 59621 6 59637 11 59704 10 59719 5 59762 26 59789 22 59821 31 59876 7 59894 10 59959 11 59975 6 60020 24 60045 22 60076 32 60132 9 60152 5 60214 12 60230 8 60276 23 60300 24 60332 32 60388 11 60419 5 60470 12 60486 8 60533 50 60587 13 60604 16 60644 13 60672 10 60726 12 60742 8 60789 51 60841 14 60862 14 60899 15 60928 10 60984 10 60997 8 61045 65 61119 13 61154 15 61184 11 61197 2 61241 19 61301 65 61375 12 61410 15 61443 14 61498 17 61557 65 61630 11 61665 15 61701 12 61754 16 61813 62 61876 1 61885 11 61921 15 61959 11 62011 16 62069 65 62137 12 62177 15 62218 9 62268 15 62324 73 62432 16 62476 8 62525 14 62580 71 62688 16 62735 6 62781 14 62836 70 62944 16 62991 6 63040 11 63093 67 63200 17 63249 4 63298 9 63349 66 63456 18 63505 4 63554 9 63606 65 63712 19 63761 4 63810 9 63864 56 63922 5 63968 19 64019 2 64037 4 64066 10 64120 56 64225 19 64281 2 64291 8 64323 9 64358 1 64377 8 64387 45 64482 18 64536 4 64545 11 64574 17 64613 5 64632 8 64644 44 64727 5 64738 18 64791 21 64829 19 64868 8 64887 9 64900 44 64982 6 64995 17 65047 21 65085 5 65091 13 65124 8 65142 11 65158 42 65237 7 65251 17 65303 3 65307 17 65342 3 65349 12 65379 10 65397 13 65423 33 65492 9 65507 15
942725,0 7 26 7 85 11 155 40 256 6 281 9 341 11 411 39 512 5 536 10 596 12 667 39 768 4 791 11 851 12 923 39 1024 1 1041 2 1047 11 1107 12 1179 38 1296 5 1302 11 1362 12 1435 38 1551 18 1618 12 1692 36 1807 18 1874 11 1949 35 2063 18 2131 9 2206 34 2319 17 2388 6 2464 31 2575 17 2646 2 2722 29 2832 16 2979 27 3089 15 3235 23 3345 15 3491 25 3523 4 3602 14 3681 4 3747 24 3778 5 3807 4 3858 14 3935 7 4003 23 4033 6 4062 5 4114 14 4190 9 4258 6 4266 16 4288 7 4317 9 4371 12 4445 11 4512 5 4523 14 4543 8 4572 11 4628 11 4701 11 4767 5 4780 12 4799 9 4823 16 4845 2 4848 2 4884 12 4958 12 5023 6 5037 11 5055 9 5078 13 5105 2 5140 13 5214 13 5279 6 5294 5 5311 11 5327 1 5333 14 5363 3 5395 15 5470 14 5535 5 5567 13 5583 4 5588 11 5600 2 5604 2 5622 2 5651 15 5726 13 5793 2 5824 31 5858 5 5878 3 5907 16 5983 12 6074 3 6080 30 6113 11 6135 3 6163 16 6240 4 6246 4 6330 4 6337 29 6368 16 6391 4 6419 15 6586 4 6593 49 6647 6 6674 16 6842 4 6848 50 6903 9 6929 15 7098 4 7104 51 7159 9 7184 10 7353 58 7412 12 7439 11 7608 72 7695 12 7860 76 7946 3 7951 12 8115 61 8179 13 8202 18 8276 7 8288 7 8300 4 8363 1 8370 61 8436 12 8458 19 8530 11 8544 7 8556 5 8617 5 8625 62 8692 10 8716 17 8785 13 8800 7 8811 8 8873 69 8948 10 8976 14 9040 14 9057 4 9068 10 9108 3 9129 69 9204 10 9232 14 9296 13 9314 1 9330 10 9363 4 9385 68 9459 12 9488 14 9551 13 9587 10 9618 5 9642 67 9715 13 9735 4 9743 16 9807 12 9844 10 9874 5 9899 65 9971 13 9991 6 9999 16 10063 12 10103 6 10156 64 10227 13 10247 24 10292 3 10319 11 10359 5 10377 2 10418 43 10462 14 10484 12 10503 24 10547 4 10575 10 10613 8 10631 5 10676 40 10718 14 10747 5 10760 11 10775 7 10803 3 10832 9 10848 1 10868 10 10886 7 10934 38 10974 13 11003 5 11016 11 11030 8 11088 9 11118 16 11142 7 11190 56 11260 4 11273 8 11285 10 11346 6 11373 18 11398 7 11446 56 11510 4 11517 3 11540 13 11568 2 11602 5 11627 20 11653 7 11702 55 11763 13 11796 17 11822 7 11839 3 11859 3 11882 22 11909 7 11958 54 12018 14 12052 17 12077 8 12092 8 12101 7 12138 22 12165 6 12214 54 12273 15 12308 18 12333 8 12346 19 12393 24 12420 6 12471 39 12512 11 12529 15 12564 18 12589 8 12601 23 12649 25 12676 2 12728 8 12739 26 12785 15 12820 18 12844 9 12857 26 12905 26 12932 1 12986 6 12996 17 13014 7 13041 15 13075 33 13115 25 13160 28 13242 5 13254 13 13274 3 13297 15 13331 32 13373 24 13415 29 13499 3 13512 11 13551 17 13586 16 13605 17 13632 22 13671 28 13768 11 13808 16 13841 15 13861 19 13889 21 13927 28 14024 11 14064 16 14096 5 14105 2 14109 2 14117 21 14145 21 14183 27 14280 12 14294 2 14309 2 14319 17 14351 4 14373 22 14401 21 14439 27 14537 16 14564 7 14573 19 14606 4 14628 23 14657 20 14686 36 14794 15 14821 28 14862 3 14883 24 14913 20 14941 36 15051 14 15078 29 15118 3 15136 28 15170 12 15197 36 15309 12 15333 1 15336 28 15373 4 15391 29 15426 11 15453 9 15465 22 15566 11 15589 1 15592 29 15629 4 15646 30 15682 11 15709 9 15722 20 15827 8 15839 1 15847 31 15883 6 15901 31 15937 12 15966 8 15979 18 16084 12 16103 33 16139 6 16157 31 16194 10 16222 8 16236 16 16340 13 16359 4 16364 33 16412 32 16450 9 16478 8 16493 15 16596 13 16615 3 16620 31 16668 33 16709 4 16734 8 16752 11 16852 13 16871 3 16876 31 16925 32 16966 1 16972 1 16990 8 17012 5 17109 11 17127 3 17133 30 17181 31 17222 3 17228 1 17248 6 17365 9 17383 3 17388 31 17422 5 17437 30 17478 4 17623 5 17639 4 17644 32 17677 8 17693 29 17733 6 17895 47 17949 29 17989 6 18151 49 18206 29 18409 3 18414 43 18463 28 18510 5 18667 1 18672 41 18720 28 18765 7 18845 5 18928 9 18940 30 18977 28 19020 8 19054 2 19100 7 19185 7 19200 26 19232 28 19275 10 19310 10 19356 8 19442 5 19456 20 19478 4 19488 28 19525 16 19566 11 19612 8 19712 13 19727 5 19735 4 19744 22 19767 2 19781 16 19822 11 19867 9 19947 1 19968 12 19983 5 19992 30 20037 16 20079 11 20091 2 20122 11 20201 6 20224 12 20239 5 20249 5 20257 22 20295 13 20336 8 20378 12 20457 7 20480 12 20494 6 20505 5 20513 22 20552 12 20593 7 20606 3 20634 12 20712 8 20736 11 20750 5 20762 4 20770 6 20777 14 20808 13 20849 6 20864 1 20890 13 20968 7 20992 11 21005 5 21018 4 21028 1 21039 8 21064 13 21106 3 21120 3 21146 14 21215 3 21225 5 21248 17 21275 3 21295 3 21319 15 21361 3 21378 1 21402 13 21470 5 21504 7 21515 6 21532 1 21551 2 21575 16 21617 2 21635 2 21659 12 21726 5 21760 6 21770 7 21800 2 21807 2 21830 17 21872 3 21891 3 21916 8 21982 6 22025 8 22055 3 22063 3 22086 19 22128 2 22147 5 22172 7 22238 6 22279 10 22311 4 22318 4 22342 20 22384 2 22395 2 22403 5 22430 3 22494 8 22535 10 22567 4 22574 5 22598 6 22609 11 22631 7 22639 3 22650 4 22658 6 22750 10 22792 9 22832 1 22854 4 22867 17 22887 10 22907 3 22915 5 23007 9 23049 9 23124 17 23143 10 23163 3 23171 4 23264 7 23310 4 23382 14 23400 9 23419 3 23522 4 23567 4 23638 14 23656 9 23675 3 23824 2 23894 14 23913 8 24149 14 24169 8 24258 8 24405 14 24426 7 24513 13 24660 14 24682 7 24702 2 24768 16 24915 14 24938 7 24958 2 25024 17 25125 6 25168 1 25171 13 25194 2 25197 5 25204 1 25213 3 25280 17 25378 11 25427 10 25450 1 25454 10 25466 5 25537 16 25633 12 25683 8 25706 1 25711 16 25794 15 25890 12 25939 6 25962 1 25966 16 26051 15 26146 12 26196 3 26222 16 26309 13 26402 12 26478 7 26566 12 26659 11 26733 8 26823 10 26916 9 26989 7 27081 6 27173 7 27245 6 27383 3 27504 1 27638 5 27730 5 27893 7 27985 8 28149 8 28238 12 28404 9 28494 15 28660 10 28750 16 28798 4 28916 10 29006 16 29046 1 29053 7 29077 5 29172 10 29262 10 29273 3 29302 1 29308 9 29332 8 29428 10 29519 9 29558 1 29564 10 29587 10 29683 12 29775 9 29820 12 29842 11 29939 12 30032 8 30076 12 30097 13 30194 14 30288 8 30331 14 30352 14 30450 14 30544 7 30587 14 30607 15 30705 15 30800 6 30843 15 30862 16 30956 20 31056 6 31070 1 31100 33 31212 20 31312 6 31323 4 31361 28 31468 20 31568 6 31578 6 31618 26 31726 18 31825 5 31834 6 31875 25 31984 15 32081 6 32090 7 32131 24 32241 14 32337 6 32347 8 32364 2 32387 24 32497 14 32593 6 32604 7 32618 4 32642 24 32754 13 32849 7 32861 6 32872 6 32897 25 33011 13 33105 7 33117 7 33126 5 33153 24 33269 6 33362 4 33367 2 33373 11 33409 24 33564 1 33624 2 33628 12 33666 23 33819 3 33880 2 33883 12 33922 22 34076 2 34139 12 34178 22 34395 12 34434 23 34651 12 34690 23 34907 12 34946 24 35164 10 35202 24 35420 9 35458 8 35467 15 35676 9 35714 6 35724 14 35932 8 35972 2 35980 14 36188 8 36202 1 36236 14 36344 3 36377 5 36445 7 36456 4 36493 14 36597 11 36632 7 36702 5 36712 4 36749 15 36851 13 36888 7 36960 1 36967 4 37006 14 37105 15 37144 7 37223 4 37248 11 37261 15 37360 16 37400 7 37478 3 37501 31 37614 18 37657 6 37756 22 37781 7 37794 14 37867 21 37914 4 38011 22 38037 7 38049 18 38121 23 38266 8 38276 13 38293 6 38304 20 38376 24 38522 8 38533 13 38547 7 38558 23 38632 24 38719 2 38778 8 38788 22 38814 24 38888 24 38976 1 39034 7 39044 21 39069 25 39143 25 39289 8 39300 21 39325 25 39399 25 39460 1 39538 1 39543 9 39556 8 39567 10 39581 25 39654 26 39731 2 39793 15 39812 7 39824 9 39837 24 39910 27 39986 4 40048 17 40068 6 40080 7 40093 20 40165 35 40241 6 40303 18 40336 7 40350 18 40421 37 40487 3 40491 2 40497 7 40559 18 40593 5 40606 8 40617 7 40677 38 40742 19 40814 18 40849 4 40863 6 40873 6 40933 38 40997 21 41070 18 41104 4 41123 5 41129 7 41189 39 41253 21 41326 18 41354 2 41358 5 41379 13 41399 2 41445 24 41472 12 41509 21 41582 17 41609 7 41635 13 41653 9 41701 24 41728 13 41764 22 41838 18 41865 7 41891 13 41908 13 41926 3 41957 23 41984 16 42020 20 42102 10 42121 7 42147 13 42162 24 42213 22 42240 17 42276 19 42364 4 42378 6 42400 42 42468 23 42496 18 42532 18 42621 2 42635 6 42655 44 42722 25 42752 18 42788 16 42892 5 42910 45 42977 26 43008 19 43044 11 43148 5 43166 45 43233 17 43253 7 43264 18 43301 10 43404 6 43421 45 43489 10 43512 5 43521 17 43557 11 43660 5 43675 46 43747 6 43777 16 43814 10 43917 4 43930 47 43987 1 44031 1 44033 16 44070 10 44186 47 44242 3 44287 1 44290 15 44328 7 44441 48 44497 5 44542 2 44546 16 44585 6 44696 51 44752 7 44798 2 44803 15 44842 4 44950 70 45054 2 45059 15 45205 73 45311 1 45315 16 45352 2 45460 76 45570 19 45606 5 45717 76 45824 22 45861 6 45973 77 46080 23 46117 7 46230 77 46336 23 46372 8 46487 76 46592 23 46628 9 46749 71 46848 23 46884 9 47006 70 47104 23 47139 11 47264 66 47360 23 47390 18 47520 65 47616 23 47644 21 47776 65 47872 23 47899 24 48032 66 48128 4 48135 17 48154 27 48286 29 48316 11 48328 26 48384 3 48392 16 48410 27 48542 26 48574 8 48584 27 48640 2 48646 18 48666 28 48798 10 48831 10 48843 24 48896 1 48900 20 48923 28 49054 9 49088 9 49099 24 49152 22 49179 28 49310 8 49346 6 49354 26 49408 20 49435 29 49567 6 49603 5 49609 27 49664 12 49677 6 49689 31 49824 3 49860 32 49920 11 49945 32 50116 32 50157 1 50176 12 50200 33 50372 31 50411 4 50432 12 50456 33 50625 5 50632 26 50667 7 50688 13 50711 34 50879 6 50888 25 50923 8 50944 12 50967 34 51135 6 51144 23 51180 3 51184 8 51200 12 51221 36 51268 4 51390 7 51399 24 51440 10 51456 11 51475 38 51524 5 51645 9 51655 23 51696 4 51702 5 51712 4 51730 15 51747 20 51780 5 51900 35 51949 6 51958 5 51968 4 51985 16 52003 18 52037 4 52156 35 52201 10 52215 4 52224 4 52241 17 52260 16 52293 6 52411 36 52454 14 52471 4 52480 5 52497 17 52517 15 52542 2 52550 6 52564 1 52584 2 52587 5 52667 35 52709 15 52728 2 52736 6 52753 17 52775 13 52797 5 52803 10 52817 7 52839 10 52924 33 52964 17 52992 6 53009 16 53032 12 53053 32 53094 13 53181 30 53219 19 53248 7 53266 15 53290 9 53309 33 53350 14 53438 29 53474 20 53504 7 53524 12 53547 8 53565 35 53605 16 53695 27 53729 21 53760 6 53782 6 53806 3 53821 48 53871 6 53953 25 53985 22 54016 6 54076 46 54128 6 54214 20 54240 23 54272 5 54332 28 54361 16 54384 7 54472 17 54494 25 54528 5 54587 29 54617 15 54641 11 54728 17 54749 26 54784 4 54844 28 54873 15 54897 13 54985 14 55004 26 55040 4 55101 34 55137 3 55153 15 55243 10 55259 24 55296 5 55361 31 55394 1 55408 17 55504 4 55514 25 55552 5 55617 31 55650 1 55661 1 55663 19 55770 26 55801 2 55808 5 55872 36 55917 22 56025 28 56057 2 56064 5 56128 37 56173 22 56281 28 56312 3 56320 5 56383 38 56428 22 56536 31 56568 3 56576 5 56639 38 56683 6 56691 15 56792 31 56824 2 56832 4 56895 39 56939 6 56949 13 57047 34 57088 1 57151 39 57195 6 57205 12 57301 35 57408 42 57451 5 57462 10 57556 37 57665 46 57719 8 57811 38 57921 46 57976 6 58067 25 58094 11 58153 4 58174 1 58177 46 58232 6 58322 25 58351 10 58410 3 58429 3 58433 46 58488 7 58578 25 58607 9 58684 51 58743 9 58834 24 58865 1 58868 3 58940 51 58999 10 59091 23 59121 1 59125 1 59196 51 59255 11 59347 22 59436 5 59452 6 59459 41 59501 2 59511 13 59604 22 59691 8 59708 5 59715 40 59758 1 59766 15 59861 16 59879 6 59947 8 59963 5 59971 40 60022 16 60118 10 60131 8 60159 1 60203 8 60218 6 60227 40 60278 17 60375 8 60388 7 60415 1 60458 9 60474 49 60534 17 60635 2 60645 5 60671 1 60713 10 60729 50 60790 18 60901 5 60927 1 60968 12 60984 50 61046 18 61067 6 61157 4 61223 44 61272 18 61302 28 61383 8 61413 3 61478 44 61529 17 61558 28 61637 11 61685 7 61734 43 61789 12 61814 8 61823 19 61891 15 61940 10 61990 43 62046 11 62070 28 62148 14 62197 9 62246 42 62304 8 62327 27 62404 15 62454 9 62464 3 62502 42 62552 2 62585 26 62661 14 62713 12 62758 41 62806 4 62842 25 62868 1 62917 14 62971 1 62975 6 63014 42 63061 6 63100 23 63174 13 63231 7 63272 40 63315 8 63356 22 63381 4 63430 13 63487 7 63533 35 63570 7 63613 21 63638 2 63687 11 63743 7 63790 32 63823 9 63870 18 63944 10 64000 6 64047 31 64079 8 64126 20 64199 10 64256 6 64305 11 64317 14 64334 8 64383 20 64421 2 64454 10 64512 6 64565 4 64574 12 64591 8 64639 21 64667 4 64676 3 64712 8 64768 5 64830 12 64847 8 64896 21 64919 16 64969 6 65024 5 65086 12 65103 8 65152 39 65280 5 65342 12 65360 8 65408 39
944809, 
962767,22 17 125 25 170 58 239 17 279 16 382 24 427 58 496 16 535 15 638 24 684 57 751 17 791 15 895 22 947 49 1006 18 1048 14 1152 19 1203 50 1262 18 1306 11 1408 17 1458 52 1518 18 1567 2 1664 16 1713 53 1773 19 1920 14 1969 54 2025 23 2177 11 2226 78 2483 77 2741 76 2999 76 3256 77 3513 76 3770 75 4029 72 4288 69 4544 68 4800 68 5056 67 5312 64 5568 64 5824 64 6081 63 6337 63 6593 63 6849 63 7105 63 7271 4 7360 47 7408 16 7526 6 7616 21 7640 23 7664 16 7781 7 7872 21 7896 40 8039 6 8128 64 8296 5 8383 65 8552 5 8639 65 8812 2 8815 2 8896 64 9068 5 9152 38 9192 24 9324 6 9409 34 9449 23 9580 5 9665 30 9696 4 9705 23 9836 5 9894 2 9922 29 9953 3 9961 23 10091 4 10150 2 10178 29 10208 4 10217 23 10328 1 10346 5 10406 2 10435 33 10473 23 10583 4 10601 6 10691 28 10721 1 10728 24 10830 3 10836 9 10856 8 10948 27 10984 24 11084 36 11204 27 11232 4 11239 25 11339 37 11461 32 11494 26 11595 36 11717 30 11750 26 11850 16 11867 19 11973 30 12006 26 12106 8 12123 19 12229 29 12263 25 12363 6 12378 19 12485 29 12519 3 12526 15 12542 2 12619 5 12634 18 12741 30 12775 2 12782 14 12876 3 12890 18 12998 29 13031 2 13038 14 13146 6 13155 8 13255 30 13286 21 13402 5 13411 8 13513 9 13524 38 13668 6 13772 6 13782 35 13925 4 14029 4 14041 32 14285 4 14299 30 14540 5 14556 29 14797 3 14813 28 15069 30 15103 1 15327 26 15586 20 15843 19 16100 18 16357 5 16365 9 16615 1 16622 8 16738 3 16879 6 16993 5 17002 2 17137 1 17249 20 17505 22 17756 4 17761 24 18011 31 18267 31 18523 31 18767 4 18780 29 18899 3 19022 7 19037 27 19154 6 19279 6 19299 20 19409 7 19535 6 19557 17 19630 2 19664 8 19792 3 19815 14 19885 4 19920 7 20075 9 20140 6 20175 6 20334 4 20396 6 20431 9 20652 6 20687 11 20909 4 20942 12 21184 8 21194 17 21440 29 21696 20 21720 8 21951 21 21977 7 22207 20 22236 5 22462 21 22492 6 22698 4 22717 21 22749 6 22931 5 22953 5 22968 26 23005 7 23186 8 23209 5 23222 28 23261 7 23443 7 23464 6 23478 21 23500 6 23517 7 23699 7 23720 5 23733 22 23756 6 23773 7 23956 4 23975 6 23989 22 24012 6 24028 8 24230 7 24245 22 24268 5 24283 9 24484 9 24501 28 24539 8 24736 12 24757 28 24795 8 24990 15 25013 28 25051 9 25128 2 25245 16 25269 28 25307 11 25383 5 25444 5 25500 19 25525 29 25563 12 25636 9 25662 3 25699 7 25756 20 25782 3 25788 3 25802 8 25818 13 25891 10 25918 3 25954 7 26012 12 26025 7 26058 13 26074 13 26147 10 26174 3 26210 6 26269 10 26281 8 26315 13 26330 13 26403 2 26432 1 26468 2 26524 22 26572 28 26659 2 26688 10 26699 4 26780 22 26806 1 26828 28 26914 2 26943 19 26994 3 27036 22 27085 27 27169 2 27199 20 27249 5 27292 22 27341 27 27425 2 27454 23 27506 5 27549 3 27553 16 27597 28 27681 2 27709 25 27764 5 27810 14 27854 27 27936 4 27965 26 28021 4 28067 10 28111 25 28192 4 28197 3 28221 27 28277 4 28291 3 28368 24 28449 8 28477 9 28489 16 28533 4 28547 3 28626 22 28706 7 28733 7 28746 16 28790 3 28802 5 28885 18 28962 6 28990 6 29001 18 29046 3 29058 5 29141 18 29217 7 29246 7 29256 20 29302 3 29314 4 29398 17 29470 8 29498 1 29502 6 29511 21 29557 5 29568 6 29653 8 29663 7 29725 7 29752 6 29759 4 29766 22 29812 6 29822 8 29908 8 29981 7 30006 9 30017 3 30021 11 30033 10 30068 6 30077 9 30164 8 30236 8 30259 12 30273 13 30290 8 30323 19 30419 8 30493 7 30510 18 30530 11 30547 7 30579 7 30587 12 30635 5 30676 6 30750 6 30765 19 30787 9 30803 7 30835 5 30843 12 30882 3 30889 7 31007 5 31021 20 31043 8 31060 6 31092 2 31099 12 31137 16 31264 3 31277 21 31299 8 31318 4 31356 12 31392 17 31534 20 31555 8 31613 10 31643 3 31647 18 31790 20 31812 7 31871 7 31897 24 32049 26 32129 4 32152 25 32181 5 32307 24 32407 26 32436 8 32563 24 32662 27 32692 9 32818 27 32918 27 32948 14 33073 29 33175 27 33203 16 33329 19 33354 4 33432 26 33459 17 33571 3 33583 20 33611 3 33693 39 33826 6 33837 21 33868 1 33950 37 34082 4 34092 8 34101 13 34206 37 34340 1 34348 7 34358 2 34361 9 34462 37 34604 23 34718 37 34859 3 34863 22 34974 36 35115 2 35119 24 35229 38 35357 2 35372 1 35375 24 35485 38 35612 4 35631 24 35738 42 35867 6 35887 24 35993 44 36121 9 36143 25 36248 44 36376 11 36399 25 36503 44 36632 11 36655 25 36758 44 36887 13 36912 24 37013 44 37143 15 37169 23 37268 44 37399 17 37427 22 37524 43 37655 19 37684 21 37780 43 37885 3 37911 11 37923 13 37943 3 37950 11 38036 42 38140 4 38156 7 38168 9 38181 21 38207 10 38292 42 38396 4 38411 9 38425 7 38441 18 38463 10 38548 43 38652 4 38667 10 38682 6 38698 17 38719 9 38804 43 38907 5 38923 12 38938 6 38956 16 38973 11 38995 11 39060 42 39163 5 39179 14 39195 5 39213 26 39250 12 39270 3 39316 42 39418 6 39435 15 39451 4 39470 24 39505 14 39525 7 39571 43 39673 7 39691 15 39708 2 39726 24 39760 15 39781 8 39827 42 39928 8 39947 16 39983 12 40000 7 40016 16 40036 18 40082 43 40184 8 40204 16 40240 11 40256 6 40272 41 40338 21 40361 21 40440 8 40461 16 40497 8 40513 5 40527 45 40593 22 40622 8 40632 8 40696 8 40718 16 40770 3 40783 46 40850 20 40879 6 40888 9 40952 8 40972 8 40984 7 41040 46 41106 20 41135 19 41208 8 41226 9 41241 6 41296 46 41362 20 41391 18 41465 7 41481 11 41498 5 41553 46 41619 19 41647 16 41722 6 41736 12 41755 3 41811 44 41875 19 41903 16 41978 6 41991 12 42068 16 42089 21 42133 17 42158 16 42235 5 42246 13 42325 14 42344 22 42389 10 42400 6 42413 17 42491 5 42503 12 42582 12 42599 22 42646 8 42657 9 42669 17 42748 4 42759 12 42843 7 42855 22 42902 8 42914 28 43005 3 43015 13 43102 32 43159 7 43170 28 43271 14 43357 34 43416 6 43427 27 43527 16 43612 37 43673 4 43685 25 43783 16 43867 39 43942 24 44039 16 44122 41 44198 24 44295 16 44378 42 44454 23 44551 15 44593 2 44598 4 44607 5 44633 43 44710 22 44806 16 44826 3 44848 21 44889 45 44967 20 45060 18 45079 8 45102 24 45145 47 45224 7 45233 8 45316 18 45335 10 45354 29 45401 49 45481 4 45489 7 45572 30 45608 32 45657 50 45745 7 45830 29 45863 33 45913 50 46001 6 46086 66 46169 51 46258 4 46342 48 46393 15 46425 51 46598 47 46649 15 46681 50 46821 1 46824 5 46854 46 46905 15 46936 51 47071 22 47109 48 47162 14 47191 52 47326 25 47365 49 47420 12 47446 53 47580 28 47621 52 47678 10 47701 54 47835 31 47876 53 47934 10 47956 55 48091 32 48132 53 48190 9 48212 55 48347 33 48388 53 48445 10 48468 54 48603 34 48643 55 48700 11 48724 49 48859 34 48899 68 48980 49 49115 35 49154 68 49235 51 49371 34 49410 68 49491 51 49627 34 49666 67 49747 51 49883 33 49922 67 50003 50 50139 30 50179 66 50260 48 50397 27 50437 64 50516 42 50655 7 50664 15 50695 47 50743 7 50754 1 50772 41 50912 5 50920 15 50952 45 51000 5 51028 40 51169 4 51177 15 51213 40 51284 37 51425 6 51432 16 51470 39 51540 36 51681 23 51728 3 51736 29 51795 37 51937 23 51993 19 52015 6 52051 36 52192 24 52250 18 52273 2 52307 35 52351 2 52447 10 52458 14 52508 16 52563 35 52605 5 52702 10 52715 13 52766 13 52819 34 52860 7 52958 7 52970 14 53023 12 53076 33 53115 8 53214 6 53226 11 53279 10 53305 3 53332 47 53470 6 53479 12 53536 6 53560 5 53590 18 53609 26 53696 3 53726 7 53734 12 53773 1 53792 6 53815 6 53847 17 53865 25 53952 4 53981 19 54028 2 54048 5 54071 7 54104 16 54121 25 54207 6 54237 17 54284 3 54305 4 54326 9 54361 41 54463 6 54492 16 54540 3 54561 5 54582 11 54617 41 54720 5 54748 15 54818 5 54837 13 54874 40 55004 14 55074 5 55092 15 55138 32 55261 13 55331 4 55347 17 55395 30 55517 12 55587 5 55602 18 55651 29 55773 12 55844 3 55856 19 55907 29 56030 11 56110 21 56163 29 56287 10 56366 16 56419 28 56548 5 56621 16 56674 29 56805 4 56877 7 56886 5 56930 27 57134 6 57196 16 57390 6 57453 5 57461 6 57646 6 57710 3 57718 4 57903 4 58159 4 58282 2 58423 4 58535 6 58678 5 58782 16 58881 2 58933 7 59038 21 59136 5 59189 8 59294 22 59392 5 59445 12 59464 3 59550 23 59584 2 59648 6 59701 13 59719 5 59805 25 59839 4 59904 6 59913 5 59957 13 59974 6 60061 26 60092 7 60160 16 60213 13 60230 6 60317 39 60416 17 60469 13 60486 5 60572 8 60581 32 60672 17 60725 12 60743 4 60828 6 60838 32 60928 17 60981 11 61084 6 61095 31 61184 17 61237 11 61341 4 61352 30 61440 16 61493 11 61597 4 61611 28 61696 15 61746 14 61853 9 61868 27 61952 14 62001 15 62108 12 62125 26 62208 14 62256 16 62364 12 62381 25 62464 13 62513 16 62618 14 62637 24 62720 12 62769 16 62872 9 62882 6 62893 23 62976 12 63025 17 63128 44 63232 12 63282 16 63384 43 63488 12 63538 16 63640 42 63744 12 63794 16 63896 42 64000 13 64050 16 64154 24 64181 12 64256 13 64307 15 64411 23 64439 9 64512 12 64565 13 64667 13 64682 7 64694 9 64768 12 64823 12 64918 3 64926 10 64938 6 64950 8 65024 10 65083 8 65174 4 65184 7 65196 4 65206 8 65280 8 65342 5 65429 5 65443 3 65453 2 65463 6
966384,87 14 119 11 165 20 193 9 240 11 343 13 375 11 422 19 449 11 496 10 551 2 599 13 632 9 678 17 705 11 752 10 807 2 855 12 890 1 935 14 961 12 1007 11 1063 3 1112 10 1198 3 1217 13 1262 12 1318 4 1325 5 1368 5 1472 14 1517 12 1575 2 1582 5 1625 2 1728 13 1773 12 1839 4 1939 6 1983 4 2029 11 2096 3 2194 7 2240 2 2285 11 2450 6 2541 10 2707 3 2798 8 2880 3 3056 4 3136 5 3271 4 3391 7 3525 8 3647 8 3780 9 3840 3 3902 6 3910 3 4028 2 4036 8 4096 4 4158 6 4168 2 4283 3 4292 8 4336 4 4352 5 4414 6 4425 2 4539 3 4548 5 4554 2 4590 10 4608 4 4681 4 4794 4 4804 5 4810 2 4845 12 4864 1 4937 5 5048 6 5060 8 5073 1 5101 12 5116 4 5193 6 5304 6 5316 9 5328 2 5356 20 5450 5 5559 7 5573 8 5584 2 5612 20 5707 3 5815 8 5830 8 5840 2 5867 8 5876 3 5880 8 6072 7 6088 5 6122 8 6132 3 6137 7 6329 7 6377 6 6389 1 6394 6 6572 4 6585 7 6632 5 6645 1 6651 5 6756 4 6824 10 6846 2 6889 3 6901 1 6908 2 7004 4 7011 6 7079 13 7147 1 7156 3 7259 14 7333 16 7403 1 7411 4 7514 16 7590 15 7667 5 7741 2 7770 16 7847 15 7923 5 8025 17 8052 3 8104 14 8280 19 8307 4 8361 5 8368 5 8534 21 8563 4 8618 3 8625 4 8790 21 8818 5 8874 2 8882 2 9014 1 9046 21 9074 5 9138 2 9269 2 9303 20 9330 5 9376 7 9395 1 9464 3 9561 18 9586 6 9632 7 9721 2 9818 17 9841 8 9888 6 9977 1 10074 16 10097 10 10145 4 10331 15 10352 12 10451 1 10587 15 10607 13 10706 2 10843 15 10862 14 10900 1 10961 3 11099 15 11117 14 11354 16 11372 13 11408 2 11469 1 11608 18 11628 13 11723 2 11803 1 11863 34 11979 2 12117 22 12141 12 12208 1 12372 23 12399 11 12464 1 12629 22 12656 10 12886 21 12913 9 13143 20 13169 8 13312 1 13400 11 13413 6 13426 7 13638 1 13656 12 13669 5 13686 2 13894 1 13913 11 13928 1 14001 3 14149 2 14159 3 14169 11 14257 3 14404 3 14414 5 14425 11 14513 4 14670 5 14684 6 14734 3 14769 2 14925 5 14989 5 15024 2 15182 3 15245 6 15280 1 15501 6 15534 3 15758 6 15788 5 16015 9 16044 5 16271 8 16303 1 16528 6 16853 2 17109 4 17366 2 17488 1 17996 1 18012 4 18218 5 18267 6 18474 6 18522 7 18730 5 18754 2 18758 1 18778 7 19008 8 19034 7 19264 8 19289 6 19520 8 19544 5 19736 3 19776 9 19990 5 20032 11 20247 4 20288 7 20297 3 20503 3 20544 4 20554 4 20559 2 20707 4 20802 3 20811 6 20839 6 20963 5 21060 1 21068 6 21080 2 21093 9 21219 7 21325 5 21334 6 21349 11 21480 2 21485 1 21582 15 21604 13 21737 6 21837 17 21861 12 21997 1 22093 17 22117 12 22257 1 22347 20 22374 11 22602 21 22631 9 22662 4 22858 22 22886 9 22909 1 22914 10 22946 2 22954 5 23114 37 23164 3 23169 12 23192 24 23372 18 23392 14 23426 11 23448 25 23630 15 23649 13 23686 7 23704 26 23887 13 23908 8 23936 1 23947 2 23961 8 23973 14 24144 11 24165 5 24191 3 24204 3 24218 6 24231 13 24400 11 24423 2 24447 3 24460 2 24477 2 24488 14 24657 10 24704 2 24715 2 24745 14 24803 3 24914 9 24969 3 25002 13 25058 3 25171 8 25206 3 25225 3 25259 13 25312 4 25428 5 25462 2 25470 1 25481 3 25515 13 25567 5 25685 3 25722 6 25738 3 25771 13 25815 1 25821 6 25942 1 25972 2 25977 6 25994 3 26027 12 26070 2 26076 8 26228 11 26250 4 26284 11 26326 2 26332 8 26411 4 26484 11 26507 3 26541 9 26589 7 26665 8 26739 11 26764 3 26798 8 26846 7 26920 11 26994 12 27058 4 27102 6 27175 14 27248 13 27316 2 27359 4 27431 16 27502 14 27522 1 27614 5 27687 18 27728 1 27757 15 27774 6 27869 6 27943 18 27982 3 28013 8 28031 6 28125 6 28202 4 28209 10 28236 5 28269 8 28287 7 28381 6 28466 9 28491 7 28525 7 28544 5 28624 4 28638 6 28672 2 28723 10 28746 8 28782 6 28800 4 28878 6 28894 7 28928 3 28978 6 28986 3 29001 8 29037 7 29134 7 29150 7 29184 3 29234 4 29243 2 29251 2 29256 9 29292 8 29303 4 29389 8 29407 7 29440 4 29490 4 29500 1 29507 3 29512 8 29547 8 29557 8 29644 9 29664 5 29696 8 29714 6 29747 2 29756 1 29763 3 29771 5 29802 8 29813 9 29899 11 29921 3 29952 10 29969 8 30011 2 30016 1 30019 2 30028 3 30058 8 30068 11 30155 11 30208 11 30225 9 30266 4 30271 2 30314 8 30324 12 30387 8 30411 11 30464 11 30480 11 30523 3 30527 2 30570 7 30580 12 30643 10 30667 11 30720 12 30735 13 30782 1 30827 6 30836 11 30901 14 30923 11 30976 12 30991 17 31036 3 31084 6 31091 12 31157 15 31179 10 31232 12 31246 19 31291 4 31340 18 31414 16 31435 10 31488 34 31538 7 31547 3 31597 17 31670 16 31690 11 31744 34 31793 12 31854 15 31926 17 31946 11 32000 14 32016 19 32048 11 32111 14 32182 16 32202 11 32256 14 32273 9 32286 4 32304 11 32367 7 32375 6 32438 16 32459 9 32512 13 32530 6 32541 5 32559 11 32624 5 32632 3 32694 16 32716 7 32768 10 32787 3 32797 5 32815 11 32852 3 32880 1 32950 16 32972 6 33026 7 33053 5 33071 11 33108 1 33207 15 33230 2 33283 6 33308 6 33326 12 33467 11 33507 5 33540 5 33564 7 33583 10 33722 11 33763 5 33798 4 33820 7 33840 9 33976 12 34020 5 34057 2 34076 7 34098 6 34231 6 34277 4 34313 2 34332 7 34355 5 34486 6 34535 1 34588 7 34611 5 34671 2 34742 6 34844 7 34868 4 34926 4 34932 1 34998 6 35100 7 35125 2 35181 5 35356 6 35438 4 35613 4 35696 2 35948 1 35952 2 36134 1 36207 3 36391 1 36462 5 36717 6 36972 8 37227 10 37349 3 37484 10 37603 7 37741 9 37857 10 37977 2 37984 2 38000 5 38113 11 38233 2 38239 6 38368 12 38489 2 38495 6 38556 3 38623 13 38748 10 38797 5 38805 3 38810 7 38879 13 39004 11 39053 6 39060 15 39136 12 39260 10 39309 22 39392 12 39492 1 39508 1 39516 10 39565 23 39648 12 39748 1 39764 3 39774 6 39821 23 39905 11 40002 3 40018 2 40021 2 40079 22 40161 11 40258 5 40278 1 40342 15 40418 10 40514 5 40534 1 40601 12 40675 9 40772 3 40857 12 40932 9 40960 5 40980 4 41029 2 41113 11 41190 6 41216 6 41236 4 41286 6 41370 9 41472 6 41492 5 41543 8 41568 6 41628 6 41728 6 41749 4 41800 8 41822 9 41845 5 41984 6 42006 3 42058 6 42077 11 42099 8 42231 5 42240 7 42262 3 42316 3 42332 12 42355 9 42485 8 42496 7 42518 3 42587 13 42610 10 42740 10 42752 7 42773 4 42843 13 42865 11 42994 13 43008 7 43017 16 43098 14 43120 12 43196 4 43248 15 43264 25 43354 14 43376 11 43450 6 43465 6 43503 16 43520 26 43609 15 43631 9 43703 9 43720 8 43758 43 43865 16 43888 8 43957 11 43975 9 44013 44 44121 16 44144 8 44212 12 44230 10 44268 44 44376 17 44403 3 44467 12 44485 11 44520 47 44632 17 44722 12 44740 12 44776 46 44888 17 44978 12 44994 13 45031 45 45144 17 45233 14 45249 12 45286 45 45400 17 45422 3 45489 14 45504 13 45541 10 45558 16 45576 10 45656 6 45663 10 45676 7 45744 28 45780 2 45795 13 45816 14 45833 9 45912 4 45921 9 45931 8 46000 27 46034 6 46051 13 46073 14 46090 8 46177 18 46203 4 46256 27 46289 8 46306 7 46317 3 46331 1 46336 7 46347 6 46433 18 46458 11 46513 25 46544 9 46561 8 46573 2 46592 7 46605 4 46690 4 46695 12 46714 19 46770 24 46800 9 46816 8 46848 8 46948 1 46952 10 46970 21 47029 20 47056 9 47071 9 47104 8 47209 8 47226 22 47287 16 47313 8 47326 10 47345 1 47360 9 47466 5 47482 23 47544 14 47569 7 47582 10 47600 3 47616 8 47739 23 47799 14 47825 6 47838 11 47855 5 47872 8 47996 23 48056 12 48082 5 48094 12 48111 6 48128 7 48247 3 48253 22 48313 9 48338 4 48350 14 48366 7 48384 7 48502 4 48510 21 48595 3 48605 24 48640 7 48758 5 48766 20 48850 4 48860 26 48896 8 49014 5 49022 20 49106 4 49115 27 49152 8 49270 5 49278 19 49362 5 49370 29 49408 8 49527 3 49535 18 49617 7 49626 13 49640 16 49664 8 49783 3 49791 17 49872 43 49920 7 50047 17 50126 20 50149 23 50176 6 50303 16 50381 16 50407 22 50432 5 50560 14 50636 17 50663 22 50688 4 50816 14 50891 18 50918 23 50944 4 51072 13 51093 6 51140 24 51174 22 51200 4 51328 12 51347 9 51394 26 51430 16 51456 5 51584 12 51601 12 51648 28 51687 14 51712 7 51732 4 51839 30 51904 28 51944 12 51968 8 51987 6 52094 32 52159 29 52202 9 52224 8 52243 6 52348 34 52416 29 52460 6 52480 8 52499 7 52604 33 52672 30 52719 1 52736 8 52755 7 52860 33 52928 20 52950 9 52992 8 53012 6 53116 32 53185 19 53209 7 53248 7 53269 3 53372 31 53441 18 53466 6 53504 7 53628 8 53638 20 53698 17 53722 6 53760 6 53824 1 53884 7 53894 20 53955 16 53979 4 54016 6 54074 9 54140 7 54150 20 54213 3 54217 9 54235 3 54272 5 54329 10 54366 2 54369 4 54397 5 54407 18 54475 7 54528 1 54584 12 54622 9 54654 3 54664 17 54732 5 54839 12 54878 9 54922 13 55095 12 55135 9 55179 11 55352 10 55392 7 55436 8 55608 9 55649 5 55694 5 55865 9 55951 2 56122 9 56378 11 56634 11 56737 4 56831 1 56889 13 56992 12 57085 3 57145 13 57247 14 57340 4 57401 13 57502 16 57595 5 57657 13 57758 17 57850 6 57914 12 58014 17 58107 5 58171 10 58269 17 58363 5 58429 7 58524 19 58591 2 58619 5 58686 5 58779 20 58846 4 58876 4 58944 1 59034 21 59102 3 59132 4 59178 1 59290 21 59389 3 59432 5 59545 22 59645 3 59687 7 59801 21 59901 3 59943 7 60057 21 60157 3 60199 8 60312 21 60414 2 60455 8 60569 22 60712 8 60825 24 60850 6 60968 9 61085 1 61089 24 61223 11 61347 24 61479 11 61603 24 61735 11 61858 26 61950 2 61991 11 62094 2 62114 17 62133 8 62205 3 62247 10 62348 5 62370 16 62391 7 62459 5 62504 8 62603 7 62627 14 62648 7 62714 6 62762 3 62857 10 62884 12 62904 8 62968 8 63109 14 63143 9 63161 8 63223 9 63364 16 63401 7 63418 8 63469 19 63527 3 63619 16 63657 9 63673 9 63724 20 63777 10 63874 17 63914 9 63927 11 63979 21 64024 20 64129 17 64171 11 64183 11 64234 22 64278 23 64384 17 64429 9 64439 12 64488 13 64504 8 64532 25 64639 18 64686 7 64695 12 64744 14 64760 8 64787 27 64894 19 64943 5 64951 12 64999 15 65016 8 65043 28 65150 19 65199 4 65208 11 65254 15 65273 7 65298 29 65405 20 65455 4 65465 10 65509 16 65529 7
972712,20 7 276 7 295 8 532 8 550 10 788 8 805 12 1044 9 1061 13 1300 9 1317 13 1556 9 1573 13 1812 8 1829 12 1932 4 2068 8 2086 10 2188 5 2325 6 2342 10 2443 6 2581 6 2599 9 2699 7 2711 4 2837 6 2855 8 2956 5 2967 5 3094 4 3112 7 3213 4 3223 6 3350 4 3482 3 3606 5 3775 2 3861 7 4030 5 4117 7 4200 3 4285 7 4373 7 4455 4 4529 5 4541 8 4629 7 4711 4 4745 2 4784 6 4797 9 4886 4 5000 3 5039 7 5053 9 5256 4 5294 8 5309 9 5513 3 5550 8 5566 8 5770 4 5806 8 5823 7 6028 1 6063 6 6079 7 6335 7 6591 7 6774 4 6847 6 7026 9 7103 6 7187 2 7282 9 7360 4 7442 4 7539 7 7697 5 7796 5 7952 6 8053 3 8206 8 8461 8 8717 7 8974 5 9231 3 9246 3 9386 4 9493 12 9640 6 9748 13 9894 8 9984 2 10003 15 10150 9 10240 3 10249 4 10259 16 10406 9 10496 5 10504 6 10514 17 10662 8 10752 14 10770 17 10917 9 11008 13 11026 18 11174 8 11264 6 11283 17 11430 7 11520 2 11538 17 11688 2 11794 17 12051 15 12308 13 12565 12 12824 9 13082 7 13340 4 13589 4 13845 5 14102 4 14359 2 14765 2 15020 5 15277 5 15533 5 15789 6 16045 7 16301 7 16395 5 16556 8 16649 8 16812 7 16901 2 16905 10 17068 5 17161 10 17417 11 17673 10 17929 8 18185 3 18441 2 18697 1 18984 2 19239 4 19494 6 19542 2 19750 7 19797 4 20006 7 20052 6 20261 7 20308 6 20516 7 20564 8 20772 8 20821 5 21028 8 21078 4 21285 7 21542 6 21800 3 25091 4 25346 6 25521 3 25600 8 25775 11 25856 8 26031 12 26112 8 26287 12 26368 8 26543 13 26624 8 26798 14 26880 8 27054 15 27136 8 27309 16 27392 8 27565 15 27597 4 27648 7 27821 15 27852 5 27904 7 28078 13 28107 7 28160 7 28334 12 28362 8 28416 7 28591 4 28617 9 28672 6 28708 8 28873 9 28928 5 28963 11 29128 10 29184 3 29218 13 29282 5 29384 11 29440 2 29466 4 29473 14 29537 6 29639 12 29720 23 29791 9 29822 4 29895 13 29976 17 29995 5 30046 11 30078 5 30108 2 30151 12 30232 8 30241 6 30252 5 30302 12 30333 7 30363 4 30407 12 30488 13 30507 6 30524 2 30559 12 30589 8 30619 4 30668 6 30745 8 30762 7 30780 3 30817 10 30846 7 30875 4 31001 7 31017 8 31035 2 31077 6 31101 8 31132 3 31258 6 31272 8 31288 5 31333 7 31357 8 31514 2 31528 8 31590 6 31612 9 31644 1 31784 4 31847 5 31868 8 31895 7 32098 2 32101 7 32125 7 32150 9 32352 11 32381 6 32406 10 32607 12 32638 4 32662 10 32862 13 32918 11 33118 14 33173 12 33374 14 33429 11 33501 4 33630 14 33685 12 33756 6 33886 14 33942 11 34012 6 34142 14 34199 4 34204 5 34230 6 34268 6 34377 2 34399 13 34460 5 34485 8 34524 7 34631 6 34655 12 34716 6 34741 8 34782 6 34885 9 34912 10 34972 6 34997 8 35040 5 35140 10 35170 7 35228 5 35253 9 35296 5 35395 12 35430 2 35485 3 35509 9 35553 4 35651 11 35765 9 35810 2 35907 11 36021 10 36163 10 36278 9 36421 7 36534 10 36679 3 36790 10 37048 7 37305 5 41711 3 41966 5 42221 7 42477 7 42733 6 42919 3 42989 6 43173 6 43246 5 43428 7 43503 4 43683 8 43759 5 43939 7 44017 3 44195 6 44274 1 44452 4 44709 3 46081 6 46336 9 46440 3 46592 11 46695 5 46848 13 46949 7 47104 14 47205 8 47360 15 47461 8 47616 15 47716 9 47872 15 47972 9 48128 14 48228 9 48384 13 48484 9 48641 10 48741 8 48897 9 48997 7 49152 9 49254 6 49408 9 49510 6 49664 9 49767 4 49776 1 49921 8 50024 3 50032 3 50179 5 50280 4 50287 4 50437 2 50536 4 50543 5 50792 4 50798 6 51046 14 51302 15 51558 15 51814 15 52070 14 52327 13 52583 13 52840 12 53096 11 53357 5 54574 1 54828 3 55084 6 55342 4 62224 3 62480 4 62736 5 62992 5 63248 5 63505 5 63761 5 64017 6 64274 5 64530 4
976097,41149 6 41404 7 41659 8 41915 7 42171 5 42428 2 43999 5 44255 6 44511 7 44767 8 45024 8 45281 8 45538 8 45794 9 46050 9 46307 8 46563 7 46818 8 47073 9 47329 10 47585 10 47841 11 48097 11 48355 8 48615 3
980103,0 188 207 1 219 8 240 204 463 1 476 7 495 205 719 2 732 7 750 16 768 187 974 3 988 6 1004 18 1024 186 1228 5 1244 6 1259 20 1280 187 1472 5 1483 1 1486 4 1500 5 1513 210 1728 6 1737 4 1742 3 1757 3 1767 211 1983 7 1992 8 2014 3 2022 212 2239 7 2248 4 2270 2 2275 1 2278 211 2495 11 2527 1 2531 213 2751 7 2783 1 2787 211 3007 1 3042 211 3296 212 3550 213 3799 1 3805 214 4053 4 4061 214 4308 6 4317 213 4565 5 4574 212 4822 4 4833 209 5092 206 5349 205 5606 204 5812 4 5863 211 6120 212 6377 211 6633 211 6889 212 7143 214 7397 218 7650 222 7905 223 8162 222 8419 17 8438 203 8675 18 8694 204 8931 223 9187 6 9197 18 9216 194 9444 3 9456 14 9472 194 9713 14 9728 194 9969 209 10226 10 10240 194 10483 9 10496 194 10740 8 10752 194 10997 7 11008 195 11253 6 11264 196 11509 6 11520 196 11765 4 11770 3 11776 196 12022 3 12026 202 12235 1 12279 206 12489 3 12536 204 12744 5 12791 205 13000 5 13047 205 13257 3 13302 206 13513 3 13558 208 13769 3 13814 208 14025 3 14042 3 14069 215 14296 6 14325 215 14552 7 14581 215 14808 8 14837 215 15065 8 15093 216 15316 2 15321 8 15349 226 15577 9 15605 238 15861 238 16103 3 16117 238 16358 4 16371 1804 18176 2527 20704 5836 26542 254 26799 7 26808 244 27058 4 27065 245 27315 4 27322 240 27578 237 27834 236 28082 2 28089 237 28336 5 28343 234 28580 1 28592 237 28847 239 29091 3 29103 239 29346 6 29360 239 29600 8 29616 248 29873 246 30129 245 30385 241 30641 240 30896 240 31152 239 31408 240 31665 239 31923 239 32166 8 32178 252 32433 254 32688 592 33281 255 33537 255 33793 255 34049 255 34305 255 34561 255 34817 2047 36866 254 37123 253 37384 248 37640 248 37896 248 38151 249 38407 249 38662 250 38917 251 39172 252 39428 252 39684 252 39940 252 40196 252 40451 253 40707 253 40962 254 41218 254 41473 5605 47080 253 47337 252 47594 252 47851 251 48108 19 48128 230 48364 19 48384 230 48621 17 48640 230 48878 15 48896 230 49134 12 49152 231 49391 10 49408 232 49648 8 49664 232 49905 7 49920 233 50161 4 50176 233 50417 4 50432 233 50672 5 50688 228 50929 3 50944 227 51185 3 51200 227 51441 3 51456 228 51697 3 51712 228 51953 3 51968 228 52208 5 52224 229 52463 6 52480 229 52719 6 52736 230 52974 6 52992 230 53230 6 53248 231 53485 6 53504 231 53741 5 53760 233 53994 7 54016 241 54272 240 54528 240 54784 240 55040 240 55288 2 55296 239 55543 3 55552 239 55797 6 55808 239 56053 9 56064 239 56308 251 56564 252 56819 1024 57846 253 58102 254 58360 6 58368 248 58624 248 58880 254 59136 6400
981723,0 6 26 7 35 10 72 3 256 7 281 8 291 10 328 3 512 7 537 8 547 8 584 3 768 8 793 8 806 1 840 3 970 4 1024 8 1050 6 1095 4 1224 6 1280 8 1307 4 1350 4 1480 6 1536 8 1606 4 1736 6 1792 7 1840 4 1862 4 1994 4 2048 7 2095 6 2104 5 2118 4 2304 7 2352 5 2361 5 2373 10 2560 8 2609 6 2617 6 2629 10 2816 11 2866 6 2873 7 2883 13 3072 15 3122 14 3139 13 3328 16 3378 13 3396 12 3584 17 3633 14 3652 11 3827 1 3840 17 3889 14 3909 10 3953 4 4096 17 4145 14 4165 10 4203 11 4352 17 4402 13 4421 9 4458 13 4608 17 4658 14 4677 9 4714 13 4866 1 4869 12 4915 13 4932 9 4972 11 5061 1 5125 13 5171 15 5187 9 5230 9 5316 2 5378 7 5387 8 5427 15 5443 8 5487 8 5572 3 5632 9 5644 7 5681 17 5699 7 5744 7 5754 3 5828 3 5836 2 5888 19 5936 25 6000 7 6009 6 6085 2 6092 2 6144 20 6192 24 6257 16 6342 8 6400 20 6449 21 6514 16 6598 8 6631 3 6656 21 6705 20 6773 13 6854 8 6878 5 6885 6 6912 21 6961 20 7029 13 7109 9 7135 3 7142 4 7168 22 7218 11 7234 1 7285 13 7365 9 7391 1 7424 23 7474 7 7542 12 7622 2 7627 1 7651 1 7661 1 7680 24 7730 6 7799 11 7906 2 7917 1 7936 25 7968 4 7986 5 8055 10 8120 2 8161 3 8192 26 8223 7 8237 3 8241 6 8252 3 8283 3 8315 4 8325 2 8376 2 8388 3 8417 3 8448 26 8478 9 8492 6 8499 4 8505 6 8539 4 8580 4 8593 2 8605 3 8632 2 8641 9 8704 26 8734 9 8748 6 8758 10 8795 5 8835 6 8848 4 8860 8 8897 10 8960 26 8990 9 9004 8 9013 11 9053 4 9090 7 9103 7 9113 11 9153 11 9216 25 9245 10 9260 21 9288 1 9311 2 9322 5 9346 8 9359 21 9400 1 9408 14 9472 25 9501 11 9515 22 9545 2 9567 2 9579 5 9602 8 9615 23 9655 3 9664 21 9728 24 9757 36 9801 3 9823 2 9835 10 9859 7 9872 23 9910 4 9919 27 9984 25 10013 36 10057 4 10091 11 10116 6 10132 20 10175 28 10240 25 10269 36 10313 5 10337 2 10348 10 10373 4 10389 21 10431 5 10439 21 10496 26 10526 35 10568 1 10593 3 10604 9 10630 3 10647 5 10653 14 10688 2 10696 21 10752 26 10783 33 10822 3 10850 3 10860 6 10912 13 10953 20 11008 26 11046 35 11106 3 11173 9 11209 21 11264 26 11303 33 11362 4 11431 8 11465 22 11520 25 11559 32 11619 4 11671 2 11689 8 11723 21 11746 4 11776 24 11816 31 11876 3 11917 1 11919 4 11926 3 11947 7 11980 27 12032 24 12070 12 12083 17 12132 3 12172 2 12181 4 12203 6 12237 26 12288 23 12326 11 12339 16 12388 1 12424 6 12436 4 12459 5 12494 25 12544 23 12582 10 12595 13 12678 10 12692 6 12716 4 12750 26 12800 23 12838 9 12852 9 12898 1 12934 10 12947 10 12973 2 13007 25 13056 23 13094 9 13108 9 13189 11 13204 11 13263 26 13312 7 13322 13 13350 10 13364 9 13379 4 13445 11 13460 12 13521 24 13568 7 13578 13 13605 11 13620 8 13638 1 13701 7 13721 8 13778 22 13824 7 13835 12 13860 12 13875 9 13957 6 13978 9 14036 2 14043 13 14080 8 14091 12 14116 13 14131 9 14212 5 14235 3 14239 4 14299 13 14336 8 14346 14 14371 23 14435 8 14468 5 14496 3 14556 12 14592 23 14628 14 14643 4 14657 2 14690 9 14725 2 14739 3 14754 1 14813 4 14819 5 14848 16 14867 4 14884 14 14910 5 14945 11 14994 8 15004 1 15070 2 15075 5 15102 18 15140 14 15166 5 15202 10 15234 1 15248 14 15324 5 15330 7 15343 1 15357 20 15395 15 15422 4 15459 10 15490 2 15503 16 15562 5 15579 21 15611 23 15650 16 15678 4 15715 8 15746 1 15756 20 15818 6 15835 12 15849 6 15867 23 15906 15 15935 2 15971 6 16011 21 16073 8 16091 10 16106 3 16122 24 16163 15 16266 22 16329 9 16346 13 16362 2 16377 26 16419 16 16522 22 16586 10 16602 14 16632 27 16676 15 16778 21 16842 9 16858 13 16877 1 16886 29 16921 4 16932 15 17027 3 17034 21 17100 7 17112 14 17132 3 17140 31 17177 4 17188 15 17282 4 17290 20 17351 11 17368 12 17388 2 17395 31 17435 3 17444 15 17538 5 17547 19 17605 9 17624 11 17643 1 17650 33 17700 16 17794 7 17803 19 17865 3 17880 8 17906 34 17955 18 18051 7 18059 19 18131 13 18162 33 18212 3 18217 4 18223 6 18308 25 18392 8 18407 5 18417 34 18479 7 18564 24 18649 6 18662 6 18672 36 18736 4 18820 23 18917 47 18993 2 19075 21 19172 48 19330 21 19429 47 19586 20 19686 34 19721 10 19772 3 19840 27 19941 33 19978 9 20028 3 20095 29 20197 33 20234 9 20283 5 20350 31 20453 33 20490 9 20538 7 20583 6 20605 32 20708 35 20749 7 20795 6 20838 8 20860 33 20964 28 20994 5 21005 8 21051 6 21094 12 21115 35 21220 28 21251 4 21262 9 21354 52 21477 27 21509 2 21519 10 21613 50 21733 28 21776 10 21868 50 21990 27 22033 10 22124 49 22246 27 22290 9 22380 47 22429 2 22502 27 22547 8 22635 47 22685 4 22758 26 22804 6 22891 47 22943 1 23014 26 23061 4 23147 47 23270 26 23318 1 23403 48 23525 27 23553 3 23659 50 23781 31 23830 1 23915 51 24036 32 24086 3 24172 50 24292 33 24428 8 24437 27 24466 12 24547 34 24636 1 24684 7 24694 25 24722 10 24803 34 24891 2 24940 32 24983 2 25060 34 25146 4 25193 3 25197 9 25207 20 25316 34 25400 6 25449 2 25453 30 25572 34 25656 6 25700 1 25704 2 25710 27 25827 19 25853 8 25912 3 25966 27 26083 8 26108 9 26223 26 26338 8 26363 9 26479 28 26595 6 26618 9 26735 32 26851 5 26874 8 26992 32 27107 5 27130 7 27192 3 27201 2 27218 3 27249 31 27364 3 27386 8 27446 7 27457 2 27462 1 27473 3 27506 30 27643 8 27701 9 27713 6 27722 1 27729 3 27763 27 27903 4 27956 20 27977 2 27986 1 28021 25 28160 3 28188 3 28211 7 28221 14 28242 1 28278 7 28289 15 28416 3 28444 3 28467 7 28477 14 28498 1 28536 3 28547 12 28672 3 28700 3 28722 7 28733 14 28804 11 28818 1 28928 3 28978 6 28988 15 29060 10 29184 3 29234 5 29243 16 29317 7 29440 3 29490 4 29500 16 29574 5 29696 3 29747 2 29757 16 29832 2 29952 3 30003 2 30010 19 30208 3 30258 3 30266 18 30464 1 30514 3 30522 18 30777 20 31033 19 31289 19 31547 5 31553 10 31809 9 32067 6 32325 4 33086 1 33341 4 33597 4 33852 6 34108 6 34115 2 34371 3 34628 2 35355 7 35610 9 35865 10 36095 1 36117 14 36349 3 36371 17 36605 3 36626 18 36860 4 36882 17 37115 5 37138 17 37369 7 37393 16 37624 8 37649 16 37880 8 37906 14 38135 9 38163 11 38391 9 38420 9 38647 9 38677 8 38904 8 38933 8 39161 7 39190 8 39418 6 39427 1 39445 11 39675 5 39681 4 39697 3 39701 11 39906 2 39931 10 39952 4 39957 10 40161 4 40187 11 40209 2 40214 8 40443 11 40470 8 40699 11 40726 7 40954 13 40982 6 41205 18 41236 6 41460 20 41490 7 41685 4 41716 11 41728 8 41746 7 41939 6 41972 10 41984 8 42001 8 42195 6 42228 10 42240 8 42257 8 42451 6 42485 10 42496 8 42514 6 42707 7 42741 10 42752 8 42965 3 42998 17 43256 8 43265 5 43513 7 43522 3 43769 7 44025 7 44281 7 44538 6 44796 4 45053 3 45311 1 45567 1 45815 4 45823 1 46069 7 46323 9 46579 9 46834 11 47083 1 47090 10 47108 3 47339 17 47364 4 47595 16 47619 6 47851 17 47875 5 48107 17 48131 4 48363 16 48387 3 48619 15 48875 15 49130 16 49386 16 49641 17 49898 16 50154 16 50410 15 50435 2 50667 14 50690 3 50924 13 50946 3 51181 12 51203 2 51438 10 51695 9 51952 7 52211 1 53251 2 53320 3 53507 2 53575 6 53677 2 53723 1 53761 4 53786 3 53830 7 53932 7 53978 4 54016 5 54042 3 54086 8 54187 9 54233 6 54272 5 54305 1 54343 7 54443 9 54489 7 54528 6 54559 4 54599 8 54700 9 54745 8 54784 5 54812 7 54855 9 54956 10 55000 10 55040 5 55067 8 55112 8 55212 10 55249 19 55296 8 55323 7 55369 7 55379 2 55469 8 55504 20 55552 10 55579 7 55625 7 55634 4 55725 8 55760 21 55808 11 55824 3 55835 6 55882 6 55891 3 55982 6 56016 21 56064 21 56092 5 56138 8 56147 3 56238 6 56272 21 56320 21 56349 3 56394 12 56494 7 56528 21 56576 22 56650 12 56750 12 56785 20 56832 21 56906 12 57007 11 57041 20 57088 9 57103 6 57162 13 57269 5 57296 20 57344 4 57360 5 57420 11 57526 3 57551 21 57600 3 57618 4 57678 9 57807 21 57856 3 57874 7 57936 7 58062 24 58112 3 58129 10 58193 6 58316 27 58384 12 58572 28 58639 13 58829 12 58844 12 58895 13 58962 2 59086 10 59100 12 59151 13 59217 4 59343 8 59357 11 59407 13 59472 7 59599 8 59614 8 59663 12 59727 11 59805 4 59855 6 59872 5 59918 13 59983 12 60057 10 60109 9 60174 13 60238 14 60312 12 60361 13 60430 13 60491 17 60567 12 60616 14 60686 13 60744 20 60823 12 60871 15 60942 12 60999 20 61063 7 61079 12 61127 16 61198 8 61254 19 61319 9 61334 13 61382 17 61456 4 61509 18 61575 10 61590 12 61638 17 61693 1 61764 17 61830 14 61846 12 61894 19 61948 4 62019 17 62086 26 62149 20 62203 5 62229 3 62274 18 62342 24 62405 21 62457 7 62486 3 62530 17 62595 25 62641 5 62661 21 62711 9 62743 2 62786 17 62850 25 62892 11 62918 20 62965 14 62999 4 63043 15 63105 6 63113 17 63145 15 63174 20 63221 15 63243 3 63255 7 63299 14 63361 6 63370 9 63380 5 63400 17 63430 19 63476 16 63499 3 63511 8 63556 12 63626 8 63656 19 63686 19 63732 17 63755 3 63766 10 63815 7 63883 7 63912 21 63942 18 63988 18 64011 3 64022 11 64119 6 64138 7 64167 23 64198 17 64244 19 64267 3 64278 12 64370 11 64393 7 64423 23 64453 18 64500 19 64523 4 64535 12 64625 11 64650 6 64680 22 64706 13 64721 5 64755 21 64780 4 64792 12 64880 11 64906 6 64936 22 64961 9 65010 22 65036 4 65049 11 65135 12 65162 6 65192 22 65216 7 65266 22 65294 2 65305 12 65390 13 65418 6 65449 21 65472 7 65521 15
982804,0 7420 7422 4097 11520 249 11773 252 12029 3586 15616 255 15872 255 16128 1021 17150 48386
986585,0 79 81 3 85 164 255 250 507 3 512 255 768 14098 14867 502 15371 252 15627 250 15883 249 16138 249 16393 247 16647 249 16903 249 17158 250 17413 251 17668 252 17923 253 18178 254 18434 254 18689 12514 31206 253 31464 252 31720 254 31977 254 32232 1026 33261 253 33518 252 33774 12897 46675 249 46935 244 47191 243 47447 242 47703 242 47959 241 48215 241 48471 241 48726 242 48982 243 49234 247 49486 251 49740 254 49995 15541
990714,100 11 134 9 179 1 189 20 354 13 390 8 435 3 444 21 573 2 609 13 646 9 691 4 698 22 828 5 865 12 902 9 948 28 1084 6 1120 13 1158 10 1203 28 1340 6 1376 12 1414 10 1459 27 1596 6 1632 12 1670 10 1714 27 1852 5 1888 14 1927 9 1969 29 2109 3 2143 17 2183 9 2225 30 2365 2 2398 19 2439 9 2482 30 2654 19 2695 8 2738 30 2848 1 2910 19 2952 7 2995 29 3103 4 3166 19 3208 7 3251 29 3358 5 3422 19 3464 6 3508 28 3615 4 3679 18 3721 4 3764 28 3872 2 3936 16 4020 29 4193 14 4278 27 4367 3 4538 24 4622 5 4796 23 4878 5 5052 10 5065 11 5134 6 5308 9 5323 9 5390 7 5565 7 5579 10 5646 8 5821 6 5835 10 5903 10 6090 12 6159 11 6286 1 6346 13 6416 10 6540 5 6589 4 6601 15 6674 9 6795 7 6840 11 6855 18 6933 6 7051 8 7094 36 7192 2 7307 9 7349 37 7451 5 7563 11 7604 38 7707 6 7819 12 7859 39 7933 1 7964 5 8075 13 8114 27 8142 12 8220 5 8331 13 8370 27 8398 12 8478 1 8587 13 8627 39 8843 12 8883 38 9098 9 9139 37 9353 9 9396 17 9414 17 9608 8 9652 17 9670 14 9864 8 9909 16 9926 10 10120 6 10164 28 10376 4 10414 34 10669 36 10924 37 11180 39 11435 41 11691 42 11946 43 12203 42 12460 41 12616 3 12718 38 12870 6 12975 37 13124 8 13231 36 13379 10 13486 37 13553 1 13634 11 13742 36 13890 12 13998 36 14146 12 14255 35 14402 13 14512 33 14658 13 14774 27 14914 13 15031 26 15172 11 15287 25 15431 7 15543 23 15615 1 15664 5 15690 1 15799 24 15868 4 15918 8 16054 25 16124 4 16172 12 16310 25 16379 5 16428 14 16565 26 16635 5 16683 16 16821 25 16892 4 16936 1 16938 19 17063 4 17077 25 17149 3 17191 28 17318 9 17332 24 17446 29 17574 34 17703 29 17830 34 17959 29 18086 34 18216 29 18342 34 18473 28 18599 20 18622 9 18728 29 18855 21 18880 4 18983 30 19092 2 19112 20 19239 30 19346 7 19368 20 19495 31 19601 9 19624 20 19679 1 19751 31 19857 10 19879 21 20007 31 20114 9 20135 19 20264 19 20287 6 20370 10 20391 16 20525 10 20546 1 20618 4 20626 10 20647 15 20693 7 20771 4 20783 7 20874 5 20883 6 20903 14 20948 8 21025 7 21040 4 21130 6 21159 13 21204 8 21281 7 21297 3 21385 7 21415 13 21459 9 21535 9 21554 1 21641 7 21670 14 21715 8 21788 12 21898 6 21926 14 21971 8 22042 13 22155 4 22182 14 22226 8 22297 13 22438 14 22482 8 22552 13 22694 14 22737 8 22808 13 22950 14 22993 8 23064 12 23206 14 23249 8 23321 10 23462 14 23506 7 23577 9 23718 14 23762 8 23834 5 23974 14 24019 8 24230 13 24275 9 24487 12 24531 11 24745 9 24787 13 25003 8 25044 12 25262 6 25301 11 25326 3 25518 7 25560 8 25582 5 25732 1 25773 8 25816 8 25837 7 25879 2 25986 3 26029 13 26071 9 26093 6 26134 5 26241 4 26285 15 26327 9 26349 5 26389 8 26497 4 26541 16 26582 10 26645 9 26753 2 26797 17 26834 16 26901 9 27053 17 27089 17 27158 9 27185 5 27309 18 27344 18 27415 7 27441 7 27565 18 27601 17 27672 5 27697 8 27820 18 27857 17 27930 1 27954 6 28075 19 28113 18 28211 5 28330 19 28369 18 28468 1 28556 6 28587 18 28625 12 28642 2 28674 7 28811 8 28843 17 28881 12 28899 1 28928 12 29067 15 29100 15 29137 13 29184 13 29323 17 29356 14 29393 13 29440 14 29579 17 29613 14 29649 13 29696 14 29835 18 29870 14 29905 13 29952 15 30090 19 30127 14 30161 12 30208 16 30346 19 30384 14 30418 10 30464 17 30601 19 30641 13 30675 7 30720 18 30856 20 30898 13 30933 3 30976 18 31112 20 31157 11 31232 18 31368 19 31414 10 31488 17 31625 18 31672 8 31744 16 31881 17 31932 4 32000 16 32140 14 32186 8 32225 3 32256 15 32403 7 32441 11 32480 4 32512 14 32661 5 32697 12 32735 5 32768 13 32811 3 32953 12 32989 7 33024 13 33049 5 33066 5 33209 12 33244 7 33280 16 33302 10 33321 6 33467 9 33500 6 33536 33 33576 7 33725 6 33756 6 33792 47 33952 3 34012 7 34048 48 34206 6 34268 7 34304 49 34460 8 34524 6 34560 49 34713 11 34757 1 34779 8 34816 48 34967 12 35011 6 35033 20 35072 48 35221 14 35259 15 35289 22 35328 48 35476 14 35514 17 35544 26 35584 48 35731 14 35770 17 35801 25 35840 48 35987 13 36025 19 36059 24 36096 47 36234 21 36281 19 36316 23 36352 47 36482 28 36536 20 36576 18 36608 14 36628 27 36738 28 36791 8 36800 13 36839 11 36859 16 36891 20 36994 28 37047 6 37058 11 37100 6 37115 14 37147 20 37250 28 37302 6 37314 11 37371 12 37404 19 37507 28 37557 7 37571 11 37628 3 37632 6 37660 20 37764 15 37782 9 37813 7 37826 12 37885 1 37888 5 37916 21 38021 12 38039 8 38068 8 38081 13 38144 4 38172 22 38278 9 38295 8 38324 8 38337 12 38397 7 38428 22 38535 8 38551 8 38580 8 38592 5 38600 5 38645 4 38651 9 38684 23 38792 7 38806 8 38822 3 38837 7 38848 5 38856 5 38901 15 38940 22 39048 6 39062 8 39077 7 39095 4 39104 4 39113 4 39156 15 39182 5 39197 21 39305 5 39318 8 39328 2 39331 11 39352 4 39361 3 39368 5 39412 15 39437 7 39453 15 39562 3 39574 25 39608 6 39621 8 39668 14 39692 9 39710 14 39831 17 39850 5 39865 5 39876 8 39923 14 39948 9 39966 13 40093 10 40108 4 40121 6 40131 9 40179 13 40204 10 40222 12 40349 10 40364 5 40379 4 40385 8 40435 13 40461 9 40478 11 40605 20 40640 9 40690 7 40698 6 40718 9 40733 11 40860 22 40897 8 40946 7 40958 2 40975 9 40989 11 41115 23 41153 8 41203 5 41231 10 41245 11 41370 28 41411 5 41446 3 41459 5 41472 1 41478 1 41487 11 41501 10 41624 30 41698 8 41728 9 41743 12 41757 10 41877 34 41953 10 41984 9 42000 12 42015 7 42132 34 42209 10 42240 10 42256 13 42274 3 42388 34 42465 11 42496 10 42512 14 42644 33 42722 10 42752 10 42767 15 42902 31 42979 8 43008 9 43023 17 43160 29 43194 2 43246 5 43264 8 43278 19 43416 29 43450 3 43502 6 43520 5 43533 20 43672 29 43706 3 43757 8 43776 1 43788 21 43928 29 43963 1 44011 13 44043 22 44185 27 44265 17 44297 24 44344 3 44442 25 44491 3 44520 19 44552 25 44600 4 44701 21 44724 5 44747 3 44775 22 44807 26 44856 5 44961 17 44980 5 45003 4 45030 23 45061 28 45112 5 45218 15 45236 6 45258 5 45285 25 45312 32 45368 6 45421 2 45475 13 45492 7 45502 4 45514 5 45540 26 45568 32 45625 5 45675 6 45732 12 45748 15 45770 5 45789 3 45796 26 45824 32 45881 4 45930 8 45990 5 46004 15 46026 5 46042 7 46051 27 46080 31 46186 9 46260 3 46270 5 46284 2 46297 37 46336 31 46442 10 46552 38 46592 31 46698 10 46808 38 46848 10 46864 14 46954 10 47064 38 47104 8 47129 4 47190 4 47210 10 47320 47 47445 10 47466 10 47575 46 47700 13 47723 9 47831 28 47861 15 47956 13 47979 9 48086 28 48118 13 48212 13 48236 7 48343 44 48467 14 48492 7 48572 2 48600 43 48653 2 48724 13 48748 7 48826 6 48856 13 48871 28 48909 2 48980 13 49004 7 49080 8 49113 11 49127 24 49152 5 49163 3 49239 10 49260 8 49334 10 49369 36 49408 14 49496 9 49517 8 49589 10 49625 35 49664 14 49752 8 49774 7 49844 11 49881 34 49920 14 50009 7 50031 6 50062 4 50099 11 50136 34 50176 15 50265 6 50290 1 50318 4 50354 12 50392 30 50432 15 50522 4 50573 6 50610 11 50648 28 50688 15 50829 6 50867 9 50904 24 50944 15 50978 3 51086 5 51160 23 51200 15 51234 5 51342 5 51364 1 51416 22 51456 15 51490 6 51599 5 51615 8 51672 22 51712 13 51746 7 51854 6 51870 10 51928 21 51968 8 52003 7 52091 3 52109 8 52125 11 52185 20 52224 8 52259 7 52363 11 52376 16 52442 19 52480 7 52515 7 52528 3 52617 31 52700 16 52736 7 52771 6 52782 6 52873 32 52958 12 52992 6 53027 6 53037 8 53129 34 53217 3 53248 6 53275 4 53281 7 53293 9 53384 5 53390 32 53504 6 53530 6 53537 6 53549 9 53639 5 53646 33 53760 5 53794 5 53806 8 53879 4 53894 5 53902 33 54016 3 54031 4 54051 4 54063 6 54131 8 54150 5 54158 34 54287 5 54296 3 54307 5 54319 4 54385 10 54407 5 54413 34 54542 6 54552 3 54562 6 54634 17 54663 40 54798 6 54808 3 54818 6 54889 19 54919 40 55053 8 55064 3 55073 7 55144 20 55175 40 55309 8 55321 3 55328 8 55400 21 55431 41 55565 8 55577 4 55583 9 55656 21 55688 4 55695 33 55812 3 55822 8 55833 16 55912 22 55951 33 56067 6 56079 8 56089 16 56167 23 56207 32 56262 3 56322 7 56335 9 56345 16 56424 21 56463 31 56516 10 56578 7 56591 18 56680 21 56719 31 56771 14 56786 9 56803 4 56833 8 56848 14 56935 22 56974 31 57027 9 57042 9 57057 9 57072 2 57089 8 57104 12 57190 22 57230 31 57283 4 57299 9 57312 20 57344 9 57361 10 57446 22 57485 31 57538 4 57558 5 57568 20 57600 8 57618 9 57701 22 57741 31 57793 3 57815 2 57824 20 57857 7 57874 10 57958 20 57998 31 58048 4 58080 19 58114 5 58131 10 58143 2 58214 19 58254 31 58303 4 58337 17 58371 4 58387 18 58470 19 58510 31 58557 6 58600 10 58644 17 58726 19 58767 31 58811 7 58830 4 58858 7 58900 18 58983 19 59023 21 59046 7 59066 5 59085 6 59116 4 59157 4 59162 13 59239 20 59279 19 59302 7 59321 4 59340 7 59355 4 59414 2 59418 13 59496 19 59536 21 59558 8 59575 4 59580 1 59595 9 59611 5 59675 13 59753 19 59792 30 59830 4 59851 9 59868 4 59933 11 60009 19 60049 20 60072 6 60085 5 60106 9 60124 4 60191 9 60266 18 60305 19 60329 5 60340 5 60362 8 60380 5 60448 8 60522 17 60562 17 60585 5 60596 5 60619 7 60635 5 60705 6 60779 14 60818 13 60841 4 60852 5 60880 2 60890 6 60962 5 61036 12 61074 11 61098 2 61108 5 61150 1 61220 2 61292 12 61320 21 61365 4 61548 11 61575 21 61622 3 61805 10 61830 22 61879 1 62062 8 62086 21 62177 2 62320 5 62342 21 62432 6 62598 21 62647 1 62689 5 62854 21 62901 4 63111 20 63157 4 63207 1 63369 19 63413 4 63463 3 63469 3 63628 16 63669 4 63885 15 63925 3 63991 1 64000 1 64151 4 64241 2 64244 6 64256 3 64281 5 64410 1 64497 11 64512 2 64537 6 64753 3 64758 9 64768 2 64793 7 65009 1 65015 10 65049 6 65272 8 65306 5 65529 7
995278,191 65 447 65 702 66 958 66 1215 65 1473 63 1730 62 1985 63 2240 64 2495 65 2749 67 2854 5 3004 68 3109 9 3259 69 3364 13 3514 70 3619 15 3770 70 3874 16 4025 71 4129 18 4281 71 4378 25 4537 71 4634 25 4793 71 4890 24 5042 78 5145 24 5296 80 5401 21 5551 81 5657 20 5807 81 5912 22 6063 81 6168 22 6318 11 6331 69 6424 23 6574 9 6588 68 6681 22 6831 7 6844 68 6939 18 7087 6 7101 67 7197 12 7345 2 7357 67 7453 11 7612 68 7711 7 7867 69 7968 5 8120 72 8375 73 8631 73 8886 74 9142 74 9398 74 9654 74 9774 4 9910 74 10029 7 10165 75 10284 8 10421 75 10540 9 10678 74 10797 8 10935 73 11053 8 11192 72 11309 8 11449 71 11565 8 11702 74 11822 7 11956 76 12080 5 12211 77 12466 78 12721 79 12976 80 13232 80 13487 81 13743 81 13998 81 14254 80 14430 2 14511 78 14746 6 14767 78 15001 9 15024 63 15088 13 15257 13 15281 75 15513 14 15538 73 15714 3 15741 7 15769 14 15795 71 15969 4 15996 15 16026 13 16052 68 16252 18 16282 13 16309 11 16324 51 16508 18 16530 1 16538 13 16567 7 16581 50 16763 26 16794 13 16825 3 16838 49 17019 27 17053 10 17094 52 17274 28 17309 9 17350 49 17529 30 17566 7 17607 48 17784 31 17822 7 17864 46 18040 31 18120 45 18171 2 18175 1 18296 31 18377 41 18427 5 18537 3 18551 32 18634 39 18682 6 18791 9 18807 32 18891 9 18902 28 18932 5 18938 6 19046 12 19062 32 19148 7 19159 28 19188 12 19301 49 19366 1 19406 3 19416 40 19557 49 19621 3 19674 38 19813 49 19877 4 19932 36 20069 22 20094 24 20133 5 20189 35 20322 25 20350 25 20388 5 20447 33 20577 26 20606 25 20644 5 20706 4 20713 23 20831 29 20862 25 20901 3 20978 12 21087 29 21118 25 21158 1 21234 11 21343 56 21490 10 21598 56 21746 9 21853 57 22003 6 22109 56 22259 5 22364 38 22404 16 22619 38 22661 15 22875 38 22917 15 23108 2 23131 38 23173 15 23364 2 23387 39 23429 14 23619 3 23643 39 23686 13 23899 39 23941 14 24157 38 24197 14 24410 57 24665 58 24920 59 25154 3 25175 60 25410 4 25431 61 25666 13 25686 62 25921 15 25942 19 25963 41 26177 15 26199 15 26219 42 26433 16 26455 17 26476 43 26689 17 26711 18 26733 43 26945 17 26967 19 26989 44 27201 18 27223 19 27245 45 27457 19 27479 68 27713 19 27735 69 27970 90 28226 90 28482 90 28738 90 28995 74 29072 13 29252 72 29329 11 29509 71 29586 8 29767 70 29843 4 30023 55 30079 14 30099 4 30279 54 30338 11 30354 5 30535 52 30596 9 30610 5 30792 48 30853 8 30866 6 31048 47 31110 6 31122 12 31304 44 31367 5 31376 22 31560 43 31632 23 31816 41 31887 5 31893 19 32072 40 32151 17 32328 40 32407 17 32436 2 32584 39 32664 16 32692 2 32840 37 32880 4 32920 15 32947 2 33097 35 33135 6 33178 11 33355 32 33389 7 33440 4 33611 33 33645 8 33697 3 33867 46 33934 3 33954 2 34123 37 34165 4 34190 4 34209 3 34379 34 34421 4 34446 4 34464 4 34635 33 34678 4 34702 4 34721 3 34891 30 34934 4 34944 2 34956 6 35148 26 35190 4 35200 2 35212 6 35405 21 35446 3 35457 4 35468 5 35661 19 35702 3 35714 3 35724 5 35917 19 35958 3 35971 2 35981 3 36172 19 36238 1 36428 18 36684 18 36940 19 37197 17 37454 15 37711 13 37969 10 38006 1 38013 2 38226 8 38258 5 38269 2 38484 7 38512 7 38525 2 38730 3 38740 8 38767 8 38985 5 38996 9 39022 9 39241 5 39252 10 39277 10 39496 7 39508 10 39531 12 39751 8 39763 12 39786 13 40006 10 40018 14 40041 12 40261 11 40273 15 40297 6 40306 1 40517 28 40553 5 40773 29 41028 30 41284 30 41541 9 41551 19 41797 8 41808 19 42064 19 42320 18 42576 15 42832 13 43088 11 43345 7 43602 3
