id,segmentation
000001,0 30 40 114 158 5 175 110 295 115 413 6 430 111 549 126 685 111 804 127 938 113 1059 128 1192 115 1315 127 1447 116 1571 127 1703 116 1827 127 1958 116 2083 127 2213 116 2338 247 2594 246 2850 246 3105 247 3361 246 3616 247 3872 247 4128 247 4384 247 4640 247 4896 246 5152 245 5409 243 5665 243 5922 222 6147 16 6178 222 6403 16 6434 222 6659 16 6690 222 6914 17 6946 222 7170 18 7202 222 7426 18 7458 222 7682 18 7713 223 7938 18 7969 223 8195 16 8225 223 8451 16 8482 222 8708 15 8738 222 8964 14 8994 222 9221 12 9250 222 9478 13 9506 222 9735 2 9741 8 9760 224 9996 10 10009 169 10180 60 10252 181 10438 58 10506 186 10694 58 10760 189 10951 57 11015 249 11270 250 11525 15 11541 253 11797 253 12052 253 12307 3072 15381 253 15640 250 15898 248 16155 247 16412 251 16668 252 16925 119 17047 123 17171 5 17181 119 17303 121 17427 6 17437 119 17560 120 17683 5 17694 119 17816 120 17940 4 17950 120 18072 126 18206 246 18462 243 18719 241 18975 240 19231 238 19488 189 19682 44 19744 184 19938 44 20001 181 20194 45 20257 179 20450 45 20514 176 20704 47 20769 170 20942 1 20957 35 20993 13 21024 132 21161 24 21186 7 21212 36 21249 12 21280 124 21421 8 21430 11 21468 36 21505 11 21536 124 21679 2 21687 10 21723 48 21794 122 21943 11 21978 47 22053 75 22135 37 22199 11 22234 46 22308 75 22391 36 22456 10 22489 45 22564 75 22647 33 22712 9 22745 44 22820 74 22902 32 23000 44 23075 74 23157 32 23241 3 23256 43 23331 73 23413 31 23497 1 23512 42 23587 72 23668 32 23768 41 23842 72 23924 29 24024 40 24079 6 24097 51 24153 17 24180 28 24279 41 24335 6 24352 48 24410 17 24436 28 24533 43 24590 7 24605 39 24647 7 24667 16 24693 27 24788 44 24846 7 24861 39 24903 6 24922 16 24953 23 25044 44 25092 1 25102 7 25117 38 25159 6 25178 15 25210 22 25299 45 25347 4 25357 9 25373 36 25433 15 25467 21 25555 45 25602 5 25613 12 25631 29 25689 14 25723 21 25811 45 25857 7 25869 15 25892 24 25944 14 25979 21 26067 53 26124 16 26150 22 26200 14 26236 20 26323 74 26408 20 26455 14 26492 20 26579 75 26665 20 26711 14 26747 21 26835 76 26922 19 26966 15 27004 19 27091 76 27179 19 27222 14 27260 14 27346 78 27435 20 27478 13 27516 12 27602 78 27692 19 27716 1 27734 11 27773 10 27858 79 27948 19 27970 4 27991 7 28029 8 28114 79 28205 18 28225 6 28250 1 28286 5 28370 80 28461 26 28626 80 28718 25 28882 81 28975 24 29138 81 29232 23 29395 80 29491 20 29651 81 29748 20 29908 80 30004 20 30164 80 30266 13 30421 79 30523 12 30678 78 30781 10 30934 78 31037 10 31191 77 31293 9 31447 77 31548 10 31703 77 31804 9 31960 76 32060 9 32217 75 32296 1 32315 9 32474 81 32572 8 32732 81 32828 7 32988 83 33084 7 33245 86 33340 6 33502 86 33596 5 33760 85 33854 1 34018 84 34275 84 34532 84 34788 86 35045 86 35236 11 35251 5 35301 87 35491 23 35557 88 35746 25 35813 90 36002 26 36069 90 36237 4 36257 28 36326 90 36491 7 36512 30 36582 91 36747 8 36768 30 36838 91 37002 9 37023 32 37094 92 37257 11 37279 33 37350 94 37510 15 37534 36 37606 94 37766 17 37790 37 37861 96 38021 19 38045 44 38117 96 38276 71 38373 97 38531 77 38630 96 38781 83 38886 97 39033 87 39143 96 39288 88 39400 95 39543 89 39657 94 39798 89 39914 93 40053 90 40171 92 40308 90 40429 90 40564 90 40687 88 40819 90 40944 86 41075 89 41202 83 41330 89 41458 80 41585 89 41715 79 41840 88 41973 79 42095 88 42230 78 42351 87 42486 79 42607 47 42655 37 42695 3 42742 80 42835 4 42863 47 42911 35 42951 3 42998 80 43090 6 43118 47 43167 35 43207 4 43245 1 43254 80 43346 8 43357 4 43373 48 43423 30 43463 4 43496 8 43509 81 43602 17 43627 49 43679 29 43720 4 43751 11 43764 82 43859 74 43934 10 43947 15 43977 2 44006 95 44115 85 44204 13 44233 1 44262 95 44370 87 44460 12 44518 95 44626 102 44774 94 44882 102 44986 2 45030 94 45137 109 45286 93 45392 111 45542 91 45647 112 45798 90 45903 97 46001 14 46054 88 46159 97 46258 14 46309 86 46416 95 46514 14 46563 87 46672 96 46772 14 46819 87 46929 96 47029 13 47075 87 47186 95 47290 7 47330 88 47442 96 47549 2 47586 88 47699 95 47804 3 47842 88 47956 94 48056 5 48097 89 48213 94 48310 6 48353 89 48469 94 48565 7 48608 90 48725 103 48863 92 48982 102 49118 102 49238 102 49372 107 49494 102 49627 110 49750 103 49882 112 50006 104 50138 112 50263 104 50391 115 50520 103 50643 119 50776 103 50898 120 51032 102 51153 120 51289 98 51405 124 51546 96 51660 124 51802 96 51912 128 52058 95 52166 131 52314 95 52420 134 52571 94 52674 137 52828 92 52927 140 53089 86 53182 142 53346 84 53438 143 53602 73 53680 5 53694 143 53859 71 53950 143 54115 70 54207 142 54372 68 54463 142 54628 8 54637 58 54720 141 54886 5 54896 55 54976 141 55154 52 55232 141 55412 50 55488 142 55669 49 55744 143 55926 48 56000 144 56183 47 56244 5 56256 145 56442 43 56499 7 56512 146 56703 38 56753 9 56768 146 56960 36 57009 10 57025 146 57217 35 57264 11 57281 147 57472 36 57519 12 57538 149 57726 39 57775 13 57794 150 57981 41 58030 15 58050 151 58235 43 58285 16 58306 152 58490 45 58541 17 58560 155 58745 46 58796 175 59001 47 59052 171 59257 218 59513 212 59770 212 60026 217 60282 218 60539 218 60766 6 60797 218 61021 8 61055 217 61276 9 61313 229 61573 226 61830 121 61952 104 62092 115 62208 110 62350 113 62464 112 62606 112 62720 113 62863 89 62958 15 62976 113 63119 88 63214 15 63232 114 63375 87 63470 15 63488 114 63606 6 63630 90 63726 14 63744 115 63861 8 63885 92 63981 14 64000 127 64139 96 64236 14 64256 129 64395 110 64512 130 64651 110 64768 130 64907 110 65024 130 65163 110 65280 130 65420 93 65515 14
000002,0 252 256 252 512 252 768 252 1024 251 1280 251 1536 251 1792 250 2048 250 2304 250 2560 250 2816 249 3072 248 3327 249 3582 250 3837 252 4092 512 4606 60930
000003,0 65536
000004,0 65536
000005,0 65536
000006,153 9 192 57 412 3 447 57 703 57 958 57 1214 57 1469 58 1724 59 1980 59 2236 60 2492 60 2748 60 3004 60 3259 61 3514 62 3765 66 4015 72 4270 74 4525 77 4780 29 4810 51 5035 28 5067 53 5290 28 5323 53 5545 29 5580 52 5800 29 5836 52 6056 27 6092 52 6311 26 6348 52 6567 25 6604 52 6823 24 6860 52 7079 23 7115 53 7335 22 7370 54 7592 19 7625 55 7848 7 7857 8 7881 55 8106 3 8137 55 8392 51 8647 50 8902 50 9156 53 9410 56 9666 57 9921 58 10176 59 10431 60 10687 59 10944 58 11200 57 11457 53 11714 62 11971 61 12227 61 12484 60 12742 36 12780 20 13000 30 13036 20 13256 30 13292 20 13513 30 13547 21 13769 55 14026 54 14282 54 14538 54 14795 53 15052 52 15316 44 15573 43 15829 43 16085 43 16329 6 16340 44 16584 8 16595 45 16839 10 16851 45 17094 58 17349 59 17604 13 17619 45 17860 12 17875 45 18116 11 18131 45 18373 10 18386 46 18630 8 18641 47 18887 7 18896 12 18914 30 19145 5 19152 11 19171 29 19405 13 19427 29 19662 12 19684 28 19918 11 19940 9 19952 16 20175 9 20196 9 20210 5 20219 5 20434 3 20453 7 20467 1 20711 5 20967 2 21724 2 21973 9 22227 12 22482 13 22738 13 22992 16 23247 17 23503 17 23758 17 23807 1 24014 20 24052 4 24061 3 24271 21 24307 6 24316 4 24527 21 24563 8 24572 4 24784 11 24798 6 24819 13 25040 10 25056 2 25075 13 25297 8 25332 12 25553 7 25588 12 25810 5 25844 12 26100 12 26357 11 26612 12 26868 12 27124 12 27379 13 27634 14 27890 14 28146 14 28402 14 28658 14 28914 14 29169 15 29424 16 29680 16 29936 16 30192 13 30449 10 30706 8 30963 6 31222 2
000007,0 65536
000008,32 43 108 3 153 7 195 48 288 43 363 5 409 7 450 49 544 43 618 7 666 5 706 49 801 43 873 8 961 50 1057 44 1129 9 1217 50 1313 44 1384 10 1473 50 1569 45 1640 10 1729 51 1826 46 1895 11 1986 52 2082 48 2151 11 2242 52 2339 48 2408 9 2497 54 2596 48 2664 9 2753 42 2796 11 2853 47 2920 7 3009 54 3109 48 3177 5 3264 55 3364 50 3433 5 3520 55 3610 5 3618 54 3690 4 3776 55 3863 66 3946 3 4032 55 4117 69 4288 56 4372 71 4479 4 4544 58 4627 73 4734 6 4776 3 4800 59 4883 74 4989 8 5030 8 5055 60 5138 76 5243 10 5285 14 5310 61 5394 79 5497 14 5534 24 5566 61 5650 82 5752 17 5789 27 5821 62 5906 85 6007 18 6043 31 6075 64 6163 85 6262 19 6299 95 6419 86 6518 19 6554 96 6675 86 6773 19 6810 95 6931 85 7029 19 7065 96 7187 85 7285 19 7320 96 7443 84 7542 18 7575 96 7686 4 7699 84 7798 18 7830 97 7941 6 7955 83 8056 15 8085 98 8196 8 8210 84 8313 8 8341 97 8448 102 8571 5 8597 97 8704 102 8822 2 8827 5 8852 98 8960 103 9076 5 9084 3 9107 98 9216 103 9332 5 9340 2 9363 98 9472 103 9589 3 9618 98 9728 103 9874 98 9984 103 10130 96 10240 76 10317 26 10386 95 10496 76 10574 25 10642 94 10752 76 10830 24 10898 93 11008 76 11085 24 11155 92 11264 101 11412 91 11520 99 11669 90 11776 98 11926 89 12032 98 12183 88 12288 97 12439 88 12544 97 12696 87 12800 97 12952 88 13056 97 13209 89 13312 98 13466 89 13568 98 13723 88 13824 98 13980 87 14080 98 14236 88 14336 98 14493 86 14592 98 14748 85 14848 99 15004 83 15104 99 15259 83 15360 100 15477 7 15515 83 15616 101 15727 14 15771 82 15872 103 15982 21 16027 82 16128 104 16237 23 16283 82 16384 105 16493 24 16539 82 16640 104 16749 26 16796 82 16896 73 16971 28 17005 27 17052 82 17152 74 17229 26 17261 28 17310 79 17408 75 17487 24 17516 30 17567 78 17664 104 17770 32 17825 76 17920 139 18083 73 18176 139 18337 75 18432 139 18575 5 18590 78 18688 140 18830 7 18845 78 18944 150 19100 78 19200 150 19356 77 19456 151 19612 75 19712 151 19867 75 19960 3 19968 151 20123 75 20215 5 20224 151 20377 76 20471 5 20480 229 20727 4 20736 228 20982 4 20992 228 21238 3 21248 228 21494 4 21504 228 21739 3 21750 4 21760 228 21994 5 22006 4 22016 229 22249 7 22262 5 22272 240 22518 5 22528 241 22775 4 22784 241 23031 5 23040 241 23287 5 23296 241 23544 3 23552 243 23808 243 24064 244 24320 243 24576 243 24832 243 25088 242 25344 242 25600 242 25856 241 26112 240 26368 239 26624 238 26880 237 27136 237 27392 236 27648 236 27904 236 28160 236 28416 236 28672 235 28928 126 29059 104 29184 125 29317 102 29440 125 29573 102 29696 124 29828 103 29952 123 30083 103 30208 122 30339 102 30464 121 30594 103 30720 119 30849 103 30976 117 31105 102 31232 115 31360 102 31488 115 31615 103 31744 116 31868 107 32000 116 32123 110 32242 6 32256 116 32378 113 32496 9 32512 117 32634 113 32752 9 32768 117 32889 113 33007 10 33027 114 33144 114 33263 11 33284 114 33399 114 33518 12 33541 95 33637 131 33774 12 33797 87 33901 122 34030 12 34053 86 34157 120 34287 11 34309 84 34412 117 34546 8 34560 1 34564 75 34667 116 34803 7 34816 71 34923 116 35059 8 35072 71 35178 116 35315 8 35328 71 35433 115 35571 8 35584 71 35688 115 35827 8 35840 69 35943 115 36084 7 36096 65 36198 116 36340 7 36352 63 36454 117 36598 3 36605 65 36709 118 36860 65 36965 119 37115 65 37221 119 37371 64 37477 119 37627 63 37733 119 37869 3 37884 62 37978 1 37989 119 38124 5 38144 57 38246 117 38380 4 38400 56 38502 102 38607 11 38637 3 38656 55 38759 99 38866 7 38912 53 39015 99 39155 8 39168 52 39271 98 39411 64 39516 2 39527 97 39666 64 39771 4 39782 99 39922 63 40026 6 40038 99 40178 61 40273 4 40280 9 40294 100 40434 14 40449 44 40526 19 40549 101 40689 15 40706 41 40781 21 40805 101 40938 5 40944 16 40962 36 41036 126 41193 23 41218 35 41292 126 41448 24 41475 32 41548 126 41701 27 41731 31 41804 126 41957 27 41987 29 42060 126 42219 21 42245 26 42316 127 42475 21 42504 20 42572 128 42730 22 42762 17 42828 128 42986 22 43019 14 43085 128 43241 23 43275 12 43343 126 43496 24 43532 6 43601 125 43748 28 43789 4 43858 123 44003 28 44114 10 44129 107 44260 3 44267 19 44372 7 44386 105 44517 1 44525 16 44642 105 44782 15 44899 103 45039 14 45155 103 45295 13 45411 102 45551 12 45668 99 45768 1 45807 10 45925 102 46064 5 46182 103 46438 103 46694 104 46950 103 47178 1 47206 103 47421 4 47432 5 47462 101 47674 8 47687 7 47718 99 47928 11 47942 8 47974 98 48181 15 48197 11 48229 98 48435 30 48484 99 48690 31 48737 102 48887 1 48945 32 48991 104 49096 3 49141 5 49200 32 49246 110 49391 17 49456 32 49502 111 49645 19 49711 31 49758 73 49833 35 49900 20 49967 30 50015 71 50090 34 50155 21 50221 31 50271 71 50347 32 50409 23 50465 2 50474 33 50528 70 50603 31 50662 26 50720 6 50728 35 50784 72 50859 31 50916 28 50975 44 51040 73 51114 30 51171 29 51231 44 51294 105 51427 29 51486 45 51547 107 51684 28 51734 53 51798 1 51801 109 51941 27 51988 54 52051 115 52197 27 52242 56 52307 115 52453 27 52493 61 52563 117 52709 27 52747 63 52819 121 52951 41 53002 63 53075 124 53206 42 53258 63 53331 126 53462 42 53513 64 53586 128 53718 42 53770 63 53842 130 53974 42 54026 63 54098 174 54282 63 54354 174 54538 63 54608 176 54793 247 55049 247 55305 247 55560 205 55768 40 55816 205 56024 40 56072 205 56280 40 56328 205 56534 42 56584 248 56840 248 57096 248 57352 248 57609 247 57865 247 58122 246 58379 245 58636 244 58893 243 59150 242 59407 241 59664 240 59929 231 60186 230 60441 231 60697 231 60953 231 61209 231 61465 231 61721 231 61978 230 62236 228 62493 227 62750 226 63007 225 63264 224 63522 222 63779 221 64035 221 64292 220 64548 220 64805 219 65061 219 65308 3 65317 219
000009,0 25 43 18 108 2 154 127 299 17 410 126 556 16 666 111 779 4 786 6 806 21 922 111 1043 4 1061 12 1077 4 1178 111 1301 2 1317 9 1434 111 1572 11 1691 110 1827 12 1894 7 1948 109 2080 16 2148 11 2204 108 2335 17 2403 13 2460 108 2590 20 2659 13 2715 109 2845 22 2876 1 2914 15 2970 110 3101 22 3126 1 3132 8 3170 16 3226 110 3357 27 3390 8 3426 16 3482 110 3613 28 3646 8 3682 16 3738 110 3870 28 3902 9 3938 15 3994 110 4127 27 4158 9 4194 14 4250 109 4384 27 4415 9 4450 13 4507 108 4630 2 4641 27 4671 9 4706 13 4763 107 4885 5 4899 25 4927 10 4961 13 5020 106 5141 6 5155 39 5217 12 5276 105 5397 8 5412 38 5473 12 5533 103 5653 8 5669 37 5729 12 5790 101 5910 8 5927 36 5972 5 5987 10 6047 100 6166 8 6184 36 6226 8 6243 9 6304 99 6423 8 6441 50 6500 8 6560 100 6680 8 6697 52 6756 7 6816 101 6928 2 6937 8 6953 52 7013 5 7072 102 7183 19 7210 51 7271 2 7328 96 7425 5 7438 21 7467 50 7584 96 7681 5 7693 23 7723 50 7840 96 7938 3 7948 24 7979 50 8096 96 8204 25 8231 54 8352 96 8460 81 8609 95 8716 81 8866 94 8973 81 9122 94 9229 82 9378 94 9485 29 9515 52 9633 95 9741 28 9772 51 9888 96 9996 28 10029 50 10144 96 10252 27 10286 48 10382 7 10392 4 10398 98 10509 26 10542 48 10635 117 10765 25 10798 48 10890 118 11021 24 11054 48 11146 118 11278 23 11310 49 11402 118 11534 22 11566 49 11657 119 11790 21 11822 50 11912 120 12046 20 12078 50 12167 121 12303 19 12335 50 12422 122 12560 17 12593 49 12678 122 12819 14 12853 45 12933 123 13079 8 13110 44 13188 124 13367 43 13442 126 13624 42 13696 128 13881 41 13952 128 14137 42 14208 128 14393 42 14464 128 14649 41 14721 127 14905 41 14978 126 15161 42 15234 126 15418 41 15491 125 15674 43 15746 126 15930 44 16001 127 16187 43 16257 47 16305 79 16443 44 16512 48 16562 78 16699 44 16769 48 16818 78 16955 44 17025 127 17210 46 17281 127 17466 46 17538 126 17721 47 17791 129 17975 50 18046 130 18227 54 18302 130 18479 58 18558 4 18565 123 18732 60 18821 123 18986 61 19077 123 19242 61 19333 123 19498 28 19528 32 19590 122 19753 29 19784 32 19846 122 20009 29 20040 33 20103 121 20264 30 20296 34 20359 121 20519 29 20551 36 20616 4 20624 112 20775 29 20809 35 20871 7 20881 111 21030 30 21066 34 21127 7 21138 110 21286 30 21322 34 21382 10 21394 110 21542 30 21578 34 21637 123 21798 31 21833 34 21893 123 22054 31 22089 33 22148 124 22310 32 22344 33 22405 123 22566 67 22661 123 22823 66 22917 123 23079 67 23173 123 23335 67 23428 124 23591 68 23681 127 23847 68 23936 128 24103 68 24192 128 24359 69 24448 128 24615 70 24704 128 24871 70 24961 127 25094 5 25126 71 25218 126 25348 8 25382 71 25475 125 25603 11 25637 71 25732 124 25859 14 25893 72 25988 124 26114 15 26148 74 26245 123 26371 13 26404 75 26501 123 26627 12 26660 76 26759 121 26885 8 26917 76 27015 121 27144 3 27175 74 27268 4 27273 119 27431 75 27524 124 27687 75 27779 125 27944 74 28035 125 28184 1 28200 75 28290 126 28457 75 28546 126 28713 76 28801 127 28970 76 29056 128 29227 7 29235 69 29307 133 29491 205 29748 204 30005 203 30262 202 30520 64 30585 135 30778 62 30841 135 31036 60 31098 134 31295 56 31355 133 31552 55 31613 131 31808 54 31871 129 32063 55 32126 130 32319 46 32368 5 32382 130 32575 45 32623 6 32638 130 32830 46 32878 8 32894 130 33087 45 33133 9 33151 129 33344 54 33407 129 33604 50 33663 129 33862 48 33919 129 34118 48 34174 130 34374 49 34429 131 34630 104 34735 81 34886 102 34992 80 35142 102 35248 80 35331 3 35341 1 35398 38 35437 62 35505 79 35587 5 35594 7 35654 100 35761 79 35842 15 35910 40 35951 56 36019 77 36098 16 36166 94 36276 76 36354 16 36422 93 36533 75 36610 16 36678 93 36788 76 36866 16 36885 5 36934 92 37043 77 37122 16 37140 7 37190 92 37298 78 37379 15 37395 8 37446 92 37554 78 37636 23 37702 92 37810 78 37898 17 37958 93 38067 77 38155 17 38213 94 38322 78 38412 16 38469 96 38576 80 38673 11 38725 97 38831 81 38928 12 38982 64 39048 31 39086 82 39184 12 39239 39 39279 22 39304 30 39341 83 39439 13 39497 36 39535 22 39559 27 39597 83 39693 15 39753 36 39791 23 39815 27 39852 84 39949 14 40009 35 40048 50 40108 84 40204 15 40266 35 40305 49 40364 84 40460 15 40522 36 40561 22 40585 26 40619 85 40716 15 40778 38 40817 21 40843 25 40875 85 40971 16 41010 3 41034 60 41100 24 41131 85 41227 17 41266 3 41291 49 41341 8 41356 24 41387 85 41482 22 41522 4 41548 47 41598 7 41612 24 41643 85 41738 23 41778 4 41805 45 41855 5 41868 24 41899 85 41994 25 42034 3 42061 13 42075 31 42125 23 42153 87 42249 28 42316 14 42333 29 42382 22 42408 88 42504 30 42553 2 42571 14 42591 27 42638 21 42663 89 42760 30 42808 4 42826 15 42851 23 42895 18 42919 89 43015 31 43063 6 43082 14 43109 20 43151 16 43175 89 43271 31 43319 5 43337 15 43365 20 43408 10 43431 89 43528 31 43576 4 43587 22 43621 20 43664 6 43688 88 43784 31 43832 3 43842 24 43877 21 43922 3 43945 87 44041 30 44098 24 44132 22 44202 86 44297 31 44354 25 44387 23 44458 86 44553 31 44610 25 44642 26 44714 86 44809 31 44846 3 44866 25 44898 29 44970 86 45065 32 45101 7 45110 3 45122 24 45154 31 45226 86 45321 32 45355 15 45378 25 45409 33 45481 87 45577 50 45634 26 45665 34 45737 87 45830 55 45890 26 45920 36 45992 88 46083 59 46146 27 46175 38 46247 89 46339 61 46402 68 46502 90 46594 62 46659 67 46757 91 46849 63 46915 68 47012 157 47171 68 47267 158 47429 67 47522 159 47687 65 47778 160 47945 63 48034 160 48201 62 48289 162 48457 62 48545 163 48710 64 48801 229 49056 229 49312 228 49568 227 49824 226 50080 217 50336 169 50511 41 50592 168 50768 40 50848 167 51027 38 51104 164 51283 38 51360 162 51539 38 51617 8 51628 149 51795 39 51874 4 51884 148 52051 41 52139 149 52307 44 52395 148 52563 45 52650 150 52820 44 52906 150 53076 45 53162 150 53332 45 53419 149 53588 44 53676 148 53846 42 53933 147 54103 42 54190 145 54360 44 54414 7 54428 3 54447 144 54616 47 54670 18 54704 143 54872 49 54925 21 54959 144 55128 51 55181 21 55215 145 55384 74 55462 4 55467 155 55640 73 55717 162 55896 73 55973 162 56152 11 56166 58 56228 163 56408 10 56424 57 56484 163 56664 10 56681 56 56741 162 56920 10 56941 53 56997 161 57177 8 57203 48 57252 162 57434 6 57462 208 57691 4 57718 10 57730 196 57974 9 57991 121 58113 69 58229 10 58251 3 58255 113 58369 69 58486 8 58511 113 58626 68 58742 8 58768 112 58881 69 58998 6 59024 112 59137 68 59256 1 59281 111 59393 69 59538 110 59649 69 59795 109 59905 69 60052 108 60162 69 60309 107 60419 69 60566 106 60675 70 60823 105 60930 74 61079 15 61097 87 61185 76 61337 2 61354 164 61609 166 61864 167 62119 168 62375 167 62631 89 62721 76 62887 89 62978 75 63143 89 63234 75 63398 90 63489 76 63569 2 63654 90 63745 76 63823 6 63910 90 64001 75 64079 7 64089 4 64167 89 64257 6 64267 64 64335 15 64390 4 64423 89 64523 63 64591 16 64645 6 64680 2 64686 82 64780 62 64847 16 64900 8 64942 82 65046 50 65103 15 65156 8 65198 82 65303 48 65360 13 65412 8 65453 83
000010,0 65536
000011,65330 1
000012,873 8 1128 10 1384 10 1640 10 1896 10 2152 10 2408 9 2425 4 2665 7 2680 6 2922 4 2934 8 3187 12 3439 17 3694 18 3949 20 4205 20 4460 20 4715 21 4971 19 5227 18 5483 15 5739 13 5995 11 6252 10 6509 9 6765 9 7023 6 7280 3 12681 7 12933 13 13186 16 13441 18 13696 19 13952 20 14208 20 14464 21 14720 21 14977 20 15234 19 15491 18 15749 14 16015 3 17555 2 17810 4 18066 6 18321 7 18576 9 18832 9 19087 10 19344 8 19600 7 19858 2 20988 4 21243 5 21499 5 21754 6 22010 6 22266 6 22522 6 22779 5 31860 5 32084 10 32115 7 32339 12 32369 10 32590 18 32625 10 32844 21 32882 10 33099 23 33139 8 33353 26 33396 7 33609 27 33652 6 33864 28 33909 4 34120 27 34160 3 34165 4 34376 24 34414 6 34422 1 34633 21 34668 8 34891 12 34915 17 35150 8 35171 15 35426 15 35682 14 35939 13 36195 12 36451 11 36708 9 36966 5 39500 3 39755 6 40009 9 40264 11 40519 13 40773 15 41028 16 41283 17 41538 17 41792 19 42048 19 42303 21 42559 22 42814 24 43070 24 43325 26 43581 26 43836 28 44089 31 44343 33 44598 35 44854 36 45110 36 45366 36 45622 36 45878 36 46100 3 46134 36 46353 8 46390 36 46607 10 46646 35 46862 12 46902 35 47117 14 47158 35 47372 17 47414 35 47627 18 47670 34 47883 18 47927 33 48138 19 48184 31 48393 19 48441 29 48640 3 48648 20 48697 29 48896 5 48904 19 48959 22 49152 28 49216 21 49408 28 49472 22 49664 27 49728 22 49920 27 49984 23 50176 26 50240 23 50432 26 50495 24 50688 20 50709 4 50751 25 50944 16 51007 25 51200 14 51262 26 51454 5 51463 6 51518 26 51709 5 51721 3 51773 26 51963 5 52029 26 52219 5 52285 26 52475 5 52541 26 52731 5 52798 24 52987 5 53055 23 53243 5 53312 21 53351 3 53498 7 53568 20 53606 5 53754 6 53824 19 53862 5 54008 8 54080 19 54119 4 54263 9 54336 18 54376 2 54386 4 54518 10 54593 17 54641 7 54774 10 54822 4 54849 13 54897 7 55030 10 55077 7 55105 12 55153 8 55286 11 55332 10 55361 11 55410 8 55543 11 55587 12 55618 10 55660 1 55666 9 55800 9 55842 14 55874 8 55915 4 55922 11 56056 7 56064 1 56096 24 56131 6 56170 6 56178 12 56314 4 56349 29 56387 5 56426 20 56605 30 56644 2 56682 21 56860 31 56937 23 57116 32 57193 7 57201 15 57372 32 57450 5 57459 13 57628 31 57706 5 57715 13 57884 31 57963 2 57972 13 58141 30 58228 14 58397 30 58440 1 58484 15 58653 30 58695 4 58739 17 58909 30 58948 8 58976 4 58984 1 58995 19 59165 31 59203 10 59232 6 59239 4 59251 20 59429 23 59459 12 59487 13 59507 23 59657 2 59685 22 59714 14 59743 13 59763 24 59912 5 59941 22 59969 16 59999 13 60020 23 60167 7 60195 22 60225 17 60255 12 60277 23 60423 8 60447 26 60480 17 60511 10 60534 22 60678 9 60701 28 60736 17 60760 3 60767 9 60791 21 60934 10 60955 30 60991 17 61016 4 61023 9 61047 21 61189 11 61201 1 61208 34 61247 17 61272 5 61279 9 61303 21 61444 54 61503 16 61529 4 61535 8 61559 21 61699 35 61735 18 61759 15 61786 3 61793 4 61815 21 61954 55 62016 13 62070 22 62209 56 62273 10 62325 23 62465 56 62531 6 62580 23 62720 57 62836 23 62976 57 63085 3 63091 24 63232 58 63340 30 63488 57 63596 30 63744 57 63851 30 64000 57 64107 30 64256 56 64361 31 64512 56 64617 31 64768 56 64874 30 65024 55 65130 29 65280 55 65387 25
000013,198 14 454 13 710 14 967 14 1225 12 6536 5 6791 8 7046 9 7301 11 7556 12 7810 14 8065 15 8321 15 8577 15 8834 13 9091 6 9349 2 9873 2 9907 3 10128 4 10162 5 10373 2 10384 5 10417 6 10623 11 10640 4 10672 8 10877 14 10896 4 10927 9 11132 24 11181 12 11388 24 11436 14 11456 10 11644 25 11692 31 11900 25 11947 32 12156 26 12202 33 12412 26 12457 34 12668 26 12713 33 12924 26 12968 33 13179 27 13224 31 13435 26 13480 29 13691 26 13736 30 13946 26 13992 30 14201 26 14248 31 14457 26 14504 31 14713 25 14760 32 14969 25 15015 33 15224 26 15271 34 15480 25 15526 35 15735 25 15782 36 15991 24 16037 20 16058 17 16077 4 16247 23 16293 19 16314 17 16332 7 16502 23 16549 19 16570 26 16759 21 16806 18 16827 27 17015 19 17062 17 17084 30 17271 18 17318 16 17340 32 17527 17 17575 15 17597 32 17784 16 17832 15 17853 33 18041 14 18089 15 18109 33 18298 9 18346 15 18365 34 18602 15 18621 34 18860 51 19118 3 19126 41 19383 40 19639 40 19894 41 20150 41 20406 41 20662 41 20918 41 21175 40 21431 40 21687 39 21943 38 22199 37 22454 38 22710 37 22965 38 23221 37 23476 37 23732 37 23988 36 24243 36 24500 34 24756 34 25012 33 25268 32 25524 31 25780 31 26036 32 26293 32 26550 32 26806 32 27063 8 27074 20 27320 6 27330 19 27578 3 27587 19 27844 18 28101 18 28359 17 28616 16 28872 17 29129 15 29386 14 29643 13 29901 10 30158 7 30416 2
000014,184 6 439 7 695 7 952 5 1023 1 1154 4 1208 4 1277 3 1410 5 1526 2 1532 4 1666 6 1787 5 1922 7 2042 6 2177 9 2298 6 2432 11 2554 6 2688 11 2811 5 2943 13 3010 4 3067 5 3198 15 3234 1 3265 7 3323 5 3449 20 3478 4 3488 5 3520 9 3578 6 3703 22 3734 4 3744 6 3775 11 3835 5 3956 26 3990 5 3999 7 4030 12 4091 5 4212 27 4246 5 4254 8 4286 12 4348 4 4467 33 4502 4 4510 8 4542 13 4723 35 4760 1 4767 7 4799 13 4979 35 5023 8 5055 13 5234 36 5280 8 5311 14 5488 38 5535 10 5567 15 5743 40 5788 13 5823 16 5998 41 6042 15 6078 17 6254 42 6297 15 6334 17 6509 59 6590 17 6764 60 6845 18 7019 61 7101 17 7273 62 7357 17 7413 1 7528 57 7586 4 7613 16 7669 2 7711 2 7783 55 7870 14 7924 3 7965 10 8039 52 8127 13 8181 1 8219 14 8294 52 8383 13 8417 3 8474 16 8550 52 8640 12 8673 4 8729 17 8805 53 8896 13 8928 6 8984 18 9062 52 9152 13 9184 6 9239 20 9318 52 9408 14 9439 7 9493 22 9574 52 9664 13 9695 6 9747 23 9830 52 9921 12 9951 5 10003 23 10086 52 10177 11 10259 22 10343 51 10433 11 10514 22 10600 50 10690 8 10770 21 10856 50 10946 7 11026 9 11039 8 11113 49 11203 4 11282 8 11296 6 11370 48 11538 8 11552 6 11627 46 11776 1 11794 8 11809 5 11884 45 12032 1 12051 7 12066 4 12142 43 12288 1 12308 6 12323 2 12401 40 12564 6 12580 1 12658 39 12821 5 12916 37 13078 3 13173 37 13315 3 13429 37 13570 6 13685 37 13826 7 13941 38 14081 9 14197 37 14337 10 14453 37 14580 4 14592 13 14710 36 14834 8 14848 15 14911 3 14966 36 15089 11 15104 16 15167 6 15223 35 15344 12 15360 19 15422 11 15479 13 15495 18 15598 14 15616 21 15678 11 15736 9 15753 15 15853 15 15872 22 15934 12 16011 12 16108 16 16128 23 16190 11 16267 10 16364 15 16384 23 16445 12 16524 7 16620 14 16640 23 16702 10 16876 14 16896 22 16958 9 17132 13 17152 23 17214 8 17388 13 17408 24 17472 4 17644 13 17664 24 17899 13 17922 23 18151 16 18179 22 18407 15 18435 22 18662 15 18692 21 18919 13 18948 20 19176 11 19205 19 19433 9 19465 15 19587 4 19689 8 19721 15 19841 6 19946 7 19976 15 20096 7 20112 4 20123 6 20202 5 20231 16 20352 7 20367 5 20377 9 20487 16 20607 7 20622 6 20631 12 20742 17 20863 7 20877 23 20998 17 21119 7 21132 24 21254 17 21375 7 21388 25 21510 17 21632 7 21644 25 21766 17 21887 8 21900 26 22022 17 22142 10 22157 29 22278 17 22398 10 22413 30 22534 17 22653 11 22669 31 22789 18 22909 10 22926 30 23045 18 23165 10 23182 31 23301 17 23421 9 23438 31 23558 15 23678 7 23695 31 23815 13 23934 7 23951 31 24073 8 24191 5 24208 31 24449 3 24464 32 24706 1 24721 31 24978 38 25236 38 25493 38 25749 38 26006 38 26111 1 26263 38 26366 2 26520 37 26621 3 26776 37 26876 4 27033 36 27131 5 27289 36 27386 6 27546 29 27642 6 27803 27 27897 7 28060 26 28152 8 28324 17 28408 8 28581 15 28663 9 28840 9 28914 14 29099 2 29169 15 29424 16 29680 16 29936 16 30193 5 30200 8 30451 1 30458 6 30714 6 30971 5 31228 4 31485 3 31742 2 31998 2 32254 2 32509 3 32765 3 33020 4 33276 4 33532 4 33788 4 34044 4 34301 3 34558 2 34815 1 35581 3 35835 5 36088 8 36344 8 36599 9 36854 10 37109 11 37365 11 37621 11 37877 8 37886 2 38134 3 38143 1 38399 1 38655 1 38730 3 38910 2 38985 6 39166 2 39241 7 39422 2 39496 9 39752 10 40008 10 40264 11 40447 1 40520 12 40702 2 40776 13 40957 3 41033 13 41212 4 41289 13 41451 6 41468 4 41545 14 41704 11 41723 5 41801 14 41958 14 41978 6 42057 15 42211 18 42232 8 42314 15 42466 30 42571 15 42722 30 42827 15 42977 31 43083 15 43234 30 43338 16 43490 30 43594 16 43746 30 43850 15 44002 30 44105 14 44259 29 44362 9 44516 28 44618 6 44772 28 45028 28 45283 29 45540 28 45796 28 46052 28 46309 27 46566 26 46822 26 47076 28 47330 30 47585 31 47840 32 48096 32 48351 33 48607 33 48863 33 49119 33 49374 34 49629 35 49884 36 50139 37 50394 38 50650 38 50905 39 51160 40 51414 42 51669 43 51924 44 52179 45 52379 5 52434 46 52634 7 52690 46 52888 10 52945 47 53144 10 53200 48 53399 11 53438 3 53456 48 53655 11 53692 8 53711 49 53910 11 53946 13 53965 51 54166 11 54201 71 54422 10 54456 72 54678 10 54712 72 54934 9 54968 72 55190 9 55224 72 55446 8 55480 72 55703 6 55736 72 55993 71 56249 71 56506 70 56762 70 57018 70 57103 5 57274 70 57357 8 57531 69 57612 10 57789 73 57867 12 58050 69 58123 12 58310 82 58567 82 58824 43 58870 35 59082 79 59339 78 59600 73 59858 71 60116 69 60376 65 60636 60 60892 60 61147 61 61403 61 61658 62 61914 63 62170 63 62425 64 62681 64 62937 65 63193 65 63452 62 63708 36 63745 25 63964 36 64002 24 64220 36 64259 23 64476 36 64515 24 64732 36 64770 25 64988 63 65244 63 65501 35
000015,6 20 31 4 38 9 225 27 262 20 287 4 295 7 481 27 518 20 543 4 551 7 737 27 775 18 799 4 809 4 892 4 993 27 1031 18 1055 4 1148 5 1249 28 1288 17 1404 6 1505 28 1544 17 1660 7 1762 27 1792 1 1801 16 1835 4 1917 6 2019 26 2048 2 2057 15 2089 8 2175 3 2280 21 2304 3 2313 13 2343 10 2536 20 2560 3 2569 12 2598 11 2792 19 2816 4 2825 11 2852 14 3048 18 3072 6 3080 11 3098 2 3107 15 3304 18 3328 19 3353 5 3361 18 3560 17 3584 19 3608 7 3617 19 3816 17 3840 8 3849 10 3863 8 3876 16 4071 18 4096 7 4106 21 4132 16 4327 17 4352 7 4363 20 4386 18 4584 16 4608 6 4619 20 4641 19 4840 15 4864 5 4873 44 5097 10 5128 7 5137 36 5353 9 5384 7 5393 36 5611 7 5640 6 5649 37 5867 7 5905 39 6124 6 6162 39 6381 5 6418 39 6675 39 6931 40 7188 40 7443 42 7699 42 7951 46 8207 46 8462 47 8718 46 8974 44 9231 37 9487 37 9743 36 9999 35 10255 34 10397 11 10511 33 10578 1 10651 15 10742 4 10767 31 10831 7 10902 22 10998 6 11023 30 11087 10 11109 5 11140 3 11157 24 11253 7 11279 29 11342 15 11365 6 11395 5 11413 24 11509 6 11535 28 11597 18 11620 8 11651 5 11669 11 11681 13 11764 6 11792 26 11852 20 11875 9 11908 4 11923 12 11940 10 12019 5 12050 24 12108 21 12131 9 12171 22 12197 8 12275 2 12308 8 12318 13 12363 23 12387 9 12427 22 12455 5 12565 6 12575 12 12619 23 12643 9 12683 23 12823 2 12832 12 12875 23 12899 8 12939 24 13089 12 13131 25 13158 2 13194 25 13345 14 13387 25 13444 4 13450 26 13601 14 13642 26 13699 34 13832 3 13857 14 13896 28 13954 35 14087 4 14114 12 14150 31 14209 37 14336 12 14373 8 14406 32 14463 39 14592 11 14662 32 14717 41 14848 10 14919 31 14973 41 15104 8 15176 31 15229 40 15360 7 15434 29 15486 38 15616 6 15695 25 15743 37 15872 5 15952 24 16001 35 16128 5 16209 22 16258 34 16298 1 16384 5 16466 20 16515 34 16551 6 16640 6 16724 17 16771 42 16896 7 16954 3 16981 15 17027 42 17152 8 17210 4 17239 12 17283 42 17408 9 17465 5 17498 8 17540 41 17664 11 17679 2 17721 5 17758 1 17796 41 17920 12 17934 4 17976 6 18052 41 18176 18 18227 12 18308 40 18432 19 18482 14 18565 37 18688 19 18740 12 18821 35 18944 19 18997 12 19077 35 19200 18 19254 11 19332 36 19456 12 19513 7 19586 38 19712 11 19770 6 19840 41 19968 3 19973 4 20026 5 20094 43 20284 5 20350 43 20543 3 20605 44 20660 3 20797 6 20861 44 20915 4 21052 7 21117 45 21170 5 21307 9 21374 43 21427 2 21562 11 21632 28 21665 8 21810 19 21889 28 21922 7 22065 20 22147 26 22178 7 22320 21 22404 25 22435 5 22576 20 22660 25 22693 1 22832 18 22916 24 23088 14 23173 21 23199 2 23345 12 23428 21 23603 9 23684 18 23862 5 23941 16 24197 15 24454 14 24711 13 24967 12 25069 7 25224 11 25324 10 25480 11 25580 10 25736 11 25835 12 25993 10 26090 13 26252 6 26346 13 26602 13 26851 21 27106 22 27362 23 27618 22 27643 1 27874 22 27899 1 28130 22 28386 21 28642 21 28899 20 29155 19 29411 19 29668 17 29924 17 30181 8 30190 6 30436 8 30693 6 30949 6 31205 5 31281 4 31462 3 31536 6 31790 9 31999 1 32044 12 32228 1 32254 2 32299 18 32483 3 32509 3 32554 21 32586 3 32765 3 32810 22 32841 5 33020 4 33065 24 33097 6 33275 5 33321 25 33353 6 33530 6 33576 27 33609 7 33785 7 33832 28 33866 6 34039 9 34086 30 34123 6 34293 11 34339 33 34379 5 34548 12 34594 34 34636 4 34803 13 34850 34 35059 13 35106 33 35314 13 35362 33 35570 12 35618 33 35827 10 35873 34 36084 8 36128 35 36341 6 36383 36 36599 1 36639 36 36894 37 37150 37 37406 37 37662 36 37919 34 38175 33 38431 33 38636 11 38654 2 38688 26 38717 3 38891 14 38908 4 38946 25 38973 4 39146 22 39203 25 39401 23 39460 25 39653 27 39723 19 39907 29 39981 17 40161 31 40242 11 40321 6 40411 1 40417 31 40501 7 40572 15 40667 3 40673 31 40759 3 40828 16 40923 3 40930 30 41083 16 41179 3 41187 29 41339 16 41435 2 41443 29 41595 14 41700 28 41852 12 41956 28 42111 9 42212 28 42369 7 42468 28 42625 8 42724 28 42882 7 42901 5 42980 28 43138 7 43156 8 43235 29 43394 7 43412 8 43490 30 43650 6 43668 9 43746 30 43906 5 43924 10 44002 30 44164 1 44180 10 44258 30 44436 10 44515 29 44691 10 44774 26 44947 10 45032 24 45203 9 45289 23 45460 7 45546 22 45716 6 45803 21 45973 4 46060 20 46316 20 46573 19 46829 19 47086 18 47342 18 47599 17 47856 16 48113 15 48369 15 48626 14 48884 12 49141 4 49149 3 49406 2 49663 1 52531 4 52786 7 53041 9 53296 10 53549 14 53802 18 53932 7 54056 20 54186 10 54271 1 54311 21 54432 4 54440 12 54525 3 54567 21 54688 20 54780 4 54822 23 54943 20 55032 8 55077 24 55198 20 55287 9 55333 24 55454 20 55480 5 55542 10 55588 25 55710 20 55734 8 55797 11 55844 25 55966 34 56050 14 56100 25 56221 36 56301 19 56356 24 56477 36 56554 22 56613 6 56622 14 56732 37 56807 25 56870 4 56879 13 56988 35 57062 26 57135 13 57244 29 57318 26 57384 3 57389 15 57506 11 57521 7 57574 26 57640 21 57764 7 57778 6 57830 26 57896 22 58022 4 58034 6 58086 26 58151 24 58291 4 58342 26 58407 24 58599 25 58663 25 58856 24 58919 26 59112 24 59175 26 59369 23 59431 26 59625 23 59687 26 59882 22 59942 27 60138 22 60198 26 60394 22 60453 26 60650 22 60708 26 60785 4 60906 22 60964 26 61040 9 61161 23 61221 25 61296 23 61416 24 61478 24 61552 24 61672 24 61734 24 61808 24 61928 24 61990 24 62065 23 62185 23 62246 23 62323 21 62443 21 62502 9 62516 8 62580 21 62663 13 62704 16 62758 8 62837 20 62918 15 62960 16 63018 1 63093 21 63174 15 63216 16 63349 21 63429 17 63473 15 63604 22 63684 17 63730 14 63859 24 63940 17 63986 14 64115 24 64194 20 64243 13 64370 25 64450 20 64500 12 64627 23 64705 21 64757 11 64883 23 64960 22 65014 10 65140 21 65216 22 65271 9 65397 6 65408 7 65472 22 65529 7
000016,3726 7 3981 12 4236 19 4492 21 4748 24 5004 27 5260 28 5492 5 5516 28 5748 7 5772 28 6003 10 6029 27 6259 12 6285 27 6515 13 6541 26 6772 22 6797 24 7028 47 7285 44 7542 41 7799 39 8056 37 8313 34 8570 33 8827 32 9084 31 9341 30 9598 29 9855 28 10111 29 10367 29 10623 29 10879 29 11135 29 11392 28 11648 27 11904 26 12160 25 12416 25 12672 27 12928 29 13184 30 13441 29 13697 29 13955 27 14213 24 14472 18 14732 12 14990 8 15248 4 28301 8 28556 11 28811 13 29067 13 29322 15 29578 15 29834 15 30091 13 30349 11 30606 9 30862 8 31119 6 31377 2 61437 3 61691 5 61946 6 62198 10 62453 11 62709 11 62964 12 63220 12 63476 12 63731 13 63987 13 64243 13 64499 13 64755 13 65011 13 65268 12 65524 12
000017,203 53 459 53 715 53 971 53 1227 53 1483 53 1739 53 1995 53 2250 54 2506 54 2762 54 3019 53 3275 53 3530 54 3786 54 4042 54 4298 54 4563 45 4820 44 5076 44 5332 44 5588 44 5844 44 6101 43 6357 43 6613 43 6869 43 7125 43 7382 42 7638 42 7894 42 8138 2 8149 43 8393 3 8404 44 8649 3 8659 45 8904 4 8913 47 9160 3 9169 47 9416 3 9425 47 9672 2 9682 46 9929 1 9938 46 10195 45 10453 43 10709 43 10965 43 11222 42 11478 42 11734 42 11990 42 12245 43 12499 4 12504 40 12755 4 12760 40 13012 2 13016 40 13272 40 13528 40 13784 40 14040 40 14296 40 14545 4 14552 40 14801 5 14808 40 15057 5 15064 40 15313 6 15320 40 15569 6 15576 40 15825 6 15832 40 16081 4 16087 41 16344 40 16600 40 16857 39 17115 37 17370 38 17626 38 17881 39 18136 40 18392 40 18647 41 18903 41 19161 39 19418 38 19674 38 19930 38 20185 39 20441 39 20695 41 20950 42 21206 42 21461 43 21717 43 21973 43 22230 42 22486 42 22742 42 22998 42 23253 43 23509 43 23765 43 24023 41 24280 40 24536 40 24793 39 25049 39 25307 37 25564 36 25821 35 26077 35 26334 34 26592 32 26853 27 27110 26 27367 25 27623 25 27879 25 28135 25 28390 26 28645 27 28900 28 29155 29 29411 29 29666 30 29921 31 30177 31 30433 31 30690 30 30946 30 31203 29 31460 28 31717 27 31974 26 32230 26 32486 26 32742 26 32998 26 33254 26 33509 27 33765 27 34023 25 34280 24 34539 21 34798 11 34813 3 35060 3 35071 1 37375 1 37631 1 38511 3 38767 5 39023 8 39278 9 39301 7 39534 10 39550 2 39554 17 39572 4 39790 11 39802 38 39850 2 40047 64 40303 69 40377 4 40561 77 40826 68 41083 67 41339 67 41582 3 41594 67 41830 1 41838 4 41849 68 42086 1 42093 7 42103 70 42342 1 42348 8 42357 72 42604 82 42861 81 43118 81 43375 5 43381 74 43639 21 43662 48 43859 2 43896 20 43919 46 44115 3 44157 14 44176 5 44183 38 44370 5 44412 14 44441 35 44626 4 44666 14 44697 7 44710 19 44769 4 44799 1 44884 2 44920 16 44954 4 44967 16 45022 9 45054 2 45170 24 45196 1 45210 2 45230 8 45277 16 45309 3 45422 13 45437 13 45451 4 45486 5 45532 21 45557 6 45564 4 45673 18 45693 21 45742 3 45766 2 45780 3 45785 39 45927 20 45950 21 46022 2 46035 45 46180 23 46207 12 46222 5 46290 46 46434 40 46479 2 46494 3 46546 46 46687 43 46747 7 46800 48 46937 3 46941 45 47003 9 47052 52 47191 5 47197 46 47259 11 47308 52 47447 55 47516 11 47562 54 47703 57 47772 10 47816 56 47959 58 48028 11 48069 59 48215 58 48285 11 48323 61 48472 57 48541 12 48579 61 48729 57 48796 15 48831 1 48835 61 48986 60 49048 20 49072 4 49086 66 49236 4 49243 89 49341 67 49492 97 49596 68 49748 100 49850 70 50004 172 50260 172 50517 171 50762 1 50774 170 51018 1 51034 166 51291 165 51547 165 51803 165 52056 1 52060 164 52311 169 52566 170 52822 170 53078 170 53334 8 53343 161 53590 7 53603 157 53837 3 53849 2 53859 157 54092 5 54114 158 54348 5 54370 158 54604 4 54616 1 54625 159 54872 1 54882 1 54886 1 54890 13 54910 130 55127 2 55148 8 55169 31 55204 92 55405 7 55426 11 55443 13 55461 91 55662 6 55683 8 55701 4 55710 2 55718 90 55919 4 55939 7 55955 5 55967 2 55975 89 56176 2 56196 2 56200 1 56211 5 56223 3 56232 88 56470 1 56491 85 56662 1 56668 1 56748 84 56916 4 57005 83 57172 4 57262 82 57427 5 57519 81 57683 5 57775 81 57940 5 58032 80 58198 3 58291 77 58508 2 58553 71 58764 2 58809 71 59067 69 59327 65 59584 64 59842 62 60098 62 60347 5 60354 62 60603 69 60858 70 61113 71 61368 72 61623 73 61879 73 62135 73 62337 3 62390 74 62593 3 62646 74 62850 1 62901 75 63158 74 63414 74 63670 74 63927 73 64185 71 64442 70 64698 70 64955 69 65211 69 65467 69
000018,137 53 202 15 221 11 392 54 458 15 478 10 647 55 714 16 734 10 901 57 969 18 991 9 1014 4 1156 58 1224 19 1248 8 1269 6 1412 88 1505 6 1525 7 1668 89 1763 3 1780 8 1924 90 2036 9 2179 92 2292 9 2435 93 2548 9 2691 94 2804 9 2947 95 3060 9 3203 95 3313 14 3459 95 3568 16 3715 95 3823 17 3972 93 4078 18 4228 92 4333 19 4484 90 4587 21 4740 89 4840 24 4997 87 5094 26 5253 85 5349 27 5510 82 5605 27 5766 81 5860 28 6023 80 6115 29 6280 79 6371 29 6536 79 6627 29 6793 78 6882 30 7051 75 7138 30 7308 74 7394 30 7565 73 7651 29 7822 72 7907 29 8079 71 8164 28 8336 70 8420 28 8574 1 8592 70 8676 28 8827 7 8848 71 8933 27 9079 12 9104 81 9190 26 9332 16 9360 84 9446 26 9587 18 9616 112 9843 19 9872 87 9960 24 10099 20 10127 113 10355 21 10381 115 10611 20 10637 115 10864 21 10892 116 11119 19 11148 116 11374 19 11405 115 11631 17 11661 115 11887 14 11917 115 12144 10 12173 115 12429 106 12537 7 12684 106 12793 7 12939 104 13049 7 13194 104 13305 7 13450 103 13561 7 13705 103 13818 6 13961 103 14075 5 14217 102 14335 1 14472 103 14728 102 14984 102 15241 101 15497 100 15754 98 16010 97 16267 95 16523 94 16780 91 17037 88 17296 85 17555 81 17811 80 18068 79 18325 78 18582 77 18839 77 19104 69 19363 66 19620 65 19877 65 20134 65 20390 66 20646 67 20902 67 21159 67 21416 66 21673 65 21931 44 21980 13 22188 42 22239 10 22446 40 22496 9 22704 38 22753 8 22961 36 23009 8 23218 31 23264 9 23475 42 23519 10 23732 53 23989 53 24247 53 24504 53 24761 53 24831 1 25018 52 25086 2 25275 14 25290 37 25341 3 25533 4 25538 4 25548 36 25596 4 25806 34 25852 4 26062 35 26108 4 26318 42 26364 4 26574 44 26620 4 26829 51 27084 52 27338 54 27593 55 27849 55 28104 56 28360 56 28615 57 28871 57 29126 58 29382 58 29629 3 29638 58 29884 6 29894 58 30139 69 30395 69 30651 69 30908 68 31088 3 31164 68 31343 5 31422 66 31598 6 31678 66 31854 6 31935 65 32111 4 32191 65 32368 2 32446 66 32702 66 32958 66 33130 3 33214 66 33384 5 33470 66 33640 6 33727 65 33895 14 33985 63 34150 15 34244 60 34406 15 34500 60 34661 16 34757 59 34917 16 35014 58 35173 15 35271 57 35429 14 35528 56 35685 15 35785 55 35940 16 36044 52 36192 21 36301 44 36348 4 36446 25 36557 42 36604 4 36702 25 36813 41 36861 3 36958 25 37068 40 37117 3 37214 26 37323 40 37375 1 37470 25 37579 39 37726 25 37834 41 37982 25 38090 41 38238 24 38346 42 38495 23 38600 45 38752 3 38759 15 38854 47 39016 14 39109 48 39272 14 39364 49 39527 15 39620 49 39782 17 39876 49 40038 5 40045 10 40131 50 40294 4 40301 10 40387 50 40551 2 40559 7 40643 50 40898 50 41154 50 41410 49 41665 50 41922 48 42059 2 42178 48 42248 5 42314 4 42435 46 42504 5 42569 5 42693 45 42761 4 42825 5 42951 43 43081 5 43137 7 43209 40 43337 4 43388 13 43465 40 43594 3 43643 15 43722 39 43899 17 43978 39 44154 21 44233 40 44305 6 44410 24 44489 39 44559 12 44666 26 44744 40 44814 15 44922 26 45000 39 45069 17 45178 27 45256 39 45324 20 45434 28 45512 38 45580 21 45691 27 45767 21 45790 9 45803 1 45836 22 45947 27 46023 21 46047 7 46092 22 46203 27 46279 20 46304 5 46348 23 46459 27 46536 18 46560 5 46604 23 46713 29 46792 17 46818 2 46860 23 46968 30 47049 15 47116 23 47224 31 47373 21 47480 31 47629 21 47735 32 47885 20 47991 31 48143 18 48247 31 48401 16 48503 30 48659 4 48666 7 48759 28 48923 7 49016 23 49179 7 49272 22 49435 7 49528 17 49691 6 49784 16 49947 6 50041 15 50204 4 50299 13 50557 10 50814 8 51070 7 51328 2 52572 4 52828 4 53084 4 53340 4 53595 4 53851 3 54108 1 55637 2 55870 4 55889 13 56125 6 56143 17 56380 8 56396 21 56633 12 56649 24 56888 42 57144 42 57399 44 57653 47 57907 49 58161 52 58417 52 58673 51 58929 51 59184 51 59442 49 59700 46 59956 46 60213 46 60469 46 60724 48 60980 53 61236 54 61492 55 61748 55 62004 55 62260 54 62516 54 62772 54 63028 53 63284 52 63541 9 63551 20 63574 18 63799 5 63809 11 63836 11 64067 3 64094 8 64353 5 64836 3 65092 4 65347 6
000019,0 65536
000020,0 65536
000021,0 103 256 103 512 102 768 60 832 38 1024 60 1089 37 1280 59 1347 34 1536 59 1605 30 1792 58 1864 25 2048 57 2123 21 2304 56 2381 19 2560 54 2639 17 2816 52 2895 17 3072 49 3151 16 3328 43 3407 15 3584 42 3663 12 3840 42 3920 6 4096 42 4178 1 4352 41 4608 41 4864 40 5120 39 5376 39 5632 38 5888 37 6144 36 6400 35 6656 34 6912 33 7168 32 7424 18 7443 12 7680 16 7701 9 7936 16 7959 4 8192 16 8448 17 8704 17 8960 17 9216 17 9472 17 9728 16 9984 16 10240 16 10496 15 10752 15 11008 15 11264 14 11520 13 11776 13 12032 7 12288 4 12544 2 17000 5 17255 7 17493 2 17504 14 17748 3 17758 17 18004 4 18012 20 18036 3 18260 3 18267 29 18516 1 18522 31 18770 5 18778 32 19026 6 19033 34 19281 42 19536 43 19791 45 20046 46 20301 48 20556 50 20811 52 21066 54 21322 54 21577 56 21833 56 22088 58 22344 58 22599 58 22855 59 23110 60 23366 61 23621 63 23876 65 24131 69 24387 69 24643 70 24899 70 25155 71 25411 71 25668 70 25924 70 26181 69 26437 69 26693 68 26949 68 27204 69 27460 69 27716 70 27973 69 28229 7 28237 60 28493 60 28749 59 29005 59 29261 58 29517 58 29774 56 30029 57 30285 56 30541 55 30797 53 31053 52 31309 51 31566 49 31824 2 31829 41 32087 38 32343 37 32600 31 32856 30 33114 3 33121 20 33378 18 33635 16 33891 14 34148 6 34404 5 48377 1 48627 9 48880 12 49136 13 49392 13 49648 13 49882 5 49888 7 49904 13 50136 16 50160 16 50390 18 50416 16 50645 20 50672 11 50684 4 50900 21 50928 16 51156 22 51184 16 51412 24 51439 17 51668 25 51694 18 51923 28 51952 16 52179 28 52208 16 52434 46 52690 46 52946 46 53202 46 53459 45 53719 41 53976 40 54232 40 54488 40 54744 19 54766 18 55000 13 55023 3 55028 12 55256 12 55285 11 55511 12 55541 11 55767 11 55797 11 56023 9 56053 11 56280 7 56308 12 56536 6 56565 11 56795 1 56821 11 57078 10 57336 8 57592 8 57849 7 58104 8 58360 8 58616 8 58872 8 59128 8 59385 7 59643 5 59900 4 60156 4 60412 4 60669 3 60925 3 61180 4 61436 4 61692 4 61948 4 62204 4 62460 4 62716 4 62972 4 63229 3
000022,46566 12 46821 16 46838 6 47076 28 47331 29 47587 29 47842 30 48099 29 48355 29 48612 28 48869 27 49126 26 49382 26 49639 25 49895 25 50152 24 50408 16 50426 6 50664 13 50682 6 50921 12 50938 6 51178 11 51194 10 51435 9 51451 10 51693 5 51707 11 51951 1 51963 11 52002 5 52188 5 52203 2 52219 10 52255 10 52444 7 52458 10 52476 9 52509 18 52699 26 52732 8 52763 23 52891 4 52956 26 52988 8 53019 24 53145 7 53212 27 53244 8 53274 25 53398 11 53459 4 53468 40 53530 25 53652 12 53714 8 53726 38 53786 25 53907 13 53969 10 53982 37 54043 23 54161 14 54225 11 54238 37 54299 23 54415 16 54480 12 54494 36 54554 23 54670 17 54731 18 54750 34 54810 22 54926 17 54985 55 55066 22 55181 19 55202 2 55239 57 55321 23 55393 5 55437 25 55493 59 55565 36 55647 10 55688 31 55747 61 55820 37 55901 14 55943 32 56002 62 56076 39 56156 15 56198 33 56255 65 56331 41 56411 17 56454 34 56509 67 56587 41 56667 17 56709 36 56764 68 56842 42 56923 17 56964 39 57019 69 57098 43 57178 17 57218 42 57274 70 57352 45 57435 15 57470 47 57530 70 57607 46 57692 14 57725 49 57786 70 57862 48 57914 5 57950 20 57979 51 58041 71 58117 49 58169 7 58207 21 58233 53 58297 71 58372 51 58426 6 58461 81 58552 72 58627 52 58683 5 58716 82 58805 75 58883 52 58941 6 58971 84 59060 76 59138 53 59198 7 59225 167 59393 54 59454 9 59479 169 59649 54 59709 11 59734 226 59965 11 59989 227 60221 12 60244 229 60478 10 60499 230 60735 9 60753 110 60865 120 60994 5 61006 113 61121 119 61261 113 61378 117 61517 115 61634 117 61773 233 62029 232 62285 232 62540 231 62795 229 63048 229 63303 229 63557 227 63812 227 64067 227 64322 227 64578 226 64833 226 65089 222 65345 191
000023,2 37 78 14 102 49 242 11 254 2 258 38 334 13 358 49 497 15 514 38 591 10 615 48 752 16 770 40 848 7 872 46 960 2 1008 16 1026 41 1106 3 1130 5 1138 36 1207 3 1214 6 1264 16 1283 41 1395 35 1462 16 1521 15 1540 40 1651 35 1717 17 1777 15 1798 38 1907 36 1972 18 2034 14 2055 37 2163 36 2227 20 2290 14 2311 38 2420 36 2483 20 2547 13 2567 38 2676 35 2738 22 2804 12 2823 38 2933 34 2994 23 3061 11 3078 40 3189 33 3250 24 3317 11 3334 6 3344 30 3446 31 3505 25 3573 4 3578 6 3591 4 3601 29 3702 30 3757 38 3828 5 3836 4 3858 29 3959 29 4012 42 4084 7 4092 4 4114 29 4216 28 4268 46 4339 13 4371 28 4472 28 4524 49 4595 13 4628 27 4728 28 4780 50 4852 12 4885 26 4983 28 5036 51 5108 12 5143 24 5239 28 5291 53 5346 4 5364 12 5400 23 5494 28 5547 61 5620 12 5657 23 5750 27 5802 63 5876 12 5914 6 5922 14 6007 25 6057 65 6132 12 6171 3 6179 13 6263 24 6313 66 6388 12 6437 12 6520 22 6569 67 6644 12 6694 11 6777 20 6826 67 6900 12 6953 7 7028 25 7082 23 7107 42 7156 12 7210 5 7284 25 7339 21 7363 42 7413 11 7539 28 7595 20 7619 42 7668 12 7795 28 7838 1 7851 19 7875 42 7924 12 8051 29 8093 5 8107 19 8131 41 8180 12 8306 30 8349 6 8364 18 8387 40 8436 12 8562 30 8605 6 8622 16 8644 38 8692 12 8818 31 8861 6 8881 14 8901 33 8948 12 9074 31 9117 6 9138 13 9160 31 9205 11 9330 31 9374 5 9394 14 9417 30 9463 9 9554 5 9586 32 9630 4 9651 13 9675 28 9721 7 9810 7 9842 32 9887 2 9908 12 9932 27 9978 6 10066 8 10100 30 10166 9 10188 27 10234 6 10322 13 10358 27 10402 5 10423 7 10443 28 10490 6 10578 14 10615 24 10657 9 10699 28 10747 5 10833 16 10871 23 10913 11 10954 29 11003 5 11088 20 11109 2 11128 21 11169 13 11211 28 11260 4 11283 3 11343 25 11386 2 11389 16 11425 18 11467 29 11517 3 11539 4 11598 26 11653 6 11681 19 11723 30 11794 5 11853 29 11911 2 11937 20 11979 31 12050 5 12108 32 12193 21 12235 32 12307 4 12363 33 12449 22 12492 36 12620 34 12705 22 12748 39 12876 38 12960 23 13005 22 13028 16 13132 39 13215 24 13262 11 13276 3 13287 14 13390 38 13470 25 13545 12 13646 39 13725 26 13802 12 13902 39 13980 27 14058 12 14157 40 14235 28 14300 4 14314 13 14413 40 14485 3 14489 29 14554 8 14570 13 14599 2 14669 39 14740 34 14808 13 14826 13 14854 3 14924 40 14995 35 15063 15 15082 13 15180 40 15251 35 15317 18 15336 14 15435 41 15507 35 15572 34 15690 41 15762 35 15828 35 15946 39 16018 27 16048 4 16084 36 16202 39 16273 28 16341 36 16458 39 16528 30 16597 36 16715 38 16784 30 16854 35 16971 39 17039 32 17111 34 17186 8 17227 39 17295 34 17368 32 17441 12 17483 38 17551 35 17625 30 17697 13 17738 39 17807 38 17846 1 17883 23 17952 14 17994 39 18064 42 18141 21 18207 15 18250 39 18320 44 18398 19 18463 15 18506 39 18576 46 18654 19 18719 14 18739 7 18763 38 18832 47 18911 18 18974 15 18993 10 19019 42 19088 48 19168 18 19230 14 19249 11 19275 44 19344 48 19425 20 19486 14 19504 12 19532 44 19601 47 19652 3 19682 20 19741 14 19760 12 19788 45 19857 48 19906 6 19938 21 19997 14 20016 13 20045 44 20114 55 20195 20 20253 14 20272 13 20302 18 20324 22 20370 55 20452 19 20508 15 20528 14 20559 15 20582 20 20626 55 20708 18 20764 15 20783 16 20816 13 20840 19 20862 3 20882 55 20965 16 21020 15 21039 16 21074 4 21098 24 21138 55 21221 14 21242 3 21276 16 21293 19 21354 23 21395 55 21478 11 21497 5 21532 37 21610 23 21653 33 21690 16 21734 9 21752 6 21787 38 21866 18 21885 3 21907 34 21947 15 21990 9 22008 6 22043 38 22121 18 22160 36 22204 14 22246 9 22264 5 22297 40 22376 18 22415 37 22460 14 22502 10 22521 3 22552 41 22632 18 22670 37 22716 14 22757 12 22807 42 22888 18 22925 43 22972 13 23013 13 23061 19 23092 14 23144 10 23156 5 23181 45 23228 13 23269 14 23317 19 23346 16 23400 9 23433 50 23484 12 23524 16 23572 20 23602 16 23657 7 23687 53 23741 9 23775 22 23828 21 23857 17 23914 4 23943 52 24000 3 24029 25 24084 21 24113 17 24200 51 24283 27 24341 20 24369 17 24456 12 24470 37 24539 26 24598 19 24625 17 24713 10 24727 36 24794 26 24855 17 24881 16 24971 7 24983 36 25050 26 25112 15 25137 16 25240 35 25305 27 25370 11 25394 13 25497 34 25561 29 25629 7 25651 8 25730 4 25755 31 25816 33 25887 4 25908 6 25984 7 26013 29 26072 34 26164 5 26238 9 26272 1 26279 18 26328 35 26493 10 26537 4 26543 10 26584 36 26748 9 26800 7 26840 36 27003 9 27026 3 27057 4 27097 36 27257 9 27281 5 27353 37 27502 1 27510 12 27537 5 27555 7 27609 37 27756 21 27793 5 27810 9 27866 36 28012 21 28050 3 28066 10 28122 35 28268 21 28322 10 28379 33 28474 3 28525 20 28579 9 28636 31 28728 8 28782 19 28836 7 28893 28 28933 4 28983 10 29040 21 29150 27 29189 5 29238 11 29297 22 29406 26 29444 7 29494 11 29554 21 29662 27 29695 1 29700 7 29749 12 29811 20 29918 28 29950 2 29957 6 30005 11 30067 20 30174 29 30206 2 30213 6 30261 9 30325 18 30430 19 30452 8 30463 1 30469 5 30518 6 30557 5 30569 6 30579 19 30686 18 30709 7 30726 3 30812 7 30824 29 30941 19 30966 6 31057 3 31067 9 31080 28 31197 19 31223 4 31312 8 31323 9 31336 22 31453 19 31481 1 31568 22 31591 22 31709 19 31824 44 31965 20 32080 45 32221 21 32335 54 32478 21 32591 58 32735 20 32847 60 32993 19 33103 40 33145 19 33251 17 33358 36 33402 20 33508 16 33614 34 33657 22 33764 16 33871 33 33913 23 33951 5 34020 16 34127 32 34168 26 34206 6 34275 18 34383 30 34423 28 34461 7 34530 20 34639 29 34678 29 34714 10 34785 21 34895 29 34933 31 34967 14 34983 3 35041 21 35151 29 35188 32 35222 15 35238 4 35297 21 35375 2 35406 30 35443 33 35478 19 35552 21 35630 5 35661 30 35698 55 35808 20 35886 8 35916 30 35954 49 36005 3 36064 20 36131 3 36142 11 36175 26 36210 48 36320 19 36385 7 36398 13 36432 22 36467 46 36524 5 36576 19 36638 10 36654 14 36689 20 36723 46 36775 12 36798 2 36805 3 36832 19 36893 11 36909 15 36946 6 36953 10 36980 44 37029 17 37054 2 37060 6 37089 17 37149 11 37164 16 37212 5 37238 42 37284 19 37310 2 37316 7 37345 17 37405 11 37417 19 37496 40 37539 21 37567 1 37572 7 37601 17 37661 31 37751 39 37793 24 37827 9 37857 16 37916 31 38006 39 38048 27 38081 11 38099 1 38114 14 38173 29 38262 38 38304 44 38354 4 38371 13 38429 28 38517 38 38560 44 38610 6 38628 10 38671 2 38685 26 38773 39 38816 44 38865 8 38886 8 38926 3 38941 26 39029 14 39046 3 39052 16 39073 44 39121 9 39182 3 39198 24 39285 13 39308 16 39329 44 39377 10 39438 3 39454 24 39541 11 39564 17 39585 46 39632 12 39677 3 39695 2 39710 24 39798 9 39819 18 39841 60 39933 3 39966 23 40054 8 40074 19 40097 61 40189 3 40222 23 40312 3 40330 19 40353 61 40445 3 40479 9 40490 11 40508 12 40585 19 40610 60 40701 3 40736 6 40747 13 40761 16 40841 18 40866 60 40958 2 40993 3 41005 28 41098 16 41124 26 41152 30 41215 1 41262 28 41355 14 41381 26 41408 29 41520 26 41613 12 41639 24 41671 21 41721 5 41777 25 41806 3 41870 11 41896 23 41928 19 41975 8 42034 24 42062 3 42126 10 42152 23 42183 20 42230 10 42290 24 42318 3 42382 9 42408 23 42439 19 42485 11 42548 22 42573 3 42639 5 42664 23 42694 20 42741 11 42805 20 42828 4 42919 23 42950 19 42996 12 43062 13 43084 5 43172 21 43194 1 43206 19 43252 11 43319 12 43339 9 43427 19 43461 19 43508 11 43577 10 43594 12 43682 15 43716 19 43764 11 43836 7 43850 13 43922 4 43938 14 43971 19 44021 10 44092 8 44105 15 44154 1 44177 7 44194 14 44226 20 44277 11 44347 9 44361 15 44408 5 44432 9 44451 12 44481 21 44533 11 44602 9 44617 15 44664 7 44676 2 44687 15 44707 11 44737 21 44788 12 44857 10 44873 15 44919 9 44930 5 44943 16 44964 10 44993 21 45044 12 45112 10 45129 15 45175 16 45198 20 45223 7 45249 21 45300 11 45368 9 45385 15 45430 16 45454 21 45482 3 45506 11 45521 5 45536 2 45557 9 45624 8 45642 14 45686 16 45710 22 45763 6 45778 3 45790 6 45814 6 45881 5 45899 13 45940 18 45966 22 46045 8 46155 13 46194 19 46222 22 46301 9 46412 12 46450 18 46478 22 46556 11 46668 11 46706 17 46734 22 46811 12 46924 11 46962 16 46990 22 47063 16 47180 10 47218 15 47246 22 47318 17 47435 10 47474 6 47484 4 47501 22 47574 17 47691 8 47731 4 47757 22 47831 15 47947 6 48012 23 48089 13 48204 3 48268 22 48346 9 48440 1 48524 22 48603 6 48689 9 48780 22 48944 11 49037 21 49199 12 49215 5 49294 9 49305 8 49375 1 49452 25 49505 9 49551 7 49562 6 49631 3 49707 27 49760 13 49808 4 49820 4 49826 5 49834 6 49886 4 49962 29 50016 14 50066 1 50078 19 50142 4 50219 28 50271 15 50334 34 50399 3 50475 27 50527 15 50589 37 50732 23 50782 16 50845 37 50988 22 51038 15 51099 40 51249 10 51261 4 51294 14 51353 41 51506 6 51550 13 51607 43 51807 10 51862 42 52063 10 52116 43 52320 8 52371 44 52576 8 52626 45 52833 7 52881 45 53090 5 53136 45 53392 45 53648 44 53905 43 54162 41 54418 41 54675 39 54933 37 55190 35 55232 1 55447 33 55703 30 55959 28 56216 26 56364 1 56472 25 56618 5 56729 21 56847 2 56873 6 56896 3 56986 18 57101 6 57123 13 57151 8 57242 16 57356 12 57377 16 57406 12 57498 15 57595 1 57612 13 57632 17 57661 20 57754 14 57851 2 57868 13 57887 19 57917 21 58012 10 58107 1 58123 14 58142 23 58173 22 58379 14 58397 25 58429 23 58624 25 58653 25 58685 28 58880 24 58909 25 58940 30 59136 23 59165 25 59196 31 59392 21 59421 62 59586 6 59648 20 59677 62 59836 15 59904 12 59932 63 60089 19 60160 10 60188 63 60342 22 60416 9 60443 64 60596 25 60672 7 60698 64 60850 27 60928 6 60954 64 61104 19 61127 6 61210 64 61360 18 61385 1 61466 64 61616 18 61722 64 61872 17 61903 2 61979 41 62021 20 62128 17 62158 12 62236 40 62277 20 62384 16 62414 13 62436 2 62492 39 62534 19 62640 16 62667 18 62690 6 62749 10 62764 13 62781 5 62790 18 62895 17 62921 22 62944 8 63005 9 63021 12 63039 2 63047 17 63151 16 63176 33 63261 7 63279 9 63308 12 63406 17 63432 33 63517 6 63535 8 63565 10 63662 17 63687 35 63774 3 63791 7 63823 8 63917 18 63942 37 64048 4 64080 5 64173 17 64197 38 64429 7 64439 6 64453 39 64686 7 64697 3 64708 40 64942 7 64964 40 65198 7 65220 39 65454 7 65476 25 65504 2
000024,0 130 154 9 167 11 208 11 255 130 412 6 424 10 464 11 510 131 681 8 721 3 765 131 1021 130 1279 128 1536 126 1792 126 2048 126 2304 126 2507 3 2555 1 2560 127 2761 6 2810 3 2814 129 3015 9 3066 133 3271 10 3321 133 3527 13 3577 133 3784 14 3823 1 3833 131 4040 15 4089 130 4226 4 4248 4 4297 15 4345 130 4481 10 4503 5 4553 16 4600 131 4736 11 4758 7 4810 15 4856 132 4991 11 5014 8 5066 15 5112 132 5245 12 5269 10 5322 16 5367 144 5525 11 5579 15 5622 144 5781 12 5835 15 5877 144 6037 12 6092 14 6132 145 6294 11 6349 13 6387 146 6550 12 6605 13 6642 147 6807 12 6842 4 6861 13 6898 146 7062 14 7096 6 7116 13 7154 146 7317 16 7337 2 7351 7 7372 12 7409 115 7527 27 7570 20 7592 4 7607 7 7629 11 7665 115 7784 24 7825 27 7861 9 7886 9 7921 114 8042 21 8079 28 8116 10 8143 8 8176 115 8299 19 8334 29 8370 13 8385 2 8401 5 8432 116 8555 18 8590 28 8624 22 8687 117 8811 17 8845 29 8876 27 8941 118 9067 16 9100 30 9131 28 9193 1 9196 119 9323 16 9355 30 9386 29 9449 120 9580 14 9611 60 9705 120 9836 14 9867 60 9961 120 10093 12 10123 48 10174 8 10216 121 10351 9 10379 46 10431 7 10472 122 10635 45 10687 7 10727 123 10891 44 10944 7 10983 124 11147 44 11200 8 11239 125 11402 45 11456 10 11495 126 11657 47 11712 10 11751 126 11912 48 11967 12 12007 128 12168 49 12223 12 12263 129 12423 50 12478 13 12520 128 12655 3 12679 50 12734 11 12776 129 12910 5 12935 50 12989 8 13033 128 13165 7 13192 49 13245 8 13290 128 13420 8 13449 7 13457 39 13500 9 13548 126 13675 10 13708 1 13713 37 13756 9 13806 15 13824 117 13969 35 14012 9 14063 13 14080 118 14225 34 14267 10 14319 14 14336 118 14480 34 14523 10 14575 15 14592 118 14736 33 14779 9 14831 135 14992 32 15035 8 15087 135 15248 33 15291 8 15344 122 15467 10 15505 33 15547 8 15600 122 15724 7 15762 32 15803 8 15856 122 15981 4 16020 31 16059 8 16110 123 16276 30 16315 9 16366 123 16533 28 16572 8 16622 123 16789 26 16828 8 16879 115 16995 5 17045 25 17085 7 17136 114 17303 17 17343 3 17396 109 17560 14 17653 9 17664 81 17749 4 17758 3 17816 13 17913 3 17920 78 18072 12 18176 75 18329 11 18432 74 18585 11 18688 74 18842 9 18944 73 19101 5 19137 2 19200 73 19391 6 19456 73 19635 1 19647 7 19712 73 19889 5 19902 8 19968 73 20144 7 20158 9 20224 74 20399 9 20413 10 20480 75 20652 13 20669 9 20736 75 20896 4 20906 16 20924 10 20992 76 21151 40 21248 75 21407 40 21504 75 21663 40 21760 76 21918 44 22016 76 22173 46 22272 76 22427 49 22528 76 22682 51 22784 76 22899 2 22937 52 23040 77 23154 5 23189 58 23296 77 23410 5 23446 59 23552 78 23666 6 23703 59 23808 78 23922 6 23962 16 23981 37 24064 78 24178 7 24220 13 24237 38 24319 79 24434 8 24480 2 24483 4 24493 38 24574 80 24690 9 24748 39 24830 80 24947 11 25004 39 25086 80 25203 13 25259 39 25342 80 25460 13 25515 38 25598 80 25716 13 25771 38 25853 80 25973 13 26027 38 26110 79 26230 12 26283 37 26366 78 26487 11 26540 36 26623 76 26743 10 26796 35 26879 58 26943 10 27000 9 27052 35 27134 57 27202 6 27256 10 27308 34 27389 54 27458 7 27512 11 27565 31 27645 54 27713 9 27767 12 27821 29 27900 55 27969 11 28023 13 28076 27 28155 56 28224 15 28280 13 28331 4 28337 22 28411 55 28479 16 28535 14 28586 5 28594 21 28666 56 28735 17 28791 15 28842 5 28851 20 28921 57 28990 18 29047 15 29098 6 29108 19 29177 58 29245 20 29302 16 29353 8 29364 19 29432 59 29501 21 29553 3 29558 16 29609 9 29621 18 29688 60 29756 22 29807 24 29865 10 29878 17 29935 2 29944 60 30011 24 30062 25 30121 10 30135 16 30189 6 30199 61 30267 24 30318 25 30378 9 30392 4 30399 7 30444 72 30523 25 30575 23 30635 8 30656 7 30700 71 30779 25 30836 17 30892 8 30914 5 30956 70 31035 25 31092 17 31149 7 31170 6 31211 71 31292 24 31347 17 31406 6 31427 5 31467 70 31548 24 31603 18 31664 4 31683 6 31723 69 31805 24 31858 19 31921 3 31939 6 31979 70 32062 23 32113 20 32195 5 32236 69 32319 23 32367 23 32452 3 32492 69 32575 23 32621 25 32748 70 32831 23 32876 27 33005 69 33087 23 33131 27 33261 70 33342 24 33387 27 33518 70 33599 23 33642 27 33775 69 33856 22 33897 28 34032 69 34117 17 34153 26 34288 69 34373 18 34410 18 34432 2 34545 68 34630 18 34665 17 34688 3 34801 68 34887 19 34921 16 34944 6 35058 67 35145 18 35177 17 35202 5 35247 6 35314 66 35402 18 35433 17 35459 5 35503 7 35518 4 35528 3 35571 65 35659 18 35689 17 35715 4 35760 6 35773 5 35783 5 35827 64 35915 18 35944 17 35966 2 35970 4 36016 7 36028 6 36039 5 36084 63 36171 19 36200 17 36222 2 36226 3 36273 6 36284 6 36295 5 36341 62 36427 20 36456 17 36479 1 36530 5 36540 5 36551 5 36598 61 36682 22 36712 17 36795 6 36808 4 36855 61 36938 23 36968 17 37028 4 37051 6 37120 53 37193 24 37224 17 37283 5 37307 6 37376 53 37448 25 37480 17 37533 1 37538 7 37564 4 37632 54 37704 25 37737 17 37787 14 37888 54 37960 25 37993 17 38042 14 38144 55 38216 26 38249 17 38293 19 38400 55 38463 4 38472 26 38504 19 38548 19 38656 56 38719 4 38728 27 38761 18 38803 19 38851 4 38912 56 38976 1 38984 28 39017 18 39054 23 39106 8 39168 57 39240 29 39272 19 39308 24 39362 12 39424 58 39496 30 39528 19 39563 25 39618 13 39680 59 39751 52 39818 26 39873 15 39936 60 40007 52 40074 26 40128 16 40192 65 40263 52 40329 27 40383 17 40448 67 40520 51 40582 31 40638 19 40704 70 40776 52 40832 37 40886 3 40892 21 40960 124 41085 40 41140 29 41216 122 41341 39 41395 33 41472 108 41581 13 41597 39 41651 34 41728 108 41837 13 41852 39 41906 19 41928 16 41984 122 42108 38 42163 17 42185 16 42240 122 42363 39 42419 17 42442 16 42496 114 42611 46 42677 15 42698 16 42752 72 42825 41 42868 45 42934 14 42954 16 43008 70 43081 41 43125 44 43191 13 43210 16 43264 70 43337 88 43448 11 43466 16 43520 70 43594 88 43705 6 43721 17 43776 71 43851 89 43962 4 43977 17 44003 2 44029 76 44107 90 44232 18 44258 3 44284 78 44363 91 44488 17 44513 4 44540 170 44744 17 44768 6 44797 169 45001 15 45024 6 45043 3 45053 169 45257 7 45280 7 45297 8 45310 169 45515 3 45536 7 45553 10 45566 169 45792 7 45808 183 46049 6 46064 182 46306 5 46320 182 46564 2 46576 183 46826 190 47082 190 47338 191 47594 194 47848 197 48101 200 48356 27 48384 172 48611 28 48640 172 48866 29 48896 171 49121 30 49152 171 49377 30 49408 171 49633 30 49664 171 49889 29 49920 172 50146 28 50176 172 50403 26 50432 174 50660 23 50688 180 50899 4 50917 22 50944 183 51155 6 51175 19 51200 184 51411 9 51432 17 51456 124 51581 59 51668 8 51689 15 51712 121 51839 7 51851 46 51923 10 51945 13 51968 119 52096 4 52108 45 52180 10 52201 11 52224 117 52364 46 52436 10 52457 11 52480 117 52619 47 52693 10 52713 11 52736 117 52872 50 52949 11 52970 10 52992 117 53126 52 53204 14 53227 9 53248 117 53381 53 53458 17 53484 8 53504 116 53637 53 53713 19 53741 6 53760 116 53893 52 53968 20 53999 4 54016 116 54148 53 54224 20 54255 5 54272 116 54404 52 54480 20 54511 7 54528 116 54660 52 54736 20 54766 9 54784 115 54916 52 54992 19 55022 9 55040 115 55172 52 55248 18 55277 11 55296 113 55427 53 55503 17 55533 11 55552 109 55682 54 55759 17 55789 11 55808 109 55937 54 56014 18 56045 11 56064 109 56180 1 56193 54 56270 19 56302 11 56320 109 56434 4 56449 53 56517 4 56526 21 56558 12 56576 109 56690 5 56706 52 56772 32 56815 12 56832 109 56946 5 56964 47 57027 33 57072 12 57088 109 57201 6 57221 45 57282 34 57329 11 57344 109 57457 5 57478 43 57538 34 57587 9 57600 109 57712 5 57735 41 57794 35 57846 4 57856 110 57967 6 57993 38 58050 35 58112 117 58249 37 58307 35 58368 116 58505 36 58564 34 58624 115 58762 35 58820 34 58880 108 59018 34 59076 35 59136 107 59274 34 59331 37 59392 105 59531 32 59585 40 59648 104 59788 30 59840 41 59904 103 60044 29 60096 41 60160 101 60301 26 60352 41 60416 101 60559 24 60608 40 60672 101 60818 21 60856 7 60864 40 60928 102 61075 20 61111 47 61184 103 61331 20 61366 47 61440 104 61586 21 61615 53 61696 105 61842 21 61870 53 61939 3 61952 105 62097 23 62126 53 62195 4 62208 105 62353 23 62382 53 62450 5 62464 105 62607 24 62637 54 62706 6 62720 105 62861 26 62893 54 62962 6 62976 103 63117 26 63149 54 63218 6 63232 100 63372 30 63404 55 63474 7 63488 99 63628 87 63731 6 63744 98 63863 4 63884 88 63987 7 64000 99 64118 6 64140 89 64243 7 64256 99 64374 8 64389 3 64396 89 64500 6 64512 100 64630 9 64644 5 64654 87 64756 6 64768 100 64886 10 64899 6 64912 85 65013 3 65024 100 65142 10 65155 6 65168 79 65248 4 65280 99 65398 10 65411 6 65425 44 65471 28
000025,33011 1 33267 3 33278 2 33524 2 33532 4 33781 1 33788 4 34043 5 34299 5 34555 5 34811 5 35067 5 35323 5 35580 4 35836 4 36093 3 36349 3 36605 3 36861 3 37116 4 37372 4 37628 4 37884 4 38137 7 38392 8 38647 9 38903 9 39159 9 39415 9 39671 9 39926 10 40182 10 40439 9 40696 8 40952 8 41209 7 41467 5 48633 3 48887 6 49141 9 49397 10 49652 12 49908 12 50164 12 50420 12 50673 15 50927 17 51182 18 51437 19 51693 19 51949 19 52205 19 52461 19 52718 18 52975 17 53232 16 53490 14 53746 14 54002 14 54259 13 54516 12 54773 11 55030 10 55234 5 55287 9 55490 5 55543 9 55747 4 55799 9 56055 9 56311 9 56567 9 56823 9 57080 8 57336 8 57592 8 57848 8 58104 8 58360 8 58616 8 58872 8 59128 8 59384 8 59640 8 59897 7 60152 8 60408 8 60664 8 60921 7 61176 8 61432 8 61686 10 61941 11 62197 11 62453 11 62709 11 62965 11 63221 11 63477 11 63733 11 63988 12 64244 12 64500 12 64757 11 65013 11 65270 10 65526 10
000026,61855 6 62109 10 62364 12 62619 14 62874 16 63130 17 63386 18 63621 6 63642 18 63875 10 63898 19 64131 12 64154 20 64386 14 64410 21 64642 15 64666 21 64898 16 64921 23 65154 16 65177 23 65411 15 65433 23
000027,76 1 151 12 407 12 664 11 921 9 1178 7 1435 5 1693 2 5211 6 5465 9 5719 13 5975 14 6230 17 6487 17 6743 18 6999 18 7256 17 7512 17 7768 18 8024 17 8280 17 8536 16 8792 15 9049 12 9305 10 9562 9 9819 4 9826 3 10082 4 10175 2 10217 1 10339 3 10430 5 10471 5 10685 7 10725 7 10940 9 10979 9 11195 11 11235 9 11444 4 11450 13 11490 10 11697 22 11742 14 11951 25 11997 15 12206 26 12253 14 12461 27 12508 15 12716 28 12763 16 12932 5 12972 27 13019 16 13040 4 13186 9 13228 27 13275 16 13294 7 13441 11 13484 27 13530 27 13696 12 13740 28 13786 28 13923 5 13951 13 13996 30 14041 29 14178 7 14206 14 14252 31 14296 30 14433 9 14462 14 14508 33 14551 31 14688 10 14717 15 14764 37 14808 31 14843 5 14944 10 14972 16 15020 38 15065 30 15099 5 15200 9 15219 2 15227 18 15276 39 15324 27 15354 6 15456 8 15473 28 15532 40 15581 35 15713 5 15725 32 15788 40 15838 34 15980 33 16044 41 16095 33 16235 33 16299 42 16353 31 16491 32 16555 42 16612 28 16747 31 16809 45 16868 28 17003 30 17062 49 17125 27 17260 29 17317 51 17382 26 17517 28 17572 53 17640 24 17773 27 17827 54 17897 23 18029 27 18082 54 18153 23 18284 27 18337 52 18408 24 18540 27 18593 51 18664 24 18796 10 18807 16 18848 51 18919 25 19052 10 19064 15 19104 51 19174 26 19295 2 19309 9 19321 15 19360 51 19430 26 19550 5 19566 8 19577 15 19616 51 19685 27 19805 7 19824 5 19833 15 19872 51 19941 27 20061 8 20089 16 20128 13 20142 37 20196 28 20317 9 20345 16 20385 12 20399 36 20451 28 20573 10 20601 16 20642 10 20655 36 20707 27 20829 11 20858 14 20898 10 20912 35 20962 27 21064 1 21085 11 21114 8 21155 9 21168 35 21217 27 21317 6 21341 11 21371 5 21413 5 21425 34 21474 26 21571 9 21597 12 21684 30 21730 25 21827 9 21853 12 21944 26 21987 22 22082 10 22109 13 22201 25 22245 17 22338 10 22365 12 22458 24 22502 14 22594 10 22621 12 22716 22 22759 12 22850 10 22877 11 22972 22 23015 11 23038 2 23107 9 23134 9 23228 21 23271 4 23293 3 23363 9 23392 5 23484 23 23620 7 23740 24 23880 1 23995 26 24251 26 24444 2 24506 27 24572 4 24699 4 24762 27 24825 7 24942 3 24955 4 25018 27 25079 9 25197 6 25211 4 25274 27 25334 10 25453 7 25529 27 25588 12 25709 7 25785 27 25843 13 25964 8 26040 27 26099 13 26219 9 26286 2 26294 29 26355 13 26474 10 26540 7 26549 31 26611 13 26729 11 26795 18 26817 19 26868 12 26984 12 27051 17 27073 19 27124 12 27240 12 27306 17 27329 19 27381 11 27497 11 27561 17 27585 19 27637 11 27753 12 27817 13 27840 19 27894 10 28010 11 28072 14 28094 21 28151 9 28266 12 28328 14 28348 23 28413 3 28522 13 28584 43 28778 13 28833 2 28840 43 29034 13 29096 43 29290 13 29352 43 29545 14 29608 43 29801 13 29865 42 30057 13 30121 41 30313 12 30377 39 30569 12 30633 33 30825 12 30890 32 31082 11 31147 30 31338 11 31407 6 31417 16 31594 10 31674 15 31850 9 31931 13 32107 6 32188 11 32364 3 32444 10 32702 5 34384 5 34637 9 34891 13 35147 14 35402 16 35658 16 35914 16 36170 16 36426 16 36682 15 36938 15 37194 15 37451 12 37710 8 37970 1 38884 5 39137 12 39383 6 39390 16 39630 33 39741 5 39884 35 39996 8 40139 37 40252 10 40394 38 40507 14 40650 38 40763 15 40905 38 41020 15 41161 38 41277 14 41416 39 41533 14 41672 39 41790 13 41927 39 42046 12 42182 40 42262 2 42303 11 42438 40 42518 4 42562 2 42693 41 42774 5 42949 41 43031 4 43205 41 43288 1 43328 1 43461 41 43582 4 43716 43 43838 5 43972 43 44094 5 44228 43 44350 5 44484 43 44607 4 44740 43 44864 2 44997 42 45255 39 45512 37 45769 35 46025 30 46281 30 46537 30 46793 29 47049 29 47304 31 47560 32 47815 34 48071 34 48327 34 48583 34 48839 34 49095 34 49351 34 49606 35 49862 35 50117 36 50372 38 50627 39 50882 41 51137 42 51391 25 51419 16 51646 25 51680 9 51901 26 51939 4 52157 25 52375 10 52413 24 52630 12 52669 24 52885 14 52925 23 53141 15 53180 24 53396 16 53436 24 53652 16 53692 25 53786 1 53907 17 53947 27 54041 2 54163 17 54203 28 54293 5 54419 17 54459 31 54546 8 54674 18 54716 31 54801 9 54926 23 54953 3 54974 31 55057 9 55182 23 55208 5 55231 31 55313 9 55437 24 55464 5 55488 30 55569 9 55693 16 55714 3 55720 5 55745 29 55825 8 55948 17 55976 4 56001 29 56081 8 56203 17 56232 4 56258 27 56298 5 56336 8 56453 24 56489 2 56506 2 56514 27 56553 10 56592 7 56707 27 56760 6 56771 26 56808 13 56848 6 56962 29 57016 7 57027 25 57064 14 57105 4 57217 31 57272 7 57284 24 57320 15 57362 2 57472 33 57528 7 57540 24 57576 16 57728 34 57785 5 57796 14 57811 9 57832 16 57983 35 58052 13 58067 9 58088 16 58239 36 58308 11 58323 9 58343 18 58495 36 58565 9 58580 7 58599 20 58750 38 58821 8 58836 7 58856 21 59007 37 59078 6 59095 1 59112 24 59263 37 59334 6 59368 24 59520 36 59591 4 59624 24 59776 37 59849 1 59880 24 60033 36 60134 26 60290 35 60389 27 60547 33 60644 28 60804 9 60816 20 60899 29 61061 6 61074 18 61155 29 61332 15 61411 29 61589 12 61667 29 61923 29 62179 29 62435 29 62691 29 62946 30 63202 30 63458 30 63714 30 63969 31 64225 31 64481 31 64738 30 64994 29 65251 27 65507 25
000028,0 65536
000029, 
000030,0 65536
000031,29085 4 29090 5 29340 11 29597 9 29853 8
000032,0 65536
000033,65518 2
000034,196 60 452 60 708 60 964 60 1220 60 1476 60 1732 60 1988 60 2244 60 2501 59 2757 59 3013 59 3269 59 3524 60 3779 61 4035 61 4290 62 4546 62 4802 62 5057 63 5313 63 5568 64 5824 64 6080 64 6336 64 6592 64 6848 64 7104 64 7359 65 7599 3 7615 65 7843 17 7871 65 8098 20 8125 67 8353 23 8379 69 8608 96 8864 96 9120 96 9376 96 9632 96 9888 96 10144 96 10400 96 10656 96 10912 96 11168 96 11424 96 11679 97 11934 98 12190 98 12445 99 12701 99 12956 100 13212 100 13468 100 13723 101 13979 101 14235 101 14490 102 14746 102 15002 102 15257 103 15512 104 15767 105 16022 106 16278 106 16535 105 16791 105 17047 105 17303 105 17559 105 17815 105 18072 104 18328 104 18584 104 18840 104 19096 104 19351 105 19607 105 19863 105 20118 106 20375 105 20631 105 20887 105 21143 105 21400 104 21656 104 21912 104 22168 104 22424 104 22679 105 22935 105 23191 105 23447 105 23703 105 23958 106 24213 107 24469 107 24724 108 24980 108 25236 108 25492 108 25748 108 26004 108 26260 108 26515 109 26770 110 27026 110 27281 111 27537 111 27793 111 28049 111 28305 111 28561 111 28817 111 29072 112 29328 112 29584 112 29839 113 30096 112 30352 112 30608 112 30864 68 30935 41 31121 65 31191 41 31377 62 31447 41 31633 61 31703 41 31888 61 31960 40 32144 59 32215 41 32400 57 32471 41 32656 46 32707 5 32728 40 32912 42 32984 40 33168 39 33241 4 33246 34 33424 35 33498 3 33504 32 33680 35 33755 1 33761 31 33937 33 34018 6 34030 18 34193 32 34287 17 34450 30 34545 15 34706 10 34718 17 34802 14 34979 11 35060 12 35236 9 35317 11 35493 7 35573 11 35753 2 35830 10 36087 9 36344 8 36601 7 36857 7 37113 7 37370 6 37626 6 37882 6 38138 6 38394 6 38650 6 38907 5 39164 4 39420 4 39676 4 39932 4 40188 4 40445 3 40701 3
000035,33 122 171 40 229 27 288 124 427 41 485 27 543 126 683 41 741 27 797 128 939 46 998 26 1049 133 1196 46 1254 26 1297 142 1453 46 1509 27 1552 143 1709 46 1765 27 1806 146 1966 46 2020 28 2051 157 2223 46 2274 191 2479 244 2736 244 2992 244 3249 244 3506 245 3764 247 4021 247 4279 247 4537 246 4796 243 5051 244 5307 244 5563 245 5819 246 6076 246 6324 3 6332 252 6588 254 6845 67 6916 183 7102 66 7174 182 7358 66 7431 249 7688 10 7699 237 7946 7 7957 235 8203 4 8213 235 8469 235 8706 3 8725 235 8961 6 8981 235 9217 7 9237 235 9473 8 9495 233 9729 9 9752 232 9986 8 10011 229 10243 7 10268 228 10500 7 10523 229 10757 6 10779 229 11016 3 11032 232 11279 1 11285 235 11539 237 11795 237 12050 238 12306 238 12561 239 12816 240 13072 240 13329 239 13585 241 13841 242 14098 242 14354 244 14610 245 14867 246 15123 251 15379 252 15635 254 15890 3204 19099 250 19352 252 19608 252 19863 254 20119 1829 21952 250 22209 211 22422 35 22466 208 22678 35 22722 208 22934 34 22978 207 23190 33 23235 206 23446 25 23490 207 23703 12 23718 5 23746 184 23933 19 23957 10 24002 183 24191 7 24210 11 24257 183 24465 10 24513 181 24721 9 24769 182 24978 7 25025 182 25234 6 25281 184 25491 4 25537 185 25794 185 26050 186 26305 187 26561 187 26816 188 27072 53 27126 134 27327 51 27384 131 27583 49 27639 131 27777 3 27839 49 27895 130 28032 5 28096 48 28150 131 28288 5 28353 47 28404 133 28544 15 28610 46 28659 134 28800 17 28867 183 29057 17 29123 184 29313 18 29379 185 29569 19 29634 187 29825 20 29889 190 30080 22 30145 214 30400 215 30657 215 30914 216 31171 220 31428 221 31684 224 31940 225 32196 227 32451 230 32706 232 32962 234 33217 236 33472 239 33728 240 33983 42 34026 200 34238 246 34493 248 34749 249 35004 250 35260 250 35516 251 35772 251 36029 251 36285 251 36541 250 36797 250 37054 249 37310 249 37566 86 37654 161 37821 87 37911 159 38072 92 38167 158 38327 93 38422 158 38582 251 38834 2 38838 250 39093 252 39348 2043 41397 249 41655 246 41912 245 42169 244 42426 243 42684 241 42940 241 43196 89 43286 151 43451 89 43543 150 43707 88 43799 150 43962 89 44055 150 44218 89 44311 150 44474 90 44567 150 44730 91 44823 149 44986 92 45079 149 45242 241 45497 242 45752 243 46007 245 46254 1165 47421 3 47428 247 47684 212 47897 34 47940 212 48153 34 48197 246 48454 245 48711 244 48968 243 49225 243 49482 242 49739 195 49939 41 49996 192 50195 41 50252 190 50452 40 50508 189 50709 39 50764 6 50771 181 50965 39 51021 4 51028 180 51222 38 51284 179 51478 38 51540 178 51736 36 51796 172 51994 33 52053 171 52251 32 52309 171 52508 31 52565 171 52764 30 52821 171 53020 30 53077 171 53276 31 53333 171 53532 32 53588 172 53788 32 53844 172 54044 33 54099 173 54301 34 54355 173 54558 35 54610 174 54815 35 54865 175 55045 4 55073 33 55120 176 55300 7 55330 32 55375 177 55555 9 55587 32 55631 177 55810 14 55842 33 55885 179 56066 19 56098 33 56139 181 56322 23 56354 34 56394 182 56577 25 56610 222 56833 27 56866 251 57121 3041 60169 247 60427 245 60685 243 60940 244 61195 2574 63772 254 64035 247 64292 247 64549 246 64806 245 65062 245 65319 217
000036,15 13 41 19 145 111 272 13 301 15 401 111 528 14 559 13 658 110 784 14 816 12 914 110 1039 16 1072 12 1138 2 1170 74 1249 31 1295 17 1329 11 1393 4 1427 60 1494 4 1507 29 1551 19 1574 7 1586 11 1648 5 1684 46 1751 2 1766 26 1808 30 1843 10 1901 10 1941 44 2025 23 2064 31 2100 10 2156 12 2198 42 2283 21 2321 30 2357 9 2409 16 2455 41 2541 19 2577 30 2613 9 2630 21 2663 19 2711 41 2799 17 2833 30 2869 12 2885 26 2916 23 2969 39 3059 13 3089 31 3125 71 3226 38 3317 11 3345 109 3482 38 3576 8 3602 109 3738 38 3837 3 3858 108 3995 37 4095 1 4114 108 4251 37 4369 110 4508 37 4613 4 4624 111 4765 37 4863 1 4867 10 4879 113 5023 36 5119 1 5122 126 5281 35 5373 3 5377 128 5538 36 5621 11 5633 128 5795 38 5877 11 5889 129 6051 40 6092 2 6132 12 6145 130 6278 6 6307 47 6387 13 6402 148 6563 51 6643 13 6662 144 6819 53 6898 14 6919 144 7076 54 7154 14 7175 145 7335 52 7409 15 7431 145 7594 50 7664 16 7687 146 7850 51 7918 18 7943 146 8108 49 8163 2 8172 20 8202 143 8364 50 8416 6 8426 22 8469 6 8479 123 8615 1 8618 61 8680 24 8735 124 8867 1 8869 91 8991 225 9247 225 9503 225 9759 225 10019 221 10277 219 10534 218 10791 217 11047 217 11303 212 11558 213 11813 213 12062 220 12315 223 12568 225 12823 225 13079 217 13334 216 13591 214 13847 213 14104 210 14361 208 14618 206 14875 204 15132 203 15388 203 15643 206 15898 207 16155 200 16411 7 16422 1 16427 182 16669 5 16685 179 16903 2 16926 5 16941 178 17154 13 17179 11 17197 173 17408 15 17434 13 17453 170 17664 16 17688 16 17708 170 17920 18 17939 185 18127 4 18176 203 18432 203 18688 202 18944 202 19200 202 19456 203 19712 203 19968 204 20224 203 20480 196 20736 195 20992 195 21248 194 21504 192 21760 162 21924 27 22016 162 22181 26 22272 122 22402 31 22438 25 22528 122 22660 29 22696 24 22784 122 22917 27 22955 3 22961 14 23040 122 23174 17 23219 12 23296 123 23431 15 23477 9 23552 124 23688 13 23808 124 23944 14 24064 125 24202 12 24320 127 24458 12 24474 5 24576 131 24714 11 24729 7 24832 132 24970 10 24985 7 25088 134 25225 8 25241 8 25344 135 25481 7 25498 7 25600 144 25754 10 25856 143 26011 8 26112 143 26268 5 26368 140 26524 2 26624 140 26880 140 27064 5 27136 140 27319 7 27392 141 27573 10 27648 141 27828 16 27904 142 28083 21 28108 3 28160 22 28183 120 28337 31 28419 140 28592 32 28678 138 28847 34 28900 11 28941 131 29103 34 29148 19 29197 132 29359 34 29403 21 29455 130 29615 35 29658 22 29712 130 29845 3 29871 35 29914 23 29968 129 30101 3 30127 35 30169 24 30224 129 30383 36 30423 25 30479 131 30639 65 30734 132 30896 64 30990 125 31119 4 31151 63 31245 125 31377 3 31406 63 31501 124 31634 2 31662 62 31757 113 31875 6 31894 3 31898 1 31917 62 32014 112 32131 7 32150 5 32173 61 32271 112 32388 6 32407 4 32422 3 32429 60 32527 113 32645 5 32658 9 32676 6 32684 60 32783 114 32902 5 32914 9 32931 69 33039 103 33143 9 33159 4 33169 9 33185 71 33295 101 33400 8 33416 3 33424 10 33440 72 33536 1 33552 100 33657 6 33680 9 33695 72 33792 1 33808 99 33913 3 33937 6 33950 73 34048 2 34065 98 34168 4 34205 74 34304 2 34322 97 34420 9 34461 73 34560 3 34579 96 34676 9 34716 72 34816 3 34837 94 34932 9 34972 67 35072 3 35095 103 35228 67 35328 3 35353 76 35431 23 35483 68 35584 3 35610 76 35689 21 35739 68 35840 3 35849 2 35866 76 35947 19 35995 68 36096 3 36103 6 36122 76 36202 20 36249 70 36352 3 36357 10 36377 77 36457 21 36502 72 36608 3 36613 17 36632 78 36711 23 36751 78 36864 3 36869 95 36965 25 37006 79 37120 3 37125 95 37221 24 37261 79 37376 3 37381 93 37477 25 37516 80 37632 98 37733 26 37771 80 37888 97 37988 28 38026 80 38144 88 38236 3 38244 30 38282 79 38400 88 38499 32 38537 79 38656 89 38755 33 38793 77 38912 90 39010 34 39049 76 39168 90 39266 35 39306 75 39424 90 39523 34 39564 73 39680 90 39779 34 39821 71 39936 90 40035 34 40078 70 40166 4 40192 90 40290 35 40335 68 40420 7 40448 88 40546 13 40566 15 40591 66 40674 9 40704 87 40802 13 40824 14 40848 62 40928 11 40960 85 41058 13 41081 13 41104 62 41183 12 41216 82 41314 12 41337 13 41359 62 41438 13 41472 81 41570 12 41593 12 41615 62 41694 13 41728 6 41739 70 41827 6 41849 12 41871 62 41949 15 41981 2 41984 5 41997 69 42106 12 42127 62 42204 19 42233 12 42253 69 42362 12 42383 63 42460 42 42509 68 42619 11 42639 63 42717 42 42764 69 42875 11 42895 63 42973 43 43020 69 43131 10 43151 63 43229 44 43275 70 43388 9 43406 63 43485 117 43644 8 43662 63 43738 120 43900 7 43917 66 43993 121 44157 5 44173 68 44248 122 44414 3 44429 70 44504 124 44685 71 44760 124 44941 71 45017 124 45197 71 45273 125 45453 71 45529 18 45550 105 45692 2 45710 70 45785 14 45807 105 45947 3 45966 69 46041 13 46064 111 46203 3 46223 68 46298 10 46321 111 46460 1 46480 66 46556 3 46579 110 46737 65 46837 108 46994 4 47000 7 47010 1 47014 43 47095 107 47271 41 47352 105 47527 40 47609 102 47753 4 47780 40 47868 100 48008 7 48034 41 48125 99 48262 67 48384 97 48518 59 48640 98 48772 60 48896 99 49028 58 49152 98 49283 57 49347 1 49408 98 49538 54 49602 4 49664 98 49793 56 49857 6 49920 98 50039 3 50048 58 50113 6 50176 99 50293 7 50303 61 50369 7 50432 99 50548 8 50558 63 50625 7 50688 99 50803 74 50881 7 50944 99 51059 75 51138 5 51200 99 51314 76 51395 4 51456 100 51570 77 51652 2 51692 6 51712 101 51825 78 51947 8 51968 102 52080 80 52203 15 52224 102 52333 83 52458 18 52480 103 52587 85 52714 20 52736 104 52843 86 52969 22 52992 104 53097 90 53225 22 53248 104 53354 92 53480 128 53611 92 53734 130 53867 92 53989 131 54123 92 54243 228 54498 230 54753 231 55008 232 55264 158 55423 74 55516 162 55682 72 55771 163 55941 69 56026 164 56198 68 56281 165 56455 67 56537 165 56711 67 56793 38 56832 127 56967 60 57049 38 57088 129 57223 60 57297 5 57304 38 57344 194 57552 45 57600 193 57798 4 57808 44 57856 193 58052 7 58064 39 58112 192 58306 10 58319 38 58368 192 58562 11 58575 37 58624 191 58817 12 58831 33 58880 190 59073 45 59136 172 59311 14 59328 44 59392 170 59567 57 59648 118 59767 45 59823 50 59890 9 59904 164 60078 48 60141 15 60160 164 60333 47 60397 15 60416 117 60535 44 60588 47 60652 17 60672 117 60792 43 60844 47 60908 18 60928 116 61049 42 61100 46 61164 19 61184 116 61305 43 61356 38 61397 4 61419 20 61440 117 61561 43 61612 37 61675 138 61816 28 61847 13 61868 36 61927 173 62105 10 62125 35 62173 7 62182 174 62361 10 62381 18 62400 15 62428 184 62618 8 62637 17 62658 13 62684 184 62874 6 62894 14 62916 10 62940 184 63131 4 63151 12 63174 7 63197 184 63408 9 63432 4 63453 183 63664 7 63709 135 63846 2 63849 39 63921 3 63965 139 64105 39 64221 139 64363 37 64477 178 64695 5 64733 178 64949 8 64990 185 65204 9 65246 186 65446 3 65460 10 65502 34
000037,7218 3 7473 5 7728 7 7985 7 8241 7 8498 6 8754 5
000038,189 17 209 27 249 6 446 16 466 26 505 5 703 15 722 26 762 4 961 12 980 23 1020 2 1222 6 1237 22 1479 5 1497 1 1504 10 1736 4 1762 7 1992 4 2019 5 2248 5 2276 3 2504 7 2512 3 2761 13 3017 13 3274 13 3529 15 3785 15 4042 14 4299 13 4556 9 4813 7 5071 5 5328 3 38656 1 38912 2 39168 3 39424 3 39680 3 39936 3 40192 2 40448 1 46875 1 49954 4 51243 1 51498 3 51754 3 65358 3
000039,0 65536
000040,0 65536
000041,0 65536
000042,0 6 92 18 148 12 241 20 349 17 404 11 432 4 497 19 605 17 661 8 687 5 752 19 861 16 943 6 1008 17 1117 16 1198 8 1261 19 1373 15 1454 9 1464 3 1516 20 1630 14 1709 16 1728 4 1739 2 1771 21 1895 4 1965 33 2027 21 2221 34 2259 1 2282 22 2476 36 2514 4 2539 21 2732 47 2794 22 2989 47 3049 23 3246 46 3304 24 3503 44 3560 24 3762 41 3815 25 3892 1 4017 42 4071 25 4147 7 4273 42 4326 26 4403 9 4528 43 4582 26 4658 11 4673 2 4784 44 4839 25 4915 17 5040 44 5096 24 5172 17 5296 44 5352 24 5429 23 5553 44 5609 23 5686 23 5810 43 5866 22 5941 25 6065 44 6123 21 6197 26 6320 46 6380 20 6451 28 6572 50 6638 18 6706 29 6827 51 6896 16 6961 31 7082 52 7152 16 7215 33 7337 53 7408 16 7471 33 7592 54 7664 16 7727 33 7848 54 7920 16 7983 33 8103 54 8177 15 8240 32 8352 4 8357 56 8434 14 8496 33 8608 60 8690 14 8752 33 8864 60 8947 13 9008 34 9121 57 9204 12 9264 34 9378 55 9461 11 9521 33 9634 54 9718 10 9777 33 9891 52 9975 9 10035 31 10148 49 10231 9 10291 31 10405 46 10487 9 10548 29 10661 44 10743 9 10806 26 10918 39 10999 9 11065 19 11175 36 11255 9 11321 16 11433 34 11511 9 11578 14 11695 26 11767 9 11835 12 11953 23 12024 8 12094 8 12210 19 12281 7 12352 5 12466 18 12540 4 12723 16 12980 3 12988 6 13141 2 13245 4 13394 7 13644 13 13758 13 13899 15 14014 15 14153 17 14269 16 14342 2 14350 4 14400 3 14407 19 14525 17 14596 7 14605 6 14655 28 14781 18 14851 17 14911 28 15036 20 15107 17 15167 29 15293 19 15362 18 15423 29 15549 20 15618 19 15678 31 15806 19 15872 21 15933 32 16063 18 16128 21 16187 35 16320 18 16384 21 16441 38 16576 18 16640 21 16696 39 16833 16 16896 21 16951 40 17089 16 17152 20 17207 40 17346 14 17408 20 17463 39 17603 12 17664 20 17718 39 17784 4 17799 13 17852 4 17861 9 17920 19 17972 10 17984 28 18038 7 18053 16 18108 4 18119 6 18176 19 18227 33 18293 9 18309 16 18363 5 18432 20 18483 29 18549 9 18564 17 18619 5 18688 20 18739 29 18805 10 18820 17 18876 4 18944 20 18995 28 19061 13 19075 19 19133 1 19200 20 19250 29 19318 32 19456 20 19506 29 19575 23 19599 7 19712 19 19762 28 19823 2 19832 21 19856 6 19968 19 20017 29 20078 6 20089 19 20113 4 20224 18 20272 29 20333 8 20344 21 20370 2 20480 18 20527 29 20589 33 20630 7 20736 18 20783 27 20844 34 20885 14 20992 18 21039 25 21100 34 21141 15 21248 19 21295 24 21356 35 21396 18 21504 19 21551 23 21581 2 21613 34 21651 19 21760 20 21808 21 21836 3 21869 35 21906 20 22016 20 22065 18 22091 4 22124 36 22161 22 22272 20 22322 17 22348 3 22359 2 22380 59 22528 20 22579 14 22599 2 22613 5 22636 58 22784 20 22835 14 22853 7 22869 5 22892 58 23040 19 23091 14 23107 10 23124 6 23149 57 23296 19 23347 29 23379 8 23405 57 23552 19 23603 40 23661 58 23755 4 23808 18 23859 41 23917 58 24009 7 24069 12 24114 42 24173 59 24263 11 24277 5 24328 7 24370 42 24429 60 24518 21 24627 42 24685 62 24774 22 24883 42 24941 51 25030 23 25139 41 25197 49 25286 24 25387 1 25396 39 25453 50 25542 24 25642 2 25653 38 25710 50 25798 24 25910 36 25966 53 26055 23 26167 35 26223 53 26312 21 26424 33 26480 53 26569 20 26680 32 26737 52 26828 17 26935 27 26965 2 26993 52 27085 15 27185 5 27191 27 27251 51 27341 15 27440 35 27511 47 27598 13 27695 38 27769 45 27854 12 27952 39 28025 45 28110 11 28208 43 28281 46 28367 9 28466 41 28537 45 28625 6 28723 41 28792 46 28980 40 29048 46 29237 39 29303 46 29496 8 29507 25 29559 46 29764 25 29815 45 30019 26 30071 45 30274 27 30328 44 30529 27 30584 44 30784 28 30840 44 31039 28 31097 42 31294 29 31353 41 31550 29 31609 41 31806 30 31838 5 31865 40 32063 37 32120 41 32320 36 32375 42 32577 35 32631 40 32833 34 32886 39 33089 34 33142 37 33346 32 33399 35 33603 31 33655 34 33860 30 33912 33 34118 28 34170 30 34376 25 34428 25 34638 4 34645 12 34685 15 34903 9 34943 11 35160 9 35203 6 35417 8 35673 8 35822 4 35828 4 35930 7 36075 14 36186 6 36330 16 36444 2 36584 19 36827 2 36838 26 37082 6 37093 27 37338 7 37349 27 37593 8 37604 28 37848 10 37860 28 38002 6 38098 17 38116 28 38257 8 38354 46 38513 8 38609 47 38768 9 38865 47 39021 17 39121 47 39276 19 39377 47 39508 1 39532 19 39634 46 39788 19 39890 46 40044 19 40147 45 40301 18 40403 45 40557 18 40659 45 40814 17 40915 45 41070 18 41171 45 41323 21 41427 45 41576 24 41683 45 41830 27 41939 45 42086 27 42194 46 42342 27 42449 46 42505 2 42598 26 42704 37 42745 5 42761 3 42850 30 42960 37 43016 4 43104 31 43216 37 43272 4 43360 31 43472 37 43527 5 43615 7 43624 24 43728 37 43782 7 43871 5 43881 23 43984 38 44036 10 44127 5 44138 22 44240 38 44291 11 44382 5 44394 21 44496 38 44547 12 44639 5 44651 19 44751 39 44802 13 44895 5 44908 15 45006 39 45058 13 45151 5 45164 12 45261 34 45314 13 45408 4 45421 11 45516 33 45570 13 45665 4 45677 10 45772 10 45788 16 45826 13 45912 3 45934 9 46028 8 46046 13 46083 12 46168 3 46192 5 46285 5 46304 10 46339 13 46424 3 46542 2 46561 8 46572 9 46595 13 46818 6 46826 13 46850 13 47076 2 47082 14 47103 1 47106 13 47337 15 47357 3 47362 12 47593 16 47610 6 47617 10 47849 23 47873 7 48105 23 48129 4 48361 23 48617 23 48873 23 49129 23 49385 23 49641 23 49897 23 50153 23 50408 24 50663 25 50918 26 51174 26 51429 27 51684 28 51829 3 51940 28 52082 7 52195 29 52336 10 52452 28 52591 11 52708 27 52847 12 52964 24 53103 12 53221 20 53359 11 53476 14 53615 10 53732 10 53871 8 53989 5 54127 7 54384 4 54614 4 54869 9 55123 12 55145 2 55377 15 55399 6 55632 18 55652 11 55887 34 56143 35 56399 35 56655 36 56910 38 57166 38 57222 3 57422 38 57477 4 57678 39 57732 5 57935 38 57986 7 58192 36 58240 9 58448 36 58496 9 58705 35 58752 9 58867 2 58962 33 59008 9 59123 3 59219 29 59264 7 59378 4 59474 29 59521 3 59635 1 59722 1 59729 29 59978 36 60233 35 60399 3 60490 32 60654 6 60746 30 60909 7 61002 31 61166 7 61258 31 61422 7 61514 32 61678 7 61770 32 61934 7 62027 32 62190 7 62283 32 62447 6 62540 34 62703 6 62798 33 62961 4 63055 32 63311 32 63568 32 63825 31 64006 4 64082 30 64261 7 64338 30 64516 9 64595 29 64772 9 64851 29 65027 10 65107 28 65283 9 65362 27
000043,0 65536
000044, 
000045,24828 3 25083 5 25338 6 25593 7 25849 7 26106 6 26362 6 26618 6 26870 10 27126 10 27382 10 27638 10 27894 5 27900 4 28151 4 28156 4 28407 9 28665 7 28923 5 29180 4
000046,108 17 363 20 618 22 873 24 902 4 1129 24 1158 4 1385 25 1414 3 1640 26 1896 29 2152 30 2408 30 2665 29 2921 29 3177 29 3433 28 3472 3 3688 28 3728 4 3944 27 3984 4 4201 25 4240 3 4457 25 4714 23 4927 5 4970 23 5015 4 5089 2 5182 7 5226 23 5270 6 5343 6 5438 7 5483 22 5526 7 5599 8 5694 7 5739 21 5782 7 5854 10 5949 9 5995 21 6038 6 6110 11 6202 13 6251 21 6294 5 6366 11 6447 4 6456 17 6507 21 6622 12 6701 9 6711 18 6763 21 6877 14 6952 33 7018 21 7133 14 7205 36 7274 20 7389 15 7460 38 7530 17 7645 14 7715 39 7786 16 7902 13 7969 42 8042 16 8161 9 8224 43 8299 14 8419 6 8479 44 8556 10 8734 40 8775 3 8990 38 9207 1 9245 38 9452 3 9461 6 9499 39 9707 17 9754 40 9962 19 10009 40 10217 20 10264 41 10471 23 10520 41 10725 24 10775 42 10981 24 11031 42 11237 26 11286 43 11493 27 11542 43 11749 27 11797 44 12005 27 12053 43 12261 27 12309 42 12518 25 12565 42 12729 2 12774 23 12821 42 12985 2 13030 22 13077 42 13287 20 13334 41 13544 11 13556 7 13592 38 13752 3 13801 9 13813 5 13849 37 14007 4 14058 7 14105 37 14263 5 14316 4 14361 37 14519 4 14573 1 14618 6 14627 27 14876 3 14884 26 15141 24 15398 22 15656 18 15914 15 16171 14 16423 2 16428 12 16680 1 16686 3 18688 1 18944 2 19200 1 19572 3 19828 3 19971 2 20076 1 20083 4 20130 8 20226 4 20332 1 20340 2 20385 8 20481 6 20588 1 20640 9 20737 6 20896 10 20993 6 21151 11 21249 5 21407 12 21507 2 21663 13 21919 16 22176 16 22432 16 22688 16 22944 16 23200 15 23456 14 23713 13 23970 11 24227 8 24484 4 24664 3 24920 2 25176 1 26708 5 26964 5 27219 6 27476 4 35072 1 35328 2 35584 2 35840 2 36096 1 40230 3 40483 8 40738 10 40993 12 41249 12 41505 12 41761 12 42017 11 42273 11 42530 10 42786 10 43043 9 43299 9 43556 7 43812 7 43947 5 44068 8 44201 15 44324 8 44456 19 44579 9 44712 23 44835 9 44968 28 45091 10 45224 32 45348 9 45480 36 45605 7 45735 38 45862 6 45991 39 46246 41 46502 41 46757 42 47012 43 47268 42 47523 44 47779 46 48035 47 48291 48 48547 50 48711 4 48803 52 48966 9 49060 52 49220 14 49316 53 49475 16 49572 54 49730 17 49830 53 49985 18 50086 54 50241 18 50343 54 50496 19 50599 54 50752 18 50855 53 51008 18 51111 53 51264 17 51367 51 51520 17 51623 50 51777 16 51879 46 52034 14 52135 44 52290 14 52391 44 52510 3 52548 12 52647 32 52681 8 52765 6 52808 8 52903 30 53020 8 53065 7 53159 30 53276 8 53322 6 53416 28 53532 8 53579 5 53672 28 53787 9 53836 2 53928 27 54043 8 54185 26 54298 7 54442 24 54554 5 54700 22 54810 5 54958 19 55066 5 55215 18 55323 4 55471 17 55579 4 55728 16 55835 5 55985 14 56091 6 56242 12 56346 7 56501 7 56601 8 56857 8 57108 13 57364 13 57620 13 57876 12 58132 10 58389 8 58645 8 58902 6 59160 3 63127 4 63382 6 63638 6 63893 8 64149 8 64405 8 64567 2 64661 10 64822 5 64917 12 65078 5 65174 11 65334 5 65431 11
000047,0 65536
000048,5069 4 5325 5 5581 5 5838 4 6095 2
000049,45231 1 45486 3 45742 4 45999 3
000050, 
000051,13 29 56 2 162 4 239 6 269 29 311 4 415 8 494 8 525 29 567 4 656 2 663 17 750 8 780 30 822 5 911 27 1005 9 1035 31 1077 6 1167 28 1261 9 1291 31 1333 6 1422 30 1517 10 1547 31 1588 7 1678 31 1773 10 1803 31 1844 6 1934 31 2029 10 2060 29 2101 5 2189 32 2285 10 2318 27 2358 4 2445 32 2542 9 2575 25 2615 2 2701 32 2798 9 2831 23 2957 32 3056 7 3087 15 3213 32 3313 6 3342 16 3469 32 3598 16 3725 32 3853 17 3982 31 4109 16 4239 29 4364 17 4500 23 4620 16 4757 21 4876 16 4896 2 5014 20 5132 23 5271 18 5388 24 5424 3 5528 16 5643 26 5678 6 5784 16 5899 29 5934 6 6042 13 6155 31 6191 5 6299 11 6412 31 6447 4 6555 9 6668 32 6704 1 6812 6 6925 31 7068 5 7181 31 7325 3 7438 31 7694 14 7709 17 7950 13 7966 16 8206 11 8222 16 8451 4 8462 10 8478 17 8707 4 8718 9 8734 18 8963 4 8976 6 8990 18 9218 5 9246 19 9474 6 9503 18 9728 8 9760 17 9984 9 10016 17 10240 9 10273 16 10496 8 10529 16 10752 7 10777 2 10786 15 11008 7 11032 3 11043 14 11111 3 11264 7 11287 4 11300 12 11366 6 11520 7 11542 5 11558 9 11622 8 11637 1 11639 4 11776 7 11794 1 11796 8 11815 8 11877 23 12032 8 12048 12 12071 7 12133 24 12288 29 12328 6 12388 26 12544 29 12584 6 12645 5 12651 20 12800 30 12841 3 12901 5 12908 19 13056 30 13156 6 13165 19 13312 30 13412 7 13421 19 13568 31 13668 7 13677 19 13824 31 13924 29 14080 31 14180 31 14336 31 14436 32 14592 32 14692 32 14848 32 14948 32 15104 34 15204 30 15360 35 15460 29 15616 36 15718 29 15872 40 15975 29 16128 41 16231 29 16384 42 16487 30 16640 42 16742 31 16896 42 16997 32 17152 42 17252 33 17408 43 17507 34 17664 43 17762 35 17920 43 18018 34 18176 43 18274 35 18432 15 18450 25 18529 36 18688 14 18707 25 18785 36 18944 14 18963 25 19041 35 19200 14 19219 25 19297 35 19456 14 19476 24 19542 4 19553 35 19712 16 19730 25 19798 6 19807 37 19968 42 20053 47 20224 42 20309 47 20480 41 20565 47 20736 41 20821 47 20992 41 21078 46 21248 43 21334 45 21504 45 21590 45 21760 44 21846 45 22016 40 22102 45 22272 39 22358 44 22528 38 22614 44 22784 39 22870 44 23040 39 23127 43 23296 40 23383 42 23552 40 23639 41 23684 3 23808 41 23888 2 23895 41 23939 5 24064 41 24143 6 24151 41 24194 7 24320 41 24398 8 24407 41 24450 7 24576 41 24654 49 24706 8 24817 4 24832 40 24909 49 24962 8 25073 6 25088 40 25165 49 25218 9 25328 7 25342 42 25420 49 25474 9 25582 11 25596 43 25676 48 25730 10 25782 14 25837 58 25932 47 25986 10 26036 19 26092 59 26188 46 26243 9 26290 23 26347 33 26383 25 26445 45 26500 7 26545 25 26603 33 26639 25 26701 15 26719 26 26758 4 26800 27 26859 33 26896 24 26957 14 26975 21 27055 28 27115 33 27152 24 27213 14 27231 19 27280 5 27310 30 27371 33 27409 22 27469 14 27488 18 27535 7 27566 30 27627 33 27665 22 27708 6 27725 14 27745 18 27790 16 27821 32 27883 33 27922 20 27964 7 27981 15 28001 18 28045 18 28077 32 28137 24 28162 10 28179 15 28219 9 28237 15 28257 18 28300 20 28333 33 28384 32 28420 8 28435 14 28474 10 28493 14 28513 17 28554 22 28589 33 28639 33 28677 7 28692 12 28730 10 28749 14 28768 17 28809 24 28846 32 28894 34 28933 6 28949 11 28985 11 29005 14 29025 16 29062 27 29102 32 29150 13 29165 19 29190 5 29206 9 29241 11 29261 13 29281 15 29317 28 29358 32 29406 13 29422 18 29447 2 29463 7 29497 12 29518 6 29525 4 29537 15 29572 29 29614 32 29662 13 29679 17 29719 6 29753 12 29793 15 29828 8 29838 19 29870 32 29914 3 29918 12 29936 16 29976 4 30009 11 30050 13 30076 2 30084 9 30095 18 30126 32 30176 9 30192 16 30234 1 30265 11 30306 13 30331 5 30340 10 30352 17 30383 30 30435 2 30449 15 30521 11 30562 13 30586 7 30594 31 30638 31 30706 14 30776 12 30818 12 30842 39 30894 30 30963 13 31032 13 31074 11 31097 39 31150 29 31219 13 31287 14 31330 10 31353 39 31406 28 31476 12 31542 16 31586 9 31608 39 31662 28 31732 12 31798 18 31843 7 31864 39 31918 29 31989 11 32053 20 32100 3 32119 39 32174 29 32246 10 32309 22 32375 39 32430 30 32506 6 32562 24 32631 38 32686 30 32734 4 32763 5 32816 22 32840 1 32887 37 32942 29 32989 6 33020 4 33069 24 33142 37 33200 27 33242 10 33276 4 33323 25 33398 36 33457 25 33496 13 33517 3 33533 3 33578 27 33654 36 33714 23 33751 16 33772 7 33789 3 33832 30 33910 36 33970 22 34006 18 34028 15 34046 2 34088 30 34165 37 34227 21 34262 18 34284 17 34343 31 34421 37 34483 20 34517 20 34540 17 34599 31 34677 36 34739 20 34773 20 34795 18 34856 30 34933 36 34995 21 35029 19 35050 19 35113 29 35188 36 35251 21 35286 39 35370 28 35444 36 35497 4 35507 21 35542 39 35626 28 35699 37 35752 6 35764 20 35798 39 35882 28 35955 36 36007 8 36020 20 36053 41 36137 30 36212 35 36262 9 36277 19 36309 42 36393 32 36469 34 36517 11 36534 9 36546 5 36565 20 36586 21 36643 39 36726 33 36773 11 36793 1 36821 20 36843 20 36898 40 36985 30 37028 12 37077 19 37100 19 37154 40 37242 28 37285 12 37332 21 37357 18 37410 40 37500 25 37542 11 37586 23 37614 17 37666 40 37757 23 37799 11 37841 24 37871 15 37922 40 38018 7 38029 5 38057 10 38096 25 38128 14 38178 40 38314 10 38351 27 38386 12 38433 41 38570 10 38606 29 38643 11 38687 43 38827 9 38862 30 38899 12 38942 43 39084 8 39118 30 39156 11 39198 43 39340 6 39374 31 39413 9 39453 37 39492 5 39630 31 39670 7 39709 37 39749 4 39886 31 39928 3 39965 36 40006 5 40142 31 40221 37 40261 7 40398 31 40477 48 40653 32 40733 48 40909 31 40989 47 41165 30 41244 47 41420 30 41500 47 41676 29 41756 46 41932 28 42013 46 42188 28 42269 46 42444 27 42525 45 42700 27 42781 45 42956 27 43038 43 43212 27 43294 43 43469 26 43550 42 43724 27 43807 41 43981 25 44063 40 44237 24 44320 38 44493 23 44576 33 44750 7 44768 2 44832 31 45007 5 45088 30 45345 29 45601 28 45857 26 46113 26 46369 25 46625 25 46881 24 47136 25 47355 3 47392 25 47610 5 47648 24 47865 7 47904 6 47915 11 48120 8 48161 2 48173 8 48376 8 48430 5 48632 8 48663 5 48685 6 48888 8 48917 8 48940 7 49145 7 49173 8 49196 7 49401 7 49429 8 49452 7 49657 7 49686 7 49708 7 49913 7 49943 6 49965 5 50169 7 50201 2 50425 7 50681 7 50937 7 51194 6 51451 5 51709 3 56672 4 56927 6 57181 10 57437 12 57692 14 57944 19 58199 20 58454 23 58710 24 58965 26 59220 28 59476 28 59731 30 59986 33 60241 35 60424 4 60497 36 60679 7 60753 37 60934 13 61008 39 61189 15 61264 40 61445 17 61521 39 61701 19 61779 38 61957 20 62035 38 62213 21 62291 38 62468 23 62547 38 62723 24 62804 37 62979 25 63059 37 63236 24 63315 37 63493 24 63571 36 63749 24 63826 37 64006 24 64082 36 64263 23 64339 35 64520 21 64595 35 64777 20 64853 32 65033 20 65110 31 65289 11 65303 4 65368 27
000052,0 65536
000053,0 65536
000054,0 65536
000055,0 65536
000056,0 65536
000057,0 65536
000058,0 65536
000059,0 65536
000060,11118 2 11373 3 11630 1 50143 3 50398 5 50654 5 50910 5 51166 4 51423 2 55520 2 55776 2 56033 1
000061,0 65536
000062,2234 2 2478 2 2490 3 2734 3 2746 2 2990 2 7165 1 7419 5 7674 6 7930 6 8187 5 8444 4 8700 4 8955 5 9211 5 9467 5 9724 4 9981 3 10237 3 10493 3 10749 3 34372 1
000063, 
000064,0 65536
000065, 
000066, 
000067,0 65536
000068,0 65536
000069,0 65536
000070,0 65536
000071,65388 4
000072,0 65536
000073,0 65536
000074,0 65536
000075,0 65536
000076,0 65536
000077,121 2 125 26 376 31 610 16 631 33 864 56 1120 56 1375 57 1631 57 1886 58 2142 57 2398 57 2654 57 2911 56 3168 56 3425 56 3674 3 3682 55 3929 7 3939 55 3998 3 4185 7 4195 63 4441 8 4451 64 4698 7 4707 66 4955 6 4964 71 5212 4 5220 72 5477 71 5734 70 5991 68 6248 66 6504 65 6760 64 7016 64 7272 64 7528 63 7784 63 7919 3 8040 63 8173 6 8296 63 8428 8 8440 4 8552 63 8683 18 8808 62 8939 18 8959 1 9064 61 9175 2 9196 17 9214 2 9320 60 9428 4 9452 17 9470 2 9577 58 9682 5 9709 19 9834 56 9938 5 9966 17 10095 51 10193 6 10221 19 10351 50 10448 7 10477 19 10598 3 10607 50 10704 7 10732 20 10852 6 10863 50 10960 7 10987 21 11104 11 11119 50 11216 7 11242 22 11358 13 11374 50 11473 7 11496 24 11613 14 11630 50 11728 10 11754 22 11868 15 11887 37 11927 8 11983 12 12010 22 12123 15 12143 38 12184 5 12237 15 12267 21 12379 14 12399 39 12440 1 12492 17 12523 21 12634 15 12655 42 12748 17 12779 21 12889 15 12910 43 13004 18 13035 21 13143 19 13163 45 13261 18 13291 21 13398 65 13518 17 13546 22 13654 65 13776 16 13802 22 13909 67 14037 11 14058 22 14165 67 14293 12 14312 24 14420 69 14549 43 14676 70 14804 44 14931 72 15059 45 15184 75 15314 46 15439 76 15570 46 15694 77 15827 45 15950 77 16083 45 16207 75 16341 43 16463 75 16599 41 16719 73 16843 4 16855 41 16976 70 17098 6 17111 41 17232 70 17354 7 17367 41 17487 71 17609 9 17623 41 17743 71 17865 10 17878 42 17998 72 18121 11 18134 42 18254 73 18376 12 18390 42 18510 66 18578 8 18631 14 18646 42 18766 64 18836 7 18887 57 19022 19 19051 31 19093 6 19143 57 19278 18 19309 29 19349 6 19399 57 19534 17 19565 28 19604 6 19655 57 19791 16 19822 27 19860 5 19912 56 20047 16 20078 26 20114 7 20163 1 20168 56 20304 15 20335 23 20370 8 20417 63 20561 14 20591 14 20607 7 20626 9 20673 63 20818 13 20848 11 20865 3 20882 9 20929 63 21075 11 21105 8 21138 10 21186 62 21332 9 21362 5 21396 7 21442 62 21589 6 21620 1 21653 6 21699 61 21910 4 21955 61 22212 60 22468 60 22530 1 22724 65 22952 3 22979 74 23206 9 23234 76 23461 13 23484 82 23716 106 23831 3 23972 106 24086 5 24227 108 24342 5 24483 108 24598 5 24739 109 24854 5 24995 109 25111 4 25250 110 25367 5 25506 111 25623 6 25762 112 25878 8 26018 124 26273 126 26529 126 26785 86 26880 31 27042 83 27136 31 27298 80 27392 31 27554 79 27648 31 27811 75 27904 31 28066 76 28160 31 28320 79 28400 2 28416 30 28575 83 28672 29 28830 84 28928 27 29086 84 29184 26 29343 83 29440 25 29598 84 29696 23 29854 84 29952 15 30110 84 30208 12 30366 83 30464 11 30622 82 30720 9 30877 77 30976 6 31132 76 31232 6 31388 75 31488 5 31644 74 31744 4 31901 72 32000 4 32157 71 32256 3 32413 69 32512 2 32669 69 32768 1 32925 69 33024 1 33181 69 33280 1 33437 68 33660 1 33687 2 33692 69 33913 5 33941 76 34168 7 34196 77 34423 9 34450 78 34678 12 34705 79 34933 14 34960 62 35025 8 35036 3 35069 3 35189 15 35216 61 35284 2 35293 1 35323 5 35444 18 35471 62 35563 5 35576 8 35700 19 35726 62 35803 4 35818 6 35831 9 35956 19 35982 62 36058 7 36073 8 36086 10 36211 20 36238 61 36313 9 36328 9 36341 11 36468 19 36494 61 36569 10 36582 13 36596 12 36724 20 36749 62 36825 39 36981 3 36986 14 37003 63 37082 38 37244 79 37331 2 37342 34 37477 4 37504 87 37602 30 37732 6 37762 86 37858 30 37988 8 38023 82 38115 29 38244 9 38279 82 38371 29 38499 10 38535 83 38628 28 38755 10 38791 83 38884 28 39011 10 39047 88 39140 28 39268 9 39303 90 39396 28 39524 9 39559 121 39780 8 39809 125 40065 122 40321 95 40419 14 40434 8 40578 88 40676 12 40690 8 40834 88 40934 9 40947 6 41091 87 41190 8 41203 5 41347 88 41437 3 41447 5 41461 2 41603 95 41858 96 42113 98 42367 105 42622 108 42734 2 42877 91 42971 22 43133 91 43229 21 43388 91 43485 21 43644 91 43741 22 43900 90 43997 22 44156 90 44253 22 44412 90 44510 21 44668 89 44766 11 44778 9 44924 88 45023 9 45035 8 45180 87 45279 9 45293 5 45436 86 45537 6 45692 85 45948 84 46205 82 46461 47 46510 31 46718 37 46758 3 46767 3 46772 25 46974 36 47030 23 47230 35 47288 22 47487 33 47545 21 47745 31 47804 15 48003 28 48068 5 48259 29 48515 29 48771 29 49026 31 49282 35 49322 2 49538 36 49575 10 49595 1 49794 36 49831 11 49849 4 50051 47 50104 6 50307 49 50359 7 50564 58 50820 58 51076 58 51333 58 51589 58 51846 58 52082 1 52102 60 52219 4 52326 18 52358 63 52465 15 52580 22 52614 66 52719 17 52835 23 52869 73 52973 19 53090 24 53115 4 53125 75 53227 21 53346 24 53371 5 53381 75 53483 21 53601 33 53635 78 53738 22 53850 4 53857 112 53994 22 54104 8 54113 98 54214 11 54250 22 54359 106 54471 10 54506 22 54614 106 54728 8 54762 22 54868 108 54985 7 55018 22 55123 105 55242 5 55274 22 55377 107 55530 22 55632 107 55787 21 55886 105 56043 21 56140 106 56300 20 56395 107 56522 4 56559 17 56649 109 56776 8 56820 12 56903 110 57032 9 57078 10 57157 111 57288 9 57335 9 57413 110 57537 3 57543 9 57592 8 57668 109 57792 16 57832 2 57848 8 57923 110 58047 17 58087 4 58105 7 58179 110 58303 17 58343 5 58361 7 58435 110 58559 16 58600 3 58619 4 58690 112 58816 15 58857 1 58944 115 59072 14 59200 116 59330 11 59456 117 59590 6 59712 118 59968 118 60228 1 60230 113 60488 112 60745 111 61002 110 61260 107 61521 101 61779 99 61951 1 62037 97 62205 3 62297 93 62461 3 62555 64 62622 23 62717 3 62813 61 62879 22 62973 3 63069 60 63134 16 63152 2 63326 58 63389 16 63583 57 63642 19 63841 55 63897 21 64098 48 64148 26 64355 46 64405 25 64612 44 64661 24 64868 4 64873 39 64917 24 65126 1 65131 16 65150 17 65174 23 65389 11 65414 9 65430 22
000078,0 65536
000079,29 49 285 53 542 54 798 56 1054 58 1311 59 1568 59 1824 59 2080 59 2336 58 2593 57 2849 55 3105 9 3117 42 3328 8 3363 5 3373 41 3584 9 3629 40 3840 11 3885 38 4096 11 4113 4 4141 37 4352 13 4367 13 4398 35 4608 30 4655 33 4864 32 4897 7 4912 32 5120 41 5170 22 5193 6 5376 43 5428 17 5451 2 5632 44 5685 15 5888 45 5942 12 6144 45 6199 10 6400 45 6456 11 6656 45 6712 12 6912 46 6967 13 7168 46 7223 13 7424 46 7479 13 7680 46 7735 12 7936 47 7992 10 8192 48 8254 1 8448 50 8704 55 8960 55 9216 55 9472 54 9728 52 9984 50 10240 49 10496 48 10752 47 11008 46 11264 45 11520 45 11776 44 12033 43 12290 41 12546 40 12802 39 13058 39 13314 39 13568 41 13824 42 14080 44 14336 45 14592 46 14848 46 15104 46 15360 45 15616 10 15628 13 15643 18 15872 9 15885 11 15899 18 16128 9 16141 11 16155 18 16384 9 16398 9 16412 17 16640 8 16655 7 16669 16 16896 8 16912 5 16926 15 17152 7 17169 4 17182 15 17408 5 17427 9 17439 14 17664 5 17684 25 17920 4 17940 25 18176 3 18196 25 18432 1 18452 25 18688 5 18708 24 18944 7 18964 22 19200 7 19220 21 19456 9 19477 9 19488 8 19712 10 19734 8 19745 6 19968 11 19991 6 20002 4 20224 13 20248 4 20480 19 20736 19 20992 19 21248 20 21504 21 21760 23 22016 24 22272 25 22528 26 22784 26 23040 25 23296 26 23552 27 23808 28 24064 29 24320 30 24576 30 24832 30 25088 30 25316 4 25344 30 25571 6 25600 30 25656 11 25827 7 25856 31 25908 16 26083 7 26112 31 26156 25 26340 7 26368 31 26409 28 26596 7 26624 32 26663 30 26854 5 26880 69 27136 69 27392 68 27648 68 27809 1 27904 70 28064 2 28074 6 28160 71 28319 3 28329 8 28416 71 28574 5 28584 9 28672 71 28830 6 28837 13 28928 71 29085 21 29184 71 29341 21 29440 71 29596 22 29696 71 29851 23 29952 72 30106 25 30208 73 30362 25 30464 73 30618 26 30720 73 30874 26 30976 72 31130 27 31232 66 31299 4 31386 27 31488 65 31642 29 31679 4 31744 64 31898 29 31934 6 32000 38 32041 24 32155 31 32190 9 32256 37 32299 22 32412 3 32417 39 32512 36 32556 21 32674 39 32768 36 32814 19 32930 40 33024 35 33072 17 33185 42 33280 35 33333 11 33440 44 33536 35 33590 9 33696 44 33792 34 33846 9 33951 46 34048 33 34103 6 34207 46 34304 24 34359 6 34462 47 34560 24 34599 3 34718 47 34816 23 34852 7 34974 47 35072 24 35107 8 35230 47 35328 24 35360 11 35486 47 35584 26 35613 14 35741 47 35840 42 35997 47 36096 42 36253 47 36352 42 36510 45 36608 42 36766 45 36864 41 37022 44 37120 41 37279 43 37376 40 37535 42 37632 39 37790 43 37888 37 38046 42 38145 31 38303 40 38403 27 38559 39 38662 5 38672 12 38816 38 38870 5 38930 7 39052 1 39072 38 39125 7 39187 5 39308 3 39328 38 39380 8 39445 1 39563 4 39584 39 39635 9 39819 5 39840 43 39891 9 40074 6 40096 45 40146 9 40330 6 40352 46 40402 8 40585 7 40608 57 40840 8 40865 55 41095 9 41121 53 41351 10 41378 45 41424 4 41607 11 41634 45 41863 11 41891 42 41950 4 42120 11 42147 41 42203 8 42377 10 42404 39 42459 8 42634 10 42662 36 42714 9 42890 10 42920 33 42969 10 43147 9 43177 30 43225 9 43403 9 43434 28 43481 8 43658 10 43690 27 43737 7 43914 10 43946 26 43994 6 44170 10 44202 23 44250 4 44426 10 44458 21 44682 11 44714 21 44938 6 44946 4 44971 19 45160 1 45194 6 45201 5 45227 19 45416 8 45450 12 45484 17 45671 9 45707 11 45741 13 45928 8 45964 10 45999 10 46184 7 46220 10 46256 7 46440 6 46476 10 46513 5 46696 6 46732 10 46953 4 46988 10 47245 9 47501 9 47757 9 48013 9 48268 10 48524 9 48781 8 49038 6 49296 2 49564 2 49586 6 49819 5 49840 9 50075 6 50095 11 50330 9 50350 13 50585 10 50604 16 50838 14 50858 18 51019 5 51093 15 51113 20 51275 6 51349 16 51368 19 51530 7 51603 19 51623 17 51786 7 51859 36 52041 9 52115 35 52297 9 52371 35 52553 9 52627 35 52809 10 52883 35 53065 10 53139 35 53322 10 53396 34 53578 11 53652 10 53666 20 53835 10 53908 12 53921 21 54091 10 54166 2 54169 29 54346 10 54422 2 54425 29 54602 9 54678 2 54681 29 54859 7 54937 29 55116 2 55193 7 55202 20 55451 4 55458 19 55714 17 55970 16 56225 15 56481 9 56737 8 56994 7 57252 5 57509 2 63860 3 64113 7 64368 9 64396 2 64623 10 64651 7 64878 12 64905 16 65134 12 65161 15 65391 11 65416 13
000080,58471 2 58724 7 58979 8 59235 9 59491 9 59748 8 60005 6 60262 4
000081,0 65536
000082,0 116 245 127 502 126 758 20 780 103 1013 20 1037 102 1269 19 1293 101 1525 19 1550 99 1781 19 1808 96 2039 17 2065 95 2297 15 2323 55 2386 30 2553 15 2579 55 2642 30 2809 15 2837 53 2898 30 3065 15 3095 51 3154 31 3320 8 3329 7 3352 49 3409 32 3576 8 3585 7 3609 48 3665 32 3830 10 3842 6 3869 37 3909 2 3922 32 4082 14 4098 7 4127 33 4178 33 4336 16 4356 5 4383 32 4436 31 4588 20 4614 3 4640 31 4693 29 4842 22 4878 1 4896 32 4950 27 5096 24 5132 4 5152 33 5207 26 5334 2 5350 26 5387 6 5406 37 5464 24 5588 7 5604 28 5643 6 5661 39 5721 23 5842 11 5859 29 5899 6 5916 42 5959 4 5978 21 6098 13 6114 30 6155 6 6172 47 6235 19 6353 16 6370 30 6411 6 6427 49 6609 48 6667 6 6683 49 6865 18 6884 30 6923 5 6938 51 7121 18 7140 31 7180 3 7194 53 7377 49 7450 53 7634 46 7706 54 7885 4 7890 46 7961 55 8140 6 8148 44 8197 2 8217 55 8396 7 8404 44 8453 4 8473 55 8578 5 8651 53 8709 4 8730 54 8830 10 8906 54 8966 3 8986 54 9084 13 9161 55 9243 52 9339 16 9417 55 9499 52 9595 18 9673 55 9756 50 9846 2 9850 23 9929 55 10012 52 10102 29 10185 55 10268 57 10357 30 10442 54 10524 59 10598 5 10613 31 10698 54 10780 65 10852 9 10869 32 10954 54 11035 4 11043 60 11107 11 11124 35 11210 54 11291 3 11301 59 11361 14 11379 37 11467 53 11547 2 11558 114 11724 52 11802 3 11814 115 11980 52 12057 3 12071 114 12237 51 12312 3 12328 113 12496 48 12568 3 12586 111 12753 47 12824 3 12845 108 13009 47 13081 11 13102 107 13265 47 13337 13 13353 4 13361 104 13520 48 13588 1 13593 22 13618 103 13776 48 13842 4 13849 22 13874 104 14032 48 14097 7 14105 131 14289 5 14299 37 14353 7 14362 130 14546 4 14556 36 14608 8 14618 130 14813 40 14864 8 14873 132 15069 47 15119 142 15324 98 15430 87 15580 97 15686 87 15836 96 15942 87 16087 105 16197 87 16345 195 16601 193 16858 191 17114 190 17370 186 17627 185 17883 185 18070 1 18140 183 18399 106 18507 7 18519 60 18655 105 18765 4 18775 59 18911 104 19030 60 19166 104 19286 60 19421 35 19457 68 19542 60 19676 36 19714 68 19798 60 19932 36 19971 69 20053 62 20188 36 20227 70 20309 62 20444 36 20483 3 20491 63 20565 62 20700 36 20739 2 20746 64 20822 61 20955 37 20995 1 21002 64 21080 59 21211 37 21257 65 21337 58 21465 39 21513 65 21594 56 21719 41 21768 67 21851 33 21885 5 21892 14 21974 42 22024 68 22107 32 22149 12 22229 43 22280 68 22364 32 22408 5 22485 43 22536 69 22621 32 22741 43 22792 69 22877 33 22997 43 23049 68 23133 34 23252 44 23306 68 23389 34 23508 44 23563 68 23645 34 23758 4 23765 43 23819 69 23901 34 24013 51 24076 69 24156 35 24268 52 24334 69 24412 35 24524 52 24590 70 24668 35 24780 52 24846 70 24924 35 25037 51 25101 72 25180 34 25294 50 25356 73 25436 34 25551 49 25612 74 25692 34 25808 48 25868 74 25948 34 26065 47 26125 74 26204 34 26321 47 26381 75 26461 37 26578 7 26588 36 26638 74 26718 38 26834 5 26846 34 26894 75 26974 38 27091 3 27103 33 27150 75 27230 39 27348 1 27360 32 27407 75 27487 38 27617 31 27663 75 27743 39 27873 31 27920 74 27999 39 28130 30 28177 73 28255 39 28386 30 28434 72 28512 38 28643 29 28692 69 28768 38 28900 28 28948 69 29025 37 29158 26 29204 69 29282 36 29416 24 29460 69 29538 36 29673 23 29716 70 29795 35 29929 23 29972 70 30053 3 30057 29 30185 23 30228 69 30315 27 30441 23 30485 68 30573 24 30698 22 30741 67 30831 22 30954 22 30998 65 31089 18 31209 23 31254 59 31347 15 31465 23 31511 56 31603 14 31721 23 31767 54 31860 11 31977 23 32023 51 32116 8 32233 23 32279 51 32360 1 32374 3 32490 22 32535 51 32614 5 32746 22 32791 51 32868 8 33002 22 33047 50 33124 9 33259 21 33303 49 33379 11 33515 21 33559 46 33635 11 33772 20 33816 42 33890 13 34028 20 34072 42 34146 14 34285 19 34328 41 34402 14 34542 18 34583 42 34658 15 34799 11 34838 43 34915 14 35057 8 35094 43 35172 12 35315 4 35349 44 35428 11 35605 43 35684 10 35862 42 35941 5 36118 41 36198 3 36375 38 36632 33 36890 2 36898 23 37156 21 37413 21 37669 21 37926 21 38183 19 38440 18 38698 14 38956 10 39213 8 39470 7 39727 5 51297 4 51552 7 51808 9 52063 11 52319 11 52574 13 52830 13 52856 4 53086 13 53111 9 53340 15 53366 11 53594 17 53622 12 53712 2 53848 20 53877 14 53964 7 54103 22 54132 16 54218 10 54358 24 54387 22 54472 12 54613 25 54642 24 54721 19 54790 5 54868 27 54898 25 54977 19 55045 8 55124 27 55153 26 55232 19 55301 9 55379 27 55409 26 55488 19 55557 10 55634 28 55665 27 55744 19 55813 11 55889 28 55920 27 56000 19 56064 1 56069 11 56145 27 56176 27 56257 17 56320 16 56401 27 56431 28 56513 17 56576 16 56658 26 56685 31 56770 15 56832 19 56915 58 57026 14 57088 20 57174 56 57282 11 57344 21 57433 8 57445 42 57538 8 57600 23 57690 5 57701 42 57795 6 57856 24 57943 7 57955 45 58053 2 58112 27 58197 8 58210 46 58368 28 58451 65 58624 29 58706 67 58880 29 58962 68 59136 28 59217 70 59290 3 59392 28 59473 77 59559 1 59648 27 59728 79 59814 3 59904 26 59981 82 60070 3 60160 25 60234 86 60326 4 60416 18 60435 4 60478 2 60489 87 60580 7 60672 17 60734 3 60745 102 60928 17 60990 3 60999 103 61184 17 61238 4 61247 3 61252 106 61440 17 61477 4 61494 5 61504 109 61696 18 61733 6 61750 6 61760 109 61952 19 61989 7 62006 5 62016 109 62208 19 62244 8 62262 5 62272 108 62464 19 62501 8 62517 7 62527 110 62720 20 62758 8 62772 8 62783 110 62976 20 63015 135 63232 27 63271 135 63488 28 63527 136 63744 29 63784 136 63930 10 64000 29 64041 135 64186 10 64256 29 64300 132 64442 10 64512 27 64557 132 64699 10 64768 25 64814 132 64955 10 65024 23 65070 132 65211 9 65280 21 65327 131 65467 9
000083,0 65536
000084,0 65536
000085,60874 6 61129 9 61384 11 61640 12 61895 14 62151 14 62407 14 62663 13 62920 11 63177 6 64409 3 64664 6 64919 7 65175 7 65432 6
000086, 
000087,0 65536
000088,0 65536
000089,0 18 62 17 89 46 232 42 319 11 331 4 344 47 488 43 576 10 587 3 600 47 743 45 824 3 832 12 855 49 999 47 1072 5 1079 21 1110 50 1170 4 1255 54 1326 31 1365 51 1425 6 1512 55 1582 32 1620 52 1681 7 1768 57 1837 35 1875 53 1933 12 2025 57 2092 92 2188 13 2281 57 2347 93 2443 15 2537 57 2602 95 2699 15 2793 57 2855 116 3048 58 3111 116 3304 58 3368 115 3560 57 3624 116 3816 57 3881 115 4071 57 4138 115 4326 58 4394 115 4580 61 4651 113 4835 64 4907 113 5091 65 5163 113 5347 67 5419 114 5603 68 5674 115 5859 186 6115 187 6371 187 6625 189 6879 191 7135 191 7390 193 7645 195 7900 197 8156 198 8412 198 8668 198 8924 27 8954 160 9117 5 9180 27 9212 157 9374 4 9436 27 9469 155 9692 25 9726 152 9948 24 9982 149 10203 23 10238 148 10459 22 10494 148 10714 22 10749 149 10970 22 11005 149 11225 23 11260 150 11481 24 11516 150 11737 25 11772 113 11889 33 11993 26 12027 113 12145 32 12249 27 12284 111 12401 25 12506 27 12540 111 12657 24 12763 27 12796 113 12912 22 13020 26 13052 13 13068 119 13238 6 13276 27 13308 12 13326 34 13361 77 13493 9 13508 3 13532 27 13564 11 13585 31 13618 75 13705 4 13749 10 13763 7 13788 27 13819 12 13843 28 13874 74 13960 6 14004 12 14018 10 14048 23 14074 11 14099 28 14130 72 14216 7 14261 24 14296 4 14305 31 14355 27 14385 71 14473 6 14517 25 14551 5 14562 30 14611 14 14627 11 14641 70 14729 6 14773 26 14806 6 14821 27 14867 11 14884 9 14897 49 14950 17 14986 6 15006 3 15030 11 15042 15 15060 9 15080 7 15090 14 15123 8 15141 8 15154 46 15207 9 15243 5 15261 5 15284 12 15298 28 15346 14 15379 7 15398 7 15410 44 15464 7 15500 3 15517 5 15539 13 15554 28 15602 14 15635 6 15655 5 15666 42 15721 6 15773 5 15793 42 15856 16 15892 4 15922 41 15978 4 16030 4 16048 43 16111 17 16178 40 16303 45 16367 17 16434 39 16559 45 16623 17 16691 38 16746 1 16815 49 16879 17 16947 37 17001 4 17072 49 17135 17 17205 35 17256 5 17328 50 17392 16 17462 33 17512 6 17585 49 17650 14 17717 33 17769 4 17842 49 17908 12 17973 31 18026 1 18099 48 18165 11 18228 33 18356 47 18421 11 18483 35 18550 4 18613 45 18677 11 18739 38 18805 5 18869 45 18934 10 18994 40 19061 6 19125 43 19190 7 19250 40 19316 7 19381 42 19446 6 19506 41 19572 7 19637 41 19703 4 19762 41 19827 8 19894 27 19922 12 20018 40 20083 8 20150 27 20181 7 20274 39 20339 8 20406 27 20440 2 20530 29 20595 9 20663 26 20749 3 20786 28 20850 10 20920 25 21002 7 21043 26 21106 10 21177 24 21257 9 21299 26 21363 8 21434 23 21512 10 21555 26 21620 6 21694 19 21758 2 21767 12 21810 26 21947 23 22012 4 22023 12 22064 28 22196 31 22228 5 22268 4 22279 13 22320 3 22326 21 22450 40 22523 5 22535 13 22576 2 22585 11 22597 3 22703 44 22778 6 22791 13 22842 6 22957 46 23033 7 23046 15 23062 3 23069 4 23100 2 23212 47 23288 8 23302 28 23467 48 23544 8 23558 29 23723 47 23800 8 23814 29 23978 48 24056 8 24070 29 24234 49 24311 9 24326 29 24490 49 24567 9 24583 28 24746 50 24823 9 24839 28 25001 51 25078 10 25095 28 25244 64 25331 13 25351 28 25500 64 25584 16 25608 27 25756 66 25840 16 25864 28 26012 66 26096 16 26122 26 26269 66 26352 16 26379 26 26527 64 26609 15 26636 25 26783 64 26865 15 26892 25 27016 4 27038 65 27122 14 27148 25 27271 7 27291 68 27379 13 27398 1 27404 24 27526 10 27545 70 27636 12 27654 2 27660 24 27720 1 27781 90 27897 7 27916 23 27974 4 28036 91 28154 6 28172 23 28229 6 28292 91 28411 5 28428 23 28484 7 28547 91 28667 5 28684 23 28738 10 28803 91 28923 5 28941 21 28994 11 29058 92 29180 4 29197 21 29250 11 29314 92 29436 4 29454 19 29505 13 29571 90 29692 4 29711 18 29761 13 29827 89 29948 4 29968 16 30017 13 30084 87 30204 4 30229 9 30274 11 30341 16 30361 65 30460 4 30486 7 30530 11 30586 1 30597 14 30617 64 30717 3 30743 5 30786 10 30840 6 30847 20 30873 64 30973 3 31001 2 31046 6 31095 28 31129 64 31230 2 31304 4 31350 29 31384 64 31562 1 31604 32 31640 64 31859 33 31895 65 32114 35 32151 65 32369 37 32407 65 32624 103 32880 103 33136 103 33392 102 33648 102 33883 4 33904 102 34138 6 34161 100 34393 9 34417 100 34649 10 34673 100 34904 13 34921 3 34928 100 35158 16 35175 7 35183 98 35413 17 35431 104 35668 122 35923 123 36178 124 36434 124 36690 125 36946 126 37202 126 37458 126 37714 110 37828 10 37970 109 38226 108 38482 106 38737 106 38991 107 39246 88 39338 15 39501 87 39595 14 39756 87 39853 11 40010 89 40110 10 40265 90 40368 6 40520 91 40775 91 41031 91 41286 91 41542 90 41798 90 42054 90 42310 60 42372 28 42560 64 42630 27 42815 55 42871 6 42886 27 43071 55 43142 27 43327 54 43398 27 43583 54 43653 28 43839 53 43908 28 44095 53 44163 28 44352 44 44397 6 44419 27 44609 42 44656 1 44674 27 44866 41 44930 27 45122 42 45186 26 45379 41 45443 25 45635 41 45698 18 45717 6 45891 40 45944 1 45954 16 46148 38 46199 4 46209 17 46407 35 46455 4 46465 17 46664 14 46679 17 46711 4 46721 17 46920 12 46935 6 46943 7 46967 4 46977 18 47177 9 47192 3 47223 5 47233 18 47437 3 47478 6 47488 20 47619 3 47734 30 47873 6 47991 29 48128 7 48160 4 48178 3 48247 29 48384 8 48414 7 48430 16 48503 29 48640 8 48669 9 48680 24 48760 28 48896 8 48924 36 49016 28 49152 8 49179 38 49273 27 49408 8 49434 39 49530 27 49664 8 49688 42 49787 26 49920 7 49942 44 50045 24 50176 7 50197 45 50303 21 50432 7 50453 46 50560 20 50688 8 50709 45 50817 18 50944 8 50965 45 51074 16 51200 8 51220 46 51332 6 51456 9 51475 47 51712 67 51968 69 52155 5 52224 70 52410 7 52480 72 52665 9 52736 74 52920 10 52992 76 53175 11 53248 77 53431 11 53504 78 53687 12 53712 1 53760 78 53943 13 53967 3 54016 79 54199 14 54215 1 54224 3 54233 1 54272 79 54454 21 54480 12 54528 79 54710 22 54736 13 54784 80 54965 24 54992 13 55040 81 55221 24 55247 14 55296 73 55476 41 55552 72 55732 41 55808 72 55899 4 55988 41 56064 73 56154 6 56174 1 56244 41 56320 73 56410 6 56427 10 56501 40 56576 74 56665 9 56681 15 56758 38 56832 74 56921 32 57015 37 57088 75 57177 32 57272 35 57344 76 57433 32 57528 34 57600 77 57689 32 57784 32 57856 78 57945 31 58040 27 58095 2 58112 78 58200 31 58296 25 58331 3 58349 6 58368 79 58457 30 58551 25 58587 4 58604 8 58624 79 58713 29 58807 24 58843 9 58860 9 58880 80 58970 27 59063 24 59099 11 59113 13 59136 81 59228 25 59319 25 59355 28 59392 81 59483 26 59576 27 59614 26 59648 82 59738 28 59832 35 59870 26 59904 81 59994 28 60088 64 60160 81 60249 29 60345 64 60416 81 60505 30 60602 63 60672 80 60760 32 60859 12 60872 50 60928 79 61015 37 61116 9 61128 50 61184 79 61271 38 61373 7 61384 50 61440 79 61527 40 61630 4 61639 51 61696 79 61783 41 61866 4 61895 51 61952 81 62039 9 62049 32 62120 9 62150 52 62208 82 62295 8 62306 32 62375 12 62405 53 62464 18 62485 62 62552 6 62562 33 62631 13 62659 55 62720 17 62742 61 62810 4 62819 33 62886 15 62909 61 62976 16 62999 60 63075 33 63142 16 63164 55 63220 6 63232 15 63255 60 63331 33 63398 18 63418 55 63477 5 63488 14 63510 61 63587 34 63654 75 63744 13 63766 61 63834 1 63842 38 63910 75 64000 13 64021 62 64088 4 64096 42 64165 77 64256 13 64277 62 64342 7 64351 44 64421 77 64512 12 64533 63 64597 55 64677 78 64768 10 64789 7 64797 112 64933 79 65024 10 65044 7 65053 113 65189 78 65280 8 65300 7 65309 113 65445 78
000090, 
000091, 
000092,0 65536
000093,0 65536
000094,0 65536
000095,0 65536
000096,0 65536
000097, 
000098,250 6 505 7 761 7 1017 7 1273 7 1529 7 1785 7 2041 7 2297 7 2553 7 2809 7 3065 7 3321 7 3577 7 3833 7 4089 7 4344 8 4599 9 4855 9 5111 9 5368 8 5624 8 5881 7 6137 7 6393 7 6649 7 6904 8 7160 8 7416 8 7672 8 7929 7 8185 7 8443 2
000099,0 8 27 31 69 24 102 7 151 7 162 11 182 74 258 5 283 30 325 23 356 11 409 4 419 9 438 74 539 30 582 21 609 15 677 6 694 74 795 29 839 18 862 19 950 74 1051 29 1096 15 1115 22 1206 36 1245 35 1306 14 1323 13 1353 15 1369 24 1427 6 1461 37 1504 32 1562 14 1579 13 1610 39 1682 8 1717 18 1736 18 1761 31 1818 13 1837 11 1868 36 1937 10 1973 11 1994 16 2018 30 2074 12 2095 8 2126 33 2192 12 2229 10 2251 15 2275 29 2330 11 2355 3 2382 33 2448 13 2485 9 2508 13 2532 28 2585 11 2637 35 2704 13 2742 7 2765 12 2788 28 2841 9 2893 35 2961 13 2999 4 3026 5 3045 27 3097 7 3149 36 3218 13 3302 26 3354 5 3406 36 3456 3 3476 14 3558 26 3662 37 3712 4 3733 13 3814 26 3917 38 3967 5 3990 13 4070 26 4172 40 4223 4 4246 14 4327 25 4427 43 4479 4 4503 13 4582 26 4683 45 4731 9 4759 12 4838 26 4917 3 4939 57 5015 11 5095 25 5172 6 5195 57 5270 10 5351 25 5428 7 5451 62 5526 8 5608 24 5683 10 5707 63 5782 7 5864 24 5938 12 5964 54 6022 4 6037 8 6121 23 6194 12 6221 51 6280 2 6293 7 6312 7 6377 6 6384 16 6449 13 6477 53 6548 8 6568 8 6582 4 6606 2 6644 12 6705 13 6734 53 6795 5 6804 7 6823 19 6861 5 6903 9 6962 10 6991 53 7050 16 7079 20 7117 7 7159 9 7219 4 7248 29 7279 22 7305 17 7334 21 7373 8 7415 9 7506 25 7542 35 7590 22 7629 8 7671 9 7763 23 7805 27 7846 22 7886 8 7928 8 8019 23 8063 18 8102 22 8142 7 8184 8 8276 22 8320 17 8358 22 8398 6 8440 8 8533 21 8577 15 8602 2 8612 24 8654 5 8696 8 8789 22 8833 15 8857 34 8912 2 8953 7 9045 9 9059 8 9089 14 9112 29 9209 7 9302 6 9319 5 9344 15 9367 28 9457 5 9467 1 9559 7 9576 4 9600 13 9623 29 9690 4 9712 9 9728 6 9803 4 9816 7 9833 3 9856 9 9878 22 9904 5 9946 6 9967 11 9984 8 10059 5 10071 8 10090 3 10112 7 10134 32 10202 8 10223 11 10240 9 10314 7 10327 9 10347 2 10367 8 10390 32 10447 3 10458 9 10471 2 10480 10 10496 9 10570 8 10583 10 10623 8 10647 31 10701 6 10715 7 10726 5 10736 9 10752 9 10826 9 10838 12 10866 4 10879 8 10903 31 10956 8 10971 6 10981 7 10993 8 11008 9 11082 25 11121 5 11134 10 11160 30 11203 3 11212 9 11229 3 11236 9 11249 8 11264 8 11339 26 11377 6 11390 10 11416 30 11458 5 11467 10 11492 10 11506 7 11520 7 11595 32 11633 6 11646 10 11672 30 11714 19 11747 12 11762 7 11776 7 11852 32 11889 6 11902 10 11927 30 11969 20 12002 23 12032 5 12110 4 12115 25 12146 4 12157 12 12183 30 12225 22 12258 23 12288 4 12371 26 12409 17 12439 30 12481 25 12514 23 12544 4 12628 25 12664 21 12694 31 12736 26 12770 23 12800 3 12885 24 12919 23 12950 32 12992 26 13025 23 13056 3 13142 23 13175 24 13205 35 13248 26 13281 23 13312 3 13355 2 13399 22 13432 14 13447 8 13461 37 13504 26 13538 21 13568 3 13611 4 13656 21 13688 12 13704 7 13716 38 13758 28 13794 21 13824 3 13867 5 13914 19 13945 9 13960 7 13972 39 14014 28 14051 20 14080 3 14123 5 14172 19 14203 7 14216 7 14228 40 14269 29 14308 18 14336 3 14379 6 14430 18 14460 5 14472 8 14484 70 14564 18 14592 3 14634 8 14687 17 14716 4 14728 10 14740 54 14798 12 14820 18 14848 3 14890 9 14944 17 14973 2 14984 11 14996 53 15054 12 15076 18 15104 2 15145 10 15201 17 15241 10 15254 46 15310 12 15332 18 15360 1 15401 11 15458 16 15497 10 15511 41 15566 12 15588 18 15657 11 15714 16 15752 11 15768 39 15825 1 15843 18 15912 13 15970 15 16008 10 16025 37 16099 17 16168 13 16227 12 16263 11 16281 37 16356 15 16424 14 16484 7 16519 9 16537 36 16612 15 16682 12 16775 9 16793 35 16868 15 16916 3 16939 11 17031 8 17049 32 17124 16 17172 4 17195 11 17287 7 17305 27 17379 19 17428 4 17452 10 17543 6 17562 26 17634 22 17684 3 17706 12 17801 3 17820 23 17890 22 17923 4 17960 14 18077 22 18146 22 18179 6 18215 15 18334 20 18385 14 18401 24 18434 8 18470 16 18540 4 18590 17 18638 43 18690 8 18705 5 18726 16 18796 5 18846 17 18893 44 18945 9 18959 10 18982 16 19052 7 19103 16 19148 45 19201 9 19214 13 19238 16 19307 10 19359 16 19383 2 19404 46 19456 10 19467 17 19495 20 19562 15 19616 16 19638 3 19660 46 19712 28 19751 13 19765 6 19818 17 19873 15 19916 46 19968 28 20007 12 20022 5 20073 19 20131 14 20172 46 20224 29 20264 7 20280 3 20328 21 20388 13 20427 46 20481 30 20520 5 20539 3 20580 26 20645 13 20683 42 20737 31 20777 5 20795 4 20835 27 20902 12 20938 42 20993 32 21034 8 21051 5 21090 29 21158 12 21194 33 21230 6 21248 33 21290 10 21307 6 21345 31 21415 11 21450 32 21486 6 21504 34 21546 12 21563 7 21601 32 21672 10 21706 31 21743 4 21760 34 21802 26 21837 4 21856 35 21929 8 21962 14 21978 13 22001 1 22016 34 22057 28 22091 8 22111 37 22186 7 22218 12 22235 9 22272 34 22312 30 22344 12 22366 39 22443 5 22474 11 22494 4 22528 84 22621 41 22732 9 22784 134 22990 6 23040 135 23296 135 23552 135 23808 135 24064 68 24133 65 24320 67 24390 64 24470 2 24576 66 24647 63 24722 9 24832 66 24904 62 24975 13 25088 65 25160 63 25230 14 25344 64 25417 61 25487 13 25600 63 25674 60 25743 13 25856 61 25930 59 26000 12 26112 58 26186 58 26256 12 26368 57 26442 58 26513 10 26625 55 26699 57 26770 9 26882 53 26956 56 27031 3 27138 52 27215 53 27396 3 27402 43 27471 53 27660 41 27706 1 27728 53 27918 39 27962 1 27984 53 28175 38 28241 52 28432 37 28497 52 28689 36 28754 51 28945 36 29011 50 29202 35 29269 48 29458 35 29526 47 29617 6 29714 35 29782 47 29871 9 29971 34 30038 46 30127 10 30228 32 30292 46 30382 11 30486 30 30545 47 30638 12 30743 29 30800 36 30838 10 30894 13 31000 28 31056 35 31095 8 31150 13 31257 26 31311 34 31352 5 31405 14 31514 24 31567 26 31661 14 31772 21 31822 26 31917 16 32000 2 32029 8 32040 8 32078 25 32172 18 32256 5 32286 5 32300 3 32334 24 32428 19 32481 4 32512 5 32590 24 32683 21 32713 6 32735 7 32768 5 32846 23 32938 22 32967 9 32984 4 32990 8 33024 5 33102 23 33193 23 33222 11 33238 16 33280 4 33358 22 33447 25 33478 11 33493 18 33536 3 33614 20 33703 24 33733 13 33748 19 33840 1 33870 18 33958 25 33989 14 34004 20 34093 7 34126 18 34152 1 34214 25 34244 37 34344 14 34381 20 34407 6 34470 26 34499 39 34599 17 34637 22 34663 7 34727 26 34754 40 34852 21 34894 22 34919 8 34984 66 35055 2 35106 23 35150 23 35175 8 35241 66 35360 26 35407 23 35432 8 35498 65 35615 27 35651 4 35665 21 35689 7 35754 66 35869 29 35905 8 35923 19 35946 9 36011 65 36124 30 36161 8 36180 19 36202 10 36267 66 36378 32 36417 8 36436 19 36459 10 36523 66 36634 32 36672 9 36692 20 36714 11 36779 66 36890 32 36928 9 36948 33 37035 67 37146 32 37183 11 37198 1 37204 34 37292 66 37402 48 37451 6 37460 34 37549 65 37658 55 37716 14 37731 19 37809 61 37914 56 37972 8 37988 18 38066 60 38170 56 38229 6 38244 17 38323 8 38334 48 38426 57 38487 2 38500 14 38580 7 38590 48 38682 57 38756 13 38837 5 38846 48 38938 57 39012 12 39095 1 39103 47 39194 58 39269 10 39359 47 39450 58 39526 8 39615 47 39706 58 39782 4 39870 48 39946 1 39948 5 39961 58 40126 48 40192 3 40198 13 40217 58 40382 49 40448 19 40473 55 40638 63 40704 19 40729 54 40894 64 40960 19 40985 54 41092 13 41150 65 41216 19 41242 52 41345 16 41406 85 41499 10 41513 37 41600 17 41662 66 41729 18 41756 7 41769 36 41855 18 41918 66 41986 18 42022 1 42024 35 42111 18 42174 45 42221 19 42242 18 42274 40 42366 20 42430 42 42478 18 42499 18 42529 27 42559 9 42620 22 42686 40 42735 17 42755 18 42785 26 42816 7 42875 23 42943 38 42991 17 43012 17 43041 25 43072 6 43125 29 43201 36 43247 17 43269 16 43297 23 43329 4 43379 31 43458 5 43465 28 43504 16 43526 4 43536 4 43553 21 43633 32 43730 18 43760 16 43810 18 43887 33 43987 17 44016 16 44036 9 44068 14 44139 37 44242 18 44271 17 44291 12 44309 2 44325 9 44393 39 44498 17 44525 19 44547 24 44582 8 44641 47 44754 16 44781 19 44802 26 44839 6 44896 48 45011 14 45036 20 45058 26 45151 51 45268 11 45292 20 45313 27 45406 53 45524 8 45548 20 45569 27 45616 1 45661 56 45783 1 45804 20 45825 26 45872 2 45916 62 46059 21 46082 25 46128 1 46170 65 46315 21 46338 24 46425 66 46570 22 46594 24 46642 4 46680 67 46798 2 46826 22 46850 23 46898 5 46914 1 46935 68 47053 4 47082 22 47106 23 47153 7 47191 68 47308 5 47338 22 47362 23 47409 8 47446 68 47564 5 47594 22 47618 22 47666 7 47701 69 47820 4 47849 23 47874 21 47923 5 47947 2 47957 69 48076 4 48105 23 48130 20 48213 69 48360 24 48386 20 48469 70 48615 25 48642 21 48725 70 48870 26 48899 20 48944 3 48964 4 48981 71 49126 26 49157 19 49192 5 49198 7 49216 18 49237 71 49382 26 49413 19 49439 2 49447 15 49471 21 49493 71 49637 27 49667 21 49694 4 49702 17 49726 95 49893 27 49921 22 49950 4 49958 17 49982 95 50149 49 50214 18 50237 97 50405 48 50470 18 50493 98 50662 45 50725 123 50918 43 50981 123 51175 42 51237 124 51431 14 51446 27 51493 126 51688 11 51703 28 51750 127 51945 8 51960 27 52006 129 52203 5 52216 28 52262 130 52473 27 52519 130 52686 7 52729 28 52774 131 52940 12 52990 23 53029 132 53196 15 53248 22 53284 133 53451 18 53504 22 53540 134 53707 19 53760 23 53796 134 53955 28 54016 23 54052 134 54211 28 54272 23 54308 137 54466 29 54528 23 54564 140 54722 29 54784 23 54819 143 54979 28 55040 23 55074 145 55236 27 55297 21 55329 147 55492 27 55554 20 55585 149 55749 26 55811 19 55841 151 56005 27 56039 1 56067 6 56075 10 56097 152 56261 27 56293 5 56331 10 56353 153 56518 26 56548 8 56588 8 56609 155 56775 26 56803 12 56818 4 56845 6 56864 157 57034 46 57103 2 57120 158 57292 45 57377 158 57553 41 57633 164 57810 41 57889 166 58067 42 58145 167 58324 13 58340 26 58402 167 58580 43 58658 167 58836 44 58913 167 59092 44 59156 6 59167 168 59347 45 59411 180 59603 45 59666 96 59769 78 59859 45 59922 93 60027 75 60116 7 60124 36 60178 86 60284 74 60372 6 60380 36 60435 79 60540 74 60628 6 60636 36 60691 78 60795 64 60862 7 60885 43 60948 77 61051 64 61119 5 61140 44 61205 76 61307 63 61396 44 61461 76 61563 63 61651 45 61717 76 61806 5 61819 63 61907 45 61973 65 62041 6 62055 13 62075 62 62163 45 62230 63 62297 6 62308 17 62332 60 62419 45 62486 62 62554 4 62563 19 62588 59 62675 45 62742 9 62759 2 62764 39 62818 21 62845 57 62910 4 62931 45 62999 7 63021 37 63073 22 63102 57 63166 4 63186 46 63256 2 63277 35 63328 23 63360 56 63422 4 63441 47 63534 31 63583 24 63617 8 63627 47 63679 2 63697 47 63791 11 63803 14 63839 23 63874 5 63885 47 63952 48 64056 1 64060 12 64095 19 64144 44 64209 47 64316 12 64351 18 64402 42 64465 47 64573 11 64606 18 64659 40 64721 48 64829 11 64861 18 64915 40 64977 48 65085 11 65116 19 65172 38 65233 48 65342 10 65372 18 65428 37 65488 48
104502,0 52 67 240 324 186 512 50 580 185 768 50 836 184 1024 49 1091 185 1280 48 1342 190 1536 47 1595 194 1792 47 1850 197 2048 46 2105 245 2359 247 2615 247 2870 248 3126 248 3381 249 3636 249 3892 248 4147 248 4403 247 4659 248 4914 249 5169 250 5423 2256 7680 255 7936 255 8192 255 8448 9471 17920 254 18176 254 18432 254 18688 254 18944 255 19200 254 19456 254 19712 254 19968 254 20224 254 20480 254 20736 254 20992 253 21248 255 21504 8009 29515 253 29772 252 30029 252 30285 5 30291 246 30542 251 30798 177 30976 74 31054 177 31232 75 31311 176 31488 76 31566 177 31744 255 32000 1753 33754 253 34010 253 34266 123 34391 128 34520 123 34648 168 34817 81 34905 167 35073 81 35162 248 35419 124 35544 122 35675 248 35929 120 36054 125 36184 121 36310 124 36435 126 36564 126 36691 126 36820 126 36947 127 37076 254 37332 254 37589 253 37846 252 38102 252 38358 252 38614 252 38870 252 39125 1269 40396 51 40448 202 40653 50 40704 202 40909 50 40960 203 41165 1804 42970 255 43226 1317 44544 255 44800 255 45056 255 45312 255 45568 255 45824 255 46080 255 46336 13583 59921 253 60177 251 60434 249 60692 246 60950 243 61207 240 61464 239 61720 4 61726 232 61976 4 61983 231 62239 231 62495 231 62751 231 63007 232 63263 232 63520 232 63776 232 64032 233 64278 3 64288 236 64534 3 64542 239 64790 3 64796 241 65052 242 65308 228
106940,0 109 113 27407 27521 254 27781 249 28038 247 28295 246 28551 247 28808 246 29064 247 29321 246 29577 247 29832 248 30089 247 30347 245 30604 244 30862 242 31119 241 31376 240 31631 240 31887 240 32140 244 32395 245 32649 247 32904 249 33160 249 33416 250 33672 252 33928 253 34183 13596 47782 253 48039 253 48295 253 48552 252 48811 250 49068 249 49323 252 49579 253 49834 1783 51625 248 51881 248 52136 249 52391 252 52646 253 52901 8201 61104 251 61361 250 61617 250 61873 250 62129 250 62385 250 62641 250 62897 252 63153 252 63410 251 63666 251 63922 251 64178 251 64435 251 64690 253 64946 253 65201 335
112782,3 47 51 2 62 1 110 10 127 18 152 13 172 2 187 7 241 16 259 46 311 3 317 4 350 1 367 8 385 16 408 13 443 8 498 15 515 47 563 13 605 4 623 9 642 15 664 13 698 8 724 2 748 4 755 14 772 59 860 8 880 8 901 13 921 11 955 6 978 5 984 4 1003 6 1014 9 1024 1 1030 57 1116 9 1136 11 1159 12 1177 11 1211 1 1232 13 1258 10 1276 3 1280 1 1287 56 1372 9 1392 11 1414 14 1430 14 1467 1 1485 26 1512 12 1532 3 1536 5 1546 3 1555 45 1607 4 1629 8 1648 13 1670 30 1740 40 1788 3 1792 6 1811 44 1864 4 1886 6 1904 14 1926 17 1945 11 1996 41 2044 3 2048 6 2067 44 2120 4 2134 1 2142 6 2160 14 2178 1 2182 18 2202 11 2252 45 2300 3 2304 7 2322 45 2374 5 2390 1 2399 4 2416 16 2434 1 2441 28 2489 3 2498 2 2509 59 2578 46 2629 5 2655 4 2672 16 2697 28 2745 2 2754 3 2765 60 2834 56 2912 3 2928 16 2953 27 3014 8 3024 57 3089 56 3168 2 3185 18 3208 20 3229 4 3234 1 3250 2 3269 9 3281 53 3339 2 3343 58 3409 5 3442 18 3465 17 3485 3 3490 1 3505 3 3524 10 3538 26 3568 16 3587 1 3593 52 3647 9 3664 5 3673 2 3698 18 3721 17 3742 2 3760 3 3779 8 3795 5 3804 17 3827 13 3848 52 3907 5 3930 3 3954 19 3976 18 4016 2 4036 7 4052 4 4060 18 4085 11 4104 51 4174 4 4186 4 4200 3 4211 19 4232 19 4272 2 4292 7 4309 1 4316 19 4346 6 4360 52 4429 6 4442 7 4456 2 4469 38 4548 7 4570 22 4603 5 4619 49 4685 6 4699 7 4712 2 4716 1 4726 39 4804 7 4826 26 4860 4 4876 47 4940 7 4956 8 4968 1 4984 3 4991 31 5060 7 5082 21 5104 5 5116 4 5133 2 5137 42 5195 7 5212 11 5225 2 5248 30 5311 3 5316 7 5339 19 5360 4 5372 4 5389 7 5397 38 5450 8 5460 1 5469 15 5504 30 5554 2 5566 14 5595 5 5602 11 5616 3 5629 3 5645 6 5655 36 5706 8 5715 2 5726 14 5762 28 5809 3 5822 14 5852 3 5858 11 5885 3 5905 1 5910 37 5967 5 5983 15 6002 3 6018 29 6077 4 6084 8 6115 9 6166 11 6179 23 6226 1 6240 9 6251 4 6258 3 6264 2 6274 31 6333 3 6340 8 6372 7 6424 9 6436 21 6507 17 6531 32 6597 8 6629 6 6681 8 6692 21 6764 16 6788 10 6799 20 6853 8 6885 6 6939 7 6949 20 7019 15 7047 5 7055 19 7110 6 7142 4 7169 1 7195 7 7206 12 7219 6 7232 6 7275 14 7304 3 7312 17 7368 4 7398 4 7424 4 7451 7 7466 7 7477 3 7487 8 7531 9 7574 11 7624 3 7655 3 7680 5 7708 6 7723 2 7742 9 7787 8 7837 4 7856 6 7936 4 7965 4 7997 10 8043 8 8094 2 8113 7 8192 4 8200 1 8220 5 8251 12 8299 8 8318 1 8370 8 8423 2 8455 2 8474 8 8510 9 8555 8 8574 2 8593 4 8626 8 8638 2 8679 3 8711 2 8715 3 8726 1 8729 9 8754 3 8766 1 8772 3 8782 4 8811 8 8826 8 8848 6 8882 8 8892 5 8922 1 8935 3 8967 8 8986 7 9010 4 9038 1 9066 9 9082 3 9086 8 9096 14 9138 15 9190 3 9223 13 9243 4 9265 7 9322 9 9343 24 9372 4 9395 14 9445 3 9480 12 9500 4 9522 7 9553 4 9578 8 9597 28 9627 7 9651 13 9701 3 9737 11 9756 5 9778 8 9809 5 9834 8 9854 40 9908 11 9957 1 9966 2 9994 9 10012 5 10035 5 10067 4 10090 9 10110 41 10154 3 10164 11 10179 3 10185 1 10222 2 10251 7 10269 5 10292 2 10312 1 10324 1 10347 8 10367 47 10417 14 10434 9 10452 2 10477 4 10493 1 10507 7 10525 5 10548 3 10564 6 10605 7 10623 65 10690 11 10733 5 10748 2 10757 1 10764 5 10781 6 10805 3 10818 8 10861 8 10880 5 10887 58 10946 12 10989 5 11003 3 11014 2 11020 5 11036 8 11062 5 11074 12 11118 7 11147 66 11258 5 11270 3 11277 4 11291 11 11318 7 11330 13 11375 6 11406 62 11509 4 11514 5 11534 3 11548 13 11572 11 11585 15 11662 25 11689 30 11765 10 11791 3 11804 14 11822 1 11827 30 11917 24 11947 26 11974 1 12021 9 12047 3 12061 14 12082 32 12173 24 12206 28 12278 7 12305 1 12317 14 12336 34 12427 9 12438 13 12464 8 12476 16 12535 5 12561 1 12574 51 12683 12 12700 6 12721 7 12731 18 12791 1 12817 1 12831 50 12939 12 12957 5 12977 31 13010 2 13020 3 13072 2 13088 48 13192 16 13215 4 13220 3 13232 38 13275 4 13327 3 13345 45 13447 21 13472 10 13488 46 13563 1 13568 3 13584 2 13602 47 13652 2 13699 41 13744 46 13824 5 13840 2 13861 44 13908 2 13948 3 13954 19 13976 21 14000 15 14019 26 14080 7 14096 3 14119 44 14165 2 14204 22 14233 40 14276 23 14336 7 14352 3 14359 2 14376 44 14422 1 14460 22 14490 12 14505 25 14533 8 14542 12 14569 4 14575 1 14592 9 14607 11 14631 4 14640 30 14672 6 14716 22 14747 11 14762 49 14825 6 14848 10 14863 13 14879 2 14887 3 14897 29 14929 5 14954 1 14972 22 15003 11 15018 36 15058 9 15081 6 15104 9 15118 14 15134 4 15143 3 15153 29 15186 8 15199 7 15228 22 15259 11 15278 34 15314 10 15336 9 15360 9 15374 14 15389 7 15399 3 15410 29 15442 12 15455 9 15484 21 15515 10 15534 4 15540 29 15571 9 15592 10 15616 9 15630 28 15667 54 15740 21 15771 9 15791 3 15796 40 15848 11 15872 9 15886 28 15923 54 15986 2 15989 2 15996 21 16026 2 16030 3 16048 1 16053 39 16105 11 16128 9 16142 28 16172 1 16179 55 16243 4 16252 22 16282 6 16309 39 16363 13 16384 9 16398 28 16427 4 16433 18 16453 38 16500 1 16508 23 16539 4 16553 3 16566 21 16588 17 16622 10 16640 9 16654 28 16683 24 16710 38 16764 24 16809 5 16822 20 16845 14 16879 8 16896 9 16909 15 16926 12 16939 24 16967 38 17020 6 17031 14 17066 7 17078 20 17101 10 17112 2 17152 8 17166 14 17182 37 17223 38 17276 6 17288 13 17323 5 17336 19 17356 13 17408 8 17423 13 17438 26 17467 7 17479 22 17505 13 17532 5 17545 12 17581 2 17594 31 17664 8 17679 13 17693 20 17715 5 17722 9 17735 21 17763 12 17791 3 17801 11 17850 31 17920 8 17936 32 17971 5 17977 10 17991 21 18020 11 18048 4 18054 14 18106 30 18176 8 18192 12 18205 13 18221 3 18225 7 18233 10 18247 19 18268 1 18277 10 18311 13 18364 27 18432 7 18449 11 18461 12 18478 2 18481 3 18488 13 18504 17 18524 2 18533 10 18568 14 18622 23 18688 7 18705 24 18737 3 18746 9 18761 17 18789 9 18822 16 18880 21 18944 7 18961 13 18976 9 18993 2 19003 8 19017 17 19040 1 19046 8 19078 16 19118 2 19129 3 19137 21 19200 8 19217 12 19233 7 19259 9 19275 16 19302 7 19334 17 19374 2 19383 6 19393 21 19456 8 19473 11 19490 6 19516 9 19531 17 19558 7 19590 17 19630 2 19637 33 19712 8 19730 9 19746 5 19772 3 19777 5 19789 16 19814 7 19847 18 19886 2 19891 35 19968 8 19986 8 20002 4 20013 2 20034 5 20047 15 20070 7 20104 22 20138 2 20143 1 20145 14 20160 22 20196 3 20224 8 20242 8 20258 3 20269 3 20292 3 20305 12 20327 4 20362 20 20394 11 20408 7 20416 23 20451 3 20480 7 20499 7 20513 2 20525 3 20549 3 20562 8 20572 1 20584 1 20605 2 20619 11 20632 7 20651 9 20665 6 20673 22 20707 2 20736 7 20755 8 20780 4 20806 3 20818 10 20877 6 20889 6 20908 7 20921 6 20929 21 20962 2 20992 6 21011 8 21034 8 21062 3 21074 10 21136 1 21146 6 21164 6 21177 7 21185 21 21210 10 21237 1 21248 5 21267 8 21282 2 21289 12 21319 2 21332 8 21341 2 21403 5 21421 2 21435 22 21461 2 21467 8 21505 4 21524 8 21537 4 21543 14 21572 1 21575 3 21589 7 21597 3 21660 4 21691 21 21718 2 21725 5 21760 5 21780 8 21792 4 21799 15 21828 6 21846 10 21900 2 21916 4 21951 17 21975 1 21984 3 21988 2 22016 6 22036 16 22054 17 22084 6 22106 6 22156 2 22208 16 22241 5 22272 8 22292 16 22310 17 22339 8 22362 6 22412 1 22465 17 22485 4 22497 6 22528 9 22549 15 22567 16 22593 10 22618 7 22717 1 22724 14 22740 8 22753 7 22784 9 22805 9 22825 14 22850 10 22874 8 22981 1 22986 9 22996 5 23002 2 23010 5 23040 10 23054 1 23061 8 23082 13 23106 10 23130 8 23243 8 23252 3 23259 1 23267 4 23296 10 23310 3 23317 8 23339 12 23362 10 23387 7 23395 2 23501 5 23508 2 23523 4 23552 10 23566 4 23573 8 23596 12 23619 10 23634 1 23644 9 23732 3 23758 3 23765 1 23779 4 23808 10 23822 4 23829 10 23852 11 23876 9 23901 8 23968 2 23987 5 24015 1 24035 4 24064 10 24078 5 24085 11 24109 10 24132 8 24157 8 24192 1 24223 5 24242 7 24291 4 24320 10 24335 4 24341 11 24355 1 24365 12 24390 6 24414 7 24448 1 24479 7 24498 8 24549 1 24576 10 24592 3 24597 18 24622 12 24638 1 24647 5 24653 3 24671 6 24704 2 24735 9 24755 8 24832 11 24849 2 24853 19 24879 11 24894 1 24904 8 24927 6 24961 3 24991 9 25011 10 25088 11 25105 2 25109 20 25137 9 25161 7 25184 2 25187 2 25218 2 25247 10 25266 12 25344 11 25367 18 25393 9 25417 8 25440 2 25474 2 25502 11 25522 15 25587 1 25601 10 25624 11 25636 4 25649 10 25673 8 25698 1 25750 1 25758 11 25779 15 25831 1 25838 2 25843 1 25857 10 25880 7 25893 3 25905 11 25929 9 25965 3 26014 11 26035 15 26087 1 26113 11 26136 5 26148 4 26161 13 26185 9 26220 5 26270 11 26290 17 26315 4 26343 1 26369 11 26393 4 26403 6 26417 15 26441 9 26476 5 26526 10 26546 17 26570 6 26601 1 26624 13 26649 5 26659 6 26673 16 26697 9 26719 3 26732 6 26782 10 26796 2 26802 15 26818 1 26825 7 26856 3 26883 10 26904 7 26915 7 26929 16 26953 9 26975 3 26988 7 27039 9 27052 3 27058 15 27082 7 27111 4 27140 10 27160 10 27171 8 27182 2 27189 13 27208 10 27230 3 27243 9 27296 8 27307 4 27315 14 27338 8 27365 6 27374 3 27379 3 27397 9 27416 9 27427 8 27439 2 27445 14 27464 10 27499 9 27552 8 27563 4 27571 15 27593 9 27621 9 27636 2 27654 8 27672 8 27684 8 27695 3 27702 15 27719 11 27755 9 27809 6 27819 3 27827 11 27840 2 27848 10 27877 9 27892 2 27910 7 27931 2 27940 8 27951 3 27958 15 27975 12 28012 7 28076 2 28084 9 28104 10 28135 6 28167 6 28197 8 28208 1 28214 15 28232 11 28268 6 28332 2 28340 5 28346 2 28361 9 28392 2 28413 1 28423 6 28453 8 28470 14 28488 10 28526 3 28598 2 28619 7 28669 1 28679 6 28710 7 28726 13 28745 9 28783 3 28876 6 28935 6 28967 3 28982 11 29001 9 29039 2 29133 5 29192 4 29238 10 29257 9 29276 1 29296 1 29449 3 29495 8 29513 10 29532 2 29552 1 29753 6 29769 11 29788 2 29808 2 30009 6 30026 10 30043 3 30064 2 30265 5 30282 10 30299 3 30320 2 30375 1 30421 3 30522 3 30539 8 30555 3 30631 1 30678 1 30780 1 30796 6 30886 2 31054 2 31387 2 32482 3 32737 6 32858 1 32993 7 33249 7 33505 8 33762 7 34018 7 34275 7 34531 7 34788 6 35045 5 35301 4 35309 3 35558 3 35562 6 35819 4 35824 6 36077 1 36080 6 36336 7 36592 7 36850 5 36942 3 37106 4 37198 3 37363 3 37454 1 37619 2 40399 1 40665 1 42897 1 42899 3 43153 1 46220 5 46476 6 46724 2 46732 6 46979 3 46988 7 47235 3 47239 14 47496 14 47755 6 48011 5 48267 6 48522 12 48535 6 48640 1 48778 19 48896 1 49033 21 49288 22 49543 23 49600 2 49794 3 49799 24 49855 3 50050 30 50081 4 50086 1 50107 7 50305 26 50334 9 50362 8 50560 25 50590 9 50618 8 50816 24 50846 7 50876 5 51072 24 51102 6 51133 3 51328 23 51356 10 51390 1 51584 22 51610 8 51619 3 51646 1 51841 20 51865 6 51875 3 51901 4 52100 16 52120 6 52131 3 52157 5 52362 12 52377 4 52387 3 52413 4 52619 5 52626 4 52635 1 52643 3 52670 2 52875 3 52882 1 52899 3 53131 3 53155 5 53387 3 53411 6 53666 8 53922 8 54177 9 54432 11 54473 3 54688 12 54726 7 54980 10 55231 3 55235 13 55489 17 55747 16 56015 3 58339 1 62874 4 63131 5 63388 13 63647 5 63654 2 63904 4 63910 2 64162 1 64660 2 64914 4 65162 2 65167 9 65414 19
123643,0 65536
126000,0 65536
126135,0 7 37 13 54 8 80 34 122 44 170 6 188 2 218 14 245 10 256 7 294 11 311 7 336 1 340 30 378 43 427 4 441 5 475 12 489 3 500 11 512 8 551 9 568 7 597 29 635 42 682 2 697 3 734 16 757 21 808 6 825 6 852 28 891 42 937 3 952 4 991 17 1013 11 1025 10 1064 6 1082 6 1107 28 1147 13 1162 27 1194 2 1208 3 1247 18 1270 29 1318 9 1339 5 1357 32 1403 13 1420 26 1462 4 1487 1 1503 18 1525 32 1574 11 1588 2 1596 3 1611 32 1659 15 1676 25 1716 3 1720 1 1743 5 1759 17 1781 39 1828 21 1865 33 1913 44 1991 3 1998 6 2017 15 2036 46 2083 24 2121 33 2167 45 2245 6 2254 7 2274 2 2280 8 2292 73 2376 34 2421 47 2500 16 2539 5 2548 76 2632 34 2676 35 2714 10 2754 18 2796 4 2804 12 2817 64 2889 33 2931 33 2972 7 3008 20 3050 22 3074 63 3145 33 3187 31 3232 3 3263 21 3299 1 3303 25 3330 63 3401 31 3442 31 3487 4 3518 11 3530 10 3552 5 3558 26 3586 3 3590 59 3657 30 3698 31 3742 5 3773 11 3786 11 3807 99 3913 29 3953 31 3996 8 4029 23 4062 39 4104 58 4169 29 4209 31 4252 8 4286 22 4317 38 4362 59 4426 28 4465 31 4500 4 4508 8 4542 23 4572 38 4619 60 4683 26 4722 39 4764 8 4798 24 4828 33 4862 2 4875 61 4939 26 4978 7 4991 26 5020 6 5028 2 5055 24 5083 34 5132 60 5195 19 5249 24 5278 3 5284 7 5312 9 5322 11 5334 2 5338 38 5389 80 5505 25 5540 7 5569 7 5579 8 5589 43 5646 78 5760 26 5798 5 5825 6 5836 6 5846 42 5899 81 6014 28 6068 2 6082 4 6092 7 6102 42 6154 81 6269 29 6324 4 6339 1 6347 9 6358 42 6409 6 6418 73 6524 20 6545 9 6582 2 6602 54 6666 5 6680 66 6780 20 6801 9 6812 3 6838 2 6858 54 6923 2 6930 72 7036 20 7057 12 7096 1 7113 55 7185 72 7292 33 7369 55 7439 74 7548 36 7625 55 7694 16 7713 55 7804 28 7833 7 7876 4 7881 55 7939 3 7949 15 7968 55 8061 23 8088 9 8132 3 8138 54 8194 7 8204 15 8224 53 8317 22 8344 9 8388 3 8393 55 8451 24 8479 54 8574 20 8600 10 8644 60 8707 23 8735 54 8831 19 8857 9 8874 3 8899 61 8962 23 8991 53 9087 19 9113 9 9130 3 9156 60 9217 24 9247 31 9281 19 9343 18 9368 11 9386 2 9412 3 9416 80 9504 29 9538 17 9562 3 9598 19 9622 13 9665 5 9672 79 9760 28 9795 16 9817 4 9854 18 9878 13 9920 6 9928 6 9936 63 10002 4 10017 27 10050 16 10072 7 10111 16 10133 13 10177 4 10183 6 10192 63 10273 27 10304 17 10328 8 10368 9 10389 13 10434 2 10439 5 10449 47 10500 11 10529 21 10551 23 10580 13 10624 8 10643 15 10690 10 10706 46 10757 13 10785 16 10807 19 10835 15 10879 9 10894 1 10898 12 10947 9 10963 45 11015 13 11042 10 11063 16 11092 15 11135 9 11148 12 11162 4 11205 7 11219 2 11222 3 11226 38 11272 13 11299 9 11319 15 11347 19 11391 9 11404 12 11418 4 11462 6 11474 2 11482 38 11528 13 11556 7 11574 7 11586 1 11603 20 11647 25 11674 4 11719 2 11729 3 11739 38 11785 12 11814 4 11829 8 11858 21 11903 25 11930 5 11961 1 11984 4 11993 43 12044 9 12085 8 12113 21 12159 25 12186 5 12217 2 12231 1 12239 5 12248 48 12301 8 12340 9 12367 23 12396 2 12404 3 12415 25 12442 3 12473 3 12487 1 12495 3 12504 48 12557 8 12596 9 12622 23 12651 4 12658 8 12672 29 12730 3 12750 3 12761 47 12814 6 12852 9 12877 23 12907 19 12929 28 12987 3 13005 4 13017 46 13071 4 13109 8 13120 1 13132 25 13164 51 13222 4 13244 2 13261 4 13275 43 13366 13 13388 26 13420 52 13476 7 13501 5 13517 4 13531 42 13627 8 13643 27 13676 51 13732 7 13757 5 13773 3 13786 38 13830 2 13884 7 13899 27 13932 51 13988 8 14013 6 14030 1 14041 39 14085 5 14142 1 14154 29 14188 39 14234 4 14244 8 14269 6 14279 6 14289 1 14296 40 14341 6 14410 29 14443 35 14491 1 14501 7 14524 17 14544 3 14548 44 14597 6 14665 30 14699 35 14760 3 14777 20 14801 47 14853 5 14920 31 14953 36 15033 21 15058 46 15110 2 15175 71 15289 21 15315 45 15430 72 15545 21 15571 45 15686 72 15793 3 15802 20 15828 44 15941 73 16036 1 16048 5 16062 16 16085 43 16198 72 16292 1 16303 30 16342 42 16454 72 16548 2 16557 30 16599 41 16712 1 16717 66 16812 28 16844 7 16855 41 16973 66 17067 25 17100 11 17115 37 17230 65 17323 5 17330 17 17351 1 17355 12 17370 6 17381 29 17486 66 17580 4 17590 13 17607 1 17610 13 17624 6 17639 33 17742 65 17846 13 17862 13 17882 5 17893 36 17997 23 18021 37 18059 4 18102 27 18138 5 18147 8 18156 13 18171 14 18254 64 18359 25 18394 6 18402 9 18412 3 18416 9 18426 3 18430 11 18510 50 18565 8 18615 25 18649 8 18658 9 18674 7 18682 2 18688 8 18767 49 18821 8 18872 23 18906 15 18930 7 18944 8 19025 47 19077 9 19128 22 19163 13 19186 7 19200 7 19281 46 19332 10 19372 4 19384 24 19423 2 19431 1 19444 2 19456 5 19537 46 19588 9 19614 2 19618 2 19626 6 19640 25 19701 1 19712 4 19792 46 19845 9 19862 1 19868 8 19880 10 19895 6 19905 20 19968 4 20048 46 20101 9 20116 4 20123 23 20149 7 20163 20 20224 3 20304 47 20358 2 20361 5 20372 31 20404 7 20420 19 20480 2 20560 30 20595 13 20619 4 20628 39 20676 6 20687 8 20706 2 20815 31 20852 13 20876 2 20886 10 20900 23 20932 6 20944 8 20962 12 21069 34 21109 13 21124 1 21132 2 21146 6 21157 21 21187 10 21201 8 21218 12 21324 35 21365 17 21400 8 21413 14 21429 5 21443 13 21461 4 21474 12 21579 37 21621 18 21648 2 21651 2 21656 8 21670 12 21698 15 21718 4 21730 12 21835 37 21876 20 21912 6 21923 14 21954 15 21975 4 21986 12 22091 37 22132 22 22156 1 22168 3 22178 14 22209 17 22231 6 22242 13 22348 35 22388 27 22433 16 22466 16 22488 5 22498 12 22528 5 22537 9 22604 34 22643 28 22689 16 22722 17 22744 6 22754 3 22758 8 22782 9 22793 11 22861 31 22899 28 22936 4 22945 16 22979 17 23001 6 23011 1 23015 8 23036 25 23117 29 23155 23 23191 5 23200 7 23209 9 23237 16 23258 6 23273 7 23291 29 23374 27 23411 15 23427 8 23447 6 23455 8 23466 8 23493 15 23515 10 23529 6 23547 3 23552 26 23630 26 23666 16 23683 9 23703 14 23724 6 23749 15 23771 10 23784 6 23808 28 23887 25 23921 15 23939 8 23960 13 24005 15 24030 11 24042 6 24064 29 24143 25 24176 12 24195 7 24218 11 24261 15 24287 10 24299 7 24320 29 24399 26 24431 12 24452 6 24474 9 24516 16 24543 9 24555 6 24576 30 24656 42 24711 3 24730 8 24772 17 24799 9 24815 1 24832 13 24846 17 24910 44 24966 4 24986 9 24999 4 25009 3 25029 17 25055 6 25088 12 25104 15 25161 49 25222 4 25228 1 25243 9 25254 6 25263 7 25285 18 25310 7 25321 1 25344 12 25361 15 25416 51 25477 10 25501 3 25506 2 25509 17 25542 17 25565 15 25600 11 25618 19 25671 52 25732 13 25762 21 25799 16 25820 18 25856 10 25875 20 25927 53 25988 14 26004 2 26019 19 26061 10 26076 19 26112 9 26131 21 26179 3 26183 54 26244 19 26276 18 26319 7 26333 18 26368 9 26387 22 26434 60 26499 7 26509 12 26533 16 26577 3 26589 18 26624 8 26644 23 26690 61 26755 6 26766 11 26789 15 26845 18 26880 6 26899 25 26945 73 27021 16 27044 14 27084 3 27101 16 27136 3 27155 26 27201 73 27276 18 27300 12 27338 6 27357 12 27412 27 27454 76 27532 6 27539 15 27556 12 27594 6 27613 10 27668 28 27709 115 27849 7 27870 3 27924 29 27965 114 28104 8 28182 1 28184 26 28220 114 28360 7 28441 26 28476 6 28485 103 28616 7 28698 26 28732 6 28743 99 28872 7 28955 2 28960 21 28988 5 28998 64 29065 3 29071 23 29117 3 29129 6 29218 21 29243 6 29254 63 29328 22 29358 7 29371 7 29387 2 29475 20 29499 7 29509 64 29584 24 29612 10 29626 8 29732 20 29753 9 29765 64 29840 40 29881 9 29989 19 30009 77 30095 51 30245 19 30266 77 30351 50 30502 18 30525 11 30540 60 30607 49 30759 17 30785 6 30797 26 30825 15 30850 6 30862 33 30900 11 30945 3 31016 16 31044 1 31053 25 31082 16 31110 1 31118 33 31157 10 31201 4 31273 14 31290 1 31310 24 31338 8 31350 7 31375 30 31415 13 31456 5 31524 3 31529 19 31566 24 31593 9 31605 9 31631 29 31671 15 31713 3 31741 3 31780 4 31785 20 31821 37 31860 14 31887 29 31928 14 31969 2 31995 5 32036 4 32043 18 32080 34 32115 15 32141 30 32183 15 32250 6 32292 4 32300 5 32308 8 32337 23 32361 26 32396 30 32437 17 32456 4 32497 3 32506 6 32548 4 32567 4 32593 51 32651 31 32692 25 32752 6 32761 7 32806 1 32850 40 32891 9 32907 32 32943 31 33008 16 33106 50 33162 58 33221 9 33263 17 33362 50 33417 57 33477 9 33516 20 33617 37 33655 12 33671 58 33733 9 33771 21 33859 2 33868 42 33911 3 33915 8 33926 58 33988 10 34026 22 34115 2 34123 42 34168 1 34172 6 34181 60 34244 9 34283 21 34356 3 34371 2 34378 42 34436 16 34456 51 34524 4 34539 21 34610 5 34634 43 34680 1 34691 17 34713 50 34771 3 34780 5 34794 22 34853 2 34864 8 34889 45 34936 2 34944 21 34972 47 35026 5 35036 7 35049 23 35108 4 35118 10 35145 50 35200 22 35230 48 35280 8 35292 36 35363 6 35372 13 35401 14 35419 34 35456 23 35487 58 35548 36 35618 23 35654 16 35675 21 35698 12 35711 25 35743 60 35805 35 35869 28 35909 15 35932 20 35955 37 35999 33 36036 24 36063 33 36124 30 36156 3 36164 14 36188 21 36211 37 36255 19 36278 9 36293 23 36320 32 36380 53 36444 61 36511 18 36536 6 36550 12 36564 9 36577 31 36629 3 36636 52 36700 62 36767 16 36808 9 36820 9 36833 31 36882 9 36893 50 36957 62 37022 16 37066 7 37077 10 37089 31 37136 63 37213 62 37278 16 37322 6 37333 43 37390 65 37469 79 37579 5 37589 43 37645 67 37726 62 37789 13 37836 4 37845 43 37900 68 37983 4 37991 52 38045 12 38092 4 38102 42 38157 68 38248 50 38302 12 38350 2 38358 7 38368 32 38413 68 38505 28 38536 18 38558 13 38615 5 38624 32 38670 67 38761 28 38793 17 38814 14 38872 2 38881 31 38927 4 38936 56 39020 25 39053 13 39071 15 39138 30 39193 53 39268 1 39280 21 39310 11 39327 15 39394 30 39450 52 39522 4 39537 20 39567 9 39583 16 39650 30 39706 51 39778 5 39793 20 39824 8 39839 16 39904 32 39962 50 40033 7 40050 18 40082 4 40096 15 40159 33 40210 3 40218 49 40289 7 40306 18 40353 14 40414 34 40465 6 40474 47 40545 8 40564 14 40612 10 40669 35 40720 9 40731 44 40802 7 40822 5 40831 2 40870 7 40925 35 40976 10 40987 40 41059 7 41072 1 41128 2 41182 34 41232 10 41246 35 41316 6 41326 5 41438 34 41488 10 41508 30 41573 16 41695 33 41741 13 41765 29 41830 16 41951 33 41996 14 42021 28 42086 16 42207 33 42252 13 42278 27 42342 17 42421 3 42463 33 42509 11 42534 8 42545 16 42598 17 42676 6 42720 32 42766 9 42791 7 42802 14 42854 17 42932 7 42940 2 42976 32 43023 7 43048 5 43059 13 43110 18 43188 11 43232 32 43279 7 43305 3 43315 12 43366 18 43444 12 43487 33 43533 10 43570 12 43623 17 43700 12 43743 33 43789 10 43825 9 43879 17 43956 13 43998 34 44044 15 44077 2 44081 8 44136 16 44212 13 44255 4 44263 25 44292 3 44300 15 44333 12 44392 16 44468 13 44512 2 44519 25 44547 5 44556 15 44589 11 44649 16 44724 13 44776 24 44801 7 44812 14 44846 9 44905 16 44980 13 45007 2 45032 32 45068 13 45102 9 45162 15 45235 14 45261 6 45288 33 45324 12 45360 5 45419 14 45491 15 45515 8 45544 34 45580 10 45618 1 45676 13 45747 21 45770 10 45800 35 45836 9 45933 11 46002 34 46056 4 46063 29 46093 7 46190 9 46259 36 46312 4 46322 26 46350 5 46447 7 46515 37 46569 3 46582 22 46704 5 46772 36 46840 20 46960 5 47028 36 47098 17 47216 7 47284 35 47357 14 47472 9 47540 34 47615 11 47727 12 47796 12 47810 15 47872 9 47982 16 48052 12 48068 11 48128 8 48239 17 48308 11 48330 4 48384 7 48496 17 48565 9 48640 7 48753 16 48827 2 48896 7 49010 14 49152 7 49267 8 49408 7 49664 5 49920 3 50176 2 50313 7 50371 3 50422 4 50567 11 50582 5 50626 5 50676 7 50822 23 50880 16 50928 12 51078 24 51104 8 51136 17 51160 2 51184 13 51334 39 51375 5 51391 18 51414 5 51440 13 51591 46 51641 24 51668 7 51696 14 51847 74 51924 7 51953 13 52103 74 52179 8 52209 13 52360 73 52435 8 52466 12 52616 84 52722 11 52873 84 52960 5 52978 11 53129 93 53234 11 53384 94 53490 12 53640 94 53747 11 53890 100 54004 11 54143 69 54217 29 54260 12 54390 76 54480 21 54516 12 54645 77 54736 21 54772 12 54900 78 54989 24 55027 13 55156 68 55226 8 55244 25 55283 13 55412 59 55472 7 55483 6 55500 24 55538 14 55667 60 55730 4 55740 5 55756 24 55794 14 55924 58 56012 24 56050 14 56180 58 56268 24 56306 14 56437 57 56525 24 56562 14 56693 58 56782 24 56818 14 56916 1 56950 57 57039 23 57073 15 57170 5 57215 52 57279 4 57296 23 57328 16 57424 8 57471 53 57533 6 57553 22 57578 22 57679 9 57727 55 57788 7 57810 6 57819 11 57833 23 57935 10 57982 57 58044 8 58065 6 58076 10 58088 24 58190 11 58238 60 58299 10 58312 2 58318 8 58334 7 58344 24 58444 18 58494 88 58592 5 58601 23 58698 22 58750 88 58849 2 58858 22 58952 25 59006 88 59114 22 59207 27 59262 88 59370 22 59463 27 59518 89 59613 5 59626 22 59719 27 59775 100 59881 23 59975 27 60032 103 60136 21 60231 28 60290 122 60488 30 60546 121 60744 10 60756 19 60802 57 60860 4 60869 1 60873 49 61000 31 61057 61 61129 46 61254 10 61265 22 61313 60 61385 44 61502 1 61508 10 61521 22 61569 58 61641 44 61755 16 61776 23 61825 57 61897 44 62008 19 62031 22 62082 56 62153 46 62264 20 62287 15 62304 3 62340 54 62409 48 62520 20 62544 15 62597 54 62665 48 62760 2 62775 21 62800 15 62854 53 62920 50 63016 1 63032 19 63057 15 63083 2 63110 53 63173 53 63288 19 63314 15 63337 5 63367 53 63424 58 63543 21 63571 14 63592 7 63623 53 63680 57 63798 22 63828 14 63848 8 63879 53 63934 4 63939 32 63972 19 64053 23 64085 13 64104 8 64135 59 64195 52 64308 25 64341 12 64360 8 64391 59 64451 53 64564 25 64597 12 64616 7 64648 56 64707 53 64819 26 64854 10 64873 6 64904 56 64963 54 65075 26 65110 5 65130 5 65163 48 65219 55 65330 27 65422 44 65474 56
136374,0 234 238 253 494 511 1007 255 1265 64271
142027,0 1 31 19 70 42 115 29 287 17 327 41 373 28 544 15 583 40 632 25 805 10 840 31 889 24 1061 10 1094 31 1146 23 1318 8 1350 31 1403 22 1574 8 1606 30 1660 20 1832 4 1861 31 1917 19 2117 30 2173 19 2373 30 2430 18 2629 29 2686 19 2874 1 2880 1 2885 29 2943 18 3129 3 3135 4 3142 14 3161 8 3205 13 3282 4 3385 2 3392 3 3401 11 3419 5 3463 11 3538 4 3640 3 3649 3 3657 11 3676 1 3719 11 3793 5 3896 2 3904 4 3912 13 3975 12 4049 6 4116 2 4152 1 4160 4 4167 14 4231 12 4305 6 4371 4 4416 21 4488 11 4561 7 4628 3 4672 21 4746 8 4818 6 4926 25 5004 5 5074 6 5182 26 5233 4 5330 6 5438 2 5443 22 5488 5 5587 5 5646 3 5700 21 5743 7 5844 3 5901 5 5956 21 5986 6 5999 6 6156 6 6213 20 6240 9 6255 6 6412 6 6469 11 6482 7 6496 9 6513 2 6670 4 6725 10 6739 6 6751 10 6982 8 6996 3 7007 10 7239 6 7252 3 7264 9 7508 3 7520 9 7680 1 7763 5 7777 10 7936 1 8019 6 8033 12 8192 2 8274 7 8290 12 8448 6 8531 6 8546 12 8704 6 8787 5 8802 13 8933 7 8960 6 9038 1 9044 1 9058 13 9186 10 9216 5 9292 3 9315 12 9439 14 9472 5 9549 2 9572 11 9694 15 9710 2 9728 3 9829 9 9949 16 9966 5 9984 2 10085 8 10205 14 10222 6 10240 1 10342 7 10460 15 10479 6 10599 5 10716 15 10741 1 10856 3 10969 18 10989 1 10997 1 11003 5 11223 23 11253 1 11259 5 11326 2 11478 13 11492 11 11509 2 11514 6 11582 1 11730 14 11748 11 11769 7 11826 3 11837 2 11984 15 12005 11 12025 7 12081 6 12093 2 12240 15 12262 11 12277 2 12280 8 12336 7 12348 3 12496 15 12518 13 12532 10 12593 6 12606 1 12755 12 12774 22 12850 5 12862 2 13013 10 13030 19 13148 1 13268 11 13283 21 13345 2 13403 3 13513 2 13523 12 13539 20 13600 4 13660 2 13769 2 13779 12 13795 20 13855 7 13916 1 14025 2 14034 12 14051 20 14110 10 14290 11 14308 18 14330 5 14366 15 14545 12 14564 17 14585 6 14622 15 14801 12 14820 15 14839 2 14842 6 14877 16 15056 12 15076 14 15095 2 15098 6 15134 15 15170 3 15312 13 15336 10 15351 2 15354 5 15390 13 15425 5 15568 13 15594 8 15609 5 15632 4 15646 10 15681 5 15824 13 15850 7 15865 3 15887 6 15901 10 15936 7 16080 13 16107 6 16143 6 16157 8 16192 8 16336 13 16363 1 16366 3 16398 6 16413 7 16447 11 16591 15 16654 5 16668 8 16703 14 16847 14 16903 4 16909 6 16924 8 16934 3 16950 1 16958 18 17103 13 17138 2 17159 6 17167 2 17179 15 17204 5 17213 20 17360 12 17395 1 17412 1 17415 6 17432 18 17458 32 17616 12 17635 3 17673 5 17686 20 17713 33 17871 13 17891 4 17930 4 17940 21 17969 33 18006 3 18127 8 18147 5 18187 4 18193 24 18225 6 18233 25 18261 4 18384 4 18404 3 18444 3 18448 24 18481 5 18490 24 18515 7 18649 1 18702 27 18747 31 18958 27 19003 5 19011 24 19214 26 19260 2 19270 21 19469 26 19527 20 19725 27 19753 2 19784 18 19981 30 20041 16 20236 19 20259 6 20298 15 20491 19 20516 5 20554 14 20747 19 20811 13 21001 20 21067 13 21092 1 21252 26 21310 1 21323 12 21348 1 21507 30 21553 4 21564 5 21580 11 21603 3 21763 30 21807 6 21819 6 21836 9 21859 4 22019 31 22061 9 22074 8 22094 5 22115 5 22276 30 22314 11 22330 8 22373 3 22532 30 22569 12 22585 9 22629 3 22788 30 22824 13 22841 9 22886 1 22892 1 23038 2 23044 30 23080 14 23096 10 23147 5 23291 5 23301 29 23339 11 23351 10 23403 6 23547 5 23558 6 23565 13 23579 8 23597 19 23645 2 23660 5 23803 5 23825 18 23855 16 23901 2 23916 6 23924 3 24062 2 24085 14 24112 15 24157 2 24172 13 24318 2 24342 13 24370 13 24429 13 24571 2 24574 2 24600 3 24604 7 24627 11 24685 14 24827 5 24862 4 24887 3 24891 2 24924 1 24935 2 24941 14 25083 5 25180 1 25191 3 25197 15 25338 6 25448 19 25594 6 25705 18 25851 5 25960 17 26107 3 26216 8 26225 7 26258 2 26363 2 26473 7 26483 5 26513 2 26639 3 26729 7 26740 3 26767 3 26774 3 26894 5 26985 8 27022 2 27031 3 27150 6 27241 8 27275 4 27288 2 27352 4 27406 7 27496 9 27530 4 27545 1 27607 5 27662 8 27752 8 27786 4 27863 5 27887 3 27918 10 28008 7 28042 4 28119 7 28143 14 28174 12 28206 1 28209 3 28264 2 28297 5 28318 4 28375 10 28398 18 28430 12 28461 11 28506 1 28553 5 28575 2 28632 9 28654 18 28686 12 28708 3 28714 16 28759 4 28809 5 28889 7 28910 18 28942 12 28964 23 29014 5 29065 5 29146 7 29165 19 29198 12 29220 23 29270 5 29284 1 29320 6 29402 8 29421 19 29454 12 29476 24 29526 5 29540 1 29576 6 29659 9 29677 19 29710 11 29733 3 29737 14 29753 3 29784 1 29796 1 29832 5 29915 12 29933 19 29965 11 29994 10 30005 2 30010 1 30088 5 30170 12 30189 8 30198 10 30221 10 30251 9 30280 1 30344 5 30367 2 30423 14 30445 7 30454 10 30477 9 30507 11 30536 1 30601 4 30623 2 30679 13 30701 6 30710 10 30734 7 30762 13 30791 1 30802 1 30857 4 30933 15 30957 5 30966 10 30990 6 31019 11 31047 2 31114 3 31189 15 31215 1 31222 10 31248 3 31275 11 31303 2 31370 3 31390 2 31445 15 31479 9 31532 10 31559 2 31628 1 31701 15 31736 8 31789 9 31815 2 31958 15 31992 8 32045 9 32071 2 32214 16 32249 7 32302 8 32327 2 32471 16 32505 7 32558 8 32584 1 32727 16 32761 7 32815 6 32905 1 32907 6 32943 4 32983 16 33017 7 33072 5 33161 9 33240 14 33274 5 33328 4 33419 8 33496 13 33585 3 33676 8 33753 11 33841 2 33932 8 33959 4 33974 5 34010 8 34096 3 34188 8 34201 1 34211 8 34230 4 34266 9 34349 5 34368 1 34445 9 34455 6 34465 10 34522 10 34604 7 34623 2 34700 17 34721 10 34777 12 34860 8 34877 5 34956 16 34976 10 35033 13 35117 8 35131 6 35206 4 35211 16 35233 8 35289 13 35374 18 35416 1 35459 21 35489 8 35544 14 35632 15 35670 5 35704 3 35715 22 35745 8 35758 2 35800 13 35890 6 35897 5 35925 7 35959 4 35970 23 36001 8 36012 5 36054 14 36153 4 36180 9 36215 4 36226 24 36257 9 36268 5 36308 16 36410 1 36436 9 36471 3 36482 25 36512 17 36561 18 36691 11 36738 25 36767 18 36791 4 36817 18 36944 14 36994 25 37023 17 37047 5 37063 7 37073 17 37198 16 37250 25 37279 17 37303 6 37318 9 37330 16 37454 15 37478 7 37506 23 37536 16 37560 7 37573 10 37586 15 37710 15 37730 12 37762 23 37792 16 37816 8 37829 10 37842 15 37967 13 37983 15 38021 21 38048 17 38072 8 38085 10 38098 15 38222 32 38277 21 38303 8 38314 8 38327 9 38341 20 38363 7 38478 32 38534 20 38556 11 38571 7 38583 8 38597 20 38620 6 38732 7 38742 24 38790 34 38827 7 38839 7 38854 18 38877 3 38986 7 38999 23 39046 43 39095 7 39110 17 39241 8 39255 23 39302 43 39351 6 39367 15 39495 8 39510 23 39557 43 39608 5 39625 13 39748 10 39765 24 39813 39 39865 3 39883 10 39917 2 40003 11 40019 27 40069 38 40142 6 40169 8 40258 11 40275 28 40325 37 40424 10 40513 11 40530 31 40581 37 40674 16 40769 11 40785 32 40837 36 40928 18 41030 5 41041 33 41094 35 41183 19 41287 4 41295 35 41350 35 41439 18 41543 7 41551 35 41607 34 41695 16 41799 37 41837 5 41863 34 41952 15 42055 35 42120 33 42209 16 42309 36 42354 3 42376 32 42465 19 42562 38 42610 4 42631 33 42721 20 42819 37 42865 7 42887 34 42960 3 42975 23 43076 35 43121 8 43143 34 43216 4 43226 28 43332 35 43378 7 43397 37 43471 5 43480 30 43589 33 43634 8 43650 40 43727 6 43735 31 43846 20 43867 10 43893 5 43904 41 43983 28 44012 10 44102 19 44125 6 44152 46 44239 38 44359 18 44382 3 44409 42 44495 38 44616 17 44638 1 44665 42 44751 38 44872 16 44921 41 45007 38 45128 16 45177 23 45205 13 45262 38 45385 14 45434 21 45462 12 45518 38 45645 9 45691 20 45718 10 45774 38 45902 8 45948 19 45976 7 46030 37 46159 6 46203 20 46234 1 46287 36 46454 1 46459 20 46544 35 46717 17 46801 39 46973 17 47057 40 47229 16 47316 38 47485 16 47582 4 47590 20 47712 9 47739 16 47847 19 47966 11 47995 13 48103 19 48222 12 48251 11 48359 19 48477 14 48508 8 48615 19 48732 15 48765 5 48837 2 48870 19 48988 14 49093 3 49126 18 49244 13 49349 2 49381 19 49501 9 49605 1 49637 17 49757 9 49861 1 49893 17 50012 11 50034 2 50037 4 50149 17 50268 11 50289 8 50405 17 50523 13 50546 7 50661 17 50778 8 50787 6 50802 7 50911 3 50918 15 51034 6 51043 7 51058 2 51061 5 51167 4 51175 14 51290 5 51300 6 51314 6 51423 4 51432 13 51546 4 51556 6 51566 1 51570 5 51679 4 51689 12 51802 3 51814 6 51821 7 51935 4 51945 12 52058 2 52072 12 52191 3 52201 11 52335 4 52448 2 52457 11 52714 10 52971 8 53228 6 53486 4 53510 4 53563 7 53765 7 53816 13 54017 2 54020 9 54071 15 54277 9 54326 17 54510 4 54533 10 54570 2 54576 1 54580 19 54739 5 54765 6 54789 10 54825 31 54993 8 55021 7 55043 13 55067 3 55081 32 55248 10 55276 8 55298 15 55320 7 55337 32 55504 10 55532 8 55554 15 55576 8 55593 32 55759 11 55788 6 55809 16 55831 10 55849 33 56015 12 56044 2 56064 17 56087 12 56105 33 56271 12 56320 19 56342 15 56361 34 56528 11 56576 20 56597 54 56784 11 56832 75 57043 7 57088 54 57144 19 57300 6 57344 54 57400 18 57557 4 57601 53 57655 18 57813 3 57857 69 58112 69 58368 70 58624 70 58805 3 58822 2 58880 70 59060 4 59073 9 59137 70 59316 8 59328 11 59393 70 59571 25 59651 68 59826 27 59908 67 60082 27 60165 66 60338 28 60418 69 60592 30 60673 70 60847 11 60860 5 60866 12 60929 70 61071 3 61102 10 61122 12 61184 71 61326 5 61357 10 61378 12 61445 67 61582 6 61613 9 61632 15 61704 64 61838 7 61860 1 61870 7 61886 17 61961 64 62094 7 62115 4 62128 3 62142 17 62218 63 62351 6 62370 6 62398 18 62476 1 62479 7 62491 47 62608 5 62625 7 62654 18 62739 3 62749 46 62880 8 62911 7 62922 6 62976 3 63005 46 63134 10 63178 5 63232 7 63261 47 63390 10 63434 3 63488 7 63517 47 63645 11 63744 6 63775 46 63901 11 63918 4 64000 6 64029 33 64063 13 64156 12 64174 4 64256 6 64283 35 64320 12 64412 12 64430 4 64512 7 64538 1 64545 27 64576 11 64668 13 64686 4 64768 8 64793 2 64804 23 64833 9 64923 15 64942 4 65024 9 65049 2 65061 19 65088 9 65179 15 65197 5 65280 9 65306 1 65318 1 65321 13 65344 7 65435 15 65453 5
143150,0 65536
144284,37 15 156 13 191 18 219 21 251 5 293 16 412 13 448 17 476 21 504 8 551 14 668 13 704 17 732 21 757 11 809 12 923 14 960 17 988 36 1067 10 1179 14 1217 16 1244 36 1329 3 1435 14 1473 15 1490 6 1500 11 1514 22 1538 3 1691 13 1731 13 1746 6 1754 12 1771 27 1948 12 1988 31 2028 27 2204 11 2244 30 2284 27 2458 13 2500 30 2541 27 2671 4 2713 13 2756 30 2798 26 2835 3 2926 7 2968 12 3012 17 3030 12 3055 25 3085 10 3181 9 3224 11 3251 4 3269 16 3286 12 3312 25 3339 13 3430 18 3480 11 3506 6 3527 27 3570 38 3683 24 3736 10 3762 7 3784 25 3828 7 3839 25 3938 27 3992 10 4019 6 4039 19 4060 4 4085 5 4098 22 4192 30 4248 10 4275 5 4295 18 4317 1 4356 20 4446 32 4504 10 4533 2 4549 21 4612 20 4701 34 4760 9 4804 22 4868 19 4957 34 5012 13 5060 23 5124 19 5213 34 5268 13 5315 26 5380 17 5469 34 5524 12 5571 27 5639 14 5724 34 5780 12 5826 28 5895 15 5980 33 6036 12 6082 29 6151 16 6188 4 6236 32 6292 12 6338 29 6407 4 6413 11 6443 6 6491 31 6548 12 6594 28 6664 1 6671 9 6699 6 6747 30 6803 14 6850 28 6927 9 6955 7 6963 5 7003 28 7056 18 7106 28 7146 2 7183 9 7201 3 7211 13 7259 26 7311 19 7362 28 7400 5 7424 1 7439 9 7456 5 7467 14 7515 25 7566 20 7620 26 7656 5 7680 2 7695 8 7712 7 7722 14 7772 23 7822 20 7876 26 7912 6 7936 2 7952 7 7968 23 8028 18 8078 21 8132 26 8167 7 8192 1 8208 6 8224 23 8254 3 8284 11 8298 2 8333 22 8388 25 8424 5 8464 5 8485 18 8510 4 8540 10 8556 4 8589 22 8644 24 8680 5 8720 5 8742 17 8765 5 8795 11 8812 5 8845 23 8899 24 8937 1 8955 1 8977 4 8999 16 9022 4 9050 10 9067 6 9101 23 9155 24 9208 5 9234 3 9246 1 9256 6 9265 6 9278 3 9305 10 9322 7 9357 23 9410 24 9459 11 9490 5 9512 6 9522 5 9561 24 9613 22 9666 24 9714 13 9747 5 9762 1 9767 6 9780 2 9817 7 9825 17 9843 3 9869 21 9922 24 9969 14 10004 5 10023 6 10074 6 10081 22 10126 18 10179 14 10196 4 10227 13 10261 5 10278 7 10332 1 10337 22 10384 14 10435 14 10487 9 10518 3 10533 8 10593 23 10642 11 10691 13 10743 9 10775 2 10788 8 10849 29 10899 10 10947 11 10999 11 11029 9 11044 6 11105 30 11156 8 11203 9 11255 13 11271 2 11279 4 11284 11 11300 5 11360 31 11413 6 11459 8 11511 19 11531 20 11555 6 11616 31 11715 8 11768 40 11811 6 11872 31 11971 8 12024 49 12127 32 12174 1 12219 3 12227 8 12282 15 12299 30 12383 17 12403 11 12429 3 12473 6 12484 6 12541 9 12556 30 12639 14 12659 13 12685 3 12727 9 12743 1 12800 2 12813 29 12895 13 12915 16 12942 1 12981 11 13070 28 13150 14 13170 19 13234 13 13327 27 13403 17 13424 22 13489 14 13583 27 13652 24 13679 23 13744 15 13841 25 13907 25 13934 24 13990 2 14000 15 14080 1 14100 23 14163 52 14244 7 14255 17 14336 2 14357 23 14418 53 14499 30 14592 2 14613 24 14674 53 14755 29 14848 3 14869 24 14929 55 15010 30 15104 3 15127 23 15174 5 15182 57 15265 31 15360 2 15384 23 15429 66 15520 32 15616 2 15641 22 15682 68 15775 33 15872 1 15897 22 15936 70 16031 32 16121 4 16154 21 16192 70 16286 32 16376 5 16412 18 16448 70 16542 31 16632 5 16672 13 16703 71 16798 31 16888 5 16929 11 16958 71 17053 31 17145 3 17186 11 17214 71 17310 30 17418 3 17442 11 17469 71 17551 4 17568 28 17674 3 17699 11 17725 71 17806 5 17825 27 17956 10 17982 71 18061 7 18081 26 18212 10 18238 73 18317 6 18337 24 18423 1 18468 11 18494 7 18503 65 18573 6 18594 22 18678 4 18724 10 18749 9 18759 66 18829 5 18851 21 18935 2 18981 9 19004 10 19015 67 19085 5 19108 19 19191 1 19200 1 19237 8 19260 78 19342 3 19368 16 19456 2 19469 6 19494 6 19515 79 19625 15 19712 3 19725 6 19751 6 19773 5 19779 71 19881 16 19968 3 19981 7 20009 11 20030 1 20037 69 20137 16 20224 3 20238 5 20264 13 20286 2 20293 68 20393 16 20480 3 20496 2 20520 13 20542 3 20548 69 20648 17 20737 2 20775 14 20798 74 20904 16 20995 2 21031 15 21054 73 21159 17 21251 3 21286 17 21310 74 21415 17 21507 6 21542 17 21566 74 21671 17 21763 7 21798 18 21823 73 21927 16 22019 7 22054 18 22080 72 22184 15 22276 5 22286 3 22311 18 22337 31 22372 28 22401 7 22441 13 22533 3 22541 4 22567 18 22594 27 22629 27 22660 2 22699 11 22790 1 22797 4 22823 18 22852 24 22889 24 22915 3 22957 8 23053 4 23078 20 23110 21 23147 5 23155 18 23177 3 23308 4 23333 20 23366 21 23411 27 23562 6 23589 20 23623 20 23668 31 23816 8 23844 20 23878 20 23924 32 24070 10 24099 20 24132 22 24178 35 24325 11 24355 19 24384 25 24428 3 24434 35 24580 12 24611 19 24638 25 24683 41 24791 3 24837 11 24868 17 24894 23 24938 24 24963 16 25047 4 25094 9 25124 17 25149 24 25193 25 25220 13 25302 6 25350 8 25381 16 25405 21 25447 27 25476 17 25557 6 25606 7 25637 15 25660 21 25702 28 25733 17 25813 6 25862 7 25896 12 25916 21 25957 50 26068 7 26118 8 26155 8 26171 21 26213 14 26230 1 26236 28 26324 7 26374 9 26413 5 26425 22 26470 12 26486 2 26492 28 26579 7 26617 1 26628 12 26680 11 26694 7 26726 11 26742 3 26749 16 26768 8 26835 7 26871 6 26883 13 26935 20 26982 10 26997 4 27006 2 27009 9 27024 9 27091 7 27125 8 27139 12 27191 17 27238 10 27252 5 27267 5 27280 10 27347 7 27379 11 27395 12 27446 19 27495 8 27507 5 27536 10 27604 6 27634 12 27652 10 27702 19 27751 8 27763 5 27793 9 27861 8 27890 13 27908 9 27958 20 28008 5 28021 3 28034 1 28046 12 28117 10 28145 14 28164 9 28214 20 28264 5 28278 1 28290 1 28302 12 28373 11 28397 19 28419 9 28471 19 28520 4 28534 1 28557 13 28629 11 28652 20 28675 8 28728 18 28776 3 28789 2 28812 13 28885 11 28905 23 28931 8 28949 2 28985 17 29032 3 29045 4 29067 4 29073 7 29141 11 29161 23 29185 10 29204 4 29242 15 29287 4 29301 5 29322 3 29330 5 29397 10 29417 33 29460 4 29498 14 29543 2 29557 5 29579 3 29654 9 29672 33 29717 2 29754 6 29798 3 29813 6 29822 1 29835 4 29911 7 29927 25 29953 6 30011 4 30051 4 30068 7 30092 3 30168 6 30182 26 30209 2 30273 3 30306 4 30324 7 30349 1 30425 4 30438 25 30465 3 30527 6 30561 5 30580 6 30606 2 30683 1 30694 24 30722 5 30782 8 30816 4 30836 4 30862 3 30949 25 30978 7 31037 10 31083 2 31093 2 31118 3 31205 25 31235 6 31293 16 31338 6 31375 3 31460 26 31488 9 31548 18 31593 7 31632 1 31716 26 31744 9 31804 19 31849 7 31971 27 32000 9 32060 20 32105 7 32146 1 32155 4 32226 27 32256 9 32316 21 32361 7 32402 3 32409 6 32482 23 32512 10 32572 21 32617 6 32657 5 32664 7 32737 23 32768 12 32829 20 32868 1 32873 4 32911 15 32993 23 33024 13 33086 19 33123 3 33150 1 33165 16 33249 23 33280 14 33343 18 33378 4 33406 2 33421 16 33505 23 33536 14 33599 19 33635 2 33679 2 33686 7 33761 24 33792 14 33856 19 33943 6 34018 23 34048 15 34112 19 34200 5 34275 22 34304 15 34368 19 34456 5 34532 21 34560 15 34626 16 34713 2 34788 21 34816 17 34883 14 35044 20 35072 16 35141 10 35300 20 35328 15 35399 3 35428 1 35557 18 35584 15 35684 2 35813 17 35840 16 35940 2 36071 14 36096 16 36182 4 36330 10 36352 15 36436 9 36587 8 36608 15 36691 11 36844 6 36864 15 36886 8 36946 13 37100 5 37120 14 37140 11 37202 13 37357 3 37376 14 37395 13 37458 13 37632 14 37651 14 37714 13 37824 3 37888 14 37906 15 37971 13 38080 4 38144 14 38161 16 38227 13 38335 6 38400 15 38416 18 38484 11 38502 3 38591 6 38657 33 38741 10 38756 4 38847 7 38860 2 38903 3 38915 32 38997 9 39011 4 39078 3 39104 15 39159 2 39172 23 39197 6 39254 7 39267 4 39335 2 39361 15 39428 10 39440 11 39453 7 39511 5 39517 2 39522 1 39548 1 39617 15 39685 10 39698 10 39709 7 39773 2 39778 1 39803 2 39874 12 39941 11 39955 18 40029 3 40033 3 40119 2 40131 10 40192 17 40211 19 40288 5 40348 3 40360 2 40374 4 40390 6 40448 38 40544 5 40602 6 40615 4 40631 3 40704 40 40800 6 40856 9 40871 4 40961 41 41057 7 41066 1 41112 10 41126 5 41217 43 41313 7 41322 2 41367 18 41473 20 41495 22 41569 7 41624 16 41729 20 41755 19 41825 7 41871 5 41880 17 41985 20 42013 18 42081 7 42096 1 42126 28 42241 20 42270 18 42336 8 42351 2 42381 29 42497 20 42528 17 42591 18 42637 30 42753 20 42785 16 42846 19 42894 30 43010 19 43041 17 43101 20 43151 29 43266 19 43297 17 43356 22 43407 28 43522 19 43553 17 43610 24 43663 27 43778 19 43808 18 43865 25 43919 27 44035 3 44039 1 44043 10 44064 17 44120 26 44174 27 44299 10 44319 18 44376 26 44429 28 44556 8 44576 17 44631 27 44664 2 44682 32 44813 7 44833 15 44886 28 44921 1 44939 5 44945 25 45069 8 45090 13 45140 31 45196 4 45201 24 45326 12 45346 13 45395 32 45457 23 45582 10 45601 13 45650 6 45657 26 45713 20 45839 8 45856 13 45905 7 45920 19 45969 19 46095 7 46110 5 46117 8 46160 7 46178 5 46187 7 46225 19 46351 3 46356 2 46361 10 46375 4 46420 1 46444 6 46474 1 46478 22 46611 18 46642 6 46701 4 46731 25 46867 19 46897 8 46985 27 47123 20 47152 9 47240 27 47379 20 47403 14 47497 25 47634 21 47659 14 47756 21 47890 21 47914 14 48013 19 48146 21 48171 12 48210 1 48249 2 48269 17 48354 5 48402 21 48427 11 48466 1 48525 16 48604 12 48658 20 48684 10 48747 2 48781 17 48859 14 48914 19 48940 9 49002 3 49025 1 49037 16 49114 16 49169 20 49198 7 49248 1 49257 4 49270 1 49293 16 49370 18 49399 1 49425 20 49456 4 49504 1 49513 4 49526 2 49549 15 49626 20 49655 2 49681 13 49695 6 49705 3 49769 5 49782 1 49805 14 49881 22 49910 3 49938 8 49947 11 49959 6 50025 5 50038 1 50061 13 50137 23 50194 8 50204 18 50280 7 50293 3 50317 5 50326 4 50394 22 50450 8 50461 18 50536 7 50549 4 50574 3 50583 3 50650 21 50706 8 50717 18 50792 7 50804 5 50831 1 50840 2 50905 22 50962 7 50974 17 51047 8 51060 5 51087 2 51096 2 51159 23 51217 8 51229 18 51303 9 51316 6 51340 6 51352 1 51415 21 51472 8 51484 18 51559 9 51572 6 51596 6 51670 20 51727 11 51739 19 51816 8 51828 6 51848 2 51851 7 51862 1 51926 24 51983 32 52073 7 52085 4 52104 11 52116 3 52181 25 52224 3 52239 34 52330 5 52342 4 52360 11 52442 20 52480 5 52494 37 52587 3 52598 5 52619 8 52673 5 52699 19 52736 5 52751 36 52852 7 52878 5 52927 7 52956 20 52992 5 53007 36 53107 12 53136 2 53182 8 53212 20 53248 5 53264 35 53364 12 53377 5 53437 9 53467 23 53504 5 53521 34 53563 2 53620 18 53693 9 53722 24 53760 4 53778 33 53818 5 53876 18 53949 6 53956 3 53964 2 53978 24 54016 4 54035 31 54074 6 54092 5 54133 16 54205 10 54218 4 54234 24 54272 3 54281 1 54291 34 54329 9 54347 7 54389 15 54461 10 54475 1 54490 24 54536 2 54548 47 54603 8 54645 13 54717 9 54748 22 54804 48 54859 8 54901 11 54975 6 55010 17 55061 48 55114 9 55157 11 55266 18 55318 48 55370 9 55404 1 55413 11 55479 6 55522 18 55557 2 55574 48 55626 9 55659 3 55669 11 55732 9 55778 18 55831 47 55882 9 55924 11 55986 10 56034 9 56044 8 56087 17 56105 29 56139 8 56180 11 56241 10 56266 4 56290 9 56301 7 56336 3 56344 47 56394 10 56436 10 56497 9 56521 5 56546 8 56558 6 56591 5 56600 48 56650 10 56693 3 56699 2 56754 6 56776 7 56802 7 56816 4 56836 3 56847 5 56855 62 57032 6 57059 5 57091 5 57103 71 57289 5 57316 4 57347 6 57360 72 57546 3 57572 4 57604 5 57616 80 57803 1 57828 5 57862 3 57871 53 57925 28 58057 1 58083 6 58120 1 58127 51 58186 23 58216 1 58311 3 58335 1 58338 7 58382 51 58444 2 58448 18 58567 2 58590 2 58594 6 58636 53 58700 1 58705 17 58805 2 58822 2 58836 2 58846 3 58850 6 58891 55 58956 2 58962 15 59093 1 59101 4 59106 3 59146 57 59211 5 59219 13 59356 3 59402 58 59467 16 59658 58 59723 12 59861 1 59914 58 59979 14 60171 28 60201 27 60236 14 60349 1 60356 2 60371 1 60427 26 60458 26 60486 20 60604 4 60610 2 60683 24 60715 23 60741 7 60750 12 60859 9 60940 22 60972 21 60996 8 61006 12 61024 1 61114 8 61196 22 61228 20 61252 8 61263 11 61279 2 61369 9 61414 4 61452 22 61484 22 61507 9 61519 11 61536 1 61624 5 61663 4 61669 5 61708 23 61740 33 61776 9 61879 5 61918 12 61968 6 61979 8 61995 33 62032 9 62134 5 62174 11 62236 8 62250 34 62288 8 62389 5 62429 11 62493 7 62505 35 62544 9 62644 6 62685 8 62750 6 62761 35 62803 6 62896 10 62940 9 63007 4 63017 33 63057 8 63151 3 63158 4 63196 9 63273 32 63313 8 63406 3 63415 3 63452 9 63485 3 63530 31 63568 9 63662 3 63672 2 63708 9 63741 3 63786 30 63823 9 63917 4 63964 10 63996 4 64042 30 64079 9 64173 3 64220 10 64252 4 64298 30 64336 7 64429 3 64475 10 64507 5 64554 12 64568 15 64594 3 64684 3 64731 10 64763 5 64811 10 64825 10 64940 3 64986 11 65019 5 65068 9 65080 11 65195 4 65241 12 65275 5 65312 3 65325 8 65335 14 65450 4 65497 12 65531 5
149617, 
157706,0 44 46 6 115 56 256 51 372 55 512 50 629 55 768 49 834 2 887 55 1024 48 1090 2 1143 56 1280 47 1400 54 1536 43 1656 55 1712 2 1792 36 1850 3 1912 59 2048 35 2105 5 2168 58 2304 35 2360 6 2372 3 2425 55 2560 36 2616 6 2628 3 2682 53 2816 41 2870 9 2884 2 2939 52 3072 42 3125 13 3195 52 3328 43 3382 2 3385 10 3452 52 3584 43 3638 1 3642 9 3708 52 3840 44 3897 9 3961 56 4096 44 4153 9 4216 57 4281 1 4352 44 4408 10 4472 59 4608 44 4664 9 4728 61 4864 44 4920 9 4985 65 5120 44 5176 9 5242 63 5376 43 5433 7 5498 61 5632 42 5689 7 5755 58 5888 41 5944 4 6011 58 6144 41 6200 3 6268 57 6400 41 6525 56 6656 41 6781 55 6912 36 7037 56 7168 36 7293 56 7424 35 7549 56 7680 35 7805 56 7936 27 7964 5 8052 65 8192 27 8222 2 8306 68 8448 26 8561 69 8704 26 8807 6 8816 71 8897 3 8964 21 9060 86 9153 1 9221 17 9316 87 9407 3 9477 16 9571 87 9732 16 9827 87 9987 8 10083 88 10241 10 10339 88 10498 7 10595 88 10755 4 10851 88 10944 2 11090 2 11100 95 11198 5 11344 6 11354 97 11454 5 11593 3 11597 9 11609 98 11709 6 11848 123 12104 122 12360 122 12553 1 12615 123 12809 1 12869 125 13056 1 13064 3 13123 127 13312 2 13319 4 13378 128 13568 2 13576 4 13633 129 13824 1 13834 4 13888 130 14080 2 14089 3 14143 131 14336 4 14344 4 14399 131 14592 4 14599 6 14654 132 14848 13 14909 134 15104 7 15164 136 15360 7 15418 139 15616 6 15673 140 15872 3 15928 140 16132 3 16184 139 16388 5 16439 99 16540 39 16644 6 16695 97 16795 40 16900 6 16950 97 17050 42 17156 6 17204 99 17306 43 17412 7 17459 100 17561 45 17667 8 17712 100 17814 49 17923 8 17967 99 18070 51 18179 7 18222 100 18326 52 18435 7 18478 100 18582 52 18690 8 18733 101 18836 54 18945 9 18988 102 19091 55 19202 8 19243 159 19462 3 19498 160 19754 160 19968 2 20009 25 20037 132 20224 3 20265 24 20293 133 20480 3 20520 24 20550 133 20736 3 20776 23 20807 133 20992 3 21032 22 21065 131 21248 1 21288 22 21323 129 21544 20 21580 128 21800 19 21838 50 21889 44 21935 29 22056 18 22096 1 22100 43 22145 43 22194 26 22313 16 22356 42 22401 42 22450 26 22569 15 22612 40 22658 40 22705 27 22825 12 22868 25 22897 10 22914 42 22959 32 23081 10 23124 23 23158 1 23168 80 23337 8 23380 22 23414 1 23420 33 23454 52 23592 7 23632 26 23669 3 23675 34 23710 14 23728 4 23738 25 23764 3 23850 4 23887 27 23922 58 23994 25 24021 1 24132 1 24143 26 24177 58 24250 25 24388 2 24397 28 24431 60 24506 25 24644 4 24653 27 24686 60 24760 27 24902 1 24907 95 25015 28 25102 3 25162 28 25191 67 25270 29 25356 6 25417 97 25525 30 25611 8 25673 98 25780 11 25793 18 25867 9 25928 100 26032 14 26050 17 26124 8 26166 3 26184 111 26296 6 26307 17 26380 8 26421 7 26440 110 26553 4 26564 16 26642 1 26675 10 26695 110 26809 3 26820 16 26896 4 26928 15 26950 86 27038 22 27076 16 27151 6 27181 19 27205 85 27294 20 27334 14 27405 8 27435 22 27461 85 27550 19 27590 14 27660 10 27690 112 27806 18 27847 13 27911 15 27945 113 28063 17 28103 15 28166 16 28201 116 28320 16 28359 18 28422 16 28456 118 28575 17 28616 21 28672 1 28678 15 28712 136 28873 21 28928 22 28968 137 29129 22 29184 24 29223 121 29346 15 29385 22 29440 25 29479 121 29602 16 29642 22 29696 25 29735 121 29857 19 29898 22 29952 26 29991 121 30113 20 30155 21 30208 27 30247 121 30369 21 30412 20 30464 27 30503 143 30669 19 30720 27 30759 143 30926 19 30976 27 31015 143 31182 19 31232 26 31272 4 31277 137 31438 17 31488 25 31533 138 31695 14 31744 24 31790 137 31952 11 32000 22 32045 139 32209 8 32256 21 32300 140 32468 4 32474 2 32512 20 32555 141 32730 2 32737 1 32768 20 32793 2 32805 148 32986 2 32991 4 33024 29 33058 151 33242 3 33247 5 33280 185 33498 10 33536 185 33754 4 33759 6 33792 185 34010 3 34015 7 34048 185 34272 6 34304 186 34498 4 34529 5 34560 186 34754 5 34816 186 35011 1 35028 4 35072 187 35267 1 35271 1 35283 5 35328 188 35522 8 35538 7 35584 188 35777 8 35794 7 35840 187 36033 8 36050 8 36096 187 36288 9 36306 9 36352 187 36543 11 36565 9 36608 187 36798 13 36822 10 36864 188 37053 15 37078 11 37120 204 37332 13 37376 205 37586 15 37632 206 37842 15 37888 206 38097 17 38144 207 38352 18 38400 226 38656 226 38912 227 39168 227 39424 227 39680 226 39936 147 40085 77 40192 147 40341 33 40378 40 40448 182 40634 42 40704 181 40889 44 40960 181 41144 46 41216 232 41472 233 41728 234 41984 148 42134 86 42240 147 42392 6 42403 74 42496 147 42662 71 42752 147 42918 75 43008 147 43174 76 43264 147 43429 77 43520 147 43684 79 43776 147 43939 80 44032 148 44182 6 44193 82 44288 243 44544 244 44800 244 45056 244 45312 245 45568 245 45824 245 46080 245 46336 245 46592 246 46848 246 47104 246 47360 247 47616 247 47872 248 48128 248 48384 248 48640 249 48896 249 49152 57 49211 190 49408 55 49471 187 49664 55 49728 186 49920 55 49989 181 50176 54 50246 181 50432 54 50503 180 50688 54 50759 181 50944 53 51015 181 51200 52 51272 180 51456 51 51516 1 51528 181 51712 50 51787 178 51968 49 52045 177 52224 49 52302 176 52480 48 52559 101 52662 72 52736 28 52765 19 52816 45 52866 41 52909 81 52992 24 53022 18 53073 35 53110 6 53123 39 53166 81 53248 23 53279 16 53329 35 53365 3 53377 42 53427 99 53535 6 53544 6 53587 3 53597 3 53603 21 53632 43 53684 100 53793 3 53802 3 53859 21 53886 45 53940 100 54114 23 54141 46 54196 100 54370 24 54397 45 54452 99 54625 73 54708 99 54881 71 54964 98 55137 71 55220 98 55393 71 55475 98 55648 73 55730 98 55900 79 55985 95 56155 82 56239 97 56411 180 56667 180 56914 1 56923 180 57166 6 57179 180 57420 9 57435 180 57674 12 57691 179 57930 12 57947 177 58176 5 58185 3 58193 7 58201 178 58432 6 58441 4 58449 185 58688 13 58705 184 58945 12 58963 181 59202 11 59221 171 59395 5 59457 12 59477 171 59652 4 59712 10 59734 170 59907 6 59966 12 59990 170 60162 7 60222 14 60246 170 60419 6 60477 16 60502 170 60676 5 60732 17 60758 170 60934 4 60988 17 61014 170 61190 4 61208 1 61244 18 61269 171 61445 5 61464 1 61500 17 61526 170 61700 7 61756 17 61782 170 61957 6 62012 16 62037 171 62215 4 62268 16 62290 2 62293 3 62299 166 62471 4 62525 17 62543 8 62556 165 62728 3 62743 2 62781 25 62812 166 62998 3 63037 26 63067 167 63254 4 63294 26 63322 168 63510 2 63515 2 63551 195 63765 1 63770 4 63808 192 64027 4 64064 192 64284 3 64321 191 64540 1 64579 189 64836 187 65043 4 65052 1 65092 188 65297 7 65307 2 65347 143 65491 45
158770,0 3 8 71 85 4 103 13 264 71 342 1 359 13 522 69 597 2 614 13 786 61 851 4 868 15 959 4 1011 1 1043 62 1107 4 1119 20 1214 7 1231 1 1266 4 1300 62 1363 2 1374 21 1470 8 1488 2 1521 6 1558 60 1619 2 1629 22 1719 1 1726 8 1744 3 1776 8 1819 55 1875 2 1884 23 1974 17 2032 9 2075 55 2131 2 2139 23 2228 11 2243 4 2288 9 2333 53 2387 2 2394 23 2482 13 2519 1 2545 15 2590 55 2650 22 2737 14 2775 1 2801 15 2845 51 2897 4 2906 22 2993 14 3059 13 3097 55 3154 5 3162 23 3249 13 3290 1 3319 9 3350 9 3362 46 3409 7 3419 22 3506 13 3545 4 3575 9 3606 9 3619 43 3665 8 3675 23 3762 13 3801 5 3830 10 3862 9 3876 40 3921 33 4017 13 4057 6 4086 10 4118 9 4132 40 4176 33 4272 14 4303 1 4313 7 4342 10 4374 8 4388 41 4433 13 4447 17 4524 17 4557 5 4569 7 4598 10 4631 6 4644 35 4681 4 4689 9 4699 2 4704 15 4775 21 4813 7 4825 7 4854 10 4900 36 4937 4 4947 6 4960 13 5028 24 5068 8 5081 6 5096 8 5111 9 5157 40 5205 2 5216 11 5283 18 5305 10 5324 9 5336 7 5352 9 5367 9 5414 39 5468 13 5539 17 5562 11 5580 10 5592 7 5607 10 5623 9 5671 38 5723 14 5795 16 5818 12 5837 18 5863 11 5878 10 5930 35 5979 19 6052 14 6074 15 6093 18 6120 10 6134 10 6187 33 6236 19 6308 13 6329 17 6350 16 6376 10 6390 10 6444 30 6492 19 6565 11 6583 20 6608 6 6618 3 6633 9 6647 9 6700 29 6748 2 6751 16 6821 7 6839 21 6866 2 6889 8 6903 9 6933 4 6957 23 7004 18 7077 8 7096 22 7143 9 7159 9 7188 8 7213 23 7266 11 7332 9 7349 1 7353 22 7398 4 7405 1 7416 8 7445 9 7469 23 7522 11 7586 11 7605 1 7609 22 7654 3 7672 8 7701 10 7724 24 7778 10 7842 12 7861 3 7866 21 7910 2 7928 7 7957 11 7980 23 8034 9 8097 15 8117 18 8136 2 8214 11 8236 22 8283 2 8290 6 8353 16 8372 18 8462 20 8493 20 8536 6 8547 4 8609 17 8629 1 8632 14 8715 28 8749 20 8792 6 8811 3 8865 17 8885 1 8888 13 8970 30 9006 19 9048 6 9066 4 9121 18 9143 14 9166 3 9218 2 9225 31 9262 19 9304 7 9320 6 9378 17 9399 13 9421 5 9472 41 9519 18 9560 9 9576 6 9635 15 9655 2 9663 5 9677 5 9728 41 9776 17 9816 12 9836 2 9893 13 9910 2 9919 4 9932 6 9977 1 9984 41 10033 10 10054 3 10072 13 10092 3 10150 18 10173 6 10189 5 10240 41 10289 9 10310 5 10331 10 10348 3 10407 17 10428 7 10445 4 10491 1 10496 39 10546 7 10565 6 10589 8 10604 2 10674 6 10684 8 10701 3 10752 37 10803 5 10821 6 10845 7 10930 6 10941 7 10952 8 11008 37 11059 5 11076 7 11102 5 11187 5 11198 6 11207 10 11266 34 11314 4 11326 13 11360 1 11444 2 11459 15 11522 12 11537 20 11570 4 11580 16 11715 15 11778 12 11793 20 11818 12 11834 18 11971 15 12033 37 12073 14 12090 19 12227 16 12289 54 12346 20 12483 17 12527 5 12546 53 12603 21 12740 18 12780 9 12802 53 12860 4 12865 16 12997 18 13033 14 13060 52 13117 2 13122 15 13257 15 13287 18 13317 5 13325 44 13378 16 13421 3 13514 15 13542 23 13582 43 13634 3 13642 9 13676 5 13771 14 13797 27 13838 43 13891 1 13901 3 13905 2 13932 5 14029 12 14053 27 14093 45 14161 2 14187 6 14291 5 14310 26 14348 27 14376 18 14418 1 14443 5 14568 24 14605 24 14633 17 14699 5 14826 28 14861 19 14889 16 14954 5 15084 27 15117 17 15144 17 15339 30 15374 15 15400 17 15595 33 15630 13 15656 17 15849 36 15886 12 15912 17 15968 1 15974 1 16023 6 16104 49 16169 16 16228 4 16278 9 16358 50 16426 16 16483 5 16532 16 16613 31 16646 18 16670 2 16683 15 16740 5 16788 17 16868 31 16903 16 16923 6 16940 14 16996 5 17043 19 17124 30 17161 25 17201 11 17252 7 17299 19 17380 30 17417 25 17460 10 17508 7 17554 21 17636 30 17674 24 17716 10 17765 6 17811 20 17890 32 17931 24 17972 9 18022 5 18068 19 18109 10 18144 19 18164 15 18188 33 18228 8 18325 18 18361 15 18399 36 18446 32 18485 6 18581 19 18614 18 18654 19 18674 19 18705 29 18741 4 18776 1 18838 18 18870 18 18910 19 18931 20 18963 28 18997 3 19032 1 19094 18 19119 25 19166 18 19187 21 19220 27 19350 17 19374 26 19423 17 19444 20 19477 28 19536 1 19606 16 19628 28 19679 16 19700 12 19713 7 19736 26 19862 15 19883 29 19937 14 19957 11 19969 8 19993 26 20044 3 20092 3 20118 14 20139 28 20195 12 20216 8 20225 9 20249 12 20264 11 20302 1 20348 4 20374 14 20395 28 20451 14 20474 6 20482 9 20505 11 20521 6 20558 3 20603 6 20630 14 20651 28 20707 15 20731 5 20738 9 20762 10 20777 10 20795 2 20859 5 20886 13 20912 24 20963 16 20988 4 20994 10 21018 10 21033 11 21050 3 21114 6 21142 13 21170 23 21219 16 21244 4 21250 10 21272 16 21289 11 21305 4 21368 7 21400 9 21426 24 21475 16 21501 3 21507 9 21525 21 21547 9 21561 3 21622 8 21657 4 21682 24 21730 17 21758 2 21763 9 21777 34 21818 1 21878 7 21938 25 21987 16 22013 3 22020 9 22032 35 22134 6 22195 24 22243 16 22267 5 22277 3 22283 2 22288 34 22392 1 22452 23 22501 14 22523 5 22534 1 22539 2 22544 33 22709 21 22758 13 22778 6 22789 44 22966 21 23013 14 23033 7 23045 43 23119 4 23223 20 23269 14 23289 6 23298 44 23374 7 23480 6 23489 18 23525 13 23553 39 23593 4 23628 9 23748 16 23780 14 23808 45 23885 9 24004 16 24036 14 24064 44 24141 9 24260 16 24291 16 24320 43 24399 4 24515 16 24547 16 24576 42 24770 16 24802 17 24832 43 25026 16 25058 20 25088 44 25281 17 25314 22 25340 47 25537 16 25570 73 25792 16 25826 10 25842 57 26049 11 26083 8 26097 57 26206 5 26305 9 26340 7 26352 59 26461 6 26561 9 26596 7 26608 59 26707 2 26717 6 26818 7 26853 5 26864 59 26973 7 27074 6 27111 1 27119 61 27218 1 27229 7 27330 5 27375 61 27474 1 27485 7 27587 3 27630 63 27728 4 27742 5 27885 17 27904 45 27984 3 28000 2 28125 1 28140 17 28160 44 28240 1 28380 2 28396 16 28416 44 28520 4 28651 17 28672 45 28775 6 28906 12 28922 3 28926 46 29029 9 29161 10 29177 51 29284 10 29413 1 29416 7 29432 52 29539 11 29596 11 29667 12 29687 5 29694 46 29794 13 29851 15 29921 14 29938 7 29952 43 30015 3 30050 13 30106 17 30173 28 30208 35 30244 7 30271 2 30276 1 30305 14 30362 18 30428 28 30464 33 30501 5 30532 3 30561 14 30618 19 30683 29 30720 32 30758 3 30789 2 30817 14 30868 28 30938 30 30976 40 31066 4 31071 17 31123 30 31194 30 31232 40 31321 23 31378 31 31449 31 31488 40 31576 24 31634 30 31705 31 31744 39 31831 27 31890 30 31961 21 31992 2 32000 37 32044 3 32088 27 32146 30 32218 19 32256 36 32300 4 32344 28 32402 31 32474 16 32512 35 32555 5 32605 23 32657 32 32732 14 32768 35 32810 9 32837 2 32862 22 32907 40 32990 12 33004 7 33024 35 33066 6 33090 6 33119 6 33128 12 33161 43 33247 23 33280 35 33321 6 33345 8 33375 5 33389 6 33417 44 33504 23 33530 3 33536 35 33578 4 33600 9 33646 5 33672 43 33761 65 33855 9 33916 1 33927 43 34017 64 34112 5 34171 3 34181 45 34273 62 34368 2 34426 4 34436 44 34529 61 34683 2 34691 45 34785 59 34946 46 34999 4 35041 58 35202 47 35254 6 35297 58 35459 57 35554 57 35716 57 35810 57 35973 57 36066 58 36231 56 36323 34 36359 22 36488 56 36580 32 36616 21 36745 55 36837 31 36872 21 37001 56 37098 26 37128 21 37258 55 37355 24 37384 21 37514 55 37612 22 37640 21 37770 56 37869 19 37897 20 38026 62 38126 18 38153 19 38282 63 38383 12 38399 1 38413 14 38539 63 38640 9 38670 13 38795 64 38896 8 38927 12 39051 65 39150 5 39183 12 39306 66 39405 6 39440 10 39562 67 39661 7 39672 2 39697 9 39817 67 39917 6 39928 2 39955 6 40073 67 40156 2 40174 4 40212 3 40225 6 40330 65 40409 9 40431 1 40480 11 40586 65 40665 10 40735 14 40843 64 40920 12 40990 17 41101 62 41175 13 41245 19 41348 1 41359 61 41430 14 41501 19 41603 3 41615 61 41685 14 41757 20 41858 4 41871 61 41941 14 42012 21 42114 5 42126 64 42196 15 42267 22 42371 5 42382 66 42453 14 42521 23 42628 4 42637 69 42709 15 42776 23 42886 3 42892 71 42966 14 43031 23 43147 72 43223 15 43285 25 43403 73 43479 17 43539 26 43660 72 43735 18 43795 26 43916 73 43991 17 44051 25 44152 6 44173 90 44307 25 44406 10 44418 6 44429 90 44563 24 44662 113 44820 23 44918 97 45016 15 45076 22 45175 96 45274 12 45311 1 45332 21 45432 95 45531 3 45536 6 45565 3 45588 19 45689 94 45795 1 45814 3 45820 4 45844 18 45945 94 46069 5 46076 4 46099 17 46143 4 46201 94 46316 4 46325 6 46332 4 46355 16 46378 1 46392 12 46457 94 46572 4 46581 6 46590 2 46617 8 46632 7 46646 15 46713 92 46827 5 46837 6 46876 3 46887 31 46969 90 47083 2 47094 5 47143 35 47224 90 47350 4 47399 36 47464 3 47480 90 47655 36 47719 10 47735 91 47911 36 47970 113 48168 36 48224 115 48424 36 48479 116 48680 36 48735 116 48863 6 48871 4 48936 36 48989 119 49117 13 49192 36 49244 120 49373 12 49404 3 49441 4 49447 36 49499 121 49629 11 49659 5 49696 43 49755 121 49886 8 49913 7 49952 43 50010 123 50143 6 50168 8 50207 44 50266 123 50400 4 50424 8 50463 45 50522 123 50656 4 50680 8 50719 45 50777 124 50912 3 50936 8 50974 47 51032 125 51168 3 51193 7 51230 48 51287 124 51425 1 51449 7 51487 6 51495 40 51542 25 51569 98 51681 1 51706 6 51744 3 51751 40 51798 24 51828 95 51963 5 52007 40 52054 23 52086 93 52220 4 52263 40 52310 21 52343 92 52441 1 52449 1 52479 1 52519 40 52567 15 52600 91 52696 5 52705 4 52735 1 52777 36 52824 12 52857 90 52951 8 52960 5 52990 2 53034 30 53083 7 53114 88 53207 14 53245 3 53291 29 53372 86 53462 16 53501 3 53548 28 53629 86 53717 17 53757 3 53804 28 53886 97 53984 6 54014 2 54060 27 54144 93 54238 9 54270 2 54316 27 54401 89 54494 9 54526 2 54573 26 54612 8 54657 88 54750 9 54781 3 54829 25 54867 12 54913 89 55006 9 55036 4 55085 24 55123 14 55169 90 55264 8 55293 3 55341 22 55379 15 55426 89 55523 5 55550 2 55598 19 55635 17 55682 90 55780 6 55807 1 55855 17 55890 19 55938 90 56037 5 56112 16 56144 22 56195 90 56293 7 56370 15 56397 26 56452 89 56550 6 56628 14 56652 27 56708 89 56808 5 56819 1 56829 2 56885 15 56907 29 56965 40 57006 47 57069 9 57085 2 57115 6 57141 16 57162 31 57222 39 57262 41 57304 4 57325 11 57341 2 57370 9 57397 17 57417 32 57478 80 57582 9 57625 11 57653 52 57735 78 57838 9 57880 12 57909 52 57992 75 58093 8 58107 2 58111 1 58133 16 58165 51 58248 71 58320 1 58348 9 58363 2 58366 2 58388 17 58422 49 58503 68 58603 10 58643 19 58680 45 58759 59 58859 9 58899 18 58941 39 59015 60 59114 10 59155 18 59198 30 59229 4 59270 41 59313 18 59369 10 59412 16 59455 29 59526 40 59570 17 59625 8 59669 14 59712 28 59782 38 59826 17 59881 5 59925 13 59969 27 60038 39 60083 15 60182 11 60225 28 60295 40 60342 11 60380 2 60439 8 60482 8 60493 15 60555 37 60635 4 60663 7 60739 6 60750 14 60812 37 60890 5 60918 10 60998 1 61007 12 61068 38 61146 5 61171 13 61264 8 61325 37 61402 5 61426 14 61521 5 61581 36 61658 4 61682 14 61837 36 61915 3 61938 15 62094 34 62195 15 62350 5 62357 27 62453 13 62556 2 62614 25 62709 13 62751 5 62811 4 62870 25 62966 10 63006 7 63067 4 63127 24 63222 10 63261 11 63324 2 63384 11 63398 9 63478 10 63516 13 63640 10 63653 10 63735 9 63768 23 63892 2 63897 7 63909 9 63991 9 64022 26 64146 4 64154 6 64164 10 64247 9 64278 26 64400 7 64411 6 64418 12 64503 9 64534 26 64656 7 64668 4 64673 14 64758 10 64791 24 64911 8 64929 14 64969 2 65013 11 65048 21 65167 8 65185 15 65224 4 65269 11 65309 13 65423 8 65441 15 65479 6 65524 12
169327,0 65536
187649,207 24 461 28 716 30 972 31 1228 32 1483 33 1739 33 1995 31 2251 30 2319 2 2507 29 2574 10 2764 28 2829 12 3021 28 3085 13 3278 26 3342 11 3534 26 3598 11 3791 24 3855 9 4046 24 4111 7 4301 24 4368 5 4556 24 4625 3 4812 24 5067 26 5323 26 5580 25 5706 2 5814 6 5836 25 5959 7 6070 8 6092 24 6214 9 6325 9 6348 21 6470 10 6582 9 6604 7 6612 13 6726 10 6839 8 6859 8 6869 15 6889 3 6982 10 7097 6 7114 27 7144 5 7239 9 7354 4 7368 38 7495 9 7623 40 7752 7 7762 1 7879 40 8010 3 8017 5 8135 40 8273 5 8391 41 8530 4 8647 22 8672 16 8786 4 8903 22 8931 1 8936 9 9159 23 9193 10 9414 24 9449 12 9664 30 9705 13 9917 32 9962 13 10171 34 10218 14 10426 34 10474 16 10682 34 10731 16 10938 19 10958 14 10988 16 11027 4 11194 18 11214 14 11245 15 11282 6 11449 19 11471 12 11501 15 11538 6 11703 21 11729 10 11759 13 11794 7 11958 24 11986 8 12020 7 12049 8 12213 37 12276 6 12305 8 12468 38 12533 3 12560 9 12724 38 12816 9 12979 39 13072 8 13235 39 13328 7 13491 39 13584 5 13750 36 13840 4 13972 3 14008 34 14097 2 14226 6 14265 23 14290 6 14480 8 14522 21 14548 4 14734 10 14778 21 14988 12 15034 21 15090 4 15242 14 15289 21 15345 5 15494 19 15545 19 15600 6 15748 21 15802 16 15857 5 16004 21 16059 12 16113 5 16259 21 16316 10 16515 21 16574 6 16771 20 17027 17 17282 16 17538 15 17794 13 18051 11 18308 9 18566 7 18606 5 18824 4 18861 7 19117 8 19373 9 19412 4 19449 1 19629 10 19667 6 19703 5 19884 12 19922 8 19959 5 20140 12 20177 9 20215 5 20396 12 20432 10 20473 1 20651 12 20688 10 20906 12 20944 10 21162 11 21200 10 21417 10 21456 9 21672 10 21714 7 21928 9 21971 4 22184 8 22306 2 22441 6 22562 2 22578 4 22699 2 22817 3 22834 5 22936 4 23073 3 23090 5 23192 5 23329 3 23447 8 23584 4 23703 9 23959 9 24087 2 24106 1 24216 9 24343 3 24361 5 24472 11 24598 6 24616 7 24728 16 24831 1 24854 6 24871 9 24984 15 25063 5 25084 4 25109 7 25126 11 25152 1 25241 14 25317 11 25337 7 25364 8 25381 10 25407 4 25470 5 25497 14 25572 13 25592 8 25619 8 25636 10 25663 5 25724 8 25753 15 25826 17 25846 10 25874 6 25881 5 25891 12 25918 6 25934 1 25979 10 26009 15 26082 30 26128 8 26138 22 26172 8 26188 4 26235 10 26265 15 26337 31 26385 31 26428 20 26490 13 26522 14 26592 32 26641 31 26683 20 26746 14 26778 15 26848 32 26897 30 26939 19 27001 17 27034 15 27103 33 27153 30 27188 26 27256 19 27290 15 27359 33 27408 32 27443 27 27511 20 27547 13 27614 34 27654 2 27664 61 27766 22 27803 13 27870 34 27909 4 27920 61 28021 23 28060 12 28126 34 28164 6 28175 62 28275 25 28316 11 28382 34 28420 7 28429 63 28531 25 28573 10 28639 33 28675 73 28786 25 28829 9 28895 33 28930 73 29042 10 29055 11 29086 6 29149 109 29299 9 29313 9 29343 2 29404 109 29555 8 29570 6 29661 108 29811 9 29918 107 30067 10 30175 106 30323 10 30432 104 30578 12 30688 103 30834 12 30945 102 31090 12 31135 6 31201 101 31346 12 31388 10 31457 101 31602 10 31642 12 31713 103 31859 5 31896 14 31969 105 32116 3 32152 14 32225 105 32407 14 32482 106 32663 13 32739 105 32920 10 32984 4 32997 104 33176 8 33239 5 33254 104 33400 2 33436 1 33494 7 33511 103 33654 5 33750 7 33768 102 33898 4 33910 5 34006 8 34026 100 34152 8 34166 5 34263 8 34276 4 34283 99 34407 11 34422 4 34522 15 34540 98 34663 11 34778 16 34797 97 34904 3 34918 12 34968 8 35035 16 35052 97 35159 6 35173 13 35222 11 35291 114 35415 6 35428 14 35477 13 35548 112 35671 6 35684 14 35729 18 35803 112 35926 7 35939 16 35984 20 36059 112 36182 6 36195 16 36239 21 36314 111 36452 16 36495 23 36569 111 36708 16 36750 26 36824 112 36965 15 37005 28 37042 3 37080 113 37222 14 37260 31 37297 5 37336 113 37478 14 37516 34 37553 5 37591 115 37734 15 37771 37 37810 4 37848 115 37990 16 38027 38 38067 1 38104 115 38246 16 38283 38 38360 114 38488 1 38491 3 38502 16 38539 38 38617 114 38744 2 38747 3 38759 15 38796 38 38874 114 39000 5 39016 14 39052 38 39131 114 39255 6 39273 13 39309 37 39350 4 39388 114 39510 5 39531 11 39565 38 39605 7 39648 110 39765 6 39787 10 39821 38 39861 7 39907 108 40021 6 40043 10 40076 39 40117 8 40166 12 40181 90 40276 7 40290 1 40299 9 40332 39 40373 7 40423 10 40438 89 40532 7 40546 1 40554 9 40587 40 40630 6 40684 4 40695 88 40788 6 40802 1 40810 8 40842 50 40952 86 41044 6 41058 1 41067 6 41097 50 41175 5 41209 84 41300 5 41312 3 41323 4 41353 51 41429 11 41471 77 41568 4 41578 5 41609 38 41649 11 41683 15 41728 76 41824 5 41835 2 41866 36 41905 11 41938 17 41984 76 42080 5 42123 34 42162 10 42193 18 42240 76 42336 5 42380 33 42419 8 42449 18 42496 76 42592 5 42637 31 42676 5 42705 19 42752 75 42848 5 42895 29 42961 19 43008 56 43068 15 43092 1 43103 6 43155 26 43217 19 43264 48 43316 1 43325 13 43348 1 43357 7 43412 25 43473 20 43520 48 43582 12 43604 1 43611 8 43669 23 43729 20 43776 47 43840 9 43866 9 43926 22 43985 20 44032 47 44121 10 44184 19 44241 21 44288 46 44375 12 44441 17 44499 19 44544 45 44629 14 44698 14 44756 18 44800 46 44885 14 44954 12 45014 15 45056 47 45108 1 45139 16 45211 10 45270 15 45312 48 45362 7 45379 2 45388 22 45468 7 45526 14 45568 58 45633 6 45642 23 45727 1 45780 14 45824 61 45888 8 45897 24 46036 13 46080 61 46143 9 46153 21 46291 12 46336 61 46399 31 46547 12 46592 61 46656 29 46804 17 46848 61 46912 28 47062 16 47104 61 47168 28 47324 12 47360 61 47427 24 47581 11 47616 62 47682 24 47837 10 47872 62 47938 23 48082 2 48094 7 48128 62 48194 23 48336 11 48384 62 48449 18 48470 1 48591 13 48640 62 48705 17 48814 4 48847 15 48896 62 48960 18 49069 6 49102 16 49152 62 49216 18 49325 6 49358 17 49408 62 49472 18 49581 6 49613 19 49664 83 49751 5 49838 4 49869 19 49920 83 50006 7 50096 1 50124 22 50176 93 50380 23 50432 93 50636 24 50688 93 50893 24 50944 92 51149 24 51200 92 51405 24 51456 92 51632 2 51661 24 51712 92 51886 5 51915 25 51968 88 52057 3 52141 7 52171 22 52224 88 52397 7 52427 18 52480 88 52653 7 52683 17 52736 88 52910 7 52939 15 52992 88 53166 7 53196 13 53248 89 53423 5 53453 5 53504 89 53681 1 53760 91 53858 4 54016 91 54113 8 54272 92 54369 15 54528 92 54625 17 54784 93 54881 18 55040 94 55137 20 55296 118 55552 118 55808 118 56064 118 56320 118 56576 119 56832 120 57088 121 57344 121 57570 6 57600 98 57699 23 57825 8 57841 2 57856 98 57955 23 58081 8 58096 4 58112 98 58212 22 58336 10 58351 6 58361 4 58368 98 58469 23 58592 11 58606 16 58624 99 58725 24 58849 12 58862 17 58880 124 59106 29 59136 123 59363 28 59392 123 59621 26 59648 122 59878 25 59904 115 60022 3 60135 22 60160 115 60292 3 60392 21 60416 115 60548 5 60566 6 60585 4 60649 20 60672 115 60794 1 60803 7 60819 10 60839 8 60906 18 60928 114 61047 7 61059 8 61073 14 61095 8 61162 17 61184 113 61302 10 61314 10 61327 17 61350 10 61418 15 61440 113 61558 43 61606 10 61675 16 61696 111 61814 44 61863 10 61932 15 61952 111 62070 44 62120 8 62188 16 62208 111 62326 45 62377 7 62444 17 62464 112 62582 48 62634 6 62700 16 62720 113 62838 49 62891 5 62956 15 62976 114 63095 48 63160 12 63212 15 63232 116 63351 11 63365 35 63413 16 63468 14 63488 117 63607 10 63619 37 63666 19 63723 139 63864 8 63875 37 63922 20 63979 138 64123 3 64130 38 64178 21 64234 138 64386 38 64434 22 64490 139 64641 43 64691 21 64744 142 64896 45 64947 21 64998 20 65023 119 65152 45 65204 20 65253 20 65280 118 65408 46 65460 20 65509 19
190259,0 1 3 1 175 39 229 25 256 5 423 47 486 23 512 5 539 2 677 50 743 21 768 5 795 2 924 1 933 50 1000 20 1024 5 1052 1 1102 2 1105 2 1173 9 1189 50 1256 19 1280 6 1358 6 1428 6 1435 7 1443 52 1511 20 1536 6 1583 2 1612 9 1683 68 1767 10 1778 8 1792 5 1809 4 1837 5 1867 10 1940 67 2023 9 2035 6 2048 5 2064 6 2092 6 2122 12 2196 67 2279 8 2292 4 2304 5 2319 8 2348 5 2377 14 2451 68 2537 5 2549 2 2560 5 2574 9 2631 17 2706 70 2794 2 2816 4 2829 8 2862 2 2887 19 2960 73 3072 4 3084 9 3118 2 3143 21 3166 3 3204 2 3215 74 3328 4 3340 8 3398 28 3459 3 3473 73 3584 3 3595 9 3654 28 3696 3 3714 4 3724 1 3730 72 3840 1 3851 8 3910 28 3951 4 3970 4 3988 70 4107 7 4166 31 4206 5 4225 5 4240 2 4244 71 4364 4 4422 31 4482 4 4496 75 4622 1 4678 31 4738 3 4744 5 4752 76 4936 28 4994 1 5000 2 5003 3 5009 75 5098 3 5198 22 5256 2 5259 3 5265 76 5351 8 5455 9 5465 11 5512 6 5521 95 5711 9 5721 11 5733 4 5769 5 5776 97 5967 27 6025 104 6222 32 6280 105 6452 1 6477 23 6503 3 6507 3 6536 105 6706 5 6725 29 6759 3 6764 1 6792 105 6925 2 6960 8 6979 32 7015 2 7047 106 7179 4 7216 9 7234 33 7271 2 7303 106 7434 7 7472 9 7489 34 7526 3 7558 107 7679 1 7689 8 7729 8 7744 36 7782 3 7813 108 7935 1 7945 8 7984 9 7999 37 8038 3 8050 1 8068 109 8201 7 8240 9 8255 37 8294 3 8306 1 8320 1 8323 110 8458 4 8496 9 8511 37 8549 5 8562 1 8579 111 8704 5 8752 8 8767 37 8805 5 8834 112 8960 6 9009 7 9024 36 9061 5 9070 2 9090 113 9216 9 9265 6 9280 33 9316 6 9325 3 9346 113 9472 10 9498 1 9504 9 9523 4 9537 31 9573 5 9581 3 9602 113 9728 10 9753 17 9780 3 9793 30 9829 5 9837 3 9858 113 9984 10 10009 19 10049 29 10085 4 10094 1 10114 112 10240 10 10265 20 10305 29 10341 4 10370 112 10496 10 10521 21 10560 30 10598 2 10627 111 10752 10 10777 4 10784 15 10815 31 10884 71 10961 32 11008 10 11034 1 11045 11 11062 1 11072 31 11139 72 11218 31 11264 10 11302 10 11317 4 11328 31 11394 73 11474 30 11520 10 11534 2 11561 7 11572 5 11585 31 11649 75 11730 19 11750 10 11776 11 11788 4 11818 6 11826 8 11841 31 11904 76 11986 15 12007 8 12032 10 12076 15 12096 32 12161 11 12175 60 12241 13 12264 6 12288 10 12334 14 12351 33 12405 2 12417 10 12432 14 12449 42 12496 13 12520 5 12544 11 12578 2 12591 14 12607 33 12661 3 12674 9 12688 14 12707 40 12752 12 12777 3 12800 12 12821 2 12833 3 12847 50 12917 4 12930 9 12944 15 12964 38 13008 12 13056 12 13077 2 13090 1 13103 50 13173 3 13186 8 13200 15 13220 37 13265 10 13312 12 13333 2 13359 50 13428 4 13434 1 13442 6 13455 16 13477 36 13521 9 13568 12 13589 2 13610 1 13614 52 13685 7 13698 5 13711 16 13734 34 13779 6 13824 12 13865 3 13869 2 13874 48 13941 8 13954 3 13967 16 13992 32 14080 11 14100 1 14110 3 14118 8 14131 48 14197 7 14210 3 14223 15 14249 30 14336 10 14356 1 14365 5 14373 9 14387 50 14455 4 14465 3 14479 15 14506 28 14592 10 14620 19 14643 51 14708 2 14711 6 14719 5 14734 16 14763 26 14848 14 14876 19 14899 52 14967 12 14990 16 15019 26 15104 15 15132 19 15155 47 15226 9 15247 15 15275 25 15360 15 15388 19 15411 47 15482 9 15503 15 15531 25 15616 15 15644 19 15666 48 15738 10 15758 16 15787 5 15796 17 15872 14 15900 20 15921 48 15994 11 16014 16 16044 1 16052 17 16128 13 16157 19 16177 48 16249 11 16270 15 16310 15 16384 12 16412 20 16433 48 16505 10 16525 15 16567 14 16640 12 16667 69 16761 7 16783 13 16825 12 16896 12 16923 23 16947 11 16959 33 17018 6 17034 2 17040 2 17043 9 17083 8 17152 12 17178 22 17203 11 17217 30 17275 4 17296 1 17300 8 17408 13 17434 21 17459 11 17478 24 17532 2 17556 9 17664 13 17690 22 17715 11 17735 23 17801 1 17812 9 17920 13 17947 21 17971 11 17991 22 18056 4 18068 9 18176 13 18203 35 18247 22 18312 9 18324 9 18432 13 18459 36 18503 9 18518 7 18569 8 18579 11 18637 7 18688 13 18716 35 18759 9 18772 5 18825 21 18901 1 18925 5 18944 13 18974 33 19014 11 19027 5 19081 22 19156 4 19180 8 19200 13 19229 34 19270 9 19284 1 19337 23 19413 3 19436 8 19456 14 19484 35 19527 7 19592 25 19669 3 19692 9 19712 14 19736 39 19782 8 19849 24 19941 16 19967 16 19991 37 20037 7 20105 24 20196 18 20221 20 20247 29 20277 10 20289 2 20293 7 20352 1 20356 1 20361 24 20452 17 20477 22 20503 28 20534 14 20549 8 20608 2 20611 3 20617 24 20707 18 20733 22 20758 30 20789 22 20864 33 20963 17 20989 22 21014 23 21042 23 21080 2 21121 32 21218 16 21244 24 21269 23 21297 23 21362 1 21378 32 21474 13 21495 3 21500 48 21551 24 21616 3 21634 32 21728 13 21749 56 21807 23 21890 31 21983 14 22003 58 22063 22 22146 30 22239 15 22258 83 22402 20 22423 9 22494 15 22513 79 22596 1 22599 2 22654 24 22680 7 22750 15 22768 79 22912 31 23006 13 23023 79 23169 31 23261 11 23279 12 23294 64 23427 31 23517 10 23535 12 23548 69 23650 1 23684 31 23774 9 23790 83 23906 1 23911 6 23940 31 24030 9 24045 67 24116 13 24134 1 24156 3 24166 8 24195 33 24287 10 24298 68 24373 12 24412 3 24421 10 24451 32 24544 26 24572 50 24630 14 24668 2 24672 1 24676 11 24706 33 24802 15 24818 2 24830 47 24886 16 24924 18 24962 32 25059 6 25069 1 25087 34 25124 8 25142 17 25180 17 25217 32 25316 5 25343 1 25345 32 25379 8 25399 15 25436 16 25473 31 25571 7 25599 1 25603 29 25633 8 25655 3 25659 10 25692 10 25728 32 25826 9 25860 36 25897 1 25915 10 25949 9 25984 31 26082 9 26118 32 26153 2 26171 8 26206 7 26239 31 26338 10 26374 33 26409 1 26431 3 26462 8 26495 31 26595 7 26630 28 26659 6 26688 1 26692 1 26717 9 26751 31 26886 22 26973 9 27007 31 27141 22 27229 9 27264 30 27397 22 27485 9 27520 29 27653 22 27741 9 27776 29 27910 8 27919 11 27998 7 28033 25 28121 4 28167 7 28175 10 28255 4 28290 23 28376 10 28423 8 28432 9 28547 22 28631 13 28680 7 28689 7 28804 21 28886 15 28936 8 28945 6 29063 18 29141 17 29192 15 29321 16 29396 19 29448 8 29457 5 29577 15 29652 19 29705 2 29714 3 29770 1 29833 13 29907 22 29961 2 30026 1 30085 3 30089 12 30163 24 30282 1 30339 18 30420 25 30594 18 30676 25 30850 18 30932 25 31106 7 31117 6 31189 24 31362 6 31375 4 31445 22 31619 4 31703 19 31966 11 32011 6 32222 11 32265 9 32479 10 32520 10 32738 6 32771 16 33027 16 33203 10 33283 17 33457 14 33539 17 33713 15 33795 12 33810 3 33970 14 34048 1 34055 7 34067 2 34226 14 34304 1 34313 3 34323 2 34482 14 34560 1 34579 2 34739 13 34816 2 34995 13 35072 2 35253 11 35328 3 35346 1 35510 10 35584 4 35602 2 35768 7 35840 4 35857 5 35870 4 36028 2 36096 4 36113 5 36125 5 36352 4 36369 6 36381 5 36608 4 36626 5 36636 7 36864 5 36882 5 36891 8 37123 2 37127 1 37139 3 37146 9 37383 2 37388 3 37401 10 37640 8 37656 11 37896 8 37912 10 38151 10 38168 10 38406 13 38424 7 38661 15 38680 2 38915 17 39158 5 39168 8 39177 11 39414 7 39424 7 39435 9 39669 9 39680 7 39693 6 39925 9 39936 7 39950 3 40181 10 40192 7 40438 9 40448 6 40694 15 40950 14 41206 14 41330 7 41461 15 41587 8 41717 15 41844 8 41972 16 42052 4 42092 2 42101 7 42228 16 42307 6 42348 2 42358 7 42484 16 42563 7 42604 2 42614 8 42741 16 42811 2 42818 9 42860 1 42871 7 42997 16 43066 4 43073 11 43127 7 43252 17 43321 20 43383 8 43398 9 43494 3 43507 18 43575 23 43639 8 43652 13 43748 7 43762 19 43829 25 43895 9 43907 15 44004 7 44017 10 44028 9 44084 27 44151 9 44163 15 44254 14 44273 10 44284 9 44339 28 44407 10 44419 15 44508 16 44529 10 44541 2 44544 5 44595 27 44654 1 44662 11 44675 14 44762 19 44786 8 44797 1 44800 5 44851 27 44909 19 44931 13 45018 19 45047 4 45056 5 45106 27 45165 19 45188 12 45273 20 45303 6 45312 5 45341 3 45361 23 45421 19 45444 12 45529 22 45559 6 45568 5 45595 6 45616 21 45678 17 45700 13 45784 26 45814 9 45824 6 45851 7 45872 19 45934 17 45957 14 46040 27 46070 9 46080 6 46106 8 46127 19 46191 15 46213 15 46295 29 46326 16 46361 10 46383 18 46448 14 46469 16 46546 34 46582 16 46617 10 46639 16 46706 12 46725 17 46801 36 46838 16 46872 11 46895 14 46964 9 46980 18 47048 4 47056 37 47094 16 47122 17 47149 14 47222 5 47235 19 47303 6 47312 53 47377 17 47401 16 47488 22 47557 8 47568 53 47632 17 47657 14 47743 22 47811 11 47826 50 47887 17 47912 14 47999 21 48066 12 48087 44 48142 16 48166 16 48255 20 48320 14 48343 44 48398 15 48420 18 48511 20 48571 19 48600 31 48632 10 48654 14 48673 22 48767 22 48826 20 48848 37 48889 8 48910 14 48928 24 49023 14 49041 5 49082 60 49146 6 49167 14 49183 25 49280 12 49297 6 49338 62 49402 6 49423 14 49439 26 49537 10 49553 6 49595 62 49658 6 49672 22 49695 26 49795 8 49808 8 49851 69 49928 50 50051 7 50064 9 50108 68 50184 51 50308 4 50319 12 50335 5 50349 8 50365 67 50440 30 50471 20 50566 1 50575 23 50603 11 50621 67 50695 30 50728 20 50830 24 50858 13 50876 68 50950 29 50985 19 51086 25 51114 13 51132 68 51205 30 51242 20 51342 25 51370 14 51389 2 51392 64 51460 31 51498 22 51598 8 51608 15 51626 16 51650 62 51717 30 51754 23 51853 7 51866 12 51883 16 51910 24 51936 32 51973 29 52011 22 52109 5 52123 11 52142 13 52168 22 52192 27 52222 2 52230 28 52267 23 52306 3 52365 2 52380 10 52404 8 52425 50 52479 1 52488 25 52523 23 52560 6 52596 3 52637 8 52660 8 52681 50 52745 24 52779 23 52816 8 52850 5 52895 6 52916 8 52938 49 53001 23 53035 23 53072 11 53104 8 53135 7 53152 5 53172 8 53194 50 53257 5 53265 14 53291 23 53327 14 53354 4 53359 10 53391 12 53429 7 53450 51 53514 3 53521 14 53548 22 53583 15 53609 16 53646 15 53686 5 53706 54 53778 14 53804 22 53839 15 53865 17 53901 17 53924 2 53944 2 53962 54 54034 14 54060 22 54095 16 54121 17 54157 18 54178 4 54191 4 54200 2 54217 55 54291 14 54317 20 54352 14 54376 19 54412 18 54433 4 54450 2 54456 3 54472 56 54548 13 54573 18 54609 13 54630 25 54667 19 54688 4 54707 1 54712 4 54728 56 54805 13 54827 19 54866 10 54885 30 54923 18 54945 3 54968 5 54984 56 55061 15 55083 9 55093 8 55124 6 55136 39 55178 18 55201 3 55223 7 55240 56 55317 16 55339 8 55351 4 55381 4 55391 51 55443 8 55480 6 55497 55 55573 18 55595 6 55638 3 55646 51 55702 3 55736 6 55753 55 55830 16 55853 2 55895 5 55901 52 55990 9 56010 54 56087 15 56151 59 56246 9 56266 54 56343 14 56407 61 56502 12 56524 52 56599 14 56663 62 56760 12 56781 51 56856 11 56919 62 57017 11 57037 51 57113 5 57175 52 57231 7 57275 9 57293 17 57312 32 57431 51 57487 7 57531 9 57549 12 57569 31 57688 40 57729 3 57733 5 57743 7 57787 9 57805 6 57826 30 57945 43 57989 5 58041 11 58062 5 58084 28 58202 42 58246 5 58296 12 58319 3 58342 26 58456 44 58503 4 58552 13 58599 25 58682 4 58710 37 58748 7 58760 3 58806 15 58855 25 58937 12 58964 40 59005 5 59017 7 59060 17 59110 26 59193 14 59219 46 59274 8 59315 19 59364 28 59448 21 59474 45 59531 8 59571 18 59620 28 59704 71 59789 6 59818 5 59827 17 59875 29 59960 73 60046 5 60074 6 60083 10 60097 2 60132 28 60217 73 60302 5 60329 19 60388 28 60473 72 60558 5 60587 17 60644 28 60729 72 60813 3 60818 1 60843 18 60900 28 60986 70 61066 6 61101 17 61156 28 61186 6 61243 69 61320 8 61345 3 61357 18 61412 28 61443 5 61503 64 61575 8 61601 2 61614 6 61622 10 61668 28 61703 2 61759 35 61795 11 61807 14 61829 10 61871 1 61879 9 61923 29 61960 1 62015 17 62033 28 62063 13 62084 11 62135 8 62179 18 62203 5 62216 1 62271 15 62291 23 62319 10 62338 13 62392 7 62434 18 62460 4 62526 8 62535 7 62547 23 62574 12 62594 12 62648 6 62690 18 62716 4 62782 8 62792 6 62803 15 62819 6 62829 14 62851 1 62853 9 62903 6 62946 17 62972 4 63037 18 63059 15 63075 24 63106 11 63159 6 63203 16 63229 3 63289 41 63333 22 63356 1 63361 11 63415 7 63459 15 63487 1 63545 43 63589 25 63618 4 63671 14 63715 15 63801 70 63927 15 63971 15 64059 68 64139 1 64142 1 64184 14 64228 15 64321 62 64394 6 64440 15 64484 15 64579 60 64650 6 64693 19 64741 13 64843 25 64874 21 64906 6 64946 23 64998 12 65042 3 65048 1 65099 24 65134 17 65161 6 65170 3 65201 25 65254 7 65290 17 65324 6 65355 24 65393 14 65416 6 65426 4 65455 27 65511 4
191621,0 65536
191853,0 6828 6832 252 7089 251 7345 252 7602 252 7859 250 8115 250 8369 1 8372 250 8624 254 8879 9647 18527 13815 32345 255 32601 32935
192744,0 59 77 238 332 239 588 239 844 240 1099 242 1355 243 1611 243 1866 244 2122 243 2378 243 2633 244 2889 244 3145 243 3401 243 3656 244 3911 245 4166 247 4421 249 4676 250 4931 251 5186 253 5441 41710 47152 253 47409 250 47666 250 47921 521 48443 256 48701 254 48963 249 49220 188 49412 9 49425 44 49477 187 49672 2 49681 44 49733 187 49938 43 49990 186 50194 43 50246 186 50450 42 50503 185 50707 35 50743 2 50762 182 50964 33 51020 180 51220 33 51278 178 51476 33 51537 175 51732 34 51793 175 51988 34 52049 175 52244 34 52305 175 52501 34 52560 176 52758 33 52816 176 53017 2 53024 23 53072 176 53281 21 53328 176 53538 20 53583 177 53795 18 53840 165 54009 6 54052 13 54096 154 54255 5 54265 5 54308 15 54354 14 54369 3 54373 132 54520 8 54544 5 54564 15 54614 10 54629 131 54776 8 54798 9 54818 18 54871 9 54885 131 55032 8 55047 17 55074 3 55079 13 55127 11 55139 134 55287 9 55303 20 55335 13 55382 148 55536 16 55558 25 55591 14 55637 171 55813 28 55847 14 55893 171 56069 29 56102 14 56148 172 56324 30 56357 15 56402 174 56579 30 56612 16 56656 176 56833 31 56868 15 56911 207 57123 16 57166 206 57379 17 57422 206 57635 17 57677 208 57891 17 57933 210 58147 17 58188 212 58403 18 58444 213 58659 19 58700 213 58915 20 58957 236 59213 237 59469 237 59725 237 59981 237 60237 236 60494 234 60750 232 61009 79 61092 144 61267 74 61350 141 61523 27 61554 42 61607 139 61779 23 61812 40 61865 128 61995 5 62035 21 62071 36 62122 126 62291 20 62327 35 62379 125 62548 19 62583 34 62635 125 62804 19 62838 35 62892 84 62980 3 62987 30 63062 17 63093 34 63145 87 63245 29 63278 1 63322 13 63349 33 63397 91 63502 30 63534 2 63579 11 63604 33 63652 92 63758 30 63789 4 63836 9 63859 34 63907 93 64014 30 64045 4 64094 7 64115 35 64163 93 64270 30 64301 3 64370 38 64412 6 64420 92 64527 29 64625 143 64784 2 64789 22 64880 144 65046 21 65136 144 65304 18 65392 144
196973,0 65536
217771,0 65536
222553,0 65536
222596,0 65536
227391,0 65536
232617,0 2 19 39 149 11 219 20 256 2 274 39 404 12 475 20 512 2 530 39 652 3 659 14 731 20 768 2 785 40 907 22 987 19 1024 2 1038 42 1162 24 1244 17 1280 2 1288 47 1418 25 1500 17 1536 2 1543 47 1674 25 1757 15 1792 1 1799 45 1930 25 2014 14 2048 1 2055 44 2186 25 2272 12 2311 32 2345 8 2442 25 2529 11 2567 31 2603 5 2699 24 2786 9 2823 31 2860 1 2885 4 2954 25 3044 7 3081 28 3139 12 3210 26 3305 1 3341 24 3395 14 3466 26 3598 23 3650 16 3722 27 3855 21 3906 17 3979 27 4112 9 4125 6 4162 18 4236 26 4370 4 4382 3 4411 25 4492 26 4666 27 4748 26 4922 27 5004 26 5120 1 5177 28 5261 26 5376 3 5430 30 5518 27 5632 3 5684 32 5776 25 5888 3 5939 33 6034 23 6144 3 6193 35 6291 22 6400 3 6449 38 6548 21 6656 2 6705 39 6805 20 6912 2 6961 11 6973 28 7061 19 7168 1 7217 9 7229 29 7318 18 7472 9 7485 29 7576 16 7727 10 7741 30 7796 4 7843 4 7982 11 7997 31 8051 6 8217 1 8236 13 8253 31 8306 7 8472 4 8490 15 8508 31 8560 9 8727 10 8745 17 8763 32 8807 5 8813 12 8977 2 8984 11 9001 50 9063 16 9232 3 9241 11 9256 52 9319 15 9488 4 9500 9 9511 8 9521 43 9566 1 9574 15 9744 5 9757 17 9778 42 9821 3 9830 15 10000 5 10013 17 10035 41 10086 13 10256 5 10270 15 10291 41 10343 11 10513 4 10527 13 10547 41 10599 12 10769 5 10783 12 10804 41 10856 13 11026 5 11039 7 11061 39 11113 13 11182 1 11283 6 11295 6 11319 37 11373 11 11430 3 11437 3 11540 6 11552 4 11575 37 11627 13 11685 6 11692 5 11796 6 11831 37 11883 14 11940 14 12032 7 12052 6 12087 37 12139 12 12196 14 12288 11 12308 5 12343 37 12395 11 12451 15 12544 12 12563 7 12575 4 12599 38 12651 5 12710 12 12800 13 12818 8 12829 6 12856 12 12871 22 12907 5 12968 10 13056 12 13072 20 13115 7 13127 11 13140 7 13164 3 13225 8 13312 12 13327 21 13372 5 13384 9 13398 4 13420 1 13481 5 13568 38 13616 1 13640 9 13654 3 13737 3 13824 40 13870 4 13896 10 13922 3 13935 2 13994 1 14080 42 14125 6 14153 13 14177 5 14190 3 14336 51 14409 13 14432 9 14445 3 14592 27 14621 22 14666 12 14687 10 14702 1 14848 27 14878 20 14923 11 14942 10 15104 26 15135 18 15178 12 15195 13 15360 26 15391 16 15433 13 15449 14 15616 26 15647 14 15688 16 15705 14 15872 26 15902 14 15943 29 16128 26 16159 13 16199 30 16384 26 16415 12 16454 12 16469 3 16473 12 16640 26 16673 9 16710 18 16730 7 16896 25 16931 4 16966 18 16987 4 17152 26 17222 19 17243 4 17408 26 17478 24 17664 27 17733 23 17920 27 17989 22 18176 27 18245 23 18272 3 18432 27 18466 4 18502 22 18527 4 18688 27 18719 8 18758 8 18767 13 18944 27 18975 8 19014 7 19023 14 19200 17 19219 9 19230 9 19270 22 19456 16 19475 9 19485 10 19526 22 19713 14 19733 7 19741 9 19782 20 19969 13 19991 4 19997 8 20039 18 20063 6 20226 10 20254 6 20295 18 20319 6 20483 8 20511 4 20552 19 20575 7 20740 4 20767 4 20808 20 20829 9 21024 3 21064 31 21320 30 21576 30 21831 30 22077 7 22085 31 22331 41 22586 42 22841 43 23096 44 23350 47 23398 1 23605 54 23674 6 23859 56 23930 6 24112 59 24186 6 24368 60 24442 5 24623 63 24701 2 24879 62 24966 3 25135 61 25220 8 25390 60 25475 10 25646 56 25703 2 25731 11 25901 57 25987 2 25992 8 26157 56 26230 3 26250 7 26413 56 26486 3 26507 7 26669 58 26741 3 26764 6 26925 58 26996 4 27020 7 27182 57 27251 5 27276 7 27438 56 27506 5 27532 7 27694 55 27762 4 27788 8 27951 56 28018 3 28044 8 28207 57 28273 4 28300 8 28462 58 28528 6 28556 8 28680 10 28718 55 28783 9 28813 7 28936 12 28974 55 29032 1 29038 12 29069 7 29193 13 29230 55 29288 3 29293 19 29326 6 29448 19 29486 54 29543 26 29583 4 29703 21 29743 53 29799 27 29958 23 29999 53 30053 29 30212 27 30255 82 30352 2 30468 30 30502 13 30519 73 30607 3 30723 32 30757 11 30776 71 30863 4 30979 32 31013 12 31032 71 31109 4 31119 7 31235 46 31289 69 31363 7 31371 13 31491 46 31546 69 31619 7 31628 12 31747 46 31803 69 31874 8 31886 11 32003 46 32059 70 32132 6 32142 11 32259 47 32314 71 32388 5 32397 12 32515 48 32569 72 32645 3 32652 13 32771 126 32906 16 33027 126 33161 17 33280 130 33415 19 33536 130 33670 20 33792 153 34048 153 34304 153 34560 153 34816 154 35072 154 35328 153 35584 151 35840 149 36096 148 36352 116 36471 17 36492 8 36608 115 36728 16 36751 3 36864 115 36985 10 36996 4 37120 115 37242 9 37252 4 37376 114 37499 14 37632 113 37756 14 37888 102 37991 9 38012 15 38144 102 38248 8 38260 2 38270 6 38277 7 38400 102 38504 6 38515 4 38527 5 38533 7 38656 102 38763 2 38771 4 38783 4 38791 5 38912 102 39019 3 39028 4 39040 1 39048 3 39168 101 39275 3 39285 3 39424 101 39528 5 39542 3 39680 100 39785 4 39798 4 39806 2 39936 100 40037 3 40054 13 40192 100 40293 3 40311 12 40448 99 40550 3 40566 12 40704 98 40805 4 40823 10 40960 98 41061 4 41080 8 41216 96 41317 4 41337 6 41472 95 41573 1 41575 2 41593 6 41728 95 41828 5 41850 5 41984 88 42073 5 42085 4 42106 4 42240 87 42330 3 42341 4 42352 1 42496 87 42598 3 42607 2 42752 77 42835 4 42855 3 42863 2 43008 78 43091 3 43112 3 43118 3 43264 78 43347 3 43368 4 43373 3 43520 78 43623 9 43776 78 43879 9 44032 78 44135 10 44288 78 44391 10 44544 79 44647 10 44800 79 44903 10 45056 79 45159 10 45312 80 45415 9 45568 81 45657 4 45671 9 45824 82 45910 7 45927 9 46080 93 46180 11 46336 90 46436 9 46592 89 46696 3 46848 34 46883 54 47104 34 47140 53 47360 35 47397 53 47616 90 47872 91 48128 92 48384 93 48641 91 48897 90 49152 91 49408 4 49413 86 49664 3 49670 5 49677 28 49707 49 49920 3 49927 3 49935 24 49963 56 50176 2 50192 22 50220 56 50432 1 50449 21 50476 56 50706 19 50732 59 50954 3 50963 18 50987 62 51209 5 51221 15 51241 65 51465 6 51483 8 51497 65 51721 7 51739 7 51753 4 51761 58 51977 7 51995 6 52010 1 52018 58 52233 6 52253 3 52274 58 52490 4 52531 57 52786 36 52823 3 52827 17 53042 35 53083 16 53299 34 53340 14 53557 28 53588 1 53596 12 53815 21 53840 2 53852 10 54072 18 54096 3 54109 8 54330 9 54349 6 54366 5 54577 2 54588 6 54605 5 54861 5 55117 4 56832 9 57088 10 57104 4 57344 21 57406 3 57600 22 57661 9 57856 22 57916 11 58112 23 58154 3 58172 12 58368 23 58409 8 58428 12 58624 23 58665 8 58684 12 58880 23 58921 8 58941 10 59137 22 59177 7 59197 9 59394 14 59433 6 59455 5 59653 4 59689 6 59945 6 59967 8 60200 7 60216 4 60223 11 60454 11 60469 23 60708 41 60964 41 61220 41 61477 40 61734 40 61990 40 62247 27 62277 9 62503 27 62533 10 62760 25 62790 9 63022 19 63046 8 63280 16 63303 6 63536 15 63792 9 64049 6 64306 3 64771 3 65026 5 65281 7 65449 3
238364,19983 1 20239 2 20495 2 41486 2 41741 4 41996 5 42252 6 42498 7 42508 6 42753 17 43008 19 43264 19 43520 19 43776 18 44032 18 44288 17 44544 17 44800 16 45056 14 45312 14 45568 23 45824 24 46080 25 46336 9 46349 13 46592 9 46606 13 46848 8 46862 13 47104 7 47120 11 47360 6 47377 10 47634 9 47892 6 48150 3 48646 4 48901 6 49157 7 49170 2 49412 10 49423 7 49668 18 49923 20 50179 20 50435 19 50691 20 50947 5 50958 9 51204 2 51213 10 51470 8 51728 6 51987 2
243578,36803 6 37058 9 37314 9 37569 9 37822 12 37841 4 38076 14 38096 8 38332 15 38351 11 38588 15 38607 15 38843 18 38862 16 39098 37 39343 1 39348 44 39597 52 39849 57 40103 61 40358 63 40613 65 40869 65 41124 66 41354 6 41362 1 41378 67 41609 10 41634 67 41864 8 41873 2 41890 66 41983 1 42117 3 42122 2 42147 64 42225 4 42239 1 42373 3 42378 1 42403 64 42479 8 42493 3 42630 2 42659 68 42734 9 42749 3 42887 2 42915 68 42990 10 43004 4 43144 2 43164 2 43172 68 43245 14 43260 4 43400 1 43419 4 43427 69 43501 19 43651 5 43674 79 43757 19 43898 13 43930 79 44012 20 44152 14 44186 102 44408 15 44432 2 44441 103 44663 16 44687 4 44697 103 44919 17 44942 5 44953 103 45175 28 45210 102 45428 31 45467 101 45683 32 45723 101 45939 35 45976 104 46195 141 46451 141 46706 142 46960 144 47214 146 47467 149 47719 153 47973 155 48226 158 48479 156 48636 4 48733 163 48987 165 49237 171 49489 175 49744 176 49997 179 50248 184 50503 185 50724 9 50756 188 50975 15 51011 189 51226 21 51265 191 51477 27 51505 3 51516 196 51728 37 51770 198 51981 40 52025 199 52234 43 52279 201 52488 42 52531 2 52535 201 52742 250 52996 252 53251 9976 63228 254 63484 253 63740 253 63995 254 64250 511 64762 255 65018 518
246195,0 168 172 255 428 384 813 255 1069 543 1614 127 1744 123 1871 126 2002 122 2128 124 2258 124 2383 125 2514 48 2566 198 2771 46 2821 47 2869 151 3028 45 3077 44 3125 93 3219 57 3286 45 3333 43 3382 90 3475 57 3545 42 3588 44 3639 88 3730 59 3802 40 3844 44 3896 150 4057 39 4099 45 4152 150 4312 40 4354 46 4408 151 4566 42 4609 47 4658 1 4663 154 4819 96 4917 254 5173 254 5429 247 5678 5 5685 245 5931 8 5946 239 6187 8 6203 238 6443 8 6459 238 6699 9 6716 248 6972 250 7228 253 7484 254 7740 204 7945 49 7995 72 8068 131 8201 121 8326 128 8457 119 8582 128 8712 64 8779 33 8814 4 8821 11 8838 196 9035 32 9077 10 9094 176 9272 17 9292 31 9337 6 9350 176 9528 16 9548 30 9593 7 9606 176 9784 16 9804 30 9849 9 9861 177 10039 17 10057 33 10106 188 10295 51 10358 1 10362 239 10614 1 10618 214 10833 17 10852 2 10855 2 10870 1 10873 215 11089 17 11112 1 11129 214 11345 17 11385 135 11524 9 11535 64 11601 17 11626 1 11634 3 11641 135 11781 7 11790 65 11857 17 11881 5 11890 4 11897 82 11980 3 11992 40 12038 72 12113 17 12134 10 12146 4 12153 41 12195 41 12249 39 12294 71 12369 18 12389 13 12403 3 12409 41 12452 40 12505 39 12550 73 12627 34 12666 40 12712 36 12760 40 12805 3 12810 69 12883 33 12923 39 12972 33 13015 41 13062 73 13140 31 13178 40 13229 32 13271 41 13318 65 13385 6 13396 31 13434 39 13485 9 13495 22 13526 42 13573 65 13641 7 13652 31 13689 40 13740 10 13756 17 13783 41 13829 64 13897 8 13908 32 13944 41 13994 5 14000 5 14014 15 14039 14 14056 24 14085 56 14143 6 14151 19 14173 23 14200 14 14215 26 14250 4 14258 2 14271 1 14273 11 14297 11 14313 23 14340 56 14399 4 14407 18 14430 22 14456 11 14471 26 14506 2 14531 1 14533 7 14555 9 14569 23 14596 62 14663 5 14669 6 14686 22 14712 10 14727 24 14762 2 14789 6 14811 9 14826 22 14851 62 14919 3 14925 3 14942 22 14968 9 14983 23 15046 5 15066 10 15083 21 15107 63 15173 2 15182 1 15197 24 15223 9 15240 21 15302 4 15322 11 15339 20 15363 68 15448 2 15452 25 15479 8 15497 18 15559 3 15578 13 15596 18 15620 66 15703 4 15720 13 15736 2 15753 8 15833 15 15851 16 15878 62 15958 5 15977 12 16010 6 16043 1 16089 10 16107 13 16138 58 16214 4 16235 8 16266 5 16345 9 16364 10 16394 15 16411 41 16471 2 16492 6 16522 5 16602 7 16621 8 16650 14 16667 41 16727 2 16748 5 16779 4 16857 7 16878 5 16906 13 16922 42 16982 3 17004 1 17037 2 17113 6 17135 4 17162 11 17177 40 17236 5 17369 6 17417 10 17432 39 17492 7 17624 7 17673 8 17688 36 17746 10 17881 6 17929 8 17944 35 18001 12 18137 6 18184 7 18201 33 18255 14 18393 6 18440 7 18457 33 18511 14 18588 1 18649 6 18695 7 18710 35 18766 15 18905 6 18951 6 18965 35 19021 16 19161 7 19207 5 19220 37 19278 15 19417 6 19464 3 19475 38 19535 14 19586 1 19673 1 19675 4 19731 38 19792 13 19931 5 19987 37 20049 11 20187 7 20228 3 20244 36 20306 8 20442 8 20483 5 20500 35 20562 8 20612 2 20695 13 20738 6 20755 34 20820 3 20867 3 20953 10 20994 7 21010 35 21123 4 21209 10 21249 8 21266 35 21377 5 21467 6 21505 9 21522 32 21632 6 21724 4 21762 8 21774 35 21852 1 21888 5 21981 1 22018 8 22029 33 22108 2 22143 5 22274 42 22365 2 22399 6 22529 42 22600 1 22622 1 22647 4 22655 6 22786 40 22878 1 22902 5 22911 6 23042 39 23157 6 23167 6 23298 37 23381 3 23413 7 23423 6 23552 36 23614 1 23636 8 23668 8 23679 6 23808 39 23868 3 23892 8 23924 8 23936 6 24064 40 24123 6 24148 8 24180 9 24192 6 24304 4 24320 42 24375 11 24404 7 24436 8 24560 4 24576 43 24626 18 24661 6 24692 8 24815 5 24832 44 24881 18 24917 5 24949 3 25071 6 25088 58 25147 4 25154 1 25172 6 25327 6 25344 58 25404 2 25428 5 25583 7 25600 58 25660 1 25683 6 25839 8 25856 57 25939 6 25966 5 26095 9 26112 54 26194 6 26220 7 26236 9 26258 3 26352 8 26368 54 26450 8 26474 10 26493 9 26608 11 26624 54 26698 1 26706 10 26730 11 26749 10 26865 69 26954 1 26962 10 26984 13 27005 9 27122 67 27211 2 27217 14 27238 16 27260 10 27349 4 27379 63 27467 3 27471 16 27492 18 27515 10 27603 7 27636 61 27723 21 27747 21 27770 11 27856 10 27892 60 27979 58 28113 10 28148 59 28217 4 28234 59 28309 1 28369 10 28382 5 28404 59 28472 6 28490 59 28625 19 28660 59 28722 4 28727 8 28746 17 28766 31 28801 5 28882 18 28917 58 28977 15 29002 17 29022 10 29033 20 29057 5 29138 18 29173 75 29256 20 29277 10 29289 20 29312 6 29394 7 29402 9 29429 75 29510 22 29533 10 29545 21 29567 8 29651 5 29658 9 29685 56 29745 15 29761 35 29797 3 29801 30 29909 1 29914 9 29941 49 30001 87 30169 9 30196 11 30208 36 30257 87 30425 8 30452 9 30464 36 30515 1 30521 73 30597 4 30686 2 30708 9 30721 35 30778 72 30854 4 30965 7 30976 35 31034 72 31110 5 31137 1 31222 4 31232 34 31290 72 31367 5 31393 2 31488 33 31546 72 31624 5 31649 2 31699 1 31711 5 31744 32 31802 72 31880 5 31967 6 32000 31 32057 73 32135 5 32223 8 32256 29 32313 73 32388 7 32479 8 32512 26 32569 81 32735 9 32768 21 32824 82 32910 1 32990 11 33024 18 33080 78 33165 4 33246 11 33281 11 33336 68 33405 6 33420 6 33502 11 33540 6 33592 67 33677 2 33758 11 33848 66 34001 5 34015 11 34105 64 34255 7 34273 9 34361 64 34508 9 34518 2 34530 8 34613 67 34745 1 34763 10 34774 2 34787 4 34792 3 34867 69 35000 3 35018 11 35030 2 35048 3 35053 4 35090 4 35121 71 35276 9 35301 14 35344 8 35354 5 35374 74 35520 2 35533 8 35547 5 35555 10 35566 5 35598 18 35628 76 35790 7 35803 24 35853 12 35868 5 35882 80 36048 5 36060 23 36100 3 36109 11 36125 4 36138 81 36257 1 36304 6 36317 21 36355 5 36366 8 36381 5 36394 82 36513 4 36560 6 36574 18 36611 7 36622 8 36638 4 36650 83 36769 6 36817 6 36830 17 36866 20 36895 3 36907 84 37026 7 37073 6 37086 8 37096 6 37120 22 37152 3 37162 85 37282 8 37298 12 37330 5 37343 5 37352 5 37376 23 37408 4 37417 86 37516 7 37538 9 37554 13 37577 2 37587 4 37607 6 37632 23 37665 4 37671 90 37766 14 37795 8 37809 15 37832 5 37843 7 37862 7 37888 23 37922 118 38052 7 38065 7 38078 2 38085 9 38098 9 38118 8 38144 23 38178 122 38308 7 38320 7 38340 24 38373 10 38400 24 38434 122 38563 8 38576 7 38596 25 38627 12 38656 24 38690 123 38819 7 38833 5 38852 44 38912 23 38946 116 39064 6 39074 8 39091 3 39109 37 39148 5 39163 1 39168 23 39202 116 39320 7 39330 8 39347 3 39366 36 39404 7 39424 22 39456 128 39586 8 39602 5 39623 35 39660 8 39680 22 39710 142 39857 6 39879 18 39898 17 39916 13 39936 22 39963 97 40061 25 40088 64 40155 33 40192 23 40218 98 40317 13 40331 11 40345 63 40412 33 40448 130 40581 4 40587 11 40601 62 40669 13 40684 18 40704 129 40837 3 40844 10 40856 55 40914 5 40926 157 41086 2 41093 3 41100 59 41162 3 41170 3 41182 157 41342 1 41348 4 41356 59 41418 3 41426 2 41438 137 41577 18 41603 7 41612 44 41658 14 41674 4 41683 1 41693 131 41826 4 41833 18 41859 8 41872 1 41878 10 41890 19 41915 19 41937 3 41942 3 41949 135 42085 22 42115 6 42134 7 42148 17 42173 18 42192 9 42206 134 42341 22 42368 1 42371 6 42391 4 42404 16 42430 28 42462 158 42628 2 42660 9 42670 5 42687 27 42718 158 42913 1 42917 7 42928 1 42943 27 42973 159 43159 1 43167 5 43173 7 43200 26 43228 148 43377 12 43407 2 43414 2 43423 5 43430 6 43457 143 43605 25 43634 11 43661 3 43679 4 43688 3 43718 136 43861 21 43884 1 43892 10 43916 4 43935 4 43944 2 43974 135 44117 20 44140 1 44148 11 44171 6 44190 5 44231 129 44373 19 44396 1 44400 1 44404 12 44426 8 44445 6 44487 127 44628 16 44645 2 44652 1 44655 3 44660 12 44682 8 44700 7 44742 129 44883 14 44908 6 44916 11 44937 9 44955 9 44998 13 45012 73 45089 42 45138 16 45164 16 45192 11 45211 9 45226 1 45254 87 45346 41 45392 18 45418 12 45431 3 45448 11 45467 9 45481 3 45510 87 45603 2 45606 35 45646 14 45661 5 45673 16 45703 11 45723 9 45736 4 45767 86 45860 38 45900 22 45928 17 45959 10 45979 18 46023 87 46115 62 46183 19 46215 9 46236 19 46280 89 46370 65 46438 24 46476 4 46493 19 46536 68 46606 85 46693 12 46708 11 46731 4 46749 19 46777 1 46792 19 46812 35 46848 11 46863 98 46966 9 46986 4 47005 21 47031 4 47048 17 47070 31 47104 11 47120 97 47224 7 47258 35 47304 11 47327 30 47361 10 47377 97 47479 9 47513 37 47559 10 47583 29 47617 11 47634 97 47734 12 47769 24 47796 12 47814 7 47839 28 47874 10 47894 109 48014 5 48025 23 48053 12 48069 7 48095 27 48132 8 48151 108 48268 38 48310 22 48351 26 48389 7 48409 106 48524 38 48574 15 48607 19 48628 4 48646 6 48668 104 48780 13 48794 25 48830 15 48866 16 48903 4 48927 102 49036 13 49050 26 49087 14 49128 9 49160 1 49185 31 49218 8 49232 44 49280 6 49292 41 49344 13 49387 5 49441 30 49488 42 49536 6 49548 42 49603 9 49645 2 49695 32 49744 40 49793 6 49804 43 49951 29 49999 41 50049 8 50060 43 50206 3 50214 21 50238 1 50245 4 50252 43 50302 57 50461 4 50470 19 50494 1 50500 52 50555 60 50717 3 50726 17 50750 1 50755 105 50862 8 50951 2 50974 1 50982 17 51006 1 51011 104 51119 7 51208 1 51238 17 51260 3 51267 115 51492 19 51513 6 51523 115 51746 21 51769 6 51780 96 51877 5 51885 10 51900 5 52001 22 52025 7 52036 92 52134 3 52142 11 52154 8 52252 36 52293 78 52375 2 52381 3 52400 19 52508 36 52549 77 52657 18 52763 38 52805 77 52910 20 53018 39 53060 77 53165 20 53255 3 53274 23 53299 15 53316 1 53319 74 53422 2 53426 11 53510 6 53528 21 53556 17 53575 73 53682 10 53765 7 53784 20 53814 90 53938 9 54020 8 54038 20 54070 24 54095 64 54194 8 54275 9 54290 7 54301 12 54320 4 54325 10 54339 11 54351 64 54451 6 54530 11 54543 10 54557 12 54576 15 54595 10 54607 64 54707 5 54785 39 54831 16 54851 10 54863 62 55041 39 55085 11 55100 1 55108 8 55119 62 55296 40 55342 8 55363 8 55375 62 55552 41 55598 1 55604 1 55619 8 55631 61 55705 3 55808 43 55854 3 55859 10 55871 10 55887 61 55960 4 56064 46 56111 26 56143 60 56215 4 56320 71 56400 59 56470 5 56582 65 56657 58 56725 6 56838 66 56911 59 56980 6 57094 69 57165 55 57222 4 57235 6 57350 132 57491 5 57606 80 57687 51 57745 6 57862 79 57943 52 58001 6 58118 78 58199 52 58257 6 58368 2 58374 79 58455 52 58514 3 58533 2 58624 4 58630 79 58711 51 58789 4 58880 85 58968 50 59026 4 59045 4 59136 85 59225 48 59282 5 59302 2 59392 3 59398 78 59482 47 59537 5 59648 3 59655 77 59739 46 59792 5 59904 1 59911 77 59996 47 60048 5 60160 1 60166 79 60252 48 60304 4 60416 1 60422 79 60508 52 60561 3 60677 80 60764 52 60818 3 60934 79 61021 31 61055 22 61190 79 61279 22 61312 5 61319 14 61446 79 61536 18 61568 5 61575 14 61697 2 61702 79 61793 5 61826 2 61830 15 61952 84 62050 1 62085 16 62208 7 62218 73 62341 15 62464 6 62475 71 62597 14 62720 6 62731 71 62853 10 62976 7 62987 70 63110 8 63232 7 63243 52 63299 12 63367 6 63488 8 63499 51 63554 12 63744 7 63755 50 63809 12 64000 6 64011 8 64021 40 64064 14 64257 4 64267 7 64278 38 64320 14 64524 4 64534 35 64575 15 64790 34 64831 14 65046 32 65087 13 65302 28 65342 13
246347,48 7 62 3 89 21 118 6 148 6 159 17 194 7 303 8 345 21 374 5 404 6 415 18 450 7 559 8 570 2 601 20 631 4 660 6 671 18 706 6 814 8 825 6 856 20 916 5 927 18 962 5 1070 18 1112 19 1172 4 1183 18 1219 3 1325 20 1368 18 1439 17 1478 2 1581 22 1624 17 1696 15 1734 7 1837 14 1853 8 1880 17 1952 13 1991 8 2078 6 2093 13 2110 8 2136 16 2208 12 2247 10 2332 8 2348 14 2366 8 2392 16 2464 10 2504 11 2586 11 2602 16 2623 7 2648 16 2712 4 2720 9 2761 11 2840 13 2857 17 2879 7 2904 16 2966 7 2975 8 3017 11 3096 13 3113 16 3136 6 3160 15 3218 21 3273 13 3352 13 3371 13 3393 4 3416 13 3473 23 3529 15 3608 12 3627 12 3650 3 3672 11 3728 24 3768 4 3785 15 3864 12 3883 10 3907 2 3928 10 3984 24 4022 7 4042 14 4120 12 4139 9 4184 10 4240 10 4251 12 4271 15 4299 12 4377 12 4393 11 4440 9 4495 9 4507 11 4526 16 4581 3 4634 12 4649 11 4696 9 4751 8 4764 9 4782 16 4837 4 4890 26 4952 8 5006 7 5020 8 5038 17 5093 5 5145 27 5208 7 5262 6 5276 5 5294 17 5349 5 5401 26 5464 7 5518 6 5532 4 5550 17 5605 5 5657 26 5721 5 5775 4 5787 5 5806 17 5861 5 5913 25 5976 6 6042 7 6052 2 6062 17 6117 5 6169 24 6232 5 6296 10 6308 2 6318 17 6373 4 6425 19 6488 4 6552 13 6574 16 6681 17 6744 3 6756 6 6807 13 6830 16 6937 17 7012 7 7062 13 7086 16 7193 17 7268 8 7318 13 7342 15 7449 18 7472 1 7525 8 7573 14 7598 15 7705 18 7727 2 7781 9 7824 19 7854 15 7961 17 7984 1 8037 9 8079 19 8110 14 8131 1 8217 17 8293 9 8326 5 8334 20 8366 13 8386 4 8474 15 8548 10 8581 24 8608 6 8622 7 8641 5 8666 2 8730 15 8804 10 8836 24 8864 8 8878 6 8896 7 8921 5 8985 15 9060 10 9091 25 9119 9 9134 6 9150 9 9176 7 9241 12 9316 10 9346 26 9374 11 9390 6 9406 8 9432 7 9496 11 9572 10 9601 27 9629 12 9647 9 9661 9 9687 9 9752 10 9828 10 9856 42 9903 9 9917 9 9943 9 10009 9 10084 10 10098 8 10111 43 10159 9 10172 9 10198 11 10265 9 10341 69 10415 9 10427 10 10454 11 10521 8 10598 26 10625 40 10671 7 10682 10 10710 11 10778 7 10855 66 10927 6 10938 10 10966 10 11034 6 11112 4 11117 60 11184 4 11192 13 11222 10 11291 4 11373 60 11440 4 11448 13 11477 10 11548 2 11628 61 11696 22 11732 10 11884 61 11951 24 11988 9 12140 61 12206 25 12244 8 12396 61 12462 25 12501 6 12653 60 12716 27 12759 2 12909 90 13165 90 13410 5 13422 89 13655 8 13665 6 13679 88 13909 18 13935 13 13949 3 13957 66 14163 20 14192 9 14209 69 14418 20 14448 8 14465 7 14475 59 14545 2 14674 21 14703 9 14720 8 14731 58 14800 5 14930 21 14958 11 14976 8 14987 57 15055 7 15187 21 15214 11 15233 66 15310 9 15443 21 15470 11 15489 65 15566 9 15699 21 15727 9 15742 67 15821 10 15955 20 15983 9 15997 67 16076 10 16211 19 16240 7 16253 67 16330 12 16467 18 16497 5 16508 68 16584 13 16724 16 16756 1 16764 68 16840 13 16875 3 16880 5 16981 15 17020 69 17095 14 17130 13 17244 7 17277 68 17350 15 17384 15 17502 4 17534 67 17606 14 17639 16 17792 15 17809 47 17862 14 17895 16 18049 9 18066 46 18119 13 18151 15 18306 6 18323 7 18331 37 18376 12 18408 24 18562 6 18580 4 18588 36 18633 4 18638 6 18664 24 18820 2 18845 36 18896 4 18921 23 19102 20 19124 14 19177 23 19359 18 19381 13 19433 23 19616 16 19638 12 19689 23 19873 15 19897 9 19943 25 20130 12 20155 5 20198 26 20387 9 20412 4 20454 26 20644 6 20668 4 20709 27 20902 3 20965 27 21221 28 21477 30 21732 31 21989 31 22245 32 22502 31 22759 31 23020 27 23277 26 23533 26 23790 13 23808 7 24047 11 24064 7 24305 1 24320 7 24576 7 24832 7 25045 3 25088 8 25299 6 25344 8 25555 6 25600 8 25798 7 25810 7 25856 7 26054 7 26067 5 26112 7 26309 9 26324 3 26368 7 26565 9 26624 7 26821 9 26880 8 27077 9 27136 10 27332 11 27392 12 27588 11 27648 14 27843 12 27883 5 27904 15 28100 10 28138 6 28160 16 28357 3 28394 6 28416 17 28649 8 28671 21 28905 8 28923 25 29161 8 29173 16 29191 13 29416 9 29428 17 29447 13 29672 9 29682 19 29704 12 29928 29 29960 12 30185 29 30217 11 30448 22 30474 9 30704 23 30734 2 30961 23 31217 24 31473 24 31729 24 31986 6 31996 13 32230 3 32243 3 32253 12 32485 6 32509 14 32741 7 32768 12 32781 1 32996 8 33024 16 33251 9 33280 17 33507 10 33536 17 33763 10 33792 18 34020 9 34048 18 34276 7 34304 18 34533 4 34560 19 34816 19 35072 19 35328 19 35584 18 35840 16 36096 15 36352 14 36608 14 36864 14 37120 15 37376 15 37632 15 37888 15 38144 16 38400 16 38656 16 38912 15 39168 15 39424 15 39680 15 39936 15 40192 15 40448 15 40704 16 40960 14 41216 14 41472 15 41728 16 41984 17 42240 18 42496 19 42752 20 43008 20 43264 20 43520 20 43776 20 44032 20 44288 20 44544 20 44800 20 45056 20 45312 19 45568 19 45824 19 46080 19 46336 1 46340 15 46596 14 46852 14 47104 1 47108 14 47360 1 47363 14 47618 14 47874 12 48132 10 48390 7 48646 7 48903 5 50198 2 50206 5 50452 6 50461 7 50707 18 50962 19 51218 19 51474 19 51731 18 51987 18 52247 14 52505 12 52762 11 53020 8 53276 3 53282 2 53504 1 53538 1 53760 1 53794 1 54016 2 54050 1 54272 2 54306 1 54529 5 54784 8 54816 1 55040 9 55072 1 55296 9 55328 1 55552 10 55592 1 55808 13 55848 1 56064 14 56320 15 56576 15 56832 16 57088 16 57344 16 57600 16 57856 16 58112 16 58270 2 58368 16 58526 3 58624 16 58782 3 58880 16 59136 17 59392 17 59648 17 59904 17 60160 17 60234 6 60322 3 60416 17 60489 13 60577 5 60672 17 60744 15 60832 7 60928 17 61000 16 61087 8 61184 17 61257 15 61343 8 61440 18 61519 9 61599 8 61696 19 61737 2 61777 6 61856 7 61952 23 61992 15 62034 4 62112 7 62208 24 62247 20 62368 7 62464 26 62503 21 62624 6 62720 29 62758 23 62881 5 62976 30 63013 26 63136 6 63232 32 63269 27 63392 6 63488 33 63524 30 63640 4 63647 6 63668 4 63744 66 63856 4 63894 15 63923 6 64000 66 64111 5 64149 16 64176 9 64256 65 64366 7 64403 17 64431 10 64512 64 64622 7 64658 17 64686 11 64768 38 64812 20 64878 6 64913 17 64941 13 65024 38 65070 17 65135 5 65170 12 65196 15 65280 38 65328 14 65392 2 65427 10 65452 17
250616,0 65536
252446, 
254228,0 25228 25229 18796 44026 5 44032 249 44283 1 44288 249 44544 249 44797 1 44800 249 45053 1 45056 250 45309 1 45312 250 45568 249 45824 249 46080 249 46336 249 46592 249 46848 249 47104 249 47360 249 47616 252 47872 253 48128 253 48384 253 48640 253 48896 255 49152 3506 52660 251 52912 240 53154 13 53169 238 53412 10 53426 237 53670 9 53680 239 53926 249 54181 249 54434 252 54690 251 54945 251 55201 250 55457 248 55713 247 55968 14 55986 230 56223 11 56242 230 56479 10 56497 233 56734 10 56751 232 56985 14 57003 235 57241 12 57258 236 57496 7 57506 2 57514 234 57751 7 57768 234 58008 1 58018 237 58272 239 58527 241 58782 242 59037 244 59293 246 59542 254 59798 254 60054 255 60310 4 60316 254 60573 254 60832 251 61089 250 61345 249 61599 251 61854 10 61866 242 62110 9 62124 14 62143 222 62366 7 62383 10 62401 219 62622 8 62639 5 62646 2 62658 218 62878 8 62896 3 62914 10 62926 206 63134 12 63171 7 63182 221 63429 4 63438 206 63646 11 63686 2 63695 205 63904 4 63953 205 64160 3 64209 206 64450 3 64465 206 64705 3 64723 203 64930 5 64959 3 64981 212 65215 5 65236 215 65470 8 65490 46
255130,0 65536
255132,0 173 199 25 256 171 455 24 512 170 710 24 768 164 934 3 965 24 1024 136 1163 25 1219 26 1280 133 1420 24 1474 27 1536 131 1676 24 1729 27 1792 131 1932 16 1951 3 1985 27 2048 131 2188 15 2241 27 2304 131 2445 13 2498 25 2560 131 2701 12 2755 24 2816 131 2957 11 3012 23 3072 129 3213 10 3268 23 3328 129 3468 8 3520 26 3584 130 3724 8 3773 27 3840 131 3979 15 4028 23 4096 132 4235 15 4283 22 4352 153 4540 20 4608 153 4797 9 4808 7 4864 152 5056 3 5111 1 5120 151 5365 4 5376 151 5605 1 5620 6 5632 150 5843 3 5860 4 5876 7 5888 149 6099 3 6115 7 6130 10 6143 149 6355 3 6371 8 6384 164 6626 177 6882 177 7138 177 7394 177 7650 177 7906 177 8163 176 8420 174 8678 167 8935 165 9191 163 9447 162 9654 2 9703 161 9900 3 9909 3 9959 161 10155 5 10215 161 10411 5 10471 161 10667 4 10719 2 10726 162 10923 4 10973 6 10982 162 11179 3 11228 172 11483 173 11739 173 11994 174 12249 175 12504 176 12759 177 13013 178 13267 180 13523 179 13778 179 14034 178 14290 177 14545 177 14801 171 14976 1 15056 170 15312 38 15354 98 15453 10 15467 5 15473 8 15567 32 15610 110 15730 6 15823 35 15865 111 15986 6 16079 36 16120 110 16243 4 16334 37 16376 110 16589 38 16632 111 16844 39 16888 112 17020 1 17099 40 17144 112 17272 10 17355 40 17399 113 17526 14 17610 41 17655 114 17780 17 17801 5 17866 41 17910 116 18035 29 18121 42 18166 118 18290 31 18376 44 18422 156 18631 203 18886 204 19142 203 19397 202 19652 202 19907 201 20162 53 20216 146 20418 53 20472 145 20674 53 20728 144 20930 189 21123 2 21186 189 21442 189 21699 189 21956 188 22212 189 22468 189 22724 187 22979 50 23032 133 23235 49 23289 131 23491 48 23546 129 23746 47 23803 127 24003 46 24057 68 24128 58 24260 44 24313 128 24517 44 24568 127 24775 42 24824 123 25030 43 25079 123 25285 44 25334 124 25540 46 25588 126 25796 174 26051 46 26098 110 26210 16 26294 2 26307 46 26355 108 26467 16 26548 4 26563 45 26612 106 26724 15 26802 6 26819 45 26868 105 26981 14 27056 9 27072 48 27124 105 27238 13 27311 12 27324 52 27380 105 27495 11 27566 66 27636 104 27752 6 27821 67 27892 106 28010 1 28076 68 28148 107 28331 68 28403 108 28586 69 28659 109 28842 70 28914 110 29098 182 29354 182 29610 182 29866 181 30122 180 30369 3 30377 180 30624 5 30633 179 30879 7 30889 178 31135 7 31145 178 31390 9 31401 178 31645 191 31900 193 32155 194 32410 68 32483 122 32666 66 32738 122 32922 63 32994 116 33177 63 33249 115 33431 64 33504 115 33686 65 33759 115 33942 64 34015 115 34198 63 34270 117 34454 61 34526 117 34710 59 34782 94 34877 23 34902 3 34966 58 35037 94 35133 29 35221 48 35273 7 35293 93 35390 29 35476 48 35532 4 35548 92 35646 29 35731 49 35804 91 35903 28 35987 49 36060 91 36161 26 36243 49 36315 91 36420 5 36429 13 36499 48 36571 90 36687 10 36755 48 36826 91 36946 3 37011 47 37081 90 37267 47 37337 89 37524 47 37593 88 37780 47 37849 88 38036 47 38106 87 38292 46 38363 86 38548 46 38620 85 38804 46 38877 84 39060 45 39134 83 39294 8 39307 5 39316 45 39390 83 39548 20 39572 46 39647 82 39803 22 39829 44 39903 81 40059 22 40085 43 40162 77 40313 25 40342 40 40419 69 40566 28 40601 36 40675 68 40820 30 40858 35 40931 68 41004 3 41075 32 41114 34 41186 70 41259 4 41328 35 41370 35 41442 71 41515 5 41580 39 41626 35 41698 71 41771 4 41835 42 41882 36 41953 73 42028 3 42090 44 42138 36 42209 72 42346 45 42395 36 42465 72 42602 45 42651 36 42720 73 42857 45 42907 37 42976 71 43110 48 43164 36 43231 71 43365 49 43421 35 43486 72 43619 51 43677 35 43742 72 43874 52 43932 36 43997 73 44124 58 44187 37 44253 73 44378 60 44443 37 44509 73 44628 65 44698 38 44765 75 44882 66 44953 38 45021 76 45138 65 45209 37 45278 75 45393 65 45465 29 45495 6 45534 75 45648 66 45721 28 45789 76 45904 66 45977 27 46046 75 46159 68 46233 26 46302 75 46414 70 46489 23 46559 74 46670 70 46746 21 46815 74 46925 71 47003 20 47043 1 47071 74 47180 72 47260 2 47267 11 47292 10 47327 74 47435 73 47524 10 47547 12 47584 73 47691 73 47781 8 47798 18 47840 74 47946 74 48038 7 48052 21 48096 74 48172 4 48201 74 48298 1 48304 25 48351 82 48439 3 48457 73 48557 29 48607 83 48693 10 48712 73 48811 32 48863 96 48967 73 49051 4 49067 34 49120 175 49307 4 49323 35 49376 175 49563 5 49578 37 49633 177 49819 5 49834 37 49890 178 50075 5 50089 38 50146 179 50331 5 50345 37 50403 179 50588 2 50601 37 50659 179 50857 37 50916 178 51113 36 51173 177 51370 34 51434 172 51626 34 51691 20 51712 151 51882 33 51948 19 51968 151 52137 33 52204 18 52224 151 52387 39 52461 16 52480 152 52642 40 52718 14 52736 152 52896 42 52974 13 52992 152 53152 43 53231 9 53248 152 53407 45 53488 6 53504 129 53635 20 53663 46 53747 1 53760 130 53893 17 53919 47 54016 130 54156 9 54174 48 54272 130 54413 9 54428 28 54460 18 54528 130 54671 7 54682 29 54722 12 54784 130 54927 39 54977 13 55040 129 55183 38 55233 13 55296 129 55440 37 55489 12 55552 89 55643 37 55696 37 55745 12 55808 88 55900 36 55953 37 56002 11 56064 87 56157 35 56210 36 56258 11 56320 87 56411 37 56466 38 56512 13 56576 82 56662 2 56666 37 56722 40 56767 15 56832 82 56917 42 56977 41 57022 16 57088 82 57172 42 57232 43 57277 17 57344 82 57427 43 57488 42 57533 17 57600 82 57683 42 57744 42 57788 18 57856 127 58001 40 58045 17 58112 128 58258 39 58301 17 58368 128 58515 38 58558 16 58624 129 58771 37 58815 15 58880 80 58963 18 58985 24 59027 37 59070 17 59136 79 59219 17 59242 22 59284 36 59326 18 59392 76 59477 6 59488 3 59499 20 59540 35 59581 19 59648 75 59734 4 59756 19 59796 35 59836 20 59904 75 60015 15 60052 35 60092 19 60160 74 60273 13 60308 36 60348 18 60416 74 60530 11 60565 35 60603 18 60672 74 60790 6 60821 35 60858 18 60928 74 61078 34 61114 18 61184 74 61335 52 61440 75 61593 50 61696 75 61851 48 61952 75 62109 45 62208 75 62366 43 62464 75 62630 35 62702 4 62720 75 62887 33 62957 5 62976 74 63143 33 63212 6 63232 74 63399 33 63467 7 63488 74 63655 35 63723 7 63744 74 63911 36 63978 8 64000 73 64167 37 64234 9 64245 6 64256 73 64423 37 64490 9 64500 85 64679 38 64746 9 64756 85 64936 38 64998 98 65192 38 65253 99 65449 37 65508 28
255544,0 17152 17153 255 17410 254 17666 254 17923 253 18179 253 18435 253 18691 253 18948 252 19204 252 19461 251 19717 251 19974 250 20230 250 20486 250 20743 249 20999 249 21255 249 21512 248 21768 248 22024 248 22281 247 22537 247 22793 247 23049 247 23306 246 23562 246 23818 246 24075 245 24331 245 24588 244 24844 244 25101 243 25357 243 25613 243 25869 243 26126 242 26382 242 26638 242 26894 242 27151 241 27407 241 27663 241 27920 240 28176 240 28433 239 28689 239 28946 238 29202 238 29458 238 29715 237 29971 237 30227 237 30483 237 30740 236 30996 236 31252 236 31509 235 31765 235 32021 235 32278 234 32534 234 32790 234 33047 233 33303 233 33559 233 33816 232 34072 232 34328 232 34585 231 34841 231 35098 230 35354 230 35610 230 35867 229 36123 229 36379 229 36636 228 36892 228 37148 228 37405 227 37661 227 37917 227 38174 226 38430 226 38687 225 38943 225 39199 225 39456 224 39712 224 39969 223 40225 223 40482 222 40738 222 40994 222 41251 221 41507 221 41763 221 42019 221 42275 221 42532 220 42788 220 43044 220 43301 219 43557 219 43813 219 44069 219 44326 218 44582 218 44838 218 45094 218 45351 217 45607 217 45863 217 46120 216 46376 216 46633 215 46889 215 47145 215 47402 214 47658 214 47914 214 48171 213 48427 213 48683 213 48940 212 49196 212 49452 212 49709 211 49965 211 50221 211 50477 211 50734 210 50990 210 51247 209 51503 209 51759 209 52016 208 52272 208 52528 208 52785 207 53041 207 53297 207 53554 206 53810 206 54066 206 54323 205 54579 205 54836 204 55092 204 55348 204 55604 204 55861 203 56117 203 56373 203 56630 202 56886 202 57142 202 57399 201 57655 201 57912 200 58168 200 58424 200 58680 200 58937 199 59193 199 59450 198 59706 198 59962 198 60218 198 60475 197 60731 197 60988 196 61244 196 61500 196 61756 196 62013 195 62269 195 62525 195 62782 194 63038 194 63294 194 63551 193 63808 192 64064 192 64320 192 64576 192 64832 192 65089 191 65345 191
260940,0 34 35 9 58 4 87 29 222 2 230 13 256 45 305 2 313 7 343 27 442 4 477 5 486 13 512 46 560 4 569 6 599 25 697 7 733 6 742 12 768 46 815 5 825 5 856 22 953 9 988 8 998 11 1024 56 1081 4 1114 1 1118 14 1209 10 1230 4 1243 10 1254 9 1280 44 1325 12 1374 10 1466 9 1485 6 1499 19 1536 44 1581 12 1630 7 1723 8 1741 7 1754 18 1792 27 1821 15 1837 11 1887 3 1979 9 1997 7 2010 18 2048 26 2078 14 2094 9 2236 7 2246 2 2254 6 2265 20 2304 25 2335 12 2351 4 2493 3 2510 6 2520 22 2560 24 2591 9 2601 1 2608 1 2660 3 2767 5 2777 22 2816 1 2820 19 2846 12 2916 3 3023 5 3034 22 3077 17 3102 12 3172 3 3280 3 3290 23 3334 6 3341 9 3358 13 3428 4 3546 23 3590 5 3599 6 3614 13 3683 5 3714 3 3802 23 3845 5 3856 5 3870 12 3888 1 3939 4 3969 5 4058 23 4100 5 4113 4 4125 13 4142 4 4223 8 4314 22 4349 2 4357 4 4370 2 4381 10 4393 2 4397 4 4468 2 4472 16 4570 22 4605 3 4614 3 4637 8 4650 7 4724 20 4826 6 4837 10 4860 4 4871 2 4893 7 4907 6 4979 22 5096 6 5117 3 5139 1 5149 7 5163 7 5235 23 5326 6 5355 1 5373 3 5395 1 5405 8 5418 8 5492 6 5500 14 5581 9 5636 1 5650 3 5661 8 5673 7 5681 2 5758 12 5836 11 5906 3 5918 9 5929 5 6013 13 6091 15 6162 3 6174 8 6185 3 6268 15 6346 17 6419 2 6431 6 6441 3 6524 15 6601 20 6676 1 6688 5 6697 2 6780 16 6857 20 7036 16 7114 19 7292 16 7345 3 7371 18 7548 15 7600 5 7629 16 7805 14 7855 7 7887 13 8061 13 8110 9 8150 7 8317 13 8366 10 8406 8 8569 3 8573 13 8621 11 8662 9 8800 3 8823 19 8871 17 8918 10 8962 6 9053 6 9078 20 9126 18 9175 10 9219 5 9308 7 9333 21 9381 19 9431 10 9477 2 9564 7 9589 22 9636 19 9688 8 9820 6 9845 22 9892 18 9945 7 10076 5 10086 1 10101 21 10148 17 10202 6 10333 3 10341 5 10354 24 10403 17 10458 6 10589 3 10596 6 10610 23 10659 17 10711 10 10834 1 10845 12 10866 22 10914 17 10966 11 11090 7 11099 8 11109 4 11122 21 11170 15 11221 13 11344 10 11355 5 11365 4 11380 19 11426 13 11477 13 11597 13 11613 2 11622 6 11637 17 11691 1 11733 14 11853 13 11878 12 11893 16 11989 15 12108 13 12133 32 12245 16 12364 13 12388 33 12500 17 12620 13 12642 35 12755 18 12875 14 12897 35 13010 19 13133 12 13152 35 13266 19 13391 13 13408 34 13522 19 13648 50 13778 19 13905 49 14034 19 14165 45 14290 20 14406 1 14422 44 14467 5 14546 22 14681 41 14724 5 14803 22 14937 41 14980 5 15002 3 15060 21 15194 39 15237 5 15246 4 15257 5 15320 17 15344 3 15454 34 15494 13 15512 6 15577 16 15599 6 15615 1 15702 5 15712 3 15719 24 15750 14 15767 8 15834 15 15855 7 15869 3 15930 1 15956 7 15977 20 16006 14 16022 9 16091 15 16111 8 16122 6 16210 9 16239 13 16262 14 16277 10 16347 17 16368 16 16465 10 16496 12 16521 22 16594 6 16605 16 16624 16 16721 9 16752 12 16777 23 16848 30 16882 14 16976 9 17009 11 17022 1 17032 25 17104 30 17140 12 17156 2 17232 7 17266 17 17287 27 17359 30 17397 11 17409 5 17488 5 17523 17 17542 31 17611 34 17654 16 17780 50 17840 2 17866 34 17910 16 18037 51 18095 4 18119 34 18166 15 18252 5 18293 51 18351 4 18373 35 18422 10 18433 4 18507 7 18549 52 18608 2 18628 35 18678 10 18690 3 18762 9 18804 53 18883 36 18934 10 18947 1 19018 9 19059 53 19139 8 19152 22 19190 9 19200 4 19230 1 19273 11 19315 54 19373 4 19394 10 19409 20 19446 8 19456 4 19478 3 19485 6 19529 12 19571 7 19581 44 19628 6 19650 10 19666 18 19702 7 19712 5 19733 4 19740 7 19786 12 19827 6 19839 52 19906 10 19921 18 19958 7 19968 5 19988 4 19993 11 20042 12 20075 5 20084 4 20096 53 20161 11 20177 17 20215 6 20224 5 20243 5 20251 9 20300 10 20330 8 20340 1 20352 53 20417 12 20432 16 20472 5 20480 4 20499 5 20508 8 20557 9 20586 9 20608 53 20672 13 20688 14 20729 3 20755 4 20763 9 20813 10 20842 10 20864 52 20927 15 20944 14 21008 6 21019 9 21069 10 21099 10 21120 51 21178 20 21199 14 21247 1 21273 14 21325 10 21355 10 21376 52 21434 34 21502 2 21528 16 21582 9 21612 9 21632 52 21690 12 21706 9 21718 5 21757 3 21780 1 21782 19 21838 9 21870 7 21888 52 21952 6 21962 9 21974 5 22013 3 22036 10 22049 9 22096 6 22128 4 22144 53 22209 6 22218 9 22230 5 22269 3 22292 22 22368 4 22401 14 22421 32 22465 7 22473 10 22487 4 22525 3 22548 22 22623 7 22659 11 22679 20 22702 8 22722 17 22744 2 22781 3 22804 21 22871 2 22879 7 22917 11 22935 18 22959 7 22979 14 23037 3 23061 20 23124 6 23135 8 23174 10 23191 17 23219 3 23235 13 23294 2 23308 3 23317 20 23379 7 23392 6 23432 2 23435 6 23447 17 23476 2 23562 7 23574 19 23633 9 23649 5 23691 7 23703 15 23738 4 23818 7 23830 19 23889 9 23906 3 23947 7 23960 15 23976 2 23993 4 24073 9 24086 18 24144 9 24162 3 24202 8 24217 18 24248 5 24329 9 24343 16 24403 3 24457 10 24478 13 24504 5 24584 11 24602 13 24620 3 24712 12 24735 12 24760 4 24840 10 24858 13 24875 7 24968 13 24991 13 25017 2 25095 11 25115 12 25130 11 25224 13 25247 13 25283 5 25355 6 25372 11 25386 19 25413 5 25480 13 25503 13 25539 11 25612 5 25629 10 25641 22 25667 9 25736 14 25759 15 25794 12 25867 6 25885 11 25897 22 25922 13 25993 13 26015 15 26050 12 26123 6 26141 11 26153 21 26177 15 26250 12 26270 15 26306 13 26378 7 26389 6 26397 33 26433 15 26508 9 26526 17 26545 2 26562 12 26634 7 26643 43 26688 17 26764 9 26781 13 26796 9 26818 12 26890 6 26898 63 27021 7 27037 13 27051 10 27074 12 27145 6 27153 65 27278 5 27293 12 27306 11 27331 11 27402 5 27410 64 27549 24 27587 11 27658 5 27667 63 27805 24 27844 12 27914 7 27923 63 28061 23 28100 13 28171 7 28181 61 28316 24 28355 15 28427 71 28573 23 28610 16 28683 52 28737 18 28829 23 28865 18 28939 51 28994 18 29086 22 29120 19 29195 51 29251 18 29332 3 29343 21 29368 2 29376 19 29447 54 29507 19 29589 2 29599 21 29624 2 29630 20 29701 56 29764 18 29855 22 29881 1 29885 10 29898 5 29956 57 30020 18 30111 21 30141 9 30212 58 30275 19 30367 21 30397 9 30469 58 30531 2 30536 14 30623 20 30652 10 30726 58 30786 2 30792 14 30816 3 30842 3 30880 7 30888 2 30893 5 30907 11 30983 33 31017 14 31035 10 31048 14 31071 6 31097 6 31136 6 31162 12 31239 32 31274 12 31293 25 31326 9 31351 9 31387 2 31392 6 31417 13 31495 32 31531 11 31549 25 31580 11 31606 11 31642 4 31649 5 31672 14 31752 32 31788 11 31802 27 31835 12 31861 13 31897 6 31906 9 31916 2 31928 14 32009 31 32046 39 32090 12 32117 13 32152 8 32163 11 32183 15 32266 31 32303 36 32346 12 32372 14 32408 8 32421 10 32437 7 32445 9 32524 29 32560 34 32602 11 32628 15 32646 7 32664 9 32680 7 32692 18 32782 28 32816 33 32858 10 32884 16 32901 10 32919 11 32937 6 32947 4 32952 14 33042 23 33070 36 33128 5 33139 29 33174 12 33195 5 33204 18 33300 20 33324 38 33383 8 33393 32 33429 13 33452 5 33460 17 33558 18 33579 6 33587 31 33638 44 33684 14 33709 5 33716 16 33814 16 33833 3 33846 28 33894 61 33966 21 34070 16 34087 5 34103 26 34150 63 34222 21 34326 16 34343 5 34362 22 34406 65 34478 20 34504 6 34582 21 34619 20 34663 65 34734 21 34758 8 34838 16 34855 4 34875 20 34920 65 34990 22 35013 10 35093 16 35131 19 35177 64 35245 35 35349 15 35386 19 35433 35 35470 27 35501 36 35604 15 35642 18 35689 63 35756 40 35860 14 35901 14 35945 63 36012 24 36038 15 36115 14 36158 13 36200 65 36267 25 36295 15 36371 6 36379 6 36415 13 36456 92 36551 15 36627 6 36635 6 36671 12 36710 78 36790 9 36800 4 36808 14 36883 14 36915 3 36928 11 36965 77 37047 8 37056 4 37065 5 37072 6 37139 14 37171 6 37184 11 37220 77 37304 11 37323 1 37328 6 37364 7 37395 14 37424 3 37429 5 37440 9 37475 77 37561 9 37585 5 37618 11 37651 5 37658 7 37680 3 37685 5 37691 2 37696 7 37718 3 37727 81 37818 7 37842 3 37873 13 37907 4 37915 6 37939 11 37953 4 37974 3 37982 82 38075 6 38128 14 38172 5 38194 12 38230 3 38237 82 38332 4 38384 15 38416 2 38429 3 38450 2 38456 7 38492 83 38589 3 38634 22 38672 3 38685 3 38713 6 38747 39 38789 41 38889 23 38928 4 38942 2 38969 7 38997 2 39003 38 39047 39 39144 24 39184 6 39198 3 39225 7 39251 46 39303 39 39400 24 39440 7 39454 4 39482 5 39505 27 39534 19 39559 28 39592 7 39656 24 39696 8 39709 5 39738 5 39760 27 39790 18 39813 15 39831 11 39848 8 39912 24 39952 11 39965 4 39994 2 40016 48 40068 13 40087 11 40103 9 40167 25 40209 16 40272 47 40322 2 40325 12 40343 11 40359 10 40423 25 40465 2 40471 8 40528 47 40578 2 40581 12 40599 11 40615 11 40679 25 40722 1 40726 8 40784 47 40834 2 40837 13 40854 11 40870 12 40934 25 40977 13 41040 48 41090 2 41095 11 41110 8 41126 12 41190 25 41231 15 41296 48 41346 1 41351 12 41366 7 41381 12 41446 24 41485 18 41552 6 41561 39 41602 1 41608 12 41621 9 41631 23 41702 23 41739 20 41808 5 41818 38 41858 1 41864 46 41958 23 41994 22 42064 4 42074 10 42085 27 42114 1 42119 47 42214 23 42249 23 42321 4 42330 10 42341 26 42375 11 42387 35 42471 21 42505 24 42577 4 42585 11 42597 24 42631 9 42644 7 42654 19 42727 20 42762 23 42833 5 42841 11 42854 22 42887 9 42900 6 42911 17 42984 18 43019 22 43088 19 43111 21 43142 10 43156 4 43168 14 43240 17 43275 23 43311 5 43344 19 43367 21 43397 11 43410 6 43433 3 43496 17 43531 23 43567 6 43600 18 43623 21 43653 22 43752 17 43787 23 43823 6 43856 18 43879 21 43908 25 44008 16 44043 22 44069 1 44080 4 44112 17 44136 21 44164 26 44264 16 44298 23 44324 1 44336 3 44367 11 44379 6 44392 21 44419 27 44521 14 44551 27 44579 2 44591 2 44622 20 44648 21 44675 27 44777 14 44806 28 44835 1 44847 2 44878 6 44886 13 44904 22 44930 11 44943 15 45034 13 45060 30 45134 5 45148 2 45151 6 45160 22 45185 11 45200 13 45290 13 45314 32 45389 6 45407 30 45440 12 45456 12 45546 13 45569 33 45606 9 45645 7 45664 28 45696 12 45712 12 45801 14 45824 35 45862 9 45901 8 45920 27 45952 11 45969 10 46057 14 46080 35 46117 8 46157 9 46175 28 46207 12 46225 10 46313 15 46336 42 46413 12 46430 29 46462 13 46481 9 46568 16 46592 38 46669 19 46689 41 46736 10 46755 4 46824 18 46848 38 46925 19 46945 40 46992 10 47010 7 47079 19 47104 38 47181 19 47201 37 47247 11 47266 7 47335 20 47360 38 47423 5 47437 19 47457 36 47503 11 47523 6 47590 22 47616 38 47677 8 47693 56 47760 10 47780 5 47846 22 47872 38 47932 9 47949 57 48016 9 48093 1 48101 23 48128 39 48188 9 48205 39 48249 15 48274 5 48316 4 48348 2 48357 22 48384 40 48444 10 48461 38 48507 13 48571 6 48603 4 48613 22 48640 41 48700 10 48716 39 48766 9 48816 2 48826 7 48855 8 48868 22 48896 41 48956 12 48970 40 49022 8 49071 5 49082 7 49110 9 49124 22 49152 41 49212 54 49270 5 49277 7 49326 6 49338 7 49366 10 49380 22 49409 40 49469 54 49526 6 49533 6 49579 10 49593 8 49621 12 49636 23 49666 39 49726 2 49729 50 49782 13 49832 13 49849 7 49877 13 49891 24 49923 37 49985 51 50038 6 50045 5 50086 15 50104 8 50134 36 50179 37 50240 60 50342 14 50361 5 50390 36 50436 36 50495 61 50598 14 50617 4 50646 34 50692 36 50751 60 50854 13 50902 32 50948 25 50976 8 51006 61 51110 12 51157 33 51204 23 51233 8 51262 60 51367 11 51412 34 51459 23 51489 9 51518 60 51594 3 51624 9 51665 37 51715 23 51746 9 51774 51 51827 6 51844 10 51881 8 51918 40 51971 23 52002 9 52030 50 52085 3 52099 11 52139 6 52174 40 52227 21 52258 9 52272 1 52286 11 52299 37 52355 12 52396 4 52429 29 52461 7 52483 21 52514 8 52527 3 52542 11 52555 31 52587 3 52591 2 52610 14 52685 29 52737 23 52771 7 52782 4 52796 12 52811 33 52847 3 52866 14 52941 29 52992 23 53027 6 53037 6 53051 13 53067 32 53102 4 53122 15 53197 29 53248 23 53283 7 53293 6 53307 3 53311 8 53323 32 53358 4 53369 4 53377 17 53452 31 53504 23 53539 8 53550 5 53562 1 53569 6 53579 32 53613 5 53624 27 53678 4 53708 31 53760 23 53796 8 53806 5 53835 39 53879 28 53933 9 53964 32 54016 16 54033 5 54053 8 54063 2 54092 37 54134 30 54188 14 54220 32 54272 1 54277 11 54290 2 54311 7 54344 3 54351 35 54389 32 54444 16 54476 33 54534 9 54569 6 54599 4 54608 34 54645 32 54693 1 54700 16 54733 16 54757 8 54794 5 54824 8 54850 1 54855 4 54866 34 54901 32 54948 3 54955 17 54991 14 55014 6 55029 7 55051 4 55080 8 55106 2 55112 3 55123 65 55203 5 55210 19 55235 4 55249 12 55270 5 55284 8 55308 3 55335 9 55362 3 55379 64 55458 6 55466 18 55490 6 55506 11 55540 8 55565 3 55589 11 55634 4 55639 10 55651 3 55656 41 55713 27 55745 7 55763 9 55796 7 55821 3 55844 11 55896 10 55907 45 55968 28 56001 7 56020 8 56051 7 56077 4 56099 6 56116 1 56153 9 56163 44 56224 27 56256 9 56277 6 56306 8 56333 5 56346 3 56355 5 56396 5 56408 54 56479 27 56512 9 56534 3 56558 12 56589 5 56599 8 56609 7 56652 5 56664 54 56735 27 56768 10 56806 3 56812 15 56845 5 56855 18 56920 54 56991 26 57025 8 57061 6 57068 15 57101 5 57112 17 57176 54 57247 24 57283 5 57316 24 57357 5 57368 5 57377 8 57433 52 57504 20 57572 25 57601 5 57613 5 57625 3 57633 7 57690 51 57760 18 57828 26 57856 7 57865 6 57872 3 57893 2 57946 50 58016 16 58045 2 58084 26 58112 7 58121 5 58128 4 58150 1 58203 4 58209 38 58248 2 58273 15 58298 7 58340 27 58368 6 58378 4 58383 6 58464 40 58530 14 58553 8 58597 26 58624 5 58636 1 58639 6 58720 23 58745 15 58790 14 58809 8 58853 26 58880 5 58895 7 58975 42 59048 14 59064 9 59109 32 59153 7 59230 28 59259 14 59304 15 59320 9 59365 31 59410 9 59487 27 59516 13 59560 14 59576 8 59621 30 59667 9 59683 2 59743 28 59775 10 59816 14 59832 8 59877 29 59920 13 59938 3 59999 42 60072 13 60089 6 60133 27 60166 3 60171 18 60192 4 60255 42 60328 12 60346 4 60389 27 60420 5 60427 24 60512 4 60517 36 60584 11 60645 27 60675 6 60683 24 60775 34 60840 10 60901 35 60940 23 61031 18 61055 9 61098 5 61157 33 61197 6 61206 13 61287 17 61312 7 61412 31 61454 3 61464 10 61543 16 61570 3 61667 28 61696 3 61725 4 61739 2 61798 17 61923 28 61952 2 61981 2 61995 3 62054 17 62178 32 62251 5 62310 17 62434 30 62492 1 62501 12 62565 18 62690 30 62747 2 62754 16 62820 20 62945 31 63010 12 63075 22 63201 31 63266 12 63330 24 63459 29 63521 12 63586 25 63711 3 63716 28 63777 12 63829 3 63841 27 63967 3 63972 28 64004 3 64033 12 64083 6 64095 29 64222 34 64259 7 64289 12 64316 3 64337 43 64478 34 64515 9 64546 12 64572 3 64592 22 64618 18 64734 34 64771 11 64802 13 64829 2 64848 21 64877 15 64990 34 65027 12 65058 14 65104 21 65133 15 65247 33 65282 14 65315 16 65360 21 65390 14 65503 33
263633,0 27 79 8 256 28 335 9 512 33 592 8 768 34 848 9 1024 35 1103 11 1280 35 1347 7 1359 12 1536 36 1576 4 1601 9 1614 14 1634 1 1792 47 1852 15 1869 15 1888 5 2048 51 2107 16 2125 15 2144 6 2304 52 2362 17 2382 13 2400 6 2561 51 2618 17 2638 12 2656 6 2817 52 2873 19 2895 8 2913 5 3073 52 3128 20 3153 5 3170 3 3186 2 3329 53 3383 22 3441 4 3585 77 3697 4 3842 64 3910 9 3952 5 4099 61 4167 8 4208 5 4355 60 4424 7 4464 4 4611 55 4681 6 4720 3 4868 51 4938 5 5124 50 5195 3 5380 49 5637 48 5892 47 6148 37 6405 35 6661 35 6917 35 7172 37 7283 3 7426 41 7538 5 7680 45 7794 6 7936 45 8050 6 8192 44 8306 6 8424 2 8448 43 8562 13 8680 2 8704 42 8818 14 8960 41 9074 16 9216 40 9329 17 9472 41 9585 18 9728 41 9827 2 9841 19 9984 42 10083 4 10097 19 10240 43 10339 5 10353 20 10496 44 10596 3 10609 22 10752 45 10854 1 10866 22 11008 46 11123 22 11264 47 11380 21 11520 48 11636 21 11776 50 11897 14 12032 51 12146 4 12153 10 12288 51 12401 5 12409 9 12552 43 12657 16 12808 43 12913 15 13064 43 13169 14 13320 42 13425 7 13436 1 13576 41 13684 3 13831 41 14086 42 14178 4 14341 43 14432 9 14597 44 14688 8 14850 47 14944 7 14996 4 15105 49 15200 4 15238 3 15251 6 15360 50 15456 1 15490 9 15507 6 15616 50 15744 14 15762 8 15872 49 15998 18 16017 9 16128 49 16251 33 16304 6 16384 49 16437 5 16468 8 16482 2 16506 34 16559 9 16640 59 16723 9 16737 4 16761 36 16815 11 16896 60 16978 10 16992 6 17017 37 17071 13 17152 60 17234 3 17247 7 17272 37 17326 14 17408 61 17503 6 17527 38 17582 15 17665 59 17731 5 17759 6 17783 38 17836 17 17922 58 17985 8 18015 5 18040 26 18067 9 18091 17 18178 73 18296 26 18326 5 18346 18 18367 3 18434 52 18491 16 18553 25 18602 16 18621 6 18690 48 18747 16 18809 25 18858 17 18876 8 18947 6 18956 37 19003 16 19065 24 19114 26 19203 5 19213 36 19256 18 19318 19 19339 6 19372 24 19470 34 19511 17 19572 20 19597 3 19629 22 19712 6 19727 33 19765 19 19827 22 19887 20 19968 7 19983 33 20020 19 20080 25 20144 19 20224 8 20239 56 20335 26 20399 20 20480 9 20494 57 20590 28 20653 22 20736 9 20750 57 20846 27 20905 26 20992 9 21006 57 21102 21 21157 30 21248 11 21261 33 21295 25 21358 20 21412 31 21504 45 21553 23 21614 20 21666 33 21760 44 21808 24 21872 18 21923 32 22016 42 22064 25 22133 12 22179 31 22272 41 22319 23 22390 10 22437 29 22528 40 22575 21 22647 6 22695 26 22784 40 22831 21 22952 24 23040 38 23088 20 23209 17 23296 4 23308 29 23344 20 23466 14 23552 4 23568 10 23580 17 23599 21 23723 12 23808 7 23828 1 23837 37 23878 1 23981 8 24064 8 24093 33 24134 4 24320 8 24349 33 24390 5 24576 9 24605 35 24645 6 24832 9 24861 47 25088 9 25117 47 25344 10 25373 46 25600 11 25630 45 25856 11 25885 45 26112 11 26141 44 26368 3 26373 6 26397 44 26624 2 26631 3 26652 44 26880 2 26908 44 27136 1 27165 43 27392 1 27424 32 27460 3 27681 30 27838 2 27937 29 28093 4 28193 27 28348 6 28451 24 28604 5 28712 18 28733 4 28860 5 28970 7 28979 6 28989 6 29227 6 29244 7 29453 4 29482 6 29500 7 29531 7 29705 9 29735 8 29755 8 29786 9 29800 3 29959 11 29990 10 30010 9 30042 9 30055 5 30215 11 30245 11 30265 10 30298 10 30309 8 30468 14 30500 14 30521 10 30554 19 30721 18 30756 15 30777 10 30810 18 30976 19 31012 16 31033 10 31066 17 31232 19 31269 15 31289 10 31322 16 31489 18 31527 13 31546 10 31577 17 31745 18 31787 7 31796 1 31805 7 31833 16 31966 5 32000 19 32053 4 32062 6 32088 17 32222 6 32256 19 32309 4 32321 2 32343 17 32477 8 32512 19 32564 5 32599 17 32620 6 32733 9 32768 20 32812 1 32820 5 32855 16 32874 9 32990 9 33024 21 33067 2 33076 6 33111 17 33129 10 33246 9 33280 22 33321 5 33331 8 33368 28 33503 8 33536 23 33576 7 33587 8 33625 26 33759 8 33792 25 33819 6 33831 10 33843 8 33883 23 34016 6 34048 34 34087 20 34139 22 34273 3 34304 34 34343 20 34395 21 34560 35 34598 20 34651 20 34817 35 34853 21 34907 17 35074 56 35164 16 35332 54 35426 10 35590 52 35683 10 35847 51 35940 10 36104 34 36144 9 36172 5 36196 10 36352 2 36361 32 36412 9 36426 9 36453 9 36608 2 36618 33 36667 24 36710 8 36864 2 36874 24 36900 8 36923 24 36968 5 37120 3 37131 23 37157 9 37178 25 37376 3 37387 24 37413 14 37433 26 37632 3 37643 25 37670 44 37888 3 37899 70 38091 3 38144 3 38156 68 38347 3 38358 2 38400 2 38412 66 38602 4 38613 3 38668 66 38857 5 38869 4 38923 67 39114 4 39124 6 39177 50 39231 14 39370 5 39380 6 39431 46 39489 12 39619 1 39626 6 39635 8 39687 45 39746 9 39875 1 39882 18 39943 45 40004 5 40139 17 40184 3 40199 44 40262 1 40396 17 40439 4 40455 45 40624 4 40652 6 40660 10 40696 3 40712 44 40879 7 40909 3 40918 8 40968 43 41132 15 41176 5 41199 3 41225 43 41386 18 41433 3 41454 5 41481 44 41641 20 41709 6 41738 44 41897 21 41965 7 41995 44 42153 23 42222 8 42252 45 42409 24 42478 12 42510 44 42666 25 42736 10 42767 43 42922 26 42996 6 43023 44 43178 27 43253 5 43279 43 43350 1 43434 27 43509 5 43536 42 43606 2 43690 27 43766 4 43792 40 43862 2 43946 26 44022 4 44050 37 44118 1 44201 27 44278 3 44311 32 44457 26 44569 30 44713 26 44826 29 44969 25 45050 6 45082 29 45225 25 45305 7 45338 29 45481 26 45560 8 45595 29 45737 26 45815 9 45851 29 45993 26 46044 2 46070 10 46107 29 46250 26 46299 5 46322 14 46362 31 46404 4 46507 25 46554 7 46577 15 46618 31 46659 6 46765 24 46809 7 46833 15 46873 32 46914 8 47022 24 47065 7 47089 15 47106 3 47128 34 47170 8 47280 22 47322 5 47345 21 47382 35 47426 8 47536 24 47579 3 47602 21 47636 37 47682 8 47790 27 47858 21 47890 39 47939 7 48045 29 48115 20 48145 40 48196 5 48300 31 48371 19 48400 41 48448 2 48453 3 48555 33 48627 17 48655 43 48703 9 48806 39 48882 16 48911 44 48958 10 49061 40 49137 15 49167 58 49317 40 49392 16 49422 59 49573 39 49645 19 49678 59 49829 39 49901 16 49934 59 50085 38 50156 16 50191 5 50200 50 50341 37 50412 16 50447 4 50459 47 50583 2 50598 36 50668 17 50718 45 50855 34 50925 16 50975 44 51112 32 51181 16 51232 44 51290 3 51369 30 51438 15 51488 26 51517 15 51546 4 51626 28 51694 15 51745 26 51773 14 51802 6 51882 26 51950 14 52002 26 52029 14 52057 8 52127 5 52139 23 52207 8 52216 2 52260 39 52313 10 52382 6 52396 21 52464 4 52517 37 52569 10 52638 7 52652 20 52772 5 52781 29 52825 10 52894 8 52907 21 53027 5 53037 28 53081 11 53150 9 53163 20 53283 5 53293 28 53337 11 53406 10 53419 20 53539 5 53550 26 53593 12 53663 10 53675 3 53683 10 53743 3 53796 1 53806 24 53842 1 53849 13 53919 11 53945 1 53996 7 54063 22 54097 3 54106 13 54176 9 54252 8 54319 21 54353 4 54362 14 54432 8 54508 9 54575 20 54609 6 54621 12 54689 6 54764 10 54831 18 54866 8 54877 12 54945 5 55020 11 55044 6 55087 17 55122 8 55134 11 55201 3 55276 11 55300 7 55344 15 55378 9 55391 10 55458 1 55532 11 55555 9 55601 14 55627 3 55633 10 55647 9 55713 2 55788 11 55811 9 55859 13 55883 5 55889 11 55903 8 55938 5 55968 3 56044 11 56068 9 56084 3 56118 12 56138 6 56145 11 56159 7 56191 10 56224 4 56299 12 56324 9 56339 6 56375 9 56395 5 56402 19 56445 13 56480 3 56555 13 56580 9 56594 7 56631 8 56652 2 56660 15 56700 14 56737 2 56742 2 56745 4 56810 20 56836 9 56850 9 56864 1 56887 8 56917 11 56956 14 56995 6 57002 4 57065 23 57093 8 57105 19 57136 5 57145 4 57174 9 57212 14 57251 6 57258 5 57280 4 57319 25 57349 8 57361 20 57392 5 57430 9 57468 13 57507 1 57510 2 57516 4 57535 13 57574 26 57605 9 57617 20 57649 4 57686 9 57724 12 57752 1 57763 1 57772 6 57782 2 57790 16 57815 4 57829 27 57861 32 57905 4 57942 8 57979 11 58007 3 58031 3 58036 8 58045 18 58070 5 58085 27 58117 34 58162 1 58184 1 58187 5 58197 8 58235 10 58262 5 58288 33 58324 8 58341 27 58373 31 58444 9 58457 3 58491 10 58519 11 58545 43 58597 27 58629 24 58702 7 58748 8 58775 11 58802 41 58853 27 58885 24 58956 9 59004 7 59031 11 59059 40 59109 27 59141 24 59212 9 59261 5 59287 11 59316 20 59338 17 59364 28 59398 22 59469 7 59543 13 59573 18 59594 17 59620 28 59654 21 59684 4 59725 5 59799 13 59831 16 59850 17 59876 28 59910 11 59923 7 59939 6 59982 4 60056 12 60087 26 60115 7 60133 27 60166 7 60180 5 60194 9 60238 3 60312 10 60339 26 60389 27 60423 5 60438 1 60450 9 60494 3 60558 2 60569 10 60592 29 60645 27 60679 4 60701 5 60708 8 60750 2 60813 5 60826 10 60845 32 60902 26 60935 4 60957 5 60966 6 61068 6 61082 10 61098 34 61157 27 61190 4 61213 5 61223 5 61316 6 61323 8 61338 10 61353 35 61412 28 61469 6 61480 3 61571 17 61594 9 61608 35 61667 29 61725 6 61826 33 61864 34 61922 30 61982 4 62082 26 62111 43 62177 31 62238 2 62337 27 62367 43 62433 31 62592 28 62623 40 62688 32 62844 32 62878 39 62944 32 63038 2 63098 33 63134 37 63200 32 63260 1 63293 7 63352 34 63390 36 63456 32 63548 7 63606 36 63646 36 63712 32 63803 8 63859 39 63902 35 63970 30 64059 7 64114 47 64168 25 64222 34 64266 6 64315 7 64369 25 64395 20 64425 23 64476 36 64521 7 64540 1 64572 5 64624 26 64652 20 64681 18 64731 37 64776 8 64795 2 64829 2 64880 16 64910 18 64937 17 64986 38 65032 7 65051 3 65138 6 65145 6 65169 15 65193 8 65242 38 65288 7 65307 4 65330 3 65428 10 65449 6 65499 37
268600,0 223 224 25 252 227 480 4 486 19 508 233 742 19 764 253 1024 249 1280 251 1536 254 1792 255 2048 6822 8871 600 9472 255 9728 14957 24690 251 24950 246 25207 246 25465 7 25475 234 25732 234 25988 234 26243 237 26498 54 26555 183 26753 55 26812 184 26997 6 27007 56 27069 191 27262 57 27326 249 27583 247 27839 246 28094 247 28349 248 28605 249 28861 250 29118 250 29374 18 29394 255 29650 255 29906 25005 54915 251 55171 251 55427 251 55683 180 55865 69 55939 179 56121 69 56195 179 56377 69 56451 178 56633 70 56707 179 56889 253 57143 8393
269087,0 44032 44033 255 44290 254 44547 253 44804 252 45060 252 45316 252 45572 252 45828 252 46085 251 46341 251 46597 251 46853 251 47109 251 47364 252 47618 254 47874 254 48130 254 48386 254 48642 254 48898 254 49154 254 49411 253 49667 253 49923 253 50180 252 50436 252 50692 252 50949 251 51206 250 51464 248 51722 246 51979 245 52236 244 52493 243 52749 243 53006 242 53262 242 53518 242 53774 242 54030 242 54285 243 54540 244 54795 245 55049 247 55303 249 55559 249 55813 251 56069 251 56325 251 56580 252 56836 252 57092 252 57348 252 57605 251 57861 251 58117 251 58373 251 58628 252 58884 252 59139 253 59396 252 59652 252 59909 251 60167 249 60425 247 60681 247 60934 250 61190 250 61446 250 61702 250 61958 250 62213 251 62469 251 62724 252 62979 253 63234 1534 64769 255 65025 255 65281 255
270495,0 12 41 2 54 6 92 15 120 8 188 6 205 1 253 14 309 7 324 3 349 14 375 9 445 5 460 3 509 14 564 8 579 5 605 14 631 10 702 4 716 3 765 13 819 10 834 8 862 13 884 13 951 6 972 4 1023 11 1075 11 1089 12 1119 12 1138 15 1206 8 1227 5 1279 11 1330 12 1343 16 1366 1 1377 11 1393 17 1460 17 1483 6 1534 11 1582 28 1611 12 1634 10 1648 19 1699 1 1715 19 1738 8 1789 12 1821 3 1834 1 1837 20 1869 10 1892 8 1904 19 1954 4 1970 21 1994 9 2018 2 2044 13 2074 7 2090 22 2128 6 2149 7 2160 20 2209 6 2221 26 2250 10 2272 4 2299 14 2328 9 2345 22 2386 3 2407 5 2416 21 2465 8 2476 11 2489 15 2506 11 2526 7 2555 14 2584 8 2601 22 2663 5 2672 21 2709 1 2721 21 2746 27 2782 9 2792 2 2810 14 2840 7 2857 12 2871 7 2919 7 2927 23 2964 3 2977 7 2987 10 3002 27 3037 7 3047 9 3066 13 3096 7 3114 9 3129 4 3175 7 3183 23 3219 4 3233 6 3242 10 3258 26 3293 6 3303 9 3323 8 3354 3 3373 4 3430 8 3439 22 3490 2 3498 8 3514 25 3550 5 3560 9 3579 7 3686 31 3740 2 3753 9 3770 24 3808 3 3816 9 3837 5 3942 28 3996 2 4008 10 4026 23 4073 9 4094 4 4199 25 4250 4 4263 12 4281 23 4329 9 4350 4 4381 3 4456 22 4504 8 4518 42 4586 8 4606 4 4629 12 4712 21 4760 10 4773 43 4844 6 4863 6 4883 16 4968 21 5015 56 5100 6 5111 4 5120 6 5136 20 5224 20 5271 56 5357 5 5366 6 5376 7 5390 22 5479 21 5526 56 5620 9 5632 8 5645 23 5712 1 5736 20 5782 32 5816 15 5832 4 5875 10 5888 8 5901 22 5992 17 6037 31 6074 13 6088 2 6131 10 6144 8 6157 22 6232 2 6249 15 6292 32 6331 11 6387 9 6400 8 6414 20 6484 7 6506 14 6547 36 6590 8 6643 9 6656 8 6671 18 6739 8 6764 11 6803 38 6848 5 6899 8 6912 8 6928 16 6994 9 7060 38 7106 2 7157 4 7169 8 7185 14 7250 9 7317 7 7325 29 7426 7 7441 14 7507 4 7573 37 7682 7 7697 14 7830 37 7882 5 7937 8 7953 14 8087 6 8095 28 8136 9 8192 8 8209 14 8357 22 8391 11 8448 8 8466 12 8614 21 8647 12 8697 1 8704 9 8717 2 8723 11 8871 19 8903 13 8952 4 8960 9 8971 4 8979 10 9127 19 9159 13 9207 5 9216 15 9235 9 9384 18 9415 13 9462 6 9472 16 9491 8 9640 18 9671 13 9718 6 9731 22 9896 18 9928 11 9975 6 9987 18 10044 1 10057 2 10076 3 10152 19 10186 8 10231 9 10244 16 10297 20 10321 4 10330 6 10408 19 10444 4 10488 8 10500 15 10550 24 10575 18 10664 20 10745 7 10757 13 10797 3 10806 44 10852 1 10920 20 11002 6 11011 14 11053 4 11062 47 11176 18 11259 5 11265 16 11310 3 11318 8 11327 39 11432 9 11516 22 11576 6 11585 37 11689 7 11773 22 11832 5 11841 37 11945 6 12032 19 12090 3 12097 31 12132 1 12203 3 12289 18 12353 30 12546 17 12609 29 12803 16 12838 1 12864 29 13060 15 13106 3 13115 17 13133 14 13316 5 13324 6 13361 5 13369 18 13389 12 13574 1 13581 4 13616 7 13625 17 13645 7 13653 2 13872 7 13881 16 13899 8 13910 1 13956 2 14086 2 14089 1 14093 3 14128 6 14139 21 14164 3 14209 4 14339 13 14383 6 14395 21 14420 4 14463 6 14567 3 14575 1 14592 17 14638 8 14652 20 14676 6 14719 6 14734 2 14848 17 14893 9 14909 10 14921 7 14932 6 14975 6 14990 3 15104 17 15149 8 15170 2 15174 1 15177 7 15189 8 15200 1 15230 6 15246 1 15303 1 15360 17 15405 8 15431 2 15445 13 15485 6 15500 1 15556 6 15616 18 15661 9 15681 5 15687 3 15691 2 15701 16 15743 3 15755 2 15811 7 15865 1 15872 19 15918 9 15936 13 15952 1 15956 17 16000 1 16010 3 16024 1 16066 8 16121 1 16128 10 16140 8 16174 9 16192 5 16199 5 16212 17 16323 8 16376 2 16384 9 16397 7 16430 10 16446 7 16456 4 16471 7 16480 4 16580 8 16597 2 16621 3 16631 3 16640 11 16652 9 16687 8 16702 7 16714 1 16728 3 16737 6 16837 7 16877 2 16889 1 16896 21 16944 7 16958 7 16994 6 17097 5 17133 2 17145 1 17152 22 17201 6 17214 6 17251 6 17355 3 17388 2 17401 1 17408 2 17413 17 17458 4 17469 6 17491 2 17508 5 17627 4 17641 5 17657 3 17664 1 17668 19 17715 2 17747 3 17798 1 17882 5 17898 4 17913 1 17920 1 17924 19 17972 1 18001 5 18054 2 18138 5 18154 2 18169 1 18179 20 18257 5 18310 1 18394 4 18435 19 18513 5 18651 2 18694 15 18760 1 18768 7 18907 2 18951 14 18989 3 19016 1 19024 7 19035 3 19207 13 19245 4 19281 6 19292 1 19422 2 19463 12 19501 4 19538 4 19678 2 19719 4 19727 2 19794 3 19935 1 19975 3 20050 1 20201 2 20219 1 20223 1 20230 4 20304 4 20450 2 20456 3 20480 9 20558 7 20582 1 20706 9 20736 9 20814 10 20838 1 20962 7 20993 8 21026 2 21030 3 21068 14 21094 1 21110 1 21135 2 21218 6 21249 7 21282 9 21323 17 21365 3 21390 3 21475 1 21506 5 21539 9 21554 1 21579 20 21618 6 21645 3 21763 6 21795 18 21835 20 21876 4 22020 9 22051 19 22092 18 22132 4 22277 9 22307 20 22350 6 22357 9 22382 10 22533 10 22563 20 22600 1 22608 3 22614 8 22630 4 22637 12 22772 4 22789 10 22820 19 22866 1 22870 11 22887 19 23022 11 23045 10 23077 18 23122 1 23126 12 23144 18 23277 13 23300 11 23334 16 23377 3 23381 14 23400 8 23410 8 23532 15 23556 10 23591 15 23632 20 23655 7 23668 7 23787 17 23811 10 23849 11 23884 34 23925 6 24042 18 24065 10 24106 8 24136 1 24139 36 24181 6 24296 20 24321 8 24362 7 24390 42 24438 4 24552 20 24577 5 24618 6 24646 42 24808 20 24834 3 24874 6 24902 43 24954 2 25063 21 25090 3 25130 5 25158 12 25172 1 25175 18 25197 6 25210 5 25318 22 25347 1 25386 1 25389 2 25401 2 25415 9 25432 15 25454 8 25464 8 25568 28 25614 3 25649 5 25655 6 25666 3 25673 5 25689 13 25711 17 25821 10 25834 19 25911 5 25921 5 25930 4 25946 11 25968 17 26077 10 26090 19 26168 3 26175 7 26186 3 26203 10 26225 17 26329 1 26335 8 26346 19 26426 1 26431 6 26443 2 26463 5 26485 14 26591 9 26603 17 26686 6 26720 3 26742 13 26843 1 26847 10 26860 15 26943 4 26999 12 27101 13 27116 12 27196 1 27256 11 27357 26 27511 12 27612 24 27767 12 27868 19 28022 15 28124 11 28138 5 28278 23 28305 2 28379 11 28394 5 28512 3 28535 29 28635 11 28650 5 28672 1 28768 4 28792 28 28891 11 28906 5 29026 1 29049 18 29072 4 29147 19 29307 12 29403 18 29564 10 29657 20 29821 9 29913 20 30082 5 30168 21 30339 4 30424 10 30436 9 30596 3 30681 20 30853 2 30925 5 30937 20 30971 6 31179 8 31194 18 31226 7 31302 3 31435 8 31450 17 31481 12 31555 8 31690 10 31707 15 31737 14 31798 1 31807 13 31845 4 31946 10 31964 13 31993 14 32053 3 32062 14 32102 3 32202 10 32220 12 32249 14 32308 4 32317 15 32358 3 32458 10 32476 11 32504 15 32564 4 32572 15 32715 9 32732 11 32760 15 32820 3 32828 14 32972 7 32988 10 33016 15 33084 12 33229 7 33244 10 33272 13 33340 9 33364 2 33485 7 33500 9 33528 15 33596 5 33619 3 33741 7 33758 5 33785 14 33874 3 33997 7 34042 13 34094 3 34132 1 34255 3 34299 13 34349 7 34556 11 34577 4 34604 10 34812 10 34833 6 34860 11 35068 9 35089 6 35102 1 35115 13 35144 1 35324 8 35345 6 35357 4 35370 14 35398 3 35577 4 35582 5 35601 6 35612 5 35625 5 35631 9 35654 2 35832 5 35840 3 35857 6 35866 7 35881 3 35888 8 35908 3 36087 5 36106 3 36113 7 36121 7 36137 3 36145 7 36162 4 36343 5 36361 4 36369 15 36392 3 36401 7 36418 4 36600 2 36617 5 36626 14 36648 3 36657 7 36674 3 36872 7 36882 14 36904 1 36913 7 36930 3 37129 6 37138 13 37168 8 37253 1 37385 6 37392 15 37412 1 37422 10 37509 2 37642 21 37677 11 37728 5 37764 4 37899 19 37933 11 37983 7 38018 6 38054 3 38158 5 38167 7 38189 11 38238 8 38273 7 38307 7 38425 6 38445 10 38495 8 38529 8 38562 9 38585 5 38681 5 38701 10 38750 9 38785 10 38818 9 38840 9 38938 3 38957 9 39006 9 39039 14 39075 9 39096 13 39213 8 39261 9 39286 1 39294 15 39331 8 39351 15 39471 4 39517 8 39550 15 39582 13 39607 15 39772 9 39806 15 39837 14 39862 17 39931 3 40028 9 40062 15 40088 1 40093 13 40118 16 40185 6 40284 7 40318 16 40341 5 40348 13 40375 15 40440 7 40504 15 40566 1 40574 17 40596 6 40604 13 40631 14 40695 9 40758 19 40830 17 40850 22 40888 13 40950 10 41014 21 41087 13 41106 21 41145 11 41206 10 41269 23 41343 13 41361 22 41402 10 41462 10 41525 23 41599 14 41617 22 41657 9 41719 9 41780 25 41855 14 41872 22 41911 10 41931 2 41975 9 42036 24 42111 40 42166 12 42180 12 42231 9 42292 24 42367 39 42422 27 42487 9 42548 24 42623 38 42677 29 42743 9 42805 23 42878 38 42932 31 42979 3 42999 9 43063 20 43134 36 43187 32 43233 6 43256 8 43320 19 43390 35 43443 32 43481 3 43488 12 43511 11 43577 17 43651 31 43700 33 43736 4 43744 13 43767 15 43833 16 43908 30 43956 34 43992 22 44023 16 44089 14 44164 30 44212 58 44279 17 44345 12 44394 1 44420 30 44468 58 44535 18 44601 9 44648 3 44677 28 44724 57 44791 18 44858 6 44904 3 44934 26 44980 56 45048 17 45191 19 45236 53 45312 9 45448 17 45491 54 45568 9 45645 6 45704 17 45747 54 45824 9 45897 11 45960 17 46003 54 46080 9 46153 11 46216 17 46257 32 46293 19 46336 8 46408 13 46472 17 46512 31 46552 15 46592 8 46664 12 46728 16 46768 30 46812 5 46818 3 46848 7 46920 12 46984 16 47023 6 47030 23 47104 7 47176 14 47240 4 47250 5 47280 4 47288 21 47360 6 47432 16 47496 4 47506 5 47535 3 47546 18 47616 5 47689 14 47751 5 47791 3 47804 16 47872 5 47946 13 48007 5 48047 3 48062 14 48128 4 48208 6 48264 4 48303 3 48319 11 48384 3 48464 5 48520 4 48559 3 48578 5 48640 2 48720 5 48777 2 48896 2 48976 4 49152 2 49408 2 49477 6 49664 2 49732 8 49741 2 49920 2 49987 12 50176 2 50241 10 50432 3 50496 9 50656 2 50688 3 50752 7 50910 5 50944 5 51008 5 51165 7 51200 6 51215 4 51422 6 51456 7 51469 7 51678 6 51712 7 51725 9 51772 1 51838 2 51842 1 51935 5 51968 7 51981 16 52022 2 52028 1 52093 8 52191 5 52224 8 52236 18 52350 7 52448 4 52480 9 52492 19 52606 7 52705 2 52736 9 52747 20 52866 2 52993 30 53250 29 53508 26 53571 2 53766 23 53824 5 54028 1 54030 15 54080 6 54287 14 54336 6 54543 14 54591 7 54790 2 54799 13 54848 6 55045 4 55055 13 55104 6 55301 4 55312 12 55360 5 55558 3 55571 12 55616 5 55815 2 55830 9 55873 4 56071 2 56088 8 56346 7 56580 1 56603 7 56835 1 56859 8 57090 2 57115 9 57372 7 57629 6 57790 3 57864 2 57885 4 58045 4 58119 4 58141 3 58280 2 58301 4 58374 5 58535 4 58558 2 58629 7 58791 5 58857 5 58885 6 59048 5 59114 4 59140 7 59304 5 59362 6 59370 4 59396 6 59409 3 59562 2 59619 2 59627 3 59652 5 59663 5 59685 4 59875 2 59884 2 59910 3 59917 7 59942 1 60173 8 60323 3 60429 7 60579 3 60684 8 60834 6 60941 7 61090 4 61198 6 61346 4 61455 4 61467 4 61711 3 61722 5 61752 3 61967 2 61979 5 62235 5 62491 5 62747 8 62757 4 62856 2 63003 16 63112 4 63260 16 63369 7 63446 1 63522 9 63625 8 63778 9 63881 8 64034 9 64136 9 64290 9 64390 8 64546 8 64646 8 64803 7 64902 7 65006 4 65059 6 65159 6 65166 1 65262 4 65312 1 65315 6 65415 8 65519 4
271746,2988 2 3242 5 3498 6 3753 7 4009 7 4264 8 4515 13 4770 13 5027 5 5034 3 5283 5 5540 3 7919 3 8174 4 8430 5 8685 6 8941 6 9197 6 9453 7 9709 6 9965 7 10222 7 10478 8 10734 9 10990 9 11247 9 11503 9 11761 5 12013 1 12268 3 12521 7 12777 9 13033 10 13288 11 13509 3 13543 13 13765 4 13798 13 14021 6 14054 13 14278 3 14310 13 14519 2 14566 13 14773 5 14824 11 15029 6 15081 10 15285 5 15336 11 15542 3 15592 10 15848 9 16104 9 16305 2 16362 6 16559 6 16621 1 16814 7 17068 10 17324 9 17580 9 17837 8 18094 6 18352 3 18849 4 19103 7 19360 7 19616 8 19872 9 20129 8 20386 7 20642 7 20899 4 20992 3 21248 4 21504 5 21760 5 22016 5 22272 4 22528 3 22784 2 23040 1 23727 2 23982 4 24238 4 24494 5 24505 1 24750 5 24759 4 25006 6 25015 5 25262 14 25519 12 25776 11 26032 9 26288 7 26546 4 27462 1 27717 4 27973 4 28228 4 29153 3 29408 5 29665 5 29921 8 30177 9 30433 10 30689 11 30945 11 31201 11 31458 10 31714 10 31971 10 32229 8 32489 4 42230 4 42485 7 42740 8 42836 1 42996 8 43090 5 43251 9 43346 5 43507 9 43602 6 43763 9 43858 6 44019 8 44114 5 44276 5 44372 1 44532 4 45286 5 45442 6 45541 7 45697 7 45797 8 45951 9 46052 11 46206 10 46297 1 46308 11 46462 10 46551 6 46563 13 46718 9 46806 9 46819 13 46974 9 47055 18 47074 14 47230 8 47310 33 47360 1 47486 8 47566 32 47616 3 47743 7 47822 20 47844 9 47872 4 48000 6 48078 19 48101 7 48128 5 48256 8 48290 5 48333 20 48358 5 48384 5 48512 9 48544 8 48589 19 48640 5 48767 10 48797 13 48845 8 48855 9 48896 5 49022 11 49052 14 49101 8 49112 7 49152 3 49278 5 49306 16 49357 8 49367 7 49449 4 49562 22 49613 16 49704 6 49817 24 49869 15 49959 10 50072 26 50125 14 50215 12 50328 26 50382 14 50469 16 50584 27 50639 13 50724 17 50840 27 50896 12 50979 19 51096 26 51152 12 51235 18 51351 27 51408 12 51490 19 51590 4 51607 26 51664 12 51746 18 51846 6 51863 25 51922 9 52002 18 52101 7 52119 24 52179 6 52257 19 52357 8 52376 23 52513 7 52522 10 52613 8 52634 20 52768 7 52779 8 52869 8 52893 14 53024 7 53036 7 53124 8 53152 7 53245 1 53280 7 53292 6 53319 4 53356 8 53380 8 53498 6 53536 6 53548 6 53574 6 53611 10 53636 8 53752 8 53793 4 53804 6 53829 7 53866 12 53893 8 54007 9 54051 2 54059 6 54085 8 54122 12 54150 8 54262 10 54315 6 54341 12 54379 11 54405 9 54517 11 54571 6 54597 15 54636 9 54661 9 54773 11 54828 5 54852 21 54894 5 54917 9 55028 12 55085 3 55108 22 55174 8 55284 12 55364 24 55432 6 55540 12 55620 25 55689 4 55795 2 55799 9 55875 26 56051 2 56056 8 56131 27 56307 2 56312 8 56387 27 56563 2 56567 9 56643 26 56819 2 56822 10 56900 25 57079 9 57156 23 57335 9 57413 19 57595 1 57598 5 57669 18 57719 2 57730 3 57856 4 57926 8 57940 1 57974 5 58112 6 58127 3 58184 4 58230 7 58368 9 58381 6 58478 16 58624 10 58637 7 58652 1 58733 17 58880 20 58908 2 58988 14 59136 21 59164 2 59243 13 59392 21 59493 19 59648 21 59748 20 59904 21 60003 21 60160 15 60178 3 60259 20 60416 14 60514 22 60584 6 60672 13 60770 22 60839 11 60928 13 61026 22 61094 13 61184 12 61282 22 61349 15 61380 6 61440 12 61539 20 61604 16 61628 15 61696 11 61796 19 61860 16 61884 15 61922 7 61952 11 62052 19 62115 17 62140 14 62177 9 62208 10 62308 17 62370 18 62396 14 62432 11 62464 8 62541 5 62564 16 62626 18 62652 14 62688 10 62720 6 62795 9 62820 2 62824 11 62883 18 62908 14 62945 9 62977 3 63050 10 63079 6 63087 3 63092 1 63140 17 63165 13 63202 8 63305 12 63334 2 63347 3 63397 17 63422 12 63459 7 63561 13 63604 1 63654 15 63679 10 63716 6 63817 13 63911 14 63936 8 63972 6 64073 14 64118 1 64164 12 64178 1 64196 2 64229 5 64328 16 64374 1 64398 2 64419 11 64485 5 64585 15 64630 1 64653 6 64674 11 64742 3 64843 14 64908 8 64930 9 65100 13 65164 9 65186 9 65356 13 65420 9 65442 8
274444,0 65536
280079,0 65536
283388,21 17 43 29 74 8 93 3 116 6 126 6 155 13 174 2 250 6 272 1 274 20 299 29 334 3 372 8 382 7 400 2 410 11 431 3 505 7 528 22 554 29 590 3 628 8 638 10 655 4 666 12 686 3 759 9 784 22 808 30 845 5 862 1 884 21 908 8 922 15 942 2 1015 9 1039 55 1099 7 1118 1 1122 1 1140 22 1163 10 1177 19 1198 2 1270 10 1295 55 1354 8 1372 3 1377 4 1397 9 1407 9 1420 10 1433 21 1527 9 1551 55 1609 9 1628 2 1633 5 1653 9 1663 8 1676 10 1689 21 1783 9 1808 54 1864 9 1884 2 1890 8 1910 16 1931 11 1945 22 1970 2 2040 8 2064 20 2085 44 2140 2 2148 10 2166 16 2187 11 2199 24 2226 2 2238 2 2297 7 2321 19 2342 41 2396 1 2406 9 2422 10 2433 4 2443 4 2451 1 2453 7 2461 17 2482 2 2494 4 2553 7 2578 7 2588 8 2601 37 2662 9 2678 10 2689 3 2700 3 2709 5 2719 15 2738 2 2751 3 2809 7 2834 3 2845 7 2858 32 2918 9 2934 13 2963 7 2975 12 3060 12 3102 5 3114 26 3141 4 3174 10 3189 13 3219 7 3230 12 3316 12 3359 3 3371 24 3430 10 3445 12 3474 7 3486 13 3571 13 3627 24 3686 11 3701 9 3726 1 3730 6 3741 14 3826 14 3883 23 3942 12 3957 8 3978 2 3982 2 3985 7 3994 20 4082 14 4139 23 4198 22 4232 16 4250 20 4337 15 4395 25 4449 26 4486 18 4506 20 4593 14 4651 28 4702 28 4742 18 4762 21 4849 14 4908 29 4947 2 4957 24 4997 19 5017 25 5105 14 5166 27 5202 4 5213 23 5253 19 5273 25 5361 15 5422 26 5457 6 5469 22 5509 42 5552 2 5563 3 5616 13 5630 2 5678 26 5713 7 5725 22 5765 42 5808 3 5818 5 5872 13 5886 2 5933 28 5969 8 5981 22 6022 48 6075 4 6127 17 6188 29 6226 7 6238 20 6279 47 6331 3 6383 17 6419 6 6444 16 6464 10 6494 20 6536 34 6572 7 6587 3 6641 15 6674 9 6701 14 6721 10 6750 19 6792 34 6830 3 6843 3 6898 14 6929 12 6964 7 6979 10 7005 15 7047 36 7157 10 7184 22 7221 6 7236 9 7261 13 7302 39 7416 6 7439 24 7477 6 7493 8 7517 12 7559 39 7672 6 7695 24 7733 6 7749 9 7773 12 7816 38 7928 6 7951 24 7989 6 8003 11 8029 11 8074 36 8179 12 8206 25 8245 5 8259 11 8285 10 8331 35 8374 2 8417 2 8420 1 8434 14 8457 30 8501 4 8515 10 8542 4 8589 33 8672 3 8690 14 8711 32 8758 3 8771 10 8846 32 8926 4 8946 14 8965 35 9027 9 9102 32 9136 1 9167 1 9180 5 9203 13 9220 38 9265 6 9282 10 9358 36 9422 2 9435 5 9459 13 9476 40 9519 10 9538 11 9614 35 9691 3 9716 12 9732 53 9793 13 9870 35 9973 11 9988 53 10048 16 10094 3 10127 33 10169 1 10229 3 10235 5 10245 52 10304 17 10349 5 10384 32 10418 2 10423 3 10492 4 10509 45 10559 19 10604 6 10640 37 10678 4 10749 3 10766 44 10815 19 10860 7 10870 2 10896 42 10956 2 11005 3 11024 4 11029 9 11039 27 11069 20 11116 13 11152 9 11164 29 11212 2 11285 8 11296 27 11325 8 11337 7 11372 13 11407 9 11422 26 11468 2 11479 1 11540 8 11553 37 11628 14 11662 9 11679 24 11795 9 11811 35 11885 13 11918 8 11936 22 12051 8 12071 12 12085 17 12147 8 12174 7 12190 31 12307 8 12328 9 12341 17 12403 12 12431 4 12446 33 12563 7 12584 7 12597 16 12659 13 12701 22 12724 11 12748 3 12820 5 12853 16 12916 12 12957 21 12980 12 13004 3 13060 2 13109 15 13172 12 13213 20 13236 12 13314 5 13365 14 13428 12 13469 18 13492 13 13568 8 13621 12 13685 11 13725 18 13747 13 13824 9 13878 10 13943 9 13982 18 14003 12 14080 9 14135 3 14200 7 14238 32 14323 6 14336 9 14456 7 14495 30 14578 9 14592 9 14713 5 14752 11 14764 4 14770 9 14809 1 14834 10 14848 9 14970 1 15010 7 15046 3 15063 5 15089 11 15104 8 15300 7 15319 7 15345 11 15360 7 15480 1 15555 9 15575 11 15601 11 15616 6 15734 6 15809 11 15829 13 15857 11 15872 5 15989 7 16065 12 16083 15 16113 10 16128 6 16245 8 16321 11 16339 14 16369 10 16384 6 16428 1 16501 9 16576 12 16594 15 16624 10 16640 6 16682 5 16757 11 16833 13 16850 16 16880 9 16896 6 16938 5 17013 12 17076 6 17089 33 17136 7 17152 5 17193 7 17268 13 17331 9 17345 34 17393 5 17408 5 17449 7 17524 14 17586 11 17601 34 17649 3 17706 6 17780 14 17843 49 17962 6 18036 15 18100 49 18219 4 18292 16 18357 48 18549 15 18576 4 18614 47 18805 14 18831 6 18871 45 19062 13 19086 8 19128 44 19318 13 19342 8 19395 33 19575 12 19598 7 19652 32 19831 11 19854 8 19865 3 19909 32 20087 11 20110 17 20166 23 20190 7 20344 8 20367 18 20422 23 20447 6 20601 6 20623 19 20679 22 20704 5 20879 20 20934 22 20961 4 21134 22 21189 22 21218 2 21390 22 21418 4 21445 22 21471 1 21473 5 21646 23 21673 7 21700 36 21902 23 21929 7 21956 37 22158 23 22185 8 22212 38 22415 22 22441 9 22468 38 22673 21 22698 8 22724 38 22839 4 22932 19 22954 9 22980 38 23094 6 23190 17 23211 8 23237 16 23254 20 23350 7 23447 16 23468 6 23493 37 23606 8 23705 14 23725 5 23750 35 23862 8 23969 5 24006 35 24119 7 24262 35 24376 5 24519 34 24633 4 24776 19 24796 14 24890 1 25032 33 25289 32 25546 30 25802 30 26060 27 26116 2 26318 24 26370 12 26577 19 26624 15 26835 15 26880 15 26916 1 27094 12 27136 15 27168 8 27351 10 27392 15 27423 10 27608 9 27648 15 27679 10 27865 8 27904 15 27934 11 28160 16 28189 13 28416 19 28445 13 28672 19 28701 13 28851 4 28928 20 28958 12 29105 7 29184 20 29215 12 29360 8 29440 21 29472 11 29615 9 29696 21 29729 11 29871 9 29952 22 29991 4 30126 10 30208 23 30382 10 30464 23 30639 9 30722 22 30895 8 30980 20 31152 6 31238 4 31245 11 31507 6 31764 5 32021 6 32278 6 32534 6 32790 6 33046 6 33302 6 33559 4 33816 2 38307 7 38561 10 38815 13 39056 2 39067 18 39105 2 39311 6 39323 19 39360 4 39568 6 39578 21 39616 4 39824 7 39834 24 39872 4 40080 8 40089 27 40128 4 40335 37 40384 4 40590 39 40641 3 40845 42 40897 3 41099 45 41153 4 41354 47 41409 4 41608 50 41667 1 41863 52 41927 4 42118 54 42182 5 42373 56 42438 5 42629 57 42694 5 42885 58 42950 5 43141 59 43207 4 43236 5 43397 60 43463 3 43488 11 43651 64 43742 15 43904 67 43998 16 44157 70 44253 18 44411 72 44509 18 44666 72 44765 19 44922 72 45021 19 45180 69 45277 19 45437 68 45534 17 45588 5 45694 67 45790 17 45842 7 45951 65 46046 17 46098 7 46206 66 46302 16 46353 8 46456 4 46461 66 46558 8 46609 8 46712 71 46814 7 46865 7 46969 70 47070 6 47121 6 47225 73 47326 5 47377 4 47482 74 47560 10 47583 3 47739 67 47807 20 47995 64 48063 21 48107 1 48251 64 48319 22 48507 63 48575 27 48762 64 48831 29 48866 4 48873 1 49018 65 49086 31 49121 9 49274 99 49375 12 49531 11 49545 98 49787 11 49802 98 50044 9 50060 96 50300 8 50320 93 50556 8 50578 91 50809 11 50836 90 51062 14 51093 89 51317 17 51350 88 51572 19 51592 3 51607 87 51828 27 51863 87 52084 28 52117 89 52340 122 52597 121 52854 2 52861 113 53118 112 53373 112 53629 112 53885 112 54142 40 54184 69 54398 38 54440 69 54655 36 54695 70 54770 3 54915 32 54951 69 55025 4 55172 22 55195 7 55206 69 55281 5 55431 17 55462 68 55536 6 55689 4 55718 66 55792 6 55975 67 56048 6 56231 36 56268 31 56304 6 56486 33 56525 31 56558 8 56603 3 56741 30 56781 42 56857 7 56994 32 57037 43 57112 10 57249 32 57293 45 57368 12 57504 29 57536 6 57549 4 57556 38 57623 13 57760 28 57792 7 57804 3 57812 39 57879 13 58017 27 58048 7 58068 39 58134 15 58273 23 58298 2 58303 8 58324 39 58388 17 58530 20 58556 12 58581 38 58643 17 58787 19 58812 12 58838 37 58899 17 59052 11 59069 11 59095 37 59155 17 59310 12 59326 11 59353 13 59368 20 59411 17 59568 10 59582 11 59597 1 59607 13 59626 20 59667 16 59825 9 59839 9 59853 1 59863 12 59883 20 59923 16 60083 9 60094 8 60109 2 60119 12 60140 19 60178 16 60340 18 60364 4 60374 12 60397 19 60435 14 60463 5 60597 16 60619 10 60633 8 60654 17 60691 13 60718 7 60854 11 60866 4 60873 12 60890 6 60910 17 60948 11 60973 10 61112 29 61147 5 61166 17 61210 4 61229 11 61370 27 61403 3 61421 17 61485 12 61627 25 61679 17 61741 12 61884 24 61936 16 61996 14 62141 3 62149 3 62154 11 62187 1 62191 17 62252 14 62279 2 62405 1 62411 12 62442 11 62454 10 62508 14 62534 5 62660 5 62666 13 62697 23 62764 14 62789 7 62916 20 62953 23 63020 13 63045 7 63171 22 63209 23 63277 12 63291 7 63301 7 63427 31 63465 23 63533 11 63547 17 63682 62 63789 10 63802 18 63938 62 64045 10 64057 20 64194 62 64302 8 64313 21 64450 62 64513 3 64559 5 64569 21 64707 72 64825 21 64963 18 64984 52 65081 21 65219 16 65242 50 65338 20 65475 16 65501 1 65508 28
283877,210 5 466 4 723 2 2753 1 3009 1 18176 1 18432 3 18688 3 18944 4 19200 3 19456 2 22272 3 22528 4 22784 5 23040 6 23296 6 23552 7 23808 7 24064 7 24320 7 24576 7 24777 3 24832 6 25032 5 25088 5 25287 7 25543 7 25799 7 26056 6 26312 5 26569 3 31346 1 31401 2 31598 7 31643 5 31655 7 31853 9 31898 7 31911 8 32108 10 32154 8 32167 8 32363 11 32409 9 32423 9 32619 11 32664 11 32679 8 32874 2 32878 7 32919 23 33135 10 33176 10 33188 8 33391 11 33433 8 33446 6 33647 12 33690 6 33702 6 33904 11 33948 3 33957 7 34154 1 34160 11 34214 7 34416 2 34419 9 34471 9 34664 4 34673 11 34727 10 34920 6 34929 12 34982 11 35175 7 35185 12 35222 3 35238 11 35284 4 35431 7 35439 14 35477 5 35492 14 35539 6 35686 23 35733 5 35748 14 35795 6 35941 23 35988 6 36005 13 36051 6 36197 22 36245 4 36261 13 36305 8 36452 22 36517 13 36534 1 36560 8 36708 21 36772 4 36779 5 36789 2 36816 7 36964 20 37012 2 37027 3 37036 1 37045 3 37072 6 37221 18 37267 4 37302 2 37329 5 37478 16 37523 6 37559 1 37586 4 37740 1 37743 3 37779 7 37801 1 37843 2 38036 7 38057 3 38292 7 38314 1 38548 7 38570 1 38805 5 39062 3 39167 1 39423 1 39679 1 39858 4 40113 6 40612 3 40868 4 41124 3 43273 5 43528 7 43783 8 44039 8 44295 8 44552 7 44809 4 46541 4 46796 6 47052 6 47308 6 47556 2 47565 4 47601 1 47809 9 47853 1 47856 9 48063 12 48108 15 48317 14 48365 15 48572 14 48621 15 48825 3 48829 11 48877 17 49081 3 49086 9 49133 18 49338 11 49390 18 49595 8 49646 18 49851 5 49903 17 50064 4 50107 5 50159 17 50319 5 50365 4 50373 5 50416 16 50570 2 50573 7 50622 3 50628 6 50672 16 50824 10 50884 5 50929 15 51080 7 51141 2 51185 15 51335 7 51393 1 51442 14 51591 6 51649 2 51698 14 51847 5 51904 2 51953 15 52104 2 52208 16 52464 16 52720 15 52977 12 53233 9 53490 6 53746 4 56631 4 56886 7 57141 10 57396 11 57651 13 57907 14 58163 14 58419 19 58676 19 58931 20 59187 21 59443 21 59647 1 59700 21 59903 1 59956 22 60158 2 60213 21 60413 3 60469 22 60669 3 60724 23 60926 2 60979 24 61183 1 61234 24 61490 24 61527 4 61745 25 61779 11 62002 22 62034 13 62258 20 62288 16 62514 19 62544 17 62769 19 62801 16 63025 18 63057 16 63281 18 63313 17 63537 16 63570 15 63794 15 63827 14 64053 10 64084 12 64309 10 64341 10 64566 5 64598 8 64822 1 64855 6 65112 4
291134,0 65536
293458,43 15 136 2 150 4 165 19 299 15 408 3 421 8 430 2 434 5 554 16 678 6 687 1 689 6 809 16 935 6 942 9 1065 16 1194 13 1320 16 1454 9 1576 16 1712 5 1830 19 2085 21 2340 22 2595 24 2706 2 2718 2 2851 24 2953 4 2960 5 2970 8 3107 24 3208 13 3226 9 3363 24 3464 13 3481 11 3619 24 3710 5 3720 2 3724 9 3736 15 3875 19 3895 3 3965 7 3981 8 3992 16 4131 17 4210 6 4221 7 4238 1 4242 2 4249 15 4387 17 4440 4 4465 9 4476 7 4506 13 4644 15 4672 3 4695 5 4721 9 4732 7 4763 11 4900 14 4925 7 4950 7 4976 11 5000 1 5008 5 5022 8 5155 14 5180 9 5205 8 5232 11 5255 2 5262 9 5280 5 5411 13 5435 10 5461 8 5488 10 5511 2 5516 12 5538 2 5666 14 5690 12 5716 9 5745 9 5766 2 5772 13 5863 1 5868 5 5922 15 5946 11 5971 9 6001 8 6022 1 6027 17 6117 13 6179 14 6201 12 6226 9 6258 7 6271 5 6278 1 6283 19 6372 14 6436 12 6455 15 6481 10 6514 6 6526 8 6540 20 6628 15 6692 12 6710 16 6736 10 6771 5 6781 9 6796 21 6883 16 6950 8 6965 18 6991 11 7028 8 7037 9 7053 26 7139 15 7207 7 7221 19 7246 12 7285 7 7293 10 7310 26 7395 14 7463 5 7477 20 7501 13 7541 7 7549 14 7567 26 7651 10 7720 3 7733 37 7798 6 7807 13 7824 25 7908 8 7926 3 7990 36 8055 5 8063 13 8080 25 8164 9 8180 10 8247 36 8312 4 8319 15 8336 25 8421 12 8434 14 8505 34 8569 11 8583 8 8593 24 8678 25 8762 33 8825 10 8841 6 8849 24 8934 23 9018 33 9081 10 9098 5 9106 22 9192 21 9274 33 9336 11 9355 3 9363 20 9448 20 9529 36 9593 10 9620 17 9704 20 9784 39 9849 10 9876 9 9887 4 9957 22 9983 1 10040 40 10106 9 10210 25 10239 1 10296 41 10363 7 10465 26 10495 1 10553 40 10721 26 10749 3 10810 36 10977 25 11004 4 11068 17 11088 13 11232 27 11260 4 11325 14 11344 10 11387 2 11488 27 11516 4 11582 12 11599 11 11644 2 11744 27 11772 4 11840 10 11855 10 11878 1 11884 1 11900 3 12000 27 12028 4 12097 8 12111 11 12139 6 12156 3 12255 33 12353 8 12367 11 12395 6 12412 3 12511 33 12609 7 12620 13 12651 6 12767 33 12865 6 12875 13 12907 6 12997 3 13023 33 13096 7 13121 5 13130 13 13163 7 13210 1 13252 4 13279 33 13350 11 13378 3 13386 6 13408 1 13418 8 13465 4 13508 5 13536 32 13587 4 13596 25 13642 5 13664 1 13673 10 13696 1 13720 5 13758 10 13792 9 13802 22 13842 37 13897 5 13920 1 13929 11 13951 3 13976 5 14014 9 14060 20 14097 38 14154 4 14184 11 14208 1 14234 1 14270 8 14316 20 14353 39 14410 4 14440 11 14526 7 14572 20 14609 39 14697 9 14723 3 14782 7 14828 20 14865 39 14953 9 14978 10 15038 7 15084 20 15122 38 15210 7 15234 11 15293 7 15340 20 15379 23 15403 14 15466 7 15489 12 15549 7 15597 19 15635 21 15661 14 15722 6 15745 12 15805 7 15855 17 15891 18 15918 13 15978 5 16000 13 16061 6 16113 15 16147 14 16175 13 16234 4 16255 13 16318 4 16369 15 16403 13 16433 11 16506 18 16625 15 16659 13 16689 11 16760 19 16881 15 16915 13 16947 10 17016 18 17138 14 17171 12 17203 10 17272 15 17395 13 17427 12 17461 8 17530 6 17653 11 17684 10 17718 7 17788 2 17911 9 17943 6 17975 6 18170 6 18232 5 18427 5 18490 1 18685 3 21534 6 21789 9 22045 9 22301 9 22557 9 22814 6 26724 1 26980 1 27234 2 32846 1 33100 6 33356 7 33612 6 33629 2 33869 5 33885 2 34126 3 34140 3 34396 3 34652 1
295041, 
303895,0 33792 33801 247 34063 241 34321 239 34582 234 34843 229 35104 224 35365 219 35625 215 35886 210 36144 208 36407 201 36664 54 36719 145 36927 45 36975 145 37185 43 37232 4 37238 138 37449 35 37489 3 37498 2 37502 130 37707 34 37746 2 37768 120 37970 28 38001 4 38025 119 38230 24 38257 5 38281 9 38291 109 38492 17 38512 6 38538 8 38548 108 38750 16 38767 7 38793 9 38804 108 39013 17 39035 3 39049 9 39062 11 39074 94 39272 15 39291 5 39302 12 39318 10 39332 92 39534 18 39557 13 39576 8 39591 89 39794 16 39813 13 39832 8 39848 88 40056 27 40089 12 40106 86 40316 24 40345 13 40363 85 40578 36 40619 85 40837 34 40874 86 41099 28 41130 86 41357 27 41386 86 41618 110 41876 108 42140 100 42399 45 42446 50 42662 38 42702 50 42924 41 42967 41 43183 17 43204 15 43224 40 43441 16 43464 11 43480 40 43705 13 43721 11 43736 40 43963 12 43976 12 43991 41 44226 17 44247 41 44489 10 44503 41 44747 53 45012 44 45270 42 45529 39 45789 35 46049 4 46054 26 46311 25 46569 23 46832 16 47090 14 47353 7 47612 4
304629,0 13823 13824 255 14080 254 14336 254 14592 251 14848 251 15104 251 15360 252 15616 251 15872 251 16128 250 16384 250 16640 247 16896 247 17152 247 17408 247 17664 247 17920 248 18176 247 18432 246 18688 246 18944 247 19200 250 19456 251 19712 251 19968 251 20224 252 20480 252 20736 252 20992 252 21248 252 21504 252 21760 252 22016 252 22272 252 22528 252 22784 253 23040 253 23296 255 23552 19967 43520 255 43776 255 44032 255 44288 255 44544 2303 46848 255 47104 255 47360 253 47616 253 47872 253 48128 254 48384 254 48640 253 48896 253 49152 254 49408 255 49664 1279 50944 254 51200 254 51456 253 51712 253 51968 254 52224 254 52480 254 52736 253 52992 252 53248 252 53504 252 53760 252 54016 252 54272 252 54528 252 54784 252 55040 252 55296 254 55552 255 55808 255 56064 2302 58368 239 58608 14 58624 237 58864 13 58880 236 59123 248 59380 248 59638 246 59894 248 60150 250 60406 252 60660 496 61158 252 61416 252 61673 253 61931 251 62188 252 62445 254 62702 254 62959 254 63216 253 63472 254 63728 255 63984 1552
305222,0 65536
308936,0 65536
315120,0 88 92 44 211 5 218 175 467 5 474 27 504 145 723 4 730 26 762 143 981 1 985 19 1019 4 1024 137 1240 20 1275 4 1280 137 1496 19 1530 5 1536 135 1752 19 1785 141 2010 17 2041 140 2266 17 2297 141 2524 9 2535 4 2545 1 2554 139 2781 7 2793 1 2800 5 2811 4 2816 130 3038 6 3056 4 3069 2 3072 120 3198 3 3295 1 3312 3 3325 1 3328 118 3580 3 3584 118 3836 3 3840 118 4091 4 4096 117 4348 3 4352 117 4608 116 4863 116 4992 2 5118 2 5121 114 5247 3 5373 3 5377 114 5503 4 5629 3 5633 114 5758 7 5884 4 5889 114 6013 6 6141 3 6145 114 6269 6 6397 118 6525 6 6653 117 6780 7 6909 2 6912 113 7035 8 7168 111 7291 8 7424 112 7548 4 7680 113 7936 114 8192 115 8448 115 8704 116 8960 116 9216 117 9472 114 9728 114 9984 113 10240 112 10364 2 10496 113 10620 5 10636 1 10733 1 10752 114 10870 12 10889 6 10987 4 11008 131 11146 8 11155 3 11241 10 11264 131 11403 12 11496 13 11520 132 11657 3 11664 7 11751 24 11776 133 11912 4 11923 4 12006 166 12180 2 12261 167 12517 167 12772 167 12950 2 12953 2 13027 168 13205 6 13282 169 13461 7 13537 171 13717 8 13791 173 13972 11 13995 3 14023 5 14046 175 14228 11 14250 6 14258 4 14277 9 14288 7 14299 180 14483 12 14505 14 14531 221 14760 15 14784 226 15016 17 15038 230 15272 50264
317877,1827 5 2080 9 2336 10 2591 12 2608 1 2847 20 3103 21 3359 21 3614 22 3870 22 4125 22 4382 17 4638 8 4649 2 4896 4 5924 1 6724 2 6979 4 7234 5 7491 4 7718 1 7747 4 7972 6 8228 7 8483 18 8738 20 8993 21 9249 21 9504 22 9759 22 10014 24 10270 24 10526 25 10782 26 11038 26 11294 26 11550 25 11807 24 12065 21 12323 18 12585 14 12842 14 13086 1 13096 17 13340 5 13350 19 13596 6 13605 21 13852 6 13861 23 14108 6 14117 23 14365 5 14373 23 14622 1 14629 22 14886 20 15145 16 15403 14 15660 12 15917 10 15993 2 16174 6 16248 4 16504 5 16761 2 16771 5 17025 7 17281 8 17536 9 17793 8 18049 8 18306 7 18564 5 19007 2 19016 1 19263 3 19271 4 19518 4 19526 5 19774 5 19782 6 19808 4 19910 3 20029 6 20037 7 20062 8 20165 5 20283 9 20293 7 20317 9 20421 5 20527 3 20536 20 20571 12 20677 5 20782 5 20791 23 20824 16 20934 3 21038 6 21045 27 21079 18 21293 37 21334 19 21548 40 21589 21 21804 62 22059 63 22316 61 22572 61 22829 59 23089 53 23237 1 23346 51 23493 2 23602 50 23748 3 23859 49 24115 49 24317 2 24373 47 24561 4 24572 2 24630 46 24816 9 24828 2 24887 45 25071 12 25088 3 25144 43 25327 13 25344 4 25400 43 25583 12 25600 5 25657 42 25800 3 25839 12 25856 5 25914 40 26056 4 26096 11 26112 5 26171 39 26311 6 26353 9 26368 5 26426 40 26567 6 26609 8 26624 4 26681 15 26700 23 26822 8 26865 8 26880 4 26936 16 26957 23 27077 8 27121 7 27136 3 27192 15 27213 24 27333 8 27377 6 27392 2 27448 15 27470 22 27590 6 27634 4 27705 14 27727 21 27962 4 27969 5 27981 22 28226 4 28236 22 28484 2 28491 22 28745 20 28999 22 29253 23 29508 24 29763 25 30019 26 30065 3 30275 27 30318 8 30531 28 30570 13 30788 29 30824 17 31044 30 31079 19 31300 31 31334 21 31554 58 31807 61 32063 61 32319 62 32575 62 32831 62 33087 63 33343 64 33600 63 33856 63 34112 7 34123 52 34369 4 34385 46 34644 43 34901 42 35157 41 35414 12 35429 24 35670 12 35685 23 35925 13 35941 22 36181 13 36197 22 36437 13 36453 21 36494 4 36693 37 36748 7 36949 38 37003 9 37205 39 37252 16 37461 41 37506 18 37717 42 37761 19 37973 63 38222 70 38478 71 38733 73 38988 75 39244 77 39441 5 39500 78 39693 10 39756 80 39948 11 40012 80 40205 9 40268 80 40462 8 40526 79 40718 7 40784 78 40975 6 41042 76 41232 3 41299 76 41556 75 41740 3 41806 3 41813 74 41995 4 42061 5 42070 73 42251 4 42316 8 42325 74 42571 83 42825 84 43080 20 43102 63 43335 20 43358 63 43591 19 43614 62 43847 19 43870 61 44029 2 44103 12 44125 62 44283 5 44359 11 44381 61 44454 3 44537 7 44615 12 44636 62 44700 2 44709 6 44789 11 44871 12 44891 63 44955 4 44965 7 45044 12 45127 13 45147 68 45220 8 45300 12 45383 13 45402 69 45476 9 45548 2 45555 13 45639 14 45657 70 45732 10 45802 7 45810 14 45895 15 45911 25 45937 47 45988 10 46056 24 46151 40 46193 48 46243 12 46311 25 46408 38 46449 62 46566 26 46665 36 46705 63 46822 26 46921 36 46960 64 47077 27 47178 34 47216 64 47333 27 47434 33 47472 64 47589 27 47689 34 47728 65 47844 28 47945 33 47983 66 48100 28 48202 32 48239 66 48356 28 48458 31 48495 68 48612 28 48714 32 48751 71 48869 27 48970 32 49007 73 49125 27 49227 31 49264 74 49358 4 49382 7 49391 15 49484 30 49521 75 49614 5 49640 4 49648 13 49743 27 49778 79 49871 5 49904 11 49999 27 50034 81 50127 7 50160 9 50255 27 50286 4 50291 81 50374 6 50383 9 50417 4 50512 26 50541 5 50547 90 50639 10 50769 24 50797 5 50803 103 50913 4 51025 24 51053 5 51060 102 51168 7 51282 22 51310 4 51316 103 51424 8 51538 22 51566 4 51572 59 51634 54 51794 22 51822 2 51828 58 51891 54 52049 23 52078 2 52084 49 52136 6 52147 33 52184 17 52305 24 52334 3 52339 48 52404 31 52439 19 52561 25 52590 3 52595 46 52660 30 52695 8 52704 10 52816 26 52846 3 52851 46 52916 32 52951 7 52963 10 53072 26 53102 3 53107 45 53172 14 53189 16 53206 8 53221 10 53327 26 53358 4 53363 46 53422 2 53428 8 53437 5 53445 25 53479 8 53583 26 53614 53 53669 2 53677 5 53685 4 53693 6 53700 26 53736 7 53839 25 53870 69 53948 31 53992 6 54096 23 54126 69 54204 30 54248 6 54352 23 54383 68 54459 18 54484 3 54504 6 54608 23 54639 68 54715 16 54761 4 54865 22 54896 66 54971 15 55016 4 55121 22 55153 65 55226 14 55272 4 55377 22 55410 63 55481 14 55501 1 55633 22 55666 63 55737 13 55756 4 55783 1 55814 5 55887 23 55922 63 55992 12 56011 6 56039 1 56064 12 56142 24 56178 62 56248 11 56266 8 56294 2 56320 12 56397 26 56433 63 56504 11 56521 9 56576 12 56652 27 56688 63 56760 11 56777 9 56832 12 56908 27 56944 63 57017 10 57032 11 57088 1 57090 9 57163 28 57199 63 57274 9 57287 12 57347 8 57419 28 57455 64 57531 8 57541 14 57604 6 57675 28 57711 65 57787 4 57794 17 57860 6 57931 27 57966 67 58043 24 58116 5 58188 25 58221 68 58300 23 58372 5 58444 24 58476 70 58556 22 58628 5 58699 24 58730 77 58812 9 58824 2 58830 4 58884 5 58956 22 58986 78 59067 11 59085 5 59140 4 59213 21 59242 79 59322 12 59341 5 59395 5 59469 20 59498 77 59578 13 59596 6 59651 5 59726 19 59754 76 59834 25 59860 2 59906 6 59981 20 60010 75 60091 27 60162 6 60237 20 60267 5 60276 64 60347 27 60418 6 60494 19 60524 3 60532 64 60604 8 60613 17 60674 5 60750 18 60789 36 60826 2 60830 22 60861 5 60870 18 60928 6 61006 17 61046 33 61088 20 61119 1 61130 17 61184 5 61263 7 61271 6 61296 2 61303 31 61345 19 61389 15 61518 14 61552 4 61560 28 61602 19 61647 13 61773 14 61809 4 61816 27 61858 20 61904 12 62028 15 62066 2 62073 25 62115 19 62161 9 62284 16 62330 24 62372 19 62418 5 62541 16 62587 25 62629 17 62657 2 62798 16 62843 29 62886 16 62912 4 63055 16 63098 31 63143 14 63168 4 63312 16 63354 31 63391 1 63400 13 63424 4 63567 17 63610 32 63647 2 63657 11 63812 1 63822 19 63865 33 63903 3 63914 10 64066 5 64078 19 64104 3 64121 34 64159 3 64172 6 64321 7 64333 20 64359 5 64376 5 64382 29 64416 2 64576 9 64589 20 64614 7 64633 19 64655 12 64672 2 64832 10 64846 19 64870 7 64890 5 64898 8 64912 11 65088 10 65102 19 65125 8 65156 5 65169 9 65279 1 65344 10 65359 17 65381 8 65394 4 65425 9 65534 2
326172,0 65536
331069,28 20 62 58 144 7 164 14 187 8 209 10 220 31 283 20 317 59 402 3 420 13 443 8 460 2 464 43 538 20 573 58 676 12 699 9 711 51 793 18 830 57 933 10 955 63 1048 18 1087 55 1191 7 1211 63 1304 16 1343 55 1467 62 1559 16 1599 55 1723 60 1791 1 1815 14 1856 44 1901 8 1979 58 2045 3 2071 13 2113 42 2161 3 2236 57 2301 3 2327 14 2370 40 2417 3 2491 59 2557 3 2583 16 2627 39 2672 6 2736 10 2749 57 2813 3 2838 18 2883 41 2927 9 2947 9 2990 12 3006 57 3071 1 3080 3 3093 20 3140 53 3202 13 3246 11 3262 57 3328 3 3332 8 3348 22 3376 3 3396 55 3458 14 3501 10 3518 51 3570 4 3584 14 3602 24 3633 2 3653 56 3714 15 3757 9 3774 49 3840 42 3910 2 3924 1 3929 37 3970 16 4013 8 4030 48 4096 42 4162 1 4186 37 4225 18 4269 8 4279 56 4352 42 4417 7 4442 38 4481 18 4524 9 4534 58 4601 1 4608 43 4673 8 4698 57 4779 71 4856 5 4864 43 4923 2 4933 5 4942 1 4954 57 5034 74 5110 8 5120 43 5175 7 5190 13 5210 57 5290 85 5376 44 5430 6 5448 15 5465 59 5546 130 5685 6 5707 31 5740 40 5803 129 5941 5 5963 21 5985 9 5995 42 6059 129 6198 4 6218 20 6242 18 6261 32 6315 129 6454 3 6473 21 6499 15 6519 30 6570 130 6710 3 6729 21 6756 13 6776 29 6826 129 6966 8 6979 2 6983 24 7013 11 7033 28 7081 130 7222 42 7269 11 7290 26 7337 130 7478 43 7525 12 7551 21 7593 130 7735 58 7808 20 7850 129 7996 53 8065 18 8107 114 8227 8 8252 6 8262 43 8322 17 8363 115 8484 7 8510 2 8518 44 8580 15 8619 116 8741 6 8774 45 8844 6 8874 120 8996 7 9022 55 9128 131 9266 6 9277 58 9383 132 9521 9 9531 61 9593 6 9639 132 9775 80 9896 132 10029 82 10152 216 10409 218 10667 127 10796 91 10926 123 11053 91 11182 122 11310 91 11438 122 11567 91 11694 122 11823 92 11951 122 12078 95 12208 122 12333 96 12440 3 12464 220 12696 4 12720 220 12947 10 12976 237 13232 237 13488 238 13744 240 14001 241 14258 241 14515 36 14552 85 14640 115 14773 33 14810 2 14815 77 14898 114 15031 31 15073 76 15155 114 15290 28 15332 73 15412 96 15510 24 15547 27 15589 12 15602 59 15668 94 15767 24 15804 26 15845 73 15924 94 16023 25 16060 3 16067 19 16100 73 16179 94 16280 25 16315 27 16356 27 16384 45 16434 93 16536 25 16570 28 16612 23 16640 37 16679 7 16689 94 16793 25 16825 28 16868 23 16896 37 16935 9 16945 77 17026 13 17050 25 17080 29 17124 23 17152 37 17191 86 17281 13 17305 27 17335 34 17373 32 17408 123 17536 14 17560 18 17582 129 17713 75 17791 14 17812 2 17815 18 17837 130 17970 11 17984 76 18066 22 18092 144 18240 60 18302 14 18321 24 18347 145 18497 59 18558 14 18577 170 18753 74 18833 66 18900 4 18907 95 19009 70 19089 65 19163 96 19265 69 19345 20 19368 42 19419 7 19430 85 19521 69 19601 20 19624 41 19678 3 19687 84 19777 66 19857 20 19880 41 19931 6 19945 19 19968 60 20035 3 20044 54 20113 21 20137 41 20186 7 20202 16 20224 60 20286 3 20291 4 20297 57 20368 21 20394 40 20440 10 20457 16 20480 60 20541 11 20553 58 20624 21 20651 39 20696 10 20713 15 20736 52 20789 7 20797 73 20879 22 20908 39 20951 11 20969 11 20992 50 21046 6 21053 44 21102 55 21164 40 21206 12 21225 10 21248 50 21311 42 21359 54 21422 52 21481 11 21504 50 21567 42 21615 54 21679 50 21738 16 21760 50 21824 42 21872 53 21936 49 21994 16 22016 50 22086 37 22128 53 22195 45 22250 17 22272 48 22345 35 22384 13 22401 21 22428 5 22448 46 22506 17 22528 47 22601 19 22621 6 22631 6 22640 13 22659 18 22684 2 22703 47 22763 16 22784 48 22857 23 22887 21 22917 14 22959 46 23019 15 23040 48 23113 22 23143 21 23174 6 23183 2 23214 47 23275 15 23296 48 23368 16 23388 1 23400 18 23432 3 23471 47 23531 15 23552 49 23623 14 23656 17 23706 2 23728 36 23766 9 23787 14 23808 49 23879 14 23913 16 23959 6 23987 33 24024 11 24036 3 24042 14 24064 50 24135 14 24162 1 24169 15 24213 9 24245 31 24280 29 24320 50 24391 14 24425 7 24433 8 24468 10 24503 11 24518 14 24537 27 24576 18 24595 32 24647 13 24681 6 24690 8 24723 11 24760 8 24775 12 24793 25 24832 10 24843 6 24852 34 24905 11 24937 5 24947 7 24979 12 25017 7 25033 9 25050 24 25088 9 25103 2 25108 35 25162 1 25165 8 25192 6 25204 6 25235 12 25275 3 25290 7 25308 23 25344 9 25358 19 25379 21 25424 6 25448 5 25461 2 25491 13 25547 6 25567 20 25600 9 25613 18 25636 21 25681 6 25699 3 25705 4 25745 15 25824 19 25856 10 25868 19 25892 22 25937 6 25953 10 26000 15 26061 9 26080 18 26112 32 26149 21 26184 2 26192 8 26208 11 26255 14 26313 14 26336 18 26368 58 26439 4 26448 9 26463 12 26512 12 26568 17 26591 19 26624 57 26695 5 26704 10 26717 14 26749 4 26768 12 26824 19 26847 18 26881 7 26894 43 26951 5 26960 28 27004 6 27024 12 27080 21 27102 19 27152 9 27163 29 27207 6 27216 30 27259 9 27280 12 27335 42 27411 5 27420 24 27473 30 27513 11 27536 12 27591 41 27677 20 27730 6 27737 22 27767 15 27791 13 27847 22 27870 18 27934 9 27945 6 27986 30 28021 18 28047 15 28096 27 28127 16 28191 7 28203 2 28242 32 28275 22 28302 17 28351 27 28384 13 28449 3 28485 2 28499 55 28556 20 28606 27 28640 12 28740 5 28756 76 28861 25 28897 11 28948 5 28996 5 29021 68 29116 25 29155 7 29202 9 29251 7 29278 67 29372 24 29458 11 29507 7 29534 38 29573 28 29627 24 29715 11 29764 6 29791 36 29831 26 29884 22 29952 1 29971 12 30020 9 30046 33 30087 26 30140 21 30208 1 30228 12 30277 11 30300 34 30344 26 30398 18 30464 1 30485 11 30532 12 30552 37 30600 26 30654 19 30720 1 30742 9 30787 13 30806 37 30856 27 30901 5 30911 19 30960 3 30976 2 30988 4 31001 6 31041 16 31062 35 31112 27 31157 7 31168 18 31215 5 31232 18 31296 18 31317 35 31368 26 31411 11 31424 18 31461 16 31488 19 31551 56 31625 24 31663 35 31713 21 31744 20 31807 54 31873 3 31883 21 31917 7 31926 28 31967 24 31996 24 32062 52 32129 3 32136 1 32139 21 32167 3 32171 39 32222 53 32318 51 32385 3 32390 25 32422 43 32477 54 32574 51 32641 3 32645 27 32678 42 32732 55 32830 51 32900 29 32934 22 32958 18 32987 56 33086 53 33152 34 33191 21 33214 17 33242 57 33342 54 33408 35 33448 20 33469 17 33498 57 33599 55 33657 4 33664 35 33704 38 33753 59 33855 63 33921 34 33961 8 33970 9 33980 18 34008 61 34098 1 34112 62 34177 33 34216 9 34226 8 34236 18 34262 63 34353 3 34373 93 34471 10 34492 19 34516 65 34606 6 34631 89 34726 13 34748 20 34771 65 34860 9 34876 3 34887 36 34925 50 34981 16 35004 88 35115 11 35131 5 35144 35 35183 45 35237 17 35260 87 35370 13 35385 10 35401 34 35440 42 35492 92 35585 17 35626 26 35658 33 35698 40 35748 6 35757 83 35852 5 35882 27 35915 33 35955 38 36004 5 36013 83 36110 1 36138 28 36171 33 36212 38 36260 4 36268 84 36395 29 36426 35 36470 36 36516 3 36524 85 36651 67 36726 36 36772 3 36779 89 36907 68 36982 36 37028 3 37034 91 37162 71 37238 36 37284 4 37290 92 37417 75 37493 36 37539 5 37545 96 37672 112 37794 105 37922 68 37991 49 38050 7 38060 96 38176 68 38247 34 38286 9 38307 7 38316 97 38430 70 38503 34 38544 5 38564 105 38686 106 38820 105 38941 106 39077 105 39197 105 39333 105 39453 104 39586 1 39590 105 39709 103 39840 4 39847 104 39965 15 39983 85 40096 5 40104 103 40220 16 40239 86 40352 5 40361 103 40476 16 40496 86 40607 6 40618 6 40627 94 40731 17 40753 87 40864 4 40875 3 40884 93 40983 21 41008 91 41121 2 41132 1 41141 121 41263 93 41398 216 41644 1 41654 219 41901 1 41908 183 42093 38 42162 225 42415 201 42617 25 42671 199 42873 24 42919 1 42926 200 43129 23 43171 211 43386 21 43424 214 43642 19 43678 216 43898 10 43910 4 43934 105 44043 109 44153 10 44189 105 44300 108 44409 10 44444 104 44558 119 44683 3 44699 101 44816 128 44954 102 45073 127 45208 104 45329 128 45463 105 45585 128 45718 106 45830 3 45841 128 45973 116 46098 127 46229 116 46355 126 46485 116 46612 125 46741 116 46868 125 46997 115 47124 125 47252 114 47379 127 47508 113 47633 216 47850 26 47888 217 48107 25 48143 218 48362 25 48398 242 48653 243 48909 218 49128 24 49165 243 49421 243 49678 242 49935 241 50191 241 50448 240 50705 239 50962 238 51219 210 51432 9 51442 12 51476 208 51689 5 51698 7 51706 4 51733 205 51940 2 51944 4 51955 5 51990 204 52196 8 52212 3 52247 213 52468 4 52504 212 52724 5 52761 210 52975 10 53017 209 53231 12 53274 208 53486 13 53500 3 53530 207 53742 18 53779 2 53786 199 53996 20 54034 5 54043 197 54251 21 54289 6 54299 197 54504 24 54545 7 54555 193 54759 25 54785 4 54801 6 54812 190 55014 32 55057 5 55073 183 55269 34 55330 183 55525 35 55587 181 55781 41 55827 3 55845 178 56035 45 56081 6 56103 175 56290 54 56362 173 56546 55 56620 171 56801 56 56877 170 57057 57 57134 170 57312 13 57326 45 57391 169 57568 12 57581 47 57647 135 57784 32 57822 13 57836 49 57903 13 57920 119 58042 34 58078 64 58149 5 58159 7 58169 1 58177 31 58210 85 58298 101 58403 8 58415 7 58433 32 58467 86 58554 113 58671 7 58689 32 58723 87 58812 112 58926 7 58946 126 59079 57 59138 9 59149 5 59158 31 59202 123 59337 55 59395 8 59404 6 59416 28 59458 126 59594 54 59651 15 59672 25 59715 5 59721 120 59851 6 59858 46 59907 17 59927 32 59978 120 60117 7 60129 31 60163 54 60235 120 60374 6 60386 30 60419 55 60488 123 60629 6 60641 31 60674 57 60743 125 60885 6 60896 32 60929 60 60998 130 61141 6 61152 32 61185 62 61253 35 61289 97 61396 8 61407 33 61441 63 61508 32 61548 85 61636 7 61646 50 61697 65 61763 33 61806 81 61892 21 61914 38 61953 98 62062 80 62148 60 62210 97 62318 79 62404 19 62425 12 62440 24 62467 95 62575 78 62660 17 62682 11 62696 24 62723 94 62831 78 62917 15 62938 9 62953 23 62980 5 62987 69 63059 14 63088 78 63174 15 63194 31 63227 5 63237 3 63245 14 63261 50 63316 12 63346 76 63431 15 63451 29 63484 4 63508 59 63572 12 63604 73 63687 8 63696 7 63707 29 63740 4 63769 21 63791 32 63828 11 63861 71 63944 6 63952 7 63965 28 63997 3 64027 18 64048 32 64082 14 64118 67 64200 7 64208 8 64223 25 64253 7 64284 15 64304 14 64321 31 64375 66 64459 4 64464 9 64479 20 64500 3 64509 11 64540 15 64564 8 64577 31 64632 66 64700 3 64709 10 64720 9 64738 12 64753 1 64768 10 64796 14 64821 6 64833 31 64890 71 64965 9 64977 7 64995 10 65024 11 65053 14 65075 8 65090 29 65146 71 65221 9 65233 10 65251 10 65280 11 65310 13 65330 8 65347 27 65401 73 65477 10 65488 11 65504 13 65523 1
332934,0 65536
337798, 
349461,0 65536
372637,0 8 12 3 17 2 21 36 73 14 141 5 158 18 184 22 208 28 251 5 258 7 269 2 278 1 282 31 329 14 366 1 397 6 414 17 441 20 464 27 509 3 516 5 524 3 534 1 539 31 586 13 622 1 654 7 670 18 698 14 714 2 720 26 765 3 773 14 801 26 844 13 877 2 914 8 930 14 956 11 970 3 974 27 1019 1 1029 14 1063 20 1100 13 1132 5 1161 2 1171 8 1187 13 1215 6 1226 3 1230 17 1249 6 1272 4 1285 14 1321 18 1356 14 1386 7 1417 3 1428 9 1443 14 1471 5 1482 3 1486 17 1526 6 1536 3 1542 13 1579 12 1593 3 1612 10 1623 4 1641 9 1674 3 1684 9 1700 14 1728 1 1738 20 1779 8 1792 4 1799 12 1837 5 1850 4 1869 7 1882 1 1897 10 1930 4 1940 10 1956 15 1974 1 1978 2 1984 2 1995 19 2033 10 2048 4 2056 11 2093 3 2106 5 2126 5 2138 3 2153 10 2172 1 2187 5 2196 10 2213 18 2234 3 2240 1 2251 12 2264 3 2268 2 2288 11 2304 5 2314 3 2363 5 2382 5 2395 2 2408 7 2428 1 2443 6 2451 12 2469 18 2491 4 2507 8 2544 11 2560 6 2616 1 2618 7 2639 3 2652 2 2664 6 2684 1 2699 6 2707 13 2726 20 2747 4 2763 1 2766 3 2801 2 2804 8 2816 7 2838 1 2871 10 2896 1 2920 5 2956 3 2963 15 2982 24 3018 1 3062 6 3072 9 3094 4 3124 1 3127 3 3131 7 3176 4 3212 3 3219 17 3239 23 3274 2 3318 6 3328 10 3351 3 3380 5 3389 5 3432 3 3467 4 3476 16 3496 22 3529 4 3575 2 3578 2 3584 10 3608 1 3636 4 3690 1 3697 2 3722 5 3732 17 3753 22 3785 5 3834 2 3840 10 3892 3 3910 5 3930 1 3952 3 3978 6 3988 17 4011 22 4040 11 4090 2 4096 10 4165 8 4186 1 4209 2 4230 2 4233 28 4272 18 4296 11 4341 2 4346 2 4352 10 4422 7 4486 31 4529 17 4553 11 4596 4 4602 3 4608 10 4681 3 4743 31 4785 17 4809 11 4852 5 4858 3 4864 3 4869 4 4948 1 4970 1 5000 30 5042 17 5065 11 5103 2 5108 8 5120 3 5127 2 5203 2 5225 2 5257 29 5299 16 5321 10 5358 11 5370 2 5376 2 5482 1 5502 1 5514 30 5554 18 5576 11 5615 7 5632 1 5738 1 5743 3 5754 4 5771 30 5810 33 5871 6 5992 4 5999 3 6009 4 6030 4 6036 21 6066 33 6127 5 6246 6 6255 4 6264 5 6293 18 6321 34 6383 4 6502 6 6549 13 6563 3 6577 34 6638 6 6756 7 6781 3 6805 10 6828 2 6833 33 6894 3 7012 7 7036 4 7062 8 7083 23 7108 13 7151 1 7269 3 7291 4 7318 8 7339 23 7364 13 7378 2 7546 5 7575 7 7596 23 7620 13 7634 2 7802 5 7853 32 7890 2 7927 1 8042 1 8058 4 8115 26 8146 2 8183 1 8315 3 8372 17 8394 3 8402 2 8439 1 8628 17 8650 1 8760 1 8788 2 8852 1 8884 18 8906 1 9012 1 9015 2 9044 4 9106 4 9141 22 9268 6 9300 5 9361 5 9397 23 9502 2 9524 7 9540 1 9558 5 9616 6 9654 21 9757 4 9781 6 9796 1 9814 6 9871 8 9910 21 10013 4 10038 1 10041 2 10070 7 10126 9 10169 17 10268 4 10297 3 10326 1 10331 2 10380 13 10405 4 10412 9 10426 14 10525 3 10552 4 10565 2 10578 1 10582 1 10588 1 10636 14 10661 14 10684 11 10808 4 10820 3 10832 7 10893 14 10917 14 10941 10 11064 3 11075 2 11087 8 11154 9 11172 16 11197 10 11344 7 11412 7 11428 16 11453 10 11464 2 11600 6 11669 6 11683 18 11708 14 11858 4 11925 6 11939 18 11964 3 11970 8 12181 7 12195 18 12226 8 12436 7 12451 19 12482 8 12583 2 12692 7 12706 20 12738 3 12744 2 12839 2 12948 6 12962 20 13001 1 13094 3 13204 6 13218 20 13277 1 13350 4 13460 5 13474 21 13533 1 13606 5 13717 3 13732 20 13792 1 13862 5 13989 19 14047 4 14117 6 14247 16 14305 2 14373 6 14504 15 14561 2 14629 7 14759 15 14885 7 15014 16 15139 3 15143 5 15269 18 15393 5 15401 3 15516 2 15524 19 15649 4 15770 5 15780 24 15872 3 15905 3 16025 27 16054 8 16128 3 16282 37 16384 3 16539 40 16640 4 16781 3 16795 23 16819 14 16896 5 17036 5 17051 21 17076 12 17152 7 17292 2 17308 22 17332 13 17408 9 17548 1 17565 21 17589 15 17664 9 17821 22 17844 16 17920 9 18047 3 18054 2 18075 1 18077 9 18089 28 18176 10 18303 3 18310 1 18331 9 18342 31 18432 10 18559 3 18586 10 18598 31 18688 10 18700 4 18828 5 18840 2 18843 10 18854 1 18860 24 18944 17 19076 2 19083 8 19094 4 19100 10 19116 24 19197 2 19200 15 19332 2 19337 28 19373 22 19456 12 19469 1 19588 1 19592 17 19610 11 19630 20 19712 1 19714 12 19848 17 19866 7 19887 18 19973 9 20104 10 20118 3 20125 3 20145 16 20234 4 20359 12 20375 2 20381 4 20401 15 20491 2 20615 7 20624 4 20632 1 20638 4 20662 8 20748 1 20871 8 20888 1 20893 7 20921 5 21128 7 21144 2 21148 10 21172 1 21178 3 21384 8 21404 10 21434 6 21640 9 21661 8 21689 7 21896 10 21917 10 21945 8 22152 10 22166 1 22173 11 22201 8 22408 10 22427 11 22457 9 22664 9 22683 11 22707 2 22713 12 22921 7 22939 11 22963 3 22968 13 23182 1 23195 10 23219 18 23452 8 23475 17 23708 7 23731 15 23967 3 23988 14 24224 2 24244 4 24251 6 24299 4 24507 5 24555 2 24763 5 24811 1 25019 5 25068 6 25276 4 25324 7 25532 2 25581 2 25584 2 25823 5 25837 1 26079 5 26136 1 26334 5 26355 1 26390 4 26590 5 26645 5 26674 1 26755 4 26846 4 26902 4 27010 5 27102 5 27159 3 27266 2 27270 1 27357 4 27362 2 27369 1 27415 4 27522 2 27526 1 27613 7 27624 2 27670 7 27782 2 27869 8 27878 4 27896 2 27925 9 28038 2 28126 7 28134 4 28151 2 28179 12 28213 4 28294 2 28367 6 28383 5 28391 4 28436 11 28470 2 28624 5 28642 2 28649 1 28694 9 28726 2 28839 3 28880 5 28899 2 28919 1 28953 5 28971 3 29095 3 29136 5 29184 1 29226 4 29312 2 29352 3 29391 6 29440 1 29482 4 29568 3 29647 4 29696 1 29738 3 29824 3 29903 3 29941 1 29956 1 29995 3 30081 2 30158 3 30211 6 30251 4 30414 3 30466 8 30508 3 30670 3 30720 10 30764 3 30926 2 30976 9 31182 2 31232 9 31482 5 31488 8 31737 15 31992 15 32248 14 32504 14 32760 14 33017 13 33274 12 33532 10 33792 6 34048 7 34304 8 34560 8 34816 8 35072 9 35328 9 35563 3 35584 9 35819 2 35840 4 36075 1 36096 4 37778 4 37888 2 37902 3 38033 6 38144 6 38158 3 38289 7 38400 6 38414 3 38545 7 38656 2 38659 1 38671 2 38802 6 38912 1 38924 1 38927 2 39059 4 39065 3 39168 1 39179 2 39183 2 39316 2 39321 3 39424 1 39435 2 39439 3 39578 1 39659 2 39680 1 39690 9 39915 1 39936 3 39945 11 40192 7 40200 12 40448 21 40704 21 40960 20 41191 2 41214 20 41447 4 41470 20 41702 5 41726 18 41958 4 41970 2 41982 16 42215 3 42225 3 42238 16 42286 3 42481 3 42495 14 42541 4 42737 3 42751 7 42796 6 42993 1 43008 3 43040 3 43053 6 43264 2 43294 6 43310 5 43501 2 43520 2 43549 7 43757 2 43804 10 44013 1 44060 11 44316 11 44572 10 44596 1 44814 2 44828 9 45053 2 45056 1 45069 3 45084 8 45308 6 45324 4 45340 8 45563 4 45568 1 45579 2 45599 2 45821 1 45824 1 45875 2 46067 1 46080 1 46129 4 46320 5 46385 4 46474 3 46575 7 46624 2 46641 2 46729 4 46831 9 46879 3 46898 1 46985 4 47087 10 47135 2 47154 1 47158 1 47240 6 47345 13 47409 2 47413 3 47496 7 47602 13 47631 1 47664 9 47753 6 47844 3 47859 13 47886 3 47919 11 48009 6 48099 5 48117 11 48140 5 48176 10 48266 4 48355 5 48375 9 48395 6 48433 8 48525 1 48528 1 48615 1 48634 6 48650 7 48690 7 48783 3 48822 2 48891 5 48906 8 48947 5 49038 4 49076 4 49136 3 49148 4 49161 9 49206 1 49294 4 49322 3 49331 6 49391 6 49404 4 49415 10 49550 4 49577 6 49587 6 49599 4 49647 7 49661 3 49668 13 49806 4 49832 18 49854 5 49904 6 49917 3 49922 15 50062 5 50088 28 50161 5 50174 2 50177 17 50319 8 50343 29 50430 9 50441 10 50575 9 50599 30 50686 9 50697 10 50832 9 50855 22 50878 7 50943 7 50954 8 51088 10 51111 20 51199 6 51213 4 51344 10 51367 20 51456 1 51459 1 51469 3 51600 10 51613 5 51623 19 51712 1 51714 3 51725 2 51855 10 51868 7 51878 5 51887 11 51970 3 51981 2 52109 11 52123 8 52134 4 52144 11 52237 1 52364 10 52378 8 52390 4 52400 12 52479 1 52620 6 52633 8 52648 1 52656 13 52735 1 52878 3 52888 8 52912 13 53001 2 53144 8 53168 13 53197 1 53255 3 53384 1 53400 7 53425 13 53510 3 53640 1 53656 5 53681 14 53923 2 53939 13 54179 3 54195 13 54450 13 54698 16 54953 14 55208 14 55465 13 55721 12 55979 2 55985 2 56771 3 57023 1 57277 4 57531 6 57538 2 57543 3 57772 1 57785 11 57798 4 58028 2 58040 11 58054 5 58284 2 58295 12 58310 5 58550 11 58566 4 58806 10 59061 11 59302 2 59316 9 59558 3 59572 8 59586 2 59813 5 59828 8 59841 4 60069 5 60084 7 60097 4 60324 7 60341 5 60354 2 60580 7 60598 2 60610 2 60836 6 60866 2 61093 5 61122 2 61350 4 61607 1 62400 2 62961 1 63897 5 64151 9 64406 11 64499 3 64662 13 64751 1 64757 1 64917 14 65007 1 65013 1 65024 2 65088 1 65148 3 65173 15 65259 1 65280 3 65339 7 65377 5 65386 2 65403 5 65429 16 65511 7
373056,0 65536
386606,0 65536
391427,10 4 20 6 80 24 231 6 249 7 267 4 275 7 336 24 488 4 505 7 523 4 531 7 592 9 603 13 745 1 761 7 779 4 785 8 850 3 861 13 953 5 1018 6 1036 13 1117 14 1192 3 1207 7 1220 3 1275 5 1294 10 1372 16 1446 6 1460 10 1474 9 1551 8 1628 16 1701 8 1715 12 1729 11 1783 1 1808 7 1884 17 1956 9 1971 26 2037 4 2065 5 2140 17 2212 9 2227 27 2292 6 2397 16 2469 8 2483 27 2548 6 2654 15 2727 6 2739 27 2804 6 2901 5 2910 15 2986 4 2996 27 3060 6 3155 8 3167 14 3223 5 3242 5 3252 15 3272 7 3316 5 3409 10 3423 13 3474 11 3498 6 3508 15 3528 8 3574 2 3664 12 3680 12 3728 14 3753 9 3764 16 3785 7 3919 13 3936 11 3983 16 4006 12 4020 16 4041 7 4175 14 4192 9 4238 17 4261 31 4297 7 4431 14 4448 8 4492 20 4517 3 4522 26 4554 6 4680 22 4703 8 4746 23 4772 3 4779 24 4810 6 4935 23 4959 8 5001 27 5035 24 5066 5 5191 23 5215 8 5256 28 5291 23 5324 2 5336 2 5447 21 5471 7 5512 27 5546 24 5591 5 5703 20 5728 5 5768 27 5802 24 5847 5 5959 19 6024 27 6058 24 6103 5 6204 4 6216 18 6280 27 6314 23 6360 4 6458 7 6472 8 6481 9 6535 28 6570 23 6713 8 6729 7 6739 7 6791 15 6810 10 6826 22 6969 9 6986 6 6995 7 7046 16 7067 9 7083 20 7224 10 7243 5 7252 6 7302 16 7323 10 7340 19 7479 10 7498 6 7509 4 7557 16 7579 10 7598 16 7734 11 7754 6 7814 15 7836 9 7854 15 7989 12 8010 7 8044 1 8057 4 8070 14 8091 11 8111 13 8244 12 8266 7 8298 6 8307 12 8326 14 8347 11 8367 12 8500 12 8522 8 8554 22 8583 13 8604 10 8623 8 8757 10 8779 7 8810 23 8840 13 8860 9 8879 7 9014 10 9036 7 9066 24 9102 7 9135 7 9270 10 9293 6 9322 24 9359 7 9390 8 9527 9 9549 6 9579 11 9593 10 9615 8 9646 8 9785 7 9806 5 9836 8 9850 9 9871 9 9892 1 9902 8 10043 5 10063 4 10107 8 10121 15 10147 3 10159 7 10301 2 10364 6 10376 17 10403 3 10415 6 10620 6 10632 18 10658 4 10666 1 10877 4 10889 17 10914 4 10920 5 11145 18 11170 4 11175 6 11402 18 11427 3 11431 6 11518 2 11658 18 11687 6 11772 4 11915 17 11944 4 12024 8 12172 16 12200 3 12276 12 12402 4 12429 15 12531 13 12657 6 12686 13 12786 14 12912 8 12942 12 13042 14 13166 10 13198 11 13298 14 13421 12 13454 10 13554 14 13676 13 13710 8 13810 14 13881 2 13931 14 13966 7 14065 4 14070 10 14137 2 14186 14 14222 5 14320 5 14326 10 14442 13 14479 2 14576 5 14586 6 14698 12 14716 3 14831 7 14841 7 14954 11 14971 7 15087 7 15097 7 15210 13 15226 8 15342 18 15467 24 15598 18 15721 25 15854 18 15976 26 16111 15 16230 29 16367 14 16484 33 16623 13 16739 36 16881 8 16994 38 17139 5 17250 38 17506 38 17763 37 18020 35 18276 35 18532 35 18777 4 18788 34 19028 10 19044 34 19283 11 19300 33 19538 12 19556 31 19794 12 19811 29 20050 12 20067 27 20184 2 20306 12 20323 19 20438 7 20563 10 20578 20 20693 13 20820 10 20833 21 20948 15 21076 10 21089 20 21203 17 21333 9 21343 22 21459 18 21590 30 21715 18 21760 1 21832 4 21847 7 21855 20 21971 18 22016 3 22086 7 22104 3 22111 7 22120 10 22174 3 22228 17 22272 3 22342 7 22368 5 22429 5 22484 17 22528 4 22598 7 22684 7 22742 15 22784 6 22854 7 22940 6 22998 15 23040 8 23110 6 23197 4 23255 13 23296 10 23366 7 23511 13 23552 11 23623 6 23768 12 23808 11 23879 5 24025 10 24064 11 24136 3 24282 9 24320 11 24391 4 24542 4 24576 11 24646 5 24832 11 24902 5 25088 12 25159 4 25344 12 25415 3 25600 13 25671 2 25838 3 25856 14 26094 6 26112 15 26307 6 26350 7 26368 15 26562 8 26606 7 26624 4 26629 12 26818 9 26862 8 26873 3 26880 5 26886 12 27073 9 27118 16 27136 5 27151 3 27329 9 27374 17 27392 8 27585 8 27629 18 27648 8 27669 4 27836 2 27842 6 27884 18 27904 9 27923 6 28092 2 28099 5 28140 18 28160 10 28178 8 28348 2 28357 2 28397 6 28404 9 28419 8 28433 9 28660 9 28676 8 28688 10 28898 4 28916 9 28933 21 28962 1 29152 7 29172 9 29189 22 29215 6 29407 8 29427 11 29446 32 29641 4 29662 10 29682 12 29696 1 29704 17 29723 12 29768 7 29897 6 29917 11 29937 12 29952 1 29960 13 29975 17 30022 10 30153 7 30172 12 30192 12 30212 1 30215 2 30219 3 30225 3 30231 18 30276 12 30409 8 30425 15 30448 11 30467 17 30487 18 30531 13 30665 8 30680 16 30703 12 30720 1 30722 19 30743 19 30786 14 30921 8 30936 15 30959 12 30976 2 30979 40 31041 15 31066 1 31178 7 31192 14 31215 12 31232 2 31237 39 31296 16 31319 10 31375 6 31436 5 31448 12 31471 11 31488 3 31492 41 31552 16 31573 13 31631 8 31694 2 31703 10 31728 8 31744 13 31759 30 31808 37 31887 12 31956 10 31985 6 32000 13 32015 30 32064 38 32143 19 32211 9 32242 4 32256 7 32265 4 32272 28 32320 29 32351 7 32382 3 32399 20 32465 10 32512 7 32521 4 32531 24 32576 28 32606 8 32636 6 32654 4 32660 16 32721 10 32768 2 32771 5 32777 5 32788 20 32833 3 32840 16 32858 1 32861 9 32888 10 32910 3 32918 15 32977 10 33024 14 33045 11 33057 6 33101 10 33117 9 33142 12 33165 3 33174 16 33233 10 33280 14 33304 7 33314 4 33357 7 33365 2 33374 8 33395 15 33420 4 33429 17 33489 11 33536 9 33547 2 33561 5 33572 2 33612 4 33622 1 33630 8 33650 16 33675 5 33685 18 33746 9 33792 8 33809 2 33817 4 33828 3 33866 6 33878 1 33887 7 33906 17 33930 5 33940 19 34003 8 34048 5 34065 3 34073 4 34085 2 34122 8 34131 6 34142 9 34162 20 34185 6 34196 20 34260 7 34304 4 34321 3 34330 4 34376 17 34396 11 34418 28 34452 20 34517 5 34560 3 34577 3 34586 3 34598 1 34631 19 34651 13 34674 28 34708 21 34816 3 34832 3 34843 2 34853 3 34876 2 34887 33 34930 28 34963 22 35072 2 35080 1 35088 3 35131 3 35142 35 35187 27 35219 21 35334 4 35344 2 35387 2 35397 36 35445 25 35473 23 35589 6 35652 37 35702 23 35729 23 35845 7 35907 38 35958 22 35984 23 36101 8 36163 38 36215 22 36240 23 36357 13 36418 39 36472 22 36495 7 36503 16 36614 14 36673 5 36681 19 36708 3 36734 23 36759 16 36871 15 36929 4 36938 17 36992 21 37015 15 37124 1 37127 19 37185 3 37195 16 37250 36 37380 23 37442 1 37452 3 37459 8 37506 36 37644 15 37716 6 37763 24 37791 5 37908 6 37970 1 38019 23 38049 1 38166 3 38226 1 38276 22 38532 22 38788 22 39045 14 39063 2 39303 3 39310 1 39741 2 39996 4 40252 3 40447 1 40507 3 40702 2 40762 3 40955 5 41019 2 41032 3 41210 6 41286 7 41465 7 41541 8 41720 8 41797 9 41976 9 42046 4 42053 9 42066 3 42232 11 42302 5 42310 9 42321 6 42488 12 42541 6 42557 6 42566 9 42578 5 42745 11 42795 10 42813 7 42823 8 42834 1 43001 11 43050 12 43069 9 43080 5 43257 11 43306 12 43326 8 43338 3 43513 10 43560 14 43582 8 43608 3 43769 9 43815 15 43838 8 43864 3 44025 7 44070 16 44094 8 44281 7 44324 17 44350 7 44537 7 44578 18 44608 5 44666 2 44768 2 44793 7 44833 19 44866 1 44921 3 45023 4 45050 6 45088 21 45280 4 45288 6 45307 5 45344 21 45535 16 45566 2 45599 23 45684 2 45790 17 45855 24 45895 2 45910 1 45938 6 45959 5 46044 19 46110 26 46151 2 46164 4 46194 7 46214 7 46294 26 46365 28 46406 4 46419 6 46450 7 46468 10 46549 27 46620 9 46634 16 46662 5 46673 8 46706 7 46722 3 46728 7 46745 3 46805 28 46876 7 46891 16 46917 7 46929 8 46962 6 46978 1 46987 5 46999 7 47060 23 47084 7 47132 6 47147 17 47173 8 47183 10 47218 2 47244 6 47255 7 47309 5 47316 23 47341 7 47388 5 47403 17 47428 10 47439 9 47501 6 47511 8 47564 7 47572 33 47645 2 47659 18 47681 4 47687 3 47695 8 47757 4 47769 6 47820 40 47915 26 47951 6 48025 7 48075 41 48171 7 48182 15 48208 3 48280 11 48332 40 48426 7 48438 15 48464 1 48535 13 48588 21 48612 16 48680 9 48694 14 48736 1 48791 16 48847 37 48935 9 48949 14 48991 3 49047 18 49105 35 49191 8 49203 17 49246 4 49304 2 49308 15 49363 14 49378 19 49447 6 49457 19 49502 3 49547 3 49565 15 49619 14 49634 20 49703 4 49712 20 49745 6 49757 3 49803 3 49824 13 49876 13 49890 20 49959 3 49968 12 49981 6 50000 9 50012 4 50059 3 50080 15 50132 33 50215 4 50224 11 50237 6 50254 12 50267 5 50315 2 50331 1 50337 15 50387 26 50414 6 50471 4 50480 11 50494 4 50510 12 50523 5 50586 2 50594 15 50642 25 50672 2 50727 4 50735 12 50750 4 50766 18 50790 1 50842 1 50850 15 50896 26 50983 4 50990 20 51022 18 51045 5 51098 1 51106 15 51151 26 51248 19 51279 9 51294 1 51302 5 51360 16 51407 24 51511 13 51535 8 51559 4 51616 14 51662 22 51767 13 51791 8 51873 11 51918 18 52023 13 52047 7 52130 10 52168 4 52174 17 52280 13 52304 6 52334 4 52387 8 52423 6 52430 16 52536 13 52562 2 52590 6 52643 8 52679 23 52792 12 52823 2 52846 6 52853 3 52899 6 52935 22 53048 11 53078 4 53103 9 53156 4 53193 20 53221 2 53305 9 53334 4 53360 8 53412 3 53449 20 53476 4 53561 8 53590 4 53617 7 53705 21 53731 7 53817 7 53848 1 53873 5 53962 32 54064 3 54074 5 54130 4 54217 10 54233 18 54320 3 54386 4 54472 11 54488 19 54577 1 54643 3 54725 14 54743 20 54877 2 54899 3 54979 16 54999 21 55132 4 55156 1 55233 18 55255 18 55274 4 55388 4 55489 20 55510 18 55531 4 55645 4 55744 39 55787 5 55842 2 55902 2 56000 40 56044 4 56097 4 56166 4 56255 5 56264 32 56301 4 56353 7 56421 5 56513 1 56519 33 56556 5 56609 8 56677 5 56775 22 56802 6 56812 5 56865 9 56933 5 57030 35 57069 3 57121 9 57190 4 57286 36 57326 2 57376 10 57534 3 57542 39 57615 9 57631 11 57787 6 57797 40 57870 12 57885 13 58006 2 58041 6 58053 41 58125 28 58260 6 58295 8 58309 41 58382 26 58515 8 58551 7 58565 41 58639 24 58771 8 58806 8 58821 32 58854 7 58895 22 59027 8 59061 10 59077 32 59111 6 59151 19 59283 7 59316 12 59333 31 59367 5 59407 19 59539 7 59572 48 59624 4 59664 18 59796 5 59827 48 59881 2 59921 17 60053 2 60083 49 60178 15 60338 21 60360 28 60435 14 60593 8 60602 13 60624 8 60634 10 60692 12 60847 9 60858 13 60881 7 60891 9 60949 10 61101 26 61146 9 61206 8 61355 29 61402 9 61439 1 61461 8 61610 30 61661 4 61694 2 61717 7 61866 31 61949 3 61976 3 62121 31 62205 3 62233 2 62377 31 62461 3 62633 30 62716 4 62889 30 62972 4 63146 28 63228 4 63403 27 63483 5 63660 26 63739 5 63921 20 63996 4 64178 18 64253 3 64434 16 64691 14 64791 2 64947 13 65047 3 65203 12 65303 4 65458 11
398196, 
398477, 
399102,125 1 136 5 198 15 217 17 240 16 391 7 456 13 470 21 492 20 647 7 712 56 878 2 903 6 968 56 1133 3 1162 1 1224 56 1387 5 1468 2 1479 57 1643 5 1702 2 1723 4 1733 59 1900 3 1958 3 1978 5 1989 59 2156 3 2214 4 2234 5 2245 3 2250 54 2412 4 2467 8 2490 4 2507 53 2668 4 2721 11 2748 1 2764 52 2923 6 2975 7 2985 4 3026 46 3179 6 3230 8 3242 4 3284 44 3435 5 3458 3 3486 7 3498 6 3540 9 3552 32 3691 5 3713 5 3742 6 3754 7 3797 7 3809 31 3947 3 3967 6 3997 6 4010 8 4054 4 4067 29 4204 1 4221 7 4253 5 4265 9 4324 28 4477 7 4503 5 4510 3 4521 9 4581 27 4733 8 4759 5 4776 11 4837 27 4990 8 5016 4 5032 11 5093 27 5224 1 5246 8 5272 3 5287 12 5349 27 5503 7 5528 4 5542 13 5607 25 5739 2 5760 7 5784 3 5792 4 5797 15 5864 24 5995 3 6017 5 6033 1 6046 24 6119 25 6250 7 6273 3 6288 3 6302 24 6374 26 6506 9 6544 3 6559 24 6630 26 6762 10 6799 4 6817 22 6885 27 7018 11 7054 5 7073 22 7140 28 7274 12 7295 1 7310 5 7329 22 7396 28 7530 14 7548 7 7566 5 7580 2 7586 21 7621 1 7639 3 7651 29 7787 15 7803 8 7822 4 7836 3 7843 21 7875 5 7894 5 7907 29 8044 14 8059 8 8087 4 8092 2 8101 19 8127 9 8149 7 8162 30 8301 12 8316 7 8342 7 8358 20 8383 9 8404 8 8418 24 8446 2 8559 9 8573 7 8597 8 8615 19 8639 9 8659 9 8673 24 8818 6 8830 6 8853 8 8871 7 8881 9 8895 9 8914 10 8928 18 8949 3 9076 3 9086 8 9109 9 9127 7 9136 10 9151 10 9167 13 9182 20 9209 1 9343 8 9365 9 9383 6 9392 10 9407 12 9422 13 9438 20 9465 1 9600 7 9623 7 9639 19 9663 12 9678 38 9720 3 9847 3 9857 7 9880 5 9895 18 9920 11 9934 40 9976 7 10102 5 10114 6 10137 1 10152 13 10190 41 10232 8 10358 6 10371 7 10409 9 10446 41 10488 8 10614 8 10628 6 10666 9 10703 6 10712 40 10870 9 10885 6 10924 7 10969 39 11126 9 11143 4 11180 7 11201 5 11226 36 11382 10 11400 4 11437 6 11454 9 11483 34 11638 11 11657 3 11692 6 11709 12 11737 36 11895 10 11913 6 11949 5 11963 14 11989 40 12068 3 12116 4 12151 11 12168 7 12183 3 12219 15 12243 40 12321 7 12372 5 12388 4 12398 2 12407 11 12420 12 12439 3 12474 16 12498 40 12576 8 12628 6 12643 19 12663 11 12675 14 12694 4 12732 13 12753 40 12830 9 12884 6 12898 31 12931 23 12989 12 13006 42 13085 10 13140 6 13154 29 13188 22 13247 8 13260 44 13340 11 13357 5 13396 5 13410 28 13444 22 13504 5 13516 44 13595 12 13612 7 13651 6 13666 28 13701 22 13760 6 13771 45 13822 2 13851 11 13868 8 13899 3 13905 7 13921 29 13958 21 14016 6 14027 45 14076 4 14107 12 14123 9 14154 16 14177 32 14214 22 14270 60 14332 4 14364 25 14396 1 14410 16 14433 34 14470 23 14525 67 14620 25 14652 2 14666 16 14689 34 14727 23 14779 69 14863 10 14877 24 14908 3 14922 16 14945 34 14983 23 15033 71 15116 26 15147 10 15178 15 15201 37 15239 23 15288 72 15370 28 15403 10 15433 14 15457 60 15543 73 15626 29 15660 9 15689 12 15713 39 15754 14 15798 74 15881 31 15916 9 15945 10 15970 10 15982 26 16011 12 16053 75 16138 30 16173 7 16203 4 16226 9 16238 27 16268 12 16308 27 16336 47 16395 29 16430 4 16482 8 16494 28 16525 12 16564 26 16592 47 16652 28 16739 7 16750 44 16821 25 16848 48 16909 27 16997 3 17007 44 17078 24 17104 36 17142 10 17170 22 17263 45 17336 23 17360 36 17399 9 17428 19 17520 50 17593 22 17616 36 17655 9 17685 17 17768 4 17775 51 17849 59 17911 9 17942 14 18024 59 18105 58 18167 9 18200 3 18280 58 18360 58 18422 10 18536 34 18573 21 18616 26 18643 6 18653 16 18678 10 18694 2 18746 4 18791 35 18830 19 18872 25 18899 5 18909 17 18934 10 18949 4 18991 6 19001 5 19047 35 19087 18 19128 25 19155 3 19165 17 19189 10 19204 4 19246 8 19255 7 19304 33 19344 16 19384 30 19421 17 19445 10 19459 4 19501 17 19560 33 19603 12 19641 29 19676 18 19701 10 19715 4 19757 17 19816 32 19858 13 19897 28 19929 21 19956 10 19971 3 20013 18 20073 31 20114 13 20154 19 20174 5 20184 22 20211 10 20227 5 20270 16 20329 31 20371 11 20410 18 20430 5 20440 22 20467 10 20484 5 20527 5 20535 7 20586 29 20627 10 20666 17 20687 4 20697 6 20704 14 20723 10 20734 2 20740 6 20753 3 20784 14 20843 3 20847 23 20883 10 20923 16 20943 7 20952 7 20960 14 20980 12 20997 6 21009 4 21042 12 21105 20 21140 9 21181 13 21199 15 21217 14 21237 11 21253 6 21288 4 21298 12 21361 20 21396 8 21439 11 21453 32 21494 10 21509 6 21543 6 21554 13 21617 20 21652 8 21695 11 21708 32 21751 9 21766 4 21796 10 21810 14 21873 20 21907 9 21951 12 21964 34 22010 6 22047 15 22066 17 22130 18 22163 9 22174 5 22207 48 22267 5 22303 17 22321 21 22387 3 22391 13 22419 9 22429 8 22464 47 22524 4 22559 11 22571 28 22631 2 22648 11 22675 20 22700 3 22720 49 22770 2 22780 3 22815 11 22828 27 22886 4 22904 11 22933 18 22953 8 22976 52 23037 3 23071 11 23086 26 23142 4 23161 9 23190 28 23232 51 23293 3 23327 11 23342 26 23398 3 23417 9 23453 21 23488 47 23536 2 23541 1 23549 3 23582 12 23599 25 23654 3 23674 7 23710 2 23713 5 23719 11 23744 47 23796 9 23839 11 23855 24 23912 1 23931 5 23966 2 23971 1 23975 11 24000 48 24051 10 24095 11 24111 24 24168 1 24216 5 24222 1 24231 11 24250 2 24256 49 24306 11 24321 4 24352 10 24367 23 24424 5 24471 9 24487 11 24506 3 24514 59 24576 6 24590 6 24608 10 24623 23 24680 7 24727 27 24761 4 24771 58 24832 6 24844 10 24865 9 24879 23 24936 8 24983 26 25018 4 25029 58 25088 5 25099 11 25121 9 25134 25 25192 9 25239 25 25275 5 25287 60 25354 13 25377 10 25390 25 25448 9 25495 25 25532 7 25543 52 25599 1 25610 13 25633 11 25646 26 25704 9 25751 24 25779 1 25788 9 25799 52 25866 14 25888 40 25961 9 25987 5 26008 23 26033 5 26044 64 26121 15 26144 40 26218 13 26241 8 26264 22 26288 7 26299 69 26378 14 26398 45 26476 30 26520 22 26544 80 26634 15 26653 48 26736 27 26777 19 26800 22 26823 56 26891 14 26909 49 26992 28 27024 1 27033 19 27056 41 27104 31 27148 12 27165 49 27248 35 27290 18 27312 31 27346 7 27362 30 27405 10 27422 48 27503 36 27546 19 27568 32 27603 6 27619 29 27680 47 27759 37 27802 25 27829 27 27861 3 27876 28 27937 46 28015 37 28056 26 28090 23 28118 2 28131 29 28194 46 28271 36 28312 13 28326 12 28346 23 28375 2 28384 32 28451 46 28528 35 28567 26 28602 23 28630 4 28639 33 28707 46 28786 12 28802 16 28823 26 28858 23 28886 36 28964 45 29047 5 29060 13 29079 26 29114 24 29141 36 29205 4 29221 44 29295 2 29317 11 29335 26 29370 2 29374 58 29461 4 29480 40 29550 3 29573 10 29592 26 29626 62 29717 4 29736 40 29806 3 29830 8 29850 25 29881 35 29920 24 29974 2 29993 38 30087 7 30111 22 30136 35 30178 21 30249 37 30345 4 30368 59 30435 20 30505 36 30590 4 30601 3 30625 7 30638 45 30691 19 30715 1 30762 34 30842 18 30883 2 30895 14 30910 32 30947 19 30970 4 31019 33 31096 20 31152 11 31168 32 31202 20 31247 3 31276 6 31285 23 31352 20 31408 10 31424 54 31502 5 31534 2 31542 23 31607 21 31664 8 31680 13 31695 28 31728 6 31757 7 31799 23 31862 22 31921 6 31935 11 31952 26 31988 2 32012 8 32055 23 32116 24 32191 10 32208 24 32244 3 32268 8 32311 23 32370 26 32446 10 32465 18 32500 3 32524 8 32568 22 32622 30 32702 10 32722 17 32755 5 32768 3 32779 9 32839 6 32877 32 32958 11 32978 16 33010 6 33024 4 33035 8 33097 2 33132 33 33214 22 33239 11 33264 8 33280 5 33291 7 33388 34 33470 21 33497 7 33519 9 33536 6 33547 6 33644 35 33727 6 33734 12 33754 4 33775 9 33792 7 33802 7 33901 35 33954 1 33984 4 33991 11 34030 10 34048 7 34059 5 34157 35 34209 4 34248 10 34285 11 34304 7 34317 2 34342 3 34414 35 34465 9 34504 10 34541 9 34560 7 34598 3 34670 35 34720 11 34761 9 34797 5 34816 6 34855 2 34928 33 34965 6 34975 13 35018 7 35053 4 35072 6 35185 32 35220 8 35231 14 35275 6 35298 2 35310 2 35325 1 35328 5 35443 27 35475 28 35531 5 35554 2 35580 9 35699 16 35717 9 35730 30 35769 1 35787 5 35811 1 35835 9 35955 16 35973 11 35986 31 36025 2 36043 5 36091 8 36211 17 36230 43 36281 2 36300 4 36347 7 36467 17 36485 27 36514 14 36556 4 36601 7 36621 4 36723 45 36770 11 36813 3 36857 7 36876 6 36979 45 37026 7 37069 4 37114 6 37132 7 37234 46 37281 5 37325 4 37370 6 37388 9 37489 45 37536 5 37581 5 37627 5 37644 9 37704 4 37742 14 37757 32 37792 2 37838 4 37859 3 37883 5 37900 10 37958 9 37997 13 38013 31 38094 5 38113 6 38139 5 38156 10 38214 10 38254 11 38269 30 38350 6 38369 6 38395 5 38412 10 38469 12 38510 9 38526 29 38606 7 38626 6 38651 5 38668 9 38725 13 38766 9 38787 24 38862 8 38882 6 38907 5 38925 8 38955 6 38982 12 38998 4 39023 7 39043 24 39118 8 39137 6 39163 5 39184 3 39209 10 39239 20 39280 3 39300 21 39375 8 39393 6 39418 6 39464 12 39497 20 39556 20 39631 9 39649 6 39674 6 39715 1 39719 14 39758 16 39812 21 39888 9 39904 7 39931 5 39970 3 39975 16 40016 14 40066 24 40145 9 40159 8 40188 4 40226 3 40231 20 40273 14 40321 25 40357 4 40404 6 40413 10 40444 4 40487 20 40529 14 40577 27 40614 3 40651 1 40654 2 40665 1 40668 4 40674 6 40699 5 40744 20 40785 14 40833 28 40869 5 40905 7 40924 2 40931 5 40956 4 41001 19 41041 15 41089 28 41124 7 41161 7 41179 3 41188 6 41215 1 41259 17 41296 19 41345 28 41379 8 41406 4 41417 6 41444 6 41517 15 41552 21 41601 28 41633 8 41662 4 41674 5 41701 6 41773 15 41809 25 41857 29 41890 6 41918 4 41931 2 41956 8 42030 14 42065 26 42114 28 42147 4 42163 1 42174 5 42211 14 42287 13 42322 26 42370 29 42403 4 42418 7 42431 4 42466 16 42546 9 42579 26 42626 31 42658 4 42674 8 42689 1 42722 16 42807 3 42835 26 42882 36 42930 8 42979 15 43002 5 43092 5 43099 18 43137 38 43186 8 43236 15 43256 8 43349 3 43356 18 43393 38 43442 8 43493 16 43512 8 43606 1 43613 17 43648 40 43698 8 43727 1 43750 17 43768 8 43870 16 43904 41 43953 8 43983 1 44006 17 44024 8 44127 15 44160 42 44209 7 44262 16 44281 7 44383 15 44416 44 44465 6 44519 15 44538 6 44638 16 44672 45 44722 5 44742 1 44775 13 44794 6 44893 18 44928 46 44978 4 44997 3 45032 11 45050 6 45146 21 45184 47 45235 3 45252 5 45287 11 45306 6 45401 22 45440 48 45490 5 45507 6 45542 11 45562 6 45657 22 45696 56 45762 7 45795 1 45798 12 45813 11 45913 22 45952 57 46018 7 46053 10 46064 2 46069 11 46170 21 46208 38 46250 15 46274 6 46310 9 46331 5 46426 20 46463 40 46506 4 46512 10 46531 4 46566 8 46588 4 46682 20 46718 46 46769 11 46787 4 46823 5 46939 18 46973 47 47026 11 47080 3 47195 18 47228 48 47283 13 47335 2 47342 2 47452 17 47483 50 47541 11 47590 10 47708 17 47738 54 47798 10 47837 3 47842 15 47867 3 47965 16 47993 57 48053 10 48093 20 48119 7 48222 14 48246 44 48293 25 48333 4 48348 21 48374 8 48479 12 48501 45 48553 20 48588 6 48604 22 48628 11 48735 11 48757 45 48809 19 48844 6 48859 2 48862 21 48884 11 48994 7 49012 46 49066 18 49096 2 49100 7 49108 2 49114 3 49120 31 49268 46 49322 18 49350 25 49376 31 49500 1 49524 46 49579 17 49605 44 49650 13 49779 27 49807 19 49835 3 49840 12 49861 58 50012 2 50022 3 50035 26 50063 19 50091 3 50095 14 50117 57 50267 6 50276 7 50291 26 50319 19 50347 20 50374 6 50382 48 50522 8 50531 8 50547 48 50603 21 50633 2 50638 48 50777 19 50803 48 50859 21 50893 49 51033 19 51059 50 51116 21 51138 3 51148 21 51172 25 51289 20 51315 50 51373 52 51427 8 51436 17 51545 20 51572 49 51629 52 51683 8 51696 12 51802 19 51829 7 51840 37 51886 51 51939 9 51953 6 52060 16 52086 5 52097 35 52145 4 52153 52 52210 5 52317 15 52344 1 52353 35 52411 50 52467 4 52574 14 52609 35 52668 3 52672 45 52723 4 52831 12 52864 37 52930 44 52979 5 53089 9 53120 39 53187 44 53235 5 53349 3 53375 41 53428 10 53443 53 53631 42 53682 13 53700 52 53886 44 53938 13 53957 51 54098 3 54142 44 54194 14 54213 51 54353 4 54398 44 54449 15 54471 49 54609 5 54654 44 54705 15 54728 49 54792 1 54865 4 54911 43 54962 15 54981 56 55040 1 55047 4 55121 4 55168 42 55220 13 55237 56 55296 2 55303 5 55378 1 55426 41 55479 10 55493 56 55552 3 55558 7 55682 41 55735 9 55750 56 55808 4 55814 7 55938 41 55992 8 56005 58 56064 13 56194 41 56248 7 56261 72 56449 13 56463 29 56504 7 56517 58 56576 13 56705 10 56719 29 56761 5 56773 57 56832 13 56961 8 56975 31 57018 2 57029 57 57088 13 57217 7 57231 35 57285 57 57344 13 57472 8 57488 35 57541 57 57600 12 57728 8 57744 35 57797 54 57856 10 57984 8 58001 36 58053 54 58112 8 58213 5 58239 9 58257 39 58310 53 58368 7 58468 8 58495 10 58510 43 58566 53 58624 6 58723 14 58751 11 58763 42 58806 4 58813 7 58822 53 58880 3 58977 18 59006 20 59027 30 59071 4 59078 53 59231 21 59261 21 59285 28 59327 4 59334 52 59484 27 59517 21 59542 26 59584 3 59591 53 59739 30 59772 22 59800 24 59841 1 59848 52 59984 3 59995 31 60029 21 60056 11 60102 54 60238 7 60251 32 60286 21 60313 8 60339 5 60357 6 60365 46 60493 8 60507 33 60542 34 60582 2 60593 8 60612 55 60748 10 60763 33 60797 32 60836 6 60848 10 60868 55 61004 10 61019 66 61091 8 61104 10 61123 56 61251 6 61260 10 61276 64 61347 10 61359 12 61377 59 61506 20 61533 63 61602 26 61633 8 61642 53 61762 19 61790 63 61858 39 61898 11 61910 42 62017 21 62047 105 62154 3 62158 5 62166 42 62273 22 62303 87 62396 12 62410 2 62424 40 62529 22 62560 84 62656 6 62682 38 62784 24 62816 77 62896 2 62913 2 62939 37 63040 24 63073 70 63144 3 63195 37 63296 24 63329 62 63394 4 63451 37 63552 25 63586 62 63649 11 63707 34 63808 26 63844 60 63905 11 63949 1 63952 2 63963 33 64064 16 64082 8 64100 73 64177 4 64204 6 64219 34 64320 16 64339 8 64357 73 64433 7 64460 7 64475 36 64577 15 64595 7 64612 54 64668 33 64715 8 64731 36 64833 4 64841 8 64853 4 64867 48 64925 33 64970 9 64988 36 65090 3 65097 11 65122 49 65180 35 65225 11 65244 36 65355 9 65378 49 65436 35 65480 2 65485 9 65500 9 65510 10 65522 3 65526 9
402143,33 82 168 2 203 47 290 81 458 48 548 79 714 48 807 75 970 48 1064 75 1227 6 1234 2 1240 33 1319 80 1484 2 1499 30 1575 81 1756 28 1830 83 2009 26 2085 85 2264 26 2341 15 2359 67 2519 27 2597 12 2616 67 2774 28 2854 7 2872 66 3030 30 3110 6 3128 66 3286 31 3383 66 3543 31 3583 1 3640 64 3799 32 3837 3 3896 64 4056 31 4091 5 4153 63 4312 40 4410 62 4568 40 4667 62 4824 40 4924 61 5081 39 5180 61 5337 26 5364 12 5436 60 5596 23 5620 12 5692 59 5858 17 5876 12 5947 47 5997 9 6114 17 6132 12 6202 47 6254 7 6371 16 6388 12 6459 46 6627 15 6644 12 6715 46 6884 13 6901 11 6973 4 6982 36 7141 11 7157 11 7239 35 7397 10 7414 10 7495 35 7655 7 7670 10 7751 35 7926 10 8007 34 8182 10 8263 34 8439 9 8520 33 8696 8 8776 33 8953 7 9033 27 9061 2 9210 6 9289 26 9391 5 9468 4 9544 27 9647 6 9724 4 9800 26 9902 7 9981 3 10055 27 10160 4 10311 13 10325 13 10568 12 10583 8 10825 10 10842 1 11083 8 11340 7 11411 3 11597 6 11665 6 11854 5 11920 8 12084 5 12111 5 12146 1 12175 9 12339 6 12368 5 12402 3 12430 11 12467 3 12478 4 12594 8 12626 4 12686 12 12721 9 12732 8 12848 10 12883 3 12942 13 12976 21 13102 12 13198 14 13232 22 13357 13 13434 1 13454 14 13488 22 13613 14 13690 1 13710 14 13743 24 13868 15 13966 13 13999 25 14124 16 14222 13 14255 27 14380 23 14479 12 14511 29 14635 24 14736 11 14768 30 14891 24 14992 10 15026 18 15048 7 15147 24 15236 3 15248 9 15285 8 15296 3 15305 6 15402 24 15491 6 15504 8 15542 6 15553 1 15561 6 15657 26 15747 7 15760 7 15808 2 15818 5 15912 27 15984 1 16003 7 16017 4 16063 3 16074 6 16168 27 16238 2 16260 7 16318 4 16330 6 16423 28 16494 2 16517 7 16573 5 16586 7 16678 29 16774 6 16826 7 16842 7 16933 29 17019 5 17030 6 17080 8 17098 7 17106 2 17186 32 17273 9 17286 6 17334 9 17353 13 17408 2 17441 13 17456 17 17520 3 17528 12 17542 6 17589 9 17607 16 17664 4 17697 13 17712 18 17776 4 17783 21 17844 10 17863 16 17920 5 17952 14 17969 20 18033 3 18038 24 18099 10 18120 15 18176 5 18208 14 18224 21 18289 30 18355 8 18376 14 18432 5 18464 13 18480 21 18545 30 18611 6 18633 4 18640 4 18688 5 18719 14 18739 17 18799 32 18867 3 18887 5 18944 3 18974 14 19051 36 19123 1 19143 5 19200 2 19229 15 19303 38 19379 1 19400 3 19485 7 19500 6 19558 38 19635 1 19740 8 19755 9 19814 18 19834 17 19996 8 20011 9 20070 17 20091 15 20252 9 20267 10 20326 16 20347 9 20358 4 20508 9 20522 12 20583 15 20603 9 20616 1 20764 10 20778 12 20800 1 20839 13 20859 7 21020 11 21034 13 21055 4 21086 3 21095 12 21115 6 21276 27 21311 4 21342 6 21351 11 21372 4 21532 29 21567 4 21597 9 21607 11 21630 1 21789 31 21822 5 21853 22 22047 36 22109 22 22191 2 22306 34 22365 22 22445 5 22566 30 22621 23 22661 4 22701 6 22730 3 22822 29 22878 22 22916 2 22958 5 22987 1 23079 28 23121 5 23134 23 23171 3 23214 5 23232 1 23335 28 23376 7 23390 23 23552 1 23586 4 23591 28 23630 9 23646 24 23841 5 23850 25 23885 11 23902 25 24095 7 24107 23 24140 12 24158 25 24311 5 24350 9 24364 21 24396 12 24415 24 24444 3 24569 4 24605 10 24621 19 24651 14 24672 24 24699 5 24826 4 24860 12 24878 17 24907 15 24935 17 24954 6 25083 3 25112 17 25135 16 25163 17 25194 14 25209 7 25340 4 25366 20 25392 15 25420 17 25451 21 25598 2 25620 22 25649 14 25676 17 25708 21 25854 2 25875 24 25906 13 25934 15 25969 18 26041 2 26110 2 26129 27 26164 11 26195 11 26226 18 26296 4 26365 3 26384 30 26421 10 26451 11 26483 18 26552 2 26622 2 26639 33 26678 8 26707 10 26740 18 26812 2 26879 1 26894 35 26934 8 26961 12 26996 18 27069 4 27135 1 27150 36 27190 9 27216 13 27252 18 27301 4 27325 4 27391 1 27406 36 27446 10 27471 13 27502 24 27581 4 27647 1 27662 36 27702 12 27726 13 27758 23 27838 4 27852 2 27901 3 27918 36 27958 13 27982 10 28013 23 28095 3 28108 2 28155 5 28174 36 28215 12 28238 9 28269 22 28372 2 28410 6 28430 36 28472 11 28494 9 28524 23 28627 3 28664 8 28686 35 28729 10 28751 8 28778 24 28867 1 28882 4 28907 3 28919 9 28942 35 28986 9 29007 8 29034 24 29138 2 29163 4 29175 9 29198 35 29243 7 29264 6 29288 25 29392 2 29419 5 29431 9 29454 34 29499 6 29520 6 29544 24 29643 1 29646 5 29678 3 29686 10 29710 34 29756 4 29776 6 29800 24 29891 2 29898 11 29935 2 29941 11 29967 29 30032 8 30056 24 30145 21 30191 6 30198 10 30224 22 30247 2 30288 10 30312 25 30400 22 30447 6 30454 10 30481 19 30545 11 30568 26 30655 23 30703 6 30710 10 30739 16 30802 11 30824 27 30910 24 30958 9 30968 8 30996 14 31050 3 31059 12 31080 28 31167 23 31214 18 31255 10 31305 5 31315 12 31337 28 31423 23 31469 19 31560 7 31570 14 31595 26 31683 10 31694 5 31726 18 31816 24 31853 24 31942 6 31982 18 32072 24 32110 23 32199 4 32238 18 32327 25 32367 22 32494 18 32583 25 32622 23 32750 18 32839 24 32877 24 33004 20 33094 6 33101 18 33132 24 33223 4 33260 20 33350 6 33357 16 33387 25 33478 5 33517 19 33606 6 33613 13 33642 25 33734 5 33760 4 33766 4 33772 20 33862 6 33870 11 33897 26 33989 6 34011 9 34022 3 34028 20 34118 5 34127 9 34152 28 34246 5 34266 38 34373 6 34383 8 34408 29 34502 4 34522 38 34627 7 34639 6 34663 30 34778 38 34882 7 34896 3 34919 32 35034 38 35137 8 35175 33 35289 39 35393 8 35432 32 35545 39 35650 7 35687 34 35800 41 35865 2 35906 7 35943 15 35961 18 36056 49 36119 5 36162 6 36199 13 36217 19 36311 40 36352 10 36368 13 36419 4 36454 14 36473 20 36567 39 36608 11 36623 15 36710 13 36729 21 36823 38 36864 11 36878 16 36966 13 36984 22 37079 37 37120 31 37222 12 37240 23 37336 35 37376 31 37477 12 37496 23 37592 35 37632 32 37731 13 37752 24 37831 3 37849 34 37888 33 37986 13 38010 22 38085 6 38105 34 38144 33 38242 13 38269 20 38326 3 38340 7 38361 33 38400 34 38499 11 38528 17 38581 5 38596 7 38617 32 38656 34 38756 9 38785 17 38837 5 38852 8 38873 31 38912 35 39014 2 39042 17 39094 3 39108 8 39129 10 39146 13 39168 35 39299 17 39364 8 39386 4 39406 8 39424 36 39556 17 39620 8 39664 4 39680 36 39813 17 39876 8 39936 36 40070 21 40132 8 40192 36 40327 21 40388 7 40448 37 40586 19 40645 6 40704 37 40844 17 40901 5 40960 37 41101 16 41157 5 41216 37 41357 16 41413 5 41472 37 41614 14 41670 3 41728 36 41872 9 41984 36 42134 1 42240 35 42496 35 42752 36 42893 5 42911 3 43008 38 43148 6 43166 14 43264 39 43403 6 43422 15 43520 40 43660 4 43677 17 43779 38 43848 6 43933 17 44032 1 44037 36 44102 10 44188 19 44288 2 44296 33 44357 12 44443 20 44544 3 44553 31 44612 14 44698 21 44800 3 44810 29 44868 14 44953 22 45056 8 45067 27 45124 13 45209 22 45312 9 45323 26 45380 13 45465 22 45568 10 45590 14 45636 12 45721 23 45824 11 45846 14 45891 13 45977 24 46080 13 46102 13 46147 13 46234 22 46336 14 46358 13 46402 15 46490 22 46592 17 46615 4 46624 1 46636 1 46658 16 46747 21 46848 6 46855 11 46871 4 46891 4 46914 16 47005 2 47012 11 47104 5 47111 11 47126 5 47146 5 47170 17 47360 4 47369 2 47374 5 47381 7 47402 6 47426 17 47616 9 47630 15 47658 6 47682 17 47730 1 47872 7 47886 16 47914 7 47938 17 47984 4 48128 5 48142 19 48170 8 48194 16 48240 4 48387 2 48397 22 48426 8 48451 15 48651 9 48661 15 48681 9 48707 14 48730 1 48905 10 48917 15 48937 9 48963 14 48986 1 48996 1 49152 1 49161 10 49173 15 49193 10 49219 15 49242 1 49250 4 49336 4 49408 1 49417 9 49428 14 49448 11 49475 15 49505 5 49590 8 49664 1 49675 7 49683 14 49707 8 49731 14 49761 5 49838 4 49845 11 49920 1 49932 21 49963 8 49988 11 50017 4 50094 19 50176 1 50189 2 50193 17 50219 8 50232 5 50246 7 50274 2 50349 21 50449 18 50475 7 50486 8 50503 5 50530 1 50605 21 50704 19 50731 5 50742 9 50779 5 50786 1 50860 22 50960 13 50975 4 50988 3 50998 8 51026 3 51033 12 51116 22 51215 20 51254 8 51281 22 51371 22 51471 21 51510 8 51536 23 51626 24 51727 21 51767 6 51790 26 51882 24 51982 23 52024 4 52046 25 52137 25 52239 21 52301 26 52393 26 52495 21 52557 25 52648 27 52752 17 52796 1 52813 24 52904 28 53009 15 53050 4 53067 26 53160 28 53253 2 53266 15 53305 4 53322 26 53416 28 53507 6 53524 14 53561 4 53578 26 53672 27 53762 8 53781 13 53817 3 53834 25 53926 20 53950 4 54018 8 54038 12 54090 25 54181 18 54274 8 54295 11 54346 24 54437 14 54531 7 54551 10 54603 20 54637 3 54693 13 54788 6 54808 8 54858 19 54892 5 54950 11 55000 3 55045 6 55066 3 55105 4 55114 18 55147 7 55206 10 55255 5 55300 7 55360 6 55370 18 55403 7 55462 8 55511 5 55555 9 55615 7 55625 19 55658 8 55718 7 55766 6 55810 10 55868 33 55914 7 56022 6 56064 13 56123 35 56170 6 56279 4 56307 4 56325 10 56378 38 56428 1 56453 4 56536 2 56555 14 56582 11 56634 40 56703 12 56810 16 56832 1 56839 11 56891 39 56957 15 57066 16 57088 2 57095 12 57147 40 57212 21 57322 17 57344 4 57351 14 57405 38 57468 6 57475 16 57578 17 57600 6 57607 15 57662 36 57724 6 57732 16 57834 17 57856 23 57919 33 57980 4 57989 16 58089 18 58112 24 58138 6 58175 23 58246 15 58339 24 58368 32 58432 5 58440 12 58503 14 58594 26 58624 33 58697 10 58760 12 58849 24 58874 4 58880 33 58955 5 59015 13 59105 29 59136 33 59271 13 59360 10 59373 17 59392 33 59527 14 59615 31 59648 33 59783 14 59871 32 59904 32 60038 16 60126 33 60160 32 60294 17 60382 32 60416 30 60551 16 60638 32 60672 28 60808 16 60895 31 60928 27 61065 15 61150 10 61162 20 61184 27 61307 4 61322 15 61406 9 61418 21 61440 26 61562 6 61575 18 61662 9 61673 49 61817 10 61830 19 61917 10 61928 49 62073 32 62173 10 62184 48 62328 32 62428 60 62584 32 62684 60 62840 31 62940 34 62976 23 63097 29 63196 9 63208 20 63232 23 63353 5 63364 17 63451 10 63464 19 63488 23 63610 2 63620 16 63646 3 63707 10 63721 18 63744 22 63877 14 63900 6 63962 11 63977 17 64000 22 64075 5 64133 14 64155 8 64192 9 64218 11 64233 14 64256 23 64329 8 64389 14 64410 9 64430 5 64447 10 64473 12 64490 12 64512 22 64583 10 64640 20 64666 11 64685 13 64702 12 64729 13 64746 11 64768 22 64836 14 64896 21 64920 35 64958 13 64984 15 65002 11 65024 21 65092 13 65151 22 65176 36 65213 14 65240 15 65258 11 65280 20 65347 14 65407 23 65431 52 65496 15 65514 11
402654,0 65536
403524,0 44 48 7 126 6 147 5 256 45 303 8 383 4 428 2 512 55 684 2 768 55 939 4 974 1 1024 55 1194 5 1280 55 1449 7 1536 55 1705 6 1792 54 1960 7 2049 48 2099 2 2216 7 2305 48 2372 1 2472 5 2561 47 2628 1 2766 1 2816 39 2857 6 3020 4 3072 37 3114 1 3275 6 3328 36 3530 7 3584 36 3786 8 3840 34 4014 2 4042 9 4096 32 4269 6 4295 12 4352 31 4524 9 4548 18 4569 1 4608 31 4780 12 4804 19 4824 2 4864 30 4947 3 5036 13 5060 22 5120 30 5202 5 5293 13 5316 21 5376 32 5438 1 5456 6 5549 16 5571 20 5623 1 5632 35 5672 3 5694 1 5710 8 5806 16 5827 18 5877 5 5888 44 5950 1 5965 10 6063 16 6083 17 6133 6 6144 44 6204 4 6220 11 6320 16 6340 15 6388 7 6400 43 6459 6 6475 11 6576 15 6597 13 6644 8 6656 43 6715 6 6730 12 6831 16 6854 3 6862 2 6900 8 6912 44 6964 1 6972 5 6986 11 7087 5 7096 6 7156 9 7168 44 7218 5 7228 5 7242 10 7342 6 7353 5 7379 5 7413 8 7424 45 7473 7 7484 5 7500 9 7578 2 7597 6 7610 2 7634 9 7661 3 7669 8 7680 45 7729 8 7740 5 7757 8 7832 6 7852 7 7890 11 7906 4 7916 5 7925 8 7936 45 7984 9 7997 4 8013 8 8052 1 8087 8 8109 6 8147 10 8160 7 8171 6 8181 7 8192 45 8240 9 8254 3 8269 8 8308 3 8343 8 8365 5 8403 10 8416 8 8426 7 8438 6 8448 44 8496 9 8510 3 8525 7 8565 2 8598 10 8660 9 8671 10 8682 7 8695 4 8704 44 8752 8 8767 2 8781 6 8822 1 8854 10 8916 29 8953 1 8960 43 9007 10 9022 5 9036 7 9068 3 9078 1 9110 9 9172 9 9182 19 9216 43 9262 11 9278 6 9292 6 9322 5 9334 1 9367 8 9429 8 9438 11 9453 3 9472 44 9517 12 9534 7 9548 5 9577 5 9590 1 9623 7 9686 4 9694 11 9728 57 9790 8 9804 4 9832 6 9846 2 9881 5 9951 9 9984 57 10045 10 10058 6 10088 8 10102 2 10138 2 10207 9 10240 57 10301 11 10313 6 10343 12 10357 3 10463 9 10496 56 10557 18 10588 1 10591 3 10599 18 10720 7 10752 56 10813 19 10840 10 10855 18 11008 57 11068 20 11096 10 11111 18 11210 5 11264 57 11323 21 11345 18 11367 9 11379 6 11466 6 11520 58 11579 28 11609 10 11623 9 11637 3 11721 8 11776 87 11866 9 11880 8 11894 1 11977 8 12025 6 12032 87 12125 7 12137 6 12221 2 12231 11 12282 93 12386 3 12394 5 12477 4 12486 14 12538 93 12652 3 12733 4 12738 19 12795 93 12889 2 12990 3 12994 19 13051 98 13156 3 13247 22 13309 97 13412 8 13426 2 13430 1 13504 21 13566 63 13631 32 13668 9 13681 3 13760 21 13824 60 13889 30 13923 10 13937 3 14017 19 14080 60 14145 30 14178 11 14274 18 14336 60 14400 32 14434 11 14531 16 14592 60 14656 30 14693 9 14788 14 14848 60 14912 30 14949 9 14990 2 15045 12 15087 5 15104 62 15167 32 15206 7 15305 7 15342 7 15360 97 15462 7 15476 1 15597 8 15616 97 15720 7 15852 9 15872 97 15979 6 16016 2 16108 9 16128 98 16234 7 16250 2 16363 10 16384 98 16490 7 16506 3 16619 10 16640 101 16746 8 16875 10 16896 102 17002 9 17025 3 17035 6 17129 3 17135 5 17152 102 17259 7 17280 4 17287 11 17383 6 17393 1 17408 102 17515 7 17535 5 17543 11 17639 6 17664 115 17791 5 17800 10 17822 1 17895 5 17920 115 18046 5 18056 10 18076 4 18151 5 18176 115 18301 5 18312 9 18409 1 18432 114 18556 5 18568 8 18688 114 18811 6 18823 9 18944 34 18979 79 19067 5 19078 9 19195 1 19200 33 19235 78 19323 6 19334 9 19451 3 19456 32 19491 60 19555 14 19580 5 19589 10 19706 121 19836 6 19846 7 19962 45 20010 74 20092 6 20102 6 20218 46 20267 74 20347 8 20358 2 20472 48 20524 81 20608 6 20728 48 20781 71 20853 9 20863 4 20983 49 21037 19 21058 50 21110 13 21239 49 21292 84 21378 1 21495 49 21548 70 21619 13 21634 1 21752 49 21803 69 21878 10 22008 80 22089 35 22136 8 22265 3 22272 88 22364 15 22393 7 22402 1 22528 43 22573 39 22623 11 22640 3 22650 9 22684 1 22708 4 22743 1 22784 78 22876 14 22895 5 22906 4 22938 4 22963 5 22999 1 23040 76 23132 13 23151 9 23193 5 23218 6 23255 1 23296 74 23387 14 23407 8 23448 5 23474 7 23552 73 23642 11 23662 9 23704 3 23729 8 23808 77 23896 17 23918 10 23961 1 23969 6 23976 17 24064 55 24126 17 24151 20 24174 15 24224 24 24320 56 24381 18 24407 39 24449 5 24481 23 24576 56 24637 3 24641 15 24663 25 24690 12 24704 7 24714 2 24728 3 24740 18 24832 57 24893 2 24897 14 24919 26 24949 17 24969 3 24983 4 24996 18 25088 58 25153 13 25174 27 25206 16 25224 5 25239 5 25247 3 25252 18 25344 57 25410 2 25413 9 25429 27 25463 9 25480 6 25495 31 25600 57 25671 6 25685 27 25720 7 25737 5 25751 31 25856 57 25928 2 25941 27 25976 4 25994 4 26007 31 26112 56 26184 2 26197 28 26231 4 26242 1 26251 4 26263 31 26309 1 26312 2 26368 58 26451 11 26463 19 26488 3 26507 4 26523 27 26563 7 26624 59 26705 10 26719 20 26745 3 26764 5 26780 25 26813 14 26880 34 26915 25 26960 8 26973 23 27000 4 27016 2 27019 6 27036 14 27053 7 27069 13 27136 32 27171 25 27200 1 27206 1 27216 7 27228 12 27241 11 27253 8 27272 9 27291 15 27310 5 27325 10 27392 33 27427 25 27453 5 27462 1 27467 2 27473 4 27484 10 27500 15 27528 10 27546 16 27567 4 27582 8 27648 45 27694 21 27719 6 27732 1 27740 9 27756 13 27789 7 27801 17 27824 3 27838 5 27904 46 27951 2 27959 12 27977 4 27988 1 27996 9 28013 7 28021 4 28050 1 28057 17 28081 1 28095 3 28134 2 28160 46 28216 13 28233 4 28252 8 28270 3 28279 3 28313 17 28351 2 28389 4 28416 47 28472 12 28489 3 28500 2 28509 8 28526 3 28533 6 28572 13 28644 5 28672 32 28706 14 28727 12 28746 1 28755 4 28767 7 28782 2 28787 13 28807 3 28831 10 28900 6 28928 32 28963 13 28982 12 29010 5 29022 8 29032 1 29041 14 29062 4 29087 11 29104 2 29156 5 29184 32 29219 13 29238 10 29266 5 29278 12 29297 14 29318 4 29344 11 29359 4 29413 4 29440 32 29475 13 29492 12 29522 5 29537 9 29552 13 29573 4 29602 10 29614 5 29669 4 29696 33 29731 13 29747 13 29778 1 29792 10 29805 14 29828 5 29858 11 29871 5 29952 33 29987 13 30002 15 30050 24 30083 6 30113 11 30185 1 30208 33 30243 31 30292 1 30307 22 30335 3 30339 7 30367 13 30441 1 30464 33 30499 9 30511 22 30548 1 30563 22 30590 5 30598 2 30619 16 30697 1 30720 33 30755 8 30767 22 30819 10 30831 4 30846 5 30873 17 30976 23 31000 8 31011 6 31024 22 31075 10 31088 2 31096 11 31128 18 31232 23 31257 5 31266 7 31280 22 31332 7 31347 16 31382 22 31405 4 31488 23 31521 8 31537 22 31586 10 31603 16 31638 29 31734 2 31744 23 31777 8 31793 23 31841 12 31858 16 31893 31 31988 5 32000 23 32032 9 32050 1 32054 18 32073 3 32097 13 32115 14 32148 33 32244 4 32256 23 32286 11 32311 22 32342 1 32348 1 32354 4 32359 8 32372 12 32392 4 32404 36 32499 5 32512 23 32541 12 32567 22 32604 1 32609 5 32616 7 32628 12 32648 4 32660 37 32755 5 32768 23 32796 6 32803 6 32823 22 32863 7 32873 5 32885 10 32904 4 32910 2 32927 26 32983 5 33011 4 33024 24 33052 6 33060 4 33079 13 33094 8 33116 10 33128 6 33142 9 33161 6 33184 25 33238 9 33269 1 33280 24 33307 7 33330 16 33350 8 33372 6 33382 4 33392 2 33399 8 33418 4 33440 26 33479 1 33494 10 33533 1 33536 24 33564 7 33585 16 33607 7 33628 6 33638 7 33647 3 33655 7 33674 4 33697 25 33735 1 33750 11 33788 28 33820 7 33841 7 33863 7 33884 6 33893 14 33910 6 33923 11 33952 28 33991 1 34006 12 34043 30 34077 6 34097 8 34119 7 34140 6 34148 15 34166 5 34178 12 34208 30 34263 11 34299 30 34332 7 34354 10 34376 6 34396 31 34434 13 34464 33 34519 10 34560 25 34588 7 34610 10 34632 2 34635 3 34654 4 34660 20 34690 14 34721 32 34780 4 34816 25 34844 7 34866 10 34888 1 34891 3 34917 15 34934 1 34946 16 34977 32 35072 25 35100 7 35122 6 35129 2 35148 2 35175 11 35201 15 35233 32 35283 1 35328 25 35356 6 35378 5 35404 5 35428 1 35432 8 35454 12 35479 1 35489 32 35529 1 35537 5 35584 25 35611 7 35635 3 35648 1 35660 5 35689 7 35709 8 35735 1 35742 36 35783 5 35793 7 35840 25 35867 7 35904 1 35916 5 35946 6 35963 9 35995 40 36037 8 36049 9 36096 25 36123 7 36160 1 36172 1 36175 2 36203 5 36218 10 36250 51 36307 7 36352 24 36379 8 36428 1 36460 4 36468 1 36473 10 36506 51 36563 8 36608 24 36635 9 36716 5 36724 2 36729 10 36762 51 36819 10 36864 24 36891 9 36973 4 36980 2 36985 10 37017 23 37043 29 37075 11 37120 24 37147 10 37180 1 37190 1 37230 3 37236 1 37242 9 37271 25 37299 43 37376 23 37405 8 37432 5 37444 4 37487 3 37492 1 37498 11 37526 73 37632 23 37661 7 37686 7 37698 6 37744 1 37748 1 37754 11 37774 1 37782 73 37888 23 37917 7 37941 7 37954 5 38008 14 38029 3 38039 72 38123 2 38144 23 38173 7 38196 8 38210 5 38263 16 38282 10 38295 68 38366 2 38379 1 38400 24 38429 6 38452 8 38466 5 38517 18 38537 81 38622 2 38656 24 38686 5 38708 7 38722 5 38730 1 38772 20 38793 81 38879 1 38912 23 38942 5 38955 5 38964 7 38978 4 38985 6 38994 2 39016 3 39028 32 39061 62 39128 2 39168 23 39199 3 39211 5 39223 3 39234 4 39239 9 39249 3 39271 5 39283 73 39358 20 39384 2 39424 24 39456 1 39467 5 39480 1 39493 15 39526 6 39538 72 39614 19 39638 5 39649 3 39680 24 39724 4 39748 14 39782 6 39792 12 39805 10 39819 48 39868 21 39891 1 39893 7 39907 1 39936 24 39980 4 40003 7 40011 3 40016 1 40038 8 40047 12 40063 8 40075 62 40141 4 40146 10 40192 24 40237 2 40259 7 40288 2 40294 22 40319 8 40330 62 40397 3 40402 10 40448 23 40494 2 40515 8 40544 3 40553 93 40652 3 40659 10 40704 24 40769 10 40794 1 40799 4 40810 92 40906 6 40916 9 40960 24 41020 1 41025 5 41031 4 41054 5 41066 2 41072 1 41078 43 41123 7 41131 26 41160 8 41172 8 41216 24 41276 1 41282 2 41310 4 41334 18 41355 21 41380 5 41386 28 41416 8 41429 5 41472 24 41532 1 41566 3 41589 18 41612 59 41672 8 41686 3 41728 24 41841 22 41868 68 41984 25 42097 21 42119 3 42123 68 42240 25 42354 18 42374 67 42444 3 42496 25 42610 1 42615 10 42630 8 42639 58 42701 4 42752 25 42872 7 42885 9 42896 56 43008 25 43128 5 43141 10 43154 54 43264 25 43385 2 43397 10 43410 14 43425 39 43520 25 43640 2 43653 11 43666 10 43684 36 43776 26 43896 1 43909 23 43940 37 44032 28 44151 2 44166 23 44195 38 44261 1 44288 29 44329 2 44422 23 44448 42 44516 2 44544 29 44585 3 44622 3 44669 5 44676 2 44679 52 44735 1 44737 10 44785 1 44800 29 44841 4 44877 4 44924 10 44936 51 44995 8 45015 1 45056 29 45097 4 45133 3 45178 65 45254 5 45271 1 45312 29 45353 3 45390 1 45434 66 45511 4 45527 1 45568 29 45689 13 45704 53 45768 5 45824 29 45945 13 45960 60 46023 7 46080 29 46200 87 46336 28 46456 91 46592 25 46710 94 46807 1 46825 1 46848 24 46966 56 47024 40 47104 24 47134 4 47212 1 47221 32 47256 2 47260 2 47263 14 47281 40 47360 24 47389 6 47464 7 47477 31 47516 1 47519 11 47538 40 47616 25 47645 6 47667 1 47719 9 47734 30 47771 16 47794 39 47872 25 47900 7 47917 8 47975 9 47990 30 48027 16 48050 38 48128 24 48156 7 48173 9 48183 4 48231 8 48245 31 48282 18 48306 40 48384 23 48412 7 48429 14 48487 8 48500 33 48537 19 48562 39 48640 23 48669 5 48683 11 48695 3 48743 10 48755 35 48792 12 48807 3 48816 40 48896 23 48925 4 48939 11 48951 2 48999 11 49011 48 49064 2 49069 43 49152 22 49182 4 49196 10 49208 1 49255 11 49267 45 49324 37 49408 22 49437 6 49454 8 49463 2 49509 12 49523 43 49579 32 49612 4 49664 22 49692 7 49711 7 49719 3 49736 1 49755 2 49761 16 49780 41 49834 33 49920 22 49947 8 49967 14 49986 9 50010 3 50016 17 50037 40 50090 34 50176 22 50203 7 50225 13 50242 9 50267 11 50280 1 50283 5 50294 40 50346 34 50384 3 50432 22 50460 5 50482 25 50523 11 50539 5 50550 20 50572 19 50594 3 50602 34 50640 5 50688 22 50738 25 50778 22 50806 85 50895 6 50944 22 50994 25 51033 25 51062 52 51116 31 51150 7 51200 23 51250 24 51288 56 51345 57 51406 8 51456 24 51506 24 51543 55 51602 46 51650 8 51662 10 51712 24 51762 24 51797 4 51803 51 51859 55 51918 10 51968 25 51995 2 52018 23 52050 6 52060 50 52117 23 52142 28 52174 10 52224 30 52273 24 52306 7 52316 50 52374 9 52386 10 52404 22 52431 9 52480 32 52529 24 52562 8 52573 50 52631 7 52642 7 52650 1 52660 22 52692 3 52736 33 52784 24 52818 62 52888 5 52900 7 52916 23 52948 2 52992 38 53040 14 53057 8 53073 63 53144 6 53158 5 53171 24 53203 3 53248 40 53295 16 53314 7 53330 62 53400 6 53408 3 53412 3 53426 25 53459 3 53504 40 53550 17 53572 8 53584 1 53587 61 53655 15 53681 26 53715 2 53721 4 53730 2 53760 40 53806 18 53827 77 53911 15 53931 32 53968 4 53974 15 54016 41 54062 19 54082 78 54166 10 54179 40 54223 5 54230 15 54272 42 54316 100 54422 10 54434 28 54465 20 54486 15 54528 144 54678 10 54690 28 54721 5 54728 13 54742 14 54784 144 54934 9 54946 23 54970 26 54998 14 55040 143 55190 8 55203 22 55226 9 55236 16 55254 13 55296 86 55385 54 55445 8 55458 32 55493 28 55552 87 55641 54 55701 8 55714 32 55750 26 55808 144 55959 6 55970 29 56000 2 56006 27 56064 145 56216 5 56222 1 56225 30 56256 2 56261 29 56320 147 56473 38 56512 3 56516 31 56576 148 56730 37 56768 35 56804 3 56832 233 57088 234 57344 235 57600 236 57856 166 58024 2 58028 64 58112 166 58284 64 58368 170 58539 62 58624 233 58880 233 59136 219 59356 13 59392 167 59562 49 59612 13 59648 167 59819 47 59869 12 59904 164 60076 46 60125 11 60160 163 60333 45 60381 11 60416 158 60589 44 60637 11 60672 157 60845 43 60893 10 60928 157 61100 44 61148 11 61184 156 61354 45 61402 11 61440 156 61610 59 61696 156 61866 33 61901 23 61952 155 62121 58 62208 154 62377 57 62464 157 62630 58 62720 224 62976 223 63232 222 63479 1 63488 221 63744 221 63989 1 64000 221 64256 221 64512 220 64768 220 65024 222 65249 4 65280 233 65533 3
403905,9 35 69 23 96 2 102 8 229 7 266 35 326 22 350 4 358 8 484 9 523 34 584 1 589 15 605 5 615 6 740 9 779 34 851 16 873 3 994 13 1036 33 1110 1 1116 7 1130 2 1249 15 1293 32 1372 7 1386 1 1504 17 1550 31 1628 6 1757 21 1807 31 1862 6 1874 4 1883 6 2011 6 2018 17 2048 1 2063 31 2118 18 2138 5 2267 24 2304 2 2319 31 2374 25 2523 23 2560 2 2576 30 2631 24 2779 22 2816 3 2833 28 2888 22 3035 1 3039 1 3042 13 3072 4 3091 25 3144 22 3290 3 3298 12 3328 6 3349 20 3400 22 3545 9 3556 9 3584 7 3607 17 3656 21 3795 15 3812 9 3840 8 3864 13 3912 19 4050 17 4068 9 4096 7 4123 4 4159 2 4168 17 4244 1 4306 26 4352 7 4413 9 4423 17 4551 2 4562 26 4608 6 4669 25 4709 2 4791 2 4805 6 4819 26 4855 4 4864 6 4924 25 4964 4 5010 3 5060 7 5076 25 5110 7 5120 6 5180 24 5219 8 5260 2 5316 8 5333 24 5365 9 5376 8 5437 22 5475 9 5514 4 5572 11 5588 24 5620 20 5693 22 5731 10 5769 5 5821 20 5844 24 5876 21 5950 18 5986 12 6017 3 6026 2 6067 2 6077 46 6132 21 6206 16 6241 14 6272 4 6322 3 6333 45 6388 21 6462 15 6497 13 6528 3 6578 3 6589 7 6601 33 6643 21 6718 15 6753 12 6774 3 6826 3 6833 4 6845 7 6857 32 6899 19 6973 15 7009 11 7030 1 7080 14 7100 9 7113 33 7155 17 7229 15 7265 10 7335 32 7370 32 7410 19 7485 14 7522 9 7591 32 7626 31 7666 20 7741 13 7778 9 7847 32 7882 31 7921 22 7950 4 7966 1 7998 11 8036 6 8103 32 8138 14 8154 14 8176 23 8205 6 8215 10 8254 11 8294 7 8359 20 8382 9 8395 12 8410 12 8432 24 8461 21 8510 10 8554 6 8615 17 8639 7 8652 11 8666 12 8688 24 8717 22 8766 9 8810 7 8870 17 8896 6 8910 8 8922 12 8944 25 8972 24 9022 9 9067 7 9125 16 9154 2 9179 11 9200 25 9227 7 9235 2 9239 14 9277 9 9323 8 9380 16 9435 12 9457 33 9499 10 9533 9 9566 5 9579 9 9636 15 9692 11 9713 33 9755 11 9790 7 9821 8 9834 14 9892 14 9949 10 9968 34 10009 13 10046 6 10077 29 10147 13 10204 11 10223 35 10263 15 10304 3 10332 31 10370 7 10404 8 10459 12 10478 10 10494 9 10505 7 10519 14 10588 32 10626 7 10661 5 10713 15 10734 9 10752 5 10763 2 10775 14 10843 34 10882 8 10896 3 10968 17 10991 6 11008 3 11025 2 11031 13 11099 36 11137 9 11151 5 11223 20 11247 7 11264 2 11280 5 11287 12 11333 3 11354 48 11407 5 11471 3 11478 23 11504 6 11536 19 11587 7 11609 50 11662 6 11725 6 11733 33 11792 19 11843 8 11864 41 11909 7 11918 7 11981 42 12049 18 12098 9 12119 63 12236 43 12305 17 12354 9 12374 65 12491 44 12562 16 12609 11 12629 67 12746 45 12818 16 12865 12 12885 69 13002 44 13075 15 13120 14 13141 49 13191 22 13258 44 13331 15 13375 17 13397 48 13448 23 13514 43 13588 15 13629 72 13711 17 13770 42 13845 15 13884 73 13967 19 14026 35 14062 6 14102 14 14139 73 14224 18 14283 32 14318 5 14360 13 14394 74 14481 18 14540 31 14575 3 14617 12 14650 80 14737 18 14798 28 14874 11 14906 92 14999 13 15062 19 15130 11 15162 91 15255 13 15321 16 15386 11 15418 91 15511 13 15579 13 15642 12 15674 91 15767 13 15828 5 15835 15 15894 17 15930 107 16084 7 16092 16 16148 19 16185 104 16296 5 16339 26 16399 24 16440 77 16519 25 16552 8 16595 27 16654 24 16696 77 16775 25 16810 6 16851 27 16910 23 16952 76 17032 21 17067 6 17107 27 17145 3 17165 24 17208 72 17288 22 17324 6 17362 28 17400 6 17421 23 17464 71 17544 22 17580 8 17612 34 17655 9 17677 24 17720 72 17800 22 17836 9 17868 35 17908 12 17933 24 17975 73 18056 22 18094 9 18123 53 18189 26 18231 75 18312 22 18350 9 18379 53 18446 25 18487 76 18568 23 18598 3 18606 9 18634 54 18702 26 18742 78 18822 25 18863 8 18890 54 18958 26 18998 88 19090 6 19097 6 19119 8 19146 54 19214 27 19255 85 19347 13 19376 5 19402 7 19411 45 19470 27 19504 1 19512 20 19533 61 19603 3 19608 8 19632 4 19658 6 19668 44 19726 28 19759 4 19769 17 19789 61 19868 4 19914 6 19924 44 19983 27 20014 6 20027 14 20046 59 20137 1 20170 5 20181 43 20239 29 20269 8 20288 10 20303 50 20357 4 20364 3 20426 5 20438 42 20496 1 20502 32 20546 8 20566 42 20613 4 20618 7 20670 2 20682 4 20695 41 20759 31 20802 7 20823 40 20868 6 20875 7 20940 2 20952 40 21016 33 21058 7 21079 39 21124 6 21132 6 21209 39 21260 6 21273 47 21336 38 21378 16 21417 1 21464 40 21515 8 21530 45 21593 38 21634 10 21672 2 21720 40 21770 10 21789 8 21799 32 21850 37 21890 9 21904 4 21976 40 22025 12 22046 4 22057 30 22106 37 22146 8 22160 5 22232 40 22281 13 22313 29 22364 34 22402 9 22415 8 22488 40 22536 15 22569 28 22624 30 22659 9 22670 11 22737 3 22744 40 22792 15 22825 29 22880 28 22916 6 22927 8 22994 3 23000 33 23035 2 23038 2 23047 16 23065 2 23081 29 23137 27 23172 4 23183 7 23250 5 23258 30 23295 4 23302 23 23336 30 23392 26 23429 2 23440 7 23506 7 23518 27 23551 32 23591 31 23648 25 23697 7 23754 2 23762 7 23776 25 23808 32 23846 33 23904 25 23954 8 24017 7 24032 25 24064 33 24102 20 24124 11 24160 25 24211 7 24273 5 24288 25 24320 34 24358 20 24381 10 24418 22 24467 7 24528 6 24544 25 24576 8 24588 23 24614 20 24637 10 24675 21 24720 2 24723 4 24783 7 24799 26 24832 8 24844 23 24871 20 24893 9 24935 17 24975 7 25039 8 25056 25 25088 8 25099 25 25129 19 25149 8 25193 15 25229 8 25295 8 25313 24 25344 9 25355 24 25388 24 25449 16 25471 1 25484 10 25551 7 25574 19 25600 9 25610 24 25645 22 25706 24 25739 11 25807 6 25832 16 25856 35 25902 21 25961 24 25994 12 26064 3 26088 7 26096 8 26112 35 26159 29 26210 2 26217 23 26250 12 26345 4 26353 5 26368 36 26416 29 26464 31 26506 11 26600 4 26624 37 26663 4 26673 29 26720 31 26762 5 26769 3 26855 5 26880 4 26886 38 26930 28 26976 31 27019 3 27026 1 27136 3 27143 38 27187 15 27205 10 27231 33 27375 3 27392 3 27399 38 27444 14 27461 10 27487 33 27632 2 27648 3 27655 39 27701 13 27717 11 27744 33 27888 3 27899 1 27904 3 27911 39 27957 13 27974 10 28000 33 28160 3 28167 39 28213 13 28230 11 28256 33 28416 3 28422 40 28469 14 28487 10 28512 33 28672 46 28725 15 28743 12 28768 32 28928 45 28980 16 29000 11 29024 31 29184 45 29235 17 29257 10 29281 26 29440 45 29489 21 29513 10 29538 25 29696 45 29743 36 29795 24 29952 83 30052 23 30208 84 30309 21 30447 2 30464 85 30565 20 30720 2 30724 69 30796 11 30821 18 30983 66 31053 11 31065 2 31079 16 31239 8 31248 51 31310 16 31341 9 31496 7 31504 18 31531 3 31537 17 31565 18 31597 10 31753 23 31794 17 31818 22 31854 9 32009 23 32051 16 32074 6 32083 13 32100 7 32111 8 32266 21 32308 15 32330 5 32347 6 32355 10 32370 5 32523 20 32563 15 32586 5 32604 6 32611 9 32626 5 32781 8 32794 4 32818 16 32844 1 32860 2 32864 8 32874 1 32882 7 33023 1 33037 7 33052 1 33080 9 33126 1 33139 6 33279 1 33294 5 33396 7 33476 2 33551 4 33652 9 33732 2 33808 3 33909 9 34063 4 34165 8 34319 3 34380 1 34420 7 34574 4 34676 6 34824 9 34862 2 34931 7 34995 3 35079 10 35117 4 35188 4 35230 3 35252 2 35258 2 35335 11 35371 6 35408 2 35444 2 35486 5 35509 7 35589 12 35626 6 35639 3 35663 3 35700 2 35743 5 35765 7 35841 16 35882 6 35895 4 35916 7 36000 4 36022 6 36097 14 36138 6 36150 6 36172 7 36258 1 36278 5 36353 13 36394 6 36405 7 36456 2 36536 1 36610 10 36651 4 36661 7 36696 1 36711 3 36866 10 36907 2 36918 6 36951 5 36965 4 36993 3 37031 2 37122 10 37175 6 37222 1 37243 1 37245 3 37249 3 37377 12 37410 3 37432 5 37470 1 37500 8 37632 13 37665 5 37688 5 37696 2 37728 1 37760 4 37787 4 37888 13 37921 6 37952 3 38016 3 38041 7 38122 2 38144 12 38176 11 38208 3 38230 1 38273 2 38296 10 38379 1 38400 11 38432 12 38463 5 38486 1 38532 1 38552 11 38637 1 38656 10 38688 4 38695 5 38718 7 38742 2 38785 4 38808 12 38912 8 38944 3 38951 4 38973 8 38998 3 39011 3 39040 4 39064 12 39089 3 39168 5 39208 3 39225 12 39256 1 39266 6 39295 5 39302 1 39318 14 39341 7 39424 4 39481 12 39501 2 39519 10 39550 6 39557 4 39573 14 39595 10 39680 5 39736 6 39743 4 39758 2 39774 12 39804 14 39829 14 39849 14 39871 9 39936 6 39990 10 40015 3 40024 1 40029 13 40059 16 40085 14 40105 14 40127 10 40192 6 40246 9 40272 4 40278 4 40283 15 40314 18 40341 15 40361 15 40382 12 40448 6 40503 8 40529 25 40569 19 40596 17 40617 16 40639 12 40704 6 40750 1 40759 8 40786 20 40807 2 40825 18 40852 18 40874 15 40890 16 40960 6 41005 4 41016 7 41043 16 41081 18 41107 19 41130 31 41216 6 41260 5 41272 7 41300 14 41337 17 41363 19 41388 29 41472 6 41516 6 41528 7 41556 14 41594 15 41620 18 41656 13 41670 3 41728 5 41771 7 41785 6 41812 14 41851 14 41876 19 41913 11 41984 5 42027 8 42042 5 42068 15 42114 11 42132 19 42163 2 42169 11 42240 5 42283 8 42298 5 42324 15 42370 11 42389 17 42419 2 42425 11 42496 5 42539 8 42561 3 42580 2 42591 3 42625 13 42646 16 42674 2 42684 8 42752 5 42795 10 42815 6 42836 1 42879 15 42903 15 42930 2 42941 6 43008 5 43050 11 43070 8 43134 10 43146 6 43162 13 43185 3 43196 4 43264 5 43304 13 43326 9 43390 6 43402 7 43418 12 43439 5 43453 2 43520 4 43558 6 43581 10 43647 4 43658 4 43673 12 43696 4 43776 5 43812 8 43837 10 43904 1 43913 5 43927 12 43952 4 44032 6 44067 9 44093 10 44168 7 44178 17 44207 4 44288 7 44323 10 44349 11 44424 7 44434 12 44464 1 44544 8 44579 11 44606 11 44648 5 44680 7 44690 12 44708 1 44752 4 44800 9 44836 11 44863 10 44903 7 44935 8 44947 11 44963 3 45008 4 45056 9 45093 10 45120 9 45158 11 45189 9 45205 9 45219 3 45264 5 45312 10 45324 4 45350 9 45378 7 45413 13 45442 12 45463 8 45475 3 45521 3 45568 18 45608 7 45634 6 45668 15 45698 2 45701 11 45719 7 45731 3 45777 3 45824 9 45834 8 45866 5 45891 4 45923 16 45953 3 45957 12 45976 6 45987 3 46080 8 46090 9 46122 4 46147 4 46179 15 46209 16 46233 4 46244 2 46336 7 46346 9 46380 1 46403 4 46420 1 46434 16 46465 17 46500 2 46592 6 46602 9 46659 6 46673 5 46690 18 46721 17 46756 3 46848 6 46858 8 46870 3 46915 7 46928 6 46946 19 46977 17 47011 5 47104 7 47114 8 47126 3 47170 9 47184 7 47202 20 47231 19 47266 7 47360 8 47370 4 47375 4 47381 3 47392 1 47426 9 47440 7 47458 21 47487 19 47521 8 47616 12 47633 2 47648 6 47684 7 47697 5 47714 23 47745 16 47776 8 47872 11 47889 2 47905 7 47941 5 47954 4 47971 23 48001 16 48031 9 48133 3 48146 1 48162 7 48199 2 48227 24 48257 17 48287 8 48421 5 48450 1 48482 25 48514 16 48543 7 48678 5 48705 6 48738 26 48770 18 48800 5 48811 5 48935 5 48958 9 48993 27 49026 19 49056 5 49067 6 49190 8 49214 9 49238 1 49248 27 49282 22 49313 3 49322 7 49447 8 49471 9 49494 1 49504 27 49538 24 49578 7 49704 6 49728 8 49750 1 49760 27 49795 23 49835 7 49909 3 49961 5 49987 4 50017 27 50051 11 50063 11 50091 7 50106 2 50165 3 50218 2 50244 3 50264 1 50274 25 50307 13 50321 8 50346 8 50362 2 50421 3 50443 2 50520 1 50530 25 50563 13 50581 4 50602 8 50619 1 50677 3 50776 1 50787 25 50818 16 50838 3 50855 9 50876 1 50885 2 50934 2 50953 2 51044 24 51074 17 51110 9 51131 3 51140 5 51301 22 51330 20 51366 10 51384 6 51394 8 51558 21 51586 20 51623 10 51635 23 51815 15 51832 1 51842 20 51880 24 51906 7 52009 3 52072 13 52097 22 52139 16 52156 4 52166 2 52262 1 52265 3 52329 13 52353 22 52396 11 52414 2 52518 1 52521 3 52586 13 52609 22 52652 6 52731 3 52778 1 52844 12 52864 22 52909 3 52943 4 52986 5 53038 6 53101 11 53120 21 53147 4 53166 2 53198 5 53243 5 53295 6 53360 8 53375 22 53402 7 53452 8 53501 3 53551 6 53618 5 53625 7 53633 20 53657 10 53707 9 53759 1 53808 5 53880 7 53891 33 53962 11 54086 1 54136 7 54148 33 54217 12 54343 3 54391 7 54404 33 54451 3 54471 15 54599 4 54637 2 54647 6 54660 35 54706 6 54726 17 54842 1 54854 5 54892 4 54903 4 54916 35 54962 6 54982 17 55096 4 55108 7 55148 5 55159 3 55173 36 55218 7 55237 18 55351 6 55362 11 55403 6 55413 5 55430 38 55476 5 55493 17 55606 8 55616 14 55658 8 55667 6 55686 39 55748 18 55862 24 55914 15 55942 40 56004 18 56116 27 56170 14 56197 42 56260 19 56320 5 56372 27 56426 14 56452 43 56515 21 56576 6 56628 28 56682 14 56708 45 56770 24 56832 6 56884 28 56938 14 56964 47 57026 23 57088 7 57140 28 57194 14 57220 50 57281 24 57344 4 57395 28 57450 14 57477 50 57537 22 57601 2 57651 28 57705 7 57713 7 57734 50 57793 20 57907 27 57945 3 57956 12 57969 6 57990 50 58049 18 58132 2 58152 7 58162 27 58199 7 58208 16 58225 7 58247 49 58305 17 58329 1 58407 38 58455 7 58463 19 58483 5 58503 48 58562 15 58585 4 58663 37 58710 28 58742 4 58760 2 58764 43 58819 14 58841 6 58918 37 58966 28 59000 3 59022 41 59076 12 59097 6 59136 7 59172 4 59178 33 59221 29 59256 4 59266 3 59279 6 59288 30 59333 10 59347 3 59353 6 59392 6 59427 4 59436 30 59477 29 59513 4 59518 1 59521 4 59538 1 59545 29 59591 8 59602 12 59648 5 59682 5 59693 29 59732 30 59770 11 59801 29 59848 6 59856 9 59866 4 59877 1 59904 5 59936 8 59946 31 59987 31 60026 2 60033 4 60046 1 60057 29 60105 16 60122 12 60160 5 60190 43 60241 33 60301 4 60313 30 60363 14 60378 12 60416 6 60444 44 60495 35 60554 47 60620 26 60672 7 60699 44 60750 37 60810 49 60877 25 60928 7 60963 35 61006 37 61066 50 61133 26 61184 7 61206 3 61221 31 61262 37 61304 3 61322 50 61389 26 61440 2 61462 4 61485 26 61518 37 61559 5 61577 51 61646 26 61696 1 61718 5 61742 26 61774 37 61814 6 61833 51 61903 25 61952 3 61974 5 61998 26 62030 37 62070 6 62089 52 62159 25 62208 4 62231 5 62254 26 62286 36 62326 6 62345 52 62415 25 62464 4 62483 2 62487 6 62510 26 62539 49 62600 53 62670 26 62720 4 62734 8 62743 8 62766 26 62793 15 62809 15 62831 13 62855 54 62926 26 62992 15 63021 25 63047 16 63068 9 63087 13 63110 56 63182 26 63248 16 63268 32 63304 15 63327 4 63343 13 63365 57 63438 26 63505 5 63515 4 63523 32 63559 16 63598 14 63620 60 63694 26 63762 3 63771 4 63778 32 63815 16 63854 12 63867 4 63875 11 63892 45 63950 26 64034 32 64070 18 64110 10 64123 5 64130 11 64150 43 64206 26 64289 33 64326 18 64366 8 64380 16 64406 44 64462 26 64546 31 64582 18 64622 8 64637 14 64662 43 64718 26 64803 30 64838 17 64880 5 64893 13 64917 34 64955 6 64974 26 65060 28 65094 16 65149 12 65173 22 65213 3 65231 24 65317 27 65349 15 65405 10 65429 21 65487 5 65495 15 65527 1
409913,0 13 42 99 161 3 210 10 256 13 297 99 417 3 467 9 512 12 553 99 673 3 724 6 768 11 808 100 929 2 1024 10 1064 100 1280 9 1320 100 1536 9 1575 102 1792 9 1831 103 1948 5 2048 9 2087 104 2203 6 2304 9 2343 105 2457 8 2560 9 2599 108 2711 9 2816 8 2855 120 3072 8 3112 119 3328 8 3373 113 3584 7 3630 111 3840 7 3886 110 4096 7 4142 109 4352 7 4398 106 4608 6 4654 106 4864 6 4911 105 5120 5 5167 104 5376 4 5423 104 5632 1 5679 104 5935 103 6192 84 6279 14 6449 82 6534 15 6706 79 6790 15 6964 24 6989 50 7047 4 7056 4 7221 21 7247 47 7304 3 7313 3 7480 17 7504 44 7561 3 7569 4 7738 14 7761 43 7817 4 7826 3 8000 6 8019 40 8072 6 8082 3 8277 38 8328 7 8339 2 8536 35 8583 8 8795 32 8839 7 9051 32 9094 7 9308 16 9325 13 9349 7 9564 14 9583 11 9605 7 9820 12 9840 10 9861 7 10076 11 10097 9 10116 7 10332 11 10353 9 10372 8 10589 11 10610 8 10628 8 10820 1 10846 10 10867 6 10884 8 11074 4 11105 6 11141 7 11330 5 11364 1 11397 7 11587 2 11654 6 11669 2 11910 6 11924 3 12167 4 12423 4 12680 1 13197 4 13452 5 13708 4 13965 2 24831 1 25085 3 25340 4 25595 5 25842 2 25849 7 26097 15 26353 15 26608 16 26864 16 27120 16 27376 16 27632 16 27888 16 28144 16 28363 5 28400 16 28604 5 28617 8 28655 17 28858 25 28910 18 29097 3 29113 26 29165 19 29352 7 29362 33 29421 19 29607 44 29677 19 29863 45 29932 20 30119 45 30188 20 30375 46 30445 19 30631 45 30701 6 30711 9 30774 6 30887 45 30959 3 30968 8 31029 8 31143 45 31224 8 31282 12 31400 44 31480 8 31537 13 31656 43 31736 8 31792 14 31913 33 31947 8 31992 8 32046 17 32169 32 32205 5 32234 5 32247 9 32300 19 32425 31 32489 8 32503 9 32542 4 32556 20 32682 30 32744 11 32759 9 32797 6 32811 22 32938 30 33000 13 33014 8 33053 5 33067 23 33195 29 33255 22 33309 5 33323 24 33451 29 33510 22 33565 5 33578 26 33707 7 33717 19 33766 18 33822 3 33833 27 33964 6 33975 9 33986 6 34021 16 34088 28 34219 7 34234 1 34244 4 34276 16 34343 29 34475 6 34532 16 34599 29 34730 7 34788 16 34854 30 34986 7 35043 16 35105 35 35240 9 35299 16 35361 35 35495 9 35555 16 35617 36 35751 9 35811 16 35873 36 36007 8 36067 16 36128 37 36264 6 36323 16 36384 38 36523 1 36579 15 36640 38 36835 15 36895 39 37089 17 37151 39 37345 17 37369 3 37407 39 37600 18 37624 8 37664 37 37856 17 37880 8 37920 35 38112 16 38135 9 38176 33 38368 14 38391 9 38433 7 38443 18 38552 5 38624 13 38646 10 38689 6 38700 17 38807 7 38881 11 38902 10 38946 3 38956 16 39063 8 39138 10 39157 11 39213 14 39318 9 39395 9 39413 11 39468 12 39574 10 39654 6 39669 2 39674 6 39724 7 39830 10 39911 4 39925 1 39930 6 39979 7 39996 2 40084 14 40175 1 40180 2 40187 5 40234 8 40251 5 40339 18 40429 6 40436 2 40444 4 40489 10 40506 6 40594 21 40684 10 40697 1 40700 4 40744 12 40760 10 40771 4 40779 4 40850 21 40940 10 40957 3 40999 42 41106 22 41196 10 41254 47 41362 22 41453 9 41509 49 41607 2 41617 23 41661 1 41711 7 41763 52 41861 5 41873 22 41915 8 41968 3 42017 55 42117 7 42129 22 42169 12 42221 1 42224 2 42273 55 42372 34 42424 14 42477 2 42528 55 42592 4 42627 35 42678 17 42732 3 42784 54 42846 7 42882 35 42933 19 42989 1 43003 1 43040 53 43100 9 43138 36 43188 21 43259 1 43297 52 43356 9 43370 5 43393 38 43443 22 43553 52 43611 10 43625 8 43649 39 43699 22 43809 53 43866 11 43880 10 43904 40 43954 22 44065 67 44136 11 44160 40 44210 23 44321 66 44392 11 44416 40 44466 23 44577 64 44648 11 44672 40 44722 24 44833 65 44904 11 44928 40 44972 2 44978 24 45089 66 45159 12 45184 74 45345 67 45415 12 45440 74 45601 82 45695 75 45857 81 45951 75 46049 1 46113 81 46207 75 46301 6 46370 79 46462 76 46555 8 46627 76 46718 76 46810 8 46883 75 46974 76 47065 8 47140 74 47230 77 47310 4 47318 10 47340 2 47396 74 47486 96 47593 5 47653 73 47742 95 47845 8 47909 72 47987 2 48005 87 48100 9 48165 71 48241 5 48261 87 48353 12 48370 2 48422 70 48496 7 48517 87 48608 21 48678 70 48750 10 48773 84 48858 30 48934 70 49005 12 49028 85 49115 29 49190 68 49261 13 49284 85 49372 28 49411 3 49446 67 49516 15 49539 85 49628 19 49648 8 49665 7 49702 66 49771 17 49795 9 49806 75 49884 28 49920 10 49959 64 50027 17 50050 9 50063 105 50176 16 50215 62 50282 17 50306 8 50319 106 50432 17 50472 60 50538 17 50562 7 50575 106 50688 20 50728 59 50793 17 50818 8 50830 108 50944 21 50985 56 51049 16 51074 8 51086 81 51168 26 51200 22 51242 5 51249 48 51304 17 51331 119 51454 25 51506 47 51560 16 51588 93 51682 24 51710 26 51768 40 51817 14 51845 117 51966 26 52026 38 52074 11 52102 116 52222 26 52282 38 52330 8 52361 114 52476 2 52480 25 52539 37 52587 7 52618 89 52708 26 52736 24 52795 37 52843 12 52874 8 52888 74 52964 26 52992 24 53051 37 53098 16 53131 6 53145 71 53220 26 53248 24 53307 38 53353 18 53400 71 53478 9 53490 12 53504 24 53564 37 53608 20 53655 4 53661 47 53710 11 53722 4 53734 6 53747 1 53750 3 53754 4 53760 24 53821 36 53863 21 53910 4 53918 46 53966 11 54003 1 54006 3 54010 4 54016 23 54078 36 54118 23 54146 1 54166 4 54175 58 54263 1 54267 2 54272 23 54335 35 54374 23 54400 5 54421 5 54430 47 54478 12 54528 22 54592 34 54635 9 54648 1 54652 1 54655 8 54676 6 54685 48 54734 12 54784 21 54850 32 54892 8 54911 9 54932 5 54943 46 54990 13 55040 20 55107 29 55149 2 55166 11 55188 2 55199 51 55251 8 55296 21 55363 29 55421 12 55448 1 55455 15 55471 13 55488 14 55506 9 55552 22 55619 28 55676 13 55704 2 55709 30 55746 12 55762 7 55808 23 55865 37 55930 14 55958 36 56002 9 56019 6 56064 24 56116 42 56183 17 56214 36 56258 8 56275 5 56320 24 56372 42 56420 1 56438 17 56470 36 56514 6 56532 2 56576 24 56628 42 56675 3 56690 6 56697 13 56726 35 56769 4 56810 2 56832 24 56884 42 56932 2 56938 28 56983 34 57025 3 57065 3 57088 25 57140 42 57188 2 57192 29 57239 33 57280 3 57304 2 57321 3 57344 25 57396 42 57444 2 57449 29 57496 33 57535 4 57559 3 57600 24 57652 42 57700 2 57705 3 57709 3 57714 21 57752 18 57771 14 57791 5 57815 3 57856 24 57909 42 57956 4 57961 2 57966 2 57969 5 57976 16 58009 16 58027 14 58047 5 58072 2 58112 23 58165 43 58213 3 58218 1 58223 6 58232 4 58240 8 58266 11 58283 14 58303 4 58329 1 58368 23 58422 42 58466 9 58480 2 58484 1 58498 6 58522 9 58538 16 58559 2 58624 22 58679 53 58736 1 58755 5 58778 5 58794 18 58880 22 58936 48 58985 4 58993 5 59010 5 59034 4 59050 17 59136 22 59197 43 59241 6 59249 6 59266 3 59291 2 59306 17 59392 22 59455 41 59500 1 59503 10 59517 7 59563 15 59648 23 59712 40 59759 11 59771 9 59811 4 59822 11 59901 1 59904 27 59969 39 60013 23 60066 6 60081 7 60160 33 60219 4 60225 5 60231 35 60268 24 60321 9 60338 6 60416 36 60476 3 60481 67 60552 3 60577 12 60593 7 60672 37 60720 4 60733 2 60737 7 60748 63 60831 26 60928 38 60974 6 60993 9 61006 62 61086 28 61184 39 61230 7 61248 10 61263 33 61297 27 61342 28 61440 41 61485 10 61504 48 61555 26 61598 28 61696 57 61760 48 61812 25 61853 29 61952 57 62016 49 62069 16 62089 4 62107 31 62208 58 62272 6 62279 42 62326 15 62346 3 62361 33 62464 58 62527 5 62536 41 62582 14 62616 36 62676 3 62716 62 62783 4 62793 41 62838 14 62871 38 62925 1 62930 7 62942 10 62971 63 63040 4 63049 41 63100 4 63106 2 63127 39 63181 3 63186 8 63202 4 63228 62 63296 5 63304 43 63362 2 63382 41 63437 14 63459 1 63485 61 63552 5 63559 44 63637 43 63740 25 63767 34 63810 49 63892 45 63946 2 63996 25 64023 32 64065 50 64147 45 64201 3 64249 9 64269 4 64275 2 64279 29 64321 49 64403 45 64455 5 64504 8 64535 28 64578 40 64620 5 64658 46 64711 6 64759 9 64790 22 64815 3 64834 38 64877 3 64913 47 64965 8 65014 10 65045 23 65072 1 65081 1 65090 8 65101 16 65123 4 65133 4 65168 47 65221 7 65269 11 65301 22 65336 3 65346 7 65359 13 65389 4 65423 47 65477 1 65514 3 65519 1 65525 11
416208,9974 2 10222 2 10230 3 10235 5 10471 13 10486 3 10490 6 10726 19 10746 6 10979 28 11232 30 11474 4 11480 3 11487 28 11516 3 11730 45 11985 47 12241 47 12497 47 12751 49 13006 50 13262 50 13518 50 13775 49 14034 46 14290 46 14547 45 14803 45 15059 45 15315 45 15571 45 15827 45 16083 45 16339 44 16594 45 16849 47 17097 55 17352 56 17608 56 17864 56 18119 57 18375 57 18631 57 18886 58 19141 59 19397 59 19652 60 19909 58 20168 54 20424 54 20681 53 20938 53 21196 51 21451 52 21707 51 21962 51 22218 49 22467 2 22473 48 22718 59 22974 58 23229 59 23487 56 23747 1 23753 46 24008 47 24264 46 24522 44 24779 43 25036 42 25293 41 25549 41 25805 1 25813 33 26061 1 26070 31 26317 1 26326 7 26337 6 26344 13 26583 3 26593 5 26605 8 26850 2 26861 8 27107 1 27119 6 27304 5 27377 4 27559 7 27635 1 27815 8 28071 6 28244 1 28327 5 28342 2 28598 2 28854 2 28859 1 28862 2 29110 2 29118 2 29366 2 29374 2 29631 1 47224 1 47476 7 47729 11 47984 13 48240 13 48365 1 48497 13 48514 1 48621 2 48753 13 48770 5 48877 2 48993 4 49010 12 49025 6 49133 1 49248 6 49267 12 49281 6 49504 6 49524 20 49639 3 49761 4 49780 20 49895 3 50018 2 50037 19 50151 3 50159 2 50274 1 50293 19 50415 1 50549 18 50671 1 50805 17 50926 4 51062 15 51182 7 51319 14 51435 10 51575 14 51690 11 51830 15 51945 13 52060 1 52086 16 52201 13 52341 23 52458 11 52596 25 52715 9 52851 25 52972 7 53092 1 53095 2 53106 25 53229 5 53348 3 53361 27 53485 4 53604 3 53617 27 53742 2 53873 27 54128 27 54384 26 54639 26 54895 24 55151 23 55295 1 55397 2 55406 23 55548 3 55652 4 55662 22 55802 5 55918 21 56057 7 56173 22 56313 7 56428 23 56568 3 56684 24 56823 4 56938 25 57193 26 57448 26 57704 26 57736 1 57961 25 57992 1 58217 25 58247 2 58473 26 58502 3 58729 7 58737 24 58950 3 58985 29 59193 3 59205 6 59214 1 59240 24 59267 3 59450 1 59458 1 59461 6 59478 1 59496 23 59524 2 59714 10 59729 2 59733 3 59753 18 59780 2 59972 3 60010 14 60036 2 60228 3 60266 13 60292 2 60522 13 60771 4 60779 12 61026 3 61036 10 61056 1 61244 1 61280 5 61288 1 61292 8 61311 2 61534 8 61543 2 61548 2 61551 8 61788 13 61809 6 62044 12 62301 10 62558 9 62814 2 62817 6 62828 1 63073 3 63084 1 63328 3 63584 1 63590 3 63840 1 63846 4 64100 5 64354 7 64366 1 64609 8 64865 10 65120 10 65360 4 65372 1 65376 10 65396 1
416662,56 6 76 6 100 2 118 14 163 13 194 9 312 7 332 6 372 15 419 13 439 4 450 8 568 7 588 7 626 17 675 13 694 6 823 8 838 1 844 7 882 17 934 10 949 10 1077 10 1092 6 1099 9 1137 18 1192 8 1203 12 1332 12 1347 17 1394 17 1449 23 1587 12 1602 19 1651 16 1705 24 1842 13 1858 19 1908 14 1961 8 1970 16 2097 14 2115 3 2119 13 2165 12 2217 8 2226 16 2353 16 2375 13 2422 8 2474 24 2609 17 2631 13 2678 5 2729 24 2866 16 2887 13 2934 5 2984 24 3071 1 3116 1 3123 15 3143 13 3190 5 3238 25 3272 5 3326 2 3372 1 3378 16 3399 13 3446 5 3494 17 3512 4 3583 1 3634 16 3655 13 3686 1 3702 5 3750 16 3876 2 3890 16 3911 9 3924 5 3940 3 3950 1 3958 4 4006 16 4130 7 4145 17 4167 9 4179 8 4195 4 4206 1 4214 3 4262 16 4385 9 4401 17 4424 1 4429 3 4434 9 4452 3 4518 16 4543 3 4640 10 4657 5 4669 5 4685 3 4689 12 4708 1 4720 1 4775 14 4799 3 4811 1 4896 11 4927 4 4942 14 4976 1 5040 5 5056 1 5065 6 5151 13 5183 4 5199 7 5214 1 5298 2 5320 8 5375 1 5407 13 5439 3 5456 5 5575 10 5663 13 5694 4 5803 3 5832 12 5919 14 5946 8 6058 7 6088 13 6176 12 6200 10 6313 12 6345 13 6433 11 6454 12 6569 13 6602 12 6690 10 6709 13 6825 14 6859 11 6948 9 6965 12 7080 17 7115 12 7206 8 7215 18 7286 1 7336 19 7372 11 7464 25 7541 5 7592 6 7601 11 7628 12 7721 24 7795 8 7848 5 7858 11 7877 1 7886 9 7977 24 8050 10 8104 5 8114 12 8144 7 8233 24 8306 11 8360 4 8372 12 8401 5 8491 22 8561 12 8616 4 8629 12 8659 1 8747 21 8818 11 8873 1 8886 12 9004 21 9074 11 9142 12 9261 20 9284 1 9330 11 9398 12 9516 20 9587 11 9654 12 9772 18 9845 5 9910 13 10027 17 10101 6 10166 13 10281 8 10295 5 10355 9 10422 14 10537 7 10553 3 10610 11 10678 13 10792 8 10809 3 10866 11 10935 12 10963 1 11046 11 11064 5 11122 11 11194 7 11300 14 11319 7 11327 2 11377 12 11555 15 11576 6 11583 3 11631 15 11810 17 11834 1 11839 3 11886 16 12066 17 12095 3 12142 4 12148 9 12176 1 12323 17 12352 1 12399 2 12405 8 12431 4 12584 11 12661 6 12678 1 12686 6 12841 10 12916 7 12931 5 12942 6 13098 9 13126 1 13170 10 13186 6 13198 7 13354 10 13381 4 13425 12 13441 7 13454 7 13468 2 13612 9 13635 6 13681 13 13698 7 13711 8 13722 5 13868 11 13888 1 13891 5 13938 12 13955 8 13968 17 14129 6 14144 1 14147 3 14194 13 14210 9 14225 17 14386 5 14395 2 14400 1 14403 3 14410 3 14451 12 14465 10 14482 16 14643 11 14660 1 14667 2 14707 24 14732 1 14739 15 14900 10 14924 1 14963 28 14996 14 15157 7 15218 18 15239 10 15252 14 15401 2 15414 5 15474 18 15495 10 15509 13 15656 4 15730 18 15753 8 15765 12 15910 7 15986 17 16009 8 16022 10 16164 8 16242 17 16264 9 16278 6 16419 9 16499 7 16511 3 16520 10 16533 5 16673 12 16757 4 16768 2 16775 20 16927 14 17030 22 17182 16 17287 23 17437 18 17543 24 17693 17 17792 2 17798 25 17947 19 18007 3 18014 4 18019 2 18046 6 18053 26 18203 18 18262 5 18269 9 18301 33 18458 19 18515 20 18557 32 18713 19 18756 4 18770 5 18781 10 18812 12 18829 11 18842 3 18969 15 19008 10 19025 4 19038 7 19068 10 19086 9 19099 2 19225 16 19257 17 19281 4 19297 3 19324 9 19341 10 19355 3 19480 17 19512 19 19536 4 19554 1 19580 8 19596 12 19612 2 19736 17 19768 19 19792 4 19837 6 19850 14 19867 3 19991 19 20024 19 20047 4 20094 3 20106 15 20122 4 20247 19 20280 19 20302 5 20351 1 20361 16 20378 4 20503 19 20536 18 20557 6 20617 20 20759 20 20792 19 20813 6 20864 4 20873 21 21005 3 21016 19 21048 19 21069 5 21119 6 21128 16 21145 5 21261 3 21273 18 21303 27 21375 7 21385 20 21517 3 21533 14 21559 27 21631 8 21642 19 21774 2 21789 14 21815 27 21888 8 21898 17 22033 2 22045 14 22071 27 22144 10 22156 14 22287 6 22301 14 22328 6 22340 3 22347 7 22401 24 22467 3 22543 7 22558 12 22604 5 22657 23 22722 5 22799 6 22816 10 22861 5 22913 22 22978 6 23054 7 23073 8 23118 5 23169 18 23233 7 23330 6 23374 5 23426 14 23489 6 23630 6 23682 13 23746 4 23887 4 23939 10 24196 8 24453 5 24710 3 25031 3 25278 3 25287 3 25533 4 25542 4 25779 4 25789 4 25797 4 26034 6 26054 2 26288 9 26543 8 26798 8 27054 6 27248 1 27309 4 27502 5 27565 3 27756 7 27821 2 28011 9 28077 1 28266 10 28522 10 28778 10 28973 4 29034 11 29228 7 29260 4 29289 13 29435 4 29484 9 29516 6 29523 2 29545 13 29690 6 29741 9 29771 12 29800 14 29877 1 29944 8 29998 10 30027 13 30044 7 30056 15 30133 1 30199 9 30256 10 30283 13 30299 10 30312 15 30389 1 30392 2 30455 9 30513 10 30539 13 30554 12 30567 16 30710 10 30769 10 30795 13 30809 34 30966 10 31026 10 31051 13 31065 35 31221 8 31231 1 31282 10 31308 12 31321 36 31477 8 31506 3 31538 10 31563 13 31577 36 31732 9 31761 6 31794 10 31819 13 31833 37 31983 4 31988 8 32016 7 32050 9 32075 13 32089 9 32099 27 32240 12 32272 8 32305 10 32330 14 32345 9 32357 24 32496 12 32528 8 32561 10 32586 12 32600 10 32613 15 32630 7 32753 11 32784 8 32816 11 32842 11 32856 10 32869 15 32889 2 33009 13 33040 8 33073 10 33098 10 33112 10 33125 14 33266 12 33296 8 33310 1 33329 11 33353 9 33369 9 33381 14 33525 10 33552 8 33564 4 33585 11 33606 11 33626 7 33637 13 33785 6 33809 8 33819 6 33842 10 33861 10 33883 6 33893 12 34044 3 34065 7 34075 5 34097 10 34116 10 34150 10 34299 5 34321 7 34332 4 34353 10 34372 9 34407 8 34555 5 34577 6 34608 10 34628 9 34664 5 34810 6 34833 6 34862 13 34885 6 35036 1 35066 5 35089 6 35118 12 35141 4 35290 4 35301 1 35322 5 35345 6 35373 13 35397 4 35515 2 35546 4 35557 1 35578 6 35602 5 35627 14 35653 4 35771 3 35803 1 35834 5 35858 5 35882 8 35893 2 35909 5 36028 2 36059 1 36090 5 36115 2 36138 12 36165 6 36346 5 36393 13 36421 6 36601 6 36649 14 36676 8 36848 3 36854 9 36905 14 36932 9 37103 16 37161 15 37187 12 37357 18 37417 15 37442 15 37586 2 37612 20 37674 14 37697 18 37841 4 37867 21 37930 14 37953 13 37967 5 38097 5 38110 3 38116 28 38187 12 38208 14 38223 6 38353 5 38364 36 38444 3 38450 3 38464 13 38481 4 38609 6 38619 13 38634 21 38720 13 38737 5 38865 5 38875 11 38892 19 38977 13 38994 4 39121 5 39130 11 39151 5 39158 8 39234 12 39249 5 39378 4 39386 11 39409 2 39415 7 39490 14 39505 5 39635 3 39642 11 39671 8 39746 20 39898 11 39932 3 40003 18 40154 12 40189 2 40260 17 40411 11 40517 16 40667 12 40774 15 40923 12 40999 4 41034 10 41179 11 41253 7 41298 1 41414 2 41435 11 41508 9 41670 1 41692 10 41763 11 41951 1 42018 15 42054 3 42274 16 42308 6 42530 17 42564 7 42712 3 42749 3 42786 17 42819 8 42967 5 43004 4 43043 17 43075 8 43222 6 43261 3 43300 15 43331 8 43370 3 43468 5 43477 7 43558 12 43586 9 43624 6 43723 17 43818 7 43842 9 43879 8 43978 17 44076 1 44090 3 44098 9 44134 10 44153 1 44157 4 44234 16 44354 9 44390 10 44407 11 44489 14 44613 6 44646 10 44662 12 44744 13 44869 6 44902 10 44917 13 44999 13 45126 4 45157 11 45172 15 45260 7 45382 2 45413 30 45518 5 45669 30 45776 2 45811 2 45925 30 46065 5 46132 7 46180 31 46320 6 46387 14 46432 35 46557 1 46560 2 46565 1 46576 6 46592 1 46643 15 46687 36 46812 3 46817 1 46831 7 46848 1 46899 16 46942 36 47069 1 47087 8 47104 1 47155 15 47198 36 47344 10 47360 1 47411 15 47453 37 47600 11 47616 1 47667 15 47709 37 47857 10 47872 2 47923 14 47964 37 48120 3 48128 5 48179 14 48202 1 48220 35 48376 3 48384 7 48435 13 48458 2 48466 1 48474 36 48633 1 48640 7 48691 13 48714 2 48721 5 48727 38 48868 2 48896 8 48933 4 48946 14 48970 3 48975 46 49122 5 49152 8 49188 6 49202 14 49228 49 49378 5 49408 8 49443 8 49457 15 49483 9 49495 38 49635 4 49664 8 49699 9 49712 16 49739 9 49752 37 49887 1 49893 1 49920 3 49926 3 49954 10 49968 17 49995 8 50011 34 50141 3 50175 3 50182 3 50210 10 50224 17 50251 7 50269 32 50395 6 50438 5 50446 2 50465 12 50480 17 50507 6 50526 30 50650 8 50694 12 50721 13 50737 16 50765 2 50782 28 50862 3 50905 9 50949 13 50977 13 50993 16 51039 26 51111 11 51160 10 51204 15 51233 14 51250 14 51296 22 51366 13 51417 8 51459 16 51489 15 51508 12 51552 20 51621 15 51674 6 51713 17 51746 14 51767 8 51809 16 51876 16 51931 3 51969 17 52003 13 52024 7 52066 14 52131 17 52213 11 52225 9 52237 4 52260 12 52281 4 52323 13 52385 19 52451 4 52469 11 52481 7 52516 11 52580 11 52596 3 52640 21 52706 5 52724 12 52750 1 52772 11 52837 9 52852 3 52895 21 52961 6 52979 13 53006 6 53029 11 53094 8 53107 5 53144 1 53151 21 53213 9 53234 11 53262 8 53286 10 53330 3 53350 7 53364 3 53407 21 53454 3 53463 12 53489 10 53518 9 53544 8 53584 5 53607 5 53666 18 53709 21 53745 9 53774 9 53801 8 53839 7 53884 1 53923 17 53964 21 54001 9 54030 10 54057 8 54095 7 54139 2 54180 16 54220 20 54257 8 54286 10 54314 6 54351 7 54395 2 54436 16 54477 19 54513 8 54543 10 54571 4 54607 7 54692 16 54733 19 54761 1 54770 7 54800 9 54864 5 54947 17 54991 3 54998 10 55015 6 55025 8 55058 7 55159 1 55203 8 55214 5 55255 9 55270 19 55296 2 55315 4 55459 8 55470 4 55513 6 55526 19 55552 5 55715 8 55725 4 55770 4 55781 19 55808 11 55971 14 56036 20 56064 13 56138 4 56226 14 56291 21 56320 14 56393 7 56484 11 56546 17 56565 1 56576 14 56647 9 56741 9 56802 16 56832 14 56891 5 56902 10 56998 8 57058 14 57088 14 57146 22 57254 3 57315 12 57341 1 57344 14 57401 22 57570 12 57591 1 57596 17 57654 25 57698 3 57826 11 57846 3 57852 16 57909 26 57954 3 58082 11 58101 4 58108 11 58164 26 58209 4 58295 4 58337 13 58357 5 58366 8 58419 27 58550 6 58593 13 58613 4 58619 1 58624 6 58674 27 58805 7 58849 13 58868 4 58875 1 58880 5 58928 28 59060 8 59104 14 59124 4 59136 5 59183 29 59315 9 59360 15 59379 6 59392 4 59439 29 59571 11 59616 15 59634 8 59648 3 59694 31 59826 14 59872 17 59890 9 59904 1 59950 31 60082 15 60129 27 60205 32 60338 17 60385 27 60461 15 60480 13 60594 20 60642 15 60658 14 60716 11 60738 11 60850 22 60899 14 60916 12 60971 12 60995 9 61106 22 61155 13 61172 12 61225 13 61252 7 61362 22 61412 12 61428 12 61481 12 61507 4 61617 24 61669 10 61685 11 61737 12 61763 3 61872 25 61926 9 61942 10 61994 11 62020 3 62128 25 62183 8 62199 9 62250 11 62276 4 62383 25 62439 8 62456 2 62460 4 62512 5 62534 2 62639 25 62696 7 62719 1 62769 5 62897 23 62953 7 63024 6 63154 22 63210 6 63279 10 63295 7 63410 22 63466 6 63535 11 63553 6 63666 24 63723 4 63790 13 63810 5 63922 31 63979 4 64046 12 64066 1 64069 2 64178 32 64237 1 64302 11 64326 2 64434 33 64558 11 64690 33 64748 4 64815 9 64945 34 65003 6 65071 9 65201 34 65259 6 65328 8 65456 35 65515 6 65523 1
417960,0 65536
418853,0 65536
421383,14 3 50 48 104 8 113 17 165 5 205 17 230 15 272 1 306 48 360 8 369 17 420 7 460 19 486 14 561 49 615 9 625 17 676 13 708 2 715 20 742 14 790 7 816 49 870 27 931 15 963 5 970 22 999 13 1047 8 1072 49 1125 28 1186 18 1218 30 1255 12 1303 10 1329 47 1381 9 1393 16 1440 22 1473 31 1510 13 1560 9 1585 46 1637 10 1649 15 1694 24 1729 32 1766 12 1816 10 1827 7 1835 1 1841 6 1858 29 1893 27 1949 26 1985 33 2023 11 2073 20 2097 5 2117 25 2149 26 2205 26 2241 33 2279 11 2326 1 2331 7 2339 9 2350 9 2375 23 2406 25 2460 27 2495 35 2535 10 2581 2 2588 5 2595 8 2605 12 2631 23 2662 25 2716 26 2749 38 2790 11 2836 3 2845 2 2851 4 2860 14 2887 12 2904 8 2916 25 2971 27 3004 37 3047 9 3092 3 3101 2 3115 15 3143 10 3161 33 3225 29 3260 33 3302 10 3348 5 3355 6 3369 18 3399 8 3417 31 3479 31 3516 32 3558 11 3606 2 3611 5 3622 21 3655 8 3673 30 3734 31 3772 32 3814 11 3878 22 3911 8 3929 29 3989 31 4028 31 4070 7 4078 3 4133 22 4167 10 4184 12 4197 15 4244 31 4284 31 4326 5 4389 22 4424 10 4438 29 4500 29 4540 32 4580 6 4645 21 4681 18 4703 19 4756 22 4779 5 4796 23 4821 8 4830 2 4836 5 4901 7 4909 10 4938 16 4959 18 5012 20 5052 23 5079 9 5092 4 5156 1 5167 8 5180 1 5195 15 5215 17 5269 18 5308 22 5335 9 5349 3 5409 4 5425 6 5436 1 5455 10 5471 17 5525 18 5551 2 5565 22 5591 10 5606 3 5663 6 5682 5 5692 1 5712 8 5725 19 5781 17 5804 7 5821 22 5847 12 5862 4 5875 1 5918 7 5940 3 5968 8 5979 20 6037 17 6060 7 6072 2 6077 39 6119 3 6129 4 6174 7 6225 7 6233 22 6293 16 6315 57 6384 6 6430 7 6470 4 6483 28 6549 17 6570 59 6642 5 6686 6 6725 6 6739 28 6805 18 6826 59 6899 5 6940 9 6980 7 6996 26 7062 17 7081 60 7156 5 7182 5 7195 9 7235 10 7252 26 7318 79 7413 4 7437 9 7451 8 7461 2 7489 14 7509 24 7576 37 7614 38 7669 4 7693 10 7706 8 7717 4 7744 15 7765 23 7833 35 7873 35 7925 3 7949 10 7961 10 7974 8 7998 1 8001 14 8021 20 8091 32 8130 35 8181 3 8205 9 8217 11 8231 11 8253 3 8257 14 8276 18 8348 30 8386 25 8412 10 8437 3 8461 8 8473 12 8487 12 8508 4 8513 13 8532 17 8605 28 8641 25 8668 10 8693 1 8718 6 8729 12 8745 11 8763 5 8769 11 8788 17 8862 27 8895 26 8925 8 8949 1 8977 2 8985 12 9005 6 9019 5 9026 8 9044 14 9073 2 9119 26 9150 19 9172 4 9182 7 9241 12 9262 5 9276 4 9283 5 9299 9 9328 5 9377 26 9406 18 9428 3 9439 6 9459 1 9498 10 9532 11 9554 8 9584 6 9633 48 9683 5 9697 4 9749 2 9755 8 9788 11 9809 8 9840 7 9854 3 9889 56 9954 5 10003 6 10012 6 10045 10 10064 7 10096 7 10109 7 10146 55 10210 6 10257 10 10275 4 10281 3 10293 2 10302 9 10320 2 10352 8 10363 10 10403 69 10483 3 10512 22 10536 5 10545 3 10549 2 10559 8 10574 4 10610 5 10619 10 10662 67 10737 4 10765 25 10792 15 10815 7 10830 5 10874 12 10918 68 10992 5 11015 31 11050 3 11055 9 11072 9 11085 8 11130 13 11175 67 11247 6 11270 32 11312 10 11328 22 11386 13 11403 5 11432 68 11502 7 11526 32 11567 14 11586 21 11616 1 11643 13 11658 6 11690 75 11781 33 11822 16 11844 19 11870 5 11899 22 11950 72 12036 35 12078 17 12101 17 12125 7 12155 23 12209 70 12291 36 12334 18 12357 17 12381 8 12412 22 12466 23 12490 46 12547 36 12590 18 12613 16 12637 8 12668 23 12723 22 12746 46 12803 31 12836 3 12845 21 12868 16 12894 7 12921 28 12981 1 12987 61 13059 31 13098 42 13152 4 13176 30 13244 60 13315 31 13354 34 13389 7 13432 30 13501 10 13512 49 13572 11 13586 18 13611 42 13689 30 13729 7 13757 62 13829 10 13843 18 13868 42 13945 30 13984 9 14013 28 14044 33 14086 8 14099 21 14123 43 14201 29 14241 8 14268 29 14299 36 14344 6 14355 45 14406 17 14456 29 14490 3 14504 3 14519 1 14524 29 14555 37 14602 3 14611 43 14664 16 14713 35 14760 3 14774 34 14811 37 14868 40 14921 15 14970 26 14997 7 15016 4 15030 33 15067 37 15125 8 15135 29 15177 16 15227 24 15252 7 15272 4 15287 32 15322 6 15330 30 15364 7 15381 7 15392 28 15434 15 15484 10 15497 9 15508 7 15528 4 15543 31 15578 6 15586 30 15619 10 15638 5 15649 27 15691 13 15741 9 15753 8 15764 6 15785 4 15799 31 15834 6 15842 30 15874 12 15905 27 15948 12 15998 7 16010 7 16020 5 16041 4 16056 30 16091 6 16098 30 16130 14 16161 26 16203 13 16255 6 16266 6 16277 3 16298 3 16312 31 16346 5 16354 30 16385 16 16417 25 16458 15 16512 5 16522 5 16533 3 16554 3 16568 32 16602 4 16610 48 16673 23 16713 16 16769 14 16790 2 16811 1 16825 37 16866 31 16898 16 16929 21 16968 18 17027 12 17046 2 17082 34 17122 30 17154 17 17186 20 17225 17 17283 13 17339 32 17379 29 17410 17 17443 18 17481 17 17540 13 17595 32 17635 29 17666 18 17702 13 17737 17 17796 14 17852 31 17892 28 17922 19 17959 12 17994 15 18014 3 18053 13 18108 31 18148 49 18219 7 18250 15 18268 6 18310 12 18365 31 18405 8 18422 8 18432 21 18478 4 18507 9 18518 14 18567 10 18622 30 18661 7 18678 7 18688 21 18734 4 18764 26 18823 12 18881 28 18919 4 18935 4 18944 21 18991 4 19023 25 19079 14 19096 2 19139 27 19200 20 19278 27 19334 20 19396 26 19456 19 19534 27 19590 20 19654 24 19712 19 19789 28 19846 21 19900 1 19911 23 19968 18 20044 29 20101 23 20155 3 20169 20 20224 18 20300 28 20358 22 20383 4 20411 3 20427 17 20480 19 20557 26 20614 21 20637 8 20666 5 20684 16 20736 19 20812 27 20870 20 20893 7 20922 5 20940 14 20992 20 21068 26 21128 18 21149 6 21160 4 21178 5 21197 12 21248 21 21323 27 21377 25 21405 16 21433 7 21453 10 21504 21 21579 27 21632 25 21660 18 21687 1 21689 8 21709 10 21760 21 21835 35 21889 21 21917 17 21943 10 21966 8 22016 20 22090 39 22146 18 22173 17 22198 13 22212 2 22222 7 22247 4 22252 4 22272 20 22346 42 22403 4 22410 9 22429 16 22454 19 22503 7 22528 19 22601 45 22666 9 22684 16 22711 20 22758 7 22784 21 22809 5 22857 23 22881 22 22922 8 22939 16 22966 21 23014 6 23040 31 23111 24 23138 22 23178 6 23195 5 23202 9 23222 22 23271 3 23296 32 23364 27 23394 21 23436 2 23450 6 23459 8 23478 22 23527 3 23552 32 23618 29 23650 20 23701 3 23705 8 23717 7 23733 23 23808 32 23874 30 23906 20 23955 14 23973 7 23990 22 24064 32 24129 18 24149 32 24195 4 24206 19 24229 8 24246 22 24320 32 24385 17 24405 32 24448 34 24485 7 24503 22 24576 32 24640 18 24661 33 24701 41 24744 2 24760 22 24803 1 24832 32 24895 18 24917 33 24956 38 24995 3 25015 24 25059 1 25088 32 25150 19 25173 33 25210 39 25252 3 25271 25 25315 1 25344 31 25396 2 25405 20 25429 32 25466 28 25501 2 25508 3 25527 26 25571 1 25600 31 25651 5 25660 20 25684 33 25723 26 25765 5 25777 3 25782 27 25827 1 25856 31 25907 4 25916 20 25939 34 25979 21 26018 9 26033 14 26048 17 26083 1 26112 30 26162 5 26171 20 26195 33 26236 19 26274 9 26289 13 26306 15 26368 31 26418 4 26427 19 26451 33 26491 15 26508 1 26530 10 26545 12 26564 13 26595 4 26624 32 26675 2 26682 20 26706 34 26747 14 26786 10 26802 10 26820 12 26850 6 26880 33 26930 3 26938 20 26962 35 27002 14 27029 2 27041 11 27059 8 27077 8 27105 8 27136 37 27185 5 27193 21 27218 35 27258 14 27283 6 27296 12 27317 5 27333 6 27360 10 27392 39 27441 5 27449 21 27474 34 27514 13 27539 7 27552 11 27575 1 27589 5 27616 10 27648 40 27689 7 27697 6 27705 21 27731 11 27743 21 27770 13 27795 23 27847 1 27872 11 27902 24 27928 30 27962 20 27987 32 28027 11 28051 7 28061 12 28128 7 28136 8 28158 23 28185 27 28219 19 28243 30 28284 10 28307 3 28318 10 28385 4 28394 7 28413 24 28441 26 28475 18 28499 28 28540 9 28564 2 28577 5 28642 2 28652 4 28668 25 28698 14 28715 7 28732 17 28755 26 28796 8 28820 2 28909 1 28923 26 28956 12 28971 7 28988 17 29011 25 29052 8 29076 4 29178 26 29213 11 29228 5 29245 15 29267 25 29308 8 29332 6 29433 27 29469 11 29486 1 29502 14 29523 24 29565 8 29588 7 29688 28 29725 11 29759 12 29778 24 29821 9 29844 8 29943 27 29982 10 30016 10 30034 23 30078 8 30100 10 30199 26 30230 2 30238 9 30273 8 30290 22 30336 6 30346 1 30356 12 30454 26 30494 9 30531 3 30546 21 30592 6 30610 4 30615 12 30710 24 30751 7 30802 19 30849 5 30864 6 30872 12 30928 16 30965 23 31007 6 31058 18 31106 6 31119 7 31128 13 31182 6 31196 4 31221 22 31263 5 31314 17 31363 8 31375 7 31383 14 31437 6 31477 11 31489 8 31520 4 31570 16 31619 9 31629 9 31640 13 31693 5 31733 11 31776 4 31827 15 31875 19 31896 12 31949 4 31989 11 32032 4 32084 13 32131 19 32152 12 32205 3 32245 11 32260 3 32288 4 32346 7 32387 18 32408 11 32450 4 32461 1 32501 11 32544 4 32604 2 32643 18 32664 11 32704 9 32716 2 32756 12 32797 6 32805 3 32900 18 32921 10 32959 15 33011 9 33058 1 33061 6 33157 17 33178 8 33215 13 33267 7 33317 8 33414 17 33435 6 33471 13 33524 5 33573 9 33671 20 33727 12 33780 6 33829 9 33928 19 33984 10 34036 6 34085 9 34185 18 34240 6 34292 7 34342 9 34418 1 34449 10 34463 2 34493 4 34548 7 34598 9 34673 4 34707 9 34718 4 34749 5 34804 7 34854 10 34928 7 34963 9 34974 5 35004 6 35061 6 35111 10 35184 8 35219 10 35230 5 35260 6 35317 5 35367 10 35441 7 35474 18 35516 6 35554 2 35573 4 35624 10 35698 6 35730 18 35771 7 35810 2 35830 2 35882 3 35887 4 35954 6 35975 29 36027 7 36067 1 36144 3 36211 5 36229 31 36283 7 36400 3 36468 4 36484 33 36539 8 36622 2 36656 3 36724 5 36740 33 36796 8 36876 4 36911 4 36936 2 36980 6 36995 34 37053 7 37132 5 37167 4 37191 5 37237 10 37251 9 37262 22 37311 3 37389 6 37424 2 37446 7 37494 21 37519 21 37645 7 37702 8 37750 20 37775 20 37901 7 37958 13 38007 19 38031 19 38157 12 38213 15 38264 18 38287 18 38342 4 38412 13 38467 18 38521 17 38542 17 38597 6 38668 14 38721 20 38778 17 38798 11 38853 6 38923 15 38976 22 39035 18 39055 11 39108 5 39179 15 39233 21 39290 20 39311 10 39365 3 39435 12 39490 21 39546 31 39690 13 39746 21 39775 4 39802 30 39946 8 39957 2 40002 22 40028 10 40044 1 40058 8 40067 21 40193 1 40203 5 40245 2 40258 21 40283 13 40297 6 40314 8 40323 21 40448 3 40514 21 40539 21 40570 31 40645 2 40704 3 40769 21 40795 22 40827 32 40901 3 40961 3 40972 6 41025 18 41051 23 41083 33 41157 3 41228 6 41283 14 41307 23 41339 39 41413 3 41484 7 41541 11 41564 22 41595 41 41668 4 41734 1 41740 8 41749 2 41754 2 41798 9 41821 22 41850 43 41923 6 41990 3 41995 17 42055 7 42078 22 42106 44 42179 5 42246 3 42252 16 42311 7 42334 22 42361 46 42435 5 42502 4 42510 14 42567 7 42591 21 42617 13 42631 32 42692 3 42758 3 42768 5 42775 5 42824 4 42848 20 42873 12 42889 30 43016 1 43033 2 43080 3 43105 19 43128 12 43148 27 43336 2 43361 19 43382 13 43405 26 43592 2 43617 33 43660 26 43848 1 43873 36 43916 26 44059 3 44128 39 44172 26 44230 2 44315 3 44384 39 44429 24 44485 3 44570 4 44640 40 44685 24 44741 4 44827 2 44896 40 44941 23 44997 4 45152 40 45199 20 45253 4 45409 39 45456 18 45509 4 45666 38 45711 18 45765 6 45922 38 45967 13 46021 7 46111 2 46177 7 46185 31 46222 13 46278 6 46366 3 46432 8 46442 30 46478 13 46621 4 46686 10 46698 30 46735 12 46877 4 46942 10 46957 27 46993 10 47132 6 47197 9 47213 28 47251 8 47388 6 47452 10 47471 26 47508 7 47569 1 47644 6 47707 11 47727 27 47763 9 47900 6 47963 11 47984 26 48019 2 48024 5 48156 7 48219 11 48240 26 48280 5 48412 7 48475 11 48496 20 48517 5 48536 6 48669 7 48731 11 48743 3 48752 12 48765 4 48774 3 48794 9 48925 8 48987 17 49008 10 49030 2 49041 2 49051 11 49182 7 49244 8 49253 7 49265 5 49286 2 49297 3 49307 12 49440 5 49500 8 49509 8 49522 1 49535 4 49542 2 49553 3 49564 11 49757 5 49765 8 49789 7 49797 4 49806 2 49821 10 50021 8 50044 13 50062 2 50079 9 50244 1 50278 7 50300 13 50316 4 50337 7 50498 4 50508 1 50534 7 50556 13 50571 4 50595 5 50753 6 50762 5 50790 7 50812 18 50852 4 51009 7 51017 8 51047 5 51068 18 51110 3 51265 7 51273 8 51303 5 51323 13 51339 3 51523 14 51552 7 51579 13 51595 3 51779 14 51807 9 51834 8 51844 11 52036 1 52039 10 52062 10 52090 8 52100 11 52295 11 52317 12 52345 22 52551 13 52569 17 52601 19 52621 3 52807 14 52824 19 52857 22 53064 14 53079 21 53112 22 53319 15 53335 21 53369 21 53575 14 53591 22 53625 21 53832 13 53849 19 53882 9 53893 9 54090 11 54106 18 54138 8 54150 8 54211 3 54349 9 54362 18 54395 5 54405 8 54467 2 54479 2 54572 1 54605 9 54617 19 54652 2 54660 8 54734 4 54769 3 54828 2 54862 30 54916 8 54991 3 55004 2 55025 3 55083 3 55118 29 55172 8 55249 1 55259 4 55282 3 55293 1 55339 3 55374 29 55429 7 55515 4 55539 2 55594 4 55631 27 55690 3 55772 4 55795 9 55850 4 55888 27 55947 2 56053 7 56107 2 56144 10 56155 17 56203 2 56311 5 56364 1 56399 11 56412 16 56459 2 56654 12 56671 13 56715 3 56910 12 56924 16 56971 3 57136 3 57166 12 57179 17 57228 2 57325 1 57392 5 57421 30 57484 2 57581 1 57647 7 57676 3 57683 23 57740 2 57904 5 57924 1 57931 2 57939 5 57947 13 58004 2 58160 4 58179 3 58184 4 58194 6 58204 11 58260 3 58264 1 58418 1 58436 1 58440 2 58450 5 58461 10 58516 2 58696 1 58706 5 58718 9 58942 3 58963 4 58975 8 59198 3 59220 3 59233 6 59476 1 59490 3 59680 3 59802 5 59936 3 60061 2 60192 3 60212 3 60407 2 60448 2 60468 4 60476 3 60663 4 60723 14 60918 6 60958 4 60979 14 61096 2 61175 5 61214 5 61235 14 61351 4 61432 4 61470 5 61490 15 61528 1 61606 5 61688 4 61725 7 61745 17 61781 5 61816 2 61862 3 61944 3 61982 6 61999 21 62028 1 62035 7 62117 4 62239 5 62253 45 62326 1 62373 4 62496 3 62508 46 62629 4 62763 47 62885 4 63011 2 63019 48 63140 6 63267 2 63275 50 63396 7 63522 4 63531 53 63651 9 63778 5 63786 55 63906 11 63923 2 64034 6 64041 58 64162 12 64179 2 64290 6 64297 59 64417 15 64436 1 64546 5 64553 25 64587 25 64672 16 64809 22 64844 25 64927 17 65066 21 65099 26 65183 17 65322 21 65355 6 65363 18 65439 17
423047,65 11 77 70 164 7 174 12 282 3 322 81 420 6 429 13 537 8 578 82 677 5 684 14 793 11 828 87 940 14 1048 13 1077 94 1195 16 1303 18 1332 52 1389 37 1451 17 1557 22 1587 53 1645 37 1708 17 1812 24 1842 53 1902 35 1967 14 2067 26 2097 54 2158 34 2224 13 2323 27 2353 55 2415 32 2480 13 2553 7 2578 86 2672 31 2736 12 2809 7 2833 87 2930 28 2992 12 3065 7 3087 88 3188 26 3248 13 3295 5 3321 7 3340 90 3445 25 3504 13 3549 9 3578 6 3594 92 3703 23 3760 14 3805 10 3835 5 3849 93 3959 22 4016 14 4061 11 4093 3 4105 92 4215 22 4273 14 4317 12 4361 90 4474 12 4489 3 4530 13 4574 11 4617 86 4726 2 4731 11 4788 11 4830 11 4872 86 4980 19 5045 9 5087 9 5127 86 5236 8 5245 11 5301 9 5342 10 5382 86 5491 9 5504 10 5558 7 5597 4 5619 1 5639 83 5747 9 5761 10 5816 2 5822 2 5851 6 5873 4 5896 82 6003 9 6017 11 6077 5 6106 8 6129 5 6153 79 6259 10 6274 10 6333 6 6361 10 6384 7 6409 77 6514 4 6519 7 6531 9 6588 7 6616 13 6640 7 6665 77 6769 4 6777 6 6788 7 6844 8 6872 7 6880 6 6896 7 6921 76 7024 6 7033 7 7045 6 7101 6 7116 2 7127 7 7137 6 7151 7 7176 77 7279 8 7289 7 7302 4 7358 5 7370 6 7383 7 7393 6 7407 7 7431 79 7534 18 7558 4 7624 8 7639 7 7650 6 7663 7 7687 79 7788 21 7815 2 7880 9 7895 7 7906 6 7920 7 7930 4 7942 80 8043 23 8068 5 8129 5 8136 9 8151 7 8163 6 8176 7 8184 7 8198 80 8299 30 8382 18 8408 6 8420 6 8433 14 8454 81 8554 31 8635 21 8664 6 8675 7 8689 15 8710 81 8809 32 8890 21 8920 6 8931 7 8946 13 8966 82 9064 33 9146 21 9177 5 9186 7 9202 4 9210 4 9222 82 9320 33 9402 21 9434 4 9441 8 9478 81 9577 32 9658 22 9696 9 9710 3 9734 81 9833 32 9913 23 9952 9 9965 5 9989 82 10090 30 10169 23 10208 9 10220 7 10245 82 10350 26 10425 24 10464 8 10476 7 10501 82 10609 23 10680 24 10721 7 10731 8 10758 81 10871 18 10936 24 10977 7 10987 8 11014 81 11131 13 11192 23 11234 5 11243 7 11270 81 11387 13 11449 22 11493 1 11499 7 11525 82 11644 12 11705 22 11756 6 11781 81 11901 11 11961 22 12014 5 12036 81 12157 11 12217 22 12270 6 12292 80 12402 3 12414 10 12473 22 12527 6 12547 75 12624 3 12669 11 12698 4 12729 22 12783 6 12803 75 12924 12 12953 6 12971 3 12985 22 13039 7 13057 76 13174 17 13209 8 13226 6 13241 21 13295 7 13312 77 13429 16 13465 10 13481 7 13496 22 13551 7 13568 77 13684 16 13722 23 13751 22 13798 4 13807 6 13824 77 13940 15 13979 23 14007 21 14053 6 14064 4 14080 77 14196 14 14230 2 14235 24 14263 19 14308 7 14336 77 14451 15 14485 31 14520 17 14564 7 14592 76 14706 13 14740 35 14776 14 14820 8 14848 70 14962 11 14996 35 15034 8 15076 9 15092 3 15103 71 15180 1 15218 12 15252 36 15290 8 15332 9 15346 6 15359 71 15435 5 15474 13 15508 36 15547 7 15588 9 15600 9 15614 72 15689 7 15729 14 15764 46 15839 14 15855 11 15871 82 15985 13 16019 48 16092 17 16110 13 16128 81 16241 13 16274 49 16347 34 16384 80 16498 10 16522 1 16529 49 16603 34 16640 80 16754 9 16784 50 16859 117 17012 6 17040 42 17115 117 17270 1 17297 40 17372 116 17554 37 17629 115 17811 36 17885 116 18068 35 18142 114 18324 36 18398 114 18581 35 18655 113 18838 34 18910 113 19094 35 19165 115 19350 34 19420 119 19607 33 19674 122 19830 1 19863 24 19888 2 19929 123 20084 5 20120 23 20185 124 20340 6 20376 24 20440 125 20596 6 20634 22 20696 126 20852 6 20891 21 20951 128 21108 6 21154 14 21207 130 21364 5 21410 14 21463 131 21620 4 21668 12 21718 132 21878 1 21928 7 21974 132 22184 5 22230 132 22441 4 22485 53 22539 70 22614 2 22698 2 22741 123 22997 122 23253 123 23468 1 23509 123 23721 7 23765 130 23976 9 24021 132 24201 4 24231 10 24278 131 24455 7 24487 10 24534 132 24709 10 24743 10 24790 41 24832 89 24964 11 24992 18 25047 38 25088 89 25220 11 25241 25 25304 36 25344 89 25476 12 25496 26 25559 37 25600 88 25732 13 25751 27 25815 36 25856 89 25987 17 26005 29 26070 37 26112 89 26242 47 26326 36 26368 91 26498 48 26581 37 26624 92 26754 49 26837 36 26880 95 27010 49 27092 36 27136 96 27266 50 27343 32 27378 6 27392 96 27522 50 27597 32 27635 3 27648 96 27778 50 27851 33 27904 96 28034 49 28106 33 28160 96 28262 1 28290 49 28362 32 28416 95 28516 5 28545 49 28618 32 28672 94 28771 6 28799 49 28857 1 28875 30 28928 92 29027 7 29054 48 29113 1 29127 34 29184 46 29231 44 29283 8 29309 48 29382 34 29437 93 29539 12 29563 48 29626 1 29637 35 29691 95 29795 14 29816 50 29882 3 29893 35 29946 96 30051 14 30070 52 30130 14 30148 36 30202 96 30307 14 30326 52 30385 54 30458 96 30564 13 30581 54 30639 58 30714 96 30820 13 30837 55 30894 62 30970 95 31076 14 31091 122 31226 51 31280 41 31332 138 31484 48 31537 39 31588 138 31741 44 31794 37 31844 138 32000 40 32050 5 32057 30 32102 136 32256 38 32307 2 32313 30 32360 133 32499 1 32512 38 32562 3 32570 30 32617 132 32753 5 32768 38 32817 4 32827 29 32873 49 32926 78 33008 6 33024 37 33074 3 33085 27 33129 48 33182 79 33263 6 33280 37 33330 1 33345 22 33384 50 33437 20 33459 58 33518 7 33536 37 33604 20 33640 73 33716 65 33792 37 33860 20 33896 74 33973 64 34048 14 34065 20 34116 22 34151 142 34304 14 34322 19 34371 29 34407 141 34560 14 34577 20 34627 30 34663 141 34816 15 34832 21 34883 30 34919 141 35072 37 35139 31 35175 141 35328 37 35395 32 35431 141 35584 37 35652 32 35688 139 35840 37 35909 32 35945 132 36079 4 36096 37 36166 32 36207 131 36352 37 36423 11 36435 19 36463 131 36608 37 36680 9 36692 19 36719 131 36864 38 36938 4 36948 19 36972 133 37110 2 37120 39 37178 3 37204 19 37227 134 37365 4 37376 41 37433 7 37460 20 37482 133 37621 4 37631 42 37688 11 37716 20 37737 134 37877 3 37886 44 37935 2 37944 12 37972 35 38011 116 38142 53 38200 12 38228 35 38268 115 38399 52 38457 9 38484 35 38525 116 38642 5 38656 51 38713 5 38740 36 38782 122 38912 51 38997 36 39039 121 39168 51 39255 35 39296 122 39424 53 39516 30 39553 122 39680 54 39775 27 39810 121 39936 55 40031 27 40067 121 40192 57 40287 28 40324 7 40333 112 40448 59 40544 27 40581 4 40589 112 40704 59 40799 28 40834 3 40845 113 40960 58 41054 29 41088 5 41101 114 41216 58 41309 29 41344 6 41357 174 41564 30 41600 6 41613 174 41818 16 41836 13 41856 7 41868 177 42073 16 42093 12 42113 7 42124 178 42328 16 42350 12 42370 6 42379 184 42584 15 42607 11 42626 195 42840 13 42863 11 42882 197 43096 11 43119 11 43139 196 43352 10 43376 9 43395 196 43608 6 43622 2 43634 6 43651 196 43864 4 43876 6 43907 195 44130 10 44162 195 44386 10 44419 193 44641 12 44670 1 44675 193 44897 12 44925 2 44937 139 45077 48 45152 14 45193 136 45334 48 45407 15 45449 136 45590 51 45664 14 45704 136 45846 52 45920 14 45960 135 46101 54 46178 13 46216 131 46357 54 46436 13 46472 127 46607 59 46693 14 46728 126 46863 58 46950 14 46985 125 47118 59 47206 15 47245 14 47260 106 47374 58 47462 16 47501 13 47516 106 47630 58 47720 15 47757 12 47772 105 47885 58 47978 14 48012 12 48028 104 48139 60 48237 11 48269 10 48284 103 48393 61 48494 10 48525 9 48541 97 48640 3 48649 35 48687 23 48750 11 48784 6 48797 98 48896 3 48904 35 48945 19 48996 1 49006 11 49042 2 49054 97 49152 3 49160 35 49211 7 49252 3 49261 12 49284 2 49311 96 49408 3 49416 34 49468 5 49480 5 49507 5 49517 12 49538 6 49567 100 49672 33 49735 8 49763 6 49772 12 49794 7 49823 100 49929 32 49990 9 50018 8 50027 12 50049 8 50079 12 50094 85 50185 32 50246 9 50274 22 50301 11 50334 12 50350 85 50441 31 50502 9 50530 22 50556 11 50590 10 50607 83 50696 33 50758 7 50786 33 50846 9 50863 83 50952 33 50997 3 51014 6 51042 33 51101 10 51119 82 51208 33 51251 6 51270 5 51297 34 51346 4 51357 100 51464 34 51503 11 51526 3 51549 38 51601 6 51613 100 51720 34 51758 14 51782 2 51802 41 51857 7 51869 100 51976 35 52013 15 52038 2 52053 46 52112 114 52233 18 52253 32 52306 48 52368 115 52489 18 52511 30 52561 48 52624 115 52745 19 52767 31 52817 47 52881 114 53002 18 53023 32 53073 45 53120 4 53137 114 53258 19 53280 34 53329 52 53392 114 53515 19 53537 34 53586 13 53601 38 53647 115 53772 18 53794 34 53842 12 53858 37 53901 118 54029 17 54054 30 54097 13 54115 37 54156 119 54286 16 54312 28 54349 17 54370 39 54411 120 54542 16 54568 29 54604 20 54625 163 54798 16 54824 29 54860 184 55054 16 55080 30 55116 184 55309 17 55336 32 55372 185 55565 18 55592 32 55629 185 55821 18 55849 32 55885 186 56077 18 56105 19 56126 11 56142 184 56333 18 56361 18 56383 10 56398 184 56590 16 56616 18 56639 11 56655 178 56846 16 56871 21 56895 12 56912 176 57103 15 57126 22 57150 14 57169 175 57359 15 57382 39 57426 10 57438 162 57614 16 57637 40 57683 8 57699 157 57871 15 57893 40 57937 10 57957 155 58127 5 58136 6 58149 40 58193 9 58228 3 58235 133 58393 4 58405 29 58435 9 58450 7 58491 133 58661 28 58692 6 58706 6 58748 132 58915 29 58964 3 59004 132 59169 30 59261 131 59425 23 59450 5 59518 130 59680 11 59693 10 59776 128 59936 10 59949 10 60032 128 60191 11 60207 7 60248 3 60288 128 60447 10 60464 5 60503 5 60543 129 60703 10 60758 6 60799 129 60959 10 61015 4 61053 131 61216 9 61271 4 61304 136 61473 8 61528 3 61557 140 61731 4 61784 3 61812 143 62068 143 62324 143 62580 143 62837 142 63093 141 63350 141 63545 2 63606 141 63800 7 63862 141 64056 10 64120 2 64125 134 64312 13 64382 132 64568 14 64640 129 64824 14 64899 125 65079 15 65155 125 65335 15 65411 125
423050,0 65536
432006,189 1 197 11 214 16 246 7 454 10 471 14 502 7 710 10 727 12 758 7 966 11 981 8 990 4 1014 7 1219 1 1222 28 1269 8 1477 30 1524 10 1588 3 1693 1 1735 31 1779 11 1844 3 1910 3 1948 3 1986 2 1991 32 2032 14 2099 4 2165 4 2203 5 2241 3 2247 34 2287 15 2354 5 2421 4 2458 7 2496 42 2541 17 2609 6 2677 4 2714 8 2753 62 2833 2 2865 6 2933 3 2969 9 3010 62 3085 7 3104 1 3121 5 3188 4 3207 3 3225 9 3267 61 3334 2 3340 8 3377 4 3442 8 3462 5 3480 10 3524 60 3589 5 3595 11 3631 5 3697 9 3718 5 3736 11 3758 2 3773 1 3781 59 3845 19 3884 7 3948 1 3953 9 3974 6 3990 13 4010 6 4029 1 4039 1 4043 53 4100 20 4121 1 4138 9 4202 3 4209 9 4229 7 4246 13 4266 5 4285 1 4290 2 4299 53 4357 21 4395 8 4458 2 4465 9 4485 7 4504 11 4522 5 4546 3 4555 53 4613 20 4639 4 4650 8 4713 2 4722 10 4740 7 4762 12 4778 6 4802 3 4811 7 4823 41 4869 14 4884 5 4895 4 4905 9 4969 3 4977 12 4995 9 5018 12 5034 7 5062 5 5080 40 5121 2 5125 14 5140 4 5151 5 5157 13 5225 3 5233 27 5274 12 5290 8 5318 5 5335 45 5383 17 5407 19 5489 29 5530 12 5546 10 5568 2 5575 7 5590 46 5639 17 5663 19 5745 29 5789 9 5802 11 5817 5 5824 2 5831 7 5844 49 5895 16 5919 19 6001 28 6046 6 6056 14 6072 9 6087 8 6099 68 6174 20 6257 28 6306 2 6310 26 6343 8 6355 47 6403 2 6407 43 6513 29 6564 23 6588 3 6592 1 6599 9 6610 48 6659 2 6663 31 6695 10 6769 30 6817 26 6844 5 6855 9 6866 84 6951 10 7024 32 7072 33 7111 9 7122 81 7211 6 7227 2 7278 35 7326 36 7367 1 7370 88 7469 3 7484 1 7533 37 7577 43 7622 59 7683 29 7726 1 7789 39 7832 105 7940 28 8043 21 8065 128 8196 27 8234 2 8273 2 8298 20 8322 69 8392 39 8432 17 8452 26 8489 3 8527 4 8554 20 8577 71 8651 52 8704 2 8708 17 8741 3 8745 3 8782 6 8809 20 8833 70 8908 49 8960 5 8971 10 9038 6 9064 95 9165 49 9217 4 9227 7 9235 1 9294 8 9320 20 9341 74 9421 50 9473 4 9484 1 9487 2 9550 9 9576 20 9597 74 9676 51 9729 4 9805 10 9831 152 9987 3 9995 3 10060 12 10086 153 10243 3 10251 3 10315 9 10325 6 10341 154 10501 1 10509 2 10520 1 10571 9 10581 6 10597 154 10761 2 10775 7 10827 16 10852 156 11031 6 11082 17 11109 155 11288 4 11338 8 11347 9 11365 155 11544 3 11595 5 11603 9 11619 157 11801 1 11853 2 11859 9 11872 160 12116 8 12128 160 12372 8 12383 161 12569 1 12604 1 12628 7 12639 161 12824 3 12856 6 12883 8 12895 161 13096 3 13108 1 13112 6 13138 8 13152 160 13352 3 13364 2 13367 8 13393 8 13410 158 13623 8 13649 6 13664 49 13715 109 13879 8 13905 5 13919 48 13973 107 14136 6 14160 6 14175 48 14229 107 14392 5 14416 6 14431 49 14485 107 14650 1 14671 9 14688 48 14740 108 14927 9 14949 44 14995 109 15184 1 15188 7 15206 154 15392 1 15445 6 15463 40 15505 111 15701 6 15720 152 15957 6 15976 152 16214 3 16232 2 16235 38 16278 106 16488 2 16493 36 16535 105 16746 37 16792 104 17002 4 17007 32 17049 103 17258 4 17266 28 17305 103 17482 4 17514 3 17524 25 17562 102 17738 5 17781 23 17818 102 17994 5 18038 22 18074 102 18250 5 18294 21 18331 101 18506 4 18550 20 18588 100 18808 17 18845 99 19065 15 19101 99 19322 11 19357 99 19578 2 19581 7 19613 99 19837 7 19868 100 20093 6 20124 100 20349 6 20380 100 20605 6 20636 5 20643 93 20862 2 20893 2 20900 92 21157 91 21414 59 21478 26 21641 3 21671 56 21734 26 21898 2 21928 54 21990 26 22154 2 22184 54 22246 26 22411 4 22442 52 22502 26 22668 5 22698 52 22757 27 22925 5 22955 50 23012 28 23182 5 23211 49 23268 28 23440 4 23467 47 23524 28 23696 6 23723 45 23779 29 23954 3 23980 43 24035 29 24237 40 24291 29 24495 38 24547 29 24725 2 24751 37 24803 29 25008 35 25059 29 25206 1 25264 30 25315 29 25462 1 25496 2 25520 29 25571 29 25714 4 25752 4 25777 28 25827 29 25972 1 26008 5 26035 25 26084 28 26264 6 26292 24 26341 27 26521 5 26547 23 26598 26 26741 3 26777 6 26803 21 26854 26 26998 1 27034 5 27059 10 27073 1 27110 26 27291 5 27315 10 27366 26 27406 2 27547 5 27571 8 27622 26 27662 3 27804 5 27828 6 27879 25 27919 1 28060 5 28135 25 28316 5 28392 24 28571 6 28648 24 28825 8 28905 23 29081 9 29161 23 29337 9 29417 23 29594 8 29673 23 29851 7 29929 16 29947 5 30107 6 30185 14 30204 4 30364 5 30442 13 30461 3 30699 11 30718 2 30956 10 30975 1 31213 8 31231 1 31419 6 31470 7 31674 8 31728 2 31929 11 31942 5 32185 21 32255 1 32432 2 32441 26 32510 2 32687 5 32696 28 32765 3 32942 7 32952 28 33021 3 33198 8 33208 28 33277 3 33454 39 33533 3 33710 39 33789 3 33966 39 34046 2 34222 40 34303 1 34479 22 34504 15 34725 2 34735 21 34761 15 34980 4 34991 21 35021 12 35236 5 35246 23 35278 13 35494 2 35502 24 35536 12 35754 5 35764 17 35782 1 35795 10 36010 4 36023 12 36038 2 36054 8 36266 5 36281 11 36314 4 36522 5 36539 9 36571 3 36778 8 36796 8 36988 1 37034 9 37052 9 37089 2 37095 3 37242 3 37291 9 37309 7 37350 6 37496 4 37551 5 37561 1 37566 5 37606 8 37752 4 37809 2 37816 5 37822 5 37862 10 37996 1 38008 2 38011 4 38072 11 38119 10 38252 1 38264 2 38267 4 38328 10 38376 11 38505 2 38510 1 38514 1 38520 10 38584 9 38633 11 38769 3 38779 8 38840 7 38889 12 39025 3 39035 9 39096 3 39146 11 39281 3 39290 11 39352 3 39403 11 39530 12 39544 14 39608 3 39658 12 39785 29 39864 3 39915 12 40042 1 40049 21 40121 2 40171 12 40298 1 40306 19 40427 12 40534 1 40563 17 40684 11 40790 3 40819 17 40940 11 41038 1 41046 4 41075 17 41197 10 41303 6 41320 1 41331 17 41452 11 41555 3 41559 8 41570 1 41575 2 41588 16 41708 12 41811 3 41816 12 41831 2 41845 15 41964 12 42068 1 42072 16 42102 14 42220 12 42328 15 42359 12 42476 12 42584 15 42616 11 42731 12 42840 14 42875 7 42987 12 43096 14 43122 1 43131 7 43243 12 43353 13 43376 4 43388 6 43500 12 43612 2 43617 5 43632 5 43645 3 43757 11 43874 4 43888 3 43902 1 44013 11 44130 5 44269 11 44388 4 44525 10 44644 6 44781 9 44900 7 45037 8 45143 2 45157 6 45294 5 45398 3 45414 5 45550 4 45654 2 45672 3 45806 4 45910 1 46062 3 46318 3 46574 4 46832 2 47089 1 47347 1 47603 1 47859 1 48115 1 48885 2 49141 3 49397 3 49654 2 49910 4 50166 4 50421 6 50677 7 50934 6 51191 5 51447 5 51703 4 51960 2 53322 1 53576 3 53834 1 54344 1 54513 1 54600 1 54769 2 55274 2 55530 3 55785 5 56041 6 56296 8 56551 10 56807 11 56832 1 57065 9 57088 5 57322 9 57344 5 57579 7 57600 7 57836 6 57856 7 57929 2 58089 9 58105 4 58112 7 58185 4 58344 8 58359 15 58600 7 58614 15 58631 2 58855 5 58869 20 58958 1 59112 3 59124 21 59178 6 59190 4 59195 4 59211 4 59377 25 59443 12 59468 3 59632 27 59699 12 59724 3 59887 16 59904 11 59956 8 59980 4 59994 1 60142 17 60160 12 60212 6 60236 4 60250 2 60394 21 60416 13 60469 5 60649 18 60672 14 60725 5 60904 17 60928 14 60958 1 60982 7 61160 16 61184 15 61214 4 61238 10 61416 7 61426 5 61436 19 61459 2 61470 6 61477 3 61493 12 61673 3 61692 3 61696 15 61714 5 61725 11 61748 14 61947 3 61952 24 61980 2 61983 10 61996 1 62002 17 62048 2 62203 3 62208 30 62243 32 62303 5 62464 33 62499 32 62559 6 62720 33 62755 5 62762 26 62814 7 62976 34 63017 27 63070 7 63232 34 63273 28 63326 8 63488 34 63528 30 63582 8 63744 34 63784 30 63838 8 63989 3 64000 35 64040 30 64094 8 64243 5 64256 16 64273 19 64295 31 64350 8 64498 6 64512 15 64532 50 64606 8 64747 10 64768 15 64793 44 64862 8 65000 12 65024 15 65048 46 65118 8 65255 12 65280 19 65303 47 65374 8 65507 15
432339,0 65536
433193,0 34782 34784 239 35041 236 35297 232 35553 231 35809 231 36064 231 36320 226 36575 224 36831 223 37063 2 37087 222 37319 3 37343 221 37575 3 37600 217 37832 2 37858 213 38115 212 38371 211 38627 210 38883 209 39127 4 39138 208 39383 4 39394 207 39638 6 39650 180 39831 25 39895 6 39906 206 40151 8 40161 206 40375 5 40408 193 40606 17 40630 7 40664 193 40862 17 40886 7 40920 195 41118 16 41141 8 41176 213 41397 7 41431 213 41653 7 41686 212 41911 4 41942 208 42198 207 42453 209 42706 213 42952 223 43205 225 43457 228 43703 237 43957 238 44211 239 44464 242 44712 251 44966 5081 50050 251 50307 249 50563 248 50819 241 51076 238 51335 233 51592 230 51849 228 52105 227 52362 225 52617 225 52872 226 53126 229 53380 231 53635 232 53888 235 54143 236 54398 237 54653 227 54883 8 54908 228 55140 6 55163 231 55418 232 55673 234 55919 244 56174 246 56429 247 56684 249 56940 250 57195 8341
435772,0 13 88 2 107 2 113 4 158 6 195 17 256 13 367 6 414 6 449 18 512 12 623 6 669 7 705 18 768 10 881 5 923 8 961 17 1024 10 1138 5 1178 8 1217 18 1280 9 1394 6 1403 2 1429 12 1473 18 1536 9 1651 11 1682 15 1730 18 1792 1 1795 6 1909 9 1936 17 1986 19 2048 1 2051 6 2166 11 2191 17 2242 20 2304 1 2307 8 2427 6 2446 6 2456 8 2498 20 2539 1 2564 7 2669 4 2684 6 2701 6 2713 7 2755 19 2820 7 2924 7 2939 7 2950 1 2954 7 2970 5 3012 7 3024 7 3077 6 3114 1 3180 9 3194 8 3206 2 3209 8 3220 6 3268 6 3280 7 3333 7 3369 4 3436 8 3450 7 3465 18 3538 4 3546 3 3589 7 3625 4 3646 2 3692 5 3705 7 3721 18 3795 2 3802 4 3844 9 3875 2 3881 4 3901 7 3946 2 3961 4 3978 18 4058 3 4100 9 4119 6 4129 4 4136 3 4157 8 4200 4 4218 2 4234 17 4315 1 4355 2 4359 2 4374 7 4385 11 4413 9 4456 4 4474 1 4491 16 4611 2 4628 9 4641 11 4669 12 4711 5 4747 15 4867 2 4883 16 4905 4 4925 12 4968 4 5003 14 5064 5 5123 2 5139 15 5161 4 5181 9 5191 2 5224 3 5256 15 5319 8 5379 3 5395 18 5418 1 5437 9 5447 2 5480 3 5512 12 5574 10 5634 4 5651 19 5674 1 5692 13 5736 2 5767 12 5829 12 5890 4 5907 19 5928 3 5949 14 6022 13 6085 12 6146 5 6164 18 6183 5 6206 13 6278 13 6341 12 6402 8 6421 24 6465 10 6488 7 6534 11 6597 12 6657 12 6678 23 6721 10 6744 8 6790 6 6853 11 6912 12 6934 24 6977 10 7000 9 7046 6 7109 8 7168 12 7190 24 7226 4 7233 10 7256 9 7302 6 7365 6 7424 12 7446 25 7481 19 7513 6 7557 6 7680 12 7701 28 7736 22 7769 6 7812 7 7936 13 7952 2 7956 30 7991 23 8025 4 8067 8 8192 52 8245 25 8278 6 8302 5 8318 12 8448 78 8533 8 8557 7 8570 2 8573 12 8704 78 8786 11 8813 15 8829 6 8960 78 9041 12 9069 12 9216 78 9297 12 9325 4 9332 3 9472 78 9552 13 9728 94 9984 95 10240 95 10496 86 10583 8 10752 86 10840 7 11008 4 11017 77 11096 8 11264 2 11275 75 11351 9 11538 79 11794 40 11835 44 12050 65 12117 19 12307 64 12374 7 12384 9 12564 63 12643 6 12821 62 12900 6 13080 58 13157 4 13172 1 13337 57 13414 3 13421 11 13593 58 13670 4 13676 12 13849 59 13927 3 13931 14 14105 63 14172 1 14188 13 14361 72 14444 13 14619 71 14702 11 14879 68 14959 11 15135 68 15216 9 15360 4 15391 68 15472 9 15616 6 15648 10 15661 54 15731 6 15872 7 15905 7 15918 53 15987 6 16128 6 16163 4 16176 51 16243 6 16384 6 16434 48 16498 7 16640 6 16691 46 16742 2 16745 2 16754 5 16896 7 16947 45 16997 7 17010 5 17152 7 17161 4 17203 45 17252 8 17266 5 17408 13 17459 44 17508 8 17522 4 17664 13 17715 45 17764 8 17778 4 17920 13 17971 45 18018 9 18035 3 18044 1 18176 12 18227 55 18292 2 18298 3 18432 12 18484 54 18553 4 18688 13 18740 54 18808 7 18944 15 18996 54 19063 9 19200 17 19251 55 19319 10 19456 19 19506 55 19575 12 19712 24 19762 56 19831 13 19968 25 20018 56 20087 16 20224 25 20274 55 20344 15 20480 25 20530 54 20600 16 20736 25 20787 53 20856 16 20992 25 21044 51 21113 14 21248 26 21300 51 21368 15 21504 9 21515 15 21556 50 21623 16 21760 9 21771 15 21812 50 21879 15 22016 8 22026 15 22068 49 22135 14 22272 24 22324 49 22391 13 22528 23 22565 2 22581 47 22646 13 22784 22 22820 3 22838 46 22901 12 23040 22 23076 3 23097 33 23132 8 23155 13 23296 21 23354 42 23412 11 23552 6 23559 12 23610 40 23668 10 23808 5 23815 12 23865 42 23924 9 24064 3 24070 12 24119 44 24179 8 24320 3 24326 12 24373 46 24434 7 24576 2 24582 12 24598 2 24627 49 24690 7 24832 3 24837 20 24882 49 24945 7 25088 4 25093 22 25137 50 25201 7 25344 29 25393 50 25457 8 25600 32 25650 2 25657 42 25714 7 25856 36 25906 1 25914 38 25969 8 26112 37 26171 36 26225 8 26368 36 26427 37 26480 9 26624 36 26683 38 26734 11 26880 36 26936 41 26990 10 27136 35 27191 40 27246 3 27251 4 27392 35 27448 40 27501 4 27648 36 27697 3 27708 31 27742 2 27757 4 27904 34 27949 2 27953 3 27964 31 27997 7 28005 3 28010 7 28160 22 28185 9 28205 7 28213 2 28220 30 28251 23 28416 22 28441 9 28461 10 28475 54 28672 34 28718 7 28727 2 28731 54 28928 34 28974 7 28987 54 29184 10 29195 23 29230 4 29235 2 29243 53 29440 11 29452 22 29486 3 29499 12 29513 38 29696 11 29709 21 29743 2 29754 11 29773 34 29952 34 30009 11 30026 1 30029 33 30209 17 30230 15 30262 13 30282 1 30285 32 30466 15 30487 20 30510 3 30517 14 30538 1 30541 31 30723 14 30744 43 30790 1 30793 3 30797 5 30803 23 30979 14 31000 43 31046 1 31050 1 31053 27 31234 15 31256 44 31302 1 31310 24 31489 16 31511 48 31566 22 31744 17 31766 48 31825 18 32000 17 32020 50 32083 15 32256 17 32275 52 32340 13 32512 69 32597 10 32771 6 32782 54 32841 2 32854 5 33040 52 33097 4 33296 52 33354 4 33553 51 33610 4 33809 52 33866 4 34065 52 34122 4 34307 2 34321 51 34378 5 34562 5 34577 51 34635 4 34817 7 34832 1 34834 51 34891 4 35072 9 35085 55 35148 4 35153 2 35328 68 35404 9 35584 67 35660 9 35840 67 35916 9 36096 66 36172 9 36352 66 36429 7 36608 65 36685 6 36864 64 36942 4 37074 2 37120 63 37198 4 37328 5 37376 62 37454 4 37584 6 37632 61 37710 4 37839 8 37888 61 37966 4 38094 17 38144 55 38221 6 38350 18 38400 54 38477 8 38606 18 38656 54 38733 8 38863 18 38912 53 38989 8 39120 18 39168 52 39244 9 39377 18 39424 52 39501 8 39635 16 39680 52 39756 9 39892 16 39936 51 40012 8 40148 16 40192 51 40268 7 40405 16 40448 50 40526 5 40661 17 40704 49 40782 5 40917 18 40960 36 41002 4 41038 5 41172 20 41216 36 41294 5 41428 20 41472 35 41552 3 41684 20 41728 35 41810 1 41940 20 41984 36 42164 5 42196 19 42240 37 42418 8 42452 18 42496 39 42537 3 42671 12 42708 18 42752 46 42926 14 42946 2 42963 19 43008 49 43182 15 43200 6 43218 21 43264 49 43351 2 43438 27 43473 23 43520 50 43604 7 43694 31 43728 24 43776 51 43860 4 43866 1 43872 5 43949 60 44032 43 44115 5 44125 11 44204 61 44288 42 44371 5 44381 14 44404 3 44459 63 44544 40 44626 5 44638 15 44659 4 44715 63 44800 40 44884 1 44898 21 44971 64 45056 39 45158 16 45226 66 45313 38 45416 14 45482 71 45571 36 45674 12 45737 74 45828 36 45931 12 45992 76 46084 37 46187 14 46246 80 46340 37 46444 13 46501 82 46595 22 46619 11 46631 2 46702 12 46756 84 46850 22 46879 6 46959 11 47012 84 47106 22 47135 4 47215 11 47267 86 47360 23 47391 3 47428 3 47471 11 47523 86 47616 7 47627 10 47647 2 47682 5 47728 10 47778 88 47872 5 47885 7 47938 5 47984 10 48034 71 48108 15 48128 5 48144 5 48194 6 48241 9 48286 75 48364 19 48384 4 48401 4 48449 7 48498 8 48541 78 48620 23 48659 4 48704 7 48754 8 48797 99 48897 2 48915 4 48960 6 49010 9 49053 99 49153 2 49215 9 49268 8 49309 99 49472 8 49525 8 49565 99 49668 1 49671 2 49730 5 49784 5 49820 100 49924 5 49988 3 49996 1 50040 5 50076 100 50297 4 50331 101 50553 4 50587 101 50754 5 50765 2 50808 6 50843 101 51009 6 51021 3 51064 7 51090 6 51097 103 51262 8 51277 4 51321 6 51345 111 51518 8 51531 7 51577 7 51601 111 51777 4 51785 9 51795 4 51833 7 51857 111 52034 1 52039 7 52047 3 52051 5 52089 7 52103 4 52113 111 52292 14 52307 8 52344 8 52359 4 52369 109 52547 14 52563 8 52600 6 52615 5 52624 110 52802 16 52819 8 52832 5 52872 5 52879 113 53058 17 53077 7 53085 9 53130 118 53313 27 53341 9 53387 102 53490 14 53569 27 53598 13 53644 97 53746 14 53824 5 53831 19 53858 9 53900 116 54079 4 54089 17 54115 8 54156 116 54346 17 54372 7 54412 113 54526 2 54603 17 54629 5 54651 2 54667 112 54859 16 54880 1 54886 3 54906 4 54922 114 55116 13 55136 1 55142 2 55163 4 55178 116 55372 10 55392 3 55398 2 55419 4 55433 117 55558 3 55629 8 55648 3 55654 1 55676 2 55689 118 55810 7 55886 7 55905 2 55932 2 55944 129 56118 3 56143 6 56162 1 56188 1 56200 134 56373 4 56399 5 56444 1 56456 135 56618 3 56628 5 56655 4 56700 1 56712 136 56873 6 56882 7 56912 3 56968 12 56981 123 57128 17 57223 12 57238 122 57383 18 57478 138 57638 19 57733 139 57893 15 57910 1 57988 139 58149 15 58244 115 58361 22 58405 15 58499 116 58618 22 58661 15 58755 116 58874 22 58917 14 59012 114 59130 5 59136 16 59173 14 59268 113 59387 4 59392 16 59430 13 59525 112 59642 5 59648 15 59686 13 59781 112 59898 5 59904 15 59942 13 60018 1 60033 2 60038 112 60152 7 60160 14 60198 12 60272 3 60288 4 60294 121 60416 14 60455 11 60528 2 60543 128 60672 14 60712 9 60799 129 60929 13 60969 7 61054 39 61094 89 61186 13 61225 7 61310 22 61334 14 61351 88 61443 12 61482 6 61566 22 61592 12 61607 89 61700 11 61738 6 61821 22 61850 11 61864 88 61956 10 61994 7 62077 22 62106 13 62122 69 62194 13 62212 10 62251 6 62332 23 62363 12 62380 67 62451 2 62454 9 62468 9 62507 5 62588 22 62620 11 62635 62 62698 4 62707 1 62711 7 62720 13 62764 3 62843 22 62876 76 62955 1 62963 1 62971 2 62976 12 63020 4 63099 21 63132 75 63232 11 63276 4 63355 19 63389 61 63452 10 63488 10 63532 10 63611 19 63644 35 63680 2 63686 20 63708 4 63744 9 63788 11 63866 19 63900 2 63911 20 63932 2 63942 20 63964 4 64000 3 64044 10 64122 20 64156 4 64167 20 64188 8 64198 26 64300 9 64378 21 64412 5 64423 18 64443 10 64454 25 64491 1 64499 1 64557 9 64634 21 64667 6 64681 15 64701 35 64747 1 64765 3 64815 7 64889 4 64895 15 64922 7 64938 11 64958 34 65003 1 65006 4 65020 4 65073 5 65145 5 65151 16 65177 9 65195 9 65213 35 65263 3 65276 4 65330 5 65401 5 65407 16 65430 12 65453 6 65468 4 65477 1 65480 14 65497 1 65500 5 65520 2 65532 4
442157,5 52 261 52 518 50 775 49 1032 48 1294 49 1551 48 1807 27 1835 20 2063 27 2091 20 2320 46 2577 44 2842 35 3099 13 3113 20 3138 2 3357 10 3369 29 3602 2 3615 6 3625 13 3643 11 3858 1 3881 12 3899 11 4122 4 4127 1 4137 11 4155 11 4186 1 4377 10 4393 9 4411 12 4441 4 4631 14 4649 9 4668 11 4697 5 4887 14 4905 8 4924 11 4953 6 5142 16 5161 8 5180 11 5209 6 5397 18 5417 8 5436 10 5457 3 5466 4 5533 5 5653 29 5692 10 5712 5 5788 8 5798 1 5909 30 5949 8 5969 5 6044 14 6164 32 6208 3 6225 5 6300 15 6420 32 6482 3 6556 14 6676 33 6812 14 6933 32 7068 13 7189 31 7324 12 7445 31 7579 13 7701 30 7835 13 7957 30 7994 2 8090 15 8213 29 8248 4 8346 15 8469 29 8503 5 8602 15 8726 28 8758 6 8859 15 8982 27 9013 7 9116 15 9238 26 9269 7 9372 16 9493 20 9526 6 9629 16 9749 19 9782 5 9886 17 10006 18 10141 19 10262 17 10398 18 10520 15 10654 18 10779 11 10910 18 10938 3 11037 8 11166 19 11193 5 11294 6 11422 19 11448 6 11461 3 11552 2 11677 20 11702 9 11716 4 11933 19 11958 10 11970 6 12189 17 12214 10 12225 7 12445 17 12471 8 12482 6 12604 3 12702 16 12727 7 12738 5 12859 5 12958 16 12983 5 12995 4 13115 6 13215 16 13239 4 13371 6 13467 3 13471 16 13495 3 13627 8 13637 2 13721 22 13751 1 13884 12 13977 22 14141 11 14232 24 14398 10 14488 15 14505 7 14655 9 14744 15 14763 5 14912 7 15001 14 15020 4 15170 5 15259 1 15261 12 15277 1 15520 9 15720 4 15777 9 15949 4 15975 7 16034 9 16202 8 16231 8 16290 9 16457 10 16487 8 16546 9 16713 10 16742 10 16802 9 16969 10 16996 12 17059 7 17225 10 17250 14 17481 9 17504 17 17737 8 17752 3 17759 17 17993 7 18006 8 18015 17 18248 7 18262 25 18504 6 18517 23 18760 6 18774 20 19016 5 19030 18 19271 6 19286 18 19526 7 19542 17 19780 9 19798 16 20035 10 20053 15 20290 11 20310 12 20546 11 20567 10 20802 10 20829 2 21059 8 21318 3 28048 1 28302 6 28558 6 28813 7 29068 8 29324 8 29579 8 29835 6 30091 6 30348 5 30605 3 30862 2 31124 1 31142 3 31378 6 31396 7 31578 2 31634 6 31653 8 31834 3 31891 4 31909 9 32091 2 32133 4 32165 9 32348 5 32388 6 32422 8 32602 8 32620 6 32642 8 32679 7 32857 10 32875 9 32896 11 32936 5 33113 11 33130 12 33151 13 33182 3 33368 13 33385 16 33404 21 33437 4 33624 13 33641 17 33660 21 33692 5 33880 14 33897 17 33915 23 33947 6 33965 3 34136 13 34154 39 34202 7 34218 7 34392 13 34410 39 34458 8 34474 8 34649 11 34666 39 34714 8 34729 10 34912 3 34922 39 34970 8 34983 13 35178 39 35227 25 35434 39 35483 25 35690 39 35739 25 35946 40 35994 25 36202 39 36249 25 36458 38 36505 20 36714 38 36761 18 36970 37 37017 17 37226 37 37273 16 37483 5 37495 24 37530 14 37740 3 37753 22 37787 11 38010 21 38043 10 38267 20 38300 7 38314 3 38523 19 38557 6 38569 5 38778 19 38814 4 38824 6 39034 14 39064 4 39072 1 39078 8 39290 14 39319 7 39334 8 39545 3 39550 10 39568 4 39576 7 39589 9 39808 7 39822 7 39832 8 39843 12 40073 12 40088 24 40328 13 40344 24 40584 12 40600 26 40840 13 40856 26 41096 13 41113 25 41352 13 41370 24 41608 12 41627 23 41864 12 41884 22 42120 4 42141 20 42382 3 42398 19 42637 5 42650 2 42657 15 42892 6 42905 5 42913 15 43148 6 43160 8 43170 12 43404 6 43415 11 43431 5 43661 4 43672 11 43932 6 44191 2 50950 4 51205 7 51460 9 51716 11 51971 12 52224 16 52480 16 52736 16 52992 16 53248 16 53504 16 53760 16 54016 16 54272 16 54528 16 54784 16 55040 15 55296 15 55552 15 55808 15 56064 15 56320 14 56576 13 56832 14 57088 16 57344 17 57600 17 57856 17 58112 7 58121 8 58368 5 58377 8 58633 6 58887 8 59143 6 59398 7 59654 6 59911 4 62049 9 62064 3 62305 11 62319 5 62560 20 62816 20 63072 20 63328 19 63584 19 63840 18 64097 15 64354 13 64599 4 64612 5 64854 5 64868 2 65111 4 65124 1 65368 1
442220,0 65536
447372,3 25 167 1 181 14 202 22 260 24 424 1 435 16 458 22 517 23 690 17 715 21 774 21 910 4 945 17 971 20 1031 11 1045 6 1165 6 1201 17 1228 19 1288 9 1302 4 1421 6 1457 15 1485 18 1544 9 1672 3 1677 8 1713 15 1746 14 1800 9 1916 1 1926 6 1933 9 1970 14 2003 13 2055 11 2171 2 2182 16 2226 15 2260 12 2304 19 2426 2 2439 16 2482 15 2516 11 2560 20 2682 1 2698 13 2738 15 2771 12 2816 21 2955 13 2994 16 3027 11 3072 21 3211 14 3251 16 3283 11 3328 22 3467 15 3508 16 3539 10 3584 22 3715 4 3722 20 3765 15 3795 10 3840 22 3971 5 3978 21 4009 4 4021 15 4051 10 4096 23 4200 3 4225 7 4233 23 4265 5 4277 16 4307 9 4352 23 4456 4 4480 8 4489 25 4520 6 4533 16 4563 9 4608 23 4682 5 4712 4 4734 48 4788 18 4820 7 4864 8 4875 12 4938 7 4967 4 4988 50 5044 18 5078 4 5120 7 5131 12 5195 6 5223 4 5244 6 5251 6 5259 3 5263 13 5280 14 5300 19 5376 6 5388 8 5452 6 5480 2 5500 5 5508 3 5516 2 5519 13 5538 7 5546 2 5556 19 5632 5 5708 6 5736 1 5764 2 5772 1 5776 13 5795 3 5812 20 5888 5 5964 6 5990 2 6031 14 6068 20 6144 5 6220 6 6246 2 6288 14 6325 18 6400 5 6475 6 6539 2 6546 12 6582 13 6596 1 6656 4 6731 6 6795 2 6802 12 6912 4 6987 6 6996 1 7059 10 7168 4 7243 5 7251 3 7315 9 7329 2 7424 3 7500 4 7505 6 7572 8 7583 5 7680 3 7756 11 7828 16 7936 4 8014 8 8085 15 8192 4 8270 8 8342 13 8448 4 8527 6 8600 10 8704 5 8783 5 8861 4 8960 5 8972 3 9039 3 9216 5 9227 5 9294 3 9472 5 9482 7 9549 4 9728 5 9737 8 9803 6 9984 5 9991 10 10058 6 10240 3 10245 12 10261 1 10312 7 10496 2 10502 18 10538 5 10567 9 10758 19 10793 7 10822 10 11014 19 11049 7 11078 9 11271 19 11304 9 11334 9 11527 22 11560 9 11591 8 11784 22 11815 10 11847 8 12041 40 12103 8 12298 40 12359 8 12553 42 12614 9 12809 11 12824 27 12871 8 13066 6 13079 29 13127 8 13335 29 13384 8 13583 37 13640 9 13652 1 13838 38 13897 14 13914 7 14093 39 14154 25 14348 40 14411 24 14603 41 14670 8 14681 4 14858 42 14928 6 15114 42 15186 1 15370 42 15627 41 15884 41 16141 40 16198 5 16398 39 16452 8 16655 39 16700 1 16706 10 16911 60 17168 58 17424 58 17680 57 17927 2 17937 56 18193 56 18252 4 18450 13 18465 23 18489 25 18713 3 18722 22 18746 24 18979 21 19004 22 19239 17 19261 21 19495 17 19518 20 19655 4 19753 17 19773 22 19909 7 20010 16 20029 23 20164 8 20267 15 20283 26 20420 8 20524 8 20533 33 20674 11 20780 42 20930 16 21036 10 21048 30 21185 19 21292 41 21440 20 21548 40 21695 21 21804 40 21951 22 22060 23 22093 6 22205 24 22316 22 22350 4 22462 23 22550 3 22572 21 22608 1 22719 22 22806 4 22828 21 22975 22 23062 9 23084 13 23102 1 23232 21 23318 9 23341 11 23353 8 23488 21 23525 2 23575 19 23597 7 23609 10 23745 20 23779 6 23830 27 23864 12 24002 20 24035 7 24086 25 24119 13 24162 3 24170 1 24260 23 24290 9 24343 23 24375 13 24416 13 24516 23 24545 11 24599 23 24631 14 24668 17 24773 8 24782 14 24800 18 24856 22 24887 13 24924 17 25029 23 25056 19 25115 18 25144 12 25179 18 25285 22 25311 14 25326 6 25372 17 25401 10 25433 20 25541 22 25567 10 25578 3 25582 6 25629 15 25687 21 25798 20 25823 8 25840 5 25878 1 25885 16 25943 21 26044 2 26056 18 26079 6 26093 1 26096 5 26134 2 26137 2 26141 16 26198 22 26299 4 26313 17 26335 5 26349 1 26353 4 26389 25 26415 2 26453 23 26555 4 26568 18 26592 4 26645 30 26708 25 26812 3 26824 18 26849 1 26901 30 26963 27 27080 17 27157 30 27210 1 27217 30 27336 15 27413 2 27419 24 27464 4 27473 30 27592 15 27675 10 27691 8 27718 42 27843 1 27846 8 27858 6 27899 1 27931 10 27947 8 27974 41 28099 12 28114 5 28187 9 28204 7 28229 41 28355 13 28371 4 28444 7 28460 6 28485 40 28611 12 28626 4 28692 3 28717 3 28741 39 28784 4 28791 2 28863 4 28868 10 28881 5 28893 5 28949 2 28996 39 29039 11 29118 16 29138 2 29148 6 29201 2 29252 38 29294 13 29370 19 29404 6 29420 2 29457 3 29508 37 29550 13 29625 20 29660 7 29675 3 29708 2 29712 5 29728 1 29765 35 29806 12 29877 23 29915 8 29930 3 29963 14 29983 3 30022 34 30062 12 30132 24 30170 9 30186 2 30218 17 30239 4 30278 34 30318 11 30336 4 30387 24 30419 15 30442 2 30474 16 30495 4 30535 32 30574 10 30592 5 30643 24 30673 17 30699 1 30729 17 30751 4 30792 31 30830 9 30847 6 30898 25 30927 19 30985 16 31009 1 31049 30 31086 8 31104 5 31154 25 31182 20 31232 1 31241 16 31305 30 31343 5 31360 6 31410 25 31437 21 31464 2 31488 2 31499 12 31561 30 31598 5 31618 3 31666 49 31720 2 31744 3 31756 2 31818 30 31852 6 31923 48 31972 2 32000 4 32036 3 32074 30 32107 5 32175 3 32181 49 32256 4 32292 3 32331 29 32363 3 32429 5 32439 47 32512 4 32517 1 32588 28 32685 5 32696 47 32768 4 32773 4 32845 27 32940 6 32954 46 33024 10 33101 26 33196 6 33211 45 33280 10 33358 24 33453 5 33462 4 33468 43 33534 13 33615 23 33710 3 33717 50 33791 1 33794 10 33872 22 33971 54 34052 8 34128 23 34226 54 34311 6 34385 28 34482 54 34547 1 34567 6 34641 28 34739 52 34803 3 34823 6 34857 4 34899 26 34995 52 35059 4 35078 7 35106 3 35112 5 35159 19 35252 50 35308 2 35318 2 35332 9 35349 6 35361 13 35415 18 35513 45 35560 6 35575 1 35588 8 35604 8 35617 13 35671 18 35769 54 35831 1 35843 9 35860 9 35873 14 35928 16 35968 4 36025 54 36098 8 36116 9 36129 14 36183 17 36224 5 36281 55 36354 5 36371 10 36385 15 36439 17 36468 6 36480 7 36536 55 36627 10 36641 15 36695 16 36723 11 36735 9 36790 57 36855 3 36883 10 36898 14 36951 15 36977 25 37044 59 37111 3 37138 11 37154 14 37208 13 37232 27 37297 62 37366 4 37393 11 37408 15 37464 12 37488 28 37551 64 37621 6 37642 3 37649 11 37663 17 37722 9 37744 28 37806 65 37877 7 37889 4 37897 5 37910 6 37917 20 37979 7 38000 28 38061 65 38133 7 38144 14 38167 26 38236 4 38255 29 38317 67 38389 8 38400 4 38407 2 38410 4 38420 3 38426 4 38433 17 38500 2 38510 30 38572 69 38647 12 38667 2 38676 3 38683 3 38689 17 38755 6 38764 32 38828 69 38904 10 38933 3 38940 1 38944 19 39009 42 39083 70 39161 7 39199 21 39265 42 39339 70 39418 6 39452 24 39520 43 39595 70 39676 4 39708 24 39776 42 39852 68 39962 1 39971 18 40033 41 40108 48 40162 13 40228 18 40290 39 40364 46 40418 13 40476 2 40484 18 40547 38 40620 45 40674 13 40732 1 40741 16 40804 37 40876 46 40929 14 40997 16 41061 36 41133 46 41183 16 41244 1 41254 15 41318 35 41390 45 41436 20 41500 3 41510 15 41575 34 41646 5 41654 58 41755 5 41765 16 41835 30 41910 59 42011 26 42093 29 42134 4 42154 1 42167 58 42267 25 42349 29 42389 6 42409 3 42424 57 42523 23 42607 31 42640 1 42645 6 42665 3 42680 57 42781 20 42864 43 42922 2 42936 22 42962 31 43038 17 43121 42 43193 19 43218 30 43295 14 43378 39 43450 16 43474 30 43552 11 43635 34 43708 9 43731 29 43809 8 43892 33 43965 7 43988 27 44056 1 44068 4 44151 31 44224 4 44246 25 44311 2 44409 30 44482 2 44502 24 44565 3 44667 28 44738 3 44759 23 44818 6 44924 28 44994 4 45015 23 45076 4 45186 22 45250 4 45271 23 45333 3 45449 15 45506 4 45527 23 45589 2 45706 14 45762 3 45783 22 45845 2 45963 14 46019 1 46039 22 46101 2 46220 13 46295 21 46357 2 46476 13 46550 20 46613 1 46732 15 46806 19 46986 18 47061 19 47240 22 47317 17 47495 24 47572 6 47581 4 47750 25 47826 7 48005 26 48045 3 48082 7 48260 26 48300 5 48339 6 48515 26 48556 5 48596 5 48771 21 48812 6 49027 21 49067 7 49284 20 49323 7 49541 19 49579 6 49774 1 49797 20 49835 5 50028 6 50036 1 50053 20 50092 3 50182 1 50283 12 50308 22 50437 3 50443 1 50539 13 50564 23 50692 2 50794 15 50820 25 50905 6 50946 3 51050 17 51075 27 51158 14 51201 4 51306 19 51331 27 51413 16 51456 5 51562 20 51587 28 51668 18 51712 5 51818 20 51843 29 51924 19 51968 6 52074 21 52100 28 52180 20 52224 6 52330 22 52356 29 52437 19 52480 5 52587 22 52612 29 52694 19 52736 5 52837 1 52846 20 52868 30 52951 18 52992 5 53094 1 53103 52 53208 17 53248 5 53359 53 53466 15 53504 4 53606 1 53615 29 53645 23 53724 13 53747 2 53760 3 53861 5 53870 31 53903 20 53982 10 54003 2 54016 2 54102 2 54116 8 54125 32 54159 20 54240 8 54259 1 54356 6 54372 61 54496 8 54612 14 54627 62 54753 7 54867 78 55012 2 55123 78 55378 79 55634 79 55889 62 55955 13 56144 62 56213 10 56400 62 56472 6 56655 63 56911 62 57166 63 57422 63 57678 62 57914 3 57933 65 58168 7 58189 67 58423 8 58434 5 58444 70 58678 93 58933 94 59188 96 59443 97 59699 97 59955 97 60160 2 60212 96 60393 1 60416 2 60470 95 60616 6 60646 6 60672 2 60726 95 60861 6 60869 14 60901 8 60919 5 60928 2 60982 95 61116 24 61154 13 61174 8 61184 3 61237 77 61316 6 61323 10 61350 2 61372 25 61406 19 61429 10 61440 6 61493 76 61572 6 61580 8 61605 3 61627 27 61660 43 61749 76 61829 5 61837 6 61861 3 61883 77 62005 76 62085 5 62094 4 62139 77 62260 76 62341 5 62395 78 62515 78 62597 5 62651 78 62756 2 62764 4 62769 81 62851 7 62900 3 62907 79 63019 95 63154 88 63273 98 63409 89 63527 100 63663 90 63782 82 63868 15 63919 90 64015 2 64037 102 64174 89 64267 9 64292 103 64430 30 64463 76 64546 105 64686 111 64800 108 64942 111 65055 108 65199 220 65456 80
451709,35 11 60 1 114 10 128 41 201 3 296 5 316 1 371 9 385 40 458 2 555 2 629 6 642 27 670 12 715 1 887 4 899 1 904 20 926 13 971 2 1100 3 1143 4 1160 19 1182 15 1202 2 1320 2 1356 3 1400 3 1416 20 1438 23 1481 1 1576 4 1613 2 1656 3 1672 47 1737 2 1832 5 1846 2 1928 48 1992 3 2076 3 2088 4 2093 1 2101 4 2110 1 2184 49 2248 3 2332 15 2350 1 2355 6 2366 2 2440 49 2496 4 2503 4 2587 15 2611 6 2621 4 2684 4 2690 1 2696 50 2751 11 2839 20 2869 2 2877 7 2940 8 2951 68 3093 22 3133 7 3196 8 3206 69 3323 1 3347 25 3388 9 3404 4 3453 7 3461 71 3576 8 3590 4 3601 28 3631 4 3641 13 3658 7 3713 75 3831 9 3846 6 3855 55 3911 10 3971 74 4082 14 4101 7 4110 66 4228 73 4337 15 4357 7 4367 49 4421 9 4485 3 4489 54 4550 6 4591 17 4613 7 4623 49 4678 9 4747 50 4806 6 4846 18 4869 59 4934 11 5003 34 5038 2 5044 9 5063 5 5101 19 5126 58 5190 12 5259 33 5303 2 5306 2 5319 4 5357 24 5382 59 5448 2 5453 8 5515 26 5560 2 5575 3 5612 86 5711 9 5772 24 5831 3 5868 87 5968 7 6028 24 6059 1 6086 5 6124 87 6226 5 6285 22 6313 5 6341 5 6379 35 6415 53 6541 21 6565 10 6597 4 6636 4 6644 13 6659 10 6672 39 6712 11 6798 20 6820 12 6852 4 6885 4 6892 3 6900 12 6916 6 6923 1 6929 37 6969 10 7056 20 7077 11 7092 2 7097 5 7107 4 7139 10 7155 13 7175 2 7185 37 7226 9 7313 31 7347 12 7363 4 7370 4 7394 10 7411 13 7432 2 7441 36 7481 11 7570 21 7602 14 7619 2 7624 7 7649 12 7665 15 7688 3 7697 36 7736 13 7826 21 7858 17 7880 8 7905 12 7920 16 7943 5 7953 37 7992 13 8076 3 8081 23 8114 17 8136 8 8161 31 8198 7 8210 36 8249 14 8329 32 8369 20 8392 8 8417 31 8454 7 8467 34 8505 14 8583 38 8623 34 8673 31 8710 7 8723 34 8761 14 8839 17 8858 54 8928 32 8966 6 8979 34 9018 13 9096 18 9115 31 9152 14 9184 32 9222 4 9236 33 9274 13 9354 2 9366 4 9372 28 9408 12 9439 33 9479 2 9491 35 9530 14 9630 24 9665 9 9695 33 9735 1 9747 36 9786 14 9886 23 9925 4 9951 33 10004 36 10041 15 10143 20 10207 34 10261 48 10403 3 10408 7 10441 3 10463 33 10517 47 10656 2 10666 4 10696 5 10720 32 10774 45 10904 2 10912 2 10952 5 10977 31 11030 45 11122 4 11160 4 11209 4 11234 30 11287 44 11377 6 11417 2 11465 4 11490 30 11543 44 11633 7 11722 2 11747 29 11799 44 11888 9 11978 2 12003 29 12036 2 12055 43 12126 1 12133 8 12145 8 12205 1 12235 1 12259 29 12291 5 12311 28 12342 1 12345 5 12351 2 12382 1 12389 10 12401 8 12461 3 12516 5 12522 22 12546 6 12568 28 12602 1 12642 1 12645 20 12717 3 12773 2 12781 19 12802 7 12824 28 12897 2 12901 20 12973 4 13004 2 13038 18 13057 8 13080 28 13130 1 13148 8 13157 19 13229 4 13260 5 13296 16 13313 7 13337 30 13385 4 13404 8 13414 18 13481 9 13516 6 13552 16 13569 7 13594 28 13641 4 13660 7 13670 18 13736 10 13772 7 13809 15 13825 5 13850 27 13896 5 13917 5 13928 16 13990 12 14028 7 14066 14 14082 3 14107 14 14124 1 14126 5 14155 2 14174 3 14185 20 14246 12 14284 8 14324 12 14365 7 14441 21 14464 1 14501 13 14531 3 14540 8 14584 8 14621 5 14697 24 14757 13 14785 5 14797 7 14844 4 14878 4 14953 24 15014 12 15039 7 15053 7 15101 3 15134 5 15209 23 15271 10 15294 7 15309 8 15359 1 15390 5 15399 2 15464 21 15510 8 15528 8 15549 8 15566 8 15646 6 15655 2 15719 25 15766 8 15786 4 15806 6 15822 9 15901 9 15911 3 15974 26 16022 9 16062 6 16079 9 16157 14 16230 26 16279 8 16318 5 16335 9 16413 14 16486 26 16535 8 16554 1 16574 4 16591 9 16675 8 16716 4 16742 25 16792 7 16808 5 16829 5 16848 8 16933 8 16972 5 16989 5 16998 25 17048 7 17063 10 17085 5 17092 2 17104 7 17191 6 17227 6 17244 7 17254 26 17304 7 17319 9 17342 2 17346 7 17360 7 17447 7 17482 7 17500 7 17510 26 17559 13 17575 9 17602 9 17617 6 17704 7 17738 7 17756 7 17766 26 17816 24 17848 4 17858 9 17874 5 17961 8 17994 7 18011 9 18021 28 18072 21 18098 2 18103 6 18112 11 18134 4 18218 7 18250 7 18267 9 18277 29 18310 5 18331 13 18346 1 18354 11 18368 11 18389 5 18475 12 18506 6 18524 48 18589 10 18610 11 18623 12 18645 5 18731 11 18762 9 18780 5 18788 41 18845 8 18859 18 18878 13 18901 7 18910 5 18991 7 19017 2 19023 5 19029 2 19036 4 19044 42 19100 7 19114 34 19158 14 19247 7 19272 2 19280 7 19291 5 19301 41 19356 4 19370 20 19392 12 19415 14 19503 7 19526 3 19536 8 19547 5 19557 41 19611 4 19626 19 19649 10 19665 1 19671 15 19759 6 19783 2 19792 8 19804 4 19813 41 19866 4 19882 20 19906 7 19926 16 20015 6 20049 7 20061 3 20069 42 20122 2 20138 20 20162 6 20182 16 20272 5 20305 7 20317 2 20325 43 20394 20 20417 6 20438 16 20529 3 20562 6 20570 5 20581 43 20650 20 20673 6 20694 16 20808 1 20818 5 20826 5 20836 44 20904 22 20929 6 20952 13 21044 1 21064 1 21074 1 21082 6 21091 45 21159 8 21169 13 21186 4 21208 13 21248 1 21330 1 21347 44 21414 8 21426 19 21464 12 21504 3 21586 1 21602 42 21669 9 21684 16 21717 14 21760 4 21858 43 21927 7 21942 15 21972 15 22016 4 22072 1 22100 1 22114 43 22201 12 22227 19 22251 1 22272 5 22328 1 22362 1 22369 40 22412 3 22457 13 22482 12 22499 12 22528 5 22584 2 22617 2 22625 39 22668 4 22699 1 22714 15 22738 11 22755 13 22784 5 22840 1 22872 3 22881 13 22895 25 22925 3 22958 3 22970 19 22991 14 23011 13 23040 5 23116 1 23126 4 23137 10 23159 15 23182 2 23213 5 23226 35 23266 14 23296 5 23382 4 23394 8 23416 13 23469 5 23482 37 23522 14 23552 6 23618 1 23630 3 23637 6 23650 8 23675 8 23725 4 23737 40 23778 13 23808 8 23874 1 23891 7 23906 5 23931 6 23981 3 23994 8 24003 44 24064 9 24092 1 24146 7 24162 3 24180 1 24184 6 24211 2 24237 2 24261 42 24320 12 24348 3 24394 2 24402 8 24435 9 24465 4 24521 41 24577 12 24603 5 24648 7 24657 9 24688 12 24720 6 24779 26 24807 12 24835 10 24859 7 24906 4 24913 9 24944 12 24976 6 25035 26 25062 14 25092 9 25115 11 25164 2 25169 9 25200 12 25232 6 25291 42 25348 10 25371 12 25425 9 25455 13 25488 7 25547 43 25604 10 25620 5 25628 12 25681 9 25693 3 25710 13 25745 6 25803 46 25861 8 25877 5 25883 14 25938 7 25950 2 25965 14 26001 5 26059 47 26118 7 26133 21 26194 6 26206 3 26220 9 26232 1 26257 4 26315 49 26375 5 26390 3 26394 16 26462 3 26478 3 26513 3 26571 49 26631 4 26651 15 26718 4 26826 34 26863 12 26887 4 26905 18 26975 5 27081 47 27143 4 27161 18 27212 1 27233 7 27283 2 27329 52 27398 5 27416 19 27493 2 27583 17 27602 35 27648 11 27671 21 27730 1 27838 18 27858 5 27866 26 27904 11 27928 20 27971 6 27987 2 28094 18 28114 14 28131 16 28160 11 28185 19 28226 9 28243 3 28349 19 28370 14 28388 15 28416 11 28442 18 28481 14 28500 1 28605 20 28626 14 28645 13 28672 12 28698 18 28736 16 28764 3 28861 35 28902 11 28928 12 28955 17 28992 16 29020 4 29118 33 29159 10 29186 9 29212 16 29248 16 29274 6 29374 33 29415 9 29444 8 29469 15 29504 17 29529 7 29631 22 29656 6 29671 9 29703 7 29726 13 29760 18 29784 13 29889 19 29913 4 29928 8 29961 10 29983 12 30016 19 30038 16 30146 18 30170 3 30185 7 30217 11 30239 12 30272 39 30403 16 30426 3 30442 6 30475 9 30495 12 30528 11 30546 1 30549 3 30557 10 30660 7 30682 3 30698 6 30731 8 30747 15 30784 6 30806 1 30814 9 30917 4 30939 2 30955 5 30989 6 31003 15 31040 5 31062 1 31071 8 31195 3 31214 2 31247 2 31251 1 31258 17 31297 4 31318 2 31328 6 31416 3 31452 2 31471 1 31507 1 31514 16 31572 4 31672 4 31727 1 31763 1 31769 17 31827 5 31929 5 32025 17 32083 4 32187 3 32280 17 32339 4 32444 3 32536 17 32595 3 32606 1 32614 3 32701 2 32784 1 32793 15 32851 2 32860 4 32867 8 32958 1 33015 1 33040 1 33050 14 33107 2 33115 5 33121 10 33214 2 33306 14 33370 4 33375 11 33470 2 33492 2 33525 2 33562 14 33625 5 33632 9 33716 3 33746 4 33781 1 33818 15 33874 12 33889 8 33972 4 34001 5 34074 14 34118 1 34129 13 34145 5 34227 5 34257 5 34330 14 34366 32 34401 5 34482 6 34514 5 34586 15 34621 33 34657 4 34738 6 34771 4 34842 19 34876 35 34914 3 34994 7 35027 3 35086 4 35098 21 35132 36 35250 7 35283 3 35340 7 35354 27 35387 37 35506 7 35539 3 35596 7 35610 28 35643 37 35762 7 35795 3 35852 7 35866 29 35898 36 36018 6 36051 3 36108 7 36122 67 36275 5 36307 2 36364 7 36378 66 36531 4 36619 7 36634 66 36788 2 36875 6 36891 45 36942 15 37131 6 37148 43 37194 1 37197 16 37386 7 37403 42 37449 21 37642 8 37659 42 37705 22 37818 3 37845 1 37898 9 37915 41 37962 22 38036 2 38052 2 38071 7 38099 4 38154 58 38218 22 38292 2 38308 3 38326 7 38355 5 38410 60 38471 28 38547 4 38564 2 38582 6 38599 1 38610 6 38667 45 38713 43 38786 3 38803 4 38821 1 38837 6 38854 3 38866 6 38924 44 38971 41 39042 2 39060 5 39092 6 39109 5 39121 8 39181 42 39227 43 39316 5 39349 3 39364 6 39377 9 39437 41 39483 44 39572 5 39620 6 39632 11 39694 39 39739 45 39830 1 39876 7 39888 12 39954 35 39994 47 40053 8 40132 6 40143 12 40211 34 40249 50 40304 1 40308 10 40368 3 40387 7 40399 12 40467 32 40502 54 40559 2 40563 11 40576 1 40622 5 40642 9 40655 13 40724 30 40757 69 40827 3 40832 1 40877 6 40897 10 40910 14 40980 31 41012 44 41059 23 41088 1 41130 10 41152 12 41166 14 41236 30 41268 43 41316 22 41385 13 41408 29 41492 30 41524 43 41576 6 41584 10 41640 52 41748 30 41780 43 41833 4 41841 8 41874 2 41895 49 41967 1 42005 29 42035 44 42087 3 42097 7 42130 1 42150 50 42223 2 42262 74 42341 5 42353 7 42386 1 42405 50 42480 2 42520 12 42537 65 42609 10 42640 4 42661 51 42758 2 42777 9 42793 65 42868 10 42894 6 42916 51 43013 3 43034 7 43049 66 43125 13 43150 7 43172 51 43269 3 43291 6 43305 66 43381 13 43406 7 43428 50 43524 4 43548 3 43561 66 43636 14 43662 6 43683 48 43780 4 43817 67 43891 14 43918 5 43939 47 44036 4 44057 3 44068 72 44148 12 44164 1 44173 4 44195 42 44291 4 44312 4 44323 73 44404 11 44420 2 44429 4 44448 45 44547 3 44567 6 44578 74 44662 9 44676 2 44685 4 44703 46 44821 8 44833 77 44919 8 44931 3 44941 4 44959 44 45014 2 45077 23 45104 64 45174 9 45186 5 45197 4 45215 44 45269 2 45332 21 45361 64 45430 10 45442 4 45453 4 45471 43 45525 2 45588 20 45617 65 45687 4 45694 8 45709 5 45728 41 45780 4 45844 20 45873 66 45944 3 45950 8 45960 5 45967 4 45984 40 46036 4 46088 3 46100 20 46128 68 46198 2 46201 15 46224 7 46240 39 46281 5 46291 5 46341 9 46356 21 46383 69 46454 1 46458 13 46481 7 46496 38 46536 7 46548 3 46596 13 46613 95 46715 11 46738 7 46752 37 46792 8 46807 1 46850 15 46869 95 46968 13 46995 8 47008 37 47048 8 47105 16 47125 95 47224 13 47251 8 47263 38 47303 8 47361 15 47381 94 47480 14 47507 8 47519 47 47616 16 47637 93 47736 14 47763 9 47775 46 47872 1 47875 13 47893 93 47992 15 48019 58 48122 4 48128 1 48131 13 48149 95 48249 16 48275 57 48376 7 48384 15 48405 97 48505 16 48531 57 48595 1 48631 16 48649 2 48661 98 48762 16 48787 56 48851 1 48889 13 48918 5 48925 3 48929 87 49021 13 49043 56 49145 13 49185 89 49281 10 49298 57 49401 6 49408 6 49441 89 49537 9 49554 57 49657 5 49664 6 49697 92 49793 8 49810 57 49920 6 49946 5 49952 96 50049 8 50067 56 50176 6 50198 115 50324 56 50432 7 50453 111 50580 57 50688 7 50707 113 50836 57 50896 2 50944 8 50954 3 50962 114 51092 57 51150 4 51156 2 51200 132 51348 66 51456 133 51604 67 51712 135 51860 66 51968 136 52116 66 52224 136 52371 67 52480 10 52495 123 52626 68 52736 9 52753 122 52882 64 52992 9 53010 121 53137 60 53199 2 53248 8 53266 114 53383 5 53394 59 53456 2 53504 8 53522 114 53639 6 53651 58 53711 3 53762 6 53778 115 53894 7 53909 60 54019 5 54031 2 54035 123 54166 59 54276 3 54287 127 54422 61 54543 128 54679 61 54779 1 54799 128 54936 9 54949 47 55055 128 55192 6 55206 47 55311 128 55448 6 55464 45 55567 119 55687 8 55703 7 55722 24 55747 18 55824 117 55944 7 55959 13 55978 43 56081 115 56202 5 56215 14 56234 37 56272 4 56339 113 56470 16 56490 2 56496 31 56595 112 56726 16 56746 2 56754 2 56760 23 56832 1 56850 113 56982 16 57003 1 57022 17 57088 2 57098 120 57238 16 57279 16 57344 2 57353 121 57494 15 57535 17 57600 3 57605 125 57751 12 57791 18 57842 5 57848 3 57856 130 57997 3 58008 9 58048 17 58095 15 58112 130 58253 6 58264 8 58305 17 58350 19 58372 126 58510 4 58519 10 58562 16 58606 19 58629 126 58766 3 58774 11 58815 1 58818 16 58862 19 58887 125 59021 7 59030 11 59075 15 59118 19 59144 1 59147 121 59276 21 59333 12 59374 19 59401 124 59531 24 59591 8 59631 17 59657 7 59669 112 59785 27 59814 1 59849 3 59887 17 59912 1 59915 4 59926 113 60041 32 60143 17 60166 3 60173 2 60183 113 60297 33 60399 10 60410 6 60421 4 60438 148 60655 17 60677 3 60692 9 60703 139 60911 17 60934 2 60946 9 60959 139 61166 18 61196 2 61201 9 61216 139 61418 22 61444 1 61453 2 61457 10 61472 139 61673 23 61698 8 61710 3 61715 8 61728 139 61928 24 61956 1 61958 6 61965 2 61971 9 61984 140 62183 25 62215 8 62227 9 62240 141 62438 11 62450 15 62468 1 62471 8 62483 6 62495 142 62694 8 62706 15 62723 3 62727 7 62739 6 62751 92 62849 45 62949 6 62962 14 62983 6 62995 5 63006 92 63104 46 63206 3 63218 14 63239 6 63251 5 63261 92 63359 47 63463 1 63474 14 63496 6 63507 6 63515 93 63615 11 63628 34 63730 14 63754 4 63762 1 63764 99 63871 11 63884 34 63986 14 64009 7 64019 99 64126 48 64242 14 64265 8 64275 98 64381 49 64497 15 64521 6 64531 6 64539 90 64635 50 64752 16 64778 3 64795 91 64889 50 65006 18 65034 4 65051 89 65146 49 65263 17 65290 5 65307 86 65402 49 65520 2 65525 11
455136,0 65536
460549,14 1 232 15 254 2 269 3 488 15 510 2 524 5 744 15 765 3 779 6 1000 15 1021 3 1034 8 1256 14 1277 3 1289 10 1513 12 1526 3 1532 4 1545 10 1769 11 1782 10 1802 10 2002 2 2026 9 2038 10 2058 11 2257 5 2284 6 2294 10 2314 11 2465 2 2512 7 2541 4 2550 10 2570 12 2637 3 2721 3 2768 8 2806 10 2826 12 2892 5 2978 1 3024 8 3062 10 3082 12 3148 5 3279 10 3317 11 3338 12 3404 6 3536 10 3573 11 3594 11 3660 6 3792 10 3829 11 3850 11 3916 6 4048 11 4086 10 4106 10 4173 4 4305 10 4344 8 4363 8 4453 4 4510 4 4562 7 4604 4 4621 5 4708 6 4766 5 4861 3 4964 7 5017 1 5021 7 5219 8 5271 5 5277 7 5475 8 5534 5 5731 8 5790 4 5987 8 6023 5 6243 6 6278 7 6500 3 6534 7 6790 8 7046 8 7302 7 7558 7 7814 6 8070 6 8326 5 8583 2 13595 4 13850 6 14106 7 14363 6 14619 7 14875 8 15131 8 15387 9 15644 8 15900 8 16157 7 16416 1 16470 1 16725 5 16974 13 17228 15 17483 14 17739 14 17994 15 18249 16 18501 20 18688 1 18755 21 18831 4 18944 2 19010 22 19080 13 19200 2 19266 21 19335 16 19456 2 19522 14 19538 1 19591 18 19712 3 19779 13 19846 20 19968 3 20036 14 20102 21 20224 2 20292 18 20358 20 20476 5 20549 18 20614 20 20646 2 20731 5 20805 19 20869 20 20902 3 20911 3 20986 6 21062 18 21125 18 21157 5 21166 4 21206 2 21242 6 21318 18 21380 20 21413 14 21461 4 21477 1 21497 7 21575 17 21635 21 21669 9 21680 4 21715 6 21732 4 21753 7 21832 15 21891 21 21925 9 21937 5 21962 4 21971 7 21982 3 21987 5 22008 8 22090 11 22146 23 22181 9 22193 6 22218 6 22226 8 22237 12 22263 9 22348 7 22402 23 22437 19 22473 18 22492 17 22518 10 22606 2 22658 24 22693 19 22729 40 22774 10 22793 2 22913 25 22949 19 22985 42 23030 10 23047 6 23168 26 23205 19 23241 43 23287 9 23303 6 23422 28 23461 20 23497 44 23542 10 23559 7 23678 29 23708 1 23718 19 23754 54 23816 5 23933 35 23974 20 24010 54 24073 3 24189 38 24232 18 24266 19 24286 34 24330 1 24444 41 24488 19 24522 54 24591 3 24700 43 24745 18 24778 54 24845 10 24957 54 25015 3 25034 54 25098 1 25100 12 25213 33 25247 20 25290 54 25356 12 25420 1 25469 33 25504 19 25546 47 25595 5 25613 11 25675 4 25725 33 25760 20 25801 48 25852 4 25869 10 25931 4 25980 34 26016 21 26059 44 26108 4 26124 9 26187 4 26234 10 26247 48 26311 1 26316 43 26364 4 26381 6 26490 8 26503 49 26565 3 26573 42 26620 4 26637 5 26746 7 26759 50 26820 4 26829 43 26876 4 26894 5 27002 7 27013 39 27054 4 27060 6 27075 5 27085 14 27104 24 27132 4 27151 4 27167 2 27259 7 27267 41 27316 6 27331 5 27342 13 27360 24 27388 4 27407 5 27422 4 27517 32 27550 12 27574 4 27587 6 27598 13 27617 24 27644 4 27664 5 27678 6 27776 28 27809 9 27831 3 27843 6 27854 14 27874 23 27898 6 27923 2 27931 10 28032 10 28043 16 28067 6 28088 1 28100 5 28111 12 28130 30 28185 13 28288 9 28300 15 28324 4 28357 3 28367 11 28387 16 28404 7 28412 4 28440 14 28545 27 28581 2 28624 5 28644 12 28660 7 28668 4 28696 7 28802 26 28903 9 28916 7 28924 4 28951 8 28965 1 29062 2 29066 19 29096 5 29159 8 29174 4 29180 4 29207 8 29220 3 29322 20 29350 8 29415 7 29431 2 29437 3 29460 1 29463 8 29476 4 29579 19 29605 8 29664 5 29670 8 29716 10 29732 4 29836 18 29860 9 29918 16 29947 1 29972 1 29979 2 29988 4 30092 19 30114 11 30168 22 30244 4 30348 33 30423 23 30501 2 30605 32 30642 2 30681 21 30862 31 30896 6 30938 20 31120 29 31150 8 31194 20 31378 26 31406 9 31449 22 31635 25 31662 10 31675 4 31706 21 31739 1 31892 23 31918 18 31962 23 31994 4 32033 4 32148 24 32174 19 32219 23 32248 8 32287 16 32404 25 32431 19 32477 22 32500 12 32542 18 32661 46 32734 34 32798 19 32852 1 32918 26 32945 19 32991 33 33054 19 33107 4 33175 17 33193 27 33247 29 33310 21 33362 7 33433 9 33446 2 33450 26 33504 27 33566 21 33618 7 33690 8 33702 2 33706 26 33761 25 33818 3 33828 16 33874 8 33947 6 33960 2 33963 24 34021 21 34072 7 34085 16 34130 8 34204 5 34216 26 34280 18 34327 8 34341 21 34386 8 34460 5 34472 25 34538 16 34582 10 34596 23 34642 8 34716 5 34727 20 34796 12 34838 12 34851 25 34898 7 34972 6 34982 19 35054 9 35094 39 35155 6 35228 27 35310 8 35332 1 35351 39 35412 4 35484 27 35567 6 35587 3 35607 39 35670 1 35741 25 35823 6 35843 4 35863 39 35998 12 36011 10 36051 2 36080 4 36099 5 36120 22 36145 13 36255 23 36337 1 36356 2 36376 20 36401 13 36445 4 36511 24 36633 18 36658 12 36701 4 36767 25 36889 17 36914 12 36957 4 37023 27 37089 2 37145 17 37170 11 37213 4 37279 29 37343 5 37401 16 37426 10 37469 4 37478 3 37536 30 37598 7 37656 17 37678 12 37725 2 37733 5 37792 31 37854 7 37911 35 37988 6 38049 4 38060 20 38110 8 38167 34 38244 7 38319 17 38366 8 38424 34 38500 8 38510 5 38578 15 38622 8 38681 33 38756 16 38835 14 38879 7 38937 34 39012 18 39093 12 39135 7 39194 8 39205 24 39268 19 39289 4 39350 11 39391 6 39451 6 39461 14 39477 10 39524 26 39606 10 39638 2 39648 5 39709 3 39717 12 39733 11 39780 27 39863 9 39892 7 39900 3 39904 3 39973 14 39988 13 40035 29 40121 7 40147 12 40228 30 40291 32 40378 5 40402 13 40463 1 40484 30 40547 35 40658 13 40716 4 40740 30 40803 36 40915 12 40971 5 40995 32 41059 36 41171 12 41228 4 41250 33 41316 35 41426 13 41484 4 41506 33 41572 5 41584 23 41623 2 41681 13 41741 3 41766 29 41830 1 41842 21 41878 4 41936 13 41996 2 42022 28 42104 14 42135 2 42152 3 42192 12 42279 5 42286 19 42360 14 42404 8 42448 11 42538 1 42543 2 42548 13 42617 12 42634 3 42657 11 42704 11 42794 1 42798 3 42804 13 42873 12 42889 5 42911 13 42960 12 43034 3 43054 3 43060 12 43127 13 43145 5 43166 11 43216 12 43289 5 43316 12 43382 14 43400 6 43412 1 43422 10 43472 12 43544 7 43572 9 43637 14 43656 5 43666 8 43678 10 43690 2 43729 14 43799 8 43828 5 43892 15 43913 4 43922 9 43935 8 43946 3 43986 17 44055 7 44071 2 44148 16 44177 10 44192 6 44203 3 44242 21 44310 8 44405 15 44432 11 44450 3 44460 2 44499 23 44566 4 44571 2 44662 14 44686 13 44755 26 44819 7 44827 2 44866 1 44884 1 44889 4 44918 14 44941 11 45012 28 45074 11 45139 11 45174 14 45192 15 45268 29 45329 12 45394 13 45431 12 45448 15 45524 30 45584 13 45650 14 45688 11 45707 11 45743 4 45780 30 45840 13 45906 15 45944 10 45965 8 45998 6 46036 31 46093 2 46097 13 46162 16 46202 7 46222 6 46254 7 46292 31 46336 4 46348 3 46353 13 46418 16 46459 4 46478 6 46510 10 46548 11 46561 17 46592 6 46604 16 46675 15 46734 6 46750 1 46767 9 46804 10 46818 16 46848 6 46860 14 46932 4 46937 9 46989 7 47006 1 47028 4 47060 10 47074 16 47104 5 47117 4 47125 4 47194 7 47246 11 47260 4 47315 10 47330 16 47360 5 47382 2 47451 6 47503 11 47516 4 47570 10 47587 15 47616 5 47707 6 47760 10 47771 4 47827 5 47842 16 47872 4 47963 6 48016 15 48084 2 48099 14 48128 3 48219 6 48271 16 48355 13 48475 6 48520 2 48526 17 48612 9 48730 4 48775 5 48781 18 48985 5 49030 25 49241 6 49285 27 49492 1 49497 6 49541 27 49746 4 49753 6 49795 29 50001 7 50009 6 50050 29 50256 15 50306 25 50512 24 50538 1 50563 24 50768 29 50820 23 51023 31 51077 22 51278 32 51334 2 51341 14 51534 32 51590 1 51598 13 51667 2 51790 2 51793 28 51854 14 51920 7 52045 3 52049 27 52111 13 52174 10 52300 31 52367 13 52430 11 52556 29 52616 2 52624 2 52628 9 52685 12 52812 1 52815 23 52872 4 52878 3 52886 9 52941 13 53054 1 53071 13 53085 7 53128 8 53147 5 53196 5 53207 3 53308 3 53320 2 53329 5 53341 6 53351 4 53384 4 53402 6 53453 5 53464 2 53564 5 53575 4 53586 1 53598 2 53606 7 53640 4 53658 6 53695 3 53709 4 53720 2 53819 7 53830 5 53862 9 53897 4 53913 7 53977 1 54075 9 54085 5 54117 10 54153 4 54169 7 54332 14 54372 12 54393 2 54408 6 54421 11 54588 14 54628 12 54647 6 54664 6 54676 11 54844 15 54884 13 54901 10 54921 4 54931 12 55100 15 55140 29 55187 11 55260 1 55274 2 55355 16 55396 30 55442 12 55516 8 55529 3 55611 5 55617 10 55652 31 55698 12 55772 9 55785 3 55867 16 55908 31 55955 11 56027 11 56042 2 56123 15 56164 31 56211 10 56282 12 56380 13 56420 30 56466 10 56539 11 56637 11 56676 30 56721 10 56796 11 56893 10 56933 30 56974 14 57052 11 57149 10 57191 2 57197 9 57207 7 57217 3 57228 10 57242 6 57310 8 57404 10 57424 1 57454 8 57464 5 57475 1 57483 9 57498 5 57566 8 57617 3 57660 6 57679 4 57711 7 57720 4 57738 9 57754 5 57823 7 57872 5 57916 4 57934 6 57968 5 57995 7 58010 5 58080 4 58127 7 58172 3 58190 13 58224 4 58253 2 58267 4 58337 1 58382 9 58428 3 58446 12 58523 2 58637 12 58684 3 58702 11 58890 16 58942 1 58959 10 59099 2 59145 19 59169 5 59217 7 59286 2 59355 3 59401 20 59424 7 59541 3 59611 3 59657 31 59797 4 59804 3 59868 2 59913 32 60052 4 60058 4 60124 2 60153 3 60170 33 60228 4 60240 1 60243 5 60250 1 60301 4 60308 4 60314 4 60381 1 60407 7 60429 31 60468 1 60484 4 60495 17 60556 7 60564 3 60571 3 60637 1 60664 6 60688 28 60722 5 60739 6 60747 25 60812 7 60920 5 60944 29 60978 6 60994 4 61007 22 61068 7 61164 3 61177 3 61201 12 61215 16 61233 8 61250 3 61264 22 61324 6 61419 5 61457 10 61471 26 61505 3 61521 22 61580 6 61674 6 61713 8 61728 25 61760 3 61778 22 61837 5 61921 3 61928 8 61952 3 61970 4 61984 8 61993 16 62018 1 62035 21 62094 1 62177 15 62208 4 62240 7 62251 13 62274 1 62292 1 62299 5 62305 8 62434 14 62464 4 62497 5 62507 13 62562 8 62689 14 62720 5 62753 5 62764 13 62788 1 62818 9 62856 4 62945 13 62971 4 62976 4 63010 2 63021 12 63075 8 63112 6 63200 14 63225 10 63279 10 63331 8 63364 11 63453 17 63480 11 63536 10 63588 7 63620 12 63709 17 63736 10 63793 10 63848 3 63875 13 63964 17 63992 8 64040 3 64049 11 64106 1 64132 4 64137 7 64176 3 64219 5 64228 6 64248 8 64295 6 64305 17 64363 2 64388 3 64394 6 64431 5 64471 8 64505 7 64551 6 64560 19 64616 6 64644 2 64649 6 64687 5 64725 9 64762 6 64807 7 64815 20 64847 4 64871 8 64904 7 64942 6 64980 9 65019 5 65063 7 65072 20 65102 5 65126 9 65160 8 65198 5 65235 9 65275 5 65319 7 65330 18 65356 8 65382 9 65415 9 65454 4 65491 8 65512 1 65531 5
461675,0 65536
468422,0 207 220 5 254 209 475 7 510 210 727 12 766 231 1021 2 1024 231 1269 1 1276 237 1514 13 1531 772 2304 254 2560 254 2816 254 3072 255 3328 62208
470274,0 3 8 18 180 8 223 5 256 4 263 18 338 1 437 5 479 6 512 5 518 18 734 8 768 24 982 18 1024 23 1108 1 1151 3 1155 5 1238 18 1280 23 1407 12 1494 19 1536 22 1662 15 1750 20 1792 21 1827 2 1918 16 2007 19 2048 21 2081 5 2173 17 2263 20 2304 20 2337 6 2419 4 2429 17 2519 20 2560 20 2593 6 2641 2 2672 8 2685 18 2775 21 2816 19 2850 5 2862 3 2870 5 2894 7 2926 11 2941 18 3031 21 3072 19 3107 3 3117 5 3125 7 3148 9 3164 3 3180 36 3288 20 3328 18 3373 5 3381 8 3400 14 3434 38 3544 19 3584 18 3611 2 3628 8 3637 9 3654 16 3684 44 3801 17 3840 16 3866 4 3883 9 3893 10 3910 16 3940 3 3946 38 4058 15 4096 14 4122 4 4139 8 4149 10 4166 16 4195 4 4203 37 4309 1 4315 13 4352 12 4377 4 4395 7 4405 10 4422 6 4429 9 4451 5 4459 38 4510 4 4562 22 4608 12 4633 4 4652 6 4662 8 4679 3 4687 7 4707 3 4711 3 4715 41 4766 4 4817 22 4864 11 4884 3 4889 4 4908 5 4920 4 4946 4 4971 43 5021 5 5073 22 5120 10 5136 8 5165 5 5202 4 5228 43 5276 7 5329 21 5376 9 5392 8 5421 6 5458 4 5472 1 5486 52 5585 20 5632 9 5648 8 5678 6 5715 4 5728 1 5742 52 5841 19 5887 10 5904 7 5934 10 5971 4 5999 51 6097 19 6141 12 6161 6 6190 11 6228 3 6254 51 6352 21 6396 13 6419 2 6447 10 6471 4 6484 3 6510 51 6608 23 6651 15 6703 9 6726 7 6740 2 6754 1 6766 51 6864 24 6905 19 6962 4 6981 8 6996 2 7018 1 7021 19 7044 29 7117 27 7159 22 7194 3 7237 8 7254 1 7268 8 7277 18 7301 28 7372 29 7414 23 7448 5 7480 1 7486 1 7496 1 7510 1 7522 10 7533 17 7556 29 7628 30 7669 25 7703 7 7736 1 7766 2 7778 10 7789 6 7797 9 7811 29 7884 32 7924 25 7959 7 8022 3 8034 10 8045 6 8054 10 8065 31 8141 33 8178 27 8214 9 8278 3 8298 1 8301 6 8311 40 8397 34 8432 29 8470 10 8535 2 8557 6 8567 39 8652 65 8727 10 8792 1 8813 6 8823 39 8908 45 8955 17 8985 8 9048 2 9069 6 9078 39 9164 43 9216 12 9241 9 9284 1 9304 3 9325 5 9334 39 9419 36 9458 4 9472 13 9497 10 9561 3 9581 4 9589 39 9675 36 9728 13 9753 10 9818 2 9830 2 9844 40 9931 35 9984 14 10009 10 10085 4 10101 38 10187 34 10240 15 10264 10 10318 1 10341 4 10358 36 10442 34 10496 17 10520 9 10614 36 10697 34 10752 18 10775 9 10797 2 10862 1 10871 35 10953 33 11008 18 11031 9 11052 4 11116 3 11128 18 11148 14 11208 32 11264 19 11287 9 11307 5 11360 1 11371 5 11384 18 11405 12 11464 31 11520 19 11543 8 11555 4 11563 5 11628 4 11635 22 11662 10 11720 31 11776 19 11800 3 11809 7 11819 5 11885 2 11889 24 11918 9 11976 30 12032 18 12064 9 12075 5 12145 24 12174 8 12232 31 12288 18 12319 10 12331 4 12401 25 12430 8 12488 31 12544 18 12575 11 12644 5 12658 26 12685 11 12745 30 12800 18 12831 11 12900 5 12914 40 13001 31 13056 17 13087 9 13157 3 13171 13 13187 24 13257 31 13312 17 13342 9 13428 11 13445 22 13513 32 13568 16 13597 9 13685 10 13702 21 13746 5 13769 33 13824 15 13853 7 13872 1 13942 9 13958 21 14001 7 14026 32 14078 16 14108 8 14127 2 14199 9 14214 20 14256 8 14282 32 14333 16 14363 11 14380 6 14457 7 14470 18 14510 11 14539 31 14587 17 14619 12 14635 8 14726 17 14765 11 14796 30 14840 19 14874 13 14890 9 14982 17 15021 11 15052 30 15094 17 15128 14 15145 11 15238 17 15281 5 15309 29 15350 15 15383 15 15400 12 15493 19 15565 29 15605 15 15639 15 15656 12 15749 18 15821 29 15861 15 15894 15 15912 12 16004 18 16078 18 16098 8 16117 14 16151 29 16259 18 16335 16 16355 7 16370 15 16407 30 16514 18 16593 14 16612 6 16624 16 16664 28 16770 19 16850 15 16867 7 16879 17 16920 20 16943 4 17026 19 17107 23 17134 18 17178 17 17282 19 17364 44 17436 15 17539 17 17621 43 17691 15 17795 17 17877 43 17947 15 18051 16 18132 44 18202 17 18306 17 18388 44 18458 17 18562 16 18644 44 18713 18 18789 6 18816 18 18900 44 18952 5 18969 18 19043 9 19071 18 19156 44 19206 14 19226 18 19298 10 19320 5 19327 18 19381 6 19412 44 19461 16 19482 18 19553 12 19574 26 19635 9 19669 4 19674 38 19716 18 19739 18 19808 13 19830 26 19891 10 19931 37 19972 18 19995 18 20062 15 20086 25 20146 12 20188 58 20251 19 20319 15 20342 10 20355 12 20402 13 20445 57 20507 19 20575 15 20599 8 20612 10 20657 15 20704 55 20761 22 20833 13 20857 4 20868 10 20913 15 20962 72 21038 3 21091 12 21125 9 21169 16 21221 68 21296 1 21347 14 21382 6 21424 17 21480 64 21603 17 21680 17 21738 62 21859 18 21935 18 21995 61 22114 20 22191 18 22252 60 22369 22 22447 18 22509 59 22625 13 22639 10 22702 19 22765 59 22881 12 22897 9 22958 19 23021 60 23137 11 23154 9 23213 21 23277 61 23394 11 23409 11 23468 22 23506 4 23533 62 23651 11 23663 13 23724 22 23761 6 23789 63 23907 25 23980 22 24016 7 24045 64 24164 24 24236 22 24270 9 24301 65 24420 24 24493 21 24525 11 24556 67 24679 22 24749 21 24781 12 24812 19 24832 49 24937 28 25005 20 25037 15 25068 18 25089 49 25186 1 25196 26 25261 19 25293 16 25324 16 25345 50 25453 25 25516 20 25549 17 25579 17 25601 37 25643 8 25710 24 25772 20 25805 19 25835 17 25857 31 25891 2 25899 7 25967 23 26028 19 26060 21 26091 17 26113 30 26155 5 26224 22 26284 18 26312 26 26348 16 26368 30 26412 1 26478 24 26540 17 26567 27 26605 13 26624 28 26732 26 26796 17 26823 28 26862 10 26880 27 26978 1 26986 28 27052 17 27078 29 27120 6 27136 26 27233 4 27240 30 27308 17 27334 30 27392 22 27487 7 27495 31 27564 17 27590 30 27646 24 27736 1 27741 41 27821 16 27845 31 27900 26 27992 2 27995 24 28025 11 28078 15 28100 32 28155 27 28192 1 28248 26 28335 13 28354 34 28411 27 28447 2 28505 24 28592 11 28609 35 28666 27 28701 5 28762 21 28848 10 28865 35 28922 31 28957 6 29018 20 29104 9 29121 36 29178 31 29213 7 29274 19 29360 8 29377 38 29434 32 29469 8 29524 1 29531 17 29617 6 29633 39 29689 33 29725 9 29755 2 29779 6 29787 14 29875 1 29888 42 29945 33 29982 9 30012 1 30028 1 30035 21 30144 49 30201 12 30215 19 30243 4 30268 1 30282 5 30290 22 30399 51 30458 9 30472 21 30500 3 30526 1 30538 6 30545 22 30655 52 30716 4 30728 22 30756 3 30782 2 30795 27 30910 53 30973 3 30984 9 30996 4 31001 5 31012 4 31038 3 31053 24 31166 53 31230 2 31240 7 31258 5 31268 5 31294 4 31313 18 31422 53 31497 5 31514 4 31524 5 31551 4 31570 17 31678 53 31754 2 31771 3 31780 5 31807 4 31820 3 31826 17 31935 39 31977 9 32027 4 32037 4 32052 3 32063 4 32075 5 32082 6 32090 9 32192 39 32233 10 32283 6 32292 5 32306 17 32330 6 32339 4 32347 7 32449 38 32491 8 32539 7 32548 4 32562 15 32586 6 32603 7 32706 49 32795 12 32817 15 32843 5 32859 7 32937 2 32962 17 32988 25 33051 10 33073 15 33115 7 33194 2 33219 15 33245 25 33303 2 33311 4 33329 11 33341 3 33348 3 33370 7 33450 2 33475 14 33501 28 33557 7 33567 5 33585 17 33603 4 33626 6 33732 13 33757 29 33813 16 33841 22 33882 5 33988 12 34013 30 34052 1 34068 18 34097 22 34138 4 34154 3 34244 11 34269 30 34306 4 34323 21 34348 4 34353 21 34384 3 34394 2 34409 5 34501 10 34525 30 34561 7 34579 21 34603 27 34640 5 34666 4 34757 10 34780 32 34816 10 34832 24 34859 23 34883 4 34896 6 34922 3 35013 10 35035 34 35073 11 35087 25 35115 23 35140 3 35152 6 35269 10 35291 3 35296 30 35329 39 35370 24 35408 7 35480 3 35489 2 35525 10 35546 4 35554 30 35585 39 35625 25 35664 9 35735 5 35744 4 35781 12 35802 6 35810 30 35842 63 35920 11 35990 15 36036 14 36059 6 36066 30 36098 37 36136 25 36176 11 36247 14 36291 16 36318 3 36323 29 36354 35 36392 25 36432 11 36503 15 36547 17 36575 2 36580 5 36590 18 36610 34 36649 23 36680 1 36690 9 36760 14 36802 19 36836 5 36848 16 36867 32 36906 15 36923 4 36932 6 36948 7 37017 13 37058 19 37091 7 37105 15 37124 31 37163 14 37187 8 37204 7 37274 12 37314 19 37347 7 37362 13 37383 27 37422 1 37425 8 37442 10 37453 2 37460 7 37530 12 37569 20 37603 7 37618 12 37639 26 37682 7 37698 13 37716 7 37786 13 37825 21 37859 8 37873 13 37896 1 37899 22 37938 7 37953 13 37971 8 38043 13 38081 24 38114 12 38128 15 38151 2 38155 22 38196 2 38209 13 38227 7 38298 14 38337 25 38370 13 38384 16 38406 3 38411 21 38464 14 38484 6 38554 14 38593 25 38626 30 38662 3 38667 21 38720 14 38740 5 38810 13 38849 6 38860 15 38881 31 38918 3 38924 19 38975 14 39049 2 39066 12 39093 3 39105 5 39118 15 39136 32 39174 3 39180 19 39232 9 39304 5 39321 13 39347 7 39361 5 39375 49 39435 20 39490 5 39559 9 39577 13 39603 8 39617 4 39632 37 39670 11 39691 21 39748 2 39814 12 39833 13 39859 9 39873 3 39892 46 39947 22 40070 13 40089 13 40116 11 40148 46 40203 22 40326 14 40345 14 40373 11 40405 45 40459 22 40582 14 40601 14 40630 10 40662 15 40680 25 40715 22 40838 14 40856 15 40886 11 40918 42 40971 21 41094 15 41112 16 41142 11 41175 5 41187 29 41228 18 41350 16 41368 16 41398 11 41442 30 41484 16 41606 16 41624 16 41654 11 41697 31 41743 12 41863 15 41880 16 41910 12 41953 31 42002 7 42118 16 42136 15 42165 13 42209 31 42374 16 42392 15 42421 13 42466 30 42629 16 42648 14 42677 13 42722 30 42885 17 42904 14 42934 12 42979 16 42996 12 43142 33 43191 12 43236 13 43254 10 43399 32 43447 12 43493 10 43511 9 43657 30 43704 13 43752 2 43768 8 43913 14 43929 13 43960 14 44024 8 44169 13 44185 12 44216 14 44280 8 44423 15 44441 12 44473 14 44537 7 44679 29 44730 13 44793 7 44935 29 44986 13 45049 7 45191 29 45242 13 45306 6 45448 28 45497 14 45562 6 45679 4 45704 27 45752 16 45818 6 45934 7 45961 26 46007 17 46065 3 46074 6 46189 10 46217 26 46262 17 46320 5 46329 7 46444 11 46473 27 46518 17 46575 7 46584 8 46698 13 46729 13 46746 10 46773 17 46831 7 46840 8 46953 14 46985 13 47003 9 47028 17 47088 16 47205 17 47229 3 47241 15 47259 9 47282 19 47345 15 47460 17 47484 5 47497 16 47517 7 47534 23 47602 14 47715 17 47740 6 47753 18 47774 6 47789 25 47858 14 47970 18 47995 7 48010 17 48032 3 48045 25 48114 14 48226 18 48251 6 48266 17 48300 25 48369 15 48387 4 48482 18 48508 2 48523 15 48556 25 48624 16 48643 5 48664 6 48738 18 48780 13 48812 24 48879 17 48899 7 48917 11 48970 1 48994 18 49037 10 49068 24 49135 17 49155 8 49171 16 49222 6 49250 4 49257 3 49263 5 49295 7 49324 25 49390 18 49411 10 49426 18 49477 8 49506 3 49513 3 49519 4 49552 5 49579 26 49646 18 49667 12 49681 21 49732 9 49768 5 49776 3 49810 3 49835 26 49902 18 49923 40 49988 10 50024 5 50068 1 50091 25 50157 63 50244 11 50279 7 50290 1 50346 25 50413 64 50499 13 50535 7 50546 1 50602 24 50631 3 50669 64 50754 14 50792 6 50858 25 50886 5 50924 42 50968 21 51010 14 51049 6 51114 26 51141 7 51180 19 51200 21 51224 5 51232 13 51265 15 51304 6 51314 1 51370 35 51436 18 51456 20 51481 3 51491 9 51520 17 51559 9 51569 2 51626 35 51692 16 51712 19 51747 10 51776 17 51813 11 51825 2 51882 35 51948 15 51971 15 52003 10 52033 16 52068 12 52081 2 52138 34 52204 15 52229 12 52259 10 52289 16 52324 15 52397 31 52460 14 52486 10 52514 11 52545 16 52580 15 52655 28 52716 14 52742 10 52770 10 52801 16 52836 14 52912 26 52972 13 52998 10 53026 10 53057 16 53092 14 53169 23 53228 13 53255 8 53283 8 53314 16 53349 13 53427 20 53485 12 53511 8 53539 7 53571 15 53605 13 53684 18 53715 7 53741 12 53768 6 53796 5 53829 12 53863 12 53941 17 53969 10 53998 11 54025 4 54053 3 54086 9 54120 17 54198 15 54224 12 54240 3 54255 10 54343 4 54377 5 54387 7 54454 14 54480 20 54512 10 54634 2 54643 7 54710 12 54736 22 54769 11 54899 6 54966 11 54989 26 55026 12 55154 7 55223 9 55243 30 55288 6 55411 5 55479 5 55497 32 55544 7 55667 5 55736 3 55752 10 55768 17 55801 6 55861 4 55914 3 55923 5 56008 10 56024 16 56060 4 56116 6 56169 4 56180 4 56257 1 56263 10 56280 14 56317 3 56372 7 56424 6 56436 4 56511 18 56534 15 56573 5 56628 7 56638 2 56680 6 56692 4 56766 19 56789 15 56830 5 56884 3 56936 6 57022 19 57044 18 57085 7 57193 4 57278 20 57300 19 57341 8 57533 21 57556 21 57597 8 57789 13 57805 29 57853 8 58045 13 58062 28 58109 8 58300 11 58319 1 58322 3 58332 15 58368 4 58552 15 58588 15 58624 2 58807 16 58844 16 59063 17 59100 16 59318 18 59357 15 59573 19 59603 4 59613 15 59828 20 59858 5 59869 6 59876 8 60084 20 60113 6 60125 7 60134 5 60337 23 60369 6 60382 6 60592 22 60616 2 60625 6 60639 5 60847 22 60872 3 60881 6 60896 4 60911 5 61103 23 61128 3 61153 2 61166 8 61358 29 61421 10 61614 29 61675 13 61858 4 61869 27 61919 1 61930 16 62115 2 62125 30 62159 3 62175 1 62185 17 62380 40 62431 1 62440 18 62636 40 62696 19 62892 22 62918 2 62922 9 62953 18 63149 20 63178 10 63209 17 63406 19 63435 10 63465 17 63663 19 63691 8 63722 14 63898 3 63920 22 63947 7 63978 14 64153 6 64177 33 64227 1 64234 13 64395 1 64408 8 64435 31 64482 21 64650 3 64663 10 64693 31 64737 22 64903 6 64918 12 64950 19 64970 11 64990 10 65003 12 65157 6 65174 12 65207 3 65214 11 65227 10 65245 11 65263 7 65412 6 65429 13 65473 8 65484 9 65500 12 65520 5
474754,17 7 65 6 75 14 107 6 140 2 171 7 189 5 224 11 242 5 254 2 273 8 321 7 331 15 350 1 363 6 426 8 446 3 481 9 499 3 511 1 529 9 555 2 577 25 603 6 619 5 681 9 738 7 785 10 810 4 834 32 872 4 935 11 995 4 1041 10 1065 6 1091 32 1127 5 1146 2 1190 12 1297 11 1321 7 1348 31 1383 6 1401 6 1445 12 1554 14 1576 8 1606 30 1638 7 1656 8 1702 11 1810 15 1832 8 1864 10 1878 23 1912 9 1958 10 2067 14 2088 8 2121 8 2135 22 2168 9 2195 5 2215 6 2323 15 2344 7 2377 7 2395 18 2426 8 2450 6 2473 1 2579 15 2601 6 2634 6 2652 17 2683 7 2706 5 2835 15 2859 4 2892 2 2909 16 2941 5 2964 1 3091 14 3117 2 3166 6 3174 7 3197 5 3348 12 3423 4 3431 6 3454 4 3604 7 3680 2 3687 6 3711 2 3861 4 3945 2 4117 3 4849 4 4868 5 5104 9 5123 6 5237 2 5360 11 5378 8 5491 5 5616 16 5634 8 5746 7 5872 16 5889 9 5906 4 6001 8 6128 16 6145 8 6161 6 6182 3 6203 4 6256 8 6286 3 6384 16 6401 8 6416 8 6438 4 6458 6 6511 8 6542 4 6640 16 6657 8 6672 9 6693 5 6713 7 6766 8 6788 4 6798 4 6896 16 6913 8 6927 11 6949 6 6969 8 7022 6 7044 5 7054 5 7152 16 7169 8 7183 12 7204 7 7224 13 7278 5 7300 5 7311 4 7324 4 7359 4 7408 16 7426 7 7439 12 7460 7 7479 20 7518 1 7535 3 7556 6 7568 2 7578 7 7614 6 7649 2 7659 1 7665 15 7682 7 7695 13 7716 8 7734 22 7774 3 7813 5 7833 8 7845 5 7869 7 7904 5 7915 4 7924 12 7938 8 7951 13 7972 8 7989 23 8029 5 8070 5 8087 10 8100 8 8125 8 8160 7 8168 10 8182 10 8195 7 8207 14 8228 8 8245 22 8285 6 8328 3 8342 12 8355 10 8381 8 8397 4 8415 19 8439 9 8451 7 8464 13 8484 9 8501 19 8541 7 8570 1 8597 24 8637 8 8653 7 8671 20 8696 8 8708 6 8723 9 8741 8 8758 17 8797 7 8825 2 8852 26 8893 8 8909 9 8926 13 8940 7 8952 8 8966 2 8981 6 8998 7 9021 10 9052 8 9080 4 9093 4 9107 27 9150 7 9165 9 9182 13 9197 6 9209 7 9238 4 9255 6 9277 11 9308 8 9336 4 9348 5 9363 27 9406 7 9421 10 9438 13 9454 4 9466 6 9512 4 9534 10 9564 9 9594 1 9603 7 9619 27 9662 7 9677 9 9695 12 9722 6 9790 9 9820 10 9855 11 9875 26 9919 6 9933 9 9952 11 9980 4 10046 8 10077 9 10110 12 10131 27 10176 4 10189 9 10214 5 10302 8 10334 8 10366 4 10371 6 10388 25 10446 7 10471 3 10559 6 10592 5 10622 4 10630 1 10644 24 10703 3 10816 4 10879 2 10900 21 11157 5 11163 13 11370 1 11414 2 11420 12 11625 3 11677 11 11864 1 11881 4 11933 11 12120 2 12137 4 12190 9 12376 1 12394 2 12412 3 12452 1 12667 5 12923 5 13180 3 14356 1 14610 5 14866 5 15053 1 15121 6 15307 6 15375 8 15404 2 15434 1 15562 9 15594 4 15630 9 15660 2 15690 3 15818 10 15849 6 15885 9 15916 2 15922 5 15945 5 16074 10 16105 7 16141 8 16171 2 16178 5 16201 6 16330 10 16361 6 16398 7 16427 2 16434 6 16457 6 16474 1 16587 9 16616 7 16655 4 16690 6 16712 7 16729 3 16843 9 16872 7 16946 5 16968 8 16985 3 17100 9 17127 8 17203 4 17225 7 17242 1 17356 9 17383 8 17393 3 17460 1 17481 6 17612 9 17639 8 17648 4 17740 2 17869 8 17896 11 18127 5 18152 10 18386 2 18408 10 18665 9 18923 7 19113 3 19181 4 19361 2 19368 4 19490 3 19616 5 19624 4 19746 3 19872 5 19881 3 20001 5 20129 4 20178 4 20258 3 20434 5 20514 2 20665 2 20689 7 20770 4 20919 5 20945 7 21026 6 21168 4 21174 7 21201 7 21281 7 21298 3 21424 13 21458 5 21537 7 21553 6 21680 13 21714 4 21793 7 21809 7 21899 3 21938 10 21992 3 22049 8 22064 9 22138 3 22154 5 22194 8 22246 6 22305 8 22320 10 22393 4 22410 6 22450 7 22501 7 22561 8 22576 10 22647 7 22666 6 22706 7 22756 8 22818 8 22833 9 22902 8 22922 6 22962 6 23012 8 23077 6 23089 9 23157 10 23179 5 23219 4 23268 8 23334 5 23346 8 23395 3 23413 10 23435 5 23524 8 23591 4 23604 6 23650 6 23668 12 23682 6 23690 6 23781 7 23848 2 23861 4 23906 6 23923 29 24038 6 24118 3 24161 7 24178 29 24295 5 24374 3 24417 7 24434 23 24460 3 24552 3 24673 6 24690 22 24817 5 24930 4 24946 22 25073 5 25203 10 25215 10 25329 5 25459 9 25472 9 25716 7 25729 8 25973 6 25986 6 26230 5 26243 5 26254 3 26486 4 26510 3 26743 2 29141 3 29395 6 29651 7 29907 7 30163 8 30420 8 30676 8 30836 1 30933 7 31091 3 31190 6 31346 4 31447 4 31602 4 31858 4 32115 2 33181 2 33435 6 33691 6 33946 7 34202 6 34459 4 36569 2 36823 8 37077 21 37333 23 37367 1 37588 27 37621 11 37823 5 37834 4 37844 29 37877 11 38077 20 38098 46 38332 68 38587 69 38842 70 39098 70 39353 71 39608 72 39863 73 39998 1 40056 1 40118 74 40251 6 40310 6 40373 75 40503 14 40539 2 40566 7 40628 76 40758 15 40793 4 40821 9 40833 9 40883 77 41014 15 41048 5 41077 22 41138 78 41270 14 41302 7 41333 22 41394 78 41526 13 41557 8 41583 4 41589 22 41649 79 41781 11 41812 7 41839 5 41845 22 41905 79 42026 8 42036 11 42068 5 42095 5 42101 22 42161 79 42282 21 42324 4 42350 6 42357 22 42418 78 42538 21 42582 1 42606 6 42613 22 42675 77 42793 23 42862 6 42869 21 42931 77 43049 23 43075 5 43118 24 43187 77 43305 32 43373 25 43442 78 43561 33 43622 1 43629 25 43698 78 43817 33 43870 1 43878 1 43885 24 43954 44 44003 29 44074 32 44123 7 44141 22 44210 44 44260 28 44330 33 44378 10 44396 22 44465 45 44517 27 44566 4 44581 38 44632 13 44652 20 44720 46 44777 23 44821 6 44835 41 44887 14 44908 18 44975 47 45035 21 45077 7 45090 42 45142 16 45164 15 45231 46 45292 20 45332 10 45345 44 45398 16 45420 14 45486 48 45549 19 45587 58 45654 17 45677 9 45741 50 45805 10 45819 5 45843 58 45910 16 45933 6 45988 1 45996 52 46061 9 46076 4 46098 59 46167 15 46242 63 46309 17 46332 4 46350 63 46424 13 46491 90 46588 4 46606 64 46681 12 46698 2 46745 90 46842 6 46862 64 46940 9 46952 5 46995 96 47098 6 47118 64 47199 14 47247 100 47353 7 47374 63 47458 11 47502 101 47608 8 47630 54 47686 7 47714 11 47758 102 47864 8 47886 53 47943 5 47969 12 48014 103 48120 8 48142 52 48225 12 48270 105 48376 8 48397 53 48481 14 48526 113 48652 53 48736 16 48782 112 48907 54 48993 16 49039 110 49163 54 49249 16 49296 109 49418 54 49506 15 49558 102 49674 54 49762 15 49814 103 49929 54 50018 15 50070 104 50185 53 50274 14 50322 108 50441 52 50530 14 50577 110 50697 6 50705 44 50787 11 50831 112 50953 5 50961 44 51043 5 51087 113 51209 5 51218 43 51342 114 51466 3 51473 44 51598 114 51729 44 51856 112 51984 46 52114 110 52236 28 52267 19 52372 108 52492 26 52525 19 52629 107 52747 26 52781 20 52886 106 53003 25 53038 20 53142 106 53259 24 53294 21 53398 106 53516 22 53550 21 53655 105 53774 20 53806 22 53911 21 53933 83 54031 18 54064 1 54068 16 54167 19 54191 81 54288 17 54324 16 54423 16 54448 80 54544 16 54581 15 54679 15 54705 78 54800 15 54837 14 54935 8 54961 78 55046 4 55056 15 55094 13 55134 4 55191 7 55217 78 55302 5 55312 15 55350 11 55388 7 55447 7 55472 80 55557 8 55568 15 55611 4 55643 8 55703 8 55726 82 55813 9 55824 15 55851 6 55863 8 55897 11 55959 8 55981 83 56069 10 56080 14 56105 10 56117 10 56148 16 56214 10 56237 83 56325 10 56337 13 56360 23 56405 15 56471 9 56492 84 56581 10 56594 11 56613 25 56662 14 56727 10 56743 3 56747 85 56836 11 56852 9 56868 24 56921 12 56983 10 56998 90 57091 11 57109 7 57123 25 57178 11 57240 2 57243 5 57253 36 57292 51 57344 13 57366 5 57379 24 57434 12 57494 10 57509 36 57549 49 57600 12 57635 24 57690 12 57749 11 57765 36 57804 49 57856 11 57891 23 57946 11 58003 13 58022 87 58112 10 58146 24 58203 10 58257 15 58278 7 58291 44 58336 28 58368 10 58402 24 58460 10 58511 17 58535 7 58547 72 58624 9 58638 3 58657 25 58717 9 58765 18 58791 7 58803 59 58868 6 58880 9 58893 5 58913 33 58973 8 59017 21 59046 9 59059 59 59136 9 59149 5 59168 37 59229 8 59272 22 59302 10 59314 60 59392 9 59405 5 59424 39 59486 7 59528 26 59557 46 59604 27 59648 8 59661 4 59680 40 59744 5 59784 73 59860 21 59882 5 59891 1 59904 8 59917 4 59936 40 60002 3 60040 72 60116 21 60138 5 60147 1 60155 3 60160 8 60173 4 60192 44 60297 45 60345 22 60372 21 60394 2 60403 1 60408 6 60416 7 60429 3 60448 45 60554 43 60600 23 60628 21 60659 1 60666 4 60672 6 60686 1 60704 45 60811 38 60850 2 60855 24 60884 21 60915 1 60922 3 60927 5 60960 45 61066 38 61111 50 61178 3 61217 43 61322 36 61364 53 61435 1 61474 42 61577 36 61619 53 61732 40 61831 38 61874 19 61896 31 61987 41 62083 18 62104 20 62129 20 62150 33 62188 9 62243 41 62338 18 62360 19 62384 18 62405 26 62432 7 62441 12 62477 3 62498 41 62592 19 62616 19 62639 17 62661 34 62696 13 62727 10 62753 41 62800 4 62847 20 62873 17 62895 16 62916 19 62936 13 62951 15 62983 11 63008 42 63055 6 63091 6 63103 21 63132 13 63150 17 63172 49 63237 14 63264 41 63311 7 63345 9 63358 22 63390 10 63404 19 63427 28 63457 8 63466 11 63493 15 63519 43 63567 9 63600 37 63646 12 63660 51 63714 7 63722 11 63741 3 63748 16 63775 43 63823 10 63855 39 63901 65 63970 7 63978 11 63997 3 64004 16 64032 42 64079 11 64110 112 64226 6 64235 9 64253 3 64259 17 64288 42 64335 11 64366 112 64482 5 64491 9 64509 3 64515 17 64545 40 64591 12 64622 112 64739 3 64749 7 64766 2 64771 17 64805 35 64847 12 64879 111 64995 3 65006 6 65023 1 65027 16 65061 35 65103 12 65136 101 65238 8 65262 6 65279 1 65283 16 65321 30 65358 13 65393 99 65495 6 65502 2 65518 6
478603,0 65536
487585,1 24 46 3 56 3 123 37 214 21 252 4 257 25 303 1 313 2 379 37 470 21 509 3 514 24 559 1 569 2 635 37 727 20 766 2 770 24 814 2 891 36 984 20 1023 1 1026 25 1070 1 1094 1 1148 35 1241 20 1279 1 1281 26 1326 1 1350 3 1405 9 1415 24 1497 21 1535 29 1582 1 1606 4 1611 2 1663 6 1673 22 1753 22 1782 4 1789 32 1837 2 1862 7 1921 3 1931 20 2009 24 2037 40 2092 3 2118 7 2191 16 2261 71 2374 7 2448 14 2515 73 2589 3 2601 2 2629 8 2704 13 2768 83 2857 2 2866 2 2885 8 2962 10 3020 87 3114 1 3121 3 3141 8 3219 9 3275 88 3376 3 3397 8 3475 8 3529 90 3632 2 3653 8 3732 6 3783 92 3909 8 3989 3 4038 86 4127 4 4164 9 4294 85 4384 3 4420 8 4550 85 4640 3 4676 8 4806 84 4897 4 4932 7 4995 2 5062 85 5152 5 5189 5 5251 2 5318 41 5360 45 5407 7 5420 1 5446 4 5507 2 5574 95 5676 3 5702 3 5830 95 5932 4 5958 2 6086 95 6188 4 6342 95 6444 4 6599 93 6699 4 6857 91 6954 6 7116 88 7209 8 7373 86 7464 9 7494 2 7630 85 7720 10 7749 5 7887 84 7978 9 8005 6 8144 83 8234 10 8261 7 8400 80 8491 10 8517 9 8656 79 8748 11 8773 10 8912 75 9003 13 9029 10 9168 73 9259 15 9285 11 9416 2 9424 73 9515 18 9540 12 9671 5 9680 72 9771 22 9795 12 9824 3 9927 5 9937 71 10028 33 10079 4 10183 5 10194 70 10284 30 10335 5 10439 6 10450 70 10540 30 10592 4 10695 6 10707 69 10779 6 10796 30 10848 5 10951 6 10963 79 11054 8 11063 4 11068 14 11104 6 11207 6 11220 79 11311 7 11320 2 11325 12 11360 7 11463 6 11477 78 11567 7 11575 2 11581 12 11615 9 11719 6 11734 77 11823 7 11831 2 11837 12 11871 10 11975 5 11991 1 11994 72 12078 12 12093 12 12128 9 12231 5 12252 69 12333 14 12349 12 12384 10 12487 5 12501 1 12508 70 12588 29 12641 9 12743 5 12764 70 12843 15 12859 13 12898 8 12999 5 13019 34 13054 36 13099 11 13117 7 13154 8 13256 2 13275 34 13312 34 13355 11 13373 6 13410 8 13531 34 13568 33 13610 15 13629 6 13666 8 13792 28 13824 33 13866 15 13885 6 13921 10 14049 27 14080 33 14122 16 14141 7 14177 10 14306 25 14336 33 14378 16 14396 8 14433 11 14563 24 14592 34 14634 27 14689 11 14821 21 14848 35 14890 27 14921 4 14945 3 14949 7 15078 19 15104 26 15132 7 15145 28 15176 5 15201 3 15206 5 15336 18 15360 24 15389 7 15401 27 15431 6 15457 3 15464 1 15593 17 15616 24 15644 8 15656 25 15686 7 15713 3 15787 6 15850 16 15872 6 15879 16 15900 36 15941 7 15956 4 15969 4 16042 8 16107 15 16127 7 16136 3 16141 11 16156 35 16197 7 16212 5 16224 6 16232 5 16295 12 16363 10 16383 7 16398 11 16412 35 16453 6 16467 7 16480 14 16550 14 16620 9 16639 7 16654 11 16668 34 16709 6 16722 8 16733 17 16804 16 16876 9 16896 7 16910 12 16925 33 16965 6 16977 30 17058 18 17132 8 17152 11 17166 12 17183 32 17220 8 17233 29 17310 22 17389 7 17408 13 17423 11 17440 31 17476 8 17489 29 17564 24 17645 7 17664 26 17695 33 17729 11 17745 27 17819 26 17901 7 17917 30 17951 45 18001 26 18075 26 18158 6 18173 30 18206 47 18257 10 18269 13 18330 26 18415 5 18428 8 18437 22 18462 47 18513 9 18526 12 18586 26 18672 4 18683 8 18694 21 18717 49 18770 6 18782 13 18841 26 18929 2 18939 7 18950 20 18973 50 19028 3 19039 12 19097 24 19195 8 19205 21 19231 47 19295 13 19352 26 19456 26 19488 45 19551 13 19606 28 19712 25 19745 43 19806 14 19861 30 19968 24 20002 42 20062 14 20117 30 20211 1 20224 23 20258 41 20318 14 20373 30 20480 22 20515 38 20574 14 20629 29 20736 21 20771 36 20831 13 20888 26 20992 19 21028 10 21039 23 21088 11 21148 21 21221 1 21248 18 21285 8 21297 20 21345 10 21404 21 21504 16 21541 7 21554 10 21565 6 21601 9 21660 20 21760 16 21798 6 21811 9 21857 8 21916 20 22016 17 22054 5 22068 7 22099 3 22103 7 22111 9 22171 19 22272 17 22310 5 22326 2 22353 23 22428 11 22443 1 22528 18 22567 3 22609 23 22688 2 22753 7 22784 18 22864 25 23009 8 23029 4 23040 18 23119 26 23257 1 23264 9 23284 8 23296 18 23374 27 23513 1 23521 9 23539 9 23551 19 23630 27 23769 1 23777 9 23793 12 23807 18 23886 27 24035 7 24048 13 24063 18 24141 27 24292 5 24302 15 24318 18 24398 26 24539 1 24549 4 24555 37 24654 27 24794 6 24807 1 24810 39 24910 28 25050 6 25064 41 25166 28 25266 2 25277 1 25305 7 25317 1 25320 40 25423 28 25521 5 25562 5 25574 42 25679 30 25777 11 25819 3 25830 41 25936 31 26033 12 26076 2 26085 42 26195 28 26290 13 26340 42 26452 28 26546 13 26587 3 26596 41 26709 27 26739 4 26803 12 26842 6 26851 41 26966 34 27060 10 27097 8 27106 41 27222 35 27300 3 27317 9 27353 8 27362 40 27479 35 27555 5 27573 8 27584 2 27608 9 27618 39 27684 8 27736 35 27810 8 27829 1 27832 4 27839 3 27863 10 27874 39 27937 11 27954 1 27992 35 28047 6 28059 15 28085 1 28088 4 28096 3 28116 53 28190 15 28208 5 28249 35 28297 13 28312 20 28339 3 28344 4 28352 5 28358 2 28370 56 28444 18 28486 3 28504 36 28550 15 28567 21 28593 6 28600 4 28610 8 28623 62 28699 19 28742 5 28760 36 28804 15 28823 18 28847 8 28856 5 28866 29 28897 45 28954 20 28997 7 29015 41 29060 12 29079 10 29092 4 29103 15 29122 28 29152 47 29209 21 29252 9 29271 43 29317 9 29334 9 29360 46 29408 53 29465 22 29507 11 29527 43 29574 3 29590 9 29617 1 29619 3 29624 35 29660 2 29664 79 29763 12 29783 44 29845 10 29881 34 29920 79 30019 13 30037 50 30101 10 30132 2 30136 37 30175 81 30269 20 30291 53 30356 10 30388 5 30400 112 30524 77 30611 12 30643 5 30657 111 30780 77 30867 13 30898 5 30914 109 31036 77 31123 13 31154 6 31167 110 31291 77 31380 12 31410 6 31421 111 31546 77 31636 13 31666 4 31676 12 31693 94 31801 51 31853 22 31893 20 31932 11 31951 91 32057 51 32110 20 32149 4 32163 8 32188 11 32209 88 32312 51 32366 8 32377 8 32406 1 32420 8 32443 12 32466 88 32568 51 32621 9 32632 11 32676 8 32699 13 32722 91 32823 51 32876 8 32887 14 32933 7 32948 2 32955 14 32975 26 33005 65 33078 80 33190 4 33204 3 33211 13 33230 27 33262 65 33330 22 33353 37 33391 26 33460 20 33483 31 33519 64 33585 23 33610 35 33647 29 33717 19 33738 32 33777 3 33782 82 33868 32 33904 30 33973 3 33980 11 33994 33 34040 80 34127 29 34160 31 34229 3 34236 11 34248 35 34297 79 34387 7 34395 17 34416 31 34474 1 34486 2 34492 17 34510 2 34514 26 34554 78 34643 6 34652 16 34671 15 34688 16 34729 3 34738 7 34748 16 34771 16 34789 7 34811 77 34898 7 34908 16 34927 15 34945 15 34968 5 34981 7 34992 10 35004 16 35028 15 35045 7 35072 71 35154 6 35164 33 35206 10 35224 19 35247 11 35260 17 35288 6 35296 2 35304 4 35328 71 35410 6 35420 32 35462 10 35478 21 35503 33 35545 1 35560 3 35584 71 35666 6 35676 32 35719 8 35734 21 35759 34 35816 4 35840 75 35923 4 35932 31 35975 5 35990 20 36016 32 36070 6 36097 76 36188 32 36232 2 36247 20 36272 32 36313 6 36324 9 36356 18 36377 53 36445 31 36503 20 36529 32 36567 10 36580 9 36614 16 36634 53 36701 31 36747 4 36760 19 36785 32 36821 13 36836 10 36871 14 36890 54 36957 17 36975 13 37001 8 37015 20 37041 61 37128 12 37146 55 37213 31 37257 9 37271 20 37297 14 37313 46 37385 11 37400 57 37469 31 37513 9 37527 20 37553 13 37569 47 37642 72 37725 33 37769 10 37782 21 37809 13 37825 47 37905 66 37976 4 37981 33 38025 33 38064 14 38081 13 38096 33 38161 67 38231 5 38237 33 38281 33 38320 15 38336 49 38417 59 38477 7 38488 39 38537 33 38574 57 38634 8 38674 56 38734 7 38744 39 38794 33 38828 17 38847 40 38890 7 38930 56 38990 8 39000 2 39003 14 39020 16 39048 1 39051 48 39103 40 39147 6 39186 56 39247 10 39261 10 39279 13 39303 3 39307 48 39356 43 39403 6 39440 39 39483 16 39503 11 39517 7 39536 11 39556 6 39563 21 39586 24 39612 45 39660 6 39694 41 39740 15 39761 8 39774 6 39792 11 39812 6 39819 95 39916 6 39950 41 39996 14 40017 7 40031 4 40049 11 40064 9 40075 103 40205 42 40253 13 40273 7 40288 3 40304 14 40319 9 40330 104 40461 44 40511 13 40529 6 40544 3 40560 24 40585 99 40687 3 40717 44 40767 16 40785 3 40800 3 40815 125 40973 44 41023 17 41055 4 41070 126 41229 32 41265 9 41279 18 41310 5 41325 128 41485 31 41522 7 41535 19 41566 6 41581 76 41658 51 41741 31 41779 5 41792 18 41822 6 41837 75 41914 51 41997 32 42035 5 42048 18 42078 144 42253 32 42292 3 42305 16 42334 149 42509 31 42548 3 42561 16 42589 15 42605 135 42766 29 42818 15 42845 15 42861 128 42990 6 43023 25 43080 3 43085 4 43103 17 43121 124 43248 4 43279 24 43318 1 43341 3 43360 15 43377 69 43448 53 43504 3 43534 24 43573 3 43592 1 43597 3 43617 12 43633 69 43706 51 43760 2 43790 24 43828 4 43875 9 43888 70 43962 51 44045 25 44083 5 44130 10 44143 71 44219 49 44300 26 44339 5 44386 9 44399 72 44474 49 44556 26 44594 6 44642 9 44655 120 44777 1 44786 2 44811 27 44850 5 44898 9 44911 119 45041 3 45067 26 45107 4 45153 10 45167 114 45287 1 45297 3 45324 25 45358 2 45363 3 45409 10 45423 114 45553 3 45580 25 45613 5 45619 2 45665 11 45677 75 45754 39 45808 4 45837 23 45869 8 45922 86 46010 40 46064 3 46093 23 46124 8 46179 65 46246 17 46264 43 46320 3 46348 23 46380 7 46436 15 46455 42 46501 62 46575 3 46604 23 46637 4 46693 14 46712 41 46755 64 46831 3 46860 22 46893 2 46950 12 46968 107 47087 3 47116 21 47148 2 47208 10 47223 108 47343 3 47373 19 47404 2 47465 9 47476 2 47479 108 47629 19 47658 4 47722 121 47872 2 47886 18 47912 6 47978 6 47985 114 48128 5 48142 18 48167 7 48234 121 48384 8 48398 19 48423 7 48490 121 48623 1 48640 8 48653 20 48679 7 48746 120 48877 4 48896 8 48908 21 48934 8 49002 8 49011 110 49132 7 49152 7 49164 21 49190 8 49258 118 49388 10 49408 6 49419 22 49446 8 49514 5 49523 108 49644 12 49664 5 49675 22 49702 7 49770 5 49780 106 49900 13 49921 2 49930 23 49959 6 50004 1 50025 6 50037 92 50134 7 50155 14 50184 25 50216 3 50260 2 50280 8 50294 90 50393 3 50412 12 50439 25 50474 1 50516 1 50536 9 50550 87 50668 12 50692 22 50791 10 50806 86 50922 13 50947 21 51047 11 51062 85 51176 14 51202 22 51243 4 51304 99 51432 14 51457 23 51499 5 51560 99 51687 16 51712 24 51755 6 51817 101 51943 16 51968 24 52011 6 52046 1 52074 101 52198 18 52224 25 52268 5 52277 4 52302 3 52318 3 52330 101 52456 16 52480 25 52531 7 52557 6 52572 6 52589 99 52715 14 52736 25 52788 6 52812 7 52827 7 52848 95 52971 13 52992 26 53044 5 53067 10 53081 10 53104 94 53229 11 53248 26 53282 3 53299 6 53323 24 53362 91 53504 8 53513 18 53535 7 53555 6 53578 25 53625 84 53733 3 53760 8 53770 29 53812 5 53824 1 53832 27 53881 84 53986 7 54016 9 54027 28 54068 6 54079 4 54088 26 54137 85 54241 9 54273 39 54323 7 54335 5 54344 25 54392 87 54484 3 54496 11 54529 40 54575 12 54591 7 54599 24 54648 96 54751 12 54785 40 54830 14 54847 5 54855 5 54861 18 54904 98 55006 13 55041 41 55085 15 55104 1 55113 3 55118 17 55159 101 55261 14 55296 42 55340 15 55373 18 55413 116 55552 42 55595 14 55628 20 55668 10 55680 49 55732 52 55808 40 55851 13 55884 21 55924 10 55935 50 55989 13 56003 35 56064 40 56107 12 56140 23 56180 10 56191 50 56245 12 56260 34 56320 39 56363 11 56397 23 56436 61 56502 10 56518 31 56576 39 56618 10 56646 6 56654 23 56691 62 56759 9 56777 28 56833 38 56873 12 56900 33 56946 66 57017 6 57035 26 57090 37 57129 13 57156 34 57200 69 57292 4 57301 15 57346 11 57359 25 57385 14 57412 35 57456 70 57559 8 57568 5 57602 11 57617 38 57667 37 57712 70 57818 3 57825 4 57859 11 57872 40 57923 38 57967 72 58082 2 58117 52 58178 40 58223 72 58373 101 58478 73 58628 30 58661 35 58697 34 58734 75 58885 28 58917 36 58955 33 58990 76 59141 27 59173 36 59212 32 59245 15 59262 4 59267 56 59397 27 59429 36 59469 30 59502 13 59524 56 59654 25 59685 36 59725 30 59759 11 59781 56 59908 27 59941 37 59980 22 60003 7 60015 10 60037 56 60163 28 60197 58 60264 1 60272 7 60293 56 60419 28 60452 58 60529 3 60549 56 60675 28 60705 61 60805 56 60932 27 60962 61 61061 56 61189 26 61218 62 61317 56 61444 27 61477 60 61573 15 61589 40 61700 26 61733 42 61778 15 61829 14 61846 39 61956 25 61989 41 62033 20 62058 3 62086 9 62102 7 62112 30 62212 22 62245 41 62289 30 62343 7 62357 5 62368 30 62467 24 62498 44 62545 31 62580 3 62598 8 62615 3 62625 31 62722 25 62752 46 62802 9 62813 29 62852 10 62872 2 62881 32 62977 29 63008 8 63020 2 63023 33 63057 9 63072 31 63107 12 63139 31 63233 29 63267 3 63280 32 63313 8 63329 46 63396 31 63488 28 63536 36 63573 4 63585 47 63653 31 63744 21 63768 3 63793 35 63840 4 63845 43 63910 6 63917 23 64000 27 64048 36 64096 49 64165 11 64177 20 64256 26 64303 37 64351 51 64421 9 64433 20 64512 25 64561 35 64608 50 64678 1 64689 20 64768 23 64817 35 64869 46 64945 20 65024 21 65073 35 65119 43 65164 8 65200 21 65281 18 65328 36 65370 1 65375 42 65421 8 65434 6 65448 2 65454 23
487629,0 15 37 4 56 4 65 8 76 11 94 39 253 18 293 4 312 3 321 25 350 32 383 6 511 16 548 6 577 26 606 16 624 13 642 3 768 15 801 10 833 26 862 15 880 11 1024 15 1052 15 1089 26 1119 13 1136 10 1158 1 1280 14 1307 16 1345 26 1375 13 1392 10 1413 3 1536 13 1563 16 1601 26 1630 14 1647 11 1669 4 1771 1 1792 13 1819 16 1858 26 1885 15 1903 10 1925 4 2048 12 2075 16 2115 40 2159 9 2181 4 2304 12 2331 15 2372 37 2416 7 2437 4 2560 11 2586 16 2628 35 2674 2 2816 11 2837 20 2885 34 2963 2 3055 1 3072 10 3090 22 3141 35 3218 3 3311 1 3328 10 3344 23 3398 34 3474 3 3584 10 3599 22 3654 35 3730 2 3840 9 3854 21 3910 35 4096 2 4101 3 4110 19 4167 34 4366 18 4423 34 4623 16 4679 34 4880 12 4935 33 5137 9 5191 9 5202 22 5392 8 5447 7 5463 16 5648 7 5704 5 5720 15 5873 3 5902 9 5960 5 5976 14 6128 3 6157 10 6217 4 6233 13 6383 4 6412 14 6473 3 6489 7 6497 4 6639 4 6668 16 6729 3 6748 1 6896 3 6923 19 6986 1 7179 20 7242 1 7435 20 7488 4 7692 19 7743 8 7949 18 7998 11 8212 11 8253 13 8469 7 8509 13 8727 4 8765 14 9020 16 9277 16 9471 1 9534 16 9725 3 9791 15 9836 3 9869 2 9981 3 10048 14 10090 6 10125 2 10237 3 10304 14 10345 7 10356 3 10381 2 10493 1 10560 12 10601 14 10628 2 10632 6 10816 9 10858 14 10878 15 11072 8 11115 13 11132 10 11143 4 11328 8 11374 10 11385 9 11584 7 11630 8 11641 9 11840 7 11886 7 11897 8 12013 1 12098 4 12143 5 12154 7 12296 2 12399 5 12410 7 12418 1 12551 4 12656 3 12666 9 12730 1 12807 4 12913 1 12922 9 12982 5 13063 4 13178 6 13238 5 13259 2 13319 4 13434 6 13493 6 13515 4 13575 4 13681 2 13689 6 13748 5 13776 3 13832 3 13934 7 13944 7 14004 4 14032 4 14188 8 14200 2 14203 3 14219 3 14260 4 14286 6 14295 11 14308 6 14444 9 14456 2 14460 2 14464 2 14468 1 14472 6 14542 7 14550 24 14700 14 14715 7 14723 2 14728 7 14772 2 14797 34 14956 35 15028 2 15053 37 15213 19 15236 11 15309 37 15470 18 15493 10 15566 38 15728 31 15787 5 15825 37 15986 4 15995 20 16036 12 16082 38 16254 17 16280 4 16290 17 16337 39 16445 2 16511 16 16533 11 16545 18 16593 40 16700 5 16766 16 16787 33 16849 46 16955 6 17022 15 17041 36 17106 46 17211 6 17277 16 17297 36 17361 47 17466 6 17522 4 17531 18 17553 40 17617 8 17626 38 17723 4 17777 7 17785 20 17809 30 17840 4 17845 6 17874 11 17886 34 17980 1 18033 29 18065 27 18101 7 18133 7 18142 34 18288 30 18321 26 18357 7 18375 6 18390 7 18398 34 18543 32 18578 24 18613 7 18629 9 18646 9 18656 32 18799 33 18833 25 18869 7 18884 10 18900 9 18913 31 19055 58 19125 7 19139 12 19156 9 19171 27 19310 10 19321 21 19344 24 19380 7 19395 11 19412 10 19428 27 19565 9 19585 12 19600 24 19634 9 19652 9 19667 13 19685 26 19820 8 19839 13 19856 24 19888 11 19908 10 19924 12 19940 28 20075 8 20095 12 20112 24 20142 7 20151 4 20164 10 20180 44 20331 8 20350 13 20367 25 20399 6 20421 9 20437 10 20450 24 20587 8 20605 14 20623 26 20655 6 20677 3 20683 3 20696 7 20706 24 20844 7 20862 14 20878 28 20911 6 20934 2 20938 6 20951 7 20961 24 21101 6 21118 44 21168 5 21174 4 21191 9 21207 6 21216 24 21358 5 21374 44 21424 11 21446 11 21465 1 21473 23 21614 6 21630 44 21683 9 21697 16 21729 22 21871 4 21886 44 21935 14 21952 17 21976 2 21984 23 22106 1 22128 3 22145 41 22189 35 22231 5 22240 23 22384 3 22401 40 22445 34 22486 33 22642 1 22657 38 22701 30 22741 34 22913 36 22957 30 22996 36 23168 33 23213 29 23251 32 23284 5 23423 35 23470 16 23488 9 23507 32 23540 6 23676 38 23727 4 23736 5 23745 5 23767 36 23930 38 24001 6 24029 30 24157 3 24185 37 24256 7 24292 11 24304 12 24413 2 24441 36 24513 7 24545 14 24560 11 24670 1 24674 1 24678 1 24697 15 24718 14 24769 8 24800 6 24808 3 24812 2 24816 11 24924 3 24930 1 24934 2 24953 11 24973 16 25025 8 25047 1 25055 11 25072 10 25180 3 25189 5 25210 9 25229 16 25281 8 25301 4 25310 11 25327 4 25332 4 25436 3 25443 7 25466 9 25484 15 25537 8 25559 2 25568 9 25581 6 25590 2 25694 1 25699 8 25722 8 25738 16 25785 3 25793 7 25815 2 25826 7 25836 8 25847 1 25955 8 25978 8 25994 16 26041 3 26050 4 26083 4 26091 4 26099 1 26212 8 26234 8 26249 13 26307 2 26321 1 26339 1 26346 4 26469 8 26490 8 26505 13 26552 3 26729 4 26747 7 26762 11 26808 4 26972 1 26982 7 27003 8 27018 10 27064 4 27198 4 27226 4 27238 4 27244 1 27260 7 27274 9 27453 7 27482 4 27494 4 27517 6 27530 9 27574 2 27708 11 27739 3 27750 4 27774 2 27778 1 27786 4 27792 2 27828 4 27965 15 28006 4 28034 1 28043 7 28085 3 28222 16 28261 4 28301 5 28341 4 28479 9 28489 8 28510 1 28517 4 28557 5 28597 1 28736 5 28747 6 28766 1 28773 4 28812 6 29004 4 29029 4 29285 4 29437 1 29541 4 29693 2 29797 4 29947 5 30053 4 30204 4 30309 3 30460 4 30566 2 30717 1 30822 3 32335 5 32360 2 32584 14 32616 2 32840 23 32872 2 33096 24 33352 25 33381 2 33608 26 33636 3 33864 30 34122 2 34125 25 34385 20 34642 17 34898 16 35107 2 35155 14 35360 9 35412 12 35614 11 35670 9 35837 1 35868 14 35929 4 35944 1 36091 4 36104 3 36112 3 36124 14 36199 3 36346 6 36355 19 36380 14 36454 5 36602 6 36610 21 36636 14 36710 5 36857 7 36866 22 36893 14 36965 6 37099 5 37113 7 37123 21 37149 15 37221 6 37354 6 37369 7 37379 22 37405 15 37479 4 37609 8 37626 6 37635 23 37662 15 37736 1 37865 8 37882 6 37891 23 37920 13 38121 8 38137 7 38147 4 38153 19 38176 13 38378 7 38391 9 38410 36 38636 3 38647 9 38669 33 38903 12 38925 33 39159 11 39182 16 39201 13 39415 2 39418 7 39439 6 39448 5 39458 12 39668 2 39674 6 39696 5 39705 4 39715 11 39921 14 39951 6 39962 3 39971 11 40175 15 40208 6 40227 11 40326 1 40430 16 40464 8 40482 11 40564 2 40568 1 40572 2 40582 2 40586 1 40687 16 40721 7 40739 11 40819 6 40827 5 40838 5 40854 4 40870 1 40943 16 40978 6 40997 10 41075 7 41083 6 41094 4 41108 8 41124 3 41202 12 41234 6 41255 9 41332 14 41349 4 41363 21 41455 1 41458 11 41491 5 41512 8 41593 16 41619 21 41710 11 41723 1 41749 2 41769 8 41850 15 41879 18 41965 11 42027 6 42107 14 42136 5 42143 3 42148 6 42221 11 42286 3 42364 14 42393 2 42407 6 42477 6 42487 1 42622 2 42629 9 42642 1 42665 3 42887 13 42905 2 43144 21 43402 19 43658 20 43915 19 43982 2 43997 7 44171 19 44238 3 44252 9 44286 2 44427 19 44494 4 44507 13 44537 7 44683 19 44725 1 44751 3 44761 16 44793 7 44938 19 44980 4 45017 17 45048 8 45194 19 45236 4 45273 20 45304 6 45449 20 45475 6 45482 1 45529 21 45559 3 45705 20 45728 13 45787 17 45814 3 45961 37 46044 16 46063 1 46069 2 46217 37 46301 16 46318 2 46475 36 46558 15 46574 2 46655 1 46732 36 46815 16 46911 2 46989 36 47073 15 47167 2 47244 37 47329 17 47423 2 47500 38 47585 17 47679 1 47738 1 47750 4 47757 38 47843 16 47870 2 47992 6 48005 6 48013 38 48101 1 48103 12 48125 3 48248 6 48259 9 48269 34 48361 10 48382 2 48504 8 48514 44 48617 10 48639 1 48760 54 48872 12 49015 45 49065 4 49128 12 49171 2 49271 45 49322 2 49384 11 49425 4 49527 28 49558 7 49578 1 49640 11 49682 2 49782 28 49814 7 49834 1 49897 9 50038 27 50071 5 50091 1 50153 8 50293 28 50328 4 50347 2 50410 6 50548 29 50584 4 50603 3 50802 31 50840 5 50859 3 51057 32 51097 4 51115 4 51313 32 51353 4 51371 4 51569 33 51609 4 51628 4 51782 3 51825 33 51865 3 51886 2 52038 3 52081 35 52120 4 52142 2 52294 3 52337 42 52398 2 52549 4 52590 2 52593 42 52655 1 52805 5 52846 1 52850 40 53061 5 53105 41 53318 4 53361 40 53574 4 53616 22 53640 10 53830 3 53871 22 53897 6 54086 1 54127 21 54154 4 54342 1 54381 22 54598 1 54635 18 54890 20 55063 7 55145 16 55164 2 55316 12 55401 17 55420 2 55423 2 55571 15 55618 1 55656 18 55676 5 55828 14 55873 3 55912 20 55936 1 56064 1 56084 14 56099 2 56128 4 56167 21 56320 1 56341 11 56355 2 56423 21 56458 1 56597 10 56611 2 56678 23 56714 1 56853 8 56934 22 56970 1 57110 6 57190 9 57203 9 57367 3 57446 9 57460 5 57701 9 57717 4 57957 9 57973 3 58212 10 58469 11 58484 5 58609 5 58725 13 58739 6 58864 7 58981 20 59120 7 59237 15 59254 2 59376 6 59494 15 59633 3 59752 1 59755 10 60016 5 60272 4 60529 4 60786 3 61042 1 62332 1 63348 1 63604 2 63860 2 64617 2 64869 9 65124 11 65146 2 65379 12 65401 13
489967,0 65536
490941,5 4 13 42 136 8 154 4 168 7 198 58 259 6 269 42 393 6 412 1 420 13 454 58 514 9 525 41 650 5 675 15 709 59 770 52 907 4 930 16 965 59 1026 52 1164 2 1186 16 1221 59 1283 53 1434 2 1441 18 1477 59 1539 54 1688 5 1697 18 1733 59 1797 53 1942 9 1953 19 1988 60 2054 53 2133 2 2197 31 2244 60 2312 51 2387 5 2453 31 2500 60 2569 4 2574 45 2641 9 2708 32 2755 62 2824 52 2896 11 2962 34 3011 63 3080 54 3151 13 3172 3 3216 35 3266 65 3335 55 3402 19 3428 5 3441 3 3471 36 3522 66 3591 27 3619 28 3655 22 3684 6 3696 5 3721 42 3778 96 3875 29 3907 27 3939 7 3951 7 3976 44 4035 154 4195 7 4207 7 4231 45 4292 153 4450 8 4462 9 4486 46 4548 152 4705 9 4718 9 4742 46 4805 150 4961 9 4973 11 4997 47 5062 148 5217 23 5252 47 5319 147 5472 24 5507 46 5576 146 5728 25 5762 47 5833 144 5983 26 6017 48 6088 145 6239 27 6272 49 6344 144 6496 27 6527 50 6599 144 6752 28 6782 51 6855 142 7009 27 7037 52 7112 138 7267 77 7368 136 7527 73 7624 135 7788 67 7881 133 8046 64 8137 131 8303 62 8393 131 8560 60 8650 130 8817 29 8847 29 8907 134 9073 60 9165 133 9329 60 9422 132 9584 61 9679 131 9839 63 9937 129 10094 63 10167 3 10194 17 10212 109 10350 63 10422 5 10450 17 10470 108 10606 63 10676 8 10705 18 10726 108 10862 63 10931 10 10960 133 11118 64 11186 12 11216 135 11374 65 11442 12 11472 136 11630 65 11699 11 11728 14 11744 121 11886 39 11927 23 11956 10 11985 13 12000 126 12141 65 12213 8 12241 12 12256 128 12396 66 12470 6 12498 11 12512 129 12652 49 12708 10 12727 4 12754 10 12768 130 12907 49 12965 9 13011 8 13024 130 13164 49 13222 9 13267 8 13281 129 13421 49 13479 8 13524 6 13538 128 13678 49 13735 8 13781 3 13796 127 13935 21 13958 26 13992 7 14053 126 14191 19 14217 24 14248 7 14309 126 14448 17 14477 20 14504 7 14565 126 14707 13 14733 20 14761 9 14820 128 14965 10 14989 20 15019 8 15076 132 15224 6 15245 19 15276 8 15326 141 15484 1 15501 16 15532 8 15580 144 15740 2 15757 14 15789 7 15836 144 15996 2 16014 4 16019 7 16045 7 16092 145 16270 2 16277 4 16302 7 16348 77 16432 61 16534 3 16561 11 16604 77 16688 62 16782 7 16818 16 16860 77 16943 63 17038 8 17074 35 17115 79 17198 66 17292 11 17327 41 17371 150 17526 2 17548 12 17582 204 17802 15 17837 206 18051 22 18092 208 18306 24 18347 209 18561 26 18603 244 18857 249 19112 5460 24576 247 24832 246 25088 246 25344 248 25600 249 25856 251 26112 252 26368 39168
491029,0 65536
494025,39 5 98 3 232 13 252 4 289 2 295 4 485 15 508 4 542 6 551 4 742 14 764 4 798 13 999 13 1021 3 1053 14 1257 10 1277 3 1310 13 1468 4 1516 5 1534 2 1565 14 1723 5 1773 3 1791 1 1818 16 1978 5 2029 3 2074 15 2233 6 2285 2 2329 13 2491 3 2541 3 2585 11 2606 1 2738 1 2747 3 2797 3 2841 11 2856 8 2994 2 3053 3 3097 11 3111 9 3250 1 3309 3 3349 14 3367 9 3498 8 3565 3 3602 16 3623 8 3686 5 3752 10 3810 4 3820 3 3857 15 3878 9 3941 10 3966 1 4008 9 4065 6 4073 6 4113 15 4130 13 4197 12 4222 2 4264 9 4320 15 4369 15 4385 14 4453 14 4479 2 4521 8 4577 14 4626 29 4709 15 4734 4 4778 8 4833 15 4882 30 4965 17 4989 8 5034 8 5046 1 5089 15 5138 11 5151 17 5216 22 5244 10 5290 8 5347 13 5395 10 5408 17 5471 24 5500 10 5546 8 5606 2 5610 5 5651 10 5664 17 5727 24 5755 11 5802 8 5867 2 5908 9 5919 19 5984 23 6011 10 6058 8 6166 28 6242 1 6245 18 6266 11 6314 10 6423 3 6432 18 6505 14 6522 11 6570 10 6689 7 6697 8 6762 13 6777 7 6786 3 6826 11 6950 1 6954 6 7019 19 7044 2 7083 8 7092 2 7211 4 7268 4 7276 18 7300 2 7340 6 7348 2 7469 3 7523 7 7534 16 7556 4 7596 6 7708 3 7726 2 7778 8 7791 15 7812 6 7856 2 7963 4 7981 2 8034 9 8048 14 8068 6 8112 1 8216 7 8289 10 8305 13 8324 6 8348 1 8358 2 8473 7 8481 1 8545 11 8561 13 8613 3 8731 14 8794 3 8800 5 8807 23 8867 5 8994 7 9050 9 9064 21 9099 2 9124 3 9251 5 9305 9 9321 20 9355 2 9381 2 9560 10 9577 5 9587 10 9816 10 9834 2 9844 8 10054 2 10068 15 10102 6 10309 4 10322 19 10362 5 10402 5 10565 5 10577 24 10619 6 10634 1 10656 5 10820 8 10831 10 10843 14 10876 6 10890 1 10912 5 11064 1 11076 21 11099 13 11132 6 11170 1 11319 5 11332 22 11356 11 11389 8 11574 8 11587 23 11614 5 11646 3 11830 10 11842 24 11871 3 12086 28 12117 6 12129 2 12343 25 12374 5 12386 1 12600 18 12619 5 12632 3 12642 1 12856 17 12876 4 12888 4 12960 3 12973 2 13114 14 13133 4 13144 5 13215 7 13229 2 13370 14 13390 3 13400 5 13470 9 13482 6 13626 14 13646 3 13656 5 13720 25 13883 13 13902 1 13911 6 13975 29 14015 1 14140 11 14158 2 14165 8 14232 29 14269 4 14396 10 14414 2 14420 9 14489 9 14500 18 14520 9 14575 1 14652 10 14669 3 14675 10 14746 7 14762 12 14776 9 14907 10 14924 5 14931 10 15002 6 15018 13 15032 9 15162 11 15180 16 15260 2 15275 21 15418 10 15435 16 15532 20 15611 1 15674 7 15691 17 15789 19 15867 1 15930 7 15947 17 15970 2 16045 20 16122 2 16186 7 16201 19 16226 2 16302 8 16314 6 16378 2 16442 7 16457 19 16482 2 16558 7 16572 3 16635 1 16698 8 16708 24 16816 3 16891 1 16954 34 17147 1 17210 35 17403 1 17456 1 17466 35 17542 3 17658 2 17711 4 17723 34 17798 1 17964 8 17980 33 18164 6 18221 7 18236 34 18418 6 18478 2 18481 3 18491 36 18534 1 18673 7 18738 1 18747 36 18790 1 18930 6 18997 5 19003 36 19044 3 19186 5 19253 43 19298 6 19445 1 19509 51 19766 53 20023 5 20029 46 20240 4 20279 5 20285 23 20309 22 20496 5 20521 4 20535 5 20542 21 20565 22 20753 3 20775 7 20792 28 20821 22 20973 3 20999 5 21030 8 21048 28 21077 24 21228 4 21254 8 21288 7 21305 27 21333 24 21485 3 21504 1 21509 10 21532 3 21544 7 21561 27 21590 24 21616 1 21742 2 21760 1 21766 6 21786 6 21801 7 21816 28 21847 21 22016 2 22022 5 22041 8 22058 7 22072 28 22103 20 22272 2 22296 10 22312 11 22327 29 22359 20 22528 2 22550 13 22568 44 22615 20 22784 3 22805 15 22823 47 22871 21 23040 3 23060 17 23079 19 23101 47 23269 5 23296 3 23316 18 23335 18 23358 46 23525 5 23552 4 23573 17 23591 17 23615 6 23629 31 23779 4 23784 3 23808 4 23833 12 23849 12 23872 3 23887 29 24035 7 24064 4 24089 6 24097 3 24106 1 24110 6 24143 28 24289 4 24295 3 24320 5 24346 5 24367 4 24400 28 24547 1 24576 6 24604 3 24657 28 24832 6 24873 5 24914 28 25088 6 25107 2 25128 7 25171 27 25344 6 25362 3 25382 9 25428 26 25550 4 25569 2 25600 6 25618 3 25636 12 25684 26 25802 10 25825 5 25856 7 25890 15 25942 23 26057 10 26081 5 26113 7 26146 17 26200 20 26312 11 26338 3 26370 6 26404 16 26456 6 26469 7 26567 12 26595 3 26626 6 26662 19 26712 6 26727 4 26822 12 26851 3 26882 5 26921 18 26969 4 26986 1 27078 13 27093 1 27108 3 27137 6 27180 17 27225 4 27326 5 27334 16 27364 3 27393 5 27437 17 27581 6 27590 14 27621 2 27650 4 27695 16 27837 6 27847 13 27877 3 27952 15 28094 7 28104 12 28134 6 28208 17 28351 7 28360 12 28391 6 28464 18 28608 19 28647 7 28720 21 28864 19 28904 6 28975 24 29121 17 29161 6 29231 26 29378 16 29418 6 29469 2 29487 28 29544 2 29635 13 29677 3 29701 2 29724 3 29743 28 29791 12 29891 12 29907 3 29935 1 29980 3 29999 29 30046 13 30147 9 30164 3 30255 29 30301 14 30403 9 30421 3 30501 2 30511 29 30557 15 30659 9 30676 4 30767 29 30813 16 30915 9 30932 4 31023 29 31070 14 31172 9 31188 4 31270 1 31278 30 31327 13 31429 9 31445 3 31487 1 31526 1 31533 32 31586 8 31686 8 31742 2 31782 1 31789 33 31941 10 31998 2 32037 2 32045 33 32173 3 32197 11 32254 2 32292 4 32301 14 32317 16 32428 4 32452 13 32509 3 32548 4 32557 13 32574 14 32684 5 32707 14 32765 3 32806 1 32812 13 32831 11 32876 1 32939 8 32962 15 33021 3 33067 13 33086 10 33130 3 33195 9 33218 13 33278 2 33322 13 33342 9 33386 4 33449 12 33474 12 33535 1 33578 13 33597 9 33642 5 33704 15 33730 7 33791 1 33834 12 33853 9 33898 6 33960 15 33986 7 34079 5 34090 10 34109 9 34154 7 34212 20 34241 6 34248 2 34303 1 34333 7 34346 7 34365 9 34411 7 34466 23 34497 6 34504 2 34557 3 34586 10 34601 7 34621 8 34667 7 34722 23 34753 6 34760 2 34812 4 34842 11 34856 8 34878 7 34924 7 34977 24 35009 5 35016 2 35068 4 35100 20 35135 6 35180 7 35233 24 35268 3 35272 3 35323 5 35358 19 35392 4 35436 7 35489 24 35525 7 35579 5 35614 20 35691 2 35695 4 35706 1 35723 2 35735 1 35745 24 35780 8 35836 4 35875 16 35946 3 35952 4 35960 5 35978 4 35989 4 36002 23 36036 8 36092 4 36130 18 36201 3 36208 14 36233 6 36244 7 36258 23 36291 10 36350 2 36386 19 36455 5 36465 13 36489 20 36514 23 36547 10 36642 19 36708 8 36721 14 36746 19 36771 23 36803 11 36899 19 36962 10 36978 14 37003 19 37028 22 37060 11 37155 7 37163 11 37217 11 37234 14 37261 17 37284 21 37317 12 37412 1 37416 1 37418 14 37472 12 37489 15 37517 18 37540 21 37573 14 37672 17 37728 12 37744 15 37773 19 37795 21 37829 15 37928 20 37949 2 37984 12 38000 14 38029 43 38085 16 38183 26 38241 11 38254 4 38259 9 38286 41 38341 16 38438 28 38497 17 38543 40 38598 9 38694 27 38754 16 38801 37 38854 9 38950 27 39012 13 39057 37 39110 9 39141 4 39205 27 39268 12 39313 28 39344 5 39366 9 39385 1 39397 7 39459 29 39524 11 39569 28 39621 10 39637 10 39653 9 39712 31 39780 11 39824 6 39833 20 39877 10 39892 11 39910 8 39967 32 40015 12 40035 11 40080 6 40089 20 40132 11 40147 6 40154 5 40160 2 40165 9 40224 31 40270 14 40290 12 40336 6 40345 20 40388 11 40402 7 40410 5 40421 10 40481 6 40489 21 40525 15 40545 12 40592 5 40601 20 40644 11 40657 8 40666 5 40676 12 40745 21 40781 16 40801 11 40848 5 40857 19 40883 1 40900 21 40922 5 40932 12 41000 21 41037 15 41056 9 41085 3 41104 6 41112 19 41137 6 41156 21 41178 2 41187 15 41256 20 41292 16 41312 9 41341 4 41360 25 41392 9 41413 20 41443 15 41513 18 41548 15 41568 10 41598 4 41617 24 41647 9 41669 21 41699 15 41770 8 41782 4 41803 16 41824 10 41856 1 41873 25 41900 12 41926 20 41955 15 42027 5 42059 16 42079 11 42129 14 42145 22 42182 21 42211 15 42237 3 42284 2 42315 15 42335 11 42383 1 42385 14 42402 21 42438 21 42467 14 42492 4 42571 16 42591 11 42635 21 42658 21 42693 22 42724 12 42748 4 42828 31 42887 25 42914 21 42949 23 42983 2 42988 3 43003 5 43088 27 43142 16 43160 8 43171 20 43205 23 43259 5 43344 27 43398 13 43417 4 43422 2 43427 19 43461 23 43515 5 43552 1 43594 33 43653 13 43674 3 43678 1 43683 19 43716 25 43771 5 43799 1 43843 39 43909 12 43931 1 43939 19 43972 25 44025 7 44051 2 44055 2 44097 40 44165 11 44196 18 44228 28 44281 7 44311 2 44350 42 44421 10 44434 1 44452 18 44484 28 44536 8 44605 43 44677 9 44690 1 44708 18 44741 27 44792 8 44840 1 44860 45 44932 9 44946 2 44964 18 44998 27 45048 8 45115 34 45152 11 45188 8 45201 4 45220 18 45256 25 45303 9 45370 35 45408 12 45443 8 45457 3 45476 18 45515 6 45524 13 45557 11 45625 3 45629 33 45665 12 45684 2 45699 8 45733 16 45780 12 45813 11 45881 3 45886 14 45901 17 45921 13 45938 5 45955 8 45982 1 45989 15 46036 12 46069 11 46137 3 46145 11 46157 17 46178 12 46194 6 46210 6 46234 6 46245 14 46292 11 46325 11 46393 2 46401 11 46413 7 46421 9 46435 10 46450 6 46466 5 46489 9 46501 13 46548 10 46581 11 46593 8 46611 2 46657 18 46677 9 46692 9 46707 6 46717 9 46745 10 46757 12 46805 7 46833 24 46867 1 46913 17 46935 7 46965 4 46972 8 46989 1 47000 11 47014 10 47063 3 47085 22 47111 2 47118 1 47122 1 47169 16 47192 5 47222 3 47228 7 47244 5 47256 10 47270 10 47339 24 47367 2 47373 6 47425 13 47450 2 47484 6 47500 6 47511 11 47527 8 47595 30 47628 7 47681 12 47706 1 47741 4 47756 6 47768 10 47782 9 47851 30 47883 8 47938 11 48012 6 48024 11 48037 10 48109 1 48112 35 48193 12 48268 34 48325 1 48369 34 48448 12 48523 35 48625 33 48704 11 48779 36 48880 34 48960 4 48965 3 49035 37 49134 35 49183 2 49217 3 49221 3 49289 39 49388 36 49438 4 49474 1 49540 16 49559 25 49616 1 49642 37 49695 3 49796 16 49817 23 49872 2 49896 38 50042 2 50051 17 50075 20 50128 2 50147 43 50298 3 50307 17 50330 20 50385 1 50402 44 50553 5 50564 16 50586 19 50657 44 50809 4 50820 17 50843 15 50912 45 51065 5 51076 16 51101 5 51108 2 51167 46 51320 7 51331 15 51358 7 51422 47 51484 1 51576 8 51587 12 51614 7 51675 50 51740 1 51833 7 51843 12 51928 54 51985 7 51995 3 52089 8 52100 11 52171 2 52182 67 52252 1 52346 7 52357 11 52426 2 52437 68 52602 7 52613 12 52692 69 52860 3 52870 12 52948 69 53126 13 53203 69 53383 17 53459 68 53564 1 53640 17 53714 69 53818 4 53897 17 53955 2 53969 70 54046 4 54073 5 54154 16 54210 5 54224 48 54274 20 54302 4 54313 5 54328 5 54411 15 54466 6 54479 49 54531 18 54558 5 54567 8 54584 5 54668 15 54722 9 54734 50 54790 13 54814 5 54824 8 54839 6 54932 7 54978 62 55046 12 55070 5 55081 7 55092 9 55163 2 55189 7 55234 62 55303 11 55327 3 55338 7 55348 9 55420 1 55445 7 55490 62 55565 5 55583 3 55595 6 55604 9 55702 6 55747 61 55823 2 55839 3 55854 3 55860 8 55924 2 55958 7 56003 61 56095 4 56116 8 56126 1 56180 2 56215 6 56259 61 56352 6 56366 3 56372 7 56472 6 56514 62 56608 6 56622 3 56628 6 56646 1 56728 6 56770 62 56864 7 56878 4 56883 7 56902 1 56988 1 57026 62 57121 6 57133 13 57282 11 57295 49 57377 7 57389 13 57415 3 57537 12 57550 50 57633 9 57645 13 57671 6 57793 64 57889 26 57928 5 58048 68 58145 26 58173 6 58186 4 58192 1 58195 2 58304 70 58401 25 58429 6 58441 5 58448 6 58498 2 58506 1 58559 72 58657 24 58684 7 58697 4 58704 6 58753 11 58814 73 58912 21 58938 9 58953 4 58963 4 59009 11 59070 73 59168 19 59194 9 59209 5 59220 4 59264 12 59326 73 59424 18 59449 11 59461 10 59475 7 59521 10 59549 3 59581 74 59680 17 59705 23 59729 10 59778 7 59804 10 59836 76 59936 18 59960 33 60035 5 60059 13 60074 5 60091 78 60192 18 60216 26 60245 2 60291 4 60314 25 60346 80 60440 3 60448 21 60471 27 60548 2 60570 27 60604 79 60689 2 60694 7 60704 50 60825 30 60862 68 60933 25 60959 51 61016 2 61081 31 61119 65 61189 77 61271 5 61337 32 61376 64 61444 78 61525 7 61593 5 61604 22 61633 63 61697 7 61705 39 61745 33 61780 9 61802 3 61850 3 61861 23 61890 68 61965 35 62001 35 62037 10 62058 2 62105 3 62117 25 62146 67 62221 71 62294 9 62313 3 62320 1 62361 3 62373 96 62479 69 62555 5 62568 4 62616 4 62631 94 62739 65 62811 5 62824 4 62871 3 62888 4 62894 87 62997 64 63068 4 63080 3 63148 86 63235 2 63253 4 63258 59 63324 4 63336 2 63404 27 63434 3 63441 48 63498 3 63512 1 63514 6 63523 50 63582 1 63659 27 63697 48 63754 5 63769 4 63779 4 63785 44 63914 28 63953 47 64012 1 64024 2 64035 2 64042 43 64170 28 64205 51 64279 3 64290 2 64298 43 64346 3 64425 25 64453 1 64459 54 64535 13 64554 43 64601 4 64681 25 64714 58 64791 13 64810 43 64857 4 64937 25 64969 59 65046 14 65066 42 65114 3 65192 26 65225 60 65301 14 65323 40 65447 27 65481 1 65484 52
500314,66 12 96 9 323 10 342 1 352 9 580 9 597 2 608 10 837 6 852 4 866 8 1094 4 1108 4 1122 8 1287 2 1364 4 1379 6 1543 3 1620 5 1635 6 1803 1 1877 5 1884 1 1891 5 2058 3 2135 7 2147 4 2314 5 2392 6 2402 5 2570 5 2648 6 2657 6 2781 5 2827 5 2906 4 2911 8 3035 9 3083 5 3162 3 3169 5 3290 10 3338 7 3428 1 3539 18 3594 7 3793 21 3850 8 4047 23 4107 7 4302 24 4363 8 4557 25 4620 7 4812 26 4877 6 5068 26 5133 6 5323 9 5335 15 5385 1 5389 7 5579 8 5591 15 5638 5 5645 7 5834 9 5846 15 5894 14 6090 8 6102 12 6151 14 6345 8 6356 11 6407 14 6601 8 6612 10 6664 12 6857 8 6868 9 6922 1 6926 5 7113 8 7124 7 7369 8 7381 3 7625 8 7799 3 7881 8 8053 7 8137 8 8308 10 8394 7 8564 11 8635 1 8650 6 8820 11 8890 3 8906 6 9076 11 9146 4 9157 1 9161 8 9332 12 9401 5 9412 13 9588 12 9656 5 9667 14 9845 12 9911 5 9921 17 10100 13 10166 5 10177 17 10330 4 10356 13 10422 4 10433 17 10583 8 10611 15 10677 5 10690 16 10839 9 10866 17 10932 6 10946 16 11095 8 11123 19 11188 10 11204 2 11208 10 11351 8 11379 21 11444 12 11466 8 11608 8 11636 23 11701 12 11722 7 11864 9 11893 23 11957 13 11979 5 12120 10 12149 22 12212 18 12235 4 12375 11 12405 21 12467 19 12491 4 12630 13 12662 20 12723 20 12746 5 12886 13 12920 4 12925 13 12979 27 13141 15 13184 11 13235 6 13244 18 13396 16 13441 11 13493 2 13502 15 13651 17 13698 11 13760 7 13903 21 13954 11 14017 5 14155 25 14210 11 14408 27 14466 11 14662 28 14723 8 14917 28 14979 7 15172 28 15237 4 15428 27 15604 3 15685 25 15942 18 15964 1 16004 1 16200 16 16259 4 16458 14 16515 4 16534 5 16715 12 16772 4 16790 5 16973 9 17029 4 17045 7 17233 3 17286 1 17301 6 17557 5 17567 1 17822 4 17951 3 18064 4 18078 5 18206 6 18319 6 18335 4 18461 8 18518 1 18574 7 18591 4 18717 9 18768 9 18830 8 18896 11 18973 9 19023 10 19085 10 19149 16 19229 10 19278 11 19342 10 19404 18 19486 9 19534 11 19598 10 19659 19 19742 10 19789 12 19854 10 19915 19 19998 10 20045 12 20111 9 20170 20 20255 10 20302 11 20367 9 20425 21 20511 11 20558 11 20624 7 20679 24 20768 11 20814 11 20881 5 20935 25 21025 10 21071 9 21191 25 21282 9 21329 6 21448 25 21539 8 21704 25 21767 6 21796 6 21961 23 22022 12 22053 4 22218 22 22277 14 22474 21 22532 16 22731 19 22786 19 22988 15 23041 20 23247 7 23297 20 23501 8 23553 20 23755 6 23766 1 23779 4 23808 23 24007 15 24033 5 24064 24 24262 16 24288 6 24320 12 24336 8 24517 17 24544 6 24576 11 24592 8 24678 9 24771 19 24799 6 24832 11 24848 8 24934 10 25027 18 25056 4 25088 11 25104 8 25189 13 25283 17 25312 4 25344 10 25360 7 25445 16 25541 14 25568 4 25600 10 25616 7 25679 4 25700 18 25798 12 25824 4 25856 9 25871 8 25935 5 25956 18 26055 10 26080 4 26112 7 26127 7 26190 8 26213 17 26311 10 26335 6 26351 2 26368 5 26383 6 26447 10 26470 17 26568 9 26591 6 26605 5 26624 3 26639 5 26703 12 26727 16 26825 9 26846 9 26861 5 26880 4 26896 3 26959 10 26984 15 27082 10 27102 10 27116 5 27136 5 27152 3 27216 8 27241 13 27338 12 27357 20 27392 6 27472 5 27497 13 27566 5 27594 13 27613 12 27628 4 27641 4 27648 7 27754 11 27820 8 27851 13 27870 11 27895 7 27904 8 28017 4 28075 10 28107 14 28126 9 28147 12 28160 10 28274 6 28329 12 28364 13 28383 7 28402 28 28529 8 28583 14 28621 13 28640 5 28657 31 28784 12 28838 15 28878 12 28897 3 28912 32 29037 19 29093 16 29134 12 29166 35 29292 21 29349 16 29390 13 29421 39 29547 23 29605 16 29646 12 29676 42 29790 3 29803 23 29861 15 29903 11 29932 13 29946 10 29959 16 30045 5 30059 23 30117 15 30159 10 30188 20 30216 15 30299 8 30314 24 30373 13 30417 4 30444 20 30472 17 30554 9 30570 25 30630 8 30700 20 30728 19 30809 10 30825 9 30836 15 30955 21 30984 19 31065 10 31081 9 31099 8 31211 21 31240 6 31248 12 31321 10 31337 9 31356 7 31467 21 31497 5 31505 11 31578 9 31594 7 31613 6 31724 20 31754 3 31763 9 31835 9 31851 6 31869 6 31981 19 32021 7 32092 8 32108 6 32125 6 32237 19 32278 5 32297 5 32348 8 32365 5 32381 5 32493 18 32529 2 32534 5 32551 8 32565 8 32605 8 32622 5 32637 5 32748 18 32784 3 32790 5 32806 10 32819 10 32861 8 32879 5 32892 5 33004 17 33039 12 33062 22 33118 6 33136 4 33148 5 33260 16 33289 18 33321 19 33375 4 33393 4 33404 4 33516 16 33543 20 33578 17 33650 6 33659 4 33774 13 33798 20 33828 1 33834 17 33906 11 33974 4 34033 9 34054 19 34083 2 34091 16 34162 10 34229 6 34291 1 34311 18 34340 1 34347 16 34420 7 34484 8 34568 17 34603 16 34654 5 34678 4 34740 9 34825 4 34831 10 34860 15 34909 8 34996 10 35081 2 35088 8 35116 15 35165 11 35252 11 35344 6 35373 13 35421 12 35508 12 35600 4 35628 13 35678 12 35764 12 35844 1 35855 3 35883 12 35934 13 35950 3 36020 13 36100 1 36111 2 36138 12 36190 20 36276 12 36379 3 36392 13 36445 13 36459 8 36532 12 36634 5 36647 15 36700 14 36716 2 36729 4 36778 1 36788 10 36890 5 36902 16 36955 13 36972 1 36981 10 36997 4 37030 7 37045 3 37146 5 37158 17 37211 12 37238 10 37252 6 37265 6 37284 10 37403 4 37412 19 37467 4 37474 4 37494 12 37508 7 37518 12 37538 14 37554 4 37659 4 37667 20 37724 3 37730 3 37751 21 37774 13 37793 21 37916 3 37922 22 37981 3 38007 21 38029 14 38049 22 38171 5 38177 23 38264 35 38305 23 38426 29 38521 17 38540 14 38561 23 38681 30 38777 16 38797 5 38804 5 38818 23 38937 29 39031 16 39053 4 39061 4 39075 22 39193 24 39287 4 39309 3 39318 2 39332 22 39450 23 39531 2 39543 3 39566 1 39591 21 39633 1 39705 24 39786 4 39822 1 39849 22 39886 6 39935 1 39961 24 40038 8 40066 1 40106 23 40141 9 40190 2 40217 19 40237 3 40293 10 40322 1 40365 20 40396 10 40446 2 40472 19 40549 5 40555 4 40627 14 40651 12 40702 2 40728 19 40804 6 40811 4 40844 2 40883 14 40907 12 40958 2 40985 19 41060 6 41094 7 41114 3 41139 13 41163 12 41214 2 41241 20 41316 6 41349 9 41369 6 41394 13 41419 12 41471 1 41497 20 41538 1 41572 7 41604 10 41624 9 41650 13 41676 9 41753 20 41776 3 41794 1 41827 9 41842 1 41860 10 41880 9 41905 13 41933 7 42009 20 42032 3 42083 13 42097 3 42117 8 42136 8 42161 11 42191 1 42266 18 42288 3 42339 16 42373 7 42392 7 42417 9 42523 16 42594 14 42610 1 42631 3 42648 6 42674 4 42782 13 42810 2 42849 13 42904 5 42959 2 43039 11 43064 4 43106 11 43161 3 43214 4 43296 10 43319 5 43360 13 43383 12 43470 4 43553 10 43575 5 43615 14 43634 17 43688 5 43726 3 43813 7 43827 3 43831 8 43871 14 43888 20 43944 6 43981 4 44069 8 44082 14 44128 20 44151 13 44200 7 44234 6 44325 9 44335 19 44355 4 44388 15 44407 13 44457 6 44489 7 44581 34 44646 7 44654 4 44663 14 44703 1 44715 5 44744 9 44836 35 44903 5 44920 13 44958 4 44972 6 44999 10 45090 37 45160 4 45176 12 45214 4 45228 7 45253 12 45344 38 45418 1 45433 11 45451 4 45470 4 45485 7 45508 14 45600 38 45690 10 45706 5 45741 6 45764 14 45855 39 45946 10 45962 6 46020 13 46111 29 46144 6 46202 10 46217 7 46276 12 46367 27 46400 5 46457 11 46473 7 46532 12 46623 27 46713 12 46728 8 46788 10 46879 26 46969 23 47044 10 47136 25 47224 23 47300 9 47393 24 47480 23 47557 8 47649 25 47737 21 47804 4 47816 4 47906 24 47993 21 48047 10 48058 7 48164 23 48253 16 48303 18 48423 21 48509 16 48559 19 48680 21 48765 13 48814 20 48943 15 49021 11 49071 18 49200 15 49277 10 49327 16 49456 16 49533 10 49584 14 49712 16 49791 8 49841 13 49967 17 50049 7 50104 5 50115 7 50223 16 50259 4 50306 6 50370 8 50479 15 50513 7 50562 7 50626 9 50736 10 50768 10 50818 6 50882 9 50967 5 50992 9 51023 15 51074 5 51138 9 51224 6 51250 6 51279 16 51331 2 51381 4 51395 9 51484 3 51508 3 51521 8 51534 18 51637 5 51656 6 51741 2 51773 36 51864 2 51911 9 51961 1 51998 2 52028 37 52120 4 52128 3 52147 1 52166 11 52215 6 52244 4 52254 3 52283 39 52375 13 52422 11 52469 10 52499 6 52509 5 52537 42 52630 15 52656 2 52677 12 52725 11 52755 6 52764 7 52792 43 52886 2 52890 14 52912 2 52932 12 52981 11 53011 16 53047 45 53142 2 53146 14 53188 10 53238 10 53268 15 53302 46 53402 14 53444 10 53494 10 53525 2 53529 10 53556 49 53658 13 53684 2 53701 9 53745 1 53751 9 53786 9 53812 50 53915 11 53940 2 53957 9 54000 4 54008 7 54042 8 54068 50 54172 5 54196 1 54213 7 54256 4 54265 5 54297 8 54324 50 54428 4 54452 2 54470 7 54478 2 54512 3 54523 1 54552 8 54580 3 54584 47 54683 5 54709 1 54727 9 54808 6 54841 46 54936 8 54983 4 55064 5 55097 47 55190 10 55240 2 55321 4 55344 3 55352 49 55446 11 55577 4 55598 6 55607 51 55702 11 55833 3 55852 63 55959 9 56089 3 56107 64 56215 7 56344 4 56363 62 56600 4 56619 61 56757 2 56771 1 56875 60 57012 4 57026 2 57037 5 57131 54 57268 5 57277 7 57292 7 57388 5 57395 46 57524 6 57533 5 57547 8 57644 3 57652 46 57737 3 57770 2 57780 6 57788 6 57802 8 57908 50 57992 5 58026 2 58036 12 58056 9 58136 1 58165 50 58220 3 58247 6 58282 3 58291 12 58311 9 58391 5 58421 50 58476 3 58501 8 58538 5 58547 11 58566 10 58647 7 58680 48 58730 6 58756 9 58795 5 58803 9 58822 9 58902 9 58937 55 59011 10 59052 4 59060 7 59077 9 59157 10 59193 56 59266 10 59309 3 59332 9 59411 11 59450 55 59522 9 59589 6 59666 11 59707 55 59777 9 59845 5 59921 9 59968 51 60032 10 60117 3 60176 7 60226 50 60287 12 60367 11 60383 5 60432 6 60483 50 60543 13 60621 13 60638 6 60679 2 60688 6 60740 49 60798 15 60876 14 60892 9 60935 16 60996 49 61054 16 61131 14 61148 10 61190 17 61252 49 61310 16 61384 17 61404 12 61446 18 61509 46 61556 1 61567 15 61629 2 61639 33 61702 19 61766 38 61807 3 61813 3 61823 15 61884 4 61895 37 61958 19 62025 17 62043 17 62064 1 62069 4 62080 15 62140 4 62150 39 62215 19 62281 15 62301 5 62307 9 62325 5 62336 15 62395 5 62405 40 62471 19 62501 10 62537 33 62581 5 62592 16 62652 4 62662 40 62727 19 62755 13 62792 33 62838 4 62848 16 62918 9 62930 36 62984 19 63009 16 63049 32 63094 3 63104 16 63159 3 63174 50 63240 20 63264 17 63306 31 63350 1 63360 15 63413 5 63430 17 63448 33 63498 40 63562 28 63606 1 63615 15 63669 4 63687 50 63756 38 63820 26 63862 1 63871 14 63925 3 63944 50 64013 37 64077 24 64117 2 64128 13 64194 3 64201 49 64270 37 64335 5 64343 12 64366 3 64372 5 64384 12 64449 5 64460 46 64526 37 64601 9 64623 2 64628 1 64640 12 64657 4 64705 5 64717 10 64731 30 64782 37 64858 1 64862 3 64880 1 64896 2 64899 8 64912 6 64961 6 64974 8 64988 28 65038 37 65152 8 65168 7 65217 6 65231 6 65244 26 65294 38 65408 3 65414 2 65424 8 65473 6 65488 3 65500 24
504868,0 56899 56905 250 57163 250 57420 252 57677 252 57933 253 58188 514 58703 517 59221 249 59471 4 59481 245 59727 2 59738 247 59994 247 60251 246 60506 248 60761 249 61016 253 61272 2 61275 251 61527 3077 64607 253 64864 18 64883 233 65121 15 65140 232 65377 9 65397 139
513583,32 24 142 10 177 5 197 1 235 10 284 28 398 10 432 5 464 4 492 10 539 29 656 7 687 4 697 1 717 7 748 11 793 29 943 4 953 4 958 8 973 8 1005 11 1047 31 1199 3 1208 14 1228 11 1261 12 1279 1 1302 32 1463 12 1484 11 1503 3 1517 12 1534 2 1554 36 1718 12 1740 11 1758 5 1773 12 1790 2 1810 36 1974 10 1996 11 2013 7 2030 11 2047 1 2065 37 2230 9 2251 12 2269 8 2286 11 2322 36 2486 9 2507 12 2525 8 2543 9 2578 35 2739 2 2742 9 2763 13 2781 8 2800 7 2835 32 2993 5 3001 11 3018 14 3037 8 3059 1 3097 25 3249 4 3259 9 3274 14 3294 7 3355 22 3419 2 3504 4 3516 8 3529 15 3551 4 3581 3 3617 16 3672 7 3749 2 3772 8 3784 16 3836 4 3878 11 3927 10 4004 7 4028 28 4091 5 4136 8 4182 11 4260 8 4284 19 4304 9 4347 5 4393 6 4428 3 4437 11 4515 9 4540 18 4560 9 4603 5 4651 2 4683 20 4727 4 4770 8 4797 16 4817 9 4858 6 4866 5 4939 20 4982 7 5027 6 5053 16 5073 9 5114 15 5178 3 5195 20 5237 9 5283 5 5310 15 5328 10 5364 22 5433 5 5451 20 5492 10 5561 33 5607 2 5619 23 5688 6 5708 19 5747 12 5816 17 5836 13 5861 5 5875 24 5943 7 5963 20 6003 12 6072 16 6091 14 6115 8 6132 24 6198 8 6219 9 6233 6 6259 13 6328 15 6347 13 6371 8 6388 24 6453 8 6474 8 6490 5 6514 16 6585 12 6603 11 6628 7 6645 23 6671 3 6709 8 6729 9 6747 3 6770 17 6841 1 6844 9 6859 10 6885 5 6901 6 6909 15 6926 7 6964 8 6985 9 7003 2 7026 17 7101 8 7115 8 7141 4 7157 6 7168 11 7182 7 7220 7 7241 9 7282 18 7358 7 7371 8 7390 3 7397 3 7413 7 7424 10 7438 7 7476 9 7497 10 7514 1 7538 18 7614 7 7628 7 7644 7 7669 9 7684 5 7695 6 7732 12 7753 11 7768 4 7794 18 7866 2 7870 8 7885 6 7900 8 7925 10 7942 4 7951 4 7987 15 8011 9 8023 5 8051 18 8122 13 8143 3 8156 8 8181 11 8200 5 8243 15 8269 15 8307 9 8320 6 8378 13 8412 8 8428 4 8437 11 8455 6 8499 16 8525 15 8563 5 8578 5 8635 13 8667 10 8683 5 8692 12 8711 3 8755 17 8781 15 8812 1 8820 3 8835 4 8891 12 8920 14 8938 6 8948 7 8959 1 8966 3 9004 2 9011 18 9036 6 9047 4 9068 2 9091 5 9149 9 9173 14 9193 7 9205 6 9221 3 9258 7 9267 19 9291 8 9304 3 9323 3 9349 3 9358 3 9406 8 9429 12 9450 5 9461 5 9476 4 9514 29 9547 9 9580 1 9606 1 9613 5 9663 5 9685 12 9716 5 9732 3 9747 1 9757 1 9770 30 9804 9 9820 2 9836 1 9868 6 9941 12 9972 4 9989 2 10001 2 10026 29 10061 10 10073 6 10123 7 10198 11 10229 3 10240 2 10245 1 10254 5 10282 28 10318 10 10329 7 10344 2 10376 10 10456 9 10496 4 10501 2 10509 6 10538 27 10574 18 10600 1 10634 8 10714 7 10743 1 10752 7 10764 7 10794 26 10830 18 10856 1 10890 8 10971 5 10998 3 11008 7 11019 7 11050 26 11086 18 11147 7 11159 5 11228 4 11252 6 11264 6 11274 8 11307 25 11342 17 11392 1 11403 9 11413 8 11485 3 11494 2 11507 8 11520 6 11529 8 11564 24 11598 18 11646 1 11660 18 11742 3 11749 3 11762 10 11776 6 11785 7 11822 22 11854 18 11876 3 11901 3 11916 19 11999 2 12004 4 12018 11 12032 6 12040 7 12079 22 12113 15 12130 5 12157 3 12172 19 12255 10 12274 28 12335 22 12371 20 12413 3 12428 19 12511 12 12531 27 12592 21 12627 21 12650 1 12670 2 12683 3 12687 16 12768 13 12788 26 12836 1 12850 20 12883 25 12926 1 12934 7 12945 14 13025 13 13045 24 13089 5 13109 18 13137 28 13186 10 13202 12 13248 6 13283 9 13301 11 13313 11 13344 6 13365 20 13392 30 13442 10 13460 10 13495 16 13540 6 13558 10 13570 4 13577 1 13583 1 13600 7 13622 19 13648 31 13698 10 13721 5 13755 13 13799 1 13815 9 13827 3 13839 2 13846 3 13856 7 13879 19 13904 34 13956 10 13979 6 14011 14 14071 9 14101 4 14113 6 14135 19 14160 36 14218 5 14236 6 14269 12 14328 8 14356 6 14369 6 14391 19 14416 12 14431 22 14475 7 14492 7 14526 4 14534 2 14585 7 14604 1 14612 5 14626 5 14648 17 14672 12 14687 7 14697 5 14732 6 14747 8 14843 5 14859 2 14868 4 14884 1 14904 16 14929 10 14943 6 14955 2 14988 7 15003 8 15101 3 15162 13 15187 7 15201 3 15238 3 15244 7 15258 9 15359 1 15404 3 15419 11 15444 5 15493 9 15503 5 15514 9 15564 2 15650 1 15659 4 15675 11 15749 14 15770 9 15819 4 15905 4 15913 7 15931 11 16004 13 16027 7 16074 5 16160 16 16187 10 16237 4 16260 20 16284 4 16330 6 16416 16 16443 10 16492 6 16515 21 16586 6 16634 4 16672 17 16701 8 16748 6 16772 19 16842 6 16888 8 16928 17 16958 6 17005 5 17029 16 17098 5 17141 11 17183 18 17216 3 17266 1 17288 12 17355 4 17396 12 17438 3 17444 13 17522 3 17544 1 17547 6 17611 3 17651 13 17694 3 17700 16 17778 3 17907 13 17950 4 17955 18 18034 5 18163 13 18206 23 18290 1 18419 13 18462 23 18676 12 18718 23 18801 2 18881 1 18933 11 18974 23 19056 4 19136 3 19191 9 19231 21 19311 6 19393 2 19448 8 19488 20 19567 6 19652 1 19705 7 19750 13 19822 8 19963 5 20008 10 20078 12 20103 2 20265 8 20335 13 20354 1 20358 5 20419 1 20521 8 20592 13 20609 13 20636 3 20674 2 20777 7 20854 7 20864 17 21028 1 21034 5 21110 8 21119 18 21177 3 21282 5 21290 7 21381 12 21534 10 21547 8 21638 10 21680 2 21788 10 21803 8 21896 6 21935 4 22043 11 22059 8 22156 1 22190 5 22299 12 22315 8 22446 9 22456 1 22460 2 22556 12 22571 8 22701 19 22730 1 22741 4 22812 23 22920 3 22957 10 22969 7 23068 23 23174 5 23212 11 23226 6 23324 24 23433 2 23468 11 23481 7 23580 24 23682 3 23724 11 23736 7 23793 6 23836 25 23937 5 23976 14 23996 4 24006 2 24048 8 24064 5 24091 26 24192 6 24232 14 24252 4 24259 5 24304 8 24320 6 24344 1 24347 27 24448 6 24487 14 24507 6 24515 5 24559 9 24576 7 24598 34 24704 6 24742 14 24763 7 24772 4 24815 10 24832 8 24855 27 24884 4 24960 6 24999 13 25018 13 25074 7 25088 9 25108 1 25111 27 25141 4 25196 3 25204 1 25215 6 25255 10 25273 14 25332 4 25341 12 25364 1 25367 26 25398 4 25458 5 25471 5 25514 4 25529 13 25596 14 25620 1 25623 26 25655 4 25702 3 25713 7 25726 5 25785 12 25851 16 25875 31 25911 4 25958 3 25968 10 25980 8 25990 1 25998 1 26042 11 26107 16 26131 32 26166 5 26224 32 26299 10 26363 16 26387 40 26479 36 26619 16 26644 39 26735 37 26875 16 26903 35 26990 38 27131 17 27160 34 27245 24 27271 13 27387 1 27391 13 27416 36 27456 3 27502 23 27527 14 27643 1 27648 12 27672 47 27758 23 27783 14 27899 1 27904 12 27928 48 28014 23 28038 15 28160 11 28184 4 28189 17 28207 26 28269 23 28293 17 28416 11 28440 1 28444 18 28463 26 28524 42 28672 10 28700 45 28779 44 28928 10 28956 18 28976 25 29035 44 29184 9 29215 15 29232 24 29291 27 29319 17 29440 9 29467 18 29488 23 29546 46 29696 9 29721 12 29735 6 29744 23 29802 29 29835 12 29952 10 29976 13 29991 6 29999 24 30058 28 30091 11 30208 10 30227 35 30264 6 30271 7 30314 28 30346 12 30383 4 30395 6 30464 11 30481 46 30529 6 30537 2 30570 28 30603 11 30637 8 30649 9 30720 11 30734 37 30773 10 30785 12 30827 23 30859 11 30892 23 30916 2 30976 11 30990 30 31021 5 31030 9 31042 11 31084 23 31110 2 31115 11 31147 24 31173 1 31232 10 31246 29 31286 8 31298 11 31341 27 31371 11 31403 23 31488 8 31505 26 31541 9 31553 13 31597 41 31659 23 31689 3 31744 7 31763 8 31773 3 31777 10 31797 8 31808 15 31853 41 31915 23 31944 5 32000 8 32021 5 32029 14 32053 7 32065 16 32109 39 32172 22 32200 5 32256 10 32285 14 32308 8 32321 17 32364 30 32395 6 32430 20 32456 5 32512 12 32538 17 32563 9 32577 17 32621 35 32688 11 32702 4 32712 5 32769 12 32793 19 32819 9 32833 18 32877 35 32948 7 32967 5 32985 1 33027 12 33049 19 33076 8 33089 18 33134 31 33204 6 33223 5 33241 1 33284 15 33305 19 33332 7 33344 21 33390 30 33461 4 33479 5 33542 13 33562 17 33588 7 33600 21 33648 10 33659 17 33717 3 33737 1 33799 12 33820 15 33844 6 33858 19 33907 7 33916 16 34010 2 34056 11 34076 15 34100 5 34115 18 34164 24 34265 4 34314 9 34332 7 34358 1 34371 19 34404 1 34420 25 34521 4 34571 8 34587 7 34613 3 34627 19 34659 4 34677 24 34777 3 34828 6 34843 8 34866 10 34883 19 34914 6 34934 23 35032 4 35085 4 35099 9 35120 12 35139 19 35170 6 35191 22 35289 3 35342 2 35356 9 35375 14 35395 19 35425 8 35448 19 35493 4 35545 3 35613 9 35630 14 35651 19 35681 9 35705 17 35732 2 35748 6 35756 3 35870 8 35886 14 35907 18 35938 11 35961 15 35990 2 36004 6 36012 4 36127 8 36141 15 36163 5 36169 9 36194 11 36218 12 36246 3 36259 6 36268 4 36383 8 36397 14 36420 2 36425 8 36452 9 36474 12 36502 4 36514 5 36525 3 36639 8 36652 15 36681 7 36708 9 36731 11 36758 4 36770 3 36782 3 36830 4 36894 9 36907 15 36936 7 36963 10 36987 12 37014 4 37040 1 37085 5 37151 8 37162 17 37191 8 37219 10 37243 12 37270 3 37340 7 37407 7 37418 17 37448 7 37474 12 37499 12 37526 2 37595 8 37665 3 37674 18 37729 13 37756 10 37851 8 37930 5 37937 12 37984 13 38013 8 38106 9 38194 11 38240 14 38271 5 38357 3 38362 8 38451 5 38495 18 38610 16 38752 19 38804 3 38865 7 38874 7 39008 20 39060 5 39120 7 39264 21 39315 7 39375 8 39519 23 39571 7 39603 4 39631 7 39774 23 39826 7 39858 6 39887 8 40029 24 40082 7 40112 9 40142 9 40285 24 40337 8 40363 1 40366 11 40384 2 40398 11 40541 23 40590 2 40593 7 40618 16 40638 5 40655 15 40673 2 40797 24 40844 12 40874 16 40894 5 40911 20 41053 25 41100 12 41131 16 41150 6 41169 21 41309 4 41315 20 41356 12 41388 16 41406 7 41427 15 41444 4 41572 19 41613 10 41652 9 41662 8 41685 12 41701 4 41820 1 41828 19 41870 9 41909 17 41942 10 41958 2 42076 1 42083 19 42127 7 42165 17 42199 8 42239 1 42338 20 42385 2 42422 16 42457 4 42593 20 42678 16 42849 19 42934 15 43100 3 43105 19 43191 13 43356 24 43448 11 43610 26 43705 3 43710 12 43866 25 43950 1 43966 13 44122 24 44203 6 44217 18 44378 24 44459 7 44473 18 44636 22 44713 10 44730 17 44893 21 44968 12 44986 16 45155 16 45225 10 45243 13 45273 2 45411 15 45484 4 45499 11 45526 7 45668 13 45756 7 45780 10 45925 6 46015 3 46035 13 46204 2 46291 14 46426 1 46458 7 46547 15 46680 3 46714 9 46803 17 46934 6 46969 11 47019 6 47059 18 47191 4 47210 1 47225 11 47272 10 47316 17 47447 4 47464 3 47479 13 47526 13 47573 16 47696 1 47705 2 47732 16 47781 14 47830 13 47962 1 47987 16 48036 15 48087 11 48216 3 48243 15 48268 1 48292 15 48343 11 48472 2 48494 2 48498 16 48524 3 48550 12 48600 9 48728 1 48750 20 48780 2 48809 7 48856 10 48984 1 49005 21 49112 9 49198 1 49232 1 49239 2 49260 22 49370 7 49453 4 49487 11 49516 22 49627 5 49742 12 49771 23 49998 11 50026 24 50254 11 50282 23 50510 9 50538 23 50649 3 50766 8 50796 20 50900 9 50966 3 51022 7 51054 16 51073 6 51096 1 51133 6 51155 11 51222 4 51278 7 51311 25 51351 4 51389 6 51410 12 51478 5 51534 6 51568 25 51607 4 51647 1 51650 1 51657 4 51666 12 51734 5 51791 5 51826 22 51863 3 51886 2 51912 6 51922 11 51991 4 52048 2 52082 22 52119 3 52141 7 52168 6 52176 13 52248 1 52339 21 52375 3 52396 9 52424 20 52595 20 52631 4 52652 9 52680 20 52851 20 52887 4 52907 3 52936 20 53024 1 53108 16 53143 4 53161 4 53192 19 53279 3 53366 4 53371 3 53375 3 53400 3 53416 3 53448 19 53501 3 53535 4 53628 1 53643 4 53656 2 53671 3 53704 18 53756 4 53793 3 53883 3 53897 6 53911 3 53960 17 54011 5 54050 4 54139 4 54153 6 54166 4 54215 18 54266 6 54307 4 54394 6 54409 5 54421 5 54471 3 54477 13 54521 7 54564 4 54650 6 54665 5 54676 6 54727 1 54734 13 54777 7 54820 4 54906 7 54920 5 54931 7 54990 13 55014 2 55021 1 55033 7 55076 5 55161 11 55176 5 55186 8 55245 14 55267 13 55290 6 55331 6 55418 11 55432 5 55442 7 55500 15 55522 16 55546 6 55580 3 55586 7 55674 12 55687 5 55698 7 55743 3 55756 16 55775 21 55802 6 55836 4 55841 9 55931 16 55953 7 55997 5 56011 41 56058 6 56091 16 56109 2 56188 14 56209 6 56252 6 56267 42 56314 6 56348 20 56444 14 56466 5 56508 6 56523 43 56570 6 56604 21 56701 12 56723 4 56763 6 56779 44 56827 5 56863 18 56958 10 56979 4 57019 4 57036 43 57084 4 57119 6 57130 7 57217 7 57236 3 57276 2 57293 43 57341 3 57376 2 57387 5 57474 6 57551 43 57596 4 57645 2 57731 5 57771 2 57808 43 57852 4 57988 4 58027 4 58067 45 58245 2 58282 6 58328 40 58538 7 58585 39 58794 7 58841 39 59050 7 59097 39 59306 7 59352 40 59562 7 59595 3 59608 40 59818 6 59850 5 59864 40 60074 3 60106 4 60120 40 60326 6 60362 4 60376 40 60432 1 60619 1 60633 4 60639 33 60688 1 60895 33 61151 17 61170 14 61407 17 61426 14 61662 19 61682 14 61859 1 61876 1 61918 34 62115 1 62173 35 62370 1 62389 1 62401 2 62429 35 62645 1 62656 4 62684 32 62719 1 62790 12 62880 2 62892 2 62900 2 62911 6 62940 32 63045 14 63135 3 63148 2 63156 2 63167 6 63197 31 63301 15 63391 3 63403 2 63411 3 63423 6 63455 29 63556 17 63646 3 63668 1 63680 4 63713 29 63812 18 63901 4 63971 27 64067 21 64179 3 64228 27 64323 23 64434 4 64484 28 64579 25 64691 2 64741 4 64746 22 64836 24 65003 21 65092 25 65260 20 65349 24 65435 1 65519 17
516869,0 65536
521139,0 65536
524214,0 65536
529350,22205 3 22462 1 25325 1 25581 1 25837 1
534313,0 3 6 19 30 8 40 15 78 3 172 14 208 3 256 3 262 20 286 8 295 16 427 15 463 4 512 3 518 20 542 26 683 16 719 5 768 4 773 22 797 27 911 2 939 16 975 5 1024 57 1165 5 1195 16 1231 4 1254 4 1280 57 1420 7 1451 15 1488 2 1500 15 1536 57 1675 9 1707 15 1755 17 1792 57 1930 11 1963 14 2010 18 2048 57 2186 12 2220 12 2266 19 2304 56 2442 12 2477 11 2522 19 2560 55 2698 13 2734 9 2778 19 2817 53 2954 13 2990 8 3034 20 3073 53 3211 12 3246 7 3291 19 3330 34 3367 16 3468 11 3504 3 3523 3 3551 16 3587 34 3623 16 3725 10 3778 6 3807 16 3844 51 3982 10 4035 6 4064 16 4101 50 4238 19 4292 6 4321 15 4352 1 4359 45 4493 21 4544 3 4550 6 4584 7 4608 1 4615 43 4749 22 4800 3 4808 6 4841 5 4864 1 4871 42 5005 23 5056 4 5064 14 5081 3 5120 5 5127 41 5261 24 5312 5 5320 15 5336 5 5376 4 5383 31 5415 9 5517 24 5569 5 5577 22 5600 4 5632 5 5639 30 5670 9 5774 23 5825 5 5834 27 5888 5 5896 26 5924 11 6029 23 6082 4 6090 26 6144 6 6153 23 6180 10 6285 22 6338 4 6347 23 6400 6 6410 21 6436 9 6498 3 6541 5 6549 13 6595 4 6603 21 6656 6 6668 19 6692 9 6752 11 6798 2 6807 11 6834 3 6851 4 6859 14 6912 7 6923 20 6948 10 7008 13 7063 10 7088 8 7108 4 7114 14 7168 7 7178 21 7204 11 7227 3 7255 4 7263 16 7290 1 7319 9 7344 11 7364 20 7424 30 7459 14 7480 7 7509 27 7544 5 7574 9 7600 12 7620 21 7680 30 7715 15 7736 8 7765 28 7800 6 7830 9 7855 13 7876 21 7937 29 7970 16 7991 9 8020 30 8056 7 8086 8 8111 12 8131 23 8194 28 8225 9 8235 7 8247 10 8276 30 8312 8 8342 7 8367 11 8386 25 8450 14 8473 5 8481 6 8493 4 8502 12 8532 31 8569 6 8598 6 8624 9 8642 26 8707 12 8731 4 8738 4 8757 13 8788 32 8826 4 8855 4 8881 8 8898 26 8964 11 8987 4 9011 17 9044 32 9138 6 9155 25 9221 10 9243 4 9266 19 9300 32 9396 2 9413 23 9478 11 9522 20 9557 30 9671 19 9736 10 9778 20 9813 30 9934 10 9991 11 10035 20 10069 29 10191 5 10247 12 10292 19 10325 29 10503 11 10533 3 10552 16 10581 28 10759 11 10787 6 10809 15 10838 27 11015 11 11042 8 11066 15 11094 26 11271 10 11298 8 11323 15 11351 24 11528 9 11553 8 11579 24 11607 22 11784 9 11810 7 11835 25 11864 20 12041 8 12067 3 12089 29 12121 19 12298 5 12345 29 12378 18 12600 30 12633 19 12855 53 13110 54 13366 54 13621 41 13663 14 13877 40 13920 13 14132 40 14176 13 14388 40 14432 13 14645 39 14688 13 14902 2 14907 32 14943 14 15163 16 15181 11 15200 13 15420 13 15437 10 15456 13 15656 3 15677 10 15693 9 15712 13 15906 11 15920 5 15936 5 15950 8 15969 11 16161 20 16207 6 16225 11 16416 21 16464 4 16482 10 16672 21 16746 1 16927 22 17181 24 17435 26 17691 26 17915 5 17947 26 18169 12 18204 24 18424 15 18462 22 18679 15 18719 20 18935 15 18961 5 18975 20 19191 13 19216 13 19231 20 19448 10 19464 22 19487 21 19704 9 19719 46 19961 7 19974 47 20217 7 20230 48 20474 6 20486 49 20715 3 20725 4 20742 49 20970 5 20980 6 20999 49 21225 8 21234 8 21253 51 21481 18 21508 53 21736 19 21763 54 21993 19 22018 34 22053 4 22059 14 22249 20 22274 34 22318 10 22506 19 22529 34 22576 7 22763 21 22785 34 22823 3 23020 20 23042 33 23079 4 23096 3 23279 17 23300 31 23334 4 23351 6 23501 4 23533 19 23557 30 23589 5 23606 9 23756 6 23789 19 23821 22 23846 3 23860 11 24012 6 24045 19 24079 19 24103 1 24115 13 24268 5 24301 19 24337 18 24371 12 24524 5 24557 19 24594 17 24627 11 24779 5 24815 6 24824 8 24852 15 24883 10 25031 9 25062 4 25073 1 25080 8 25109 14 25140 9 25220 4 25283 13 25309 15 25336 8 25365 14 25397 7 25476 4 25538 13 25564 16 25592 8 25621 14 25654 6 25732 4 25792 14 25819 18 25848 8 25878 12 25910 5 25988 4 26048 14 26075 18 26105 7 26134 12 26167 4 26244 4 26303 15 26331 19 26362 6 26391 10 26500 4 26560 14 26586 20 26619 5 26650 5 26756 3 26816 14 26841 21 26879 1 26906 4 27073 13 27098 21 27162 3 27285 2 27332 4 27338 4 27354 25 27418 1 27611 26 27868 27 28125 29 28381 30 28588 3 28638 29 28842 6 28894 29 29097 7 29150 28 29352 8 29407 2 29412 22 29608 7 29670 19 29865 3 29927 18 30183 17 30232 4 30440 16 30487 7 30697 15 30742 10 30955 9 30998 10 31213 4 31253 12 31509 13 31764 16 31781 4 32020 22 32276 24 32532 25 32789 25 33045 25 33302 24 33558 24 33813 6 33823 15 34067 7 34081 13 34323 7 34338 3 34343 8 34578 7 34596 1 34599 8 34834 7 34852 12 35088 8 35107 13 35344 6 35363 12 35599 5 35618 13 35851 8 35873 14 35985 4 36107 6 36128 15 36240 8 36339 3 36363 3 36383 16 36495 10 36526 1 36594 6 36638 16 36751 10 36780 4 36849 10 36894 14 37007 10 37034 7 37104 12 37135 2 37142 1 37150 13 37263 12 37289 9 37358 15 37391 10 37406 12 37519 18 37543 10 37612 17 37647 11 37662 11 37776 18 37798 12 37868 19 37905 9 37915 13 38032 19 38054 12 38124 20 38162 7 38172 11 38271 3 38275 4 38288 20 38310 13 38380 20 38429 9 38525 13 38544 20 38566 14 38636 20 38779 17 38800 20 38823 13 38892 20 39034 42 39080 12 39148 20 39290 42 39337 11 39403 21 39545 43 39594 10 39658 22 39801 7 39809 36 39850 9 39913 16 39932 4 40057 5 40065 37 40107 8 40169 14 40191 1 40312 6 40321 37 40364 7 40425 13 40568 8 40577 37 40620 7 40680 13 40823 46 40878 4 40936 12 41079 45 41193 11 41245 3 41335 43 41449 11 41500 5 41590 44 41704 13 41756 6 41845 45 41961 12 42012 7 42100 46 42217 13 42268 7 42348 3 42356 47 42473 13 42524 7 42603 4 42611 48 42729 13 42780 7 42859 5 42867 48 42984 14 43037 5 43115 5 43121 50 43240 14 43294 3 43372 2 43375 24 43401 26 43496 14 43605 6 43632 20 43658 25 43752 13 43860 7 43873 4 43888 18 43915 24 44008 13 44024 6 44114 9 44128 6 44144 17 44171 24 44263 14 44279 9 44361 19 44383 7 44400 17 44428 23 44519 13 44534 10 44616 31 44655 20 44684 23 44764 2 44775 13 44790 10 44872 32 44909 22 44941 10 44952 11 44974 2 45019 3 45031 12 45046 10 45128 33 45163 24 45198 8 45209 10 45228 5 45275 4 45290 8 45301 11 45384 20 45405 38 45455 6 45465 9 45483 7 45531 4 45548 5 45557 11 45640 7 45649 7 45661 38 45712 4 45721 8 45737 10 45787 3 45805 4 45813 11 45890 1 45895 8 45905 6 45918 37 45970 1 45978 6 45991 13 46043 3 46061 3 46069 11 46143 7 46151 9 46161 6 46174 8 46183 11 46199 11 46235 3 46246 16 46326 10 46398 8 46407 16 46430 6 46441 9 46456 9 46502 17 46582 10 46654 8 46663 7 46671 8 46685 8 46700 5 46712 8 46757 19 46838 10 46892 4 46909 9 46919 6 46928 7 46940 9 46958 1 46969 8 47006 2 47013 20 47094 10 47147 14 47165 8 47178 1 47185 6 47196 10 47226 8 47238 2 47262 5 47270 20 47349 11 47403 25 47442 5 47453 9 47485 12 47519 5 47527 23 47604 12 47659 25 47700 2 47709 11 47721 4 47741 12 47777 2 47784 22 47859 13 47916 24 47966 16 47998 11 48041 22 48115 13 48172 24 48224 15 48260 5 48309 11 48370 14 48429 23 48481 14 48516 4 48566 17 48602 3 48626 14 48684 24 48738 13 48774 1 48823 6 48830 11 48857 5 48883 13 48937 27 48995 12 49066 2 49079 5 49089 10 49113 5 49144 8 49189 31 49252 10 49285 2 49321 3 49337 2 49347 9 49369 5 49400 8 49445 31 49508 10 49540 3 49576 4 49605 7 49625 5 49657 7 49700 26 49727 4 49765 9 49796 3 49832 3 49864 2 49882 4 49913 7 49956 24 49984 3 50021 8 50051 4 50088 2 50094 1 50139 1 50169 7 50212 25 50240 4 50277 7 50307 4 50343 1 50346 7 50382 5 50399 1 50426 6 50460 5 50468 25 50496 5 50507 4 50532 8 50563 4 50594 6 50602 7 50634 10 50654 4 50682 6 50714 35 50751 6 50762 5 50788 8 50820 1 50849 7 50857 9 50885 15 50909 5 50937 7 50958 1 50969 36 51007 7 51017 5 51043 9 51105 20 51140 16 51164 6 51192 8 51213 3 51225 53 51299 8 51361 21 51392 20 51420 6 51448 8 51469 3 51481 52 51554 9 51617 22 51647 21 51675 6 51703 9 51725 3 51735 54 51813 5 51860 4 51873 23 51902 21 51931 5 51959 9 51981 3 51990 55 52070 3 52115 6 52129 23 52158 10 52170 6 52187 5 52215 9 52238 1 52246 55 52325 3 52371 6 52385 24 52413 8 52429 3 52434 2 52443 4 52471 15 52501 56 52581 2 52628 5 52641 25 52669 7 52690 3 52700 3 52727 16 52757 57 52885 4 52898 24 52925 6 52945 5 52957 6 52964 4 52983 17 53012 59 53143 1 53145 2 53155 23 53182 4 53200 6 53213 12 53240 16 53268 59 53413 6 53424 9 53438 4 53456 6 53469 13 53496 16 53524 59 53669 5 53681 8 53694 6 53702 1 53709 9 53724 15 53751 15 53781 8 53791 37 53829 13 53924 6 53937 7 53948 26 53981 17 54007 9 54037 8 54047 37 54085 14 54179 7 54194 5 54203 27 54237 19 54262 10 54295 6 54303 37 54349 7 54436 7 54458 27 54493 20 54514 14 54552 1 54559 37 54606 2 54609 4 54692 7 54713 27 54749 35 54808 1 54814 37 54865 5 54949 6 54968 26 55003 37 55069 38 55112 3 55121 5 55205 7 55224 25 55252 12 55266 30 55322 40 55366 6 55377 5 55461 7 55477 42 55522 30 55568 4 55577 41 55621 7 55634 4 55718 6 55732 42 55778 30 55824 52 55877 8 55892 1 55974 6 55987 22 56010 21 56034 25 56066 6 56075 66 56231 5 56244 12 56258 5 56272 15 56289 26 56321 76 56488 6 56500 11 56514 4 56529 14 56544 27 56577 75 56740 2 56744 7 56756 10 56771 3 56786 42 56833 76 56996 11 57012 14 57028 2 57051 34 57090 76 57251 12 57269 4 57278 5 57284 1 57308 33 57347 5 57357 65 57507 11 57534 6 57564 33 57604 4 57613 10 57625 49 57676 1 57763 10 57790 6 57820 33 57860 4 57870 58 58020 9 58045 8 58074 16 58093 15 58116 4 58126 20 58151 32 58276 8 58301 10 58329 16 58354 9 58374 3 58383 55 58533 7 58556 12 58585 16 58610 7 58630 3 58640 31 58673 21 58726 1 58748 3 58789 7 58812 13 58840 17 58867 4 58886 5 58896 31 58930 20 59004 3 59046 6 59068 12 59087 5 59097 16 59141 7 59153 15 59169 10 59181 2 59187 19 59260 3 59303 5 59323 13 59341 8 59353 19 59397 8 59410 12 59431 3 59446 18 59559 5 59579 9 59597 8 59609 20 59650 11 59671 5 59702 20 59815 5 59835 8 59853 8 59865 21 59911 4 59926 5 59951 4 59958 22 60071 5 60091 9 60109 8 60121 12 60135 7 60160 2 60181 5 60207 4 60214 22 60327 6 60345 11 60365 8 60377 11 60392 7 60416 2 60437 3 60464 1 60470 22 60583 7 60603 9 60622 6 60635 7 60649 5 60672 1 60694 1 60726 21 60839 7 60859 8 60879 4 60906 3 60928 1 60983 20 61096 6 61115 8 61239 20 61352 6 61370 9 61495 19 61609 6 61620 1 61627 7 61751 19 61866 6 61875 3 61883 7 62010 17 62072 3 62123 11 62139 7 62224 5 62239 3 62267 16 62298 1 62326 6 62380 11 62395 7 62479 7 62494 5 62522 17 62554 1 62582 7 62633 14 62651 7 62735 8 62749 6 62776 19 62810 1 62837 9 62888 15 62907 7 62990 9 63004 7 63034 17 63091 11 63144 15 63163 7 63246 9 63259 8 63291 16 63346 13 63399 16 63419 6 63502 9 63517 6 63543 20 63602 14 63619 3 63656 15 63676 2 63758 5 63781 3 63798 5 63805 14 63858 22 63912 14 64015 2 64036 5 64055 4 64061 8 64114 22 64169 12 64291 6 64316 8 64370 22 64426 10 64552 1 64572 6 64585 2 64625 23 64678 14 64828 4 64840 7 64881 23 64932 16 65019 1 65054 1 65083 5 65096 9 65137 24 65188 16 65274 3 65309 3 65325 4 65337 8 65351 11 65392 30 65444 16 65529 4
534649,63890 1
535798,0 25 66 7 80 14 95 3 139 12 173 7 251 1 256 24 323 7 337 12 395 11 429 6 506 2 512 23 579 7 594 10 651 10 686 5 761 3 768 22 835 11 851 8 907 9 942 6 1017 4 1024 20 1091 13 1106 8 1164 6 1198 9 1271 8 1280 11 1346 22 1420 3 1453 12 1526 20 1602 21 1709 13 1781 21 1858 21 1965 15 1993 4 2036 21 2114 21 2220 17 2248 7 2291 23 2370 20 2476 19 2503 12 2547 11 2560 10 2627 19 2733 19 2759 13 2803 10 2816 13 2883 19 2989 23 3014 15 3059 9 3072 13 3139 19 3245 41 3305 3 3315 5 3328 12 3394 19 3502 40 3560 5 3571 4 3584 11 3650 18 3758 40 3815 7 3826 4 3840 11 3905 18 3997 4 4015 38 4070 9 4081 5 4098 8 4161 15 4251 7 4273 35 4326 15 4357 5 4417 14 4506 9 4531 25 4558 4 4581 16 4618 3 4672 14 4762 9 4794 18 4837 16 4873 7 4928 13 5018 10 5051 17 5093 16 5119 1 5129 7 5184 13 5253 3 5275 9 5308 16 5349 17 5374 2 5385 6 5440 11 5466 6 5508 5 5532 4 5570 10 5605 18 5626 6 5642 3 5696 11 5721 9 5747 3 5763 8 5827 9 5862 26 5952 11 5978 10 6002 5 6018 12 6031 7 6119 25 6209 9 6234 12 6252 1 6257 7 6274 20 6376 24 6466 7 6492 10 6506 6 6513 7 6529 22 6590 2 6631 25 6722 7 6738 1 6742 1 6749 10 6762 6 6769 6 6785 22 6846 2 6885 26 6978 6 6990 11 7006 10 7017 7 7026 1 7039 25 7140 17 7234 7 7246 11 7263 17 7291 29 7396 13 7439 6 7490 7 7501 12 7520 15 7546 30 7652 9 7694 8 7746 8 7757 12 7777 14 7801 5 7808 24 7910 6 7949 11 8002 8 8014 11 8033 14 8057 4 8065 8 8076 12 8205 14 8259 8 8270 12 8289 14 8314 2 8322 7 8333 11 8346 3 8461 16 8516 7 8527 12 8545 13 8580 5 8590 9 8603 2 8649 3 8717 17 8764 3 8772 8 8784 12 8802 12 8837 4 8846 8 8859 2 8904 5 8973 18 9019 5 9028 9 9041 11 9060 1 9064 6 9078 5 9094 1 9102 7 9116 1 9159 6 9229 18 9275 7 9283 11 9297 11 9322 3 9333 7 9359 5 9372 2 9414 6 9444 3 9484 19 9530 20 9553 10 9589 8 9614 6 9628 4 9670 6 9700 4 9740 18 9787 20 9809 9 9844 9 9862 4 9870 7 9884 4 9926 4 9947 1 9955 5 9996 17 10043 19 10066 7 10100 9 10117 5 10126 10 10140 3 10202 6 10210 7 10251 17 10299 19 10324 3 10346 3 10356 8 10372 7 10381 13 10458 15 10507 16 10556 17 10601 5 10613 6 10627 7 10637 12 10714 15 10762 15 10813 15 10856 6 10869 4 10883 7 10893 11 10969 16 11018 15 11070 13 11106 2 11109 10 11139 7 11148 11 11225 15 11272 17 11326 12 11360 15 11396 6 11403 11 11482 10 11527 19 11582 12 11616 20 11659 11 11704 4 11738 11 11782 21 11837 12 11871 22 11915 12 11953 3 11960 4 11995 10 12037 24 12092 13 12126 24 12172 11 12208 4 12217 2 12251 11 12292 26 12347 13 12382 24 12428 11 12443 3 12464 4 12508 10 12547 28 12602 13 12638 24 12685 6 12699 3 12720 3 12764 11 12803 30 12856 12 12895 23 12942 4 12954 4 12976 2 13020 11 13060 13 13075 16 13111 14 13144 4 13151 23 13198 2 13211 4 13231 3 13276 11 13316 13 13332 16 13367 15 13399 31 13466 6 13486 4 13533 9 13579 5 13588 16 13625 13 13655 21 13677 9 13722 6 13740 7 13791 5 13837 2 13845 17 13882 13 13910 21 13933 9 13977 8 13994 9 14101 17 14138 14 14166 20 14190 8 14233 8 14249 10 14358 17 14394 15 14423 19 14446 7 14489 8 14503 12 14614 17 14649 17 14679 19 14703 6 14745 25 14871 17 14904 18 14936 9 14947 6 14960 4 15001 25 15130 14 15158 20 15192 10 15203 7 15257 19 15390 10 15413 21 15449 9 15460 6 15513 17 15648 8 15669 21 15707 7 15715 7 15770 17 15906 5 15924 23 15964 14 16026 17 16163 3 16180 23 16218 16 16283 16 16436 23 16473 17 16539 17 16692 23 16728 8 16739 6 16794 18 16948 23 16983 8 16995 5 17050 19 17204 22 17238 9 17252 4 17306 18 17461 21 17494 9 17562 18 17717 20 17750 9 17820 8 17926 4 17972 19 18005 9 18182 7 18228 17 18261 10 18389 1 18437 10 18482 18 18517 10 18643 5 18693 10 18737 19 18773 14 18899 6 18950 9 18993 19 19028 16 19154 8 19206 9 19249 18 19282 20 19410 8 19463 7 19479 1 19505 18 19538 21 19666 14 19763 15 19793 23 19829 2 19921 16 20022 11 20048 26 20083 6 20177 4 20182 11 20279 10 20304 27 20338 8 20434 16 20535 9 20560 28 20593 10 20680 5 20690 16 20791 8 20817 29 20849 11 20935 7 20946 15 21048 6 21074 42 21191 8 21201 15 21304 6 21331 9 21342 30 21446 9 21458 14 21525 3 21561 5 21588 6 21599 29 21702 10 21714 12 21736 2 21779 6 21818 3 21857 25 21958 10 21969 12 21991 4 22020 6 22034 8 22074 3 22116 17 22134 2 22214 7 22223 13 22246 6 22275 9 22289 10 22330 2 22371 3 22375 15 22470 22 22502 6 22531 25 22626 4 22633 13 22664 3 22727 21 22758 7 22787 26 22881 7 22889 13 22921 2 22983 20 23014 8 23042 28 23137 21 23240 19 23270 10 23296 31 23393 21 23496 20 23526 12 23552 2 23559 2 23562 8 23571 12 23649 7 23657 13 23752 23 23782 14 23808 1 23811 2 23818 7 23828 12 23906 5 23914 12 24008 24 24039 14 24064 1 24067 2 24074 6 24085 12 24170 12 24265 25 24297 13 24320 1 24323 2 24329 7 24341 12 24426 12 24521 25 24553 13 24585 7 24597 11 24683 9 24727 4 24777 27 24809 1 24812 10 24840 8 24853 10 24939 7 24982 6 25034 27 25068 10 25095 9 25109 10 25195 7 25216 11 25236 9 25290 21 25314 3 25324 11 25352 8 25366 2 25369 6 25451 6 25471 12 25491 11 25546 27 25580 10 25609 6 25629 2 25707 5 25727 12 25746 14 25795 1 25802 28 25836 10 25865 5 25881 2 25885 3 25964 3 25982 13 26003 20 26050 3 26058 28 26091 11 26137 8 26234 17 26259 21 26305 4 26315 25 26347 12 26362 4 26393 9 26488 18 26516 21 26561 5 26570 25 26602 21 26649 9 26744 18 26773 21 26816 6 26826 24 26856 3 26860 20 26904 11 27000 18 27030 20 27073 4 27083 23 27112 24 27160 11 27257 16 27296 11 27329 4 27339 23 27365 2 27368 24 27415 12 27514 15 27552 11 27596 23 27620 28 27670 9 27770 14 27796 5 27808 11 27853 51 27925 9 28027 12 28050 8 28064 11 28110 50 28179 10 28283 11 28303 12 28320 10 28367 49 28434 9 28539 10 28558 13 28576 9 28624 48 28689 9 28796 7 28813 13 28832 8 28880 48 28946 7 28993 2 29052 7 29068 14 29089 7 29137 47 29202 4 29248 4 29308 9 29323 15 29346 6 29395 28 29424 16 29460 1 29471 2 29481 2 29504 3 29564 10 29578 9 29592 2 29603 4 29652 27 29680 5 29688 8 29717 1 29723 6 29734 6 29813 5 29821 11 29834 8 29848 2 29910 31 29945 7 29974 10 29989 7 30068 6 30078 20 30167 30 30201 7 30230 9 30244 8 30264 1 30311 4 30323 7 30334 19 30424 21 30446 8 30458 6 30486 10 30500 8 30567 4 30579 7 30591 18 30680 30 30714 6 30739 3 30745 7 30756 7 30825 2 30836 6 30847 17 30935 31 30970 6 30996 1 31001 7 31012 7 31024 1 31093 5 31103 4 31108 7 31118 1 31190 32 31226 6 31257 6 31267 7 31278 2 31350 2 31359 3 31366 3 31446 32 31482 6 31495 1 31513 6 31522 9 31701 33 31738 6 31748 6 31769 6 31777 10 31957 33 31994 6 32003 7 32026 1 32033 10 32213 33 32249 7 32257 9 32289 11 32470 31 32504 8 32513 8 32528 2 32542 1 32545 12 32727 41 32770 4 32775 1 32783 6 32797 20 32984 40 33039 6 33053 20 33240 40 33295 6 33310 19 33484 2 33497 39 33545 4 33551 7 33569 16 33590 1 33739 3 33754 38 33799 17 33827 14 33845 2 33995 3 34011 37 34054 20 34083 13 34101 2 34268 36 34310 21 34340 11 34524 36 34566 21 34597 9 34781 35 34821 22 34852 9 35008 4 35037 3 35044 28 35077 22 35108 9 35263 8 35293 2 35300 28 35333 22 35363 13 35519 10 35549 2 35555 29 35590 21 35620 13 35775 11 35811 29 35847 13 35861 3 35877 13 36032 10 36067 29 36103 12 36133 13 36149 9 36288 11 36323 16 36344 8 36360 11 36388 27 36536 2 36545 11 36579 13 36601 7 36617 10 36644 27 36793 2 36801 12 36836 11 36859 5 36875 7 36899 29 37050 3 37058 14 37076 4 37093 10 37117 3 37134 2 37155 29 37306 3 37314 22 37349 11 37375 1 37410 30 37563 1 37570 23 37605 11 37666 30 37752 1 37827 22 37860 13 37911 3 37923 30 38006 3 38084 21 38116 14 38167 5 38179 29 38261 5 38340 21 38371 16 38416 17 38435 29 38516 6 38597 19 38627 17 38671 49 38772 7 38854 18 38882 18 38926 50 39033 3 39110 16 39138 19 39182 50 39271 2 39364 15 39394 19 39438 51 39526 4 39618 16 39650 19 39694 50 39749 3 39782 5 39873 17 39897 1 39906 20 39950 50 40005 3 40038 5 40127 18 40150 7 40163 19 40206 50 40261 4 40294 5 40382 11 40394 6 40405 9 40421 5 40428 10 40462 40 40503 9 40518 3 40550 4 40637 13 40660 13 40687 8 40709 1 40717 40 40759 9 40774 3 40893 13 40916 15 40946 7 40964 47 41016 8 41032 1 41149 13 41171 17 41203 9 41219 48 41274 6 41404 11 41427 17 41459 10 41475 42 41519 4 41659 12 41683 17 41715 11 41731 41 41775 4 41915 12 41939 17 41971 11 41988 41 42031 4 42171 12 42196 17 42226 12 42245 39 42427 11 42453 16 42478 16 42502 38 42684 2 42690 2 42710 15 42732 17 42758 37 42939 3 42966 15 42987 17 43017 32 43193 5 43222 15 43241 17 43273 31 43432 4 43449 4 43478 15 43496 18 43526 1 43529 31 43687 5 43705 4 43734 37 43782 1 43786 30 43942 7 43954 2 43961 1 43990 38 44043 30 44146 6 44198 8 44210 3 44245 40 44300 16 44320 13 44401 9 44454 9 44466 4 44501 41 44557 15 44577 14 44657 9 44710 16 44729 8 44758 16 44777 22 44814 13 44834 8 44843 4 44913 9 44966 28 45014 16 45034 22 45071 12 45090 6 45152 1 45169 9 45223 27 45270 16 45291 21 45328 11 45346 4 45426 8 45479 26 45526 13 45548 20 45584 12 45600 5 45682 8 45735 26 45782 12 45804 19 45841 20 45940 5 45992 24 46038 12 46060 18 46097 20 46198 4 46249 24 46293 13 46317 4 46322 11 46354 18 46455 3 46505 23 46548 13 46574 3 46580 8 46609 19 46711 3 46762 22 46803 11 46831 1 46837 6 46865 18 46967 4 47018 21 47059 11 47093 5 47121 15 47224 3 47274 17 47316 9 47349 3 47382 7 47480 5 47530 16 47572 9 47605 2 47639 5 47709 3 47716 1 47736 6 47786 16 47828 9 47861 3 47896 4 47964 11 47992 12 48042 16 48084 10 48117 3 48152 4 48222 1 48226 7 48248 12 48298 16 48341 8 48374 2 48409 3 48484 5 48504 12 48553 17 48597 8 48631 1 48664 4 48741 5 48761 10 48808 18 48853 8 48918 7 48998 7 49017 10 49064 18 49110 7 49174 7 49255 9 49274 8 49320 18 49366 8 49399 1 49429 8 49512 9 49530 7 49576 18 49623 7 49655 3 49686 7 49697 2 49769 8 49788 2 49834 15 49880 6 49911 3 49954 1 50025 8 50093 11 50137 5 50167 2 50282 6 50352 7 50395 4 50401 3 50423 2 50539 4 50609 5 50652 10 50678 3 50795 4 50866 2 50909 10 50933 4 51051 4 51166 9 51177 1 51188 5 51306 8 51422 8 51432 7 51443 6 51561 10 51679 7 51688 17 51717 4 51731 4 51813 14 51936 6 51945 6 51952 9 51972 7 51985 6 52001 3 52067 18 52150 7 52193 4 52223 1 52227 7 52241 6 52256 6 52323 19 52406 8 52451 2 52478 2 52483 7 52496 7 52512 7 52578 21 52662 8 52734 2 52738 7 52752 7 52768 8 52834 23 52965 1 52989 3 52993 8 53008 6 53023 8 53090 24 53221 1 53245 3 53249 8 53264 6 53278 9 53299 3 53345 25 53408 2 53476 3 53501 3 53505 9 53520 6 53532 10 53554 4 53576 3 53601 3 53605 7 53615 11 53662 4 53733 2 53758 2 53762 9 53776 6 53787 11 53811 3 53828 7 53857 3 53862 4 53873 9 53910 4 53918 4 54014 2 54018 19 54042 12 54068 2 54083 9 54114 1 54129 9 54164 7 54174 4 54271 1 54275 18 54297 14 54324 3 54339 9 54385 9 54420 8 54430 7 54519 1 54525 3 54532 17 54552 15 54581 4 54594 11 54641 9 54675 19 54769 15 54794 10 54807 16 54838 3 54850 13 54897 9 54931 19 55024 16 55051 8 55062 17 55094 3 55105 15 55152 9 55187 20 55279 17 55307 28 55349 5 55361 15 55408 9 55432 4 55443 20 55534 18 55569 22 55605 6 55616 17 55664 8 55688 4 55700 19 55785 23 55824 23 55860 7 55871 18 55920 8 55944 5 55958 16 56040 24 56080 23 56114 9 56127 18 56176 7 56199 6 56214 16 56295 25 56335 24 56370 9 56382 20 56432 6 56455 5 56469 12 56551 25 56591 24 56626 32 56687 6 56711 5 56724 12 56807 25 56847 24 56882 33 56942 7 56967 5 56979 13 57064 24 57103 24 57137 34 57198 6 57223 5 57234 8 57243 5 57321 23 57358 26 57393 34 57454 7 57479 5 57490 8 57501 4 57513 1 57578 22 57612 29 57649 34 57711 5 57735 4 57745 9 57758 5 57768 4 57836 20 57863 2 57868 29 57905 35 57967 4 58001 9 58015 5 58025 2 58093 19 58118 4 58126 28 58161 5 58169 27 58224 3 58257 3 58262 4 58271 6 58349 19 58374 6 58385 24 58425 31 58482 1 58488 2 58513 3 58518 4 58528 4 58606 18 58630 6 58641 24 58682 31 58734 2 58738 10 58775 4 58786 2 58862 9 58874 6 58886 6 58898 23 58938 32 58990 14 59030 6 59117 10 59130 6 59142 6 59155 21 59194 37 59246 15 59286 7 59302 3 59373 9 59386 6 59399 5 59415 17 59452 6 59462 25 59502 16 59542 7 59558 4 59565 2 59628 10 59642 6 59655 5 59675 12 59710 2 59719 24 59754 2 59757 18 59798 8 59815 9 59883 11 59898 6 59912 4 59933 9 59975 25 60008 3 60014 2 60017 3 60021 11 60054 8 60067 13 60139 10 60153 7 60168 4 60189 7 60231 25 60263 3 60274 1 60278 10 60301 1 60310 10 60322 5 60331 6 60394 5 60400 5 60408 8 60446 5 60489 23 60518 4 60534 2 60537 7 60556 4 60565 11 60578 6 60589 4 60651 4 60656 7 60664 8 60702 4 60751 18 60773 6 60784 1 60789 2 60793 7 60812 6 60820 12 60834 6 60847 3 60907 3 60913 15 61008 18 61028 7 61039 4 61049 7 61068 19 61090 6 61103 3 61170 14 61265 25 61295 5 61305 7 61324 8 61346 7 61359 4 61426 13 61521 25 61550 5 61562 6 61581 7 61602 7 61616 4 61682 12 61778 23 61805 5 61818 5 61838 6 61859 7 61873 3 61936 14 62035 22 62060 5 62075 4 62094 5 62117 4 62129 4 62156 3 62191 14 62293 19 62316 4 62332 2 62350 2 62385 8 62412 4 62447 10 62550 18 62572 3 62641 8 62668 4 62702 10 62806 18 62897 8 62923 5 62957 10 63063 16 63154 7 63179 6 63213 13 63326 9 63410 6 63434 7 63468 15 63576 2 63583 6 63689 8 63724 16 63746 9 63831 3 63841 2 63944 9 63979 17 64001 11 64087 4 64200 9 64235 17 64256 13 64343 4 64457 9 64491 18 64512 14 64599 5 64714 8 64747 18 64768 15 64854 6 64972 6 65003 18 65024 16 65110 6 65207 3 65230 4 65259 18 65280 16 65308 2 65366 6 65461 6 65515 18
544420,0 65536
548413,0 65536
562305,12874 1
563581,0 8 52 1 77 19 102 7 256 1 260 5 334 17 359 6 512 1 518 3 590 17 615 6 768 1 775 2 846 15 871 4 1024 1 1103 11 1359 12 1615 12 1864 6 1871 13 1902 1 1977 1 2119 24 2375 24 2625 3 2631 23 2881 5 2887 21 3137 4 3144 20 3394 3 3405 14 3650 3 3661 14 3904 7 3916 15 4158 9 4172 16 4413 11 4429 16 4668 13 4685 16 4924 14 4946 11 5183 10 5207 6 5441 5 5466 2 6216 1 6472 7 6504 1 6728 8 6986 6 7244 4 8282 1 8538 1 8704 1 8960 1 9216 1 9472 2 9728 2 9806 1 9984 2 10062 1 10240 2 10318 1 10496 2 10752 2 10794 3 11008 1 11051 2 11308 1 11842 2 12034 2 12098 3 12289 3 12355 2 12377 2 12544 4 12632 4 12800 4 12858 1 12887 6 13057 3 13143 6 13314 2 13372 3 13398 7 13627 4 13654 8 13883 3 13909 10 14139 2 14173 2 14408 1 14429 3 14684 4 14882 2 14940 8 15137 5 15202 1 15393 5 15440 1 15650 4 15696 1 15708 1 15907 3 15952 1 15964 2 16208 1 16213 4 16220 3 16468 11 16723 12 16803 1 16979 7 16987 4 17058 2 17235 12 17492 11 17753 4 18010 1 21198 2 21481 1 21736 2 21745 1 22229 3 22487 1 22743 2 22763 1 23000 2 23256 3 23513 3 23720 3 23769 4 23977 1 24762 2 25009 1 25110 4 25115 3 25261 1 25265 1 25287 3 25366 7 25517 3 25540 5 25621 7 25772 4 25795 6 25807 1 25813 3 25822 4 25878 5 26028 4 26051 6 26069 3 26078 4 26135 1 26285 3 26299 1 26308 5 26325 4 26334 5 26362 6 26390 2 26541 4 26554 5 26564 4 26570 2 26581 4 26591 4 26607 3 26617 10 26646 3 26796 8 26809 7 26821 3 26826 2 26838 3 26847 4 26861 7 26873 9 26901 4 27052 9 27064 8 27077 1 27081 3 27098 2 27103 4 27119 4 27130 2 27136 2 27157 4 27308 20 27337 3 27353 4 27358 6 27381 2 27387 1 27392 1 27565 18 27589 1 27593 5 27611 1 27614 4 27637 3 27673 2 27821 17 27845 1 27851 4 27870 3 27894 2 27929 1 28010 3 28078 17 28101 1 28106 5 28150 2 28266 4 28334 20 28357 1 28362 6 28385 1 28406 3 28524 1 28590 25 28618 6 28662 2 28845 27 28874 6 28903 4 28917 1 29101 6 29112 17 29130 6 29158 5 29173 1 29184 1 29221 2 29356 6 29369 16 29386 5 29414 5 29474 2 29477 2 29612 6 29626 16 29644 2 29669 4 29693 1 29712 1 29728 8 29867 7 29882 9 29895 3 29923 6 29949 3 29984 10 30124 7 30138 9 30152 2 30179 6 30204 4 30240 11 30380 8 30394 9 30425 1 30434 2 30438 3 30451 1 30459 5 30497 10 30637 7 30650 8 30680 3 30690 2 30694 2 30707 1 30715 5 30753 5 30759 6 30893 9 30906 8 30935 6 30944 5 30950 2 30963 2 30971 5 31009 12 31151 7 31162 8 31177 1 31190 7 31200 4 31218 3 31227 5 31265 11 31408 7 31420 7 31433 2 31443 11 31474 4 31483 5 31522 10 31665 6 31676 8 31688 4 31699 13 31730 4 31739 5 31778 10 31922 5 31933 16 31956 12 31986 5 31995 5 32001 3 32034 11 32178 5 32189 6 32196 11 32212 7 32220 4 32242 5 32256 7 32290 17 32433 5 32445 4 32453 11 32468 6 32477 5 32499 3 32512 7 32543 21 32689 5 32703 1 32708 13 32724 6 32733 6 32755 3 32768 7 32798 23 32945 6 32964 3 32970 7 32981 6 32990 10 33024 7 33054 24 33201 6 33219 5 33230 2 33238 18 33284 1 33313 5 33319 16 33456 8 33473 7 33494 19 33570 3 33575 17 33712 8 33728 8 33750 19 33826 2 33831 17 33969 7 33985 7 34007 18 34087 17 34225 6 34242 6 34264 17 34343 16 34482 3 34500 5 34521 3 34527 8 34599 16 34738 3 34757 3 34784 7 34801 1 34819 3 34855 15 34994 3 35040 8 35057 2 35076 2 35108 1 35110 15 35250 3 35296 8 35313 4 35364 14 35506 4 35552 9 35569 6 35620 14 35763 3 35808 10 35825 6 35844 1 35878 12 36020 2 36064 11 36076 8 36100 1 36135 11 36150 1 36155 2 36321 20 36391 11 36406 1 36410 3 36577 22 36652 4 36662 1 36666 3 36833 22 36918 1 37089 21 37174 1 37345 22 37429 2 37602 21 37686 1 37858 22 37942 1 38071 2 38115 21 38371 21 38628 20 38884 19 39139 19 39394 20 39649 4 39654 16 39905 3 39912 14 40161 3 40169 14 40417 3 40426 12 40682 12 40939 9 41196 3 42452 3 42707 6 42720 5 42963 1 42966 6 42974 14 43222 24 43478 25 43510 3 43734 26 43765 4 43990 16 44008 11 44020 5 44247 12 44265 6 44272 8 44503 11 44522 5 44528 8 44625 4 44759 9 44779 4 44784 8 44878 7 45015 8 45036 11 45135 6 45150 1 45263 2 45272 5 45292 10 45391 6 45405 3 45519 3 45528 4 45548 10 45646 6 45661 2 45776 2 45786 3 45804 10 45902 5 45918 1 46043 2 46060 9 46156 7 46299 2 46316 8 46409 9 46554 2 46573 3 46665 6 46808 4 46921 5 47064 4 47176 6 47322 2 47432 5 47579 1 47688 3 47835 1 48723 2 48885 1 48976 9 49141 1 49230 13 49486 13 49651 1 49730 2 49742 14 49986 3 49998 14 50240 3 50256 11 50431 1 50496 1 50519 2 50687 1 50943 1 51046 2 51199 1 51455 1 51711 1 51800 3 52055 7 52223 1 52310 9 52477 3 52564 12 52733 3 52819 13 52989 3 53074 14 53246 2 53330 13 53503 1 53586 11 53842 11 54099 10 54355 10 54611 10 54864 13 54885 2 55085 4 55118 16 55136 8 55341 4 55374 16 55391 3 55395 4 55597 4 55630 16 55647 3 55652 2 55844 3 55852 6 55885 17 56007 1 56099 5 56105 9 56141 17 56261 4 56355 15 56398 15 56517 4 56612 13 56654 14 56772 6 56869 12 56900 3 56911 12 57028 6 57125 12 57144 17 57167 12 57284 6 57305 2 57382 10 57399 18 57424 11 57540 6 57561 3 57640 7 57655 19 57680 11 57797 5 57817 3 57911 19 57934 15 58050 2 58053 6 58074 2 58168 18 58189 16 58305 4 58310 5 58330 2 58425 17 58443 19 58561 10 58682 11 58698 20 58727 3 58817 10 58939 8 58954 21 58981 7 59196 5 59210 21 59236 9 59466 21 59492 8 59685 5 59722 21 59747 8 59938 9 59978 33 60193 11 60234 26 60264 2 60449 12 60491 26 60704 15 60747 26 60960 16 61003 25 61216 17 61259 23 61472 17 61515 22 61729 17 61752 3 61758 34 61986 17 62007 14 62023 15 62039 9 62243 31 62279 7 62287 5 62296 8 62499 31 62535 7 62553 6 62751 35 62790 8 62810 5 62820 1 62832 2 63006 37 63047 7 63067 4 63074 5 63089 2 63262 39 63304 6 63324 4 63329 7 63345 3 63511 1 63517 40 63560 6 63580 4 63585 7 63601 2 63663 5 63744 1 63764 5 63773 11 63786 8 63800 13 63817 9 63835 5 63842 5 63857 2 63916 9 64000 2 64021 18 64043 5 64056 29 64091 3 64099 4 64111 4 64172 8 64256 5 64277 18 64300 3 64312 30 64347 2 64356 3 64367 4 64423 12 64474 6 64512 6 64534 7 64542 9 64557 2 64567 31 64603 2 64614 1 64676 14 64729 7 64769 6 64790 6 64799 8 64814 2 64823 32 64859 2 64871 6 64931 7 64941 3 64954 5 64985 8 65025 6 65047 7 65055 9 65079 32 65114 4 65125 9 65186 10 65209 6 65241 7 65281 7 65303 7 65313 8 65335 40 65380 10 65429 4 65442 10 65464 6 65497 7
563999,0 8 127 30 223 13 244 20 383 38 480 12 501 19 600 4 639 39 737 4 742 7 757 19 855 8 894 41 977 1 993 12 1016 16 1110 11 1148 43 1233 5 1249 4 1254 7 1273 15 1365 13 1385 11 1402 45 1489 6 1507 1 1511 5 1521 4 1532 12 1621 13 1640 14 1655 48 1746 7 1767 5 1777 5 1789 10 1876 14 1895 64 2003 8 2023 6 2032 6 2047 6 2132 14 2151 63 2259 11 2279 15 2304 4 2387 16 2407 63 2515 12 2528 2 2537 8 2642 18 2661 63 2772 14 2794 7 2834 1 2898 76 3016 4 3029 15 3049 8 3088 5 3153 64 3220 10 3270 7 3285 17 3304 9 3334 2 3342 8 3409 63 3476 12 3524 10 3542 28 3587 6 3596 10 3665 62 3732 13 3780 11 3798 29 3841 21 3921 62 3987 15 4036 13 4052 32 4096 21 4142 3 4177 62 4243 16 4292 48 4352 21 4397 6 4432 63 4499 16 4545 51 4608 21 4649 12 4688 64 4754 17 4800 20 4826 26 4864 21 4903 14 4944 83 5055 20 5083 25 5120 21 5154 20 5200 75 5277 7 5287 5 5310 21 5340 24 5376 18 5409 21 5456 73 5535 3 5541 8 5564 22 5597 24 5632 17 5659 2 5664 21 5713 72 5793 13 5811 3 5816 26 5853 25 5888 17 5914 4 5919 22 5969 71 6049 14 6068 31 6107 27 6144 16 6170 4 6176 19 6225 71 6305 16 6324 31 6360 30 6400 17 6433 16 6481 71 6561 16 6579 32 6615 30 6656 18 6689 15 6737 71 6816 11 6830 37 6870 31 6912 18 6946 14 6994 70 7071 11 7086 37 7125 32 7168 18 7204 13 7250 73 7326 12 7342 71 7424 21 7462 11 7506 88 7599 70 7680 23 7708 5 7718 12 7763 86 7855 70 7936 24 7963 6 7976 11 8020 85 8112 70 8192 33 8232 11 8277 84 8368 70 8448 33 8489 11 8534 83 8622 72 8704 34 8745 11 8772 1 8792 82 8875 76 8960 36 9001 12 9027 3 9049 158 9216 38 9257 12 9282 5 9305 158 9472 53 9538 5 9561 159 9728 53 9794 6 9817 159 9984 40 10025 12 10051 4 10073 158 10240 38 10281 12 10329 158 10496 37 10536 13 10568 5 10585 157 10752 37 10791 14 10823 7 10841 157 11008 52 11079 7 11098 155 11264 51 11335 7 11355 153 11520 50 11590 9 11602 3 11611 153 11776 49 11846 9 11857 5 11868 151 12032 46 12079 2 12101 18 12125 150 12288 46 12357 18 12381 150 12544 51 12614 17 12637 149 12800 51 12871 3 12876 11 12894 148 13056 52 13134 9 13151 146 13312 52 13390 8 13407 145 13568 52 13648 1 13652 1 13663 132 13824 53 13921 130 14080 56 14142 5 14180 127 14336 35 14374 22 14397 8 14437 126 14592 35 14629 32 14692 126 14848 70 14948 126 15104 28 15137 41 15204 125 15360 23 15393 42 15459 123 15616 22 15648 44 15714 120 15872 22 15903 46 15970 118 16128 20 16158 47 16220 3 16225 119 16384 20 16413 49 16476 123 16640 20 16668 50 16731 125 16896 20 16923 51 16986 126 17152 19 17179 47 17228 2 17240 128 17408 19 17435 46 17485 2 17496 129 17664 19 17690 46 17742 1 17751 130 17920 19 17946 45 17998 1 18006 131 18176 19 18203 43 18254 1 18261 133 18427 3 18432 20 18460 41 18510 2 18516 134 18682 28 18717 41 18767 2 18771 135 18938 29 18973 44 19023 139 19194 29 19230 46 19279 140 19450 29 19486 47 19535 140 19706 29 19742 48 19791 141 19964 27 19998 190 20221 2 20224 219 20480 60 20541 158 20736 219 20992 218 21248 218 21504 14 21521 201 21760 15 21781 196 22004 7 22016 15 22037 195 22259 30 22293 195 22515 32 22549 194 22770 34 22805 194 23026 228 23282 35 23319 191 23538 35 23575 191 23794 35 23831 191 24050 35 24087 191 24306 228 24562 34 24597 192 24818 227 25046 6 25073 236 25329 237 25584 240 25840 241 26096 243 26350 245 26605 246 26860 247 27116 229 27353 9 27372 229 27611 5 27630 74 27707 123 27833 25 27890 71 27963 101 28068 9 28080 3 28090 25 28146 72 28221 99 28324 7 28346 25 28402 73 28477 98 28580 7 28602 25 28659 172 28836 7 28858 25 28915 172 29092 7 29114 27 29171 172 29348 7 29362 2 29370 28 29427 171 29603 9 29617 5 29624 29 29683 168 29859 9 29872 37 29940 167 30116 8 30128 37 30175 4 30196 167 30372 7 30385 37 30427 10 30453 165 30628 7 30641 52 30710 149 30861 12 30884 7 30898 51 30967 144 31118 10 31140 7 31154 52 31224 136 31362 3 31374 10 31396 7 31411 52 31482 133 31619 2 31631 8 31652 10 31667 52 31739 130 31875 1 31888 7 31903 17 31924 52 31998 126 32132 5 32144 8 32158 9 32168 8 32181 51 32256 124 32388 6 32401 31 32437 50 32512 123 32644 7 32657 22 32693 51 32768 120 32899 36 32949 52 33024 120 33155 14 33174 17 33204 54 33280 120 33411 14 33433 14 33459 16 33477 38 33536 119 33668 11 33690 13 33715 15 33734 38 33792 107 33904 5 33924 2 33927 7 33948 2 33952 6 33971 13 33991 37 34048 107 34211 2 34228 12 34247 38 34304 106 34486 10 34503 38 34560 104 34743 8 34759 38 34816 102 35000 6 35015 39 35072 101 35257 4 35271 40 35328 98 35527 46 35584 98 35783 52 35840 98 36040 53 36096 98 36296 158 36552 159 36808 159 37064 160 37321 159 37519 4 37527 5 37577 158 37775 17 37833 156 38030 20 38090 155 38286 21 38346 155 38543 20 38602 156 38799 20 38858 157 39053 13 39068 7 39081 2 39095 7 39115 156 39308 14 39324 8 39335 5 39350 9 39371 157 39563 16 39580 16 39605 10 39627 157 39796 7 39819 34 39860 12 39881 159 40051 9 40074 35 40115 13 40136 160 40306 11 40328 38 40369 15 40391 161 40561 14 40583 57 40648 161 40816 18 40838 58 40904 162 41070 81 41161 246 41417 246 41674 245 41931 243 42188 242 42445 240 42701 38 42742 199 42957 37 43000 197 43213 36 43258 4 43264 188 43469 35 43520 188 43725 33 43776 187 43981 32 44032 187 44238 30 44288 187 44494 30 44544 187 44750 30 44800 187 45006 29 45047 4 45056 187 45261 29 45301 8 45312 188 45517 29 45554 13 45568 189 45772 30 45809 208 46027 31 46064 210 46283 33 46318 212 46539 247 46795 247 47050 248 47306 248 47562 247 47819 246 48075 246 48332 37 48370 206 48588 36 48628 204 48844 35 48887 7 48896 192 49098 37 49145 5 49152 192 49353 37 49408 192 49608 38 49653 3 49664 192 49864 38 49908 5 49920 192 50119 39 50164 6 50176 192 50373 42 50420 7 50432 192 50628 44 50676 7 50688 191 50884 45 50931 8 50944 191 51138 47 51186 8 51200 191 51393 14 51412 7 51420 25 51456 191 51648 14 51669 4 51678 22 51712 206 51935 23 51968 128 52099 75 52192 23 52224 127 52363 66 52447 24 52480 127 52620 8 52629 56 52703 20 52724 2 52736 127 52876 8 52886 55 52960 9 52972 10 52992 124 53132 7 53142 55 53216 8 53229 3 53248 125 53387 8 53398 56 53472 6 53482 6 53504 126 53643 8 53654 57 53728 5 53738 6 53760 126 53900 6 53910 58 53983 5 53996 4 54011 1 54016 126 54156 5 54166 62 54239 2 54253 3 54267 2 54272 127 54422 62 54508 4 54522 2 54528 127 54677 64 54763 5 54777 3 54784 127 54933 64 55017 4 55022 2 55035 1 55039 128 55189 64 55271 6 55279 1 55291 2 55294 129 55445 66 55526 6 55535 1 55547 132 55701 67 55781 7 55791 3 55803 132 55957 69 56037 8 56049 1 56060 130 56214 61 56276 7 56292 9 56305 1 56317 129 56471 70 56548 8 56561 3 56574 128 56728 70 56804 7 56817 4 56830 128 56985 7 56997 57 57059 8 57073 7 57085 129 57242 4 57254 57 57315 7 57329 8 57340 129 57511 56 57573 4 57585 8 57596 128 57747 2 57768 54 57830 2 57842 7 57853 126 58001 5 58012 2 58024 45 58070 8 58098 7 58109 126 58251 13 58267 4 58281 44 58326 8 58354 6 58364 127 58505 23 58537 53 58611 8 58620 127 58760 24 58793 46 58840 5 58868 136 59016 25 59050 51 59126 134 59271 26 59306 47 59354 2 59383 136 59522 31 59566 46 59640 169 59822 46 59897 5 59904 160 60078 47 60154 5 60160 160 60334 47 60411 4 60416 160 60590 48 60666 5 60672 160 60845 49 60915 1 60921 166 61102 47 61176 167 61358 46 61429 170 61615 46 61684 171 61873 44 61937 175 62128 46 62185 4 62194 174 62384 47 62433 1 62440 6 62449 174 62640 50 62696 183 62896 51 62948 186 63151 238 63406 81 63488 157 63662 81 63744 156 63918 238 64174 59 64236 175 64429 59 64492 176 64685 59 64748 176 64941 59 65003 178 65198 57 65258 180 65454 56 65513 23
565798,174 2 2560 2 2816 4 2914 3 3072 8 3086 2 3171 4 3328 18 3365 3 3584 18 3618 7 3840 19 3870 12 4096 19 4125 13 4352 19 4381 13 4608 19 4637 13 4782 2 4864 19 4896 8 5037 3 5121 18 5293 4 5376 19 5550 3 5632 19 5808 1 5889 17 6065 2 6150 10 6322 1 6409 4 52482 2 52736 5 52992 5 53248 5 53504 6 53760 7 54016 8 54272 9 54528 10 54784 10 55040 11 55296 11 55552 12 55808 12 56064 12 56320 12 56576 12 56832 12 57088 12 57344 11 57600 10 57856 1 57860 5 58117 2 58368 1 58624 2 58880 1 59136 1 65396 3
566885,153 49 247 9 410 48 505 7 666 48 764 4 923 48 981 7 1022 2 1180 48 1237 10 1259 1 1436 49 1492 14 1511 8 1675 9 1693 49 1748 15 1764 12 1920 4 1929 12 1950 49 2004 30 2175 23 2206 50 2259 39 2429 29 2460 1 2464 91 2684 35 2720 93 2939 133 3195 133 3452 132 3709 66 3776 64 3969 62 4034 62 4225 62 4290 62 4470 138 4720 144 4979 141 5235 141 5491 141 5712 3 5730 4 5747 141 5965 7 5983 7 6002 142 6219 10 6236 11 6256 144 6474 11 6490 14 6510 146 6729 11 6743 169 6983 13 6997 171 7237 14 7253 171 7490 16 7509 171 7744 18 7765 171 7999 193 8243 2 8254 194 8499 3 8512 192 8756 1 8770 190 9028 188 9284 188 9539 189 9795 189 10049 191 10303 187 10492 4 10557 195 10812 196 11067 197 11322 198 11578 198 11834 198 12089 199 12336 4 12342 202 12592 208 12840 209 13050 6 13095 217 13351 217 13605 219 13856 224 14111 225 14366 226 14623 225 14862 2 14879 222 15103 1 15116 5 15135 222 15367 2 15371 7 15391 222 15616 19 15647 222 15872 20 15902 223 16128 20 16157 207 16369 13 16384 22 16412 207 16626 12 16640 25 16667 208 16882 13 16896 235 17138 249 17394 250 17650 250 17906 250 18162 250 18418 249 18674 249 18929 249 19185 249 19440 250 19696 251 19951 253 20206 4625 24832 1535 26368 255 26624 255 26880 255 27136 255 27392 2047 29440 255 29696 255 29952 3327 33280 255 33536 255 33792 2045 35838 254 36096 249 36352 249 36608 248 36864 249 37120 247 37376 5 37383 239 37632 5 37640 237 37888 5 37898 41 37942 5 37950 1 37955 176 38144 5 38155 38 38212 173 38400 5 38411 37 38468 168 38656 6 38667 36 38724 166 38912 48 38980 164 39168 48 39236 163 39424 48 39492 158 39680 48 39749 151 39936 48 40006 150 40192 3 40196 44 40262 149 40454 42 40518 149 40705 1 40711 7 40720 3 40725 28 40774 149 40960 3 40966 8 40981 29 41029 149 41216 13 41237 30 41284 150 41472 13 41493 30 41539 51 41592 97 41728 11 41750 29 41782 2 41793 53 41848 97 41984 9 42007 27 42037 5 42048 56 42105 96 42240 9 42264 35 42303 57 42361 97 42496 6 42521 193 42752 6 42779 3 42783 187 43009 6 43041 185 43259 1 43266 5 43297 185 43513 4 43523 4 43530 1 43553 185 43768 5 43779 9 43809 184 44023 6 44036 8 44066 182 44277 7 44292 7 44322 181 44530 10 44542 2 44549 5 44579 178 44784 16 44813 2 44836 174 45040 16 45068 3 45093 172 45295 17 45324 1 45350 89 45443 79 45550 18 45571 2 45608 85 45700 83 45797 1 45806 18 45827 2 45865 82 45956 85 46052 3 46061 19 46083 1 46122 30 46156 37 46211 88 46308 28 46339 2 46379 27 46414 34 46467 90 46563 29 46595 2 46637 24 46670 14 46686 18 46722 126 46851 2 46895 18 46926 13 46942 17 46978 126 47152 16 47183 11 47198 17 47234 126 47409 14 47439 10 47454 17 47489 127 47666 13 47696 5 47709 18 47745 127 47924 10 47965 18 48001 127 48183 6 48221 18 48257 127 48478 16 48513 127 48735 15 48769 127 48992 13 49026 36 49063 89 49249 6 49283 33 49319 89 49506 2 49540 32 49576 88 49797 30 49832 88 50056 27 50088 26 50116 60 50316 23 50345 24 50373 1 50375 57 50573 23 50601 22 50632 56 50828 24 50859 19 50887 57 51084 24 51115 19 51143 57 51340 25 51368 5 51379 9 51398 58 51596 33 51654 58 51851 34 51909 59 52107 34 52165 59 52362 34 52422 58 52617 34 52678 58 52873 34 52933 59 53128 35 53188 60 53384 39 53443 61 53640 40 53699 61 53896 42 53954 62 54152 43 54210 62 54408 43 54466 62 54665 43 54721 63 54921 43 54977 63 55177 44 55232 64 55434 43 55487 65 55691 42 55743 65 55948 41 55998 66 56204 40 56254 66 56462 38 56510 66 56719 36 56766 66 56975 35 57013 3 57022 66 57231 34 57269 4 57278 66 57487 33 57524 7 57534 66 57743 32 57780 76 57992 37 58035 77 58247 37 58291 77 58492 48 58547 77 58747 25 58773 22 58803 77 59001 52 59059 70 59130 6 59253 60 59316 68 59509 62 59572 68 59763 132 60018 133 60274 133 60520 1 60528 134 60776 142 61032 142 61287 65 61353 78 61542 144 61798 143 62053 143 62207 1 62306 145 62461 3 62561 146 62717 3 62816 70 62890 72 62973 3 63074 70 63146 71 63231 1 63330 143 63586 143 63842 143 64083 8 64098 142 64338 10 64354 141 64594 11 64610 140 64849 13 64866 139 65105 14 65122 139 65264 9 65361 15 65377 152
567096,0 65536
567220, 
567636,0 5 77 11 256 6 328 1 332 11 512 7 583 3 587 12 768 8 836 1 839 15 862 3 1024 9 1092 18 1116 6 1280 11 1348 17 1370 9 1536 14 1604 17 1626 9 1792 14 1856 1 1861 15 1882 10 2048 3 2054 8 2111 3 2117 14 2137 11 2221 3 2304 2 2311 6 2365 6 2373 14 2392 12 2476 6 2560 1 2568 4 2620 3 2625 9 2638 4 2648 12 2731 8 2825 2 2880 8 2894 5 2905 11 2983 14 3136 8 3150 6 3159 14 3202 2 3209 3 3238 16 3357 2 3391 9 3405 24 3458 3 3466 3 3494 16 3613 2 3647 9 3657 29 3713 4 3722 4 3750 16 3902 39 3970 4 3978 5 4006 16 4097 1 4157 40 4226 14 4262 17 4352 3 4414 38 4482 15 4517 19 4608 3 4671 2 4675 32 4738 15 4773 19 4864 4 4933 29 4986 2 4994 15 5028 21 5050 4 5120 4 5191 27 5241 5 5249 16 5284 26 5376 4 5447 28 5496 25 5540 27 5632 3 5698 2 5703 30 5750 27 5796 27 5888 3 5951 40 6004 29 6051 28 6144 4 6207 40 6260 30 6307 27 6400 5 6464 40 6516 17 6537 9 6563 26 6657 4 6720 40 6773 16 6794 9 6819 21 6912 4 6977 38 7029 17 7051 8 7076 19 7168 3 7233 38 7285 17 7308 8 7332 18 7424 4 7488 38 7538 21 7565 7 7588 17 7680 4 7744 38 7793 23 7822 6 7844 8 7855 5 7936 3 7999 37 8049 37 8100 6 8111 4 8192 3 8254 37 8304 39 8357 5 8366 4 8509 36 8560 40 8613 5 8621 4 8765 34 8816 40 8870 4 8876 4 9021 33 9072 41 9126 9 9277 32 9328 41 9383 7 9533 31 9585 39 9639 5 9789 30 9841 38 9895 4 10045 31 10097 37 10152 4 10301 32 10353 36 10408 5 10556 33 10611 3 10615 29 10664 5 10812 34 10871 29 10921 2 11068 34 11127 29 11324 35 11384 28 11441 4 11580 35 11640 28 11776 2 11836 35 11897 29 12032 3 12092 35 12151 33 12288 3 12348 35 12407 34 12544 3 12604 25 12635 2 12663 21 12687 10 12800 4 12860 23 12919 19 12943 10 13057 3 13116 21 13176 3 13183 9 13198 11 13314 5 13373 16 13440 7 13453 11 13571 4 13631 12 13708 10 13828 4 13888 9 13963 9 14220 5 14476 4 14688 3 14942 6 15197 8 15360 4 15451 14 15508 2 15616 5 15695 2 15708 15 15762 4 15872 5 15950 4 15964 15 15995 3 16016 6 16128 4 16206 4 16220 16 16250 8 16272 6 16384 4 16462 4 16476 16 16505 10 16526 8 16551 2 16640 3 16718 4 16734 16 16757 14 16783 7 16808 2 16896 1 16976 1 16994 12 17009 19 17041 4 17065 2 17251 13 17265 18 17322 1 17508 31 17579 2 17766 27 17835 2 18024 25 18090 4 18281 24 18347 3 18538 23 18603 3 18794 24 18859 2 19050 25 19115 1 19306 25 19370 2 19562 26 19626 2 19818 26 19882 1 20074 25 20330 24 20586 24 20809 4 20842 22 21064 8 21098 22 21319 9 21354 21 21575 9 21608 21 21831 9 21863 22 22086 17 22117 23 22181 3 22342 18 22372 16 22390 6 22437 3 22572 2 22590 4 22597 20 22628 14 22649 3 22692 4 22836 4 22846 6 22853 20 22883 15 22948 3 23091 7 23101 28 23138 17 23204 3 23346 9 23357 28 23395 17 23460 2 23481 1 23601 27 23631 8 23651 17 23736 4 23856 28 23887 11 23908 16 23991 5 24112 11 24125 15 24143 13 24165 14 24246 6 24367 11 24382 13 24400 13 24422 13 24503 5 24620 13 24639 9 24656 2 24659 10 24678 13 24763 2 24874 14 24896 4 24915 10 24935 12 25020 3 25130 13 25171 10 25191 12 25276 5 25386 12 25427 10 25448 11 25532 6 25600 1 25642 11 25683 10 25707 8 25785 1 25788 8 25856 1 25898 11 25938 11 25965 4 26039 14 26112 1 26155 10 26194 11 26292 19 26368 2 26411 11 26450 10 26547 22 26624 3 26668 12 26681 3 26694 1 26706 1 26711 4 26802 10 26814 12 26880 3 26924 16 26949 6 26967 4 27054 28 27136 2 27158 1 27180 15 27204 9 27224 3 27307 31 27392 1 27412 4 27436 15 27460 9 27480 3 27562 31 27668 5 27691 15 27716 8 27735 4 27818 30 27873 1 27924 5 27946 16 27972 9 27991 4 28075 28 28180 5 28201 17 28228 10 28245 5 28333 26 28416 1 28437 3 28457 16 28483 12 28498 7 28590 25 28672 2 28713 8 28739 21 28847 25 28928 2 28971 5 28995 11 29007 6 29105 23 29184 1 29245 2 29251 7 29263 6 29364 20 29440 1 29500 4 29508 6 29519 5 29622 17 29755 6 29764 5 29775 4 29879 16 30011 6 30020 6 30030 5 30136 15 30266 8 30276 16 30362 7 30392 14 30523 7 30531 17 30618 7 30649 12 30779 25 30874 7 30906 10 31038 4 31044 16 31131 6 31162 9 31303 13 31369 1 31387 5 31418 8 31559 13 31624 2 31643 5 31674 7 31816 11 31878 3 31899 5 31930 8 32073 9 32127 1 32135 1 32155 5 32186 7 32331 6 32382 3 32412 4 32443 6 32637 4 32666 6 32731 3 32893 4 32921 7 32986 6 33150 2 33168 1 33177 6 33242 6 33406 2 33410 1 33422 4 33433 6 33442 2 33499 5 33666 1 33678 3 33689 6 33698 3 33755 5 33920 2 33946 5 33955 4 34013 3 34176 2 34201 5 34212 3 34271 1 34432 1 34457 4 34469 3 34704 2 34714 4 34725 4 34960 3 34970 4 34981 6 35045 3 35216 3 35226 4 35237 7 35293 4 35299 6 35473 1 35481 5 35495 6 35546 15 35738 5 35749 9 35801 16 35958 1 35995 7 36003 11 36056 17 36251 19 36312 17 36466 2 36507 12 36521 5 36567 17 36722 1 36762 11 36777 4 36823 16 37017 7 37026 2 37033 4 37079 16 37272 7 37290 1 37336 14 37423 3 37526 8 37593 10 37679 4 37754 1 37782 8 37849 7 37935 4 38007 5 38026 1 38037 9 38263 6 38282 2 38294 8 38458 7 38519 8 38530 10 38542 1 38551 7 38570 2 38673 3 38713 9 38775 9 38785 14 38807 7 38820 9 38928 5 38968 11 39032 4 39037 18 39064 6 39075 11 39184 7 39224 12 39288 2 39294 13 39321 4 39331 12 39439 9 39479 13 39553 9 39578 2 39588 12 39695 10 39735 13 39808 10 39823 2 39844 12 39928 2 39951 10 39991 13 40064 10 40078 3 40101 11 40183 4 40208 9 40247 13 40320 10 40334 2 40358 10 40439 5 40464 9 40503 13 40563 2 40576 9 40590 1 40615 9 40694 7 40720 9 40760 11 40819 3 40832 9 40846 1 40872 8 40924 4 40950 8 40977 8 41017 9 41038 1 41076 2 41089 2 41094 2 41102 1 41114 2 41128 8 41179 6 41205 11 41233 7 41277 4 41292 5 41333 2 41369 3 41384 7 41433 12 41446 4 41460 12 41491 4 41547 10 41590 4 41624 4 41640 7 41687 19 41715 13 41802 12 41846 4 41879 6 41897 4 41941 22 41970 3 41978 6 42052 1 42057 13 42102 4 42135 6 42189 10 42202 6 42210 10 42227 1 42234 6 42258 1 42307 5 42313 14 42357 5 42390 7 42444 11 42458 5 42467 9 42483 1 42490 6 42514 1 42562 21 42614 3 42646 6 42699 11 42713 6 42724 9 42738 3 42747 5 42770 2 42818 20 42870 2 42902 6 42955 11 42968 6 42980 9 42993 5 43003 5 43026 3 43075 18 43144 2 43157 6 43211 10 43225 5 43236 9 43248 5 43283 3 43331 14 43398 7 43413 6 43467 11 43480 7 43488 13 43503 6 43539 4 43587 14 43652 11 43669 6 43724 16 43742 15 43758 6 43794 7 43844 13 43908 12 43925 6 43981 14 43998 7 44010 2 44014 6 44048 11 44100 12 44164 13 44182 5 44238 13 44254 7 44267 1 44271 4 44286 2 44304 11 44357 11 44419 14 44438 5 44495 12 44508 10 44523 1 44528 4 44542 2 44559 13 44613 10 44674 15 44695 3 44752 23 44779 1 44783 5 44799 1 44814 14 44869 9 44928 17 45009 24 45034 11 45069 16 45125 9 45181 19 45265 38 45325 16 45381 9 45436 19 45521 40 45581 16 45618 7 45638 8 45692 17 45777 41 45838 14 45873 10 45894 8 45948 16 46033 42 46077 3 46095 2 46098 9 46129 10 46151 6 46204 15 46290 40 46333 3 46356 7 46385 11 46462 11 46548 38 46591 1 46605 2 46612 7 46641 11 46697 10 46724 3 46809 32 46860 5 46868 7 46897 12 46950 14 47065 32 47116 17 47154 12 47205 15 47321 31 47371 18 47410 12 47460 16 47577 28 47626 20 47666 13 47715 17 47832 27 47881 22 47923 12 47971 17 48088 27 48136 24 48172 3 48180 10 48227 15 48344 27 48391 25 48426 6 48483 11 48601 25 48647 26 48682 7 48739 11 48857 25 48903 26 48937 8 48995 10 49113 23 49159 26 49193 8 49243 3 49251 10 49369 21 49416 25 49448 10 49497 20 49519 4 49624 22 49672 26 49703 12 49752 28 49879 22 49928 28 49958 14 50007 29 50135 22 50184 45 50263 28 50391 20 50432 2 50439 47 50519 28 50576 3 50647 16 50688 4 50695 48 50748 3 50776 26 50832 4 50903 12 50944 6 50951 49 51003 4 51033 24 51088 5 51160 8 51200 56 51258 6 51290 22 51344 6 51456 65 51548 19 51600 6 51712 67 51806 16 51857 5 51968 68 52063 13 52113 6 52123 7 52224 68 52320 11 52367 24 52480 68 52577 8 52622 27 52736 40 52779 25 52836 2 52877 28 52992 39 53035 25 53126 2 53133 7 53142 20 53248 68 53382 2 53388 2 53394 23 53504 68 53644 1 53650 14 53666 7 53760 7 53770 58 53906 14 53922 7 53938 3 54016 6 54026 58 54162 15 54179 5 54193 6 54272 6 54283 56 54418 16 54436 5 54448 7 54528 1 54530 5 54539 41 54584 11 54674 16 54693 5 54704 8 54785 5 54795 41 54845 4 54934 2 54937 9 54951 3 54959 9 55041 5 55051 41 55172 2 55194 4 55199 2 55207 5 55214 11 55297 6 55307 41 55428 1 55451 4 55463 18 55552 9 55562 34 55602 1 55683 2 55707 4 55719 18 55808 44 55939 2 55955 3 55962 5 55975 18 56065 43 56194 3 56209 6 56217 7 56231 19 56323 40 56450 3 56465 15 56487 19 56581 38 56645 5 56704 6 56720 16 56743 19 56837 37 56900 7 56959 7 56976 16 56999 19 57094 36 57156 8 57174 1 57214 9 57231 18 57255 2 57259 14 57351 36 57412 8 57430 1 57468 12 57487 17 57510 19 57611 19 57634 9 57668 8 57685 2 57724 12 57743 17 57764 21 57801 2 57868 16 57891 7 57928 3 57941 2 57978 14 57999 17 58020 22 58056 3 58124 16 58148 5 58189 3 58232 16 58257 14 58276 6 58283 15 58312 4 58381 14 58405 4 58445 4 58486 19 58514 13 58531 5 58540 13 58566 6 58643 7 58662 2 58701 5 58741 20 58770 13 58786 5 58796 13 58820 8 58901 4 58957 5 58997 19 59027 13 59053 12 59076 8 59214 3 59252 18 59283 13 59309 12 59332 8 59508 16 59539 12 59566 10 59587 9 59765 14 59795 12 59823 7 59843 9 59895 3 59986 3 60021 14 60052 11 60099 8 60133 3 60149 7 60241 6 60277 14 60310 9 60356 6 60389 3 60404 10 60457 2 60498 5 60534 13 60569 6 60613 2 60646 2 60659 12 60711 4 60754 6 60790 13 60826 4 60913 14 60966 5 61011 5 61047 12 61166 18 61201 3 61221 6 61267 6 61304 11 61390 4 61420 20 61457 3 61477 7 61523 7 61560 10 61644 6 61676 20 61712 5 61733 8 61779 7 61818 7 61898 7 61932 20 61968 5 61990 6 62035 8 62152 8 62188 20 62224 5 62248 3 62291 8 62407 9 62445 19 62480 4 62547 7 62662 9 62701 19 62736 4 62800 2 62803 7 62918 8 62958 18 62993 1 63056 2 63061 4 63174 8 63214 18 63312 3 63318 2 63398 2 63430 8 63471 17 63568 1 63653 4 63687 7 63727 17 63824 1 63907 7 63944 5 63984 16 64161 10 64241 15 64414 13 64497 15 64658 3 64667 16 64753 15 64910 30 65009 16 65164 31 65265 17 65419 31 65521 15
570211,0 65536
578073,937 4 1002 4 1193 5 1256 6 1448 6 1499 4 1511 7 1582 1 1704 6 1754 7 1767 7 1835 5 1961 5 2009 8 2022 7 2032 2 2090 7 2217 5 2265 8 2278 6 2288 3 2346 7 2472 6 2521 8 2530 9 2544 4 2601 8 2728 7 2776 18 2800 6 2857 9 2984 7 3031 19 3054 9 3113 10 3241 6 3286 20 3309 11 3369 10 3499 3 3541 35 3625 10 3797 35 3881 10 4053 36 4138 8 4309 36 4394 6 4565 38 4651 3 4820 40 5076 40 5329 43 5584 44 5809 1 5840 44 6063 5 6095 44 6319 6 6350 45 6575 7 6605 36 6647 5 6831 7 6861 35 6904 4 6953 4 7087 7 7117 35 7161 3 7207 6 7342 7 7374 33 7463 6 7598 7 7632 31 7719 5 7854 6 7891 27 7976 1 8110 6 8150 24 8365 6 8385 3 8408 22 8622 5 8642 2 8665 21 8878 4 8921 20 9134 4 9179 19 9436 18 9512 4 9693 17 9767 7 9906 2 9949 18 10023 8 10161 5 10205 18 10279 8 10417 5 10461 18 10536 7 10717 18 10793 6 10973 17 11050 3 11229 16 11485 15 11741 15 11998 13 12254 13 12510 12 12766 11 13021 12 13278 10 13474 2 13513 1 13534 8 13729 5 13767 5 13791 4 13983 11 14023 6 14238 13 14278 6 14494 15 14512 6 14534 6 14750 14 14767 8 14790 6 15006 15 15023 9 15047 5 15263 26 15304 4 15321 3 15520 15 15536 14 15561 2 15575 6 15775 31 15826 11 16030 33 16081 12 16286 33 16337 12 16542 33 16593 11 16798 33 16848 12 17054 4 17060 27 17104 12 17312 1 17318 24 17360 12 17574 24 17615 13 17830 23 17870 13 18086 21 18126 13 18342 6 18350 13 18382 12 18597 7 18608 10 18639 10 18854 7 19110 7 19367 5 19625 2 19775 2 20029 6 20278 3 20283 9 20293 2 20533 20 20789 21 21044 22 21286 3 21293 5 21300 22 21540 17 21565 14 21796 21 21821 13 22052 23 22077 13 22307 24 22334 12 22436 1 22563 24 22590 11 22691 2 22820 1 22827 3 22833 10 22847 10 22947 2 23083 3 23090 9 23104 8 23202 3 23340 2 23347 7 23361 6 23458 2 23596 1 23604 5 23618 5 23714 1 25142 1 29580 4 29589 4 29834 16 30090 16 30347 16 30602 17 30858 17 31114 17 31368 19 31624 18 31879 18 32134 19 32390 18 32499 4 32646 18 32756 3 32902 17 33016 3 33141 3 33158 16 33396 6 33407 2 33414 16 33651 8 33662 4 33671 15 33906 16 33928 13 34162 17 34186 10 34418 17 34443 7 34674 18 34700 4 34930 18 35186 18 35442 18 35698 18 35954 18 36210 18 36466 17 36722 15 36979 13 37235 13 37492 11 37748 10 37913 2 38004 9 38259 10 38515 10 38771 10 38858 10 39027 11 39113 12 39283 11 39368 14 39539 11 39623 17 39795 10 39879 18 40051 8 40134 20 40307 7 40390 20 40563 6 40647 20 40820 3 40903 21 41159 21 41414 22 41670 22 41924 23 42178 24 42434 24 42689 25 42945 16 42963 6 43112 4 43200 17 43223 1 43263 1 43367 6 43457 16 43517 3 43623 7 43714 16 43769 7 43878 8 43972 14 44020 12 44133 9 44229 14 44275 13 44387 11 44486 14 44531 13 44642 11 44743 13 44787 13 44898 11 44999 13 45043 13 45153 12 45255 13 45298 14 45409 11 45511 13 45554 14 45664 11 45767 13 45810 14 45920 10 46023 13 46066 14 46175 10 46279 13 46323 13 46431 10 46535 13 46578 14 46687 8 46791 13 46833 15 46924 3 46943 7 47047 13 47075 1 47088 16 47179 5 47200 6 47303 13 47328 6 47343 17 47434 6 47456 6 47560 12 47583 8 47599 17 47689 7 47712 5 47816 12 47838 13 47856 16 47944 8 47969 4 48072 10 48093 15 48113 15 48199 8 48226 1 48328 8 48347 17 48374 10 48456 7 48585 6 48601 19 48630 10 48713 6 48841 6 48854 22 48886 10 48970 4 49098 4 49110 22 49142 10 49354 5 49366 22 49399 9 49611 5 49622 24 49656 8 49867 5 49879 24 49912 8 50030 1 50123 5 50136 24 50169 7 50286 1 50379 5 50391 25 50427 4 50542 1 50636 3 50647 26 50685 1 50902 26 51158 26 51413 28 51668 29 51924 29 52180 29 52430 34 52684 36 52939 12 52953 22 53194 13 53210 21 53370 1 53450 14 53466 21 53547 5 53624 4 53706 37 53802 8 53880 4 53961 37 54057 10 54137 4 54217 36 54313 10 54394 3 54445 3 54472 31 54569 10 54650 4 54695 11 54728 30 54825 11 54904 7 54949 14 54983 31 55081 11 55160 8 55204 16 55239 30 55337 10 55415 10 55460 18 55495 3 55502 23 55593 10 55671 10 55703 6 55715 21 55758 22 55850 8 55927 10 55958 7 55970 24 56014 22 56106 8 56183 9 56213 9 56224 31 56268 25 56361 8 56439 8 56469 41 56519 32 56616 9 56697 4 56724 42 56774 34 56864 1 56871 9 56980 42 57030 34 57119 4 57125 11 57236 41 57285 36 57376 14 57492 40 57541 36 57579 1 57634 11 57747 41 57796 42 57891 9 58003 44 58050 45 58148 6 58259 19 58280 71 58515 18 58536 72 58770 9 58780 8 58794 70 59026 8 59037 8 59051 69 59282 8 59293 9 59307 69 59539 94 59795 35 59832 8 59842 47 60052 32 60088 8 60098 46 60309 30 60344 7 60354 37 60394 6 60565 30 60601 46 60650 7 60820 7 60829 22 60857 46 60907 6 61075 9 61088 19 61114 44 61163 6 61330 10 61345 18 61370 44 61419 6 61586 10 61602 15 61627 40 61676 4 61841 12 61858 13 61883 38 61927 4 62096 13 62115 11 62139 34 62174 2 62180 8 62350 16 62372 9 62395 34 62431 1 62434 10 62606 16 62629 5 62652 32 62690 10 62861 17 62886 2 62908 32 62946 10 63062 1 63118 18 63165 31 63201 10 63316 6 63375 18 63422 30 63457 9 63572 7 63632 10 63646 2 63679 3 63684 24 63713 6 63828 7 63890 4 63896 1 63908 1 63941 4 63951 13 63967 1 63970 4 64038 1 64083 9 64147 2 64209 12 64223 6 64291 6 64339 9 64466 18 64545 10 64594 12 64723 10 64734 4 64766 2 64800 12 64848 15 64979 8 64990 2 65021 3 65056 12 65104 16 65239 2 65277 3 65312 13 65360 16 65533 3
580255,47 13 67 74 146 7 302 14 323 75 402 6 558 14 579 29 611 43 658 5 814 14 835 29 868 43 914 4 1070 14 1092 27 1125 42 1171 3 1326 13 1348 26 1381 42 1426 5 1582 13 1605 25 1637 42 1682 7 1839 11 1864 23 1893 43 1937 10 2095 10 2121 23 2149 57 2351 9 2377 25 2405 59 2607 8 2632 89 2863 7 2887 90 3120 6 3142 91 3337 1 3376 5 3398 91 3591 4 3654 90 3845 7 3910 90 4101 7 4166 89 4356 9 4423 4 4429 81 4613 8 4686 80 4790 3 4869 7 4943 79 5044 7 5127 4 5199 80 5299 9 5457 80 5554 11 5720 54 5775 19 5809 14 5980 50 6033 16 6065 20 6238 47 6290 15 6320 23 6494 41 6546 15 6576 24 6749 42 6803 15 6832 24 7004 46 7059 15 7080 32 7258 56 7316 14 7334 34 7508 77 7589 27 7618 7 7762 78 7844 24 7874 8 7936 3 8018 67 8086 9 8100 23 8131 7 8192 4 8273 68 8344 5 8355 17 8374 4 8387 8 8448 4 8519 5 8529 68 8611 21 8644 7 8704 4 8773 8 8784 66 8866 22 8901 7 8960 4 9027 79 9122 15 9158 7 9216 4 9282 80 9378 14 9414 8 9472 5 9539 78 9635 7 9644 3 9671 7 9728 5 9795 77 9891 7 9900 3 9918 4 9929 6 9984 5 10050 76 10149 11 10175 5 10186 6 10240 5 10305 76 10406 11 10432 5 10442 7 10495 6 10560 69 10663 10 10688 6 10698 8 10751 6 10815 69 10920 9 10944 6 10953 9 11007 6 11070 70 11175 9 11200 17 11264 5 11326 70 11431 6 11446 26 11520 5 11581 71 11687 5 11701 27 11776 5 11837 71 11937 1 11942 4 11956 21 11979 5 12031 6 12092 72 12192 9 12211 21 12235 6 12285 8 12348 73 12448 7 12466 22 12490 8 12540 9 12602 75 12704 6 12721 22 12746 9 12795 10 12858 75 12961 5 12976 22 13002 9 13050 10 13114 75 13218 3 13232 24 13259 8 13306 6 13370 75 13488 24 13515 8 13562 6 13625 75 13743 25 13771 8 13818 6 13881 75 13989 1 13999 25 14028 8 14074 6 14137 74 14254 19 14274 3 14284 10 14329 7 14393 74 14510 17 14540 11 14585 7 14650 74 14757 2 14766 17 14795 13 14841 7 14906 74 15013 3 15022 16 15049 15 15097 7 15162 75 15269 4 15278 16 15304 17 15353 7 15419 74 15518 12 15534 16 15555 22 15609 7 15676 73 15773 13 15790 16 15810 23 15865 7 15933 72 16028 14 16046 15 16063 25 16121 7 16190 71 16283 15 16302 15 16320 24 16377 7 16447 70 16538 17 16558 2 16564 4 16570 2 16576 23 16634 6 16703 70 16794 22 16821 2 16832 23 16891 5 16959 69 17050 6 17058 13 17077 1 17087 8 17098 12 17148 4 17216 68 17314 13 17330 5 17341 8 17357 7 17402 6 17473 66 17570 12 17586 5 17597 7 17657 7 17729 65 17827 20 17852 7 17867 6 17874 3 17912 11 17986 61 18083 20 18108 7 18122 12 18168 13 18242 60 18341 2 18349 11 18364 7 18377 14 18423 15 18499 5 18507 50 18606 11 18620 7 18632 15 18679 15 18748 2 18756 3 18764 50 18866 17 18888 16 18935 15 19003 6 19022 49 19124 15 19144 16 19192 13 19259 7 19281 47 19381 14 19400 16 19448 12 19514 9 19538 46 19639 12 19656 15 19704 10 19771 7 19793 46 19899 7 19913 13 19960 8 20028 4 20046 44 20156 6 20171 7 20217 7 20291 53 20354 2 20414 2 20473 7 20547 53 20609 5 20730 6 20803 53 20864 6 20985 7 21059 53 21119 8 21241 7 21315 52 21376 7 21397 2 21497 7 21570 45 21632 6 21651 6 21753 7 21826 45 21890 4 21899 15 22010 6 22081 47 22154 17 22268 4 22334 50 22408 20 22526 2 22589 53 22663 22 22783 1 22844 55 22918 24 23094 2 23099 57 23173 25 23332 2 23348 65 23428 26 23588 3 23604 65 23683 27 23859 66 23939 26 23969 4 24115 67 24194 27 24224 6 24371 68 24450 27 24479 7 24627 69 24706 27 24734 8 24882 71 24962 36 25136 74 25219 34 25391 80 25474 34 25647 117 25903 116 26159 115 26415 114 26671 113 26924 1 26927 114 27178 119 27433 120 27689 119 27944 120 28200 111 28314 5 28455 111 28573 1 28711 110 28967 110 29223 110 29479 111 29736 113 29992 114 30249 114 30427 6 30505 114 30680 10 30761 69 30835 40 30935 12 31018 68 31092 38 31191 12 31275 66 31348 38 31446 13 31533 64 31605 36 31702 14 31789 64 31869 28 31958 14 32046 63 32125 27 32214 15 32303 62 32381 27 32470 16 32560 49 32613 8 32638 26 32726 16 32818 40 32859 3 32870 6 32894 26 32982 16 33076 36 33126 5 33151 24 33238 16 33333 35 33382 4 33407 22 33493 17 33590 34 33638 3 33663 19 33749 16 33846 34 33891 6 33919 18 34004 17 34101 42 34145 8 34175 12 34259 18 34356 53 34431 10 34514 18 34612 53 34687 9 34770 17 34868 50 34943 8 35026 16 35046 3 35124 47 35199 7 35282 16 35301 5 35380 46 35456 5 35539 15 35557 6 35636 45 35714 1 35797 13 35814 4 35894 28 35925 12 36057 9 36155 4 36165 13 36181 11 36314 8 36422 26 36570 8 36684 19 36825 8 36942 17 37081 8 37200 14 37338 6 37458 11 37594 5 37715 9 37852 2 37975 4 38990 2 39246 3 39502 3 39759 2 43520 6 43776 7 44032 9 44288 9 44544 9 44800 9 45058 5
580290,0 5631 5632 255 5888 255 6144 31957 38102 498 38603 251 38860 250 39112 2 39117 4 39123 243 39373 3 39379 243 39634 4 39640 238 39890 3 39897 238 40147 1 40154 237 40410 229 40640 7 40655 1 40666 228 40896 3 40900 2 40919 231 41152 2 41171 1 41174 41 41216 190 41426 236 41682 236 41938 235 42193 237 42449 237 42705 237 42961 4 42966 229 43196 1 43216 4 43226 225 43472 3 43480 226 43734 228 43990 225 44216 2 44246 225 44472 1 44502 227 44758 227 45013 228 45269 228 45525 229 45780 8 45792 218 46035 230 46290 231 46545 234 46784 2 46801 235 47040 2 47057 228 47296 2 47313 227 47570 3 47575 221 47827 2 47832 219 48088 219 48343 220 48598 225 48854 227 49110 227 49366 41 49408 185 49623 40 49664 185 49879 39 49920 185 50106 2 50136 36 50176 188 50393 34 50432 188 50645 1 50650 33 50688 189 50901 1 50907 32 50944 174 51121 12 51166 28 51200 174 51378 11 51421 29 51456 173 51637 8 51677 30 51712 173 51893 3 51898 2 51933 31 51968 173 52189 33 52224 173 52446 32 52480 173 52703 31 52736 170 52959 32 52992 169 53215 32 53248 169 53471 32 53504 167 53726 33 53760 166 53947 1 53982 33 54016 165 54202 4 54214 2 54238 199 54458 4 54466 3 54492 201 54714 4 54722 3 54748 156 54911 41 54970 3 54976 5 55005 155 55167 41 55225 3 55231 5 55270 145 55422 44 55487 4 55522 2 55526 144 55677 46 55742 4 55777 148 55932 47 55986 2 55995 3 56033 147 56187 37 56228 7 56241 3 56250 4 56289 146 56444 1 56447 33 56485 5 56502 2 56545 146 56703 34 56742 4 56757 3 56783 1 56801 146 56959 34 57013 4 57040 3 57058 136 57199 4 57212 37 57269 6 57296 3 57315 136 57455 6 57468 37 57524 8 57552 2 57578 130 57711 8 57723 38 57764 4 57780 7 57834 190 58037 6 58063 3 58088 174 58264 13 58319 3 58344 23 58368 165 58574 4 58597 192 58830 4 58852 194 59056 1 59086 5 59107 105 59213 54 59271 32 59312 2 59341 5 59363 103 59469 54 59527 28 59597 4 59623 99 59726 1 59729 50 59783 26 59853 1 59879 98 59982 1 59985 79 60109 1 60134 98 60241 77 60335 3 60365 1 60390 3 60394 95 60498 77 60589 6 60643 102 60754 79 60836 1 60844 9 60898 105 61010 83 61099 9 61133 2 61153 107 61265 84 61355 9 61377 1 61380 2 61387 5 61401 1 61409 109 61521 87 61609 12 61632 6 61643 6 61657 3 61665 7 61675 99 61777 100 61887 8 61900 6 61914 3 61921 6 61932 201 62143 9 62156 5 62171 7 62180 2 62187 202 62399 3 62406 2 62412 4 62428 5 62442 3 62448 193 62654 6 62662 3 62668 4 62683 6 62703 158 62866 30 62910 7 62918 3 62925 2 62939 5 62959 146 63124 18 63143 9 63169 4 63174 3 63181 2 63195 5 63215 145 63382 15 63399 9 63426 3 63430 3 63437 2 63451 5 63469 3 63474 142 63639 14 63660 5 63682 2 63687 1 63707 4 63731 77 63809 63 63896 2 63901 8 63917 4 63938 2 63963 3 63988 76 64067 5 64073 56 64151 4 64157 8 64173 4 64194 2 64199 1 64220 2 64242 77 64330 55 64400 1 64403 8 64414 8 64428 5 64451 1 64454 2 64498 75 64588 38 64627 14 64652 2 64659 13 64684 5 64711 1 64754 73 64845 33 64885 13 64908 2 64914 12 64940 4 65011 73 65100 33 65142 12 65163 21 65196 5 65266 65 65333 7 65356 22 65379 8 65399 15 65418 24 65452 5 65500 1 65517 1 65521 15
584567,0 23 27 15 70 1 89 12 221 4 243 4 248 31 281 17 326 3 346 11 478 3 506 29 537 16 581 4 602 11 735 1 762 28 795 15 837 4 858 11 1017 29 1051 15 1094 3 1104 3 1114 11 1273 6 1280 23 1307 16 1359 5 1370 11 1528 30 1562 17 1598 3 1613 8 1627 10 1783 28 1816 19 1851 8 1868 11 1886 7 2038 24 2073 17 2106 13 2123 13 2143 5 2271 1 2292 11 2304 13 2329 17 2360 16 2377 15 2400 4 2527 2 2547 11 2560 14 2586 15 2615 34 2656 3 2783 5 2803 9 2816 14 2842 14 2871 34 2913 2 3039 7 3059 8 3072 15 3102 10 3127 34 3170 1 3295 8 3316 5 3328 16 3359 9 3382 36 3426 1 3551 8 3560 2 3573 2 3584 16 3614 10 3638 37 3805 16 3840 18 3862 6 3869 12 3893 39 4059 5 4070 8 4096 19 4117 22 4148 40 4315 5 4326 8 4349 31 4382 14 4403 17 4422 22 4506 5 4516 3 4571 5 4582 8 4604 31 4639 14 4658 18 4682 18 4761 8 4771 5 4827 5 4837 9 4859 31 4898 10 4914 17 4939 17 5017 15 5093 8 5115 27 5155 9 5168 19 5195 17 5273 15 5349 8 5365 3 5371 9 5381 15 5412 8 5424 18 5449 19 5528 17 5605 8 5621 4 5627 9 5640 1 5644 7 5668 8 5679 18 5704 20 5783 18 5862 7 5876 6 5884 9 5902 2 5925 28 5960 20 6038 19 6118 7 6131 7 6141 8 6181 27 6217 19 6294 20 6375 5 6386 9 6398 7 6437 26 6473 19 6546 23 6574 2 6642 11 6654 7 6694 24 6730 19 6801 23 6828 5 6897 19 6951 4 6959 15 6986 19 7058 22 7082 6 7152 20 7216 13 7243 18 7300 4 7314 22 7338 6 7407 19 7472 12 7499 19 7553 8 7569 31 7659 1 7662 11 7674 6 7728 12 7755 20 7807 10 7824 32 7901 4 7915 12 7930 6 7985 11 8011 21 8061 13 8079 34 8153 8 8171 21 8241 10 8267 22 8316 15 8335 34 8406 11 8427 21 8499 9 8522 24 8572 15 8591 34 8662 11 8684 20 8756 8 8778 25 8827 17 8847 34 8917 12 8940 20 9011 9 9034 25 9082 20 9104 33 9173 13 9196 20 9267 10 9289 26 9338 20 9362 30 9428 14 9452 20 9522 11 9545 26 9594 20 9619 11 9631 17 9683 15 9708 20 9778 12 9794 4 9801 26 9850 19 9876 9 9888 16 9938 17 9964 17 10034 21 10057 26 10098 2 10104 20 10132 10 10143 16 10193 21 10220 15 10290 48 10353 26 10388 27 10448 16 10466 5 10476 14 10547 43 10609 25 10644 27 10703 16 10722 5 10732 12 10803 42 10864 16 10884 4 10900 27 10958 15 10977 7 10987 12 11060 3 11067 34 11119 19 11156 26 11214 14 11233 7 11242 13 11323 33 11374 21 11412 25 11470 13 11489 7 11498 13 11579 32 11630 22 11668 23 11725 13 11745 6 11754 14 11835 32 11886 23 11924 22 11981 10 12001 3 12010 11 12022 2 12090 32 12142 22 12180 22 12237 10 12257 3 12265 10 12278 4 12346 31 12398 22 12436 21 12494 9 12513 3 12522 8 12533 5 12601 32 12647 21 12669 7 12692 21 12750 8 12767 6 12778 16 12857 32 12902 21 12927 4 12949 19 13006 8 13022 7 13035 15 13056 3 13112 33 13157 20 13184 4 13206 17 13262 9 13277 8 13291 15 13312 4 13364 37 13413 19 13441 4 13465 4 13474 3 13518 9 13532 8 13548 14 13568 4 13619 38 13670 18 13697 5 13775 8 13787 8 13805 14 13824 4 13875 38 13928 16 13953 6 14031 8 14042 8 14062 13 14079 5 14130 39 14189 11 14208 8 14288 13 14319 11 14335 1 14337 2 14386 40 14447 10 14464 8 14544 11 14575 11 14590 2 14642 40 14703 10 14719 9 14799 12 14833 10 14847 1 14898 40 14960 9 14974 10 15013 5 15052 15 15091 10 15155 39 15206 2 15214 6 15222 3 15230 10 15267 8 15306 16 15348 9 15411 15 15430 19 15460 15 15478 3 15484 13 15522 9 15561 17 15605 8 15669 13 15686 19 15715 15 15742 13 15778 9 15816 17 15860 9 15927 11 15941 20 15970 16 16002 11 16034 9 16071 18 16116 10 16184 31 16226 17 16259 11 16291 6 16326 15 16342 3 16372 10 16440 30 16482 17 16515 12 16548 3 16581 14 16629 9 16696 27 16738 17 16769 15 16836 14 16886 7 16952 26 16987 2 16994 8 17003 8 17016 3 17024 19 17091 15 17144 4 17208 25 17244 1 17249 17 17272 4 17281 21 17348 15 17364 5 17464 8 17473 14 17500 2 17505 17 17528 5 17538 22 17604 21 17721 20 17756 22 17783 7 17795 9 17806 10 17861 21 17919 1 17977 18 18012 22 18039 7 18052 6 18062 11 18117 21 18174 2 18234 17 18268 6 18276 13 18297 9 18307 7 18318 11 18374 21 18430 2 18490 3 18496 10 18524 6 18535 10 18553 16 18574 10 18630 23 18685 3 18754 4 18780 6 18792 10 18806 19 18830 10 18887 24 18941 3 19034 8 19049 9 19060 20 19087 8 19143 25 19197 3 19288 10 19304 32 19343 8 19399 25 19452 4 19542 12 19560 31 19599 7 19655 25 19708 4 19798 11 19817 26 19856 6 19911 25 19962 6 20053 12 20074 24 20113 5 20168 23 20216 8 20309 11 20330 23 20370 4 20422 26 20463 17 20565 11 20585 24 20626 4 20677 28 20717 19 20822 9 20840 10 20851 14 20882 3 20933 28 20972 20 21078 7 21095 9 21107 13 21139 2 21189 28 21226 22 21334 8 21348 12 21363 14 21445 28 21481 23 21563 5 21590 9 21603 13 21619 14 21701 27 21736 24 21819 5 21846 43 21957 27 21991 25 22054 6 22075 6 22102 43 22213 16 22233 7 22246 26 22309 10 22333 2 22358 32 22392 9 22421 3 22470 18 22502 26 22564 12 22614 31 22649 8 22676 7 22701 2 22727 17 22758 26 22820 12 22871 23 22898 1 22906 12 22931 10 22984 16 23014 26 23075 14 23128 21 23162 14 23184 14 23243 13 23270 26 23332 12 23387 18 23418 15 23439 15 23501 11 23527 25 23588 12 23646 4 23651 9 23674 16 23693 17 23763 5 23783 25 23850 5 23909 6 23930 37 24040 24 24107 4 24168 1 24187 36 24298 17 24316 4 24363 4 24445 25 24472 7 24555 16 24572 4 24619 5 24668 6 24702 22 24729 7 24802 3 24812 15 24828 4 24876 4 24923 8 24960 19 24986 5 25055 7 25070 11 25084 4 25134 1 25179 9 25220 14 25243 4 25309 10 25329 6 25340 4 25378 1 25391 2 25400 3 25435 9 25477 13 25564 11 25585 5 25596 4 25631 6 25647 4 25654 7 25692 8 25733 12 25764 4 25816 15 25839 2 25852 4 25886 8 25903 5 25909 8 25948 8 25990 14 26019 6 26061 5 26071 17 26094 4 26109 3 26142 8 26159 15 26175 6 26204 8 26247 15 26264 1 26275 8 26315 9 26326 18 26349 5 26365 3 26398 9 26415 23 26460 7 26504 20 26531 9 26571 9 26582 18 26607 1 26621 3 26654 9 26671 24 26716 7 26761 20 26788 9 26826 10 26838 18 26877 3 26910 10 26926 25 26973 5 27018 20 27044 9 27082 9 27094 19 27132 4 27166 12 27179 28 27275 19 27300 9 27337 10 27350 19 27388 4 27422 41 27512 4 27535 15 27555 10 27593 10 27606 20 27643 5 27678 42 27766 8 27794 11 27810 11 27848 11 27861 22 27899 5 27934 42 28021 9 28051 10 28065 11 28104 35 28155 5 28189 43 28277 10 28308 8 28320 12 28360 36 28411 5 28445 44 28524 3 28532 12 28564 8 28575 12 28617 34 28667 5 28702 44 28779 5 28788 12 28821 20 28873 34 28923 5 28959 44 29036 4 29043 13 29078 17 29129 34 29179 5 29217 43 29299 14 29335 14 29385 34 29435 5 29474 42 29555 14 29590 14 29641 35 29693 1 29730 42 29811 14 29846 14 29898 34 29986 41 30067 14 30101 15 30154 9 30169 20 30240 43 30320 1 30323 15 30356 20 30426 19 30496 42 30574 20 30611 22 30683 5 30689 12 30751 42 30830 20 30867 22 30929 4 30945 12 31008 25 31038 11 31084 22 31123 23 31183 9 31202 11 31264 20 31296 9 31339 23 31379 23 31408 3 31439 10 31458 11 31520 19 31553 7 31594 24 31628 1 31635 33 31694 11 31715 9 31777 17 31810 6 31850 24 31876 11 31892 33 31932 4 31949 13 31974 5 32032 17 32067 4 32106 38 32149 32 32188 6 32203 15 32229 1 32287 16 32323 4 32361 39 32406 32 32443 9 32458 16 32483 3 32543 15 32580 1 32617 39 32662 32 32699 9 32714 17 32735 9 32799 15 32873 40 32918 33 32955 8 32969 32 33056 13 33129 41 33174 33 33212 5 33225 33 33312 13 33385 42 33430 32 33481 33 33568 13 33640 44 33685 33 33737 34 33825 11 33896 8 33906 68 33978 4 33992 35 34081 10 34151 9 34161 69 34233 5 34247 37 34338 9 34407 21 34429 56 34488 6 34501 39 34594 8 34663 78 34744 6 34756 40 34851 5 34919 77 35000 5 35011 41 35109 1 35176 76 35266 25 35292 16 35432 76 35522 41 35688 20 35710 54 35777 22 35800 18 35943 21 35966 54 36032 21 36056 16 36194 25 36222 54 36285 23 36312 16 36450 25 36477 54 36540 23 36567 17 36705 25 36732 55 36795 23 36821 19 36961 25 36987 55 37049 22 37076 19 37218 80 37305 21 37332 19 37474 80 37560 22 37587 4 37592 14 37730 80 37815 22 37843 3 37849 13 37986 82 38069 22 38100 2 38104 13 38242 12 38257 81 38341 5 38354 3 38360 12 38499 9 38514 79 38609 4 38616 2 38622 6 38756 6 38770 78 38852 5 38866 2 38873 1 38878 6 39026 76 39106 8 39118 2 39125 1 39129 1 39134 8 39282 75 39360 10 39373 4 39388 11 39538 65 39606 8 39615 12 39628 5 39643 14 39794 64 39863 26 39899 15 40050 62 40119 25 40154 18 40297 3 40305 61 40375 25 40410 9 40420 8 40552 5 40560 45 40607 11 40631 26 40662 2 40666 9 40678 7 40808 51 40863 10 40887 3 40892 22 40918 2 40922 9 40935 5 41065 50 41119 8 41148 23 41175 1 41178 10 41192 4 41321 49 41374 9 41404 23 41434 10 41577 48 41630 9 41660 23 41690 3 41696 4 41833 47 41886 12 41917 22 41952 3 42088 20 42112 24 42142 13 42174 20 42208 2 42344 19 42368 24 42398 16 42420 2 42431 20 42599 19 42624 24 42654 16 42675 5 42688 19 42838 3 42855 49 42910 16 42930 6 42944 20 42969 1 43094 4 43111 49 43167 15 43186 6 43202 19 43224 2 43349 5 43368 6 43376 24 43408 8 43423 15 43442 6 43458 19 43478 4 43503 5 43605 5 43624 6 43638 17 43664 7 43680 14 43698 6 43714 24 43758 6 43861 5 43880 6 43894 16 43920 7 43937 13 43954 6 43970 23 44014 6 44100 3 44118 3 44137 6 44149 17 44176 6 44196 20 44226 23 44260 3 44269 6 44356 3 44393 6 44404 20 44431 6 44452 20 44484 21 44515 5 44524 6 44534 4 44612 3 44650 6 44660 22 44686 7 44708 21 44741 22 44770 8 44780 4 44788 7 44868 1 44905 7 44916 33 44963 23 44998 22 45025 14 45043 9 45160 9 45173 32 45218 24 45256 20 45278 13 45298 10 45414 11 45431 31 45472 26 45513 34 45554 10 45670 11 45689 31 45726 29 45770 32 45810 10 45926 11 45947 30 45981 33 46027 30 46066 11 46182 11 46205 65 46283 28 46322 14 46438 11 46460 67 46540 27 46578 14 46694 11 46714 42 46760 24 46796 27 46833 15 46950 12 46969 41 47016 10 47028 4 47034 6 47042 1 47051 7 47060 19 47089 15 47207 12 47225 33 47271 11 47284 1 47298 4 47307 6 47317 18 47345 15 47467 9 47481 32 47526 13 47553 8 47562 6 47573 18 47602 14 47725 8 47737 31 47781 13 47807 17 47830 17 47858 14 47982 8 47993 30 48037 13 48063 16 48086 17 48115 13 48238 42 48293 12 48318 18 48342 17 48372 12 48466 2 48495 41 48549 10 48574 18 48598 17 48629 11 48721 4 48751 41 48805 9 48830 19 48854 18 48886 10 48977 4 49007 41 49061 9 49086 19 49108 20 49143 9 49234 3 49264 40 49317 9 49342 20 49364 20 49401 5 49490 4 49520 39 49573 9 49598 20 49620 20 49746 4 49777 38 49828 11 49854 19 49876 20 50002 5 50034 36 50084 12 50110 18 50132 20 50258 5 50267 2 50291 35 50340 13 50366 17 50388 20 50514 13 50549 33 50596 15 50622 17 50645 19 50770 14 50806 32 50853 14 50875 19 50903 1 50908 12 51026 14 51063 31 51109 14 51130 20 51165 10 51281 15 51319 31 51357 4 51365 14 51387 19 51421 9 51537 15 51575 32 51612 6 51620 14 51643 19 51677 7 51793 15 51831 33 51868 22 51900 17 51934 4 52050 14 52087 33 52124 22 52156 16 52311 9 52343 34 52381 20 52412 16 52568 7 52599 34 52642 14 52667 16 52711 3 52855 34 52900 11 52923 16 52967 3 53109 1 53111 34 53157 6 53179 16 53222 4 53364 2 53367 7 53377 24 53435 14 53479 3 53620 2 53634 24 53692 9 53890 26 53949 7 54146 28 54207 3 54221 4 54403 27 54477 5 54660 27 54733 4 54743 5 54917 26 54991 1 54998 6 55173 26 55232 2 55254 6 55430 29 55487 3 55509 7 55686 32 55742 5 55763 9 55943 32 55997 6 56018 11 56200 32 56252 8 56266 5 56273 14 56456 31 56506 37 56712 23 56755 44 56968 23 57011 43 57225 21 57266 43 57480 24 57522 42 57736 24 57778 28 57807 11 57992 25 58030 44 58247 27 58282 47 58503 27 58539 51 58759 28 58795 56 59015 28 59052 56 59272 27 59309 55 59528 27 59571 49 59784 27 59828 48 60042 25 60084 22 60108 23 60299 24 60341 11 60354 5 60366 7 60376 11 60556 23 60597 11 60623 4 60634 8 60814 22 60854 10 60892 5 61072 20 61111 8 61329 19 61369 4 61586 18 61842 18 62099 17 62356 16 62612 6 62868 4 63443 3 63697 8 63708 3 63936 2 63952 16 64057 2 64185 10 64208 17 64312 6 64393 2 64441 10 64464 17 64569 7 64697 11 64720 17 64825 8 64953 11 64977 16 65081 8 65210 10 65236 13 65337 8 65413 2 65466 11 65496 10
596931,0 3 22 12 82 15 108 2 155 18 203 7 229 28 278 10 339 14 362 5 411 18 459 8 485 27 534 9 596 14 618 6 666 19 714 9 742 26 791 8 853 13 874 6 921 20 969 10 998 26 1051 4 1109 15 1130 6 1177 20 1225 10 1254 26 1308 3 1365 16 1386 7 1432 21 1482 9 1505 3 1511 25 1621 17 1640 1 1643 7 1688 22 1739 10 1759 6 1766 2 1771 21 1877 17 1895 13 1944 22 1996 10 2015 9 2027 21 2132 33 2200 21 2253 9 2272 9 2293 11 2328 1 2388 34 2457 20 2509 9 2529 8 2553 7 2584 2 2643 35 2714 3 2721 11 2764 10 2784 10 2811 4 2841 2 2898 36 2978 9 3020 10 3040 10 3098 1 3154 24 3183 7 3234 9 3276 10 3295 11 3356 2 3409 23 3440 6 3489 9 3532 10 3551 11 3611 6 3664 23 3697 5 3704 2 3741 13 3788 11 3807 11 3866 7 3919 16 3959 4 3995 15 4045 11 4062 13 4122 7 4174 17 4215 6 4250 16 4281 6 4301 11 4317 14 4378 7 4430 17 4471 6 4506 17 4534 10 4557 12 4571 16 4634 7 4686 17 4728 6 4762 18 4790 12 4813 30 4891 7 4942 16 4980 2 4983 7 5018 19 5046 12 5069 29 5148 8 5192 3 5198 16 5236 10 5274 20 5302 13 5325 28 5406 8 5447 4 5456 13 5490 2 5496 6 5530 20 5558 7 5567 7 5582 16 5602 5 5663 9 5701 7 5713 11 5746 2 5753 6 5785 21 5815 5 5825 6 5844 7 5919 10 5956 8 5970 10 6010 4 6039 23 6071 7 6082 7 6175 11 6211 10 6226 10 6266 4 6294 10 6306 13 6322 2 6327 9 6338 7 6431 11 6465 28 6498 8 6522 4 6549 9 6563 16 6584 8 6594 6 6687 10 6720 31 6753 9 6779 2 6805 9 6820 16 6840 9 6850 6 6894 2 6943 10 6976 32 7009 7 7036 1 7061 8 7075 18 7096 9 7106 6 7150 3 7166 2 7199 10 7232 32 7265 7 7286 2 7302 1 7313 12 7331 19 7353 8 7362 5 7406 3 7421 3 7455 9 7488 30 7521 8 7541 3 7552 8 7568 15 7587 21 7611 5 7619 4 7663 3 7676 4 7711 9 7746 27 7781 10 7796 4 7807 10 7824 22 7848 17 7868 3 7877 2 7919 3 7931 5 7967 9 8002 27 8039 8 8063 10 8080 22 8104 17 8125 3 8134 1 8159 8 8175 2 8187 5 8223 9 8259 24 8295 8 8319 10 8336 22 8359 19 8382 2 8390 2 8404 2 8413 10 8431 1 8443 5 8459 1 8478 11 8515 23 8551 7 8576 8 8592 34 8629 6 8636 4 8645 5 8659 3 8668 11 8699 5 8730 1 8733 12 8772 22 8809 3 8832 8 8848 33 8886 11 8901 5 8915 3 8923 11 8956 4 8985 8 8996 5 9031 14 9048 1 9088 8 9104 34 9143 12 9158 4 9171 3 9178 12 9197 2 9241 7 9253 4 9289 10 9345 7 9360 35 9399 13 9414 5 9428 2 9433 13 9452 2 9497 7 9539 5 9545 9 9572 1 9592 1 9601 8 9615 52 9669 6 9683 3 9688 14 9727 1 9750 2 9753 6 9794 16 9826 3 9848 1 9857 9 9871 61 9939 4 9944 14 9981 3 10006 9 10050 16 10104 1 10111 11 10130 29 10161 27 10195 4 10200 14 10235 5 10263 7 10305 17 10366 13 10386 28 10418 26 10451 23 10489 7 10518 8 10560 18 10625 10 10642 27 10675 25 10707 23 10744 8 10774 1 10815 19 10882 9 10898 25 10931 24 10963 23 10999 9 11026 4 11071 20 11139 3 11155 22 11187 3 11193 17 11219 23 11255 9 11282 4 11327 20 11412 20 11444 1 11450 16 11475 23 11511 9 11538 4 11583 20 11668 21 11700 2 11708 7 11732 21 11766 10 11795 2 11840 18 11925 20 11956 2 11964 6 11988 9 11998 11 12022 10 12096 18 12182 20 12213 2 12221 4 12245 6 12256 8 12278 10 12353 17 12438 22 12469 3 12476 5 12501 5 12512 7 12527 17 12609 16 12673 2 12696 22 12724 5 12730 6 12770 3 12782 18 12865 15 12927 8 12952 23 12979 13 13038 18 13121 14 13182 11 13209 39 13296 16 13376 14 13437 12 13466 37 13553 15 13632 15 13691 3 13697 9 13724 35 13809 15 13888 15 13947 2 13954 8 13982 33 14066 14 14145 14 14203 1 14210 8 14238 33 14323 13 14401 14 14467 7 14495 32 14580 12 14657 9 14670 1 14724 6 14752 31 14837 11 14914 7 14980 6 15010 17 15032 8 15094 10 15166 1 15171 6 15198 3 15236 5 15267 14 15289 7 15350 10 15422 1 15428 6 15454 3 15492 5 15524 13 15547 5 15606 10 15684 6 15748 5 15782 10 15861 11 15941 5 15963 2 15994 1 16003 5 16038 9 16117 11 16197 5 16224 1 16259 4 16296 4 16372 12 16453 5 16479 3 16626 14 16700 1 16709 5 16736 1 16881 15 16955 3 16965 4 17137 15 17211 2 17222 3 17393 15 17421 2 17466 2 17649 15 17676 4 17905 15 17932 4 17955 2 17994 1 18101 3 18160 16 18188 3 18249 3 18346 2 18355 6 18410 22 18505 6 18601 5 18610 8 18663 25 18761 6 18856 6 18865 8 18919 25 19018 5 19112 6 19120 8 19174 26 19274 5 19366 7 19377 7 19431 25 19482 1 19531 4 19621 7 19633 6 19687 4 19696 16 19737 2 19788 1 19802 2 19876 9 19891 2 19943 4 19952 16 19993 2 20058 5 20131 11 20199 4 20207 17 20250 2 20316 5 20387 11 20454 5 20465 15 20506 4 20572 5 20643 11 20709 6 20721 15 20762 5 20900 10 20965 6 20977 15 21018 5 21158 8 21220 6 21232 16 21274 5 21416 6 21477 5 21488 16 21530 6 21673 6 21733 4 21744 16 21786 4 21929 6 21989 2 21999 17 22043 2 22186 4 22254 18 22443 4 22497 3 22509 19 22701 3 22752 4 22764 20 22956 5 23005 8 23021 19 23108 1 23158 5 23212 6 23259 11 23278 18 23414 5 23468 5 23513 13 23535 17 23616 1 23669 7 23723 6 23768 15 23792 16 23924 8 23980 4 24024 16 24048 16 24180 9 24206 1 24279 18 24304 16 24435 10 24462 1 24535 18 24560 16 24689 13 24790 19 24815 16 24945 12 25009 3 25047 17 25072 15 25200 11 25263 7 25303 15 25328 16 25444 1 25456 12 25518 9 25560 14 25586 14 25670 3 25698 5 25706 3 25712 12 25768 16 25816 12 25843 13 25924 6 25953 27 26022 18 26073 11 26099 13 26180 2 26183 3 26207 27 26277 19 26331 3 26337 7 26356 12 26447 2 26462 26 26534 18 26594 6 26622 2 26665 2 26702 7 26716 25 26754 1 26783 3 26790 18 26851 7 26879 1 26919 4 26956 10 26972 23 27038 5 27046 17 27108 6 27174 5 27212 12 27227 22 27258 1 27294 5 27302 11 27314 4 27367 3 27400 4 27432 3 27468 36 27550 19 27570 3 27623 3 27655 6 27703 2 27724 35 27806 19 27880 4 27911 6 27958 4 27981 33 28062 21 28094 3 28135 5 28167 6 28214 4 28238 32 28278 1 28318 21 28347 7 28373 4 28380 2 28391 5 28423 6 28470 4 28494 6 28504 21 28534 2 28574 22 28602 9 28629 9 28647 4 28679 5 28728 2 28751 5 28767 13 28792 6 28831 22 28857 10 28885 9 28903 3 28936 4 29006 6 29023 13 29045 9 29087 23 29112 12 29140 9 29159 3 29262 7 29278 13 29300 10 29342 10 29359 22 29394 4 29415 3 29518 6 29534 13 29555 6 29563 2 29597 10 29615 17 29634 4 29650 2 29671 2 29755 2 29775 5 29790 13 29806 1 29810 6 29852 8 29872 16 29890 6 30012 1 30039 3 30046 26 30108 6 30128 16 30147 6 30200 3 30279 3 30293 6 30302 25 30342 1 30362 7 30384 15 30404 5 30453 7 30536 1 30548 7 30558 16 30577 7 30597 2 30640 14 30660 5 30695 1 30707 9 30802 10 30814 15 30834 6 30852 5 30896 14 30916 5 30947 1 30950 2 30963 10 31056 11 31070 14 31090 7 31109 5 31129 1 31153 13 31171 6 31203 5 31218 11 31294 1 31311 12 31326 14 31347 6 31365 6 31385 2 31410 14 31426 6 31460 5 31473 13 31548 4 31567 11 31583 13 31602 8 31621 7 31640 4 31668 7 31676 12 31715 6 31729 15 31762 3 31804 3 31823 11 31839 13 31858 8 31877 8 31896 5 31925 5 31932 11 31948 2 31971 6 31985 15 32017 4 32059 3 32079 10 32096 12 32115 7 32134 7 32152 6 32180 6 32188 12 32204 2 32226 6 32244 12 32274 3 32314 4 32322 1 32336 9 32353 11 32372 6 32390 7 32409 6 32424 2 32434 7 32444 12 32460 2 32481 7 32501 11 32569 6 32577 5 32592 7 32613 7 32629 4 32647 7 32665 7 32679 5 32689 8 32700 12 32737 5 32763 1 32824 8 32833 6 32848 4 32871 6 32887 3 32905 6 32921 7 32932 8 32944 7 32952 13 32993 4 33080 8 33089 6 33127 8 33144 2 33161 7 33177 8 33188 18 33208 13 33249 1 33336 16 33382 11 33400 3 33418 7 33434 8 33444 18 33464 13 33592 15 33638 12 33652 2 33655 4 33674 8 33690 8 33700 18 33721 11 33849 13 33894 22 33931 8 33946 9 33956 18 33981 5 34106 8 34150 21 34187 8 34203 27 34364 5 34406 21 34442 9 34460 26 34662 17 34698 8 34716 27 34920 14 34954 7 34972 27 35177 5 35185 5 35211 6 35229 25 35327 1 35443 2 35467 4 35485 25 35581 3 35692 2 35700 1 35722 5 35741 25 35947 4 35956 2 35977 6 35997 20 36018 5 36202 7 36211 4 36233 5 36254 25 36457 15 36488 6 36513 23 36713 15 36745 4 36772 19 36909 4 36968 16 37002 2 37032 15 37165 5 37214 7 37223 17 37290 10 37365 3 37411 2 37420 7 37469 14 37487 9 37549 4 37621 3 37666 4 37675 9 37724 14 37744 8 37877 3 37921 6 37931 10 37970 4 37979 14 38003 6 38133 2 38140 3 38176 7 38186 13 38226 5 38235 15 38260 7 38389 1 38396 3 38431 7 38442 13 38482 6 38491 15 38516 9 38653 1 38687 7 38699 13 38738 5 38749 13 38768 14 38943 6 38955 12 39008 1 39013 6 39023 16 39199 6 39211 12 39268 7 39278 17 39456 4 39467 9 39524 6 39533 18 39712 4 39723 8 39779 7 39789 18 39933 1 39968 4 39979 8 40035 8 40045 12 40062 1 40185 1 40189 1 40224 4 40235 8 40291 8 40302 11 40440 3 40444 2 40479 5 40492 6 40534 4 40547 9 40558 10 40696 6 40736 4 40789 6 40804 8 40815 9 40953 2 40993 2 41044 7 41060 7 41072 8 41300 7 41316 7 41328 7 41554 8 41572 7 41585 4 41810 8 41829 6 41842 1 42067 6 42085 5 42323 5 42341 3 42579 5 42598 1 42836 4 43093 3 43263 1 43342 2 43350 2 43518 2 43597 5 43606 1 43774 2 43851 7 44030 2 44082 1 44104 10 44286 2 44337 4 44359 11 44541 3 44593 4 44615 12 44797 3 44849 4 44872 11 45053 3 45105 4 45129 11 45308 4 45361 4 45385 11 45564 4 45617 3 45642 9 45771 3 45819 5 45873 2 45899 8 46027 4 46075 5 46156 5 46284 4 46290 2 46331 5 46542 6 46587 5 46799 5 47671 2 47912 3 47926 4 48168 4 48182 4 48424 8 48437 5 48504 3 48617 5 48680 10 48693 5 48711 4 48760 3 48872 7 48936 11 48949 5 48965 7 49016 3 49127 9 49193 9 49206 4 49220 8 49230 1 49272 2 49382 11 49408 1 49449 9 49463 3 49476 7 49485 4 49528 1 49638 12 49705 8 49734 6 49741 4 49896 11 49961 7 49992 4 49997 4 50153 17 50218 1 50221 2 50250 8 50410 18 50508 6 50666 22 50765 4 50922 22 51178 22 51401 5 51432 24 51656 7 51688 24 51834 1 51911 8 51944 24 52089 3 52166 10 52199 25 52344 4 52422 10 52455 25 52599 5 52677 12 52711 25 52857 3 52933 13 52967 25 53110 1 53114 3 53190 12 53211 3 53223 25 53366 1 53369 4 53446 13 53465 7 53476 28 53625 4 53704 56 53880 7 53960 56 54136 7 54217 55 54393 6 54473 55 54650 5 54729 55 54985 55 55241 55 55496 56 55752 56 56009 55 56124 3 56262 2 56267 53 56380 4 56524 52 56636 4 56781 51 56892 4 57038 50 57148 4 57294 50 57404 7 57550 50 57661 8 57804 52 57918 7 58059 53 58174 8 58315 53 58432 6 58571 53 58689 5 58826 54 58946 3 59082 54 59203 2 59330 4 59336 56 59586 15 59604 44 59808 2 59842 15 59861 33 59896 8 60097 16 60118 29 60154 6 60353 16 60374 29 60413 3 60609 15 60630 29 60669 3 60864 16 60886 29 60925 3 61120 16 61142 30 61181 1 61375 17 61399 29 61479 2 61631 17 61655 30 61733 6 61818 1 61875 2 61888 17 61911 32 61988 8 62131 2 62146 15 62167 30 62243 10 62290 4 62386 3 62403 16 62422 3 62426 27 62481 2 62498 11 62545 14 62643 1 62660 17 62678 2 62684 24 62736 4 62752 14 62801 16 62916 20 62941 22 62992 5 63015 8 63056 20 63077 2 63173 18 63194 13 63210 7 63248 6 63273 8 63312 24 63346 2 63354 1 63431 16 63448 15 63467 4 63504 7 63531 6 63569 24 63602 2 63610 1 63688 31 63725 2 63759 9 63787 6 63825 24 63860 4 63945 16 63962 11 63982 2 64013 11 64044 6 64082 24 64115 5 64202 15 64220 9 64265 15 64300 7 64338 24 64369 7 64462 11 64478 7 64512 25 64558 5 64594 24 64625 7 64720 9 64736 3 64768 27 64797 1 64815 5 64851 23 64880 7 64977 9 65001 5 65024 30 65071 6 65107 23 65136 7 65235 7 65256 6 65280 30 65327 6 65363 23 65392 7 65493 5 65511 8
597667,24 1 33 6 44 13 61 29 108 17 146 7 169 47 222 34 280 2 288 7 301 10 316 30 365 7 373 8 402 9 426 35 467 5 477 35 536 3 543 7 558 8 572 30 622 4 630 6 650 2 658 10 683 17 702 14 723 5 733 35 792 3 799 8 814 8 828 29 888 5 904 6 914 11 941 15 958 15 978 46 1048 3 1054 10 1070 8 1084 29 1145 4 1158 9 1170 12 1199 13 1214 16 1233 47 1304 16 1326 7 1341 27 1402 3 1413 10 1426 12 1455 12 1468 68 1562 14 1582 7 1597 27 1667 13 1682 13 1710 12 1724 68 1824 23 1851 29 1922 29 1966 82 2081 55 2178 29 2221 83 2337 55 2432 30 2474 86 2593 54 2688 30 2729 87 2849 53 2943 31 2980 92 3106 51 3199 31 3235 93 3362 51 3455 32 3491 93 3604 1 3620 48 3711 33 3747 93 3860 3 3876 48 3968 34 4003 68 4072 24 4117 3 4132 48 4225 9 4236 22 4259 66 4329 23 4373 4 4388 2 4391 45 4450 3 4482 7 4492 22 4515 66 4586 22 4630 3 4644 1 4647 46 4705 4 4748 9 4759 11 4771 66 4843 21 4887 2 4901 48 4960 5 5005 7 5015 10 5028 64 5100 20 5158 48 5216 5 5264 2 5271 10 5285 34 5322 26 5357 19 5415 49 5472 5 5526 11 5541 34 5581 5 5590 14 5614 18 5672 51 5729 4 5782 11 5799 32 5847 12 5871 17 5931 48 5986 3 6038 11 6053 34 6106 9 6128 16 6180 2 6188 47 6243 2 6294 10 6308 35 6363 8 6384 16 6416 2 6433 5 6444 22 6469 23 6500 1 6530 4 6550 10 6563 36 6621 5 6640 16 6672 3 6687 8 6699 21 6727 21 6756 1 6786 6 6806 10 6818 36 6897 15 6928 3 6941 10 6955 20 6983 22 7012 3 7043 4 7060 12 7075 35 7153 15 7183 4 7196 34 7240 22 7268 4 7315 13 7331 36 7410 14 7438 5 7452 34 7499 21 7524 5 7570 14 7588 35 7668 12 7694 5 7708 33 7758 19 7782 3 7826 14 7844 36 7925 12 7938 4 7949 5 7964 31 8024 9 8082 15 8100 35 8181 21 8204 6 8220 28 8283 6 8338 53 8438 26 8476 27 8540 5 8593 65 8693 27 8732 27 8797 4 8818 2 8830 2 8849 67 8948 27 8988 21 9056 1 9074 3 9086 4 9105 68 9203 28 9244 20 9328 5 9341 7 9361 69 9448 6 9459 28 9498 22 9568 2 9586 2 9597 1 9599 6 9618 69 9692 5 9704 7 9713 30 9760 16 9824 4 9855 9 9874 82 9958 41 10019 13 10079 5 10113 10 10129 126 10276 13 10335 5 10369 10 10382 129 10533 12 10591 5 10624 12 10637 123 10763 3 10790 11 10847 5 10879 137 11020 2 11047 8 11104 5 11129 2 11135 129 11266 5 11304 6 11360 7 11384 136 11523 5 11532 2 11562 3 11619 5 11640 136 11779 5 11788 2 11876 5 11895 137 12035 5 12104 7 12132 6 12151 137 12291 5 12360 9 12389 5 12404 140 12549 2 12560 4 12616 11 12646 5 12659 21 12683 117 12816 5 12871 13 12904 5 12913 7 12921 15 12939 117 13072 6 13127 13 13161 5 13168 23 13195 117 13329 7 13383 13 13418 16 13437 9 13451 117 13586 7 13638 14 13674 17 13693 10 13707 116 13843 6 13893 15 13931 17 13949 10 13963 114 14100 6 14112 1 14149 15 14190 25 14218 114 14358 5 14367 4 14405 15 14448 23 14474 113 14618 2 14621 6 14661 15 14704 23 14730 113 14875 7 14918 14 14960 22 14985 114 15174 14 15216 22 15241 114 15430 14 15471 23 15497 115 15686 15 15727 23 15754 114 15941 16 15982 25 16010 115 16197 16 16236 28 16266 115 16453 15 16490 42 16534 103 16710 13 16745 42 16792 102 16967 12 17001 39 17049 102 17224 9 17256 40 17307 21 17331 76 17481 3 17512 40 17565 19 17588 76 17737 2 17767 45 17822 18 17844 76 17994 1 18023 47 18078 18 18099 83 18245 6 18278 49 18333 19 18355 84 18496 12 18528 1 18533 51 18587 21 18611 85 18752 12 18780 84 18868 85 19007 13 19033 26 19061 22 19087 33 19124 69 19194 5 19200 9 19263 13 19288 49 19347 29 19380 56 19439 8 19456 9 19519 14 19543 45 19605 25 19636 55 19698 2 19712 9 19765 25 19798 45 19870 16 19893 54 19953 1 19968 9 20020 78 20127 15 20149 54 20209 1 20224 11 20275 78 20383 14 20406 53 20480 14 20530 76 20639 13 20663 51 20736 17 20785 77 20895 13 20918 49 20992 17 21040 79 21144 21 21174 48 21248 18 21296 20 21320 61 21399 21 21430 46 21506 16 21551 21 21578 60 21653 22 21686 46 21763 16 21808 20 21834 61 21908 23 21942 45 22020 15 22064 20 22090 61 22164 21 22186 1 22198 32 22235 7 22275 16 22323 16 22346 61 22421 19 22455 30 22490 7 22530 18 22583 12 22601 62 22677 18 22711 16 22729 10 22745 7 22787 16 22841 9 22857 61 22934 18 22967 14 22986 8 23002 3 23043 14 23100 3 23112 61 23191 18 23222 13 23242 7 23299 15 23366 62 23448 20 23477 14 23555 16 23584 3 23622 62 23704 21 23727 16 23771 1 23811 17 23839 10 23877 62 23961 44 24066 20 24095 13 24133 62 24217 44 24322 21 24350 15 24388 11 24401 50 24473 30 24504 14 24543 1 24578 22 24605 17 24643 11 24661 46 24730 28 24760 14 24798 2 24834 24 24859 26 24899 10 24916 49 24985 27 25017 13 25089 55 25155 9 25171 52 25239 27 25273 13 25345 56 25411 9 25427 52 25496 29 25528 13 25600 59 25667 9 25683 54 25752 45 25856 59 25923 8 25938 55 26009 44 26112 61 26179 8 26193 57 26266 42 26368 62 26435 8 26448 58 26523 40 26624 64 26691 8 26703 63 26780 38 26821 1 26880 64 26948 8 26959 55 27018 4 27036 38 27076 3 27136 66 27205 63 27274 4 27292 44 27392 66 27461 63 27531 4 27549 45 27648 67 27717 63 27788 10 27805 46 27904 132 28040 2 28047 8 28061 49 28160 140 28304 7 28318 49 28416 141 28560 7 28573 50 28672 141 28816 8 28829 53 28928 154 29084 54 29184 187 29374 20 29440 186 29630 20 29696 185 29887 20 29952 185 30141 23 30208 184 30395 26 30464 213 30720 183 30904 29 30976 213 31232 213 31488 212 31707 1 31744 211 31962 6 32000 211 32218 3 32222 2 32256 211 32475 1 32479 1 32512 210 32731 1 32735 1 32768 210 32984 3 32991 1 32996 2 33024 210 33241 2 33250 4 33280 209 33506 3 33536 209 33762 3 33792 210 34018 4 34047 212 34263 1 34275 3 34301 216 34518 2 34531 4 34557 220 34789 1 34812 222 35066 223 35315 1 35319 225 35571 228 35829 223 36086 221 36342 221 36597 221 36835 1 36853 221 37089 2 37107 222 37345 2 37362 222 37601 1 37613 1 37616 224 37869 226 38124 227 38379 228 38634 229 38889 22 38912 207 39144 22 39168 207 39399 22 39424 207 39653 24 39680 208 39902 4 39908 25 39936 209 40153 35 40192 210 40409 36 40448 212 40664 37 40704 254 40960 254 41216 254 41472 254 41728 254 41984 90 42075 162 42240 88 42333 160 42496 86 42588 1 42592 157 42752 85 42844 1 42848 157 43008 85 43100 1 43104 156 43264 84 43355 2 43360 156 43520 84 43611 3 43616 157 43776 83 43867 3 43873 156 44032 83 44124 2 44129 146 44277 8 44288 82 44380 2 44385 145 44533 8 44544 81 44640 145 44789 7 44800 80 44896 145 45045 7 45056 80 45152 145 45301 6 45312 80 45408 144 45558 5 45569 71 45641 8 45663 145 45816 3 45825 71 45897 7 45919 145 46073 3 46081 69 46151 9 46175 141 46330 4 46337 7 46345 61 46407 9 46431 141 46587 3 46592 8 46601 39 46641 21 46663 9 46688 139 46843 2 46848 47 46898 30 46945 138 47099 1 47104 46 47155 28 47201 137 47360 46 47412 27 47457 137 47604 3 47616 46 47667 27 47714 136 47858 7 47872 46 47922 28 47970 137 48113 10 48128 40 48170 5 48178 28 48226 138 48369 9 48384 39 48427 5 48434 26 48483 137 48625 9 48640 39 48684 30 48739 137 48881 9 48896 39 48940 28 48996 137 49137 9 49152 38 49195 27 49253 136 49394 12 49408 38 49450 27 49506 138 49650 53 49705 27 49759 120 49882 18 49906 81 49992 5 50014 120 50140 16 50162 53 50219 24 50248 5 50268 121 50398 14 50418 50 50469 2 50475 24 50503 6 50523 122 50655 13 50675 52 50729 5 50735 19 50757 8 50779 122 50911 5 50919 5 50931 51 50983 7 50991 16 51013 8 51034 122 51177 3 51188 49 51239 7 51247 15 51266 11 51284 127 51433 3 51444 50 51495 23 51521 11 51539 128 51668 2 51700 58 51759 14 51775 13 51795 125 51922 5 51956 87 52049 113 52165 10 52177 7 52212 71 52285 14 52303 115 52422 18 52469 69 52540 14 52558 116 52679 17 52726 9 52736 73 52814 116 52933 19 52983 5 52992 73 53068 2 53073 63 53139 48 53188 20 53247 73 53329 65 53395 68 53504 71 53585 65 53652 65 53760 66 53842 63 53909 45 53956 17 54016 65 54099 62 54166 43 54216 13 54236 5 54272 65 54344 1 54356 61 54421 44 54472 15 54492 6 54528 65 54600 3 54613 61 54676 44 54729 15 54747 8 54784 63 54855 3 54869 107 54986 14 55002 10 55040 62 55110 4 55125 103 55230 2 55242 26 55296 62 55366 4 55381 63 55446 39 55498 27 55552 53 55607 7 55622 3 55641 59 55702 2 55705 36 55754 28 55808 53 55865 5 55879 2 55897 59 55958 39 56010 28 56064 53 56121 5 56136 1 56157 55 56214 38 56266 27 56320 53 56378 4 56413 55 56470 39 56521 18 56542 6 56576 53 56635 6 56646 1 56669 55 56726 39 56777 5 56785 10 56832 54 56892 6 56922 57 56982 39 57033 5 57042 10 57088 54 57148 8 57177 58 57239 39 57288 6 57299 9 57344 54 57404 7 57432 58 57496 37 57544 6 57555 9 57600 37 57645 9 57660 6 57688 58 57752 25 57783 5 57790 2 57799 7 57811 9 57856 36 57902 8 57917 4 57944 59 58007 24 58038 7 58046 3 58052 10 58067 9 58112 36 58158 8 58173 4 58200 85 58294 38 58368 1 58371 32 58416 5 58430 3 58454 86 58550 40 58628 31 58708 84 58805 41 58880 1 58882 33 58964 85 59059 44 59136 35 59219 123 59345 5 59353 7 59392 35 59475 7 59486 110 59603 1 59608 8 59648 36 59730 7 59742 107 59864 9 59904 36 59987 6 59998 74 60074 30 60118 11 60160 37 60244 4 60254 74 60330 22 60374 11 60416 37 60506 21 60530 78 60629 12 60672 38 60721 1 60761 21 60787 77 60884 12 60928 22 60954 12 60990 1 61017 21 61043 72 61140 11 61184 20 61211 6 61218 4 61243 4 61272 22 61299 71 61397 10 61440 20 61467 4 61476 3 61498 5 61521 3 61527 24 61556 71 61653 9 61696 18 61722 4 61733 2 61752 9 61775 33 61813 70 61910 8 61952 16 61972 1 62004 1 62007 9 62030 36 62069 69 62165 9 62208 15 62228 4 62259 13 62286 7 62295 99 62421 9 62464 14 62484 3 62515 13 62544 5 62551 99 62677 10 62720 13 62771 12 62804 1 62808 28 62840 65 62908 1 62932 12 62976 12 63027 11 63065 27 63098 61 63163 3 63188 13 63232 11 63281 12 63325 22 63355 59 63419 3 63444 13 63488 11 63534 13 63581 22 63612 58 63676 2 63700 13 63744 10 63788 15 63840 18 63868 58 63956 13 64000 11 64044 15 64096 17 64124 28 64158 22 64212 13 64256 11 64299 16 64352 17 64380 24 64415 20 64467 14 64512 11 64555 15 64609 15 64636 23 64675 12 64723 13 64768 11 64811 15 64868 2 64871 5 64878 1 64882 1 64892 21 64936 5 64979 13 65024 10 65067 15 65126 15 65148 12 65161 7 65235 13 65280 10 65323 16 65374 2 65382 16 65404 10 65418 5 65491 12
602248,0 247 256 255 512 65024
607765,0 65536
609763,38 14 156 28 187 15 293 15 412 29 443 14 549 15 669 29 700 12 805 14 926 29 956 10 1061 14 1188 24 1215 4 1317 14 1400 5 1412 5 1445 23 1573 14 1655 6 1666 7 1704 2 1709 15 1828 14 1909 9 1920 10 1968 12 2083 15 2164 23 2226 10 2338 13 2420 23 2483 8 2594 10 2676 24 2741 4 2851 8 2886 2 2932 25 2967 3 3108 7 3141 4 3188 26 3219 8 3366 3 3396 6 3446 24 3473 10 3651 2 3656 2 3703 36 3962 33 4220 17 4239 11 4477 14 4496 10 4734 7 4752 9 5008 9 5265 8 5522 7 5778 6 6035 6 6292 5 6315 2 6548 6 6569 6 6804 6 6825 6 7061 6 7081 7 7318 5 7338 6 7575 3 7595 5 7762 3 7832 1 7851 5 8017 5 8109 3 8273 6 8473 5 8529 6 8728 7 8785 6 8983 9 9041 5 9238 10 9297 4 9494 10 9554 2 9749 11 9767 3 10004 11 10021 6 10259 12 10276 8 10515 13 10529 11 10771 26 11026 27 11282 26 11538 25 11794 25 11860 4 12054 20 12116 5 12311 18 12372 5 12566 19 12629 4 12822 19 12886 2 13077 19 13332 19 13587 19 13842 18 14097 18 14353 17 14609 15 14696 1 14865 14 14952 1 15121 13 15377 12 15633 9 15890 6 17278 1 17533 3 17788 4 18044 4 18300 6 18557 6 18748 1 18816 2 18943 1 19002 7 19197 3 19258 7 19455 1 19495 4 19514 8 19711 1 19743 2 19751 4 19770 8 19967 1 19997 6 20005 6 20026 9 20223 1 20253 13 20282 9 20478 2 20508 10 20519 2 20539 8 20733 3 20763 10 20794 9 20988 4 21019 10 21050 9 21066 4 21243 5 21263 6 21275 11 21305 9 21321 7 21499 5 21518 24 21560 9 21574 11 21755 5 21774 24 21816 8 21828 13 22014 2 22030 24 22072 7 22084 14 22285 25 22339 15 22540 25 22595 15 22795 25 22850 15 23051 24 23105 15 23307 24 23361 15 23564 11 23577 12 23616 16 23821 10 23834 11 23872 16 24077 10 24097 5 24122 4 24127 17 24334 7 24352 6 24376 24 24590 7 24608 6 24631 24 24847 4 24863 7 24886 25 25103 2 25119 7 25135 3 25141 25 25359 2 25376 5 25388 34 25614 4 25633 3 25643 34 25899 34 26155 19 26175 14 26411 18 26433 11 26667 17 26691 2 26923 16 27179 15 27436 13 27692 11 27949 8 28206 4 28435 2 28691 3 28948 2 29204 3 29461 3 29717 4 29974 3 30233 2 30488 3 30743 2 30748 1 31000 2 31256 3 31512 3 31768 1 32022 4 32277 5 32532 6 32788 6 33045 4 33568 1 33824 3 34080 3 34320 1 34337 1 36112 2 36367 4 36624 2 44876 3 45049 3 45134 1 45305 4 45390 1 45561 5 45817 7 46075 5 46332 4 46588 4 46843 5 47100 4 47356 4 47613 3 47869 3 48127 1 53334 1 55040 4 55059 4 55296 5 55311 2 55315 4 55552 6 55567 2 55571 3 55808 6 56064 6 56320 5 56576 5 56832 4 57088 4 57107 2 57221 1 57344 4 57362 4 57476 2 57600 4 57617 6 57732 2 57856 4 57873 6 57988 3 58112 3 58129 5 58244 3 58368 3 58386 1 58499 4 58624 3 58754 5 58880 3 58885 7 59009 7 59136 15 59264 9 59395 12 59520 10 59651 13 59665 2 59776 10 59907 16 60032 11 60163 16 60288 11 60419 16 60544 8 60554 1 60676 14 60800 6 60932 8 60943 4 61057 2 61188 7 61199 4 61444 7 61456 2 61699 8 61953 14 62208 8 62218 5 62464 8 62606 3 62720 8 62860 6 62977 6 63114 9 63236 2 63370 10 63625 10 63881 10 64136 11 64349 4 64392 10 64603 8 64649 5 64658 5 64855 14 64914 7 64922 6 65109 16 65170 7 65178 5 65237 3 65359 23 65392 3 65426 7 65491 8
614290,15613 3 15867 5 16122 6 16377 7 16624 7 16632 8 16879 17 17135 17 17390 18 17645 19 17900 20 18147 2 18156 19 18403 4 18410 21 18659 28 18915 29 19167 1 19171 29 19424 32 19680 32 19935 33 20177 1 20180 5 20191 33 20432 10 20446 34 20687 13 20702 34 20943 49 21187 3 21199 49 21443 5 21455 49 21700 5 21711 49 21955 8 21967 49 22210 11 22224 48 22465 63 22720 64 22973 67 23228 68 23483 69 23738 70 23994 70 24250 70 24506 70 24760 72 25016 72 25272 2 25276 68 25528 72 25785 71 26040 12 26054 58 26293 1 26296 11 26310 58 26553 11 26566 58 26809 71 27056 4 27066 70 27312 4 27322 70 27568 4 27578 70 27825 2 27834 70 28079 4 28090 70 28335 4 28346 10 28358 2 28361 55 28591 4 28603 9 28614 58 28847 4 28860 8 28870 16 28888 40 29105 2 29117 7 29126 15 29149 35 29277 2 29345 3 29374 23 29405 6 29414 7 29422 11 29434 4 29532 7 29601 2 29632 20 29660 5 29671 6 29679 10 29690 3 29787 9 29875 5 29882 2 29890 2 29898 9 29915 5 29928 3 29936 9 29946 2 30004 5 30043 10 30131 6 30138 2 30158 5 30171 4 30192 12 30259 7 30300 11 30387 8 30416 2 30420 2 30427 3 30448 12 30515 7 30559 9 30675 3 30681 5 30704 12 30770 8 30816 12 30930 3 30936 6 30961 9 31026 8 31073 13 31186 4 31191 8 31201 1 31217 9 31228 2 31273 5 31282 7 31330 14 31442 20 31472 15 31529 6 31537 8 31587 13 31698 4 31703 15 31728 7 31736 7 31785 7 31793 8 31844 12 31952 2 31961 13 31984 5 31992 7 32041 7 32049 8 32101 11 32207 5 32219 10 32243 1 32248 7 32298 14 32336 1 32357 10 32388 1 32459 9 32475 9 32504 7 32556 11 32591 3 32614 6 32715 9 32731 8 32762 5 32817 4 32846 3 32871 3 32879 2 32971 6 32987 7 33019 5 33102 3 33129 2 33135 2 33227 3 33246 4 33275 2 33358 2 33386 2 33390 4 33483 3 33503 3 33604 1 33614 1 33642 3 33646 4 33739 3 33759 2 33859 4 33885 4 33898 4 33995 3 34015 1 34115 6 34140 2 34143 3 34153 8 34372 7 34399 3 34408 10 34628 8 34656 2 34664 11 34886 6 34912 1 34920 11 35038 2 35142 6 35150 1 35167 2 35175 12 35295 1 35396 11 35421 3 35431 12 35604 3 35652 11 35677 2 35688 11 35859 4 35908 12 35945 10 36115 4 36164 2 36167 8 36195 2 36202 9 36270 2 36370 5 36387 2 36423 8 36448 6 36460 8 36531 3 36625 7 36642 3 36680 7 36704 6 36717 6 36786 5 36882 7 36896 5 36937 6 36960 7 36976 1 37041 7 37138 7 37151 6 37193 7 37216 7 37298 7 37391 9 37406 7 37434 3 37449 6 37462 2 37472 5 37508 2 37554 6 37562 2 37645 10 37661 8 37690 3 37706 6 37718 3 37728 5 37764 2 37811 6 37818 2 37898 12 37917 10 37945 4 37963 5 37975 2 37985 4 38018 3 38068 7 38153 13 38173 11 38200 5 38219 6 38241 5 38274 4 38328 2 38409 13 38425 17 38455 6 38470 11 38498 6 38510 2 38530 5 38664 35 38709 9 38721 16 38754 9 38765 2 38788 2 38921 34 38964 6 38971 3 38975 13 38992 1 39009 11 39022 1 39044 2 39088 1 39178 33 39219 7 39229 15 39265 12 39308 4 39340 9 39396 5 39435 32 39471 2 39475 8 39486 1 39490 10 39522 12 39563 6 39596 10 39651 12 39692 32 39725 5 39731 8 39742 1 39745 11 39778 12 39819 6 39852 10 39906 15 39949 37 39987 8 39998 13 40016 6 40034 1 40038 3 40044 1 40074 7 40108 12 40162 17 40206 62 40270 9 40300 2 40315 5 40330 7 40364 14 40396 2 40419 17 40464 72 40556 6 40568 8 40586 7 40620 15 40649 6 40676 15 40721 71 40812 6 40824 8 40842 6 40876 16 40905 6 40934 12 40977 71 41069 6 41080 7 41098 4 41132 17 41162 5 41191 11 41234 32 41267 37 41326 4 41337 6 41354 2 41387 18 41418 6 41448 9 41492 1 41499 11 41511 11 41523 37 41594 5 41616 2 41641 21 41665 2 41674 7 41706 5 41756 8 41767 9 41782 18 41801 15 41850 5 41872 2 41892 2 41895 35 41932 6 42014 4 42021 10 42039 16 42057 15 42106 6 42149 37 42189 6 42277 8 42296 13 42313 15 42363 8 42394 2 42405 37 42446 6 42533 9 42543 4 42551 7 42561 4 42568 16 42620 9 42648 6 42658 40 42703 5 42788 17 42807 7 42817 4 42824 15 42848 2 42876 9 42904 51 42962 2 43044 34 43079 16 43103 4 43132 9 43160 52 43301 49 43358 5 43389 9 43415 54 43476 3 43515 1 43558 48 43612 7 43645 9 43664 2 43671 54 43731 5 43770 2 43815 47 43867 10 43901 10 43920 62 43986 6 44026 2 44071 47 44122 12 44158 10 44175 63 44240 8 44293 2 44321 53 44377 16 44414 10 44431 72 44547 6 44575 74 44670 11 44687 68 44801 9 44830 76 44926 14 44941 71 45056 10 45086 77 45172 7 45183 35 45222 47 45279 2 45312 11 45341 78 45425 12 45440 20 45461 12 45478 48 45534 4 45568 16 45596 22 45620 55 45680 49 45735 47 45787 7 45824 18 45851 23 45876 55 45935 49 45991 48 46042 12 46080 18 46106 80 46190 49 46246 57 46306 5 46336 18 46361 81 46445 9 46455 40 46502 57 46561 6 46592 19 46617 81 46700 10 46711 40 46756 68 46848 19 46872 82 46955 52 47011 70 47099 1 47104 20 47127 136 47266 71 47354 2 47360 159 47522 72 47596 4 47609 4 47616 158 47777 80 47863 6 47872 158 48033 81 48119 7 48128 241 48374 9 48384 240 48630 9 48640 240 48886 9 48896 240 49141 10 49152 183 49336 57 49396 11 49408 182 49592 57 49652 11 49664 182 49848 57 49907 12 49920 182 50104 57 50162 196 50360 254 50616 8852 59469 253 59725 253 59981 252 60237 252 60493 252 60749 251 61005 251 61261 251 61517 250 61772 252 62028 86 62116 164 62284 84 62377 159 62540 83 62633 159 62797 71 62869 8 62889 158 63051 69 63148 154 63307 68 63404 83 63488 69 63562 56 63619 13 63661 82 63744 68 63818 56 63876 12 63917 81 64000 68 64074 56 64132 12 64173 82 64256 68 64331 69 64429 82 64512 68 64587 57 64648 7 64685 139 64825 12 64843 51 64897 2 64904 4 64926 2 64941 154 65098 52 65152 2 65163 3 65196 156 65353 52 65408 1 65419 3 65445 3 65451 64 65522 14
614416,0 65536
623676,0 6 215 12 239 14 256 7 471 13 495 15 512 7 727 14 751 16 768 8 983 14 1007 25 1245 8 1263 26 1502 7 1520 25 1758 6 1776 25 2014 5 2032 24 2271 3 2287 24 2543 24 2799 23 3056 16 3073 4 3234 5 3312 16 3489 7 3568 16 3745 8 3825 15 4001 8 4081 13 4258 7 4338 11 4514 7 4585 1 4594 8 4771 5 4840 4 4851 3 5028 3 5096 4 5352 4 5608 5 5864 5 6119 7 6375 7 6632 5 6888 5 7952 3 8205 10 8398 2 8460 13 8715 14 8970 15 9225 16 9479 18 9734 18 9988 20 10216 4 10240 23 10470 7 10496 24 10725 9 10752 24 10980 11 11008 24 11236 13 11264 25 11491 15 11520 26 11747 16 11776 26 12003 16 12032 26 12259 16 12288 26 12514 17 12544 2 12550 18 12770 17 12808 15 13026 17 13065 12 13281 17 13322 10 13536 18 13579 10 13791 18 13836 9 14047 16 14093 7 14303 13 14350 5 14559 12 14815 13 15071 13 15093 1 15328 12 15349 1 15586 10 15604 2 15843 8 15859 3 16030 2 16100 6 16115 3 16283 8 16357 4 16371 3 16536 12 16626 5 16790 15 16882 5 17044 18 17138 5 17300 18 17395 3 17555 19 17651 3 17811 19 18066 20 18323 19 18580 18 18836 18 19093 9 19107 1 19350 6 19423 9 19678 12 19933 14 20189 18 20445 20 20702 20 20958 21 21215 20 21471 20 21728 19 21984 18 22241 17 22498 15 22754 15 23011 12 23198 2 23254 4 23271 7 23510 4 23765 6 24019 7 24273 9 24528 10 24780 15 25018 3 25036 17 25265 13 25292 18 25519 16 25548 18 25774 18 25804 18 26030 18 26060 17 26286 19 26315 14 26542 19 26571 14 26798 19 26826 15 27054 20 27077 20 27312 40 27569 39 27610 5 27827 32 27864 8 28083 47 28340 47 28596 49 28853 52 29110 54 29370 51 29627 51 29884 50 30141 49 30399 46 30637 3 30657 19 30682 19 30892 5 30917 15 30938 19 31147 7 31174 15 31194 19 31402 9 31431 15 31449 20 31656 12 31686 38 31911 14 31941 37 32167 15 32192 41 32423 15 32446 43 32679 16 32700 45 32936 15 32955 47 33193 14 33211 36 33249 11 33457 6 33467 35 33506 11 33713 6 33723 36 33762 15 33969 5 33979 57 34226 4 34234 59 34294 4 34483 1 34490 55 34547 7 34746 55 34804 6 35002 55 35062 4 35258 64 35514 65 35771 64 36027 64 36284 63 36541 62 36605 3 36797 62 36860 4 37053 62 37116 4 37308 63 37372 4 37563 69 37819 69 38075 69 38330 70 38585 71 38840 72 39094 74 39350 74 39605 75 39861 75 40118 74 40374 74 40630 74 40885 75 41141 75 41397 75 41653 75 41901 4 41910 74 42154 7 42168 72 42408 9 42430 66 42664 10 42686 66 42919 11 42942 66 43175 11 43198 66 43414 2 43430 13 43453 67 43669 4 43681 18 43708 68 43880 5 43924 6 43936 18 43958 74 44135 7 44180 6 44191 19 44213 75 44390 9 44436 6 44446 98 44646 9 44694 4 44702 98 44902 9 44950 4 44957 99 45158 9 45206 5 45212 69 45282 30 45415 8 45427 2 45463 73 45539 29 45672 15 45719 72 45800 19 45821 3 45930 14 45977 70 46058 16 46078 2 46188 12 46235 67 46314 15 46445 10 46491 67 46570 14 46702 1 46747 66 46826 13 47003 66 47082 11 47259 66 47339 8 47515 66 47595 6 47770 55 47827 9 47853 1 47861 7 48026 54 48087 4 48116 9 48283 5 48292 46 48372 10 48539 3 48550 33 48589 5 48628 10 48806 33 48883 12 48970 6 49062 33 49140 11 49225 8 49319 33 49396 11 49480 9 49575 33 49652 12 49736 9 49822 2 49836 28 49909 11 49992 9 50076 4 50093 27 50166 10 50248 9 50330 6 50350 26 50423 9 50504 9 50582 10 50606 24 50680 8 50761 8 50837 11 50863 20 50936 8 51018 6 51093 11 51120 18 51192 8 51275 4 51348 12 51380 11 51448 8 51603 13 51638 6 51705 7 51855 18 51966 2 52109 21 52365 21 52620 22 52875 22 52979 3 53130 23 53159 6 53192 4 53234 7 53386 23 53414 9 53447 7 53456 2 53489 9 53642 23 53669 12 53703 13 53744 10 53898 24 53924 14 53959 6 53966 6 54000 11 54154 42 54199 5 54206 2 54216 2 54223 5 54256 11 54410 57 54479 5 54512 11 54666 60 54736 4 54769 9 54921 63 54992 4 55176 64 55247 5 55431 66 55502 7 55687 67 55757 12 55942 88 56198 90 56454 92 56711 94 56968 11 56983 80 57226 7 57243 78 57500 79 57756 81 57876 3 58011 83 58130 7 58266 85 58386 8 58519 89 58641 11 58759 1 58773 91 58897 12 59014 9 59028 92 59154 11 59270 106 59410 11 59525 107 59666 11 59781 106 59903 1 59922 11 59938 2 60036 108 60157 3 60178 11 60193 4 60292 108 60412 4 60434 11 60449 5 60548 108 60668 4 60690 11 60704 6 60805 107 60924 4 60945 13 60959 7 61066 101 61181 3 61201 22 61322 100 61457 21 61578 99 61713 20 61834 98 61952 1 61970 18 62092 96 62208 3 62226 18 62351 94 62446 4 62464 4 62484 17 62609 98 62720 5 62741 18 62866 98 62976 6 62997 19 63123 98 63232 7 63253 19 63380 71 63452 26 63488 8 63509 19 63636 71 63710 24 63744 9 63765 19 63892 69 63967 22 64000 9 64021 19 64148 69 64223 22 64256 9 64277 19 64404 69 64480 20 64512 9 64534 18 64573 4 64661 68 64739 17 64768 9 64792 17 64827 7 64918 67 65000 10 65024 8 65051 13 65082 8 65177 64 65257 8 65280 7 65308 12 65337 9 65434 65 65515 5
632056,0 11006 11008 254 11264 253 11520 253 11776 251 12032 249 12288 247 12544 242 12800 240 13056 236 13312 234 13568 229 13824 228 14080 226 14336 224 14592 220 14848 219 15104 215 15360 213 15616 209 15872 207 16128 203 16384 202 16640 198 16896 196 17152 191 17408 189 17664 185 17920 183 18176 180 18432 178 18688 174 18944 62 19007 109 19200 60 19264 104 19456 11 19470 40 19520 102 19712 11 19726 38 19777 98 19968 10 19982 36 20033 79 20113 15 20224 13 20238 35 20280 4 20289 79 20369 11 20480 13 20495 33 20535 6 20544 76 20622 1 20626 8 20736 13 20751 33 20791 6 20801 75 20992 13 21007 33 21047 6 21058 73 21248 11 21263 33 21303 6 21315 72 21504 11 21520 32 21559 6 21571 72 21760 49 21815 6 21826 70 22016 49 22071 5 22082 69 22272 19 22293 28 22329 2 22339 64 22528 18 22550 27 22596 62 22784 17 22807 25 22855 55 23040 17 23063 25 23112 53 23296 16 23320 24 23367 51 23552 12 23577 23 23621 5 23629 44 23808 11 23833 23 23874 8 23885 41 24064 11 24088 27 24129 9 24141 38 24320 2 24323 8 24344 22 24385 9 24398 34 24576 1 24580 7 24598 3 24603 9 24613 8 24631 2 24641 9 24656 5 24663 21 24832 1 24837 7 24853 3 24859 7 24870 5 24887 2 24898 4 24903 2 24913 2 24919 18 25088 1 25094 7 25107 5 25115 6 25126 2 25142 3 25155 2 25159 2 25175 14 25344 1 25351 6 25363 3 25412 1 25416 1 25431 7 25600 1 25608 4 25618 3 25688 5 25856 1 25944 1 26368 1 26440 2 26624 1 26691 2 26695 4 26948 8 27204 8 27456 10 27706 1 27711 9 27964 1 27967 2 28219 5 29225 3 29232 1 29481 3 29737 3 29990 1 30245 3 30464 4 30720 5 30751 2 30976 4
636405,0 65536
636648,0 126 256 126 512 126 768 127 1024 127 1280 127 1536 127 1792 127 2048 127 2304 127 2560 127 2816 128 3072 128 3328 128 3584 129 3840 129 4096 129 4352 129 4608 129 4864 129 5120 130 5376 130 5632 130 5888 130 6144 130 6400 130 6656 129 6912 129 7168 130 7424 130 7680 131 7936 131 8192 131 8448 132 8704 132 8960 131 9216 128 9472 129 9728 129 9984 128 10240 128 10496 122 10621 2 10752 118 10872 1 11008 118 11264 119 11520 120 11776 121 12032 122 12288 123 12544 123 12800 124 13056 124 13312 124 13568 125 13824 128 14080 128 14336 129 14592 129 14848 130 15104 132 15238 2 15360 137 15616 137 15872 137 16128 138 16384 139 16640 139 16896 140 17152 140 17408 140 17664 140 17920 141 18176 141 18432 141 18688 141 18944 141 19200 142 19456 142 19712 142 19968 142 20224 143 20480 143 20736 143 20992 143 21248 144 21504 144 21760 145 22016 145 22272 145 22528 145 22784 145 23040 145 23296 145 23552 146 23808 146 24064 147 24320 147 24576 147 24832 147 25088 148 25344 148 25600 148 25856 148 26112 149 26368 149 26624 149 26880 150 27136 150 27392 150 27648 150 27904 150 28160 150 28416 150 28672 151 28928 151 29184 151 29440 152 29696 152 29952 152 30208 152 30464 152 30720 153 30976 153 31232 153 31488 153 31744 153 32000 153 32256 153 32512 153 32768 154 33024 154 33280 154 33536 155 33792 155 34048 155 34304 155 34560 155 34816 155 35072 155 35328 155 35584 155 35840 156 36096 156 36352 157 36608 157 36864 157 37120 157 37376 157 37632 157 37888 144 38035 10 38144 143 38295 6 38400 143 38551 6 38656 143 38807 7 38912 142 39064 6 39168 142 39321 4 39424 141 39578 2 39680 140 39834 1 39936 140 40192 141 40448 141 40704 142 40960 143 41216 143 41472 142 41728 142 41984 142 42240 141 42496 141 42752 140 43008 139 43264 139 43520 139 43776 139 44032 139 44288 139 44544 138 44800 138 45056 139 45312 140 45568 141 45824 141 46080 141 46336 140 46592 140 46848 139 47104 138 47360 138 47616 139 47872 139 48128 139 48384 139 48640 140 48896 141 49152 141 49408 141 49664 141 49920 142 50176 142 50432 142 50688 143 50944 144 51200 144 51456 144 51712 144 51968 144 52224 145 52480 146 52736 146 52992 146 53248 146 53504 146 53760 147 54016 147 54272 148 54528 148 54784 149 55040 149 55296 149 55552 150 55808 151 56064 151 56320 152 56576 152 56832 153 57003 1 57088 155 57258 3 57344 156 57513 5 57600 162 57768 6 57856 163 58023 7 58112 174 58368 174 58624 175 58880 175 59136 176 59392 176 59648 176 59904 176 60160 176 60416 177 60672 177 60928 177 61184 177 61440 177 61696 178 61952 178 62208 178 62464 179 62720 179 62976 179 63232 179 63488 180 63744 180 64000 180 64256 180 64512 181 64768 181 65024 181 65280 181
650818,45 211 301 211 557 211 813 211 1069 211 1325 211 1581 211 1836 212 2092 212 2348 212 2604 212 2860 212 3116 212 3372 212 3628 212 3884 212 4141 211 4398 210 4654 210 4910 210 5166 210 5422 210 5678 210 5934 210 6191 209 6447 209 6703 209 6959 209 7215 209 7472 208 7727 209 7983 209 8239 209 8495 209 8752 208 9008 208 9264 208 9521 207 9777 207 10033 207 10289 207 10545 207 10801 207 11057 207 11313 207 11570 206 11826 206 12082 206 12339 205 12595 205 12851 205 13107 205 13363 205 13619 205 13876 204 14132 204 14388 204 14645 203 14901 203 15157 203 15413 203 15669 203 15925 203 16181 203 16438 202 16694 202 16951 201 17207 201 17463 201 17719 201 17975 201 18231 201 18488 200 18744 200 19000 200 19257 199 19513 199 19769 199 20025 199 20281 199 20537 199 20794 198 21050 198 21306 198 21562 198 21818 198 22075 197 22331 197 22587 197 22843 197 23100 196 23356 196 23612 196 23868 196 24124 196 24380 196 24637 195 24893 195 25149 195 25405 195 25661 195 25918 194 26174 194 26430 194 26686 194 26942 194 27198 194 27455 193 27711 193 27967 193 28223 193 28479 193 28736 192 28992 192 29248 192 29504 192 29761 191 30017 191 30273 191 30529 191 30785 191 31042 190 31298 190 31554 190 31810 190 32067 189 32323 189 32579 189 32835 189 33091 189 33347 189 33604 188 33860 188 34116 188 34372 188 34629 187 34885 187 35141 187 35397 187 35653 187 35909 187 36165 187 36422 186 36678 186 36934 186 37190 186 37447 185 37703 185 37959 185 38215 185 38472 184 38728 184 38984 184 39240 184 39496 184 39752 184 40009 183 40265 183 40521 183 40777 183 41034 182 41290 182 41546 182 41802 182 42058 182 42315 181 42571 181 42827 181 43083 181 43339 181 43595 181 43852 180 44108 180 44364 180 44620 180 44876 180 45133 179 45389 179 45645 179 45901 179 46157 179 46414 178 46670 178 46926 178 47182 178 47438 178 47695 177 47951 177 48207 177 48463 177 48719 177 48976 176 49232 176 49488 176 49744 176 50000 176 50257 175 50513 175 50769 175 51025 175 51282 174 51538 174 51794 174 52050 174 52306 174 52563 173 52819 173 53075 173 53331 173 53588 172 53844 172 54100 172 54356 172 54612 172 54869 171 55125 171 55381 171 55637 171 55893 171 56150 170 56406 170 56662 170 56918 170 57174 170 57430 170 57687 169 57943 169 58199 169 58455 169 58712 168 58968 168 59224 168 59480 168 59736 168 59992 168 60249 167 60505 167 60761 167 61017 167 61274 166 61530 166 61786 166 62042 166 62298 166 62555 165 62811 165 63067 165 63323 165 63579 165 63836 164 64092 164 64348 164 64604 164 64860 164 65116 164 65373 163
652005,2304 1 2560 1 2816 1 3072 1 3328 2 3584 2 3840 2 4096 3 4353 2 4610 3 4678 2 4695 4 4934 2 4950 7 5140 4 5190 1 5207 6 5222 1 5396 4 5422 1 5464 4 5475 4 5652 5 5677 2 5720 2 5729 6 5908 5 5934 1 5976 1 5985 8 6167 1 6242 1 6247 3 7216 1 7724 1 8794 1 9750 5 10004 8 10258 13 10513 16 10769 17 11024 18 11044 1 11279 3 11283 20 11535 6 11544 14 11561 2 11791 6 11804 9 11815 4 12047 5 12059 14 12302 6 12315 14 12558 5 12572 5 12579 5 12814 4 12828 1 12835 4 13070 4 13089 6 13327 2 13344 7 13584 1 13602 5 14096 1 14352 1 16116 4 16371 5 16627 6 16774 1 16879 2 16882 7 16922 1 16925 3 17030 1 17070 1 17135 11 17286 1 17326 2 17391 10 17405 1 17538 2 17542 1 17572 4 17582 6 17611 2 17641 1 17648 9 17660 2 17794 1 17838 6 17867 2 17905 1 17908 5 17916 3 18095 5 18112 2 18123 2 18165 4 18172 3 18276 3 18353 3 18366 6 18387 3 18421 4 18427 3 18504 1 18530 7 18620 12 18642 6 18677 3 18683 2 18760 4 18787 6 18866 6 18874 14 18898 5 18934 3 19015 7 19043 10 19122 21 19153 6 19190 5 19271 7 19299 11 19311 2 19364 3 19377 23 19409 5 19432 4 19447 3 19528 6 19555 15 19576 1 19618 6 19626 2 19632 24 19667 3 19687 5 19787 3 19798 3 19810 18 19831 3 19842 5 19874 7 19882 2 19887 24 19918 5 19943 4 20045 2 20053 4 20064 30 20097 9 20130 10 20142 15 20161 5 20172 7 20199 4 20302 1 20309 5 20320 43 20387 6 20394 2 20399 14 20427 7 20438 2 20455 4 20522 1 20558 1 20565 5 20576 17 20599 20 20643 5 20650 3 20656 13 20682 7 20693 3 20711 4 20802 1 20805 2 20821 4 20831 17 20856 19 20897 6 20912 14 20936 9 20948 4 20967 3 21028 1 21040 3 21058 2 21061 4 21077 4 21086 17 21112 19 21151 7 21168 14 21191 10 21204 3 21223 2 21286 1 21291 3 21295 3 21313 8 21333 3 21342 17 21368 18 21408 6 21424 15 21448 9 21478 3 21542 2 21547 7 21567 11 21589 3 21598 14 21615 4 21624 18 21664 6 21679 17 21705 8 21734 4 21798 1 21802 8 21822 12 21843 6 21854 21 21880 18 21920 9 21932 19 21961 8 21989 5 22052 1 22058 7 22077 15 22099 9 22117 14 22136 18 22176 29 22218 6 22244 3 22248 2 22314 7 22328 21 22354 8 22373 14 22392 18 22432 28 22474 6 22501 4 22568 1 22571 5 22583 25 22609 9 22629 14 22651 16 22688 27 22729 3 22734 2 22757 3 22828 4 22837 37 22885 14 22907 16 22944 27 22985 1 23014 3 23085 2 23091 37 23141 15 23163 16 23199 27 23240 1 23270 3 23347 38 23392 20 23419 15 23455 28 23525 2 23587 1 23603 38 23647 22 23676 14 23711 28 23742 4 23781 1 23826 3 23859 27 23887 8 23902 24 23932 13 23968 35 24080 5 24115 26 24144 6 24157 9 24171 12 24188 12 24224 19 24248 12 24337 4 24371 25 24401 4 24414 7 24428 11 24444 11 24482 18 24504 11 24516 1 24594 1 24627 3 24631 21 24671 5 24685 10 24701 10 24744 15 24762 8 24772 2 24889 19 24928 3 24942 8 24959 6 24999 27 25147 17 25198 7 25254 24 25280 2 25313 1 25353 6 25377 4 25406 14 25455 4 25509 25 25536 2 25569 1 25609 7 25630 8 25664 12 25765 25 25792 2 25799 1 25819 7 25864 8 25883 11 25921 11 26021 25 26049 1 26055 1 26074 10 26120 8 26138 13 26177 10 26277 25 26306 2 26311 1 26327 1 26330 12 26376 7 26391 15 26430 13 26451 3 26534 24 26562 2 26566 2 26582 2 26586 11 26601 1 26635 3 26646 14 26683 15 26706 6 26717 2 26791 3 26798 16 26818 6 26837 3 26842 10 26856 3 26901 14 26937 17 26961 16 27054 16 27074 6 27093 1 27098 20 27128 2 27156 15 27190 20 27217 16 27310 13 27329 7 27354 23 27380 7 27412 14 27443 26 27473 17 27567 10 27585 8 27610 23 27637 6 27669 13 27698 48 27838 14 27866 23 27893 5 27925 13 27952 50 28093 15 28122 22 28152 2 28181 12 28207 50 28335 5 28344 2 28348 17 28370 30 28438 11 28464 49 28585 35 28633 22 28664 2 28696 8 28721 46 28837 38 28889 21 28918 4 28953 6 28977 46 29094 35 29144 22 29173 6 29210 3 29233 8 29247 32 29350 21 29374 6 29383 1 29399 22 29429 7 29471 2 29475 2 29490 6 29502 33 29609 17 29630 6 29649 2 29652 25 29684 9 29726 10 29746 6 29758 31 29873 3 29878 2 29886 8 29904 20 29926 7 29939 10 29983 9 30003 6 30012 35 30056 1 30130 2 30144 7 30158 19 30183 5 30196 9 30239 9 30259 39 30299 6 30308 1 30386 2 30401 1 30404 4 30413 20 30439 4 30445 1 30452 8 30495 9 30513 49 30564 1 30642 3 30660 6 30668 21 30695 4 30701 1 30709 7 30752 8 30762 61 30900 3 30915 16 30939 6 30950 5 30956 2 30966 5 31009 5 31018 58 31172 6 31183 4 31195 8 31204 7 31223 1 31274 58 31442 4 31448 19 31530 57 31703 21 31727 1 31786 26 31814 12 31827 15 31938 2 31959 22 31982 3 32042 25 32071 21 32195 1 32216 27 32299 24 32326 22 32474 30 32556 23 32581 23 32734 25 32814 20 32837 23 32992 22 33072 43 33248 22 33329 41 33504 24 33585 40 33759 25 33804 1 33841 40 33981 5 34015 26 34097 39 34236 6 34271 1 34274 23 34353 37 34492 6 34529 18 34548 5 34609 38 34729 2 34747 8 34785 17 34804 4 34867 36 34985 1 35002 9 35040 17 35060 4 35125 13 35141 18 35237 5 35244 4 35258 9 35268 2 35295 17 35317 3 35383 11 35398 10 35411 3 35493 5 35501 5 35515 12 35551 17 35573 3 35641 9 35657 7 35667 2 35684 1 35749 3 35757 6 35771 11 35807 17 35828 5 35898 7 35914 5 35923 2 35937 8 36013 9 36027 5 36034 3 36064 17 36084 6 36154 7 36171 4 36179 3 36192 9 36269 10 36283 4 36320 17 36338 9 36412 4 36426 6 36435 3 36448 2 36454 1 36515 2 36524 11 36536 6 36576 27 36669 2 36682 13 36704 2 36710 1 36771 3 36780 18 36831 31 36939 12 36960 1 36966 1 37028 3 37035 10 37047 8 37086 17 37104 13 37196 11 37216 2 37285 2 37290 10 37303 8 37343 31 37452 11 37472 5 37541 2 37547 1 37550 5 37558 9 37568 6 37599 32 37708 6 37715 3 37729 3 37798 1 37806 4 37814 9 37824 7 37856 32 37963 7 37972 1 38070 8 38080 8 38113 31 38173 1 38219 6 38325 8 38336 8 38370 23 38394 3 38398 2 38475 6 38581 8 38592 8 38626 23 38731 7 38820 3 38837 8 38847 9 38882 22 38988 7 39075 7 39093 8 39103 8 39138 23 39163 1 39244 7 39330 9 39350 6 39359 4 39364 2 39394 27 39500 7 39524 3 39586 9 39608 3 39615 1 39620 2 39650 28 39757 7 39780 4 39841 11 39876 2 39897 1 39905 30 40015 6 40036 4 40052 1 40097 11 40115 3 40132 2 40152 5 40159 18 40178 13 40192 2 40272 7 40293 3 40308 1 40352 12 40370 4 40388 2 40409 43 40528 7 40550 2 40557 2 40564 1 40586 1 40608 12 40626 4 40666 37 40704 5 40784 8 40794 1 40805 3 40810 11 40835 8 40864 12 40882 4 40923 36 40960 7 41040 11 41061 3 41065 11 41089 11 41116 14 41138 3 41164 2 41182 29 41216 8 41290 1 41296 11 41317 20 41345 5 41352 4 41359 2 41372 12 41393 3 41420 5 41438 23 41464 3 41472 9 41541 3 41545 2 41552 18 41576 2 41579 15 41602 4 41608 4 41614 4 41627 13 41649 3 41673 11 41694 22 41728 9 41782 5 41796 8 41807 18 41835 15 41859 3 41864 4 41870 5 41878 17 41905 3 41921 3 41928 14 41950 22 41984 9 41998 3 42036 9 42051 24 42091 17 42115 3 42120 30 42154 2 42161 3 42178 2 42183 17 42203 1 42206 22 42240 9 42253 6 42291 10 42304 26 42347 17 42369 5 42375 31 42408 5 42418 1 42433 24 42458 2 42462 22 42496 22 42519 4 42544 38 42603 16 42625 5 42631 31 42663 5 42688 53 42748 31 42799 39 42859 16 42879 39 42919 6 42944 53 43002 33 43055 39 43102 8 43113 15 43135 35 43172 2 43176 5 43199 93 43310 40 43355 11 43368 4 43374 7 43390 35 43428 10 43445 1 43454 100 43566 40 43608 18 43645 14 43660 22 43684 9 43710 101 43823 39 43864 18 43900 15 43916 34 43966 102 44069 2 44079 39 44121 16 44148 59 44222 105 44334 41 44377 17 44403 61 44479 104 44589 43 44633 18 44658 63 44736 104 44843 45 44889 18 44912 66 44993 150 45148 15 45167 67 45250 149 45404 16 45422 69 45507 243 45764 243 46020 243 46276 250 46532 251 46787 253 47043 253 47299 253 47555 253 47812 251 48068 248 48323 245 48578 245 48832 247 49087 64 49152 184 49342 65 49408 184 49597 66 49664 185 49853 252 50109 254 50364 2104 52470 254 52726 255 52982 776 53760 253 54016 253 54272 252 54528 251 54784 254 55040 254 55296 255 55552 767 56320 254 56576 251 56828 2 56832 241 57074 9 57084 3 57088 241 57330 3596 60928 254 61184 254 61440 252 61696 251 61952 60 62013 191 62207 53 62264 1 62270 246 62525 248 62781 253 63035 1587 64624 253 64881 252 65137 252 65394 131 65526 10
655919,0 225 256 219 478 2 512 219 768 223 1024 223 1280 224 1536 223 1792 223 2048 223 2304 224 2560 224 2816 225 3072 225 3328 224 3555 1 3563 1 3584 224 3810 3 3819 2 3822 1 3840 223 4066 3 4076 3 4096 223 4322 2 4333 1 4352 223 4579 1 4591 1 4608 222 4835 1 4864 222 5091 9 5120 223 5345 11 5376 233 5632 230 5888 229 6144 229 6400 229 6656 229 6912 229 7168 232 7424 233 7680 233 7936 233 8177 2 8183 1 8192 232 8431 10 8448 231 8686 12 8704 231 8936 2 8942 12 8960 250 9216 250 9472 250 9728 237 9968 10 9984 141 10127 94 10224 11 10238 142 10385 92 10481 156 10642 92 10737 156 10899 92 10994 156 11156 93 11250 156 11412 93 11506 6 11516 146 11668 99 11773 145 11924 96 12029 2 12032 142 12180 95 12285 2 12288 142 12436 95 12541 2 12544 141 12692 95 12797 144 12948 95 13052 144 13203 97 13308 143 13459 98 13564 251 13820 252 14075 254 14330 255 14586 1539 16128 253 16384 253 16640 253 16896 252 17152 253 17408 253 17664 253 17920 254 18176 254 18432 255 18688 255 18944 255 19200 255 19456 255 19712 768 20483 253 20740 252 20997 251 21253 251 21509 251 21766 250 22022 250 22279 249 22535 249 22791 183 22976 64 23046 103 23151 77 23233 63 23305 99 23408 76 23491 3 23496 56 23561 13 23575 83 23665 74 23752 56 23818 97 23922 73 24009 55 24075 93 24170 1 24179 72 24266 54 24331 93 24425 2 24435 71 24523 53 24587 91 24679 3 24691 55 24748 14 24781 51 24843 91 24935 4 24949 54 25004 4 25009 8 25036 52 25099 91 25192 3 25205 57 25269 3 25291 53 25355 91 25447 4 25462 52 25546 54 25611 91 25703 4 25719 49 25801 55 25867 91 25976 46 26058 54 26124 88 26235 38 26276 1 26317 51 26380 90 26494 34 26574 50 26636 91 26751 33 26830 50 26893 2 26899 85 27007 33 27086 50 27157 84 27263 21 27292 5 27343 49 27412 84 27518 18 27551 2 27598 50 27668 78 27774 17 27853 50 27924 77 28029 19 28109 46 28180 77 28285 19 28365 39 28437 76 28541 19 28621 37 28686 1 28694 74 28797 15 28813 3 28870 2 28877 33 28942 1 28951 73 29053 15 29069 3 29134 25 29198 1 29208 71 29310 11 29325 3 29391 20 29464 71 29566 13 29582 1 29648 14 29720 71 29822 13 29904 12 29976 70 30078 5 30085 5 30160 7 30227 2 30232 69 30334 4 30342 2 30417 3 30483 73 30590 4 30608 1 30738 73 30846 5 30864 2 30994 73 31102 5 31120 3 31250 70 31358 6 31376 4 31506 68 31614 8 31631 5 31762 5 31770 60 31844 3 31870 10 31885 7 32018 5 32027 58 32100 5 32127 21 32274 6 32283 33 32318 23 32356 7 32387 16 32530 7 32538 33 32574 23 32612 9 32644 15 32786 40 32830 20 32869 10 32901 9 33042 40 33086 20 33125 11 33157 8 33298 5 33305 33 33343 19 33382 11 33413 7 33553 6 33561 32 33599 19 33638 11 33669 7 33808 6 33819 30 33856 18 33895 11 33926 6 34064 4 34076 29 34113 17 34151 11 34182 4 34320 4 34327 2 34333 27 34376 9 34408 11 34576 3 34583 3 34592 23 34633 7 34664 11 34832 2 34839 4 34849 14 34868 1 34890 5 34921 10 35095 4 35110 8 35129 2 35148 1 35178 9 35351 4 35384 3 35434 9 35607 4 35639 5 35690 7 35863 3 35893 8 35918 4 35946 3 36120 2 36149 8 36173 7 36404 8 36424 2 36427 10 36627 4 36661 6 36678 16 36882 5 36917 5 36933 17 37137 7 37174 3 37188 17 37393 8 37429 4 37444 8 37453 5 37649 8 37685 4 37700 6 37907 2 37911 3 37921 2 37941 4 38167 4 38177 3 38188 1 38196 5 38422 7 38432 3 38444 2 38452 3 38677 14 38700 1 38932 15 39188 16 39444 17 39700 17 39957 15 40213 9 40470 1
659565,0 65536
661320,0 65536
664566,0 65536
666091,37 219 292 220 547 221 803 221 1058 222 1314 222 1569 223 1825 223 2081 223 2337 223 2593 223 2848 224 3104 224 3360 224 3615 225 3871 225 4127 225 4383 225 4639 225 4894 226 5149 227 5404 228 5655 233 5911 233 6167 233 6423 233 6679 233 6935 3 6939 229 7191 2 7204 220 7447 2 7451 4 7459 221 7702 9 7715 221 7958 9 7971 221 8214 9 8227 221 8472 6 8484 220 8728 6 8741 219 8983 7 8998 218 9239 7 9254 218 9496 6 9511 217 9752 6 9767 210 10009 6 10023 208 10266 4 10279 207 10523 3 10534 207 10779 2 10790 206 11044 207 11300 203 11555 202 11775 1 11810 185 12029 3 12067 181 12284 4 12323 180 12539 5 12579 178 12795 5 12834 177 13052 4 13090 176 13309 2 13346 175 13601 175 13857 167 14029 1 14112 166 14367 162 14530 2 14623 165 14880 164 15056 2 15135 166 15311 5 15391 167 15566 6 15647 168 15821 9 15904 168 16076 10 16159 169 16335 8 16415 171 16593 6 16613 2 16672 171 16849 6 16869 3 16928 171 17105 6 17125 3 17186 171 17361 7 17382 2 17443 170 17616 9 17700 186 17896 2 17956 187 18151 4 18215 185 18407 5 18473 185 18663 6 18730 185 18918 7 18986 196 19242 196 19497 198 19752 200 20008 201 20263 202 20518 204 20735 1 20774 204 20990 2 21030 203 21245 3 21286 203 21500 4 21542 204 21756 4 21798 205 22008 8 22055 217 22310 218 22565 219 22822 218 23079 217 23338 214 23594 214 23850 214 24105 215 24360 216 24615 217 24871 217 25128 216 25384 216 25640 216 25896 216 26152 216 26408 216 26666 214 26922 214 27178 214 27435 213 27693 211 27949 211 28205 211 28461 211 28717 211 28973 211 29229 211 29485 211 29740 212 29996 212 30252 212 30509 211 30766 210 31022 210 31278 210 31534 210 31790 210 32046 210 32302 210 32558 210 32814 210 33071 209 33327 209 33583 209 33840 208 34096 208 34352 208 34610 206 34867 205 35123 205 35379 205 35636 204 35891 205 36148 204 36404 204 36660 204 36916 204 37172 204 37429 203 37685 203 37941 203 38197 203 38453 203 38709 203 38965 203 39221 203 39478 202 39734 202 39990 202 40246 202 40502 202 40758 202 41015 201 41272 200 41528 200 41784 200 42040 200 42296 200 42552 200 42808 200 43064 200 43321 199 43577 199 43833 199 44089 199 44346 198 44602 198 44858 198 45114 198 45370 198 45627 197 45883 197 46140 196 46396 196 46652 196 46908 196 47164 196 47421 195 47677 195 47933 195 48189 195 48445 195 48702 194 48958 194 49214 194 49471 193 49728 192 49985 191 50241 191 50497 191 50752 192 51008 192 51265 191 51521 191 51777 191 52033 191 52289 191 52546 190 52802 190 53058 190 53314 190 53572 188 53828 188 54084 188 54340 188 54596 188 54852 188 55109 187 55365 187 55621 187 55877 187 56133 187 56390 186 56646 186 56902 186 57158 186 57415 185 57671 185 57928 184 58184 184 58440 184 58696 184 58952 184 59211 181 59467 181 59724 180 59980 180 60236 180 60492 180 60749 179 61005 179 61261 179 61516 180 61772 85 61860 92 62028 85 62117 91 62284 85 62373 91 62540 84 62629 91 62797 83 62884 92 63054 82 63140 92 63310 81 63394 94 63567 80 63651 1 63653 91 63824 2 63829 73 63910 90 64080 78 64166 90 64336 78 64422 90 64592 78 64677 91 64850 76 64932 92 65105 77 65186 94 65361 77 65441 95
672675,129 7 139 47 188 7 383 2 387 4 395 40 438 13 638 4 644 1 652 38 693 13 893 7 910 51 1148 8 1167 50 1403 11 1423 51 1658 15 1680 51 1914 17 1936 52 2170 18 2192 53 2426 18 2448 38 2488 13 2681 20 2704 38 2744 13 2936 21 2961 37 3000 14 3191 22 3218 52 3334 2 3447 21 3475 52 3568 5 3589 3 3702 21 3732 11 3745 39 3823 8 3845 2 3892 2 3957 20 3989 10 4002 19 4024 17 4079 9 4149 2 4212 8 4221 11 4246 7 4259 17 4280 17 4335 13 4398 1 4468 5 4479 8 4516 15 4536 17 4591 10 4602 4 4654 3 4724 4 4736 7 4772 15 4792 9 4802 7 4847 9 4858 6 4911 2 4978 6 4993 6 5020 3 5029 15 5047 12 5102 10 5115 5 5167 3 5171 1 5234 6 5250 4 5276 5 5286 15 5302 13 5358 10 5372 4 5422 3 5489 7 5532 6 5544 28 5614 9 5630 2 5678 1 5740 11 5789 5 5801 27 5869 10 5996 11 6045 5 6058 26 6125 9 6251 11 6301 5 6314 26 6381 7 6506 12 6557 4 6570 25 6637 5 6762 12 6813 4 6826 24 6893 5 7018 11 7069 4 7083 22 7150 3 7274 11 7308 3 7325 3 7341 18 7407 1 7530 11 7563 5 7599 15 7787 10 7819 5 8044 8 8076 5 8332 4 9253 3 9510 3 9766 7 10022 7 10080 1 10278 7 10535 5 10793 3 11003 5 11051 2 11259 5 11308 2 11514 6 11770 6 12026 6 12282 6 12538 6 12793 7 13047 9 13301 11 13346 1 13557 11 13813 11 13860 1 14069 11 14116 1 14325 11 14581 11 14838 10 15095 9 15145 1 15351 9 15401 2 15608 8 15657 3 15867 5 15914 1 16126 2 16382 2 16638 2 16894 2 17149 3 17405 3 17661 3 17916 4 18171 5 18425 7 18678 10 18934 10 19190 10 19450 6 19706 6 19963 5 20219 5 20476 4 20732 4 20989 3 21245 3 21502 2 21759 3 22016 3 22272 3 22528 4 22784 4 23040 4 23296 3 23552 3 23808 1 24817 1 25072 3 25327 4 25585 1 26111 1 26149 2 26365 3 26403 6 26621 3 26658 7 26877 3 26913 9 27133 3 27168 10 27389 3 27424 10 27645 3 27680 11 27901 3 27936 10 28157 3 28192 10 28405 1 28413 3 28450 7 28671 1 28707 5 29184 3 29440 3 29696 3 29952 3 30208 2 37876 6 38131 13 38385 15 38640 16 38895 17 39149 12 39162 6 39405 19 39660 20 39692 1 39916 20 39947 4 40172 20 40203 4 40428 20 40459 5 40684 20 40715 5 40940 20 40970 5 41036 1 41196 20 41291 2 41448 24 41703 25 41960 24 42216 24 42472 24 42729 23 42986 22 43243 21 43500 20 43531 1 43757 5 43764 12 43786 2 44021 11 44041 2 44093 3 44278 10 44295 4 44348 6 44535 9 44547 7 44604 6 44792 9 44803 6 44815 3 44861 6 45049 7 45071 4 45117 5 45309 3 45327 4 45373 4 45567 1 45582 6 45618 3 45628 4 45822 2 45838 6 45873 4 45884 4 46078 2 46095 4 46129 5 46140 5 46334 2 46353 2 46384 8 46393 9 46591 1 46638 22 46847 1 46893 26 46967 4 47107 5 47149 26 47222 7 47361 7 47406 25 47478 8 47490 1 47616 8 47647 2 47663 25 47733 15 47872 8 47903 3 47919 25 47949 2 47989 16 48128 7 48159 8 48175 25 48204 4 48245 17 48384 6 48412 1 48415 8 48431 26 48459 7 48501 17 48617 1 48640 4 48668 1 48672 8 48687 36 48758 17 48872 3 48885 4 48896 3 48930 6 48944 35 49014 17 49127 5 49139 7 49152 1 49186 5 49200 33 49270 17 49383 5 49392 10 49408 1 49422 1 49442 5 49457 32 49527 16 49639 26 49674 5 49698 5 49714 31 49786 11 49895 26 49929 6 49954 5 49971 22 49998 3 50044 8 50151 26 50186 4 50210 4 50228 18 50248 1 50255 2 50300 7 50408 3 50412 20 50442 3 50466 2 50485 3 50492 1 50496 5 50508 1 50512 1 50521 2 50556 6 50665 1 50668 20 50698 2 50741 3 50752 2 50774 1 50922 22 50997 4 51030 1 51178 22 51254 2 51268 1 51434 22 51481 6 51510 1 51690 22 51737 5 51766 2 51946 27 51992 5 52022 3 52203 26 52248 5 52460 21 52483 3 52504 4 52717 17 52759 4 52973 15 53015 3 53230 12 53271 3 53302 5 53486 11 53527 2 53548 1 53557 7 53743 9 53802 4 53813 8 54002 3 54007 1 54056 7 54069 8 54311 8 54323 10 54519 2 54567 9 54578 12 54775 5 54824 21 55033 7 55080 21 55290 6 55337 20 55547 5 55594 1 55598 15 55804 4 55855 14 56061 3 56112 13 56370 11 56627 9 56884 8 57140 8 57398 5 57656 1 60429 2 60685 2
675111,0 88 89 85 256 173 512 173 768 174 1024 174 1280 174 1536 175 1792 174 2048 174 2304 174 2560 175 2816 175 3072 175 3328 176 3584 176 3840 177 4096 177 4352 177 4608 177 4864 177 5120 178 5376 178 5632 178 5888 178 6144 178 6400 178 6656 178 6912 179 7168 179 7424 179 7680 179 7936 180 8192 180 8448 181 8704 181 8960 181 9216 181 9472 181 9728 181 9984 181 10240 181 10496 182 10752 182 11008 182 11264 182 11520 182 11776 182 12032 176 12209 6 12288 171 12466 5 12544 169 12721 6 12800 169 12976 7 13056 169 13234 4 13312 169 13491 1 13568 169 13824 169 14080 169 14336 170 14592 170 14848 170 15104 170 15360 170 15616 170 15872 171 16048 2 16128 173 16384 176 16640 174 16896 174 17152 174 17408 175 17588 3 17664 175 17840 10 17920 174 18096 10 18176 187 18432 188 18688 187 18944 186 19200 186 19456 187 19712 187 19968 188 20224 189 20480 189 20736 189 20992 189 21248 190 21504 190 21760 190 22016 189 22272 190 22528 191 22784 191 23040 191 23296 192 23552 192 23808 192 24064 192 24320 193 24576 194 24832 194 25088 194 25344 194 25600 195 25856 195 26112 195 26368 195 26624 196 26880 196 27136 196 27392 197 27648 197 27904 197 28160 197 28416 197 28672 197 28928 197 29184 197 29440 197 29696 198 29952 198 30208 198 30464 199 30720 199 30976 199 31232 199 31488 199 31744 199 32000 199 32256 199 32512 199 32768 199 33024 199 33280 199 33536 199 33792 200 34048 201 34304 201 34560 201 34816 201 35072 200 35328 199 35584 198 35840 195 36096 194 36352 193 36608 193 36864 192 37120 191 37376 190 37632 190 37827 3 37888 202 38144 202 38400 203 38656 203 38912 204 39168 204 39424 196 39623 5 39680 195 39880 5 39936 193 40137 5 40192 193 40392 6 40448 194 40647 7 40704 194 40903 7 40960 195 41160 6 41216 196 41417 4 41472 196 41728 196 41984 196 42240 197 42496 203 42752 204 43008 205 43264 205 43520 205 43776 204 44032 204 44288 204 44544 204 44800 204 45056 204 45312 205 45568 206 45824 207 46080 208 46336 208 46592 208 46848 208 47104 206 47360 205 47616 204 47872 204 48128 202 48384 202 48640 203 48896 203 49152 203 49408 203 49664 203 49920 204 50176 205 50432 206 50688 207 50944 207 51154 5 51200 216 51456 216 51712 216 51968 216 52224 216 52480 216 52736 216 52992 216 53248 217 53504 218 53760 218 54016 219 54272 219 54528 219 54784 220 55040 220 55296 220 55552 221 55808 221 56064 221 56320 222 56576 222 56832 222 57088 222 57344 223 57600 223 57856 223 58112 224 58368 224 58624 224 58880 224 59136 225 59392 225 59648 225 59904 225 60160 225 60416 225 60672 226 60928 226 61184 226 61440 226 61696 227 61952 227 62208 227 62464 227 62720 227 62976 228 63232 228 63488 228 63744 228 64000 229 64256 229 64512 229 64768 230 65024 230 65280 230
677723,0 65536
680771,0 65536
682813,0 90 256 90 512 90 768 91 1024 91 1280 91 1536 91 1792 91 2048 91 2304 92 2560 92 2816 93 3072 93 3328 93 3584 93 3840 93 4096 93 4352 94 4608 94 4864 95 5120 95 5376 95 5632 95 5888 95 6144 95 6400 95 6656 95 6912 96 7168 96 7424 96 7680 97 7936 97 8194 95 8449 96 8704 97 8960 97 9216 97 9472 97 9728 98 9984 98 10240 98 10496 99 10752 99 11008 99 11264 99 11520 98 11776 99 12032 99 12288 100 12544 100 12800 101 13056 101 13312 101 13568 101 13824 101 14080 101 14336 101 14592 102 14848 102 15104 103 15360 103 15616 103 15872 103 16128 103 16384 103 16640 103 16896 104 17152 104 17408 104 17664 105 17920 105 18176 105 18432 105 18688 105 18944 105 19200 106 19456 106 19712 106 19968 106 20224 107 20480 107 20736 107 20992 107 21248 107 21504 107 21760 108 22016 109 22272 109 22528 109 22784 109 23040 109 23296 109 23552 109 23808 110 24064 110 24320 110 24576 111 24832 111 25088 111 25344 111 25600 111 25856 111 26112 111 26368 112 26624 112 26880 112 27136 113 27392 113 27648 113 27904 113 28160 113 28416 113 28672 113 28928 114 29184 114 29440 115 29696 115 29952 115 30208 115 30464 115 30720 115 30976 116 31232 116 31488 117 31744 117 32000 117 32256 117 32512 117 32768 117 33024 118 33280 118 33536 118 33792 118 34048 119 34304 119 34560 119 34816 119 35072 119 35328 119 35584 120 35840 120 36096 120 36352 121 36608 121 36864 121 37120 121 37376 121 37632 121 37888 122 38144 122 38400 122 38656 123 38912 123 39168 123 39424 123 39680 123 39936 124 40192 124 40448 124 40704 124 40960 125 41216 125 41472 125 41728 126 41984 126 42240 126 42496 126 42752 126 43008 126 43264 126 43520 127 43776 127 44032 127 44288 127 44544 128 44800 128 45056 128 45312 128 45568 128 45824 128 46080 129 46336 129 46592 129 46848 129 47104 129 47360 129 47616 129 47872 130 48128 130 48384 130 48640 130 48896 131 49152 131 49408 131 49664 131 49920 131 50176 131 50432 131 50688 132 50944 132 51200 132 51456 133 51712 133 51968 133 52224 133 52480 133 52736 133 52992 132 53248 133 53504 133 53760 133 54016 133 54272 133 54528 133 54784 133 55040 133 55296 131 55552 131 55808 130 56064 129 56320 129 56576 128 56832 127 57088 126 57344 126 57600 126 57856 126 58112 125 58368 122 58624 120 58880 120 59136 119 59392 120 59648 120 59770 2 59904 125 60160 126 60416 126 60672 126 60928 127 61184 129 61440 132 61696 133 61952 133 62208 134 62464 137 62720 139 62976 139 63232 140 63488 134 63623 5 63744 129 63880 4 64000 133 64137 3 64256 133 64394 2 64512 126 64641 2 64768 124 65024 124 65280 118 65402 1 65410 8
688285,1910 1 2166 1 14215 2 14470 3 32223 1 32478 8 32734 8 32983 1 32990 8 33236 4 33246 9 33491 4 33501 10 33756 11 34011 8 34027 1 34267 8 34282 2 34523 7 34537 7 34779 7 34792 8 35035 7 35046 9 35290 9 35301 9 35539 1 35546 20 35795 1 35802 19 36058 19 36314 18 36570 17 36827 12 36918 1 37082 13 37174 2 37338 13 37354 4 37429 4 37594 13 37609 6 37683 7 37850 21 37938 9 38106 22 38194 11 38361 22 38454 8 38617 22 38710 8 38873 22 38966 11 39127 24 39222 12 39381 25 39479 12 39636 26 39735 12 39892 25 39991 13 40147 26 40248 12 40403 24 40504 12 40659 22 40761 11 40915 21 41018 11 41171 19 41275 9 41426 17 41535 5 41678 18 41793 2 41932 20 42187 22 42442 24 42694 28 42949 29 43205 22 43228 6 43461 22 43486 3 43717 22 43743 1 43973 22 44230 21 44486 20 44748 7 44758 4 45007 1 45119 4 45374 6 45630 7 45887 5 46014 3 46143 4 46269 6 46400 2 46524 8 46762 4 46779 10 47018 4 47034 12 47274 5 47289 13 47531 4 47545 13 47790 1 47802 12 48058 12 48314 12 48570 12 48826 15 49082 16 49338 17 49594 17 49849 18 50104 18 50359 19 50614 20 50869 21 51125 21 51381 19 51636 18 51892 17 52148 17 52405 15 52661 14 52918 13 52936 1 53174 12 53191 3 53431 12 53446 4 53687 12 53702 3 53944 11 53958 1 54200 11 54456 11 54712 11 54967 12 55222 12 55477 12 55732 12 55988 12 56235 3 56244 12 56426 7 56500 13 56681 10 56756 13 56936 14 57013 14 57192 15 57270 13 57447 14 57529 10 57702 15 57786 10 57932 1 57947 6 57956 16 58042 9 58186 6 58201 9 58211 17 58298 9 58439 10 58456 28 58554 7 58690 1 58693 13 58711 28 58810 5 58946 32 58981 14 59202 32 59237 14 59458 48 59715 47 59971 47 60227 46 60483 46 60739 45 60996 44 61068 2 61252 44 61323 5 61508 43 61579 6 61764 43 61835 6 62020 43 62091 6 62277 42 62347 7 62533 42 62603 7 62789 43 62858 9 63045 45 63114 10 63133 1 63301 45 63370 11 63388 4 63558 44 63626 11 63643 6 63822 36 63882 12 63899 6 64079 34 64139 12 64156 5 64336 33 64403 5 64413 2 64594 30 64656 6 64851 29 64912 6 65107 29 65167 8 65363 29 65422 11
689810,0 65536
692688,0 143 150 12 200 218 455 213 671 2 710 208 919 5 941 1 956 4 966 214 1196 6 1211 5 1218 216 1451 7 1466 224 1705 10 1722 228 1960 11 1977 230 2208 2 2214 13 2232 234 2469 14 2487 234 2724 14 2741 235 2978 16 2996 236 3234 16 3252 236 3489 3167 6658 254 6914 254 7170 254 7426 254 7682 254 7939 253 8195 253 8451 253 8707 253 8963 253 9219 253 9476 252 9732 252 9989 251 10245 251 10501 251 10758 249 11014 249 11270 248 11527 249 11783 249 12040 248 12296 248 12553 247 12809 247 13066 246 13322 246 13578 246 13835 245 14091 245 14347 245 14603 245 14859 245 15116 244 15372 244 15629 243 15885 243 16141 243 16397 243 16654 242 16910 242 17167 241 17423 241 17679 241 17936 240 18192 240 18448 240 18705 239 18961 239 19218 238 19474 238 19731 237 19987 237 20244 236 20500 236 20756 236 21013 235 21269 235 21525 235 21782 234 22038 234 22294 234 22551 233 22807 233 23063 233 23320 232 23576 232 23832 232 24089 231 24345 231 24601 231 24858 230 25114 230 25370 230 25627 229 25883 229 26140 228 26396 228 26652 228 26908 228 27165 227 27421 227 27678 226 27934 226 28190 226 28447 225 28704 224 28960 224 29216 224 29472 224 29729 223 29985 223 30241 223 30498 222 30754 222 31011 221 31268 220 31524 220 31779 221 32035 221 32291 221 32548 220 32804 220 33061 219 33317 219 33573 219 33830 218 34086 218 34342 218 34599 217 34855 217 35112 216 35368 216 35624 216 35881 215 36137 215 36393 215 36650 214 36906 214 37162 214 37418 214 37675 213 37931 213 38187 213 38444 212 38700 212 38957 211 39213 211 39469 211 39726 210 39982 210 40238 210 40495 209 40751 209 41007 209 41264 208 41520 208 41777 207 42033 207 42289 207 42546 206 42802 206 43058 206 43315 205 43572 204 43828 204 44085 203 44341 203 44597 203 44854 202 45110 202 45366 202 45622 202 45879 201 46135 201 46391 201 46648 200 46904 200 47160 200 47417 199 47673 199 47930 198 48186 198 48442 198 48698 198 48955 197 49211 197 49468 196 49724 196 49980 196 50236 196 50493 195 50750 194 51006 194 51262 194 51518 194 51775 193 52032 192 52288 192 52544 192 52800 192 53056 192 53313 191 53569 191 53826 190 54082 190 54338 190 54595 189 54851 189 55108 188 55364 188 55620 188 55876 188 56133 187 56389 187 56646 186 56902 186 57158 186 57414 186 57671 185 57927 185 58184 184 58440 184 58696 184 58953 183 59209 183 59466 182 59722 182 59979 181 60236 180 60492 180 60748 180 61004 180 61260 180 61516 180 61773 179 62029 179 62286 178 62542 178 62798 178 63054 178 63311 177 63568 176 63824 176 64080 176 64336 176 64592 176 64849 175 65106 174 65362 174
694806,88 3 101 6 128 1 135 23 184 31 249 5 344 5 352 12 383 3 391 22 439 32 505 3 600 20 638 4 646 23 695 31 826 3 843 6 857 19 894 6 901 25 951 30 982 4 1081 5 1098 8 1113 19 1150 32 1207 30 1238 6 1337 5 1353 36 1408 30 1464 29 1494 7 1592 6 1609 15 1626 19 1665 30 1710 1 1721 37 1848 7 1865 14 1884 17 1923 28 1964 5 1979 35 2104 6 2120 15 2141 16 2180 27 2219 6 2236 34 2360 5 2374 11 2390 3 2397 15 2437 26 2475 6 2493 32 2531 2 2616 5 2627 14 2646 4 2653 14 2694 25 2731 6 2750 31 2786 9 2872 2 2882 14 2901 6 2914 2 2952 24 2987 6 3006 31 3042 10 3128 1 3138 14 3156 7 3208 25 3244 5 3261 33 3297 11 3379 10 3393 27 3466 12 3481 8 3500 4 3517 47 3634 42 3723 10 3738 6 3772 48 3890 43 3982 6 3995 4 4027 49 4146 43 4240 3 4282 50 4403 42 4538 50 4659 41 4793 50 4915 39 5049 50 5171 38 5305 50 5428 31 5560 51 5685 30 5815 52 5942 30 6069 53 6144 1 6199 29 6325 39 6368 10 6400 2 6463 22 6580 39 6626 7 6656 2 6719 5 6725 16 6837 37 6882 7 6912 2 6976 4 6990 7 7038 4 7094 4 7101 30 7138 6 7168 2 7232 3 7247 5 7294 5 7360 27 7395 5 7424 2 7472 2 7550 4 7616 27 7651 5 7680 2 7727 4 7808 1 7873 27 7907 5 7936 2 7982 5 8129 26 8164 4 8192 3 8239 4 8385 26 8421 3 8448 3 8496 3 8640 27 8678 2 8702 5 8896 26 8935 1 8957 7 9151 26 9213 7 9403 30 9468 9 9657 37 9724 10 9912 39 9980 8 10167 41 10237 6 10421 44 10480 3 10493 7 10596 2 10677 45 10735 6 10751 5 10852 3 10933 46 10990 8 11008 4 11108 3 11190 45 11241 13 11264 4 11449 42 11497 14 11520 3 11707 41 11752 15 11775 4 11852 4 11963 41 12008 15 12029 6 12106 7 12220 40 12265 14 12284 6 12360 9 12478 38 12523 12 12540 4 12609 5 12615 9 12735 21 12786 5 12796 4 12864 16 12994 17 13052 4 13121 14 13251 16 13309 3 13377 12 13508 24 13566 2 13611 5 13634 10 13764 26 13862 12 13893 6 14020 27 14117 16 14150 4 14277 27 14372 19 14408 1 14533 29 14625 22 14790 28 14880 23 15047 28 15134 24 15304 6 15312 19 15385 27 15562 3 15569 18 15641 26 15826 17 15869 3 15897 14 15913 10 16069 3 16083 15 16124 4 16153 12 16169 12 16323 6 16340 13 16380 4 16409 7 16417 2 16425 15 16578 8 16599 9 16637 3 16666 1 16670 1 16680 18 16834 9 16855 10 16894 2 16922 1 16934 21 17044 2 17090 11 17110 12 17181 2 17188 24 17298 6 17346 9 17366 13 17436 4 17443 26 17551 11 17603 8 17622 13 17692 5 17699 26 17806 12 17860 6 17878 12 17947 35 18061 14 18116 5 18134 12 18203 35 18312 21 18391 6 18459 35 18566 25 18714 36 18821 27 18970 36 19077 27 19226 36 19333 26 19483 34 19589 26 19739 34 19846 24 19996 34 20102 24 20249 36 20358 24 20504 16 20521 20 20614 23 20760 37 20870 22 21016 20 21037 15 21126 20 21272 37 21384 7 21398 2 21528 38 21784 38 22040 39 22295 40 22550 41 22806 41 23062 39 23319 35 23575 33 23833 2 23839 25 24096 25 24354 23 24615 19 24871 20 25128 19 25384 20 25640 20 25897 20 26153 21 26409 21 26556 7 26666 20 26810 11 26923 18 27066 12 27141 4 27180 17 27322 13 27395 6 27420 1 27438 14 27578 13 27650 8 27675 4 27696 11 27833 14 27908 6 27931 5 27955 7 28090 13 28165 5 28188 5 28213 3 28314 3 28346 13 28421 5 28442 7 28570 4 28602 14 28677 4 28695 10 28826 5 28858 14 28933 4 28951 10 29081 5 29114 14 29189 4 29207 10 29337 5 29370 14 29444 5 29463 10 29591 6 29627 13 29696 1 29699 6 29718 11 29844 7 29884 11 29952 1 29956 4 29974 11 30099 8 30140 10 30208 2 30212 4 30229 13 30353 11 30397 8 30468 4 30485 13 30608 17 30654 6 30725 2 30742 12 30863 20 30911 3 30981 3 30985 2 30998 11 31118 21 31237 7 31247 3 31253 12 31374 22 31494 1 31496 12 31509 12 31630 21 31753 24 31886 6 31896 11 32008 24 32141 6 32152 10 32263 24 32395 7 32409 8 32519 23 32650 7 32777 20 32906 6 33033 13 33162 6 33290 11 33418 5 33545 11 33622 3 33675 2 33800 11 33858 16 33877 6 34056 10 34113 27 34160 5 34311 10 34368 28 34414 10 34551 1 34566 10 34625 26 34670 10 34709 7 34779 2 34806 4 34817 15 34882 25 34926 11 34962 11 35033 7 35061 7 35073 17 35139 23 35182 11 35217 12 35289 8 35316 12 35331 16 35396 12 35413 4 35438 11 35472 13 35544 10 35571 13 35589 14 35654 8 35695 10 35727 13 35800 11 35827 13 35846 14 35951 10 35983 12 36056 12 36082 14 36103 12 36208 8 36240 11 36312 12 36338 14 36360 9 36467 4 36497 11 36568 12 36594 14 36617 6 36722 5 36754 11 36825 11 36849 15 36874 2 36978 5 37010 2 37014 8 37081 12 37105 12 37233 7 37270 9 37338 10 37360 12 37489 9 37521 1 37525 10 37593 11 37616 10 37744 11 37776 1 37781 10 37849 10 37871 12 37999 13 38038 10 38092 4 38105 9 38126 14 38252 17 38295 1 38299 4 38347 7 38362 8 38374 24 38506 21 38544 1 38555 3 38596 14 38618 38 38761 23 38851 17 38872 40 39016 25 39074 6 39106 62 39207 2 39271 26 39329 10 39362 59 39461 7 39526 27 39585 11 39617 57 39712 1 39717 9 39781 28 39841 11 39873 54 39967 16 40036 28 40097 11 40128 55 40223 17 40290 30 40349 3 40354 11 40384 54 40479 4 40484 12 40544 32 40602 6 40614 7 40639 54 40741 11 40800 32 40850 14 40870 7 40888 3 40894 54 40998 9 41055 33 41106 14 41126 7 41142 7 41150 51 41255 8 41310 34 41362 14 41381 8 41397 60 41512 6 41566 34 41619 13 41637 9 41653 61 41769 5 41822 34 41876 13 41892 12 41908 62 42026 3 42077 34 42132 13 42148 79 42282 3 42334 33 42390 94 42538 3 42590 34 42650 91 42742 4 42846 34 42908 94 43025 6 43101 36 43165 93 43277 11 43314 3 43338 6 43356 38 43421 94 43518 2 43532 13 43569 4 43591 10 43612 38 43678 98 43787 15 43809 4 43823 6 43844 14 43867 39 43934 98 44044 26 44078 8 44100 14 44123 39 44189 99 44300 27 44334 15 44356 14 44379 9 44389 28 44445 99 44556 27 44590 16 44612 15 44635 9 44647 26 44702 98 44813 27 44846 18 44868 2 44872 1 44877 6 44890 9 44904 24 44959 97 45069 26 45101 19 45123 2 45135 19 45161 22 45219 93 45325 25 45355 20 45378 3 45391 19 45417 21 45477 91 45581 16 45601 3 45611 19 45633 3 45647 45 45734 90 45837 15 45867 7 45877 9 45889 3 45903 44 45990 90 46094 13 46123 6 46133 8 46146 1 46155 41 46246 90 46340 1 46349 14 46380 6 46389 9 46409 44 46502 90 46596 4 46605 13 46636 21 46663 50 46749 5 46758 90 46852 4 46861 11 46895 19 46916 55 47004 100 47109 3 47117 12 47151 77 47260 100 47365 2 47374 11 47408 77 47508 1 47516 100 47625 3 47629 13 47664 78 47762 6 47772 100 47881 18 47921 78 48016 112 48137 18 48178 79 48269 115 48393 18 48434 6 48441 73 48524 116 48651 16 48689 7 48699 72 48778 118 48907 16 48945 7 48955 73 49032 120 49164 15 49201 207 49421 13 49453 2 49457 175 49634 30 49678 11 49708 180 49890 30 49934 11 49964 181 50147 29 50192 8 50220 182 50405 27 50449 6 50476 182 50667 21 50706 4 50732 110 50845 70 50922 22 50961 5 50988 107 51102 69 51178 22 51217 5 51245 103 51359 68 51434 22 51473 5 51501 102 51615 68 51689 23 51729 5 51757 28 51788 71 51868 72 51945 23 51984 5 52013 26 52044 71 52123 76 52200 7 52208 16 52240 5 52268 27 52299 72 52378 84 52465 15 52495 6 52524 27 52553 75 52634 84 52722 14 52751 6 52781 174 52958 16 52978 14 53007 6 53037 16 53059 38 53099 111 53215 14 53235 13 53294 14 53315 36 53355 14 53371 95 53470 14 53491 12 53550 13 53571 35 53611 13 53629 93 53724 11 53737 3 53747 10 53764 7 53807 11 53827 19 53849 3 53855 11 53867 11 53888 101 53995 1 54003 7 54019 9 54067 6 54083 16 54106 2 54111 23 54146 6 54154 91 54260 5 54275 10 54338 14 54360 29 54404 2 54409 92 54518 3 54531 10 54594 12 54616 27 54665 11 54680 78 54787 11 54849 13 54872 25 54921 11 54937 78 55043 11 55102 15 55127 25 55178 9 55194 79 55299 11 55358 14 55383 23 55411 2 55435 8 55450 79 55555 11 55613 15 55639 22 55666 6 55691 8 55705 79 55811 11 55869 15 55895 19 55921 6 55948 8 55962 79 56051 1 56067 10 56125 16 56150 19 56176 7 56204 8 56217 79 56304 5 56324 9 56382 16 56406 5 56435 3 56460 8 56473 78 56558 7 56581 6 56640 14 56662 4 56684 3 56691 3 56702 3 56715 10 56727 80 56814 7 56839 3 56887 2 56898 13 56919 3 56948 1 56959 3 56971 9 56983 80 57071 1 57077 3 57143 3 57155 14 57176 1 57194 1 57216 5 57226 6 57234 2 57239 79 57333 4 57399 3 57411 15 57432 3 57472 6 57481 7 57490 1 57495 79 57589 4 57656 1 57668 15 57687 4 57729 15 57746 1 57751 78 57924 16 57943 5 57985 15 58006 78 58109 3 58179 25 58242 14 58261 76 58364 4 58435 17 58453 8 58468 3 58497 15 58514 77 58620 4 58636 2 58690 17 58709 8 58724 3 58752 11 58766 81 58858 4 58873 1 58945 16 58965 8 58980 3 58989 3 59003 5 59009 10 59023 64 59088 15 59112 7 59201 12 59221 8 59236 2 59245 3 59259 5 59266 9 59279 12 59293 8 59303 39 59345 17 59366 10 59457 10 59477 8 59492 2 59501 3 59514 6 59523 9 59534 12 59548 8 59558 39 59601 30 59713 9 59734 7 59748 1 59757 3 59770 6 59780 1 59784 4 59790 11 59804 4 59809 3 59814 3 59819 33 59858 28 59920 5 59970 8 59990 8 60014 2 60027 4 60040 16 60061 3 60065 42 60114 28 60175 6 60227 7 60247 10 60296 16 60321 41 60375 23 60430 7 60484 6 60504 10 60553 15 60574 43 60632 12 60650 2 60685 8 60740 6 60765 5 60811 3 60816 8 60830 12 60845 27 60890 8 60907 1 60939 10 60997 5 61021 5 61040 1 61072 9 61087 8 61102 11 61116 11 61143 5 61194 11 61253 6 61278 4 61292 5 61314 3 61327 10 61343 7 61359 9 61372 8 61398 5 61449 11 61509 7 61533 5 61548 4 61570 4 61580 13 61599 6 61616 7 61629 7 61651 9 61705 11 61765 12 61789 5 61804 4 61825 5 61836 12 61855 5 61873 6 61885 6 61904 13 61960 10 62021 13 62046 4 62059 5 62082 5 62092 12 62110 4 62130 4 62143 7 62159 16 62215 6 62277 13 62303 3 62314 7 62334 1 62339 4 62348 11 62360 1 62364 5 62388 1 62401 6 62415 22 62451 1 62455 1 62458 3 62471 4 62532 13 62570 7 62594 4 62605 4 62612 13 62657 6 62669 29 62710 6 62727 3 62787 12 62825 8 62850 3 62869 11 62913 6 62924 32 62964 8 62984 1 63041 12 63060 1 63081 8 63106 1 63123 14 63171 4 63180 32 63221 6 63296 12 63316 2 63337 10 63360 1 63377 17 63428 2 63436 33 63477 2 63551 14 63582 5 63593 10 63632 18 63692 33 63732 4 63765 5 63807 16 63838 7 63849 11 63888 18 63908 2 63949 32 63988 6 64020 6 64062 20 64094 8 64103 13 64144 18 64164 4 64206 32 64244 6 64275 7 64318 21 64350 22 64401 24 64440 2 64463 33 64499 6 64530 8 64558 6 64573 23 64607 20 64659 22 64721 31 64755 7 64786 8 64813 15 64829 24 64870 13 64917 17 64936 5 64964 4 64979 29 65011 7 65040 10 65068 16 65085 23 65127 9 65173 24 65219 4 65235 30 65266 8 65295 11 65324 16 65341 23 65384 7 65428 13 65446 9 65473 6 65494 35
695503,0 65536
701596,10 39 58 16 111 4 122 28 185 35 239 17 265 42 314 16 368 3 378 28 441 35 495 17 521 43 570 15 634 28 698 34 751 17 777 43 825 11 889 29 954 34 1008 16 1033 45 1079 12 1124 3 1144 30 1211 33 1264 16 1291 56 1377 7 1398 22 1421 8 1468 32 1520 16 1547 28 1578 25 1632 10 1643 4 1653 20 1678 7 1713 5 1725 6 1738 18 1776 16 1803 26 1835 25 1888 16 1905 23 1936 3 1969 7 1982 5 1995 16 2033 15 2060 25 2091 26 2144 40 2207 3 2224 9 2239 4 2252 9 2291 13 2317 7 2333 8 2347 26 2401 39 2462 5 2479 11 2495 4 2509 7 2554 3 2560 1 2573 7 2590 7 2603 26 2658 5 2665 30 2716 8 2733 14 2750 6 2765 7 2816 3 2831 9 2847 6 2860 24 2923 28 2970 10 2988 25 3022 7 3072 4 3087 10 3104 4 3116 23 3179 27 3226 11 3243 27 3279 5 3328 5 3343 11 3372 20 3435 27 3481 12 3499 27 3536 3 3584 6 3599 11 3629 17 3691 26 3737 12 3754 28 3840 6 3855 11 3886 13 3946 21 3994 12 4010 20 4033 5 4096 7 4112 9 4145 9 4202 6 4209 13 4250 12 4266 2 4271 14 4290 4 4352 6 4369 6 4402 7 4460 2 4466 11 4507 11 4527 12 4547 1 4608 6 4626 3 4659 5 4724 8 4764 11 4783 12 4865 1 5020 6 5039 12 5276 6 5294 14 5376 2 5531 6 5549 16 5581 5 5632 3 5786 7 5802 20 5835 9 5878 15 6042 6 6058 20 6088 13 6133 18 6298 6 6314 20 6344 13 6358 8 6389 20 6553 6 6569 21 6600 23 6644 22 6700 1 6809 3 6825 20 6857 23 6900 22 6951 8 7064 4 7082 15 7098 1 7117 8 7126 10 7156 22 7207 8 7314 2 7320 4 7339 13 7375 4 7382 11 7412 23 7464 7 7562 3 7578 1 7596 9 7639 10 7670 22 7722 5 7756 3 7817 7 7853 5 7895 11 7927 22 8011 5 8073 7 8110 3 8150 12 8185 22 8267 6 8321 1 8329 6 8354 3 8366 2 8405 13 8442 23 8524 4 8576 3 8585 3 8610 3 8660 14 8698 24 8832 5 8842 1 8914 16 8951 28 9088 3 9170 16 9206 29 9345 1 9426 16 9461 30 9600 2 9682 16 9717 21 9744 2 9855 3 9938 15 9973 20 10111 3 10116 1 10194 14 10229 20 10367 7 10450 14 10485 20 10623 7 10657 2 10706 13 10741 20 10879 6 10912 3 10963 11 10997 20 11135 5 11167 2 11219 10 11254 19 11391 4 11422 2 11467 1 11475 8 11512 17 11648 3 11679 1 11722 2 11731 5 11770 15 11878 3 11904 3 11979 2 11985 5 12028 12 12081 2 12131 6 12160 4 12237 8 12287 9 12336 3 12386 8 12417 3 12493 8 12515 1 12544 7 12592 2 12640 11 12658 2 12673 3 12748 10 12771 1 12800 7 12866 4 12895 5 12901 6 12913 4 12930 2 12951 2 13004 10 13056 6 13120 8 13151 13 13168 5 13206 2 13260 10 13312 6 13375 11 13407 7 13417 4 13424 1 13428 1 13461 3 13516 11 13568 6 13631 13 13654 4 13664 5 13674 2 13716 5 13772 11 13824 6 13887 14 13909 5 13921 2 13942 1 13971 6 13986 2 14028 11 14080 6 14143 14 14164 7 14197 3 14208 3 14228 4 14242 2 14263 2 14285 10 14336 5 14385 8 14400 14 14420 8 14446 1 14452 4 14464 4 14484 4 14498 1 14519 4 14542 8 14592 5 14639 11 14656 14 14676 8 14707 6 14720 7 14777 2 14798 8 14848 5 14894 13 14911 16 14932 8 14956 2 14963 7 14978 6 15035 7 15055 7 15104 5 15149 13 15167 16 15188 7 15210 5 15219 8 15236 4 15291 8 15311 7 15360 6 15405 12 15423 17 15445 3 15466 6 15475 10 15516 3 15547 9 15568 5 15616 6 15660 13 15678 17 15722 5 15731 10 15771 4 15804 9 15870 8 15916 13 15931 19 15978 5 15987 10 16026 5 16060 10 16124 11 16175 30 16234 6 16243 11 16282 5 16317 10 16378 14 16433 27 16464 1 16490 6 16497 14 16537 5 16573 10 16633 15 16662 2 16676 3 16689 26 16746 21 16793 4 16829 9 16889 7 16897 6 16905 3 16918 3 16931 6 16940 3 16946 25 17002 22 17086 8 17144 8 17161 5 17174 3 17186 14 17201 26 17258 1 17262 18 17305 1 17344 6 17400 9 17417 6 17431 2 17442 40 17519 18 17560 2 17602 4 17657 9 17673 6 17687 2 17697 27 17725 12 17764 3 17776 17 17858 4 17911 11 17929 7 17953 26 17983 9 18019 5 18032 18 18115 3 18164 12 18177 1 18185 9 18210 26 18240 7 18276 6 18289 17 18372 1 18410 5 18419 13 18442 11 18466 26 18498 5 18533 7 18545 17 18663 25 18697 14 18724 25 18790 6 18803 16 18919 25 18947 20 18981 25 19047 5 19060 1 19063 12 19097 1 19159 1 19165 5 19175 25 19201 22 19237 25 19302 6 19316 2 19319 13 19352 5 19414 2 19420 7 19430 49 19483 3 19493 25 19558 6 19572 16 19607 7 19622 1 19670 3 19676 36 19713 6 19722 11 19737 7 19749 26 19815 6 19829 3 19836 8 19864 7 19877 3 19925 5 19932 36 19970 5 19981 7 19993 38 20071 8 20085 3 20093 7 20120 7 20133 4 20181 43 20237 6 20248 8 20259 28 20328 7 20340 4 20350 6 20377 6 20388 6 20437 43 20503 9 20515 27 20586 5 20595 5 20606 6 20634 4 20644 6 20693 43 20759 8 20771 27 20844 4 20849 6 20863 5 20900 6 20948 44 21013 9 21027 26 21100 11 21120 3 21158 4 21204 44 21268 9 21281 27 21358 7 21461 42 21524 8 21536 26 21614 6 21717 42 21780 8 21790 28 21974 40 22034 10 22045 29 22231 39 22285 8 22298 32 22487 40 22540 9 22555 32 22624 3 22743 40 22796 9 22811 33 22857 4 22881 2 23000 2 23004 36 23045 3 23051 9 23066 35 23112 6 23137 2 23219 3 23262 34 23300 5 23307 9 23322 35 23367 8 23392 3 23476 1 23518 34 23555 17 23578 35 23623 8 23648 2 23775 33 23813 15 23834 14 23851 7 23859 10 23879 8 23904 1 24032 31 24070 14 24091 12 24118 8 24135 8 24160 1 24289 29 24332 7 24375 9 24391 6 24437 2 24545 29 24590 5 24627 3 24632 9 24646 4 24692 3 24801 28 24846 3 24882 5 24889 9 24899 4 24938 1 24947 4 25056 28 25137 7 25145 14 25192 4 25202 6 25220 2 25255 1 25311 28 25393 21 25449 3 25459 5 25567 26 25646 24 25706 1 25715 5 25765 1 25823 25 25905 21 25972 3 26079 24 26163 19 26336 22 26419 19 26593 20 26628 1 26674 20 26850 18 26925 25 27107 17 27180 12 27194 11 27364 15 27433 15 27449 12 27621 4 27626 7 27687 30 27720 3 27877 1 27884 4 27944 35 28141 2 28200 5 28209 26 28458 1 28465 26 28722 25 28978 25 29235 3 29239 20 29292 3 29491 3 29495 20 29747 17 29765 6 29790 1 30002 18 30021 6 30045 2 30217 5 30258 18 30277 5 30301 2 30472 6 30514 18 30533 5 30557 2 30726 9 30769 26 30812 4 30983 7 31025 25 31068 1 31240 6 31278 5 31285 15 31301 5 31485 2 31534 5 31541 15 31739 5 31791 3 31797 15 31995 5 32055 12 32251 5 32312 10 32507 5 32570 4 32764 4 32771 4 33021 3 33027 5 33280 2 33283 6 33536 9 33549 7 33563 5 33577 3 33628 1 33792 9 33804 11 33819 6 33832 6 33884 3 34048 9 34061 10 34074 7 34087 8 34140 1 34304 9 34317 21 34343 8 34560 11 34573 22 34598 10 34645 2 34816 12 34831 20 34853 11 34900 4 35074 12 35089 2 35094 14 35109 12 35156 4 35330 12 35349 28 35412 4 35584 14 35605 28 35668 3 35674 3 35840 14 35861 28 35925 2 35929 6 36096 13 36117 28 36185 6 36352 13 36373 28 36440 7 36608 11 36629 26 36697 5 36864 7 36885 25 36953 5 37120 6 37141 23 37210 4 37376 6 37397 21 37468 4 37632 6 37653 19 37724 4 37888 7 37909 18 37981 4 38144 8 38164 17 38214 4 38237 5 38322 1 38400 9 38419 14 38467 9 38494 5 38577 4 38656 10 38675 13 38722 11 38750 6 38834 3 38912 11 38931 12 38977 12 39007 8 39092 2 39168 11 39187 11 39234 13 39264 8 39348 3 39424 25 39490 15 39521 8 39547 2 39603 5 39680 24 39746 16 39777 8 39802 3 39859 5 39936 22 40004 15 40034 6 40058 3 40116 3 40193 19 40260 15 40292 3 40313 5 40450 7 40459 9 40516 16 40569 5 40707 4 40715 9 40772 16 40825 5 40971 8 41027 17 41081 4 41227 8 41282 18 41329 2 41336 5 41482 8 41538 18 41584 4 41591 6 41719 3 41738 7 41793 19 41842 11 41974 5 41994 7 42033 5 42039 2 42048 20 42099 10 42228 12 42249 7 42288 11 42303 21 42339 3 42356 9 42411 5 42483 13 42505 8 42544 11 42558 21 42593 6 42613 8 42666 8 42738 14 42761 8 42800 12 42813 21 42847 8 42869 8 42921 10 42994 14 43018 7 43056 1 43062 2 43065 24 43102 9 43126 7 43176 11 43250 14 43274 7 43311 2 43321 24 43358 8 43382 6 43431 11 43507 13 43531 6 43566 3 43576 26 43614 7 43640 2 43687 9 43764 12 43788 5 43808 11 43820 5 43832 26 43870 6 43915 2 43944 7 44021 11 44045 2 44063 18 44089 26 44126 5 44171 2 44201 5 44241 1 44278 10 44319 18 44346 25 44384 1 44428 1 44496 4 44535 9 44564 1 44574 19 44602 24 44684 2 44751 6 44798 2 44820 1 44830 19 44859 22 44940 2 45007 7 45054 2 45085 20 45116 17 45153 2 45196 2 45263 8 45310 2 45313 4 45341 21 45376 11 45408 4 45452 2 45519 7 45566 8 45597 21 45633 8 45643 4 45664 5 45776 5 45822 8 45852 23 45889 7 45899 4 45921 4 46015 1 46033 4 46079 7 46108 22 46145 15 46178 3 46270 4 46289 4 46336 6 46364 22 46401 9 46411 7 46419 2 46526 4 46545 5 46592 5 46620 22 46658 6 46668 11 46774 2 46780 5 46801 5 46849 2 46877 20 46915 4 46927 8 47028 4 47036 5 47058 4 47133 20 47189 3 47196 4 47284 5 47293 3 47314 4 47389 19 47446 2 47451 6 47541 4 47570 4 47646 19 47707 11 47798 4 47826 3 47904 1 47910 13 47963 12 48039 3 48044 2 48054 4 48082 2 48168 11 48219 13 48294 8 48309 4 48424 11 48475 13 48549 9 48565 4 48647 2 48681 8 48723 2 48731 14 48805 10 48820 5 48901 16 48919 8 48937 7 48977 5 48987 14 49028 4 49037 3 49048 3 49060 11 49072 9 49157 28 49192 7 49232 5 49243 14 49282 15 49302 6 49316 10 49328 8 49413 28 49448 7 49472 1 49490 1 49496 17 49536 17 49558 7 49566 3 49571 11 49584 7 49669 29 49703 8 49728 1 49753 15 49791 18 49814 24 49840 7 49925 29 49959 7 49984 1 50009 4 50015 9 50046 18 50070 24 50096 7 50181 31 50215 7 50265 3 50273 6 50302 18 50326 23 50352 7 50437 41 50521 4 50557 19 50582 23 50608 5 50692 41 50778 3 50813 29 50844 10 50857 10 50947 42 51035 2 51069 29 51100 10 51114 7 51130 2 51203 44 51256 2 51291 4 51325 41 51370 7 51384 4 51458 45 51511 4 51546 5 51581 41 51627 4 51640 4 51713 46 51767 4 51801 6 51838 40 51884 2 51897 3 51968 38 52007 8 52024 3 52054 8 52094 6 52105 28 52140 2 52224 45 52310 7 52352 1 52362 26 52480 42 52566 6 52618 6 52626 17 52736 43 52785 1 52823 4 52874 6 52884 16 52992 8 53003 33 53039 4 53070 3 53129 7 53140 16 53248 7 53259 39 53385 6 53397 15 53504 7 53515 39 53629 3 53641 6 53653 16 53760 6 53770 41 53839 2 53884 6 53897 4 53914 11 54016 5 54026 41 54096 1 54139 8 54154 2 54170 11 54272 5 54282 38 54394 9 54427 11 54528 4 54537 30 54571 3 54612 6 54650 11 54683 13 54703 8 54784 5 54791 29 54828 1 54868 2 54880 1 54900 1 54906 11 54939 7 54948 4 54961 3 55040 34 55122 2 55135 4 55152 22 55180 2 55194 8 55204 5 55210 2 55218 2 55296 33 55391 4 55406 16 55425 6 55436 2 55451 7 55460 8 55552 33 55647 4 55661 17 55682 8 55691 2 55707 3 55712 2 55716 8 55808 32 55864 1 55900 7 55917 17 55938 12 55963 3 55973 6 56064 32 56119 4 56155 7 56173 17 56195 11 56219 2 56230 4 56320 34 56373 7 56411 7 56438 8 56451 8 56486 2 56576 35 56629 8 56667 6 56696 6 56707 7 56730 1 56832 36 56885 8 56923 7 56963 6 57088 36 57142 9 57179 7 57219 5 57344 16 57362 18 57400 8 57436 6 57475 3 57600 15 57620 15 57656 8 57693 5 57732 2 57855 16 57876 15 57913 7 57952 1 58112 16 58131 15 58170 6 58275 1 58278 2 58369 17 58387 14 58426 5 58533 5 58621 3 58625 32 58682 2 58789 6 58877 3 58881 32 58940 1 58950 1 59048 2 59133 37 59196 1 59200 2 59205 2 59333 3 59389 20 59413 13 59590 3 59645 19 59669 13 59847 3 59900 18 59925 13 59991 4 60155 18 60180 14 60246 6 60411 17 60437 12 60503 5 60570 2 60667 17 60693 11 60744 5 60759 5 60823 7 60923 15 60950 8 60999 8 61018 1 61078 9 61090 2 61178 16 61207 5 61255 10 61330 13 61346 2 61433 16 61512 6 61583 15 61606 2 61689 15 61768 5 61839 15 61862 2 61944 15 62093 7 62101 8 62140 4 62197 11 62209 5 62349 6 62357 7 62395 9 62451 13 62605 6 62614 6 62652 8 62704 16 62786 4 62861 6 62870 6 62909 7 62960 16 63042 5 63118 13 63167 2 63214 18 63297 6 63376 9 63469 15 63487 1 63553 5 63633 7 63688 2 63724 20 63774 2 63808 5 63889 7 63939 9 63975 25 64028 5 64064 4 64145 6 64194 10 64233 32 64283 6 64318 5 64380 2 64401 4 64450 10 64489 34 64525 2 64536 10 64572 7 64706 10 64745 42 64790 12 64828 7 64961 11 65001 57 65084 7 65170 3 65216 12 65257 56 65339 7 65374 2 65420 11 65471 12 65514 22
702433,0 65536
711772, 
715702,0 65536
719371,0 17 71 202 324 205 579 205 834 207 1089 209 1338 3 1344 210 1592 219 1838 5 1846 195 2042 31 2094 202 2300 32 2350 202 2556 33 2606 202 2812 34 2862 202 3068 34 3118 202 3325 33 3368 207 3581 33 3623 208 3840 30 3878 207 4096 30 4133 177 4312 29 4352 31 4388 178 4568 30 4608 31 4643 179 4825 30 4864 31 4899 179 5080 33 5120 31 5155 179 5336 35 5376 31 5411 15 5427 164 5592 38 5632 31 5667 13 5686 200 5888 31 5949 11 5963 179 6144 31 6206 7 6220 178 6400 31 6476 177 6656 31 6733 174 6912 31 6991 172 7168 31 7248 170 7421 1 7424 30 7506 204 7764 202 8021 202 8277 203 8533 204 8789 204 9045 204 9302 8 9315 190 9559 4 9572 141 9714 47 9828 140 9970 46 10085 137 10225 47 10341 136 10481 45 10596 135 10736 44 10852 133 10992 43 11108 132 11247 43 11363 132 11503 42 11619 132 11758 41 11875 131 12012 43 12131 180 12387 181 12643 182 12900 182 13159 179 13343 5 13423 173 13597 8 13679 184 13936 183 14192 183 14449 179 14706 177 14964 176 15225 93 15320 77 15426 3 15483 90 15576 77 15682 4 15739 89 15832 78 15938 6 15996 87 16088 78 16193 9 16252 85 16344 83 16449 11 16509 11 16521 71 16601 84 16706 10 16722 2 16765 9 16778 70 16856 86 16962 10 16977 4 17022 7 17036 68 17112 86 17218 10 17232 6 17279 5 17288 72 17367 88 17474 9 17487 7 17544 15 17564 52 17622 93 17730 9 17743 8 17799 16 17819 53 17878 96 17986 8 17999 8 18055 15 18075 3 18079 49 18133 98 18242 7 18255 9 18310 16 18336 47 18389 99 18498 6 18511 9 18565 17 18593 44 18645 73 18720 24 18754 6 18767 9 18819 19 18849 42 18902 71 18977 24 19012 2 19023 9 19074 20 19106 39 19158 71 19234 22 19268 1 19279 9 19329 24 19362 38 19412 72 19490 21 19535 8 19584 26 19618 38 19665 75 19748 18 19791 8 19840 27 19874 38 19919 76 20009 4 20017 2 20047 7 20096 27 20129 40 20174 77 20303 7 20352 28 20385 122 20559 7 20607 30 20641 122 20816 5 20856 38 20897 121 21073 2 21111 39 21153 119 21330 1 21366 41 21410 117 21621 43 21670 112 21875 45 21927 110 22081 5 22094 1 22124 53 22183 109 22328 14 22349 4 22379 54 22439 108 22583 15 22605 4 22634 56 22695 108 22838 16 22861 4 22890 56 22950 109 23093 16 23117 3 23146 56 23205 109 23349 16 23374 1 23402 56 23460 110 23605 16 23659 49 23710 2 23715 110 23862 15 23885 10 23916 50 23971 107 24087 3 24122 11 24140 12 24178 44 24225 107 24343 3 24379 9 24395 14 24428 1 24434 151 24599 2 24636 8 24649 17 24683 5 24690 152 24891 9 24903 19 24938 160 25146 10 25159 20 25193 58 25253 101 25401 35 25448 59 25509 101 25611 2 25614 3 25656 41 25703 60 25765 109 25912 107 26021 110 26167 108 26277 103 26381 6 26393 3 26404 1 26423 70 26495 141 26638 4 26647 6 26658 5 26671 2 26678 70 26752 145 26902 7 26914 5 26925 78 27008 142 27155 10 27170 5 27179 80 27264 156 27427 5 27433 82 27520 13 27537 139 27684 87 27776 11 27794 137 27940 90 28031 12 28051 136 28196 104 28307 135 28452 104 28563 134 28708 105 28819 133 28964 104 29076 111 29189 18 29220 103 29332 108 29446 17 29476 99 29588 108 29703 16 29731 99 29844 108 29958 17 29985 100 30099 109 30214 20 30236 104 30355 109 30470 130 30610 110 30725 133 30866 113 30981 134 31122 250 31379 251 31635 251 31891 252 32146 253 32402 1329 33733 253 33989 251 34245 249 34500 233 34735 14 34756 232 34992 13 35012 232 35248 13 35267 233 35504 12 35523 234 35761 10 35780 60 35841 174 36018 6 36036 60 36098 173 36276 2 36293 59 36354 164 36521 5 36551 57 36610 163 36778 4 36806 58 36866 162 37035 3 37062 58 37121 162 37290 6 37317 219 37546 7 37572 217 37802 7 37828 217 38058 7 38083 216 38315 5 38339 213 38572 4 38595 61 38660 146 38849 63 38916 144 39097 71 39172 144 39351 73 39428 144 39606 74 39684 145 39861 75 39940 145 40116 225 40372 225 40628 225 40886 1 40895 213 41154 209 41411 208 41669 205 41926 204 42182 204 42439 202 42694 202 42951 200 43209 198 43467 195 43724 193 43981 191 44237 71 44311 116 44497 66 44571 110 44755 64 44828 109 45011 65 45084 110 45267 65 45339 111 45523 65 45594 111 45779 65 45848 113 46035 66 46103 114 46291 181 46521 4 46547 45 46594 134 46774 8 46803 45 46851 133 47029 11 47059 45 47107 132 47284 14 47314 46 47363 132 47540 15 47570 46 47619 131 47795 17 47824 48 47875 130 48027 1 48051 18 48079 49 48132 128 48269 19 48306 19 48333 51 48389 126 48524 22 48549 5 48562 20 48588 52 48645 125 48779 32 48816 23 48843 53 48900 126 49035 34 49071 24 49098 184 49291 247 49547 249 49803 250 50060 250 50321 245 50578 244 50833 244 51089 244 51345 244 51601 244 51856 245 52111 245 52366 246 52622 245 52877 246 53133 245 53389 245 53645 244 53901 242 54157 242 54413 242 54669 242 54925 241 55181 242 55437 243 55694 145 55841 98 55954 140 56099 97 56214 136 56355 98 56467 140 56611 99 56723 139 56867 99 56979 139 57123 100 57235 138 57379 100 57492 137 57635 101 57748 138 57892 100 58005 37 58044 99 58150 98 58263 34 58303 98 58404 99 58520 32 58561 97 58659 100 58778 30 58818 15 58834 181 59034 30 59075 15 59092 82 59176 94 59290 30 59333 13 59350 79 59433 93 59544 31 59590 12 59607 78 59690 91 59798 26 59828 2 59848 10 59864 76 59954 81 60053 26 60105 7 60122 74 60198 1 60216 74 60309 26 60364 2 60380 68 60449 4 60474 72 60565 26 60636 66 60705 4 60730 72 60821 26 60892 66 60961 3 60987 71 61078 25 61148 64 61218 1 61244 69 61334 25 61403 64 61500 69 61590 26 61659 63 61740 1 61756 68 61846 26 61915 64 61995 3 62014 66 62102 24 62171 64 62251 4 62271 64 62358 23 62427 64 62507 4 62526 65 62614 24 62683 63 62763 5 62782 65 62871 16 62888 6 62938 63 63019 4 63037 66 63127 23 63194 63 63276 3 63293 66 63384 16 63402 3 63451 61 63550 1 63553 61 63640 11 63653 4 63658 3 63707 61 63810 60 63894 11 63909 5 63963 60 64067 59 64150 10 64166 4 64218 60 64324 57 64405 8 64424 2 64473 61 64582 54 64661 7 64680 2 64727 64 64845 47 64917 7 64934 5 64945 2 64981 68 65072 1 65104 43 65174 6 65189 7 65199 3 65236 70 65327 3 65361 41 65430 6 65445 13 65491 45
722180,0 230 256 230 512 230 768 230 1024 230 1280 231 1536 231 1792 231 2048 231 2304 232 2560 232 2816 232 3072 233 3328 233 3584 233 3840 233 4096 233 4352 233 4608 233 4864 234 5120 234 5376 234 5632 234 5888 235 6144 235 6400 235 6656 236 6912 236 7168 236 7424 236 7680 237 7936 237 8192 237 8448 237 8704 238 8960 238 9216 238 9472 238 9728 239 9984 239 10240 239 10496 239 10752 240 11008 240 11264 240 11520 240 11776 240 12032 241 12288 241 12544 241 12800 241 13056 242 13312 242 13568 242 13824 242 14080 242 14336 243 14592 243 14848 243 15104 243 15360 244 15616 244 15872 244 16128 244 16384 245 16640 245 16896 245 17152 245 17408 246 17664 246 17920 246 18176 246 18432 246 18688 246 18944 247 19200 247 19456 247 19712 247 19968 248 20224 248 20480 248 20736 248 20992 248 21248 249 21504 249 21760 249 22016 249 22272 250 22528 250 22784 250 23040 250 23296 251 23552 251 23808 251 24064 251 24320 252 24576 252 24832 252 25088 252 25344 253 25600 253 25856 253 26112 254 26368 254 26624 255 26880 255 27136 38400
726981,28 26 107 27 285 26 363 27 542 25 619 26 802 22 874 10 889 4 1061 21 1129 10 1251 3 1317 22 1385 10 1505 7 1573 22 1640 11 1760 9 1830 21 1895 11 2016 10 2085 22 2151 11 2270 14 2341 22 2406 11 2525 16 2597 21 2662 11 2780 20 2853 20 2918 10 3036 21 3110 19 3175 8 3291 23 3366 17 3431 8 3547 24 3572 9 3623 15 3688 6 3803 35 3879 12 3944 6 4058 37 4136 9 4201 4 4314 37 4394 5 4458 2 4565 1 4568 39 4820 44 5075 45 5331 45 5432 3 5586 46 5678 16 5842 31 5874 15 5933 18 6098 29 6130 16 6189 19 6354 21 6376 7 6386 17 6445 19 6610 29 6642 17 6700 21 6866 25 6892 2 6898 17 6952 1 6955 21 7122 25 7153 18 7207 25 7371 32 7409 18 7463 24 7626 34 7664 19 7719 15 7735 9 7881 36 7919 19 7975 15 7991 12 8137 36 8174 17 8192 2 8232 14 8247 13 8392 54 8468 1 8489 29 8647 55 8723 3 8745 30 8903 55 8979 4 9001 31 9159 55 9235 4 9257 31 9414 56 9491 4 9513 31 9670 55 9747 4 9768 32 9926 55 10003 5 10022 34 10096 1 10182 54 10260 4 10277 34 10352 3 10437 54 10516 5 10533 34 10607 4 10692 55 10772 5 10789 34 10863 4 10948 55 11029 5 11044 34 11119 4 11203 56 11285 6 11300 34 11375 3 11459 56 11541 7 11555 35 11715 55 11797 7 11810 36 11971 55 12053 7 12065 37 12226 54 12309 7 12320 38 12443 3 12482 52 12566 48 12698 5 12738 50 12823 47 12953 7 12994 37 13037 6 13082 44 13199 3 13204 14 13251 31 13338 43 13453 23 13508 29 13594 43 13708 26 13766 23 13849 44 13962 28 14023 20 14105 45 14216 31 14279 19 14360 46 14471 32 14535 18 14616 47 14727 32 14790 17 14873 46 14982 33 15046 16 15131 44 15236 34 15301 16 15391 40 15484 1 15491 35 15557 16 15645 42 15738 5 15747 35 15813 16 15837 1 15898 46 15991 10 16002 36 16069 16 16093 2 16152 48 16243 52 16325 15 16407 49 16498 53 16565 4 16582 13 16663 49 16751 55 16820 5 16838 12 16919 48 17006 56 17076 6 17093 11 17175 48 17261 56 17330 11 17350 10 17369 3 17423 4 17432 47 17516 56 17576 5 17584 15 17606 9 17623 6 17678 6 17688 47 17771 57 17831 25 17862 9 17879 5 17924 3 17934 6 17944 46 18027 56 18086 26 18119 7 18135 5 18178 5 18190 6 18200 45 18282 57 18340 28 18376 6 18390 6 18433 7 18446 5 18455 44 18538 56 18595 28 18632 6 18646 5 18689 6 18703 5 18709 45 18794 85 18888 5 18901 6 18945 5 18963 47 19050 84 19144 5 19157 5 19203 1 19217 48 19305 86 19400 4 19412 4 19472 49 19561 86 19668 4 19727 50 19816 88 19925 1 19982 50 20071 90 20237 50 20327 91 20492 49 20582 93 20688 2 20747 50 20838 94 20943 3 21002 50 21093 96 21198 4 21257 52 21348 96 21454 4 21512 53 21604 96 21710 4 21767 55 21860 95 21967 1 22023 56 22115 94 22278 57 22371 94 22534 57 22626 95 22789 58 22882 94 22987 1 23045 58 23138 93 23243 1 23296 1 23300 59 23393 94 23552 2 23555 59 23648 95 23808 61 23904 95 24064 61 24159 61 24224 30 24320 1 24322 57 24414 61 24481 32 24579 52 24668 57 24737 35 24836 49 24924 56 24994 35 25093 47 25179 56 25250 35 25349 6 25358 37 25435 55 25507 34 25606 3 25615 35 25690 55 25763 22 25786 11 25835 1 25863 2 25871 33 25946 54 26019 34 26127 32 26201 55 26275 34 26349 1 26373 3 26382 23 26408 5 26457 54 26531 34 26628 5 26637 23 26713 54 26786 35 26882 6 26892 24 26970 51 27042 35 27115 3 27136 8 27148 24 27226 49 27298 36 27369 11 27392 8 27403 26 27483 47 27555 35 27624 12 27648 9 27659 26 27740 45 27811 5 27825 29 27877 1 27880 12 27904 37 27996 45 28067 5 28081 29 28134 14 28160 26 28188 8 28252 45 28323 5 28337 24 28364 2 28390 15 28416 35 28510 42 28579 5 28593 25 28645 17 28672 32 28768 33 28804 2 28836 5 28850 24 28899 20 28928 30 29028 28 29093 3 29106 23 29154 21 29184 30 29287 25 29363 22 29400 2 29409 23 29440 30 29543 24 29619 22 29653 6 29664 23 29696 30 29800 22 29875 23 29908 8 29919 19 29940 3 29947 1 29952 30 30055 22 30131 23 30163 10 30174 19 30197 1 30208 6 30215 23 30311 22 30387 23 30419 29 30464 31 30566 10 30577 10 30643 23 30674 30 30720 31 30821 10 30833 9 30899 24 30930 31 30976 31 31076 12 31091 6 31155 25 31185 32 31232 32 31331 13 31411 25 31440 33 31476 4 31488 32 31586 15 31667 25 31696 41 31744 32 31833 6 31841 16 31921 28 31952 41 32000 32 32087 26 32176 29 32208 41 32256 31 32342 28 32432 29 32464 40 32512 32 32598 28 32688 29 32721 39 32768 32 32854 28 32944 29 32977 40 33024 32 33111 26 33201 29 33234 42 33280 31 33367 24 33457 29 33490 43 33536 31 33624 22 33714 4 33720 22 33746 43 33792 30 33880 21 33970 2 33977 21 34002 43 34048 28 34137 20 34226 2 34233 22 34259 42 34304 25 34393 20 34480 4 34490 21 34516 40 34560 25 34650 18 34735 5 34747 20 34772 40 34816 25 34880 5 34908 15 34991 4 35004 20 35029 39 35072 25 35135 7 35151 2 35165 13 35260 20 35285 30 35316 3 35328 25 35390 9 35406 4 35423 10 35516 20 35541 25 35569 1 35584 25 35645 12 35661 7 35684 1 35770 22 35798 24 35825 1 35840 25 35900 14 35917 9 36025 23 36054 24 36080 2 36096 25 36155 17 36173 11 36279 25 36308 25 36337 1 36352 26 36410 31 36534 26 36564 21 36587 1 36608 26 36665 33 36789 27 36820 21 36864 26 36920 34 37045 27 37076 21 37120 25 37176 34 37301 26 37333 20 37376 25 37431 35 37557 25 37589 20 37621 1 37632 24 37687 35 37813 24 37849 15 37877 1 37888 23 37944 4 37953 24 38068 23 38106 13 38133 2 38144 23 38202 1 38212 21 38323 24 38361 12 38389 1 38400 23 38476 13 38579 24 38609 3 38616 11 38647 1 38656 23 38733 12 38835 23 38863 5 38872 11 38912 24 38990 12 39091 23 39119 6 39128 15 39168 24 39247 11 39347 24 39374 8 39384 16 39424 24 39503 11 39603 24 39630 9 39640 9 39650 6 39681 23 39759 11 39859 26 39886 9 39896 9 39906 6 39938 21 40015 10 40115 46 40162 6 40195 19 40270 11 40370 47 40418 6 40452 17 40526 12 40626 46 40674 5 40708 17 40782 12 40881 46 40933 1 40963 18 41038 13 41136 47 41217 20 41294 13 41362 3 41392 39 41432 6 41472 20 41550 13 41617 5 41648 36 41728 19 41807 11 41824 1 41871 7 41903 10 41920 19 41984 18 42063 9 42125 9 42157 12 42180 15 42240 17 42319 8 42368 1 42381 9 42412 13 42436 14 42496 11 42575 7 42636 10 42667 14 42693 13 42752 11 42831 7 42882 1 42892 10 42922 14 42949 12 42971 1 43008 11 43071 3 43086 8 43138 1 43148 10 43177 15 43206 3 43215 1 43223 9 43264 11 43326 5 43342 9 43394 1 43404 10 43432 16 43471 1 43476 11 43520 11 43581 7 43599 9 43660 10 43687 17 43725 17 43776 11 43837 7 43855 10 43868 1 43917 8 43942 18 43981 14 44032 10 44093 7 44111 14 44174 7 44196 20 44237 12 44288 10 44347 8 44368 13 44431 4 44450 22 44493 8 44544 10 44602 8 44625 10 44700 31 44749 6 44800 10 44858 8 44881 9 44956 32 45005 6 45056 10 45114 9 45136 9 45211 34 45261 6 45312 10 45369 10 45392 6 45467 35 45517 5 45539 1 45568 10 45624 11 45648 5 45724 36 45773 5 45795 1 45824 9 45879 11 45904 3 45980 37 46029 5 46051 1 46080 8 46135 11 46236 38 46286 2 46336 8 46390 12 46492 38 46541 3 46555 2 46592 7 46646 13 46710 4 46748 28 46781 5 46797 4 46811 3 46819 3 46848 5 46902 13 46966 5 47004 27 47038 4 47051 6 47067 4 47074 4 47104 4 47157 14 47221 6 47260 26 47295 3 47307 7 47324 10 47360 3 47413 13 47477 6 47515 24 47563 7 47581 3 47586 5 47616 2 47670 11 47733 6 47771 23 47821 5 47842 5 47926 10 47989 6 48027 23 48077 6 48099 4 48123 1 48182 8 48250 1 48276 3 48282 24 48331 8 48357 1 48373 8 48439 5 48531 31 48573 2 48587 8 48598 2 48629 8 48696 2 48786 32 48829 2 48839 6 48846 3 48854 4 48885 8 49041 32 49093 8 49111 3 49142 6 49297 31 49348 9 49398 7 49553 30 49604 9 49634 2 49743 4 49809 29 49860 10 49873 1 49889 5 49994 10 50066 11 50081 12 50116 10 50145 6 50248 12 50324 8 50336 12 50371 5 50381 1 50401 8 50502 14 50581 7 50593 9 50627 5 50657 9 50758 14 50838 5 50849 8 50882 6 50914 3 51014 13 51105 7 51138 6 51170 2 51272 11 51360 8 51394 6 51426 2 51529 9 51615 9 51650 6 51667 1 51682 2 51786 4 51871 9 51896 4 51904 8 51937 3 52034 1 52043 2 52127 8 52150 18 52192 6 52289 2 52383 8 52406 17 52444 2 52448 3 52452 4 52544 3 52640 7 52661 18 52699 3 52704 3 52708 5 52801 2 52896 8 52917 16 52964 5 53057 3 53092 3 53152 10 53173 15 53215 1 53220 5 53312 5 53348 3 53407 12 53429 14 53478 4 53568 6 53575 3 53604 3 53661 15 53684 14 53735 3 53823 12 53860 3 53869 4 53916 10 53927 5 53939 15 53990 5 54074 17 54116 3 54124 5 54171 11 54184 3 54195 15 54245 6 54328 18 54371 4 54379 6 54426 12 54450 16 54500 7 54583 19 54622 1 54627 5 54634 7 54681 13 54706 16 54755 8 54838 20 54877 3 54883 5 54890 6 54937 14 54962 16 55009 9 55093 21 55132 5 55139 5 55146 6 55193 14 55216 17 55264 9 55348 22 55388 6 55395 5 55404 2 55450 18 55470 20 55496 4 55513 14 55604 22 55644 6 55651 5 55706 42 55750 6 55769 14 55860 22 55899 5 55908 3 55962 28 55992 20 56026 12 56116 2 56120 18 56155 5 56165 2 56218 28 56248 21 56283 11 56378 15 56410 5 56474 51 56540 9 56622 3 56640 9 56666 5 56729 52 56796 8 56878 3 56897 8 56921 7 56984 52 57054 6 57132 5 57154 7 57177 8 57239 52 57311 4 57387 5 57411 6 57432 9 57494 41 57544 2 57567 4 57642 4 57688 10 57750 41 57823 4 57897 5 57944 10 58006 33 58042 4 58079 4 58152 5 58200 10 58261 33 58298 4 58334 5 58408 4 58456 10 58517 31 58554 4 58589 5 58665 2 58702 7 58716 5 58773 30 58809 5 58844 5 58912 11 58958 7 59029 30 59065 5 59100 6 59167 12 59213 7 59286 6 59295 20 59320 6 59355 7 59390 2 59422 13 59468 7 59517 1 59542 6 59551 20 59576 5 59611 8 59645 3 59677 14 59718 12 59771 5 59798 5 59808 19 59833 3 59867 9 59901 3 59933 15 59974 12 60027 5 60064 20 60089 3 60123 9 60156 4 60188 17 60218 4 60230 11 60283 6 60321 20 60345 3 60379 9 60412 4 60444 21 60471 9 60490 7 60539 7 60578 25 60637 7 60668 4 60699 37 60746 6 60795 7 60835 23 60893 7 60924 4 60954 39 61002 2 61051 7 61092 22 61149 7 61181 3 61210 39 61307 7 61350 20 61405 7 61437 3 61466 39 61514 1 61565 4 61608 18 61662 6 61693 3 61722 39 61770 2 61864 23 61918 5 61949 3 61978 38 62026 2 62030 1 62120 23 62165 1 62175 2 62204 4 62234 17 62253 18 62281 3 62285 2 62376 22 62421 2 62459 5 62490 17 62510 1 62513 13 62537 5 62632 23 62715 5 62747 16 62771 7 62779 3 62792 5 62868 4 62881 1 62887 24 62971 5 63004 15 63027 7 63035 2 63045 5 63123 5 63137 2 63142 25 63227 5 63262 13 63283 7 63291 1 63300 6 63378 6 63393 32 63484 4 63520 13 63538 8 63547 2 63553 9 63632 8 63649 31 63741 3 63777 13 63794 6 63803 15 63885 12 63906 28 63999 1 64033 23 64059 15 64139 15 64162 27 64290 40 64394 17 64418 26 64450 5 64546 17 64567 20 64650 49 64707 5 64802 16 64823 3 64827 17 64906 49 64963 6 65058 8 65067 7 65080 5 65087 2 65092 8 65163 48 65219 5 65314 7 65323 6 65337 2 65349 8 65421 46 65475 5
732471, 
734470,21 11 117 18 276 13 371 20 530 15 626 20 785 17 881 20 1040 18 1135 22 1296 19 1348 1 1383 30 1552 19 1597 3 1602 5 1638 31 1809 19 1850 13 1894 30 2065 19 2104 16 2124 4 2150 30 2187 5 2323 17 2359 26 2406 43 2581 15 2614 28 2662 43 2837 14 2868 30 2918 44 3093 13 3122 33 3174 45 3349 8 3377 35 3431 45 3605 7 3633 35 3687 46 3890 35 3944 46 4146 35 4200 49 4402 34 4457 54 4658 33 4714 55 4914 31 4972 54 5164 1 5169 32 5229 54 5418 40 5485 55 5673 42 5728 1 5741 56 5929 42 5982 7 5996 58 6156 3 6185 42 6237 9 6251 60 6411 7 6441 42 6492 11 6507 61 6667 9 6698 41 6747 12 6762 62 6923 9 6955 39 7003 13 7018 62 7171 4 7178 10 7211 38 7259 13 7274 62 7427 17 7467 35 7515 12 7529 63 7683 17 7722 35 7771 11 7785 63 7936 20 7978 34 8027 11 8039 65 8192 20 8232 35 8284 9 8295 64 8448 20 8488 34 8540 8 8549 66 8704 20 8743 33 8796 74 8960 20 8998 33 9051 75 9216 20 9253 31 9307 75 9472 20 9497 4 9509 31 9564 74 9728 19 9752 5 9765 30 9820 74 9984 19 10007 6 10021 32 10076 75 10240 19 10262 8 10278 31 10333 80 10496 20 10517 12 10534 28 10588 74 10664 6 10752 24 10779 7 10789 29 10844 74 10920 6 11008 23 11036 38 11085 4 11100 74 11176 6 11264 23 11295 34 11339 7 11356 74 11432 6 11520 23 11550 35 11591 11 11615 72 11688 5 11776 23 11806 35 11845 13 11872 71 11946 2 12032 23 12061 35 12101 13 12129 71 12288 24 12316 35 12357 12 12385 71 12544 62 12613 12 12642 70 12800 61 12871 8 12898 55 12954 15 13056 59 13130 2 13154 55 13210 16 13312 59 13409 56 13466 18 13568 57 13665 56 13722 19 13824 56 13914 1 13920 77 14080 56 14169 3 14174 80 14336 55 14425 3 14429 81 14592 55 14682 85 14848 55 14939 85 15104 55 15194 86 15360 54 15450 67 15521 15 15616 52 15705 67 15780 11 15872 50 15943 8 15961 67 16041 5 16128 49 16198 9 16217 57 16275 9 16384 48 16453 11 16473 57 16531 10 16640 48 16708 12 16728 69 16896 47 16962 16 16983 71 17152 47 17217 21 17239 71 17408 46 17472 95 17664 46 17728 94 17920 46 17984 94 18176 26 18203 19 18240 93 18432 26 18461 17 18496 92 18688 27 18718 16 18752 92 18944 19 18964 7 18976 14 19009 91 19200 29 19232 14 19265 91 19456 45 19522 91 19712 45 19779 91 19968 44 20035 92 20224 42 20291 94 20480 34 20547 96 20736 34 20802 99 20992 34 21058 84 21143 16 21248 36 21314 102 21504 38 21569 104 21760 39 21825 104 22016 40 22080 105 22272 39 22336 105 22528 39 22593 105 22784 38 22848 106 23040 37 23104 106 23296 38 23359 107 23552 38 23607 5 23613 109 23808 39 23861 117 24064 39 24111 122 24320 39 24365 125 24576 40 24619 127 24832 171 25088 172 25344 172 25539 3 25600 172 25793 6 25856 172 26048 8 26112 146 26260 25 26304 8 26368 146 26519 21 26559 9 26624 146 26776 19 26815 9 26880 146 27032 15 27071 10 27136 145 27288 12 27327 10 27392 145 27543 10 27581 12 27648 145 27797 10 27836 14 27904 158 28091 15 28160 126 28289 29 28346 16 28416 104 28521 21 28545 29 28601 17 28672 96 28771 4 28777 53 28856 18 28928 94 29034 54 29111 19 29184 92 29290 44 29337 8 29366 19 29440 92 29548 41 29593 9 29622 19 29696 92 29813 31 29849 10 29878 18 29952 92 30070 30 30105 10 30135 17 30208 91 30327 28 30361 10 30391 17 30464 91 30583 28 30615 12 30648 15 30720 92 30840 27 30870 13 30905 14 30976 90 31096 44 31161 13 31232 90 31352 44 31417 13 31488 91 31608 45 31671 16 31745 4 31752 84 31863 47 31926 19 32009 84 32119 46 32181 21 32266 84 32375 46 32437 22 32522 84 32631 45 32692 23 32779 83 32888 44 32948 24 33034 84 33142 46 33204 25 33282 91 33396 47 33460 26 33538 91 33652 47 33715 27 33793 5 33801 84 33908 47 33971 16 33988 10 34048 93 34163 48 34227 15 34245 8 34304 93 34418 49 34483 14 34503 4 34560 93 34672 51 34739 13 34761 1 34816 93 34928 52 34995 12 35072 92 35184 55 35252 9 35328 92 35440 56 35509 6 35532 3 35584 92 35695 59 35767 3 35787 5 35840 92 35939 5 35950 44 35997 14 36042 6 36096 93 36194 8 36203 47 36252 16 36298 6 36352 94 36450 75 36554 6 36608 94 36705 61 36768 13 36811 5 36864 158 37023 14 37068 5 37120 173 37324 5 37376 172 37553 1 37581 4 37632 171 37808 2 37839 1 37888 167 38063 3 38144 167 38318 4 38400 164 38571 7 38656 164 38825 9 38912 163 39080 10 39168 162 39336 8 39350 8 39424 162 39594 4 39605 11 39680 162 39861 11 39936 162 40115 14 40192 162 40371 14 40448 161 40626 16 40704 160 40882 16 40960 156 41137 17 41216 154 41393 18 41472 154 41649 18 41728 154 41905 18 41984 154 42161 18 42240 154 42417 17 42496 154 42673 17 42752 154 42929 17 43008 93 43105 57 43166 1 43186 16 43264 92 43362 61 43443 15 43520 91 43619 60 43699 18 43776 90 43875 59 43955 19 44032 79 44114 8 44132 57 44210 21 44288 78 44371 6 44389 56 44465 22 44544 76 44628 1 44646 55 44719 24 44800 74 44903 48 44974 23 45056 72 45165 41 45229 24 45312 71 45421 41 45483 26 45568 68 45678 40 45738 27 45824 62 45934 40 45994 27 46080 61 46190 41 46249 28 46336 61 46446 44 46505 27 46592 61 46702 45 46760 28 46848 61 46958 46 47015 29 47104 60 47214 47 47271 29 47360 60 47471 3 47475 43 47526 31 47616 59 47733 41 47781 35 47873 57 47990 41 48037 35 48130 53 48247 40 48294 36 48387 51 48505 39 48550 37 48646 47 48730 4 48762 38 48805 39 48903 46 48985 6 49020 36 49061 40 49160 46 49207 5 49226 5 49239 11 49277 4 49284 28 49316 39 49416 54 49480 9 49494 13 49542 26 49571 39 49673 59 49735 10 49748 16 49798 26 49826 36 49929 73 50003 18 50054 24 50083 33 50184 93 50310 23 50340 32 50439 26 50467 66 50566 22 50596 32 50694 24 50723 65 50822 22 50852 31 50950 24 50979 47 51027 17 51079 20 51109 29 51207 93 51335 19 51366 27 51463 94 51592 17 51624 24 51720 93 51855 9 51882 21 51977 93 52115 4 52140 18 52234 5 52240 86 52398 16 52491 3 52497 86 52656 14 52747 3 52755 85 52913 12 53004 3 53011 87 53169 11 53248 1 53260 3 53268 88 53413 3 53423 11 53504 1 53517 2 53525 89 53668 6 53678 10 53781 89 53922 20 54038 87 54176 21 54293 87 54432 21 54549 86 54687 21 54805 86 54943 20 55040 2 55061 86 55199 6 55296 2 55316 87 55552 3 55571 88 55808 2 55826 90 56081 91 56177 4 56337 100 56594 99 56849 4 56856 94 57091 5 57101 6 57113 94 57346 6 57356 6 57369 95 57602 7 57611 7 57625 95 57858 16 57880 96 58115 15 58135 97 58372 117 58629 116 58885 116 59141 116 59397 91 59489 24 59653 90 59749 21 59909 90 60006 25 60165 90 60263 26 60421 83 60507 5 60518 28 60677 83 60764 6 60773 30 60932 84 61019 9 61029 31 61188 86 61275 9 61285 31 61385 2 61443 97 61541 31 61640 4 61699 129 61896 5 61954 130 62151 7 62208 98 62307 32 62395 3 62403 11 62464 129 62650 5 62657 13 62720 128 62905 21 62976 121 63099 3 63161 21 63232 120 63417 20 63488 120 63673 20 63744 35 63781 7 63789 75 63929 20 64000 35 64037 83 64182 24 64256 35 64293 82 64436 28 64512 118 64691 29 64768 24 64793 92 64946 30 65024 117 65202 30 65280 25 65309 20 65330 66 65457 31
737692,0 65536
747518,0 65536
748680,0 65536
769836,0 109 256 109 512 109 768 109 1024 109 1280 110 1536 110 1792 111 2048 111 2304 111 2560 112 2816 112 3072 112 3328 113 3584 113 3840 114 4096 114 4352 114 4608 115 4864 115 5120 115 5376 116 5632 116 5888 116 6144 117 6400 117 6656 117 6912 118 7168 118 7424 118 7680 119 7936 119 8192 119 8448 119 8704 120 8960 120 9216 121 9472 121 9728 121 9984 121 10240 122 10496 122 10752 123 11008 123 11264 123 11520 123 11776 123 12032 124 12288 125 12544 125 12800 125 13056 126 13312 126 13568 126 13824 127 14080 127 14336 127 14592 127 14848 128 15104 128 15360 129 15616 129 15872 129 16128 130 16384 130 16640 130 16896 131 17152 131 17408 131 17664 132 17920 132 18176 133 18432 133 18688 133 18944 134 19200 134 19456 134 19712 135 19968 135 20224 135 20480 135 20736 136 20992 136 21248 137 21504 137 21760 137 22016 138 22272 138 22528 138 22784 139 23040 139 23296 140 23552 140 23808 140 24064 141 24320 141 24576 141 24832 142 25088 142 25344 142 25600 143 25856 143 26112 143 26368 144 26624 144 26880 144 27136 145 27392 145 27648 145 27904 146 28160 146 28416 146 28672 147 28928 147 29184 148 29440 148 29696 148 29952 148 30208 149 30464 149 30720 150 30976 150 31232 150 31488 151 31744 151 32000 151 32256 152 32512 152 32768 152 33024 152 33280 153 33536 153 33792 154 34048 154 34304 154 34560 154 34816 155 35072 155 35328 156 35584 156 35840 156 36096 156 36352 157 36608 157 36864 158 37120 158 37376 158 37632 158 37888 159 38144 159 38400 160 38656 160 38912 160 39168 161 39424 161 39680 161 39936 162 40192 162 40448 162 40704 163 40960 163 41216 164 41472 164 41728 164 41984 164 42240 165 42496 165 42752 166 43008 166 43264 166 43520 167 43776 167 44032 168 44288 168 44544 168 44800 168 45056 169 45312 169 45568 169 45824 170 46080 170 46336 170 46592 170 46848 171 47104 171 47360 172 47616 172 47872 172 48128 173 48384 173 48640 174 48896 174 49152 174 49408 175 49664 175 49920 175 50176 176 50432 176 50688 176 50944 177 51200 177 51456 177 51712 178 51968 178 52224 178 52480 179 52736 179 52992 179 53248 180 53504 180 53760 180 54016 181 54272 181 54528 182 54784 182 55040 182 55296 182 55552 183 55808 183 56064 183 56320 184 56576 184 56832 184 57088 185 57344 185 57600 186 57856 186 58112 186 58368 186 58624 186 58880 187 59136 187 59392 188 59648 188 59904 188 60160 189 60416 189 60672 189 60928 190 61184 190 61440 190 61696 191 61952 191 62208 192 62464 192 62720 192 62976 192 63232 192 63488 193 63744 193 64000 193 64256 193 64512 194 64768 194 65024 194 65280 195
772465,0 65536
777433,166 4 421 5 678 3 2473 3 2728 4 2984 5 3239 6 3493 8 3748 10 4004 11 4260 13 4486 4 4516 15 4739 8 4772 16 4994 10 5027 17 5250 10 5283 17 5505 12 5539 17 5761 14 5794 18 6017 16 6050 17 6274 17 6306 17 6530 18 6561 17 6786 18 6817 17 7042 18 7073 18 7298 17 7329 20 7555 16 7586 20 7812 14 7843 19 8069 13 8100 18 8326 12 8357 17 8583 10 8613 16 8840 8 8870 15 9098 3 9126 15 9383 13 9639 13 9895 12 10141 4 10151 11 10397 5 10408 9 10653 5 10665 7 10910 4 10922 6 11167 3 11178 5 11423 3 11434 4 11678 4 11934 4 12189 5 12443 8 12698 10 12954 10 13210 11 13466 12 13722 11 13956 1 13979 10 14212 1 14235 11 14492 10 14748 9 15004 9 15053 7 15252 15 15308 9 15507 15 15563 11 15752 1 15764 13 15819 11 16007 6 16020 12 16075 12 16263 5 16278 8 16331 12 16520 4 16535 6 16587 12 16790 7 16843 12 17044 8 17099 12 17298 7 17355 11 17553 7 17611 11 17808 8 17868 7 18064 8 18125 4 18320 8 18576 8 18834 4 19808 3 20063 5 20316 9 20572 9 20616 1 20827 10 20870 5 21083 10 21125 7 21340 9 21380 11 21596 9 21633 15 21853 9 21887 17 22109 9 22141 19 22365 9 22397 19 22621 9 22652 20 22877 9 22908 20 23134 7 23164 20 23390 7 23420 20 23647 6 23676 20 23904 5 23932 20 24160 5 24187 20 24418 1 24428 3 24443 20 24682 12 24698 20 24934 2 24937 14 24954 20 25188 20 25211 18 25444 20 25467 17 25699 22 25725 8 25955 22 26211 22 26467 21 26724 20 26766 2 26980 19 27020 5 27235 19 27273 9 27491 19 27527 11 27747 18 27781 14 28004 16 28036 16 28261 14 28292 17 28519 11 28548 17 28777 8 28804 18 29035 5 29059 19 29312 21 29567 22 29822 22 30078 22 30335 21 30591 21 30847 21 31103 22 31358 23 31614 23 31870 23 32126 22 32381 23 32637 21 32772 6 32892 20 33027 8 33148 17 33282 9 33403 16 33538 9 33660 14 33794 9 33916 13 34051 7 34173 12 34430 11 34688 8 34946 5 51556 3 51810 7 51829 4 52065 8 52084 7 52320 9 52339 12 52576 9 52595 12 52832 8 52851 13 53089 6 53107 13 53346 5 53364 12 53590 1 53603 3 53620 11 53845 6 53875 11 54100 8 54131 9 54355 10 54387 8 54611 11 54643 7 54867 11 54899 7 55124 10 55155 7 55381 9 55411 7 55638 8 55667 7 55895 7 55923 7 56152 5 56180 5 56410 1 57872 3 57943 2 58127 4 58198 4 58383 6 58454 3 58639 8 58712 1 58893 2 58896 9 59147 4 59153 9 59178 8 59403 3 59409 9 59433 11 59659 2 59664 11 59689 13 59919 12 59945 13 60175 12 60200 15 60429 13 60455 16 60685 13 60711 16 60940 17 60966 17 61195 19 61222 18 61450 20 61479 17 61706 21 61736 17 61965 17 61996 13 62221 17 62253 13 62478 1 62480 14 62509 14 62737 13 62765 9 62775 4 62994 12 63022 11 63254 9 63280 8 63512 6 63538 6 63769 4 63794 5 64050 5 64307 4 64564 1
778684,902 7 1157 9 1412 11 1667 14 1923 17 2179 19 2434 21 2690 23 2946 23 3202 24 3459 23 3716 13 3733 5 3975 10 3990 4 4233 8 4246 3 4490 8 4502 1 4747 11 5008 5 5265 4 5522 4 5778 4 6034 4 6291 3 6454 4 6547 3 6562 4 6704 13 6803 3 6815 9 6957 18 7057 5 7070 11 7210 26 7313 5 7324 14 7465 28 7569 6 7578 18 7720 29 7825 6 7834 19 7976 31 8082 6 8091 19 8232 32 8338 6 8348 19 8488 33 8594 7 8605 18 8745 33 8850 7 8864 15 9001 33 9107 6 9123 11 9258 32 9364 5 9384 6 9516 5 9524 22 9622 3 9781 21 10038 20 10294 20 10551 18 10808 16 18208 2 18463 5 18718 7 18973 8 19229 8 19485 8 19742 6 19969 6 19990 1 19998 5 20224 9 20244 5 20256 1 20397 3 20480 11 20499 7 20549 4 20652 5 20736 12 20755 7 20803 7 20906 8 20992 13 21011 8 21051 17 21161 9 21248 14 21267 7 21306 19 21416 11 21504 15 21523 6 21560 21 21672 11 21760 24 21816 22 21927 15 22023 15 22071 23 22183 17 22279 15 22328 22 22440 16 22535 15 22585 21 22696 17 22790 15 22843 18 22952 17 23045 16 23100 16 23209 16 23300 17 23358 13 23465 15 23556 17 23617 7 23723 12 23811 17 23864 4 23876 6 23981 8 24067 17 24117 8 24134 4 24323 17 24373 8 24389 6 24579 17 24629 8 24644 7 24835 16 24884 8 24900 7 25088 19 25132 16 25158 1 25161 4 25344 18 25388 15 25419 2 25600 17 25644 15 25676 3 25857 14 25901 5 25907 6 26113 10 26158 4 26370 8 26415 4 26534 5 26627 4 26667 3 26671 5 26684 1 26788 8 26908 6 26923 2 26958 1 27044 9 27163 9 27179 2 27212 4 27224 1 27299 11 27418 10 27467 4 27555 10 27673 12 27722 5 27811 10 27929 12 27979 3 28186 10 28442 10 28698 10 28711 2 28736 3 28760 2 28953 11 28968 1 28990 4 29016 3 29209 11 29225 2 29244 5 29465 11 29481 2 29499 6 29721 11 29737 2 29754 7 29976 12 29992 3 30010 4 30016 1 30232 12 30247 3 30274 1 30487 13 30501 6 30522 1 30529 2 30743 13 30757 6 30777 2 30785 3 30999 13 31013 6 31032 4 31042 1 31254 21 31288 4 31300 1 31510 22 31544 4 31767 21 31800 3 31831 3 32023 21 32056 2 32086 4 32279 20 32312 3 32341 5 32537 18 32568 4 32578 1 32582 1 32597 4 32795 16 32825 3 32833 6 32856 1 33054 13 33089 4 33112 1 33312 11 33344 5 33365 4 33569 3 33573 5 33600 5 33621 4 33828 6 33855 6 33877 5 34086 3 34112 5 34134 3 34352 2 34368 5 34390 1 34591 2 34595 2 34608 3 34625 2 34846 7 34864 4 35103 7 35120 4 35359 8 35369 2 35376 5 35416 5 35579 2 35582 2 35616 2 35624 14 35648 1 35658 1 35671 6 35829 1 35835 5 35880 15 35900 5 35914 1 35925 9 36084 4 36090 6 36138 14 36155 5 36180 10 36340 12 36395 20 36435 10 36596 12 36655 15 36678 2 36689 12 36852 12 36912 14 36933 4 36944 13 37110 9 37171 10 37189 4 37200 14 37252 1 37367 8 37429 8 37445 4 37456 15 37507 4 37624 6 37686 7 37701 5 37711 17 37763 4 37881 4 37957 6 37967 17 38020 4 38214 4 38223 17 38277 4 38472 2 38477 19 38533 4 38733 19 38789 5 38835 2 38990 18 39044 7 39091 2 39245 11 39258 6 39300 7 39501 10 39516 3 39556 8 39756 11 39812 8 39862 1 40012 12 40070 6 40078 8 40117 3 40268 12 40325 7 40334 8 40373 4 40524 12 40579 10 40593 4 40629 4 40781 12 40834 11 40852 1 40885 4 41038 11 41090 11 41142 1 41294 11 41346 10 41358 1 41549 11 41601 11 41613 3 41645 2 41804 11 41857 15 41880 2 41899 5 42060 10 42112 16 42135 3 42148 1 42154 6 42316 10 42368 16 42390 5 42396 2 42402 5 42408 9 42572 11 42623 7 42634 7 42645 28 42829 9 42880 5 42890 8 42900 31 43087 6 43136 5 43146 8 43156 11 43169 20 43269 4 43393 4 43402 21 43424 22 43524 6 43650 4 43657 44 43779 8 43906 4 43913 44 44035 8 44161 6 44169 44 44289 11 44417 51 44544 13 44675 1 44679 45 44800 13 44934 46 45056 13 45189 45 45312 13 45445 41 45499 5 45568 14 45701 39 45753 9 45824 14 45958 38 46009 9 46080 14 46215 37 46265 10 46336 15 46473 34 46520 11 46592 15 46730 33 46776 11 46848 15 46987 31 47031 13 47104 15 47246 27 47285 14 47360 14 47505 24 47540 15 47584 7 47616 14 47763 22 47795 15 47836 12 47873 12 48020 20 48050 16 48089 16 48130 10 48277 19 48305 3 48312 8 48342 19 48388 7 48533 19 48561 3 48568 8 48597 21 48790 18 48816 4 48825 7 48852 22 49046 18 49072 5 49081 7 49107 23 49302 18 49327 7 49337 7 49363 23 49559 17 49582 18 49619 24 49649 1 49816 15 49836 19 49875 31 50073 6 50092 19 50130 32 50181 3 50332 1 50347 21 50384 34 50436 5 50602 22 50639 36 50692 6 50858 23 50895 36 50948 7 51114 23 51150 24 51179 9 51204 8 51370 23 51406 22 51438 6 51460 9 51627 22 51663 20 51695 5 51716 11 51885 19 51919 19 51952 4 51973 12 52143 17 52176 18 52229 15 52404 12 52432 19 52485 16 52660 11 52688 20 52741 17 52917 8 52944 21 52997 18 53174 6 53200 22 53253 18 53455 23 53510 17 53711 23 53767 16 53967 23 54024 15 54223 22 54283 11 54478 22 54541 8 54734 21 54800 2 54829 11 54973 11 54990 20 55063 2 55084 13 55186 5 55228 14 55246 7 55255 10 55319 5 55339 15 55439 9 55484 14 55502 6 55512 7 55575 6 55594 17 55693 13 55739 16 55758 6 55769 5 55831 15 55849 19 55948 16 55995 16 56015 5 56027 1 56087 37 56203 17 56251 16 56272 3 56343 38 56386 2 56459 18 56506 16 56599 39 56639 7 56714 20 56762 15 56855 48 56970 20 57003 8 57018 13 57112 51 57227 22 57257 12 57274 12 57368 53 57483 24 57510 16 57530 11 57624 53 57739 44 57787 10 57880 54 57996 44 58045 7 58136 54 58253 43 58304 4 58392 56 58513 39 58648 57 58771 37 58860 6 58905 56 59027 37 59116 8 59161 17 59181 37 59283 36 59372 9 59418 5 59427 47 59539 36 59629 10 59684 46 59796 35 59885 11 59899 1 59940 46 60052 34 60141 17 60196 46 60247 2 60308 33 60396 20 60452 46 60501 4 60562 34 60652 20 60708 46 60755 8 60817 33 60883 4 60906 22 60964 56 61072 34 61137 8 61162 22 61219 26 61251 26 61327 35 61392 10 61418 22 61475 26 61506 29 61583 38 61647 12 61674 22 61731 26 61761 32 61840 39 61902 13 61930 22 61981 32 62017 32 62096 40 62157 14 62186 22 62237 32 62272 32 62352 40 62412 15 62439 24 62492 32 62529 31 62609 39 62668 16 62693 27 62748 32 62785 30 62865 38 62924 18 62949 27 63004 31 63042 29 63121 27 63150 8 63180 18 63205 27 63259 32 63298 30 63377 27 63407 5 63436 18 63461 27 63515 31 63554 30 63588 3 63634 26 63680 2 63692 17 63718 25 63771 31 63810 39 63891 25 63934 5 63948 17 63975 22 64028 31 64065 41 64110 1 64147 25 64188 7 64204 16 64231 23 64284 31 64321 47 64403 25 64442 10 64461 15 64487 23 64541 31 64573 53 64659 25 64698 10 64717 14 64742 24 64798 74 64873 10 64915 25 64954 9 64973 13 64997 24 65054 73 65129 10 65171 25 65211 7 65229 12 65251 25 65311 72 65386 10 65426 25 65486 10 65506 24
787614,0 65536
797883,135 83 232 8 244 12 391 83 489 8 500 12 647 83 746 22 904 86 1002 22 1161 89 1258 22 1417 91 1512 24 1674 91 1768 24 1931 117 2187 117 2444 116 2700 115 2958 113 3215 111 3472 112 3730 110 3988 4 4001 95 4258 94 4515 74 4590 18 4772 71 4847 17 5033 66 5104 16 5290 65 5360 16 5547 6 5555 56 5617 15 5804 3 5812 55 5873 15 6068 54 6129 15 6324 8 6336 42 6385 15 6580 4 6594 40 6640 16 6836 3 6850 40 6896 16 7107 38 7151 17 7365 36 7407 17 7621 36 7662 18 7878 34 7918 18 8135 32 8175 17 8392 30 8431 17 8648 28 8688 16 8906 9 8918 13 8944 16 9175 7 9201 15 9432 4 9457 15 9688 4 9713 15 9944 4 9969 15 10200 4 10225 15 10456 4 10481 12 10713 2 10737 10 10992 9 11248 8 11504 7 11759 8 12015 7 12271 6 12527 6 12783 5 13040 3 20751 4 21005 12 21261 14 21510 23 21765 25 22009 1 22021 26 22262 7 22277 26 22517 9 22533 26 22772 11 22790 24 23028 12 23046 17 23284 12 23303 7 23313 4 23540 12 23560 5 23796 12 24052 12 24308 12 24564 12 24819 13 25076 11 25332 9 25588 8 25844 8 26101 5 40212 3 40466 11 40720 16 40974 18 41230 18 41485 19 41741 18 41997 17 42254 15 42510 13 42766 11 43022 11 43278 10 43534 9 43792 7
798199,0 76 77 65459
798724,57601 1 65190 2 65426 2 65445 4 65528 3
799155,0 10 21 1 44 6 58 18 80 24 150 2 168 5 180 8 190 14 212 5 218 2 222 15 248 18 300 5 316 16 337 23 425 1 435 6 445 16 469 8 482 12 504 18 555 6 572 16 593 23 668 1 686 2 690 7 701 1 703 15 725 26 761 18 810 8 828 43 921 3 942 14 958 17 981 26 1019 16 1062 12 1084 44 1177 3 1198 14 1215 16 1238 25 1277 13 1318 11 1336 1 1341 43 1433 4 1456 10 1472 16 1495 1 1498 5 1504 15 1533 13 1569 3 1573 11 1591 3 1598 42 1690 3 1712 8 1728 16 1755 3 1762 13 1791 11 1824 13 1846 6 1854 19 1875 21 1947 2 1969 6 1983 19 2011 3 2018 11 2048 9 2079 12 2102 6 2109 19 2133 19 2237 21 2274 9 2304 1 2308 6 2336 5 2346 3 2359 5 2365 18 2391 16 2490 24 2531 2 2565 6 2592 5 2602 6 2616 3 2621 18 2649 11 2744 26 2823 4 2847 7 2857 8 2878 17 2905 11 2998 28 3080 4 3103 20 3134 16 3161 10 3228 1 3253 31 3360 8 3369 10 3390 13 3417 9 3483 3 3509 31 3616 1 3619 5 3626 9 3646 12 3672 9 3737 5 3765 31 3876 2 3880 11 3900 13 3926 10 3991 7 4021 22 4136 13 4155 14 4177 11 4246 9 4277 22 4352 4 4376 3 4391 34 4428 13 4502 9 4533 6 4540 19 4608 5 4632 4 4647 33 4683 13 4758 10 4789 5 4796 19 4837 1 4864 6 4888 4 4903 33 4939 13 5014 11 5046 4 5052 20 5093 1 5121 5 5144 4 5158 30 5197 10 5270 12 5302 25 5349 2 5377 6 5399 4 5414 25 5442 1 5454 4 5462 1 5514 1 5526 13 5559 21 5604 3 5634 5 5655 9 5669 23 5769 3 5783 12 5817 19 5860 3 5892 3 5911 10 5924 19 6025 3 6037 14 6074 17 6108 4 6114 6 6151 1 6166 31 6260 1 6280 3 6295 12 6331 15 6364 12 6407 2 6422 23 6447 5 6526 2 6536 3 6554 11 6579 3 6586 8 6619 14 6664 2 6677 23 6704 4 6783 1 6792 3 6811 11 6833 5 6842 8 6857 1 6860 2 6875 15 6920 5 6933 22 6966 1 7027 3 7048 3 7066 8 7087 23 7113 5 7132 14 7176 7 7189 21 7220 3 7284 2 7304 3 7323 7 7343 23 7368 6 7392 10 7432 19 7455 11 7473 6 7579 7 7598 23 7625 5 7649 10 7688 18 7712 8 7728 7 7760 1 7784 3 7836 5 7853 24 7880 6 7905 10 7943 18 7970 4 7983 7 8016 1 8040 2 8093 4 8109 33 8160 11 8199 17 8234 12 8268 1 8296 2 8326 1 8364 35 8416 14 8488 15 8524 1 8551 3 8574 2 8577 8 8620 34 8668 20 8736 1 8743 18 8767 5 8780 1 8806 5 8826 19 8876 34 8922 24 8991 3 8999 18 9020 9 9035 2 9051 5 9062 5 9081 20 9111 1 9133 33 9177 26 9247 4 9255 18 9276 10 9291 2 9307 6 9318 6 9336 22 9365 6 9389 32 9432 28 9503 3 9510 20 9532 10 9558 4 9563 6 9575 6 9591 26 9621 7 9645 35 9688 28 9760 1 9766 31 9805 3 9811 14 9831 7 9845 38 9901 36 9944 30 10024 29 10061 20 10086 8 10099 39 10156 36 10200 12 10218 12 10281 28 10314 23 10341 49 10410 38 10456 7 10474 12 10537 21 10559 6 10569 24 10598 49 10665 39 10711 4 10718 2 10740 2 10793 20 10815 5 10825 23 10849 2 10856 47 10915 40 10957 4 10966 4 10974 2 10983 1 11007 1 11049 7 11059 11 11071 5 11081 16 11103 3 11111 47 11170 40 11214 3 11222 4 11229 4 11274 6 11305 7 11316 16 11336 16 11360 2 11367 47 11425 41 11470 3 11478 5 11484 5 11528 9 11561 6 11573 14 11593 15 11616 4 11621 50 11681 40 11734 11 11784 10 11816 6 11829 14 11849 15 11873 55 11937 38 11988 5 11994 6 12040 11 12073 3 12086 13 12106 15 12128 56 12192 40 12244 6 12252 4 12296 11 12343 12 12363 15 12384 56 12447 32 12480 8 12499 7 12554 10 12600 11 12620 14 12639 58 12703 41 12754 8 12812 11 12857 10 12877 13 12894 20 12915 38 12960 20 12983 17 13009 8 13074 7 13113 9 13133 13 13150 19 13171 38 13216 20 13243 13 13261 1 13265 7 13331 6 13369 7 13390 12 13405 15 13421 4 13428 36 13472 20 13502 16 13520 6 13587 7 13625 7 13646 12 13662 19 13684 14 13701 17 13730 18 13758 16 13776 5 13843 7 13880 7 13892 1 13902 13 13918 18 13940 13 13958 15 13988 17 14015 15 14032 3 14100 6 14136 7 14148 1 14159 12 14174 19 14196 12 14214 13 14243 18 14271 12 14284 8 14300 2 14356 6 14392 7 14404 1 14420 8 14431 15 14447 3 14452 12 14470 12 14499 19 14526 12 14540 8 14556 2 14613 5 14649 7 14668 2 14676 8 14687 14 14704 2 14707 13 14726 12 14755 19 14782 11 14796 8 14870 3 14906 9 14918 1 14922 4 14933 7 14945 11 14960 16 14982 12 15011 19 15038 8 15051 7 15162 20 15190 6 15202 10 15215 17 15235 15 15266 19 15294 7 15308 4 15418 20 15446 6 15454 1 15459 29 15491 5 15499 13 15520 21 15550 7 15673 21 15701 10 15716 22 15758 12 15775 15 15792 2 15806 6 15928 22 15957 11 15973 19 16015 31 16063 5 16183 11 16199 7 16213 12 16229 18 16272 29 16319 5 16438 10 16457 4 16470 4 16475 7 16485 18 16528 28 16576 5 16694 10 16732 6 16741 18 16786 31 16834 3 16950 11 16988 27 17050 24 17091 2 17160 2 17207 10 17245 27 17310 20 17415 5 17463 11 17502 26 17530 2 17568 2 17573 14 17655 1 17669 9 17719 12 17758 31 17826 2 17829 15 17922 13 17943 6 17975 12 18015 22 18039 7 18082 2 18086 14 18177 29 18220 4 18231 12 18275 15 18295 7 18311 3 18344 12 18419 1 18423 1 18432 31 18473 8 18487 12 18532 14 18552 7 18565 6 18602 11 18672 5 18678 3 18688 31 18727 11 18744 11 18788 13 18808 6 18820 8 18849 4 18862 7 18899 3 18927 10 18944 31 18982 12 19001 9 19045 11 19064 6 19074 10 19104 5 19120 5 19155 5 19183 10 19197 1 19200 30 19238 12 19257 9 19277 4 19302 9 19321 4 19330 10 19361 3 19412 3 19439 10 19456 29 19494 13 19514 8 19531 7 19558 7 19585 12 19618 2 19668 3 19681 3 19695 10 19712 29 19750 13 19771 7 19786 9 19814 8 19841 12 19939 1 19952 8 19968 28 20006 14 20029 4 20040 13 20070 9 20096 13 20209 4 20214 2 20221 1 20224 28 20263 13 20286 1 20295 14 20325 11 20350 14 20385 1 20465 4 20477 2 20480 27 20520 12 20547 19 20579 13 20600 19 20640 3 20644 1 20709 1 20731 31 20777 11 20803 19 20826 23 20856 19 20896 3 20961 1 20965 1 20987 28 21036 7 21059 46 21112 19 21151 3 21175 1 21216 3 21242 27 21279 2 21293 6 21316 45 21368 19 21407 3 21473 1 21498 26 21533 6 21549 5 21573 44 21624 19 21663 2 21707 3 21717 1 21755 24 21786 1 21789 7 21806 3 21831 42 21879 7 21889 10 21919 3 21961 4 21973 1 22012 3 22016 6 22024 10 22041 12 22088 41 22134 6 22145 10 22175 7 22217 4 22272 6 22281 8 22296 14 22344 40 22390 6 22402 8 22431 6 22528 6 22537 7 22552 14 22601 38 22646 6 22660 5 22688 4 22784 6 22794 6 22817 5 22858 37 22903 4 22945 3 22993 1 23040 5 23051 4 23075 4 23115 35 23152 2 23160 2 23202 1 23249 2 23296 5 23331 4 23371 41 23416 1 23552 3 23588 3 23628 41 23706 1 23808 4 23844 3 23883 43 23962 1 24064 4 24102 1 24139 50 24317 7 24395 51 24571 10 24623 5 24640 6 24649 54 24827 5 24834 3 24863 2 24879 5 24894 65 25083 5 25091 3 25118 7 25134 6 25149 68 25232 2 25340 4 25347 4 25374 9 25390 7 25405 70 25487 5 25597 3 25604 5 25630 10 25646 7 25659 73 25742 6 25853 2 25860 5 25887 10 25903 7 25915 74 25998 5 26063 1 26111 1 26116 5 26144 10 26159 7 26169 76 26253 4 26306 2 26319 1 26367 1 26372 8 26402 10 26415 9 26425 47 26473 28 26509 4 26623 1 26627 13 26658 69 26733 25 26766 2 26879 1 26883 14 26914 69 26990 24 27022 2 27139 14 27171 52 27229 10 27247 23 27278 2 27333 5 27394 16 27426 54 27486 40 27588 7 27649 18 27682 56 27745 38 27841 11 27905 17 27938 59 28001 39 28042 1 28096 11 28162 4 28168 10 28194 60 28257 17 28275 24 28352 4 28358 4 28419 2 28425 9 28451 59 28511 19 28531 25 28605 6 28675 2 28682 7 28707 105 28860 6 28938 7 28963 104 29117 6 29193 8 29220 47 29269 53 29376 3 29397 2 29449 7 29477 102 29633 1 29652 4 29697 1 29704 7 29733 103 29876 3 29907 5 29952 3 29960 6 29990 82 30074 20 30130 8 30163 4 30208 4 30215 7 30244 1 30247 41 30289 39 30331 21 30385 11 30419 4 30464 4 30469 9 30504 104 30640 12 30675 3 30720 13 30761 104 30896 13 30931 2 30976 13 31018 103 31152 13 31187 2 31235 9 31275 59 31335 42 31409 12 31442 3 31492 5 31535 55 31591 13 31605 28 31666 10 31699 1 31795 8 31805 41 31847 9 31863 26 31922 10 32060 49 32119 26 32180 4 32316 40 32357 6 32376 24 32572 39 32613 6 32632 23 32828 38 32869 6 32888 22 32995 1 32998 4 33085 36 33125 6 33144 21 33250 10 33342 2 33345 32 33381 7 33402 16 33484 1 33505 12 33601 33 33640 3 33659 15 33761 12 33782 3 33846 5 33858 32 33916 14 34005 4 34016 15 34036 5 34079 2 34100 10 34115 31 34172 14 34260 6 34270 17 34290 8 34333 6 34356 12 34372 17 34391 12 34428 15 34516 6 34524 20 34546 8 34589 9 34612 12 34628 15 34648 10 34683 17 34773 14 34788 5 34794 4 34803 9 34844 7 34867 13 34885 14 34905 9 34939 18 34996 3 35031 10 35044 5 35050 3 35059 10 35124 12 35141 14 35162 5 35195 19 35252 2 35287 9 35300 5 35315 11 35380 6 35391 2 35397 16 35431 3 35450 21 35544 8 35556 5 35571 12 35625 6 35636 6 35646 5 35654 16 35686 5 35706 22 35801 4 35810 8 35827 5 35834 5 35882 15 35901 6 35910 17 35941 8 35963 23 36029 1 36057 2 36066 8 36091 3 36138 15 36157 6 36167 18 36197 7 36205 7 36220 24 36284 2 36313 1 36322 8 36386 7 36395 5 36401 6 36414 5 36424 5 36433 9 36452 8 36461 7 36477 24 36540 2 36569 1 36572 2 36577 9 36595 6 36642 8 36658 4 36671 4 36681 3 36689 10 36709 5 36718 6 36733 24 36796 2 36825 6 36832 3 36837 5 36850 8 36898 8 36946 10 36967 2 36975 5 36989 25 37052 2 37081 9 37095 1 37106 9 37155 7 37202 10 37232 4 37245 25 37324 3 37336 9 37361 10 37411 7 37458 9 37492 1 37501 24 37575 10 37591 9 37617 12 37650 4 37667 6 37715 8 37757 23 37830 14 37846 8 37871 2 37874 12 37906 6 37923 5 37972 3 37992 1 38010 1 38014 21 38085 24 38115 13 38132 10 38152 2 38162 6 38247 5 38254 1 38272 12 38339 25 38371 11 38390 9 38407 3 38417 9 38503 8 38531 8 38595 25 38628 9 38647 1 38650 6 38663 3 38673 6 38760 7 38790 3 38851 29 38883 8 38907 5 38919 3 38929 5 38987 2 39017 7 39107 30 39138 8 39165 2 39168 2 39176 2 39186 3 39244 1 39274 5 39362 9 39374 27 39424 4 39532 1 39540 1 39619 7 39629 17 39648 9 39680 6 39795 3 39875 7 39885 28 39936 7 39968 4 40052 1 40082 3 40131 1 40135 3 40141 27 40192 7 40223 8 40308 1 40334 8 40392 2 40397 14 40412 12 40448 7 40481 7 40589 10 40654 13 40668 11 40704 8 40732 3 40737 10 40843 13 40915 8 40924 9 40960 8 40988 16 41064 2 41097 15 41173 16 41216 8 41243 18 41320 3 41352 17 41430 14 41472 8 41500 4 41510 8 41575 5 41604 21 41669 4 41681 4 41686 13 41728 8 41756 3 41766 9 41831 5 41859 22 41925 5 41936 5 41946 8 41984 8 42014 1 42022 9 42088 5 42113 9 42125 13 42182 2 42191 6 42202 7 42240 7 42278 10 42344 3 42368 9 42382 12 42416 1 42439 1 42443 10 42459 6 42496 7 42534 11 42624 8 42639 11 42669 5 42698 12 42715 7 42752 7 42790 13 42880 7 42896 10 42923 8 42932 2 42954 12 42972 6 43008 7 43046 14 43136 6 43153 9 43177 16 43210 12 43229 3 43261 1 43264 7 43302 14 43393 4 43410 7 43433 18 43467 10 43516 10 43559 13 43650 3 43666 7 43690 11 43702 4 43724 9 43747 1 43768 14 43815 13 43922 7 43948 7 43959 4 43982 3 43986 3 44003 1 44024 14 44072 12 44179 5 44206 5 44216 3 44226 2 44241 4 44259 3 44280 14 44329 10 44414 1 44430 1 44436 4 44496 6 44515 3 44537 13 44584 10 44670 4 44752 7 44772 2 44794 11 44841 8 44925 5 44940 1 44951 12 44997 1 45008 8 45053 1 45056 4 45067 3 45097 7 45181 6 45196 2 45206 14 45253 3 45264 10 45322 5 45354 5 45388 1 45437 6 45452 1 45461 16 45485 3 45521 9 45577 7 45610 5 45694 6 45717 17 45738 7 45780 7 45833 7 45951 5 45973 28 46036 7 46089 6 46208 4 46230 5 46237 20 46293 6 46345 6 46467 2 46496 6 46506 6 46549 5 46600 5 46627 2 46724 1 46763 4 46843 4 46856 4 46882 3 46980 5 47098 6 47112 4 47237 5 47353 7 47368 4 47493 6 47609 7 47625 3 47702 1 47749 7 47864 8 47882 2 47956 4 48005 7 48115 13 48138 3 48199 4 48212 5 48250 4 48261 8 48369 15 48394 3 48453 8 48466 2 48469 5 48505 6 48516 10 48572 6 48625 15 48650 3 48708 9 48725 3 48761 6 48772 11 48828 6 48884 12 48906 3 48964 10 49017 6 49028 3 49035 4 49084 7 49140 12 49161 3 49178 1 49221 9 49274 5 49291 4 49339 8 49396 12 49415 5 49434 3 49478 9 49531 4 49547 4 49595 9 49651 13 49665 11 49735 8 49799 1 49803 3 49851 8 49906 25 49992 7 50054 4 50108 7 50161 26 50248 7 50311 3 50334 3 50357 2 50364 7 50417 26 50506 5 50589 5 50612 4 50621 5 50672 27 50752 1 50802 3 50844 7 50868 5 50878 3 50929 26 51008 2 51058 8 51097 10 51124 5 51185 27 51316 6 51326 1 51342 3 51352 12 51380 5 51442 26 51538 1 51574 4 51581 4 51594 7 51608 14 51635 6 51700 4 51708 17 51797 4 51836 5 51849 8 51864 17 51890 8 51965 16 52053 4 52082 1 52092 5 52104 6 52121 17 52145 10 52224 13 52335 5 52349 3 52360 5 52377 18 52401 11 52480 14 52589 7 52606 2 52615 3 52633 18 52657 12 52736 17 52845 7 52876 1 52891 17 52913 13 52992 18 53015 2 53101 8 53149 15 53169 13 53248 18 53360 4 53409 11 53425 14 53485 2 53504 17 53529 2 53617 3 53666 10 53680 15 53739 6 53760 16 53784 2 53872 3 53921 11 53937 14 53993 9 54016 15 54039 2 54128 1 54177 3 54182 6 54193 14 54243 16 54272 15 54448 15 54498 17 54528 15 54701 1 54703 16 54754 17 54784 16 54956 20 55009 17 55040 16 55212 20 55265 17 55296 16 55468 21 55520 18 55552 16 55724 21 55774 21 55808 16 55981 21 56028 24 56064 15 56090 1 56238 21 56279 29 56320 15 56345 3 56495 21 56534 31 56576 14 56601 4 56614 1 56708 4 56752 20 56789 32 56832 15 56857 4 56869 3 56964 3 57010 18 57045 32 57088 15 57113 4 57124 5 57220 3 57267 18 57301 33 57344 16 57370 3 57378 7 57523 18 57556 35 57600 16 57634 10 57780 18 57812 37 57856 16 57890 11 58022 2 58038 16 58067 39 58112 16 58146 15 58277 10 58298 12 58323 41 58368 16 58402 10 58460 4 58470 5 58532 4 58539 5 58554 12 58579 44 58624 16 58658 10 58715 7 58725 7 58787 4 58795 5 58811 11 58835 62 58905 4 58914 10 58970 9 58981 8 59043 3 59052 5 59067 10 59091 62 59160 7 59171 9 59186 3 59212 2 59226 19 59299 2 59308 5 59323 9 59348 61 59416 7 59426 8 59441 5 59468 4 59482 20 59564 5 59580 8 59604 62 59672 8 59682 7 59696 9 59724 8 59739 19 59820 5 59837 6 59860 61 59927 9 59938 9 59951 2 59955 6 59981 7 59997 17 60075 6 60092 6 60117 60 60183 9 60194 10 60207 2 60214 4 60237 7 60256 13 60330 7 60348 6 60375 38 60416 17 60440 7 60450 11 60493 5 60516 2 60519 6 60586 10 60604 6 60632 38 60672 17 60696 6 60706 11 60748 6 60776 2 60779 2 60842 14 60860 6 60889 38 60928 17 60953 4 60962 11 61032 1 61098 14 61116 6 61146 37 61184 17 61218 11 61272 1 61355 13 61371 8 61405 7 61414 25 61440 17 61474 11 61528 3 61610 7 61619 5 61628 8 61672 42 61730 11 61784 4 61863 1 61865 8 61876 4 61884 9 61930 40 61986 12 62040 6 62120 9 62140 9 62186 42 62242 13 62296 7 62376 9 62396 10 62442 42 62498 14 62551 8 62633 8 62651 11 62699 41 62754 14 62807 8 62890 7 62905 13 62955 42 63010 15 63063 8 63145 8 63162 12 63212 41 63267 14 63318 9 63401 9 63418 12 63472 37 63523 15 63574 10 63658 7 63674 13 63729 37 63780 14 63829 11 63917 3 63930 14 63951 2 63986 36 64037 14 64085 12 64173 3 64178 1 64186 14 64206 4 64243 13 64259 19 64294 14 64324 5 64340 14 64428 8 64442 14 64462 5 64499 11 64515 19 64552 13 64579 11 64596 16 64685 27 64716 11 64755 8 64770 19 64810 13 64834 15 64851 17 64869 6 64919 2 64941 1 64943 42 65011 8 65026 19 65067 12 65090 43 65174 4 65199 42 65266 9 65281 19 65329 6 65346 44 65412 1 65429 5 65455 43 65522 10
799282,49 37 97 49 305 35 352 50 562 34 607 51 819 32 863 51 1075 31 1118 53 1331 29 1374 53 1586 30 1630 53 1690 5 1841 31 1876 4 1885 55 1944 8 2097 33 2132 6 2141 55 2198 12 2353 33 2388 7 2399 68 2609 33 2643 8 2656 67 2866 32 2899 7 2913 66 3125 29 3155 6 3171 64 3381 27 3412 4 3427 63 3638 26 3683 63 3894 24 3938 64 4114 4 4150 23 4194 63 4368 8 4408 20 4450 62 4623 9 4666 17 4706 62 4879 10 4923 16 4962 62 5135 10 5179 16 5218 62 5307 4 5391 11 5436 13 5474 63 5562 6 5647 11 5693 10 5731 62 5818 7 5903 11 5949 8 5988 26 6017 31 6074 7 6159 11 6245 22 6274 28 6330 5 6415 10 6459 3 6502 22 6530 27 6672 8 6714 5 6759 21 6786 26 6928 6 6970 6 7015 22 7042 10 7053 15 7185 2 7225 8 7273 21 7298 9 7311 13 7481 9 7495 5 7529 21 7554 8 7569 11 7583 3 7737 9 7750 7 7786 20 7810 7 7826 9 7838 6 7939 1 7993 9 8005 8 8042 20 8083 7 8094 7 8193 4 8249 21 8298 20 8350 8 8448 13 8506 19 8554 20 8578 1 8594 1 8607 5 8704 14 8763 18 8811 19 8833 2 8848 4 8960 20 9019 18 9066 20 9090 3 9103 5 9216 20 9256 5 9263 4 9275 16 9323 19 9346 5 9358 6 9472 20 9499 2 9511 15 9531 6 9542 5 9582 16 9603 4 9614 5 9728 20 9754 3 9766 16 9788 4 9802 1 9839 15 9860 3 9870 5 9984 20 10011 2 10022 15 10094 16 10115 5 10240 20 10267 2 10278 4 10285 3 10289 3 10349 17 10371 6 10496 20 10521 6 10592 4 10605 19 10626 6 10752 19 10777 7 10787 3 10847 6 10856 1 10862 19 10882 4 11008 19 11032 14 11103 13 11117 20 11264 19 11288 14 11360 4 11365 8 11375 17 11520 19 11544 14 11606 1 11616 3 11622 6 11631 14 11776 19 11800 13 11860 4 11874 1 11878 6 11887 11 12032 19 12056 12 12116 5 12129 2 12136 4 12143 7 12288 18 12311 12 12372 5 12385 2 12392 4 12544 18 12567 11 12626 8 12641 2 12650 1 12800 18 12822 12 12882 8 12897 3 13056 18 13078 12 13137 9 13148 1 13153 3 13312 18 13334 12 13384 4 13392 10 13403 9 13569 17 13590 12 13640 5 13649 18 13826 17 13847 10 13895 6 13906 14 14082 30 14151 6 14163 9 14338 29 14400 1 14407 7 14419 7 14594 28 14663 8 14676 3 14849 27 14919 9 15105 31 15137 2 15176 6 15362 33 15618 28 15649 2 15875 26 15906 1 16131 26 16388 25 16642 20 16665 4 16684 1 16898 19 16922 4 16940 1 17154 20 17411 21 17443 3 17672 4 17677 13 17697 10 17929 2 17935 12 17952 12 18194 11 18208 9 18450 12 18464 7 18706 12 18961 13 19216 13 19471 13 19728 2
804179,0 12 17 82 104 7 121 9 131 11 145 43 192 64 257 11 273 85 359 12 374 26 401 31 433 13 447 65 513 11 529 158 689 91 785 156 945 78 1024 12 1040 157 1200 92 1296 253 1551 763 2317 252 2573 251 2829 251 3085 251 3340 252 3595 365 3961 254 4217 9136 13355 253 13612 252 13868 253 14123 255 14379 255 14635 13201 27838 2953 30794 252 31049 222 31275 17 31294 7 31305 224 31530 18 31551 5 31561 243 31810 1 31817 243 32074 242 32330 242 32586 221 32809 19 32836 1 32840 222 33066 20 33094 224 33323 19 33350 14 33365 209 33579 18 33608 12 33621 209 33834 17 33866 1 33873 3 33877 209 34087 2 34090 15 34122 3 34130 216 34349 10 34375 7 34386 216 34605 6 34630 10 34642 216 34861 3 34886 12 34899 215 35118 4 35123 2 35141 230 35374 7 35385 3 35396 188 35586 42 35629 8 35640 5 35651 189 35842 52 35895 7 35906 190 36099 58 36161 191 36355 58 36416 191 36611 58 36671 192 36866 253 37122 253 37377 516 37894 2152 40047 3 40052 248 40308 234 40543 13 40564 248 40820 248 41077 211 41290 18 41309 15 41333 210 41547 17 41566 9 41588 210 41804 16 41822 7 41844 210 42060 13 42077 7 42101 208 42315 13 42333 7 42356 208 42571 13 42588 7 42612 208 42826 14 42843 8 42867 211 43082 1 43085 13 43099 8 43120 215 43338 1 43341 13 43355 9 43376 215 43597 13 43612 8 43622 1 43631 217 43852 12 43868 12 43887 217 44107 13 44123 13 44139 223 44363 13 44378 14502 58881 255 59138 254 59394 255 59650 255 59906 254 60163 253 60419 254 60675 6 60682 246 60931 6 60938 246 61188 5 61194 246 61444 252 61703 249 61960 11 61973 235 62219 6 62229 235 62476 5 62484 236 62732 5 62739 237 62988 6 62995 237 63244 244 63500 244 63754 5 63762 238 64015 18 64035 221 64271 13 64285 3 64292 2 64295 3 64303 209 64525 15 64559 209 64780 16 64816 208 65036 15 65072 208 65292 14 65328 208
809952,1535 1 1791 1 2815 1 3057 10 3069 3 3311 17 3566 18 3821 19 4075 21 4329 23 4584 24 4835 29 5090 30 5344 32 5598 34 5851 37 6106 38 6362 38 6616 40 6870 42 7121 47 7375 49 7627 53 7882 54 8125 3 8135 1 8137 55 8374 74 8627 77 8879 81 9133 83 9388 84 9638 90 9892 92 10143 97 10394 102 10649 103 10903 105 11157 107 11411 109 11664 112 11917 115 12172 116 12421 123 12672 128 12927 129 13181 131 13432 136 13683 141 13937 143 14190 146 14444 148 14697 151 14952 152 15206 154 15460 156 15715 157 15968 160 16221 163 16474 166 16727 169 16979 173 17229 179 17477 187 17730 190 17984 192 18236 196 18490 198 18742 202 18996 204 19248 208 19502 210 19757 211 20011 213 20265 215 20518 218 20769 223 21023 225 21277 227 21530 230 21783 233 22033 239 22287 241 22539 245 22793 247 23047 249 23299 253 23553 41983
810943,22 234 280 232 536 232 792 232 1047 233 1303 233 1559 233 1815 233 2070 234 2326 234 2580 236 2835 237 3090 238 3346 238 3602 238 3859 237 4115 237 4370 238 4626 238 4882 238 5138 238 5395 237 5652 236 5907 237 6163 237 6418 238 6671 241 6926 242 7181 243 7432 248 7687 249 7943 249 8198 250 8454 250 8711 249 8967 249 9224 248 9480 248 9736 248 9992 248 10247 249 10502 250 10758 250 11013 251 11269 251 11526 250 11783 249 12040 248 12296 248 12553 247 12810 246 13069 243 13325 243 13582 242 13839 241 14096 240 14341 2 14352 240 14603 2 14607 115 14724 124 14855 2 14858 120 14981 123 15112 1 15114 10 15125 111 15237 123 15370 9 15382 1 15386 230 15627 9 15644 228 15883 9 15900 228 16142 5 16156 228 16413 227 16670 226 16929 223 17185 223 17441 223 17675 1 17697 223 17930 4 17949 2 17954 8 17965 211 18186 6 18203 5 18209 9 18221 211 18442 6 18458 16 18477 211 18699 7 18714 15 18733 211 18955 8 18970 15 18990 210 19212 7 19225 5 19231 8 19247 209 19469 7 19481 4 19487 2 19491 3 19505 4 19511 201 19727 7 19737 2 19744 1 19746 5 19761 4 19767 201 19974 1 19984 10 20000 7 20014 8 20024 200 20230 1 20240 8 20256 7 20269 9 20283 197 20490 3 20498 6 20511 8 20525 9 20539 197 20744 15 20769 5 20781 8 20795 197 21000 15 21026 3 21036 9 21050 1 21053 195 21256 14 21283 2 21292 9 21306 1 21308 196 21512 14 21536 1 21540 1 21547 10 21563 202 21767 14 21792 2 21795 2 21802 11 21817 205 22023 14 22048 5 22058 11 22072 205 22280 13 22305 5 22316 11 22328 201 22537 12 22561 6 22572 12 22585 200 22794 12 22817 5 22828 213 23051 15 23073 4 23084 213 23307 15 23329 4 23340 213 23563 15 23584 5 23596 213 23819 15 23839 6 23851 214 24075 14 24094 9 24106 215 24330 15 24350 226 24585 15 24605 227 24840 17 24860 228 25094 250 25348 252 25604 252 25859 253 26113 595 26709 254 26965 254 27222 252 27477 253 27733 252 27989 171 28161 79 28243 173 28417 79 28497 209 28707 43 28753 943 29697 36 29737 215 29953 37 29993 215 30209 40 30250 1290 31547 248 31803 246 32060 243 32317 240 32574 236 32831 234 33087 229 33317 3 33343 226 33599 225 33853 225 34108 224 34364 224 34620 224 34858 3 34875 225 35114 4 35124 1 35130 225 35371 13 35385 226 35628 239 35884 2 35887 236 36140 1 36143 235 36400 233 36648 1 36657 232 36904 1 36913 232 37159 2 37169 231 37408 1 37414 2 37425 231 37664 1 37670 2 37681 232 37925 3 37937 235 38181 3 38193 238 38435 6 38444 1 38449 238 38690 6 38705 238 38945 7 38961 239 39201 7 39214 251 39470 251 39725 252 39980 253 40236 252 40490 253 40749 247 41007 244 41263 243 41517 245 41773 245 42030 245 42287 244 42537 2 42543 244 42793 2 42799 244 43049 251 43305 253 43561 2049 45611 254 45867 253 46121 18650 64774 250 65031 249 65288 248
822622,3327 1 4851 1 4859 2 5107 10 5362 11 5375 1 5614 18 5862 26 6117 27 6369 31 6622 34 6876 36 7132 36 7385 39 7640 40 7889 6 7896 40 8142 50 8391 57 8639 65 8892 68 9147 69 9400 72 9654 74 9909 75 10161 79 10416 80 10671 81 10915 5 10927 81 11169 95 11419 101 11668 2 11673 103 11920 112 12171 117 12426 118 12681 119 12936 120 13189 123 13444 124 13696 128 13934 2 13950 130 14190 2 14204 132 14445 3 14459 133 14702 2 14715 133 14958 1 14970 134 15190 1 15226 134 15445 2 15474 4 15482 134 15699 4 15729 6 15738 134 15954 4 15985 7 15993 135 16210 4 16240 144 16468 1 16496 144 16751 145 17005 147 17242 1 17260 148 17497 4 17515 149 17752 5 17770 150 18007 12 18026 150 18263 12 18282 150 18520 12 18538 150 18775 13 18795 149 18982 3 19027 2 19031 13 19051 149 19237 4 19278 22 19306 150 19493 5 19533 22 19561 151 19750 4 19787 25 19816 152 20006 4 20040 28 20070 154 20262 4 20294 186 20518 4 20545 3 20549 187 20773 5 20796 1 20800 192 21028 6 21047 7 21056 192 21284 6 21297 207 21540 6 21553 207 21797 4 21807 209 22061 211 22315 213 22558 3 22570 214 22790 3 22813 4 22820 2 22824 216 23045 5 23068 228 23302 5 23321 231 23558 5 23573 235 23815 4 23825 239 24072 3 24080 240 24329 247 24587 245 24835 1 24841 247 25089 3211 28301 255 28558 251 28814 250 29073 246 29329 246 29584 240 29839 239 30093 238 30347 238 30602 237 30857 237 31112 238 31367 239 31622 240 31878 122 32001 117 32133 240 32388 240 32643 241 32898 242 33154 242 33410 242 33666 243 33922 243 34177 245 34432 246 34688 246 34943 247 35199 248 35455 248 35710 249 35966 249 36221 248 36475 248 36729 247 36981 251 37235 253 37489 6792 44282 255 44539 2 44544 249 44797 252 45053 251 45309 251 45565 251 45821 251 46077 251 46333 251 46589 251 46846 250 47102 251 47356 18180
826515,0 84 122 218 377 219 632 219 869 5 886 221 1124 6 1141 223 1379 8 1396 224 1634 10 1650 227 1889 12 1906 228 2144 14 2161 227 2390 1 2398 246 2646 1 2651 249 2902 254 3158 254 3413 254 3670 252 3927 250 4183 251 4439 251 4695 253 4951 255 5207 1055 6263 255 6519 59017
830714,0 65536
839719,0 11 29 4 35 39 80 27 116 1 138 20 215 5 239 1 246 21 270 4 279 51 335 31 371 3 393 22 472 4 489 1 494 4 501 23 525 2 534 52 590 34 625 6 642 3 649 26 728 4 745 1 750 5 756 27 788 54 844 42 894 2 897 7 905 26 986 2 1007 32 1043 103 1148 40 1263 32 1297 148 1461 4 1499 3 1517 6 1524 179 1717 7 1753 5 1772 7 1780 180 1972 10 1994 2 2005 10 2029 1 2034 182 2228 12 2249 3 2261 10 2290 183 2484 12 2505 1 2516 10 2546 184 2740 13 2772 10 2802 185 2994 15 3010 6 3026 12 3057 187 3247 25 3282 12 3313 214 3538 12 3569 214 3793 13 3824 216 4048 14 4079 218 4302 17 4334 241 4590 241 4845 242 5102 17 5120 222 5355 14 5370 5 5376 222 5608 14 5627 4 5632 222 5863 12 5884 225 6118 13 6140 225 6373 14 6396 248 6651 221 6876 24 6907 220 7132 28 7162 220 7388 250 7646 248 7902 249 8158 253 8413 3841 12257 252 12516 248 12772 246 13028 235 13265 1 13268 4 13284 233 13540 233 13796 231 14053 228 14311 225 14570 223 14796 3 14828 229 15086 221 15310 4 15343 220 15567 4 15600 220 15821 6 15857 226 16114 225 16372 213 16587 1 16590 3 16629 212 16842 2 16846 3 16886 213 17102 3 17144 199 17345 8 17365 1 17402 196 17602 7 17621 1 17659 195 17858 6 17916 194 18115 5 18176 191 18371 4 18432 191 18628 2 18688 191 18885 1 18944 191 19200 191 19456 177 19636 9 19652 2 19712 176 19893 8 19969 174 20150 6 20225 173 20407 4 20481 172 20664 2 20736 173 20992 173 21248 172 21505 171 21760 172 22016 172 22272 172 22477 1 22510 5 22528 159 22691 10 22732 6 22763 10 22784 159 22951 7 22988 8 23019 9 23040 158 23208 6 23243 10 23275 9 23296 157 23464 6 23497 13 23531 9 23552 40 23593 116 23720 6 23752 10 23764 4 23774 4 23787 10 23808 156 23976 6 24008 16 24029 6 24043 10 24064 156 24232 7 24265 15 24284 7 24299 12 24320 152 24490 6 24522 15 24540 8 24555 13 24576 149 24748 5 24778 15 24796 8 24810 15 24832 38 24871 113 25004 5 25034 15 25051 9 25067 14 25088 28 25122 1 25127 115 25259 6 25288 3 25292 13 25307 9 25323 14 25344 29 25387 111 25515 6 25545 5 25551 21 25578 16 25600 32 25644 1 25650 104 25771 6 25803 1 25808 21 25834 17 25856 28 25885 1 25907 103 26027 5 26064 44 26112 28 26165 102 26283 5 26320 45 26368 26 26420 103 26538 6 26576 45 26624 25 26671 2 26676 104 26794 5 26832 46 26880 25 26928 1 26931 106 27049 6 27089 73 27184 1 27187 96 27292 2 27305 6 27348 70 27440 99 27544 2 27548 1 27562 5 27604 70 27696 99 27799 6 27818 5 27864 66 27952 99 28056 5 28076 2 28122 64 28208 99 28312 5 28333 1 28379 64 28463 101 28570 2 28591 2 28636 21 28660 40 28717 105 28846 5 28860 2 28892 21 28926 30 28973 104 29102 4 29116 2 29148 22 29183 30 29229 104 29358 4 29369 1 29372 2 29404 22 29440 29 29485 104 29614 3 29628 3 29659 23 29696 29 29741 104 29883 4 29914 23 29952 29 29996 104 30139 4 30170 23 30208 29 30251 51 30306 50 30364 4 30394 6 30417 3 30422 27 30464 28 30507 53 30563 48 30619 15 30650 5 30672 32 30720 28 30763 54 30819 48 30872 19 30895 3 30906 2 30926 34 30976 28 31018 105 31127 19 31150 8 31162 2 31181 35 31231 29 31274 105 31382 19 31405 10 31436 36 31478 3 31486 30 31530 127 31661 8 31692 35 31734 3 31743 28 31786 126 31917 7 31948 35 31989 4 32000 27 32041 129 32173 7 32202 37 32245 4 32256 27 32296 49 32347 51 32400 12 32415 11 32428 7 32457 39 32501 4 32512 27 32552 48 32604 49 32656 14 32671 19 32710 44 32756 5 32768 28 32807 48 32861 45 32912 34 32961 50 33012 5 33024 27 33062 50 33117 85 33217 56 33277 1 33280 27 33317 55 33373 83 33473 56 33533 1 33536 27 33570 58 33629 81 33727 59 33788 3 33792 173 33983 60 34044 3 34048 172 34235 1 34238 61 34300 3 34304 172 34490 2 34494 60 34556 3 34560 171 34746 2 34750 60 34812 2 34816 170 35006 62 35072 169 35259 65 35328 168 35514 68 35584 168 35767 241 36022 242 36277 243 36528 248 36784 248 37039 76 37116 172 37295 75 37372 173 37552 72 37628 173 37808 71 37884 176 38063 329 38394 171 38568 80 38651 133 38785 35 38824 80 38907 128 39042 31 39079 81 39163 127 39297 23 39322 3 39335 81 39420 124 39553 29 39591 82 39675 125 39809 30 39847 82 39930 126 40065 26 40102 83 40186 126 40320 27 40359 208 40576 28 40615 206 40832 28 40871 205 41088 28 41122 3 41127 204 41346 27 41377 209 41603 229 41835 6 41860 29 41890 8 41900 5 41907 180 42116 28 42147 7 42156 2 42165 177 42372 28 42403 7 42412 1 42421 177 42630 26 42658 8 42676 83 42761 92 42888 24 42915 7 42931 83 43017 91 43148 16 43172 10 43186 84 43275 4 43281 83 43405 4 43411 7 43430 8 43442 3 43449 5 43456 71 43539 82 43662 1 43686 8 43707 1 43712 71 43795 82 43884 3 43942 8 43969 69 44051 81 44139 7 44198 8 44226 69 44307 81 44395 8 44404 1 44454 8 44484 68 44564 79 44653 8 44710 9 44742 66 44820 77 44909 9 44922 5 44966 10 44999 66 45077 73 45165 11 45177 7 45223 9 45254 67 45333 72 45408 1 45420 23 45481 7 45510 67 45590 76 45675 14 45695 6 45739 5 45767 65 45847 76 45930 15 45951 7 45996 5 46023 65 46105 76 46186 15 46206 8 46251 7 46279 57 46339 4 46362 78 46441 16 46462 8 46507 8 46516 3 46535 57 46597 2 46619 95 46718 9 46763 12 46791 57 46876 94 46974 11 47019 12 47049 55 47133 93 47231 13 47275 11 47309 51 47390 92 47488 13 47533 7 47567 49 47647 92 47745 13 47789 5 47828 44 47904 91 48001 13 48045 1 48048 1 48084 44 48161 89 48257 17 48282 2 48301 1 48339 45 48418 88 48511 19 48536 5 48542 2 48562 5 48595 45 48674 89 48767 20 48791 10 48818 6 48851 45 48930 89 49022 23 49047 13 49074 6 49108 44 49188 130 49324 5 49332 3 49366 42 49445 129 49578 7 49622 42 49700 1 49703 127 49833 8 49879 41 49960 125 50090 7 50137 39 50219 113 50334 2 50347 6 50393 39 50475 112 50603 5 50649 39 50731 112 50859 4 50903 41 50986 113 51114 3 51158 42 51243 113 51370 2 51414 42 51502 112 51625 2 51670 42 51758 113 51877 5 51920 2 51927 41 52014 115 52130 8 52176 3 52185 39 52265 129 52445 35 52520 8 52529 121 52702 34 52776 8 52785 124 52958 34 53032 8 53041 116 53158 8 53214 34 53286 9 53298 115 53414 14 53470 34 53541 3 53548 2 53554 94 53652 33 53726 34 53770 3 53797 4 53809 95 53906 37 53981 35 54025 6 54053 4 54065 95 54162 39 54237 35 54281 7 54309 3 54313 2 54318 98 54419 45 54493 35 54538 6 54565 3 54569 3 54574 98 54675 49 54749 35 54821 6 54833 95 54931 48 55006 34 55077 6 55090 94 55187 48 55263 33 55334 5 55346 145 55519 33 55566 3 55590 5 55601 146 55774 34 55815 2 55819 6 55835 5 55845 6 55856 147 56027 37 56071 10 56089 8 56099 9 56110 145 56256 3 56281 39 56325 16 56343 21 56367 144 56512 4 56524 52 56580 41 56624 149 56780 52 56835 43 56879 152 57032 56 57090 44 57135 3 57139 205 57345 3329 60675 253 60932 252 61188 252 61441 4095
841484,15799 5 16053 8 16309 8 16564 8 16817 5 17071 7 17327 8 17583 8 17840 7 18096 7 18353 5 18365 1 18370 2 18611 2 18619 5 18626 2 18875 9 19130 9 19388 7 19645 6 19902 5 20159 3 20415 4 20671 5 20927 5 21183 5 27306 5 27561 6 27817 6 28073 6 28329 6 28585 6 28842 5 29098 5 29332 3 29353 5 29584 8 29607 6 29836 14 29862 7 30090 20 30118 7 30345 23 30374 7 30601 23 30630 6 30857 24 30888 3 31112 25 31368 25 31624 30 31858 3 31881 30 32113 8 32138 29 32268 1 32369 11 32395 27 32523 2 32625 12 32651 6 32664 14 32778 3 32882 12 32908 3 32920 15 33034 3 33140 10 33175 16 33289 4 33381 1 33397 8 33429 20 33636 3 33654 6 33684 25 33892 3 33940 26 34147 3 34196 26 34403 3 34453 25 34560 3 34659 3 34679 2 34709 25 34816 5 34915 2 34934 5 34953 2 34965 5 34972 17 35072 11 35189 7 35208 4 35222 4 35228 17 35328 12 35444 9 35463 5 35483 15 35584 13 35701 9 35718 6 35739 14 35840 13 35957 9 35975 4 35996 12 36019 5 36061 1 36096 13 36214 8 36247 1 36252 12 36275 5 36352 13 36471 8 36502 2 36507 13 36531 6 36608 12 36728 7 36758 18 36788 4 36864 11 36984 7 37014 17 37045 2 37120 9 37241 6 37270 16 37378 5 37498 5 37525 17 37708 1 37754 3 37781 17 37963 4 38036 17 38135 2 38219 4 38292 19 38391 2 38475 4 38486 1 38548 19 38647 1 38730 5 38740 5 38805 18 38986 5 38996 6 39064 16 39241 6 39252 7 39321 15 39497 7 39507 8 39576 16 39752 8 39763 8 39832 17 40008 19 40088 17 40263 11 40281 2 40344 16 40438 2 40519 11 40538 1 40601 14 40693 4 40775 11 40808 7 40858 13 40881 2 40949 3 41030 17 41063 9 41115 12 41136 4 41285 18 41318 11 41357 3 41372 11 41390 7 41524 3 41540 19 41574 12 41612 5 41628 11 41645 8 41707 5 41779 5 41796 19 41830 12 41867 7 41885 10 41901 8 41963 5 42034 8 42051 7 42087 11 42122 9 42142 10 42157 8 42219 5 42289 10 42307 7 42342 12 42378 10 42400 8 42414 7 42475 5 42545 10 42563 7 42598 13 42634 10 42660 5 42671 5 42733 2 42800 11 42819 7 42854 14 42889 11 42916 6 42928 4 43055 12 43075 7 43110 14 43144 12 43173 5 43183 5 43310 14 43331 9 43366 14 43399 13 43429 5 43439 4 43565 15 43587 13 43602 3 43612 1 43624 12 43653 15 43686 5 43694 5 43821 40 43882 8 43908 8 43919 5 43942 6 43949 5 44077 38 44158 4 44163 9 44175 4 44197 12 44333 38 44414 14 44431 4 44453 12 44590 37 44654 4 44670 15 44687 4 44709 12 44848 34 44910 7 44931 15 44965 13 45104 32 45165 10 45189 13 45223 13 45361 31 45421 11 45445 13 45481 14 45617 30 45664 5 45676 14 45700 15 45737 15 45874 4 45881 22 45918 7 45932 14 45956 16 45993 15 46139 19 46172 9 46189 16 46212 17 46248 16 46395 19 46428 10 46445 17 46468 17 46504 15 46652 18 46683 11 46703 17 46724 18 46760 14 46909 17 46939 12 46959 18 46980 18 47017 12 47166 16 47195 11 47217 16 47236 18 47274 7 47422 15 47451 11 47465 6 47474 16 47493 17 47531 3 47680 13 47706 20 47731 16 47749 17 47940 7 47961 22 47988 33 48197 5 48214 25 48245 32 48454 1 48469 26 48502 30 48669 5 48725 26 48760 27 48858 1 48925 5 48982 25 49017 25 49112 4 49179 8 49238 26 49274 22 49368 4 49434 9 49494 12 49507 13 49530 17 49625 2 49689 9 49751 10 49765 11 49786 16 49944 10 50008 6 50023 9 50042 15 50200 9 50264 5 50280 8 50299 14 50456 9 50522 1 50536 7 50556 12 50712 8 50817 6 50968 8 51075 3 51224 8 51423 5 51449 5 51480 8 51679 6 51704 8 51731 3 51737 8 51936 6 51959 9 51985 6 51993 8 52192 7 52215 9 52241 6 52250 7 52449 6 52471 9 52498 5 52507 6 52706 5 52727 9 52755 4 52763 6 52961 6 52983 9 53012 3 53019 6 53216 5 53240 8 53275 6 53497 7 53532 3 53754 6 54011 5 54229 1 54268 4 54484 4 54524 4 54738 7 54780 4 54990 3 54996 5 55039 1 55245 4 55291 1 55501 2 55545 3 55756 2 55801 4 56011 3 56057 4 56267 3 56313 5 56524 3 56569 5 56780 4 56825 5 57037 4 57081 6 57294 3 57337 6 57595 3 58326 2 58456 4 58581 2 58708 10 58837 1 58964 10 59219 12 59391 1 59475 11 59646 2 59732 10 59901 3 59988 9 60156 4 60244 8 60411 5 60500 8 60667 5 60756 8 60922 6 61013 5 61178 6 61270 3 61435 5 61691 5 61948 4 62204 4 62460 4 62716 4 62972 4 63228 4 63484 4 63652 4 63741 3 63906 7 63998 2 64104 7 64161 9 64358 10 64411 15 64614 10 64668 14 64869 11 64924 14 65126 10 65181 14 65207 2 65382 9 65437 14 65463 4
842508,241 3 497 2 752 4 963 1 995 1 1008 5 1218 3 1249 4 1263 6 1475 2 1504 5 1519 6 1731 2 1753 1 1756 10 1775 5 1987 3 2006 16 2031 3 2254 5 2262 15 2504 29 2759 29 3015 28 3271 28 3319 3 3527 27 3575 2 3781 29 3831 1 4036 4 4042 24 4291 5 4299 23 4547 5 4555 22 4789 2 4802 5 4817 16 5045 3 5058 3 5075 13 5302 2 5314 2 5333 9 5570 2 15541 1 15797 2 16053 2 20173 1 20666 3 20923 1 21179 1 31437 5 31692 6 31940 2 31946 8 32195 15 32450 16 32705 17 32961 16 33217 15 33473 14 33729 12 33983 9 34239 7 34495 7 34751 6 35008 4 35041 2 35265 1 35297 2 35553 1 36046 3 36303 3 37588 4 45264 7 45517 13 45772 15 46028 16 46283 17 46534 3 46538 18 46576 3 46795 17 46831 4 47051 17 47307 16 47562 17 47818 17 47850 3 48073 19 48105 4 48330 13 48345 2 48362 3 48586 11 48619 1 48842 9 49098 8 49355 6 49611 4 50929 1 51170 5 51184 2 51424 8 51440 2 51680 9 51936 9 52191 11 52436 3 52448 9 52692 3 52704 7 52717 1 52948 2 52957 11 53212 12 53237 3 53466 16 53493 4 53501 1 53712 3 53721 18 53742 5 53748 7 53756 3 53966 29 53996 15 54012 4 54220 31 54252 15 54268 4 54473 32 54507 16 54524 4 54729 32 54762 22 54985 55 55241 54 55497 54 55753 54 56009 53 56265 53 56521 14 56536 37 56777 13 56793 35 57034 13 57049 36 57087 1 57290 13 57305 39 57543 57 57797 59 58052 60 58308 60 58564 60 58819 61 59074 62 59329 63 59585 26 59614 34 59840 26 59871 33 60097 24 60127 33 60353 24 60383 33 60610 23 60640 32 60867 23 60896 32 61127 19 61151 33 61384 18 61406 3 61410 30 61641 14 61663 33 61897 12 61921 31 62155 10 62172 36 62412 9 62428 36 62668 10 62684 36 62925 9 62941 35 63182 8 63197 35 63438 8 63453 35 63695 7 63710 34 63951 5 63968 32 64207 5 64224 32 64460 3 64480 32 64716 3 64735 33 64972 2 64991 33 65228 2 65247 33 65484 2 65504 32
844747,231 3 487 2 743 1 998 2 7879 1 8133 6 8366 2 8389 12 8645 13 8901 14 9157 15 9413 16 9670 15 9853 3 9926 15 10108 4 10184 4 10195 3 10363 5 10452 2 10619 4 10875 2 11635 5 11890 8 12136 2 12146 8 12390 7 12401 9 12647 8 12657 8 12904 8 12913 7 13161 6 13220 2 13418 4 13477 1 13674 3 13930 1 14186 1 14228 1 14441 2 14483 3 14696 3 14952 1 18193 4 18447 8 18703 8 18955 2 18959 8 19216 8 19474 6 19732 3 21517 1 22528 1 22784 1 23040 2 23050 1 23296 1 33965 2 35254 3 35509 5 35762 8 35856 4 36016 10 36110 7 36271 12 36365 9 36521 18 36622 8 36724 3 36776 18 36880 6 36980 3 37033 17 37136 7 37237 2 37260 1 37288 17 37392 8 37516 1 37544 15 37646 10 37799 14 37902 10 38020 2 38023 3 38055 13 38160 7 38276 6 38312 9 38417 5 38536 1 38673 4 38929 4 39185 3 40840 3 41095 4 41350 5 41606 4 42403 4 42658 6 42915 5 43172 4 43429 2 43924 3 44179 5 44310 1 44435 6 44565 2 44691 7 44821 2 44948 6 45076 3 45206 3 45332 3 45588 5 45844 8 46101 10 46357 10 46614 9 46870 9 47127 9 47384 8 47640 9 47897 8 47939 5 48153 7 48194 8 48409 7 48450 9 48666 5 48706 9 48924 3 48963 8 49220 5 49478 1 52987 5 53243 5 53500 2 54443 2 54698 3 57836 2 58347 1 58851 1 59107 1 59362 2 59618 2 59875 1 61183 1 61437 3 61665 2 61693 3 61919 5 61949 3 62175 4 62205 3 62427 8 62461 3 62686 4 62719 1 62943 2 64470 4 64575 2 64725 5 64830 4 64979 6 65085 5 65234 7 65340 6 65489 7
846389,80 13 108 7 248 8 336 14 364 8 503 9 592 15 620 9 759 9 834 1 838 1 848 15 876 9 1015 9 1086 9 1104 15 1132 9 1271 9 1341 8 1361 13 1388 9 1425 2 1526 10 1597 7 1617 13 1644 9 1680 4 1698 1 1781 11 1852 6 1874 11 1901 7 1936 5 1953 3 2036 12 2100 3 2108 6 2132 9 2158 6 2192 6 2203 3 2208 5 2292 12 2356 4 2364 6 2389 8 2415 5 2448 7 2459 11 2548 12 2593 2 2612 4 2620 6 2647 6 2671 4 2704 8 2714 12 2804 12 2849 2 2867 16 2903 6 2927 4 2960 23 3060 12 3106 1 3123 16 3159 5 3183 3 3216 23 3315 13 3379 15 3415 5 3440 1 3472 24 3571 13 3635 14 3666 9 3728 24 3827 13 3892 12 3922 6 3942 6 3984 24 4083 13 4148 6 4156 3 4179 4 4195 10 4241 23 4339 13 4404 5 4450 12 4499 20 4595 13 4661 3 4706 12 4757 18 4851 13 4962 12 5013 17 5106 14 5219 10 5266 20 5362 14 5477 8 5521 20 5617 15 5735 5 5775 21 5873 15 6029 23 6128 16 6284 25 6384 16 6540 26 6640 16 6796 26 6897 15 6986 3 7052 26 7137 2 7154 14 7190 1 7242 3 7308 26 7392 4 7411 13 7445 3 7498 3 7565 25 7647 6 7669 11 7701 4 7754 2 7822 24 7903 6 7927 9 7957 4 8078 25 8160 5 8183 9 8213 4 8246 4 8334 25 8417 3 8439 9 8469 4 8499 8 8591 25 8695 9 8726 2 8754 9 8847 6 8855 17 8951 9 9009 10 9055 3 9104 6 9112 17 9206 10 9265 10 9310 6 9360 6 9369 16 9462 10 9520 11 9565 7 9616 8 9625 16 9695 3 9718 10 9776 11 9820 9 9872 24 9950 11 9962 8 9972 12 10032 10 10076 10 10127 24 10206 34 10288 10 10332 10 10383 23 10461 35 10546 6 10589 9 10639 23 10718 34 10846 8 10896 21 10974 34 11102 9 11152 20 11231 33 11359 8 11408 18 11489 31 11616 7 11665 13 11747 29 11873 6 11921 12 12005 27 12130 4 12178 11 12261 27 12436 2 12442 4 12517 27 12696 6 12773 27 12952 6 13030 26 13208 6 13287 25 13464 6 13545 23 13720 6 13789 6 13797 27 13977 4 14044 36 14300 36 14556 36 14812 36 15069 35 15326 34 15582 34 15839 33 16012 1 16097 31 16184 3 16268 3 16353 31 16439 5 16474 2 16523 5 16610 30 16694 6 16729 4 16781 3 16866 30 16949 8 16985 5 17038 1 17122 30 17204 8 17241 6 17379 29 17460 8 17497 7 17636 28 17717 6 17753 8 17892 28 17974 4 18009 9 18148 28 18265 9 18405 27 18521 10 18662 26 18764 3 18777 11 18918 26 19019 5 19032 13 19057 3 19174 26 19275 6 19287 14 19313 3 19431 25 19530 8 19542 15 19569 3 19687 25 19786 8 19799 9 19944 24 20043 6 20055 8 20200 23 20300 4 20312 6 20456 21 20479 1 20570 3 20712 20 20735 1 20967 22 20990 2 21222 26 21478 26 21734 26 21807 5 21854 13 21990 26 22061 8 22110 13 22199 4 22247 25 22316 9 22366 13 22454 7 22503 25 22567 13 22621 14 22709 11 22759 25 22829 6 22877 14 22965 14 23015 25 23133 14 23222 16 23271 25 23390 14 23479 16 23525 27 23646 15 23736 16 23777 31 23903 15 23993 14 24030 34 24160 14 24251 12 24284 36 24416 14 24509 8 24540 36 24670 17 24766 6 24796 36 24870 3 24923 19 25052 36 25125 4 25178 20 25309 35 25381 4 25434 19 25566 34 25637 4 25690 19 25823 30 25946 19 26079 29 26202 19 26336 28 26458 19 26592 29 26714 10 26726 7 26848 29 26970 9 26983 6 27104 30 27226 8 27240 4 27361 29 27483 6 27618 28 27740 3 27874 28 28130 21 28152 6 28387 19 28410 4 28643 19 28667 1 28758 7 28900 17 29002 2 29014 10 29153 18 29257 5 29270 12 29408 5 29416 10 29513 5 29526 15 29594 4 29646 1 29663 6 29672 9 29770 5 29783 16 29849 7 29900 5 29919 18 30026 3 30039 16 30104 8 30156 6 30174 7 30184 9 30295 17 30359 9 30412 7 30430 7 30440 8 30550 17 30614 10 30668 7 30686 6 30696 8 30805 18 30868 12 30883 5 30924 7 30942 6 30953 6 31060 19 31122 14 31138 6 31181 6 31199 3 31211 2 31316 19 31377 24 31438 2 31570 22 31633 25 31825 23 31890 25 32081 23 32147 1 32153 19 32337 3 32343 17 32410 20 32603 13 32666 21 32862 10 32922 22 33120 9 33183 17 33238 2 33378 7 33440 16 33493 6 33502 6 33602 1 33633 8 33696 15 33749 16 33859 2 33888 9 33953 13 34005 17 34115 2 34143 11 34210 6 34261 17 34372 1 34398 12 34468 2 34519 16 34653 13 34777 15 34909 13 35034 15 35134 3 35164 14 35291 14 35388 8 35420 14 35547 13 35643 10 35677 13 35803 12 35898 13 35933 14 36060 10 36083 3 36154 14 36189 14 36257 4 36316 10 36338 5 36352 1 36410 15 36445 14 36512 6 36572 9 36593 7 36608 2 36667 14 36692 4 36701 14 36767 8 36829 11 36849 8 36864 3 36924 13 36947 24 37022 9 37087 10 37105 8 37120 3 37180 13 37203 24 37277 11 37344 9 37361 7 37376 4 37435 14 37456 27 37533 11 37599 11 37618 6 37632 3 37691 15 37711 28 37788 12 37855 12 37875 3 37888 3 37946 18 37966 29 38044 12 38110 15 38144 2 38201 51 38299 13 38336 4 38363 20 38457 51 38555 13 38590 8 38617 24 38712 52 38811 12 38845 10 38872 26 38968 52 39066 12 39101 10 39127 27 39224 51 39322 12 39356 11 39382 29 39481 48 39578 12 39612 11 39638 31 39738 46 39834 11 39867 13 39893 36 39996 42 40090 10 40122 15 40148 40 40255 33 40317 4 40347 8 40378 16 40403 43 40512 31 40571 8 40604 6 40633 18 40656 47 40768 31 40826 10 40862 2 40888 20 40911 49 41025 31 41081 11 41143 21 41166 50 41282 31 41332 4 41337 11 41371 3 41398 74 41538 32 41577 3 41586 18 41624 14 41654 74 41792 34 41833 4 41841 19 41878 17 41910 74 42047 35 42089 4 42096 18 42133 18 42165 75 42302 36 42346 2 42351 17 42389 17 42421 75 42512 3 42557 37 42606 12 42640 21 42676 76 42767 4 42813 36 42862 11 42894 22 42932 76 43023 4 43042 15 43068 36 43118 11 43143 29 43187 77 43279 4 43290 25 43323 34 43373 12 43398 31 43442 78 43544 27 43578 20 43601 10 43629 13 43654 32 43698 78 43799 29 43833 21 43857 8 43885 13 43910 33 43953 68 44022 10 44054 30 44088 22 44111 9 44142 11 44166 38 44209 65 44278 10 44309 31 44343 21 44365 10 44398 11 44422 39 44465 62 44534 11 44565 13 44579 3 44585 11 44599 31 44655 10 44679 38 44721 62 44790 12 44821 12 44842 11 44855 31 44911 11 44936 37 44978 63 45046 6 45055 5 45077 10 45098 12 45112 16 45131 11 45167 11 45192 38 45235 63 45302 6 45312 4 45334 8 45354 13 45369 13 45387 11 45422 13 45448 38 45492 23 45516 39 45559 4 45568 5 45591 6 45609 14 45626 10 45643 13 45676 16 45704 38 45748 63 45824 6 45849 2 45864 15 45882 10 45899 4 45905 13 45925 2 45931 17 45960 38 46004 20 46026 41 46080 5 46120 16 46139 9 46163 12 46180 4 46185 20 46215 39 46259 14 46282 41 46376 16 46395 8 46420 12 46434 27 46471 39 46514 14 46537 42 46631 18 46651 8 46677 40 46728 56 46792 43 46868 4 46887 18 46908 5 46934 32 46984 55 47047 44 47121 8 47142 20 47174 2 47198 24 47230 4 47240 55 47296 51 47375 11 47396 22 47430 1 47455 23 47485 6 47497 105 47623 20 47650 24 47711 23 47741 7 47753 13 47767 91 47878 22 47905 25 47967 23 47996 9 48009 13 48024 70 48095 16 48134 22 48160 26 48224 22 48252 97 48352 15 48390 22 48415 28 48480 22 48508 97 48608 14 48646 53 48736 12 48749 8 48764 97 48864 14 48903 52 48962 3 48992 11 49006 6 49020 50 49071 17 49090 16 49109 8 49119 15 49148 4 49159 52 49217 3 49252 6 49275 49 49327 16 49346 11 49358 4 49366 7 49375 15 49402 6 49416 50 49472 3 49510 4 49531 48 49582 16 49603 6 49611 1 49614 4 49622 3 49632 13 49657 7 49672 50 49727 3 49768 1 49787 67 49859 5 49868 6 49877 4 49891 1 49895 5 49911 9 49928 49 49982 4 50043 67 50115 6 50123 6 50133 5 50152 3 50165 11 50183 50 50236 6 50272 4 50299 67 50370 2 50374 11 50390 4 50403 7 50420 12 50438 52 50491 7 50526 7 50554 69 50626 2 50630 11 50646 4 50659 7 50675 13 50692 61 50781 7 50810 70 50882 2 50887 10 50900 7 50915 6 50931 12 50947 61 51037 6 51055 3 51065 37 51104 33 51143 10 51155 8 51187 12 51202 62 51294 5 51311 4 51321 36 51360 34 51398 12 51412 7 51443 12 51458 29 51489 31 51550 5 51566 5 51576 37 51617 33 51654 12 51668 7 51699 3 51707 4 51713 28 51746 33 51782 4 51806 4 51821 7 51833 9 51845 23 51874 31 51911 12 51925 6 51955 1 51965 30 52002 41 52062 3 52076 8 52089 8 52102 22 52130 20 52154 6 52167 12 52222 28 52258 41 52318 2 52331 9 52342 1 52345 11 52357 23 52390 2 52393 12 52424 9 52480 26 52515 40 52574 1 52586 14 52601 34 52652 8 52681 1 52684 4 52736 27 52771 40 52846 3 52853 19 52876 15 52909 7 52933 1 52992 28 53027 40 53110 17 53133 14 53166 6 53189 2 53248 28 53277 41 53366 5 53378 1 53391 12 53421 6 53504 66 53621 5 53648 11 53676 6 53755 2 53760 65 53858 4 53876 2 53904 5 53912 2 53931 6 53943 4 53995 3 54016 60 54077 3 54114 5 54132 2 54160 4 54186 6 54198 8 54249 6 54272 26 54300 37 54370 5 54384 3 54416 5 54439 9 54454 8 54504 7 54528 25 54557 36 54626 6 54638 5 54672 5 54683 2 54693 11 54710 3 54715 3 54760 8 54784 25 54813 36 54883 4 54894 5 54928 6 54939 3 54948 13 54972 3 55017 8 55040 25 55069 36 55122 3 55149 6 55183 7 55193 1 55195 3 55204 14 55229 5 55273 8 55289 2 55296 25 55324 35 55377 6 55404 6 55438 8 55451 3 55460 13 55529 8 55544 3 55552 25 55579 35 55632 7 55660 6 55694 9 55707 2 55716 11 55785 9 55798 5 55808 25 55835 35 55889 5 55917 5 55950 8 55964 1 55972 8 56043 6 56053 7 56064 16 56085 2 56090 36 56145 5 56173 5 56192 4 56205 9 56228 6 56301 3 56309 27 56345 37 56387 2 56401 5 56422 1 56429 5 56446 9 56461 9 56484 4 56558 2 56565 27 56601 37 56642 3 56657 5 56678 1 56686 4 56698 14 56716 9 56741 1 56822 28 56857 37 56900 1 56914 2 56934 1 56942 4 56954 14 56973 8 57078 30 57112 38 57188 3 57198 3 57209 14 57230 6 57314 4 57335 30 57367 39 57455 3 57466 12 57488 3 57569 4 57587 1 57590 56 57652 10 57710 4 57722 11 57740 1 57745 1 57825 4 57843 16 57862 40 57910 7 57966 4 57978 11 57996 1 58081 2 58102 12 58118 40 58166 5 58222 3 58235 9 58252 1 58336 2 58358 11 58374 41 58478 3 58492 8 58563 2 58591 3 58606 2 58614 10 58629 42 58688 2 58725 2 58736 1 58749 3 58812 2 58817 5 58826 2 58846 5 58860 4 58871 9 58885 42 58981 3 59068 17 59101 7 59114 6 59130 6 59140 42 59234 2 59237 3 59272 3 59280 3 59323 18 59356 8 59369 8 59386 6 59396 42 59530 3 59536 2 59555 1 59579 19 59610 10 59626 7 59641 7 59652 41 59728 1 59787 7 59798 1 59810 3 59835 4 59842 13 59862 15 59878 2 59882 7 59897 7 59908 36 60044 1 60066 3 60096 15 60118 15 60140 4 60153 7 60164 34 60268 1 60319 7 60352 4 60358 9 60374 14 60409 7 60421 33 60574 8 60609 3 60629 6 60640 3 60664 7 60677 32 60789 4 60829 9 60884 6 60919 7 60933 32 61046 1 61084 10 61140 6 61160 2 61165 5 61174 8 61184 3 61189 32 61230 3 61340 10 61395 6 61414 24 61440 37 61485 4 61502 3 61596 9 61650 7 61669 26 61696 37 61738 8 61750 12 61838 5 61852 8 61899 13 61924 66 61992 9 62004 15 62094 6 62108 7 62154 14 62180 76 62259 16 62315 2 62350 7 62364 7 62409 15 62436 76 62515 16 62570 5 62607 6 62620 7 62664 16 62693 26 62720 48 62771 16 62824 9 62863 6 62874 8 62920 16 62949 24 62976 48 63027 17 63081 8 63119 6 63130 5 63177 10 63188 3 63205 22 63232 48 63282 18 63337 8 63375 6 63386 3 63433 9 63461 19 63488 68 63594 8 63689 7 63717 17 63744 68 63850 9 63945 7 63967 3 63973 16 64000 68 64108 6 64203 2 64218 10 64230 16 64256 69 64365 5 64374 2 64470 15 64486 17 64512 69 64622 3 64723 35 64768 48 64819 18 64889 2 64930 1 64977 36 65024 47 65075 18 65112 8 65124 1 65146 1 65185 3 65232 37 65280 47 65331 18 65365 19 65431 3 65441 4 65488 37
850742,0 70 76 151 231 4079 4313 252 4569 252 4825 253 5080 255 5336 529 5868 253 6124 253 6381 252 6637 253 6892 7990 14887 249 15143 247 15399 245 15656 243 15912 235 16148 6 16168 233 16406 3 16425 232 16682 231 16941 228 17198 227 17455 226 17710 227 17965 228 18220 228 18475 229 18730 230 18985 230 19241 229 19496 229 19751 228 20006 228 20260 230 20514 232 20769 233 21024 234 21279 235 21535 235 21790 237 22046 237 22301 238 22556 240 22810 242 23064 245 23320 245 23575 247 23831 248 24087 248 24342 249 24598 249 24853 249 25107 252 25361 176 25539 76 25617 175 25795 251 26052 230 26286 11 26309 18 26335 200 26546 3 26566 12 26592 197 26823 9 26850 193 27084 3 27114 185 27373 182 27629 181 27885 180 28140 181 28394 184 28647 187 28902 189 29157 191 29407 198 29661 201 29914 204 30169 205 30423 207 30678 209 30934 209 31189 210 31444 211 31699 212 31954 219 32209 221 32464 222 32719 223 32974 225 33228 227 33480 231 33735 232 33989 243 34234 6 34244 1083 35328 254 35584 253 35840 253 36096 253 36352 2559 38912 251 39168 251 39424 251 39680 250 39936 249 40192 248 40448 248 40702 249 40957 250 41212 253 41466 12549 54016 254 54272 253 54528 252 54784 252 55040 252 55296 252 55552 232 55787 17 55808 231 56042 19 56064 230 56298 20 56320 231 56552 8923 65477 59
863209,0 12522 12526 249 12785 245 13042 242 13302 2 13308 232 13543 3 13564 230 13796 7 13821 1 13824 225 14052 8 14080 236 14336 236 14592 235 14848 204 15053 30 15104 202 15309 29 15360 195 15557 2 15564 28 15616 194 15820 23 15872 194 16076 19 16128 194 16332 13 16384 183 16570 8 16584 2 16587 11 16640 182 16826 2 16830 4 16840 3 16896 181 17082 1 17087 3 17096 2 17152 180 17336 3 17344 1 17408 178 17592 3 17664 179 17848 3 17920 180 18176 180 18432 180 18688 129 18820 46 18944 128 19076 33 19110 10 19200 33 19234 95 19332 40 19456 32 19491 13 19507 79 19587 35 19712 31 19747 12 19765 77 19843 31 19968 31 20003 12 20022 50 20073 25 20100 29 20224 30 20260 10 20279 99 20480 29 20517 7 20536 15 20562 4 20570 62 20736 29 20774 6 20793 12 20826 58 20992 29 21030 5 21049 11 21083 24 21109 7 21117 15 21248 29 21306 9 21339 21 21366 19 21504 30 21562 7 21595 3 21603 11 21622 2 21626 4 21633 3 21637 3 21760 30 21820 1 21848 2 21852 1 21859 10 21874 5 21883 3 22016 31 22103 4 22115 10 22130 5 22139 2 22272 31 22359 7 22372 9 22385 5 22528 31 22615 11 22629 9 22639 7 22784 31 22873 9 22885 9 22895 6 23040 30 23129 9 23141 11 23153 2 23296 25 23386 10 23397 6 23552 24 23636 1 23642 10 23654 2 23808 25 23890 4 23899 8 24064 25 24146 4 24152 1 24155 7 24323 23 24402 4 24579 23 24651 3 24659 4 24836 23 24899 2 24906 4 25092 23 25154 4 25162 6 25350 22 25411 2 25606 8 25617 11 25863 6 25874 10 25890 3 26131 9 26144 7 26388 9 26399 8 26644 19 26668 1 26900 19 27157 18 27402 4 27413 18 27657 6 27670 15 27913 6 27925 11 28168 8 28181 11 28424 8 28437 4 28443 1 28680 9 28693 3 28936 9 29192 10 29448 8 29705 5
863364,6 16 69 5 78 1 82 27 112 67 182 74 260 18 326 4 338 1 341 24 368 27 398 36 438 74 516 17 582 4 592 3 597 54 655 35 693 75 771 18 838 4 846 62 909 37 948 76 1027 18 1094 4 1102 78 1183 97 1283 17 1358 10 1369 66 1439 97 1539 17 1614 9 1625 64 1695 97 1796 15 1870 7 1881 63 1951 97 2052 15 2125 8 2137 62 2207 97 2308 15 2380 10 2392 62 2463 97 2564 18 2635 73 2719 97 2819 21 2890 73 2973 99 3075 21 3145 74 3228 100 3330 23 3401 73 3483 101 3586 23 3657 73 3738 102 3841 23 3913 73 3994 102 4097 23 4142 2 4166 2 4169 73 4249 103 4353 22 4397 4 4422 76 4505 127 4642 1 4651 7 4677 77 4760 129 4906 7 4931 214 5160 9 5187 73 5262 140 5408 6 5415 9 5443 216 5662 17 5701 233 5958 232 6214 212 6427 19 6470 210 6683 20 6718 1 6726 209 6939 22 6972 4 6980 209 7195 23 7227 7 7235 204 7450 25 7482 211 7702 30 7737 211 7956 32 7991 212 8211 33 8246 212 8466 248 8721 206 8928 42 8977 249 9232 251 9488 239 9728 12 9743 204 9950 33 9984 13 9999 203 10206 33 10240 13 10255 203 10462 32 10496 13 10511 204 10718 33 10752 13 10767 156 10924 97 11023 253 11279 253 11535 237 11776 11 11791 72 11865 163 12032 10 12047 71 12120 164 12288 10 12302 72 12376 164 12544 9 12556 73 12634 162 12800 9 12811 73 12890 162 13056 88 13146 163 13312 253 13568 255 13824 510 14336 93 14431 16 14449 139 14592 91 14687 15 14705 136 14848 91 14943 14 14962 135 15104 90 15199 13 15217 132 15350 2 15360 90 15455 13 15473 8 15484 120 15616 89 15710 14 15730 8 15744 116 15872 89 15966 14 15986 8 16005 111 16128 89 16222 14 16242 6 16258 115 16384 89 16478 14 16498 5 16514 43 16562 67 16640 89 16735 13 16767 46 16818 66 16896 90 16992 11 17022 15 17041 27 17074 66 17152 90 17249 10 17278 12 17298 27 17331 65 17408 91 17506 9 17534 11 17555 26 17587 62 17664 93 17763 9 17790 5 17797 4 17813 25 17843 62 17920 94 18020 9 18045 5 18070 26 18099 62 18176 94 18277 9 18302 6 18310 3 18326 92 18432 95 18534 9 18558 6 18566 3 18582 92 18688 96 18791 8 18816 7 18838 92 18944 97 19048 8 19072 2 19075 4 19094 10 19107 80 19200 99 19306 6 19329 5 19350 93 19456 101 19563 5 19586 4 19606 91 19698 2 19712 101 19818 6 19842 3 19862 90 19968 102 20073 7 20098 3 20120 87 20224 112 20374 89 20480 112 20629 89 20733 105 20839 9 20885 89 20987 35 21025 69 21096 9 21140 90 21241 36 21283 67 21353 8 21397 88 21496 37 21541 65 21610 8 21653 88 21751 38 21800 63 21869 6 21909 87 22007 38 22057 63 22128 5 22165 87 22262 39 22314 63 22386 2 22421 87 22519 37 22570 64 22677 88 22775 36 22827 64 22933 89 23031 36 23083 66 23189 92 23287 34 23340 67 23445 94 23540 11 23552 18 23596 69 23701 105 23808 17 23853 68 23957 106 24064 16 24109 68 24213 124 24365 68 24468 125 24621 68 24724 126 24877 67 24979 129 25133 62 25198 1 25233 131 25390 60 25489 132 25647 59 25744 133 25903 60 25983 2 26001 132 26159 56 26217 4 26238 5 26257 131 26415 55 26473 4 26494 7 26514 128 26671 55 26729 4 26750 9 26770 127 26927 55 26985 4 27007 10 27025 127 27183 56 27241 4 27263 12 27280 129 27439 56 27519 13 27534 131 27695 56 27776 12 27789 133 27951 55 28017 3 28033 11 28045 134 28207 55 28272 4 28292 8 28302 135 28463 61 28526 7 28550 6 28560 135 28719 70 28807 4 28817 136 28975 69 29064 2 29073 137 29231 69 29324 142 29487 69 29579 143 29743 69 29835 143 29999 68 30092 142 30256 66 30349 140 30507 2 30511 66 30610 134 30761 71 30867 133 31016 73 31098 4 31125 130 31270 75 31353 12 31384 127 31525 77 31608 14 31642 124 31767 9 31781 51 31836 42 31899 122 32022 66 32093 41 32156 118 32278 66 32350 40 32412 117 32534 65 32606 37 32668 118 32789 66 32862 35 32925 117 33045 65 33118 34 33181 117 33301 65 33375 33 33438 116 33557 65 33632 32 33695 114 33813 65 33889 30 33952 113 34068 66 34144 32 34208 113 34324 67 34400 18 34419 14 34435 2 34464 113 34579 68 34655 40 34720 113 34834 69 34911 40 34975 81 35060 28 35089 71 35166 42 35230 77 35317 26 35345 119 35483 80 35572 26 35601 120 35738 84 35828 11 35840 13 35857 121 35994 84 36083 11 36096 12 36113 121 36250 85 36338 12 36352 10 36369 122 36507 99 36608 10 36625 122 36764 98 36864 15 36881 122 37021 97 37120 140 37277 97 37376 100 37478 38 37533 98 37632 99 37735 37 37787 100 37888 98 37991 37 38042 109 38152 89 38247 36 38298 107 38408 88 38503 34 38554 106 38664 87 38759 33 38811 105 38920 87 39014 33 39067 104 39176 86 39270 32 39324 102 39432 85 39525 32 39581 99 39687 85 39781 32 39838 97 39943 86 40038 8 40047 22 40094 96 40198 87 40294 8 40303 22 40350 95 40453 88 40550 8 40560 20 40606 94 40708 89 40807 7 40817 10 40834 1 40862 95 40963 90 41063 6 41074 9 41118 96 41219 89 41319 6 41330 8 41375 95 41474 90 41575 3 41587 7 41633 94 41729 90 41843 6 41890 93 41985 49 42035 39 42099 4 42148 91 42241 47 42292 36 42355 3 42405 90 42497 19 42521 19 42548 36 42612 1 42662 89 42754 17 42779 16 42804 36 42868 1 42918 89 43010 18 43035 15 43060 37 43110 1 43116 1 43124 1 43175 88 43267 17 43291 14 43316 38 43366 1 43372 2 43379 2 43432 87 43523 19 43548 10 43572 39 43627 4 43634 2 43688 88 43779 20 43805 9 43828 40 43883 4 43890 1 43945 87 44034 23 44063 7 44084 40 44133 3 44139 5 44146 1 44202 85 44290 24 44320 5 44340 40 44389 4 44395 6 44459 83 44545 26 44577 3 44597 39 44645 11 44720 75 44801 27 44853 39 44901 9 44931 5 44979 72 45057 27 45110 38 45162 1 45185 7 45210 4 45238 53 45295 11 45313 28 45367 38 45441 8 45466 4 45495 51 45552 10 45567 1 45570 27 45625 38 45696 9 45722 9 45751 50 45809 8 45821 3 45826 27 45881 39 45952 10 45978 10 46007 50 46065 8 46077 3 46081 27 46138 38 46204 14 46234 11 46263 50 46321 8 46332 32 46395 37 46457 17 46491 11 46519 49 46577 41 46652 39 46712 17 46747 11 46775 49 46832 40 46909 39 46968 17 47003 12 47031 48 47088 40 47165 39 47225 16 47259 12 47288 46 47344 40 47398 4 47420 41 47481 17 47516 12 47544 45 47601 39 47654 10 47675 42 47737 17 47772 12 47802 42 47857 39 47909 64 47976 4 47982 5 47992 19 48028 13 48059 40 48113 40 48165 65 48232 12 48247 20 48284 13 48316 38 48369 41 48420 104 48541 13 48572 37 48625 43 48675 107 48783 5 48796 14 48829 36 48881 44 48930 115 49052 14 49085 35 49138 164 49307 16 49342 33 49393 186 49598 32 49649 188 49853 33 49904 190 50109 32 50159 191 50364 34 50414 19 50435 67 50505 102 50620 35 50656 2 50670 18 50693 64 50762 9 50773 91 50875 39 50926 18 50950 63 51019 7 51029 91 51131 39 51182 18 51205 62 51277 5 51285 92 51386 40 51438 18 51461 62 51534 4 51540 94 51643 39 51694 21 51717 61 51792 2 51795 95 51900 9 51913 25 51950 83 52051 94 52158 6 52177 6 52185 8 52206 82 52308 93 52415 4 52445 3 52462 22 52487 19 52510 34 52564 93 52717 23 52744 17 52767 32 52820 93 52973 23 53000 16 53024 31 53076 94 53229 22 53256 16 53281 4 53289 21 53332 96 53485 22 53512 16 53547 19 53588 98 53741 22 53768 16 53804 18 53844 100 53999 20 54024 16 54060 18 54100 100 54258 17 54280 15 54315 19 54357 100 54515 15 54537 14 54570 20 54614 99 54771 14 54793 14 54826 20 54870 99 55026 14 55052 10 55082 20 55126 98 55246 2 55282 14 55313 3 55339 19 55382 97 55500 6 55537 15 55596 18 55638 97 55755 7 55792 16 55853 17 55893 98 56010 8 56048 16 56111 15 56149 98 56265 9 56304 16 56351 6 56368 14 56404 99 56521 9 56560 16 56606 14 56624 14 56660 100 56778 8 56801 3 56817 15 56862 14 56879 14 56916 100 57036 7 57057 3 57073 15 57118 30 57171 101 57293 7 57311 5 57329 15 57374 13 57389 14 57426 101 57549 7 57560 11 57585 15 57630 12 57645 13 57682 100 57803 23 57841 15 57886 13 57901 11 57937 101 58062 20 58097 15 58148 7 58158 9 58193 101 58318 20 58353 15 58403 8 58415 8 58448 104 58574 21 58608 16 58658 9 58672 7 58704 110 58829 22 58863 17 58914 8 58928 6 58960 110 59083 24 59119 17 59169 9 59183 7 59217 109 59338 27 59375 17 59425 9 59439 7 59475 107 59594 29 59631 17 59681 8 59694 8 59732 106 59850 29 59887 17 59936 9 59949 9 59990 105 60106 29 60142 18 60192 8 60204 11 60246 106 60362 29 60397 19 60449 6 60459 11 60502 106 60617 30 60652 20 60705 5 60715 11 60758 107 60873 30 60908 20 60962 3 60971 11 61012 108 61129 30 61162 22 61227 11 61264 112 61384 56 61483 11 61506 3 61519 112 61639 57 61739 11 61760 7 61774 112 61894 58 61995 11 62015 9 62030 111 62149 28 62179 29 62251 11 62271 10 62286 109 62404 27 62436 28 62507 13 62525 12 62542 109 62659 28 62694 26 62763 30 62798 109 62914 29 62951 25 63020 29 63053 109 63170 30 63206 26 63276 30 63309 109 63426 30 63462 26 63533 29 63565 108 63682 30 63718 26 63790 28 63821 107 63937 31 63973 27 64046 28 64077 105 64193 31 64228 28 64302 28 64333 7 64341 95 64449 31 64483 29 64559 27 64589 102 64705 32 64738 30 64816 4 64831 11 64846 100 64951 5 64960 64 65088 10 65102 94 65206 7 65216 64 65345 8 65358 94 65462 74
863933,109 147 356 1 363 149 608 6 615 153 863 161 1114 2 1117 163 1366 170 1614 1 1621 171 1870 178 2124 180 2377 183 2632 184 2889 183 3145 183 3401 183 3657 183 3914 182 4171 181 4426 182 4682 182 4938 182 5194 1 5197 179 5448 4 5453 179 5700 188 5954 8 5963 181 6211 5 6219 181 6469 2 6475 181 6730 182 6986 182 7242 182 7497 183 7753 183 8010 182 8266 182 8521 183 8777 183 8987 3 9032 184 9243 3 9287 185 9499 2 9543 185 9799 185 10055 185 10311 185 10508 1 10567 185 10764 2 10823 185 11079 185 11335 185 11591 185 11782 2 11792 1 11848 184 12039 2 12048 1 12104 184 12295 2 12304 1 12360 184 12551 3 12616 184 12806 4 12874 182 13061 6 13130 182 13316 8 13386 2 13391 177 13571 9 13642 1 13647 177 13825 11 13904 176 14081 12 14163 173 14337 12 14419 186 14676 186 14932 172 15107 10 15119 4 15188 172 15363 8 15374 5 15444 172 15619 17 15699 173 15874 8 15883 9 15953 175 16130 19 16209 196 16466 195 16722 195 16978 195 17237 171 17409 20 17494 12 17507 157 17669 16 17750 12 17763 157 17926 15 18006 12 18019 157 18182 14 18262 1 18265 8 18275 157 18439 13 18522 6 18531 157 18694 13 18778 6 18786 158 18950 12 18967 2 19037 2 19041 159 19205 14 19221 7 19297 159 19461 24 19553 159 19717 25 19809 157 19973 28 20065 156 20228 25 20321 155 20484 14 20502 4 20577 154 20740 14 20758 3 20832 155 20996 10 21007 1 21014 2 21088 155 21252 10 21270 2 21343 158 21510 8 21597 163 21766 9 21852 164 22022 9 22108 161 22270 2 22277 10 22364 167 22533 9 22621 175 22877 173 23064 1 23067 1 23133 163 23300 6 23321 4 23388 164 23558 4 23569 2 23577 4 23643 164 23815 3 23827 3 23833 3 23899 164 24071 4 24083 8 24154 165 24327 3 24339 8 24410 165 24583 2 24595 8 24666 166 24839 2 24847 12 24922 165 25096 1 25102 14 25176 1 25179 164 25353 3 25357 14 25432 167 25609 6 25617 10 25687 168 25865 17 25943 168 26122 2 26126 5 26133 3 26150 1 26199 169 26382 10 26405 3 26455 169 26637 11 26660 5 26710 170 26895 10 26915 6 26963 173 27152 9 27171 5 27218 174 27411 6 27427 4 27470 178 27650 3 27669 4 27682 5 27721 2 27725 179 27906 3 27925 2 27939 4 27975 4 27981 179 28163 4 28177 5 28188 2 28196 2 28220 1 28228 6 28235 181 28418 6 28431 7 28443 5 28453 2 28476 1 28482 190 28673 9 28683 11 28699 6 28709 6 28732 2 28737 191 28929 20 28955 5 28964 7 28988 1 28993 211 29212 3 29219 7 29251 209 29469 2 29474 8 29506 190 29697 20 29725 13 29760 192 29953 21 29980 15 30014 194 30209 23 30235 16 30270 194 30465 23 30491 16 30524 196 30721 23 30747 2 30751 13 30777 199 30977 23 31004 18 31033 199 31233 24 31261 20 31288 200 31489 23 31517 20 31543 225 31773 21 31798 226 32028 24 32053 228 32283 254 32539 254 32795 6118 38915 254 39171 253 39427 253 39683 253 39940 252 40197 251 40453 251 40709 251 40964 252 41220 252 41476 252 41733 251 41989 251 42246 250 42502 250 42758 250 43016 248 43274 246 43524 2 43531 245 43780 3 43788 244 44036 3 44044 244 44292 3 44302 242 44548 3 44557 243 44804 3 44813 243 45062 3 45069 243 45318 3 45326 242 45573 3 45583 241 45829 2 45839 241 46085 2 46095 241 46341 2 46350 242 46598 1 46603 245 46859 245 47115 245 47372 244 47633 239 47881 2 47889 8 47902 1 47905 223 48137 7 48145 10 48161 223 48392 8 48401 10 48417 223 48648 8 48659 9 48673 223 48904 7 48915 9 48929 223 49160 7 49171 9 49186 222 49416 7 49427 10 49443 33 49478 186 49672 8 49681 12 49699 33 49734 186 49927 9 49937 12 49955 63 50020 156 50183 8 50193 12 50213 62 50279 9 50290 142 50439 7 50450 11 50469 52 50524 7 50539 2 50554 134 50695 7 50707 11 50722 7 50731 19 50751 25 50781 6 50808 136 50951 7 50963 11 50977 8 50987 17 51008 10 51019 10 51037 7 51063 137 51207 7 51219 11 51233 4 51243 31 51275 9 51293 7 51322 134 51463 7 51474 12 51488 4 51498 32 51531 7 51549 7 51579 133 51720 7 51729 20 51752 34 51787 2 51792 1 51806 5 51832 136 51976 35 52013 7 52024 20 52087 137 52232 6 52241 18 52262 14 52279 22 52342 138 52497 18 52518 14 52535 22 52568 4 52597 139 52751 20 52773 15 52790 21 52824 4 52853 139 53007 20 53029 37 53080 4 53109 139 53263 20 53286 36 53336 4 53362 11 53375 129 53519 20 53542 1 53545 33 53593 2 53617 3 53625 3 53632 128 53775 23 53802 32 53850 3 53874 1 53887 129 54031 23 54058 32 54106 4 54142 130 54287 60 54363 3 54398 130 54543 61 54619 3 54653 131 54798 62 54876 2 54910 130 55052 64 55132 1 55166 130 55308 63 55388 2 55422 130 55561 63 55644 3 55679 129 55816 64 55902 1 55934 130 56072 64 56152 3 56190 130 56328 64 56408 3 56448 128 56583 67 56664 3 56693 4 56705 127 56839 70 56921 2 56948 5 56960 128 57095 70 57178 1 57182 1 57204 6 57216 128 57352 69 57434 2 57437 2 57460 6 57472 128 57608 69 57690 5 57716 7 57728 128 57864 69 57946 5 57972 6 57983 129 58119 70 58220 4 58227 7 58239 129 58375 70 58476 4 58482 7 58495 129 58630 70 58731 14 58750 130 58886 70 58961 2 58986 14 59006 130 59142 70 59216 5 59242 8 59252 3 59262 130 59398 71 59474 1 59499 6 59519 129 59655 61 59717 9 59756 4 59775 129 59911 60 59974 8 60012 3 60030 130 60168 59 60231 7 60268 2 60286 130 60424 58 60488 4 60525 2 60542 130 60680 57 60746 1 60781 4 60798 130 60935 58 61002 1 61006 1 61036 6 61055 129 61191 58 61262 1 61292 6 61311 129 61446 56 61518 1 61548 6 61567 129 61701 57 61774 5 61805 5 61824 128 61957 57 62028 10 62040 1 62061 5 62074 4 62079 129 62212 58 62284 2 62287 11 62299 2 62318 4 62328 136 62468 57 62540 17 62562 1 62582 138 62725 56 62796 17 62817 4 62837 139 62980 52 63035 2 63050 19 63073 5 63093 139 63236 52 63306 19 63329 9 63348 140 63492 51 63561 19 63583 32 63617 127 63748 51 63817 19 63837 33 63874 4 63882 118 64004 40 64045 11 64072 53 64138 118 64261 37 64301 12 64318 1 64327 52 64392 120 64517 37 64557 15 64573 2 64583 51 64649 1 64655 113 64774 35 64814 17 64834 1 64840 50 64915 4 64921 103 65030 32 65070 18 65089 5 65095 50 65176 104 65287 30 65324 4 65330 71 65405 3 65422 3 65432 104
863998,13547 4 13792 5 13803 7 14047 23 14302 25 14558 26 14813 27 15069 27 15325 26 15563 3 15581 25 15818 3 15838 22 16057 9 16072 4 16094 21 16312 21 16350 22 16567 22 16606 22 16824 21 16861 23 17080 21 17116 24 17336 21 17372 23 17593 20 17628 23 17848 21 17884 23 18077 7 18103 22 18142 20 18332 9 18358 24 18397 21 18588 9 18614 24 18653 21 18843 11 18870 24 18908 22 19099 11 19126 24 19164 23 19352 14 19382 27 19419 24 19607 14 19638 29 19674 26 19861 15 19893 30 19930 27 20117 15 20148 31 20186 27 20372 16 20403 33 20441 29 20627 17 20658 34 20696 32 20883 16 20915 32 20951 32 20984 3 20988 2 21107 2 21139 15 21171 31 21205 33 21240 7 21362 5 21395 14 21429 28 21460 44 21617 12 21652 12 21691 21 21716 44 21873 13 21909 10 21948 19 21972 44 22129 14 22165 9 22205 18 22228 44 22387 13 22421 8 22463 16 22483 45 22644 13 22678 5 22726 8 22739 45 22900 14 22933 6 22984 5 23000 40 23156 15 23189 6 23257 39 23412 15 23445 7 23514 38 23667 16 23700 8 23771 36 23918 4 23923 16 23955 10 24028 36 24173 22 24211 11 24286 34 24429 22 24466 12 24543 33 24685 23 24721 14 24800 32 24941 23 24966 2 24978 13 25056 32 25197 23 25221 3 25234 12 25312 32 25452 6 25459 21 25490 11 25568 32 25706 8 25715 21 25738 1 25746 9 25823 33 25961 31 26002 9 26079 3 26086 26 26217 30 26258 9 26336 1 26344 24 26473 26 26514 9 26547 3 26600 23 26728 25 26770 10 26803 4 26858 19 26984 25 27027 9 27058 5 27104 2 27114 19 27240 25 27285 3 27313 7 27358 6 27370 18 27495 26 27569 6 27613 7 27626 18 27751 26 27824 7 27867 10 27882 17 28007 26 28069 4 28081 6 28122 13 28137 18 28263 23 28316 1 28324 8 28338 4 28378 33 28520 21 28570 4 28580 10 28595 2 28634 32 28776 19 28825 5 28835 11 28891 31 29032 19 29079 7 29091 12 29149 29 29289 18 29334 7 29347 15 29407 27 29546 17 29590 2 29602 17 29664 27 29803 16 29858 17 29920 28 30061 14 30114 17 30176 27 30317 13 30369 18 30432 27 30575 5 30625 18 30688 27 30833 2 30880 19 30944 27 31135 20 31200 28 31278 4 31390 21 31456 29 31532 7 31646 21 31699 7 31711 30 31787 8 31902 20 31954 9 31966 32 32043 9 32158 20 32209 12 32222 32 32300 8 32406 28 32462 49 32556 8 32660 28 32714 53 32813 7 32916 28 32969 54 33070 6 33171 28 33224 55 33327 5 33427 28 33480 56 33584 3 33683 27 33735 57 33940 25 33990 58 34098 2 34196 24 34246 58 34343 3 34353 6 34453 22 34502 58 34596 9 34608 7 34709 21 34757 59 34848 24 34965 20 35013 54 35069 1 35102 26 35221 20 35270 52 35357 26 35477 19 35526 52 35612 27 35734 18 35783 51 35868 27 35991 15 36040 50 36123 29 36248 13 36297 49 36379 30 36469 5 36504 9 36554 47 36634 31 36724 7 36761 8 36811 46 36889 31 36980 7 37018 6 37070 43 37145 31 37236 7 37275 4 37330 39 37401 31 37492 7 37587 40 37656 32 37748 7 37844 39 37884 2 37913 31 38004 7 38100 39 38141 1 38169 32 38260 7 38356 38 38426 32 38516 7 38613 37 38683 3 38689 25 38773 6 38869 36 38945 26 39029 6 39127 34 39202 25 39286 4 39388 28 39458 24 39641 1 39646 25 39715 20 39877 5 39889 9 39910 11 39924 2 39972 18 40131 8 40144 12 40167 4 40229 11 40243 2 40386 9 40400 13 40423 4 40487 9 40642 9 40656 14 40680 3 40744 7 40898 9 40912 16 40936 2 41001 4 41153 10 41168 5 41174 11 41192 2 41255 6 41409 10 41424 4 41433 8 41511 7 41665 10 41680 3 41689 8 41766 8 41784 1 41922 9 41936 3 41947 5 42022 7 42038 4 42178 9 42192 3 42278 7 42294 5 42434 9 42448 3 42535 4 42549 6 42690 9 42705 3 42806 5 42874 3 42946 8 42961 3 43063 3 43129 6 43203 3 43260 4 43384 8 43459 2 43483 1 43514 6 43640 9 43714 2 43739 1 43768 8 43896 9 43985 1 43995 4 44013 3 44020 12 44153 9 44232 5 44241 1 44252 6 44268 5 44276 12 44409 9 44488 5 44497 1 44508 6 44524 20 44602 8 44667 7 44740 10 44764 6 44780 20 44857 10 44916 4 44924 5 44995 11 45021 2 45036 20 45113 10 45170 7 45181 4 45250 12 45292 20 45360 4 45370 8 45416 4 45424 9 45505 14 45549 19 45614 7 45627 6 45671 19 45760 16 45806 18 45869 8 45884 5 45926 20 46016 17 46062 18 46124 10 46182 21 46272 18 46319 17 46379 11 46438 23 46529 18 46576 16 46634 13 46693 31 46786 17 46833 15 46888 15 46949 33 47042 17 47091 13 47142 17 47205 33 47294 26 47325 1 47349 1 47354 6 47397 18 47460 34 47505 1 47537 3 47547 37 47611 5 47652 19 47715 36 47758 6 47792 5 47801 40 47867 5 47907 19 47971 36 48014 7 48048 6 48056 42 48123 5 48162 20 48227 35 48270 7 48305 49 48380 4 48417 20 48482 35 48526 7 48561 38 48600 11 48636 4 48671 23 48738 27 48782 7 48816 51 48892 4 48926 25 48994 27 49038 7 49072 51 49149 3 49180 28 49251 28 49294 7 49327 40 49368 11 49405 3 49435 29 49507 28 49550 7 49582 41 49624 12 49662 2 49690 32 49763 29 49806 7 49838 53 49917 3 49946 35 50020 28 50062 7 50094 53 50173 3 50202 36 50277 27 50318 7 50350 53 50409 1 50428 4 50458 36 50534 26 50575 6 50606 46 50672 3 50680 8 50714 37 50791 24 50832 5 50862 46 50927 17 50969 38 51048 23 51118 46 51183 17 51226 37 51304 23 51374 46 51438 18 51482 38 51560 23 51631 46 51693 19 51738 38 51817 22 51887 49 51948 20 51994 38 52075 19 52143 50 52203 21 52251 38 52333 15 52399 50 52459 21 52508 37 52590 8 52655 50 52714 22 52765 37 52911 48 52970 22 53022 37 53167 46 53226 22 53278 27 53308 7 53423 46 53483 21 53535 2 53540 10 53551 6 53565 7 53680 45 53739 21 53799 6 53823 4 53937 44 53995 21 54055 6 54195 42 54252 20 54311 5 54457 36 54508 20 54568 4 54715 34 54764 20 54826 1 54975 20 55000 4 55019 21 55236 13 55274 22 55498 5 55532 20 55790 18 56047 17 56303 17 56558 18 56811 21 57066 22 57322 22 57577 23 57829 27 58084 28 58339 29 58594 30 58849 31 59063 5 59104 32 59318 8 59360 32 59571 11 59616 32 59824 15 59873 31 60002 3 60076 19 60129 31 60256 8 60331 20 60386 30 60511 12 60586 21 60642 30 60765 16 60841 22 60873 8 60899 33 61020 18 61094 25 61127 12 61155 34 61275 19 61349 25 61381 15 61411 34 61528 22 61604 26 61633 19 61668 33 61782 24 61828 4 61860 48 61925 32 62036 25 62082 7 62116 48 62183 30 62292 24 62338 7 62372 48 62440 29 62547 25 62593 9 62628 48 62698 26 62802 26 62849 9 62884 48 62954 26 63057 27 63105 9 63141 47 63210 25 63312 28 63361 10 63398 46 63467 23 63567 30 63618 9 63656 44 63723 22 63823 30 63875 8 63914 3 63923 32 63979 21 64079 31 64131 8 64180 31 64235 21 64335 33 64387 9 64436 31 64491 21 64591 33 64643 9 64692 31 64747 21 64846 34 64899 10 64948 32 65003 21 65102 34 65155 11 65204 32 65259 21 65358 33 65412 11 65460 32 65514 22
867180,15533 5 15788 6 16043 7 16298 8 16553 9 16807 11 17061 13 17316 13 17563 2 17570 14 17818 19 18074 18 18330 18 18429 3 18586 17 18684 4 18842 17 18940 4 19097 18 19354 17 19611 15 19871 12 20127 14 20384 14 20641 13 20903 7 21161 5 21243 1 21418 3 21844 1 22100 2 22269 1 22524 3 22779 5 23035 5 23291 5 23547 5 23804 4 24023 1 24060 3 24279 1 24313 6 24571 4 24827 4 25045 1 25085 1 25301 1 27868 1 28124 3 28380 4 28637 3 28893 2 29149 2 29662 2 29918 2 30175 1 30280 2 31014 1 31269 3 31304 1 31314 4 31525 3 31560 1 31571 3 31711 1 31781 4 31816 1 31827 3 31965 4 32038 3 32072 1 32221 8 32266 1 32295 2 32326 4 32477 9 32522 1 32581 5 32733 10 32778 1 32836 6 32988 12 33033 2 33054 3 33092 7 33243 14 33288 2 33310 5 33348 7 33459 3 33493 1 33495 21 33543 3 33565 6 33603 8 33715 3 33749 23 33799 6 33820 7 33859 9 33970 4 33987 3 34006 21 34046 2 34055 3 34076 7 34116 8 34226 6 34243 2 34262 20 34302 2 34332 7 34372 8 34483 5 34497 2 34519 18 34559 1 34588 8 34628 9 34678 6 34738 6 34776 17 34814 2 34845 7 34884 9 34932 10 34948 1 34993 7 35033 18 35069 2 35102 7 35132 5 35140 8 35188 10 35202 2 35249 7 35293 12 35325 3 35348 2 35360 6 35386 8 35395 9 35443 10 35458 2 35505 7 35549 11 35580 4 35604 2 35641 18 35696 15 35714 1 35761 4 35805 8 35835 5 35860 3 35897 17 35924 1 35952 16 36017 1 36062 7 36091 5 36116 2 36153 17 36180 1 36207 18 36318 6 36347 2 36410 5 36420 5 36463 19 36502 2 36571 9 36584 3 36602 2 36635 2 36668 1 36719 19 36829 7 36839 5 36857 3 36882 1 36891 2 36899 2 36937 2 36975 9 36985 9 37088 13 37111 3 37137 2 37147 1 37156 1 37193 2 37232 8 37242 7 37346 3 37350 8 37366 7 37393 5 37488 6 37498 6 37593 1 37607 8 37621 9 37650 4 37744 6 37754 6 37863 9 37877 9 37894 3 37907 2 37999 7 38014 1 38061 3 38119 9 38133 9 38149 5 38255 6 38272 2 38317 3 38376 8 38390 7 38404 6 38460 3 38476 1 38510 6 38524 7 38574 2 38634 6 38647 6 38660 6 38714 5 38761 10 38780 7 38830 3 38890 6 38906 3 38917 5 38971 3 39016 8 39031 3 39035 8 39083 5 39147 4 39163 1 39173 5 39227 2 39272 7 39283 14 39341 3 39405 1 39419 1 39430 3 39462 1 39528 1 39531 2 39538 9 39550 1 39598 1 39661 1 39664 2 39675 1 39686 3 39794 7 39904 5 39918 5 39931 1 39941 4 40050 5 40159 7 40174 8 40198 3 40245 3 40308 1 40322 3 40414 8 40430 8 40501 4 40577 4 40616 2 40670 7 40686 7 40756 6 40766 3 40833 4 40872 2 40927 4 40941 9 40962 1 40997 2 41012 13 41089 5 41124 2 41197 10 41212 2 41253 2 41268 14 41345 6 41379 3 41453 9 41468 3 41508 2 41527 11 41541 4 41601 5 41633 5 41709 7 41724 4 41764 2 41783 11 41797 4 41857 5 41889 5 41965 6 41981 3 42020 3 42039 11 42053 4 42113 4 42145 4 42221 5 42237 2 42275 5 42296 17 42369 4 42402 3 42478 3 42530 1 42534 3 42552 10 42563 6 42625 3 42727 2 42735 2 42785 2 42791 3 42808 14 42823 2 42882 1 42983 1 43042 1 43047 3 43064 8 43073 5 43172 2 43303 2 43320 8 43329 4 43428 2 43559 2 43577 7 43587 2 43811 7 43832 8 43843 2 44067 8 44087 9 44100 1 44323 8 44343 3 44349 3 44527 1 44580 7 44599 2 44783 1 44837 6 44855 2 45093 6 45112 1 45349 5 45368 1 45605 6 45690 3 45861 6 45946 4 46117 6 46200 6 46373 6 46456 6 46610 1 46628 7 46712 3 46865 5 46884 7 47121 4 47140 6 47376 5 47396 2 47399 2 47652 2 47907 3 48164 2 48167 2 48367 1 48422 3 48621 3 48678 3 48877 4 48934 3 49190 2 52475 5 52731 5 52988 4 53244 4 54648 1 54904 2 55091 2 55160 5 55417 3 55475 3 55592 2 55730 4 55844 1 55847 2 55986 3 56098 4 56103 2 56351 6 56580 1 56602 10 56835 2 56854 13 57109 13 57366 14 57625 11 57884 3 58460 3 58474 2 58716 4 58730 2 58900 1 58971 4 58986 1 59156 1 59226 5 59241 2 59484 2 60754 1 61747 2 61776 1 62276 1 62300 1 62531 2 62552 5 62786 4 62807 6 63042 3 63058 2 63061 8 63313 8 63324 1 63568 8 63823 5 64067 2 64079 4 64323 2 64334 4 64580 1 64590 3 64610 1 64768 2 64844 3 64863 5 65024 2 65074 2 65099 2 65118 7 65280 2 65290 1 65329 6 65350 2 65353 4 65373 8 65399 5
874368,920 4 1175 5 1429 7 1684 9 1939 11 2196 10 2452 10 2709 8 4705 3 4960 4 5216 5 5464 3 5471 6 5711 2 5720 3 5726 7 5965 6 5981 8 6221 6 6235 9 6477 6 6488 12 6733 5 6743 13 6999 14 7254 15 7510 16 7766 16 8021 16 8275 10 8530 11 8785 11 9041 11 9298 9 9556 7 9713 1 9813 5 9967 3 10142 2 10223 4 10397 5 10478 6 10651 9 10734 6 10905 12 10989 8 11159 15 11245 8 11414 17 11500 9 11670 18 11754 10 11925 20 12009 11 12180 20 12265 10 12436 20 12520 10 12692 19 12764 2 12776 10 12947 18 13018 7 13032 9 13202 18 13274 7 13288 9 13457 18 13530 8 13544 8 13709 22 13786 8 13800 8 13964 23 14042 8 14057 6 14152 1 14220 22 14262 2 14299 7 14315 1 14397 3 14408 3 14476 21 14517 3 14555 6 14653 3 14663 7 14731 16 14813 2 14908 4 14919 9 14987 15 15163 5 15175 11 15243 14 15419 5 15431 12 15499 14 15676 3 15687 12 15755 14 15820 1 15830 2 15943 12 16012 12 16072 7 16085 3 16193 5 16199 12 16269 10 16323 12 16438 1 16449 17 16528 7 16578 13 16691 7 16705 16 16786 3 16833 14 16947 8 16961 16 17088 14 17203 7 17217 7 17227 4 17344 13 17459 7 17473 6 17600 12 17717 2 17731 3 17857 8 18114 4 20509 5 20521 1 20763 9 20773 6 21018 17 21273 18 21528 19 21784 19 22040 20 22296 20 22369 4 22552 20 22601 5 22624 7 22809 11 22822 5 22855 8 22879 10 23065 10 23079 4 23110 9 23133 13 23322 9 23365 10 23388 14 23579 7 23620 11 23644 14 23836 5 23876 11 23898 17 24093 3 24131 11 24152 19 24386 11 24407 20 24642 9 24662 21 24897 9 24916 22 25153 7 25170 24 25409 7 25426 23 25664 8 25682 22 25920 9 25938 22 26176 9 26195 20 26433 8 26447 25 26691 7 26701 27 26949 35 27207 33 27463 33 27719 32 27974 32 28230 32 28486 32 28742 31 28822 1 28998 30 29076 5 29255 28 29331 7 29512 27 29587 8 29769 25 29842 11 30025 24 30098 13 30281 22 30354 14 30469 4 30537 19 30581 2 30610 15 30724 6 30792 19 30835 5 30867 15 30977 10 31048 17 31079 4 31091 5 31124 14 31232 11 31303 15 31333 7 31346 6 31380 14 31488 11 31559 15 31588 9 31602 6 31636 14 31744 11 31815 14 31844 20 31892 13 32000 10 32071 6 32080 3 32100 20 32148 12 32256 9 32326 6 32355 21 32404 11 32512 8 32582 6 32611 22 32662 7 32768 8 32838 5 32866 23 32921 3 33024 7 33096 2 33122 23 33178 1 33280 7 33378 23 33536 5 33634 22 33792 4 33890 21 34048 3 34146 20 34304 3 34402 18 34560 2 34658 16 34718 1 34893 5 34914 15 34974 1 35148 7 35170 14 35404 8 35426 14 35501 5 35660 8 35682 13 35756 7 35917 8 35939 12 36009 11 36174 10 36195 11 36264 12 36430 10 36450 13 36489 3 36520 11 36686 10 36706 13 36745 4 36776 10 36943 10 36962 13 37000 7 37032 10 37200 9 37218 13 37255 7 37287 10 37458 5 37474 17 37510 8 37543 10 37730 20 37766 8 37798 10 37994 15 38022 9 38055 9 38252 15 38278 10 38311 8 38508 15 38534 11 38567 7 38764 16 38790 12 38823 7 39021 15 39046 12 39079 8 39277 15 39302 12 39334 10 39533 14 39559 11 39590 10 39789 14 39814 11 39846 10 40045 14 40070 10 40102 9 40279 2 40301 13 40326 10 40358 8 40534 4 40556 14 40582 10 40615 7 40790 4 40811 15 40838 11 40874 2 41047 2 41067 15 41094 11 41323 14 41350 12 41579 13 41606 12 41658 2 41835 12 41862 12 41891 2 41912 5 42090 11 42118 12 42147 2 42167 7 42346 10 42374 12 42425 5 42600 12 42629 14 42820 3 42856 11 42882 17 43076 3 43112 11 43134 20 43332 3 43368 10 43389 21 43588 2 43624 9 43645 6 43654 11 43881 7 43901 5 43911 10 44157 4 44168 9 44425 8 44683 6 44941 3 45184 1 45445 3 45700 4 45956 5 46213 5 46469 5 46726 4 46983 3 47462 2 47525 4 47716 5 47745 2 47770 1 47780 6 47970 7 48001 2 48025 3 48035 8 48225 8 48280 5 48291 10 48481 7 48536 5 48547 12 48737 6 48792 6 48803 12 48994 4 49048 6 49059 13 49305 6 49316 13 49562 5 49573 13 49819 4 49830 17 50075 4 50087 18 50292 3 50331 9 50343 3 50347 17 50548 3 50587 9 50598 4 50604 2 50608 12 50843 19 50864 12 51098 19 51120 12 51340 3 51354 18 51375 12 51595 5 51610 33 51851 5 51867 32 52106 5 52125 29 52362 5 52382 28 52618 5 52639 26 52896 24 53152 23 53415 14 53656 4 53672 11 53892 1 53911 5 53930 8 54146 5 54167 5 54186 8 54401 8 54423 5 54442 7 54462 5 54656 10 54680 4 54699 6 54716 9 54911 13 54955 5 54969 13 55166 15 55210 6 55224 15 55422 16 55456 5 55465 6 55480 17 55677 17 55712 6 55720 7 55736 18 55933 17 55968 6 55977 5 55992 19 56189 18 56223 7 56235 2 56249 18 56287 3 56446 17 56480 6 56505 19 56543 3 56703 16 56736 6 56761 20 56800 2 56963 12 56992 5 57015 24 57220 10 57243 3 57247 5 57268 29 57476 9 57498 10 57524 30 57733 8 57754 9 57780 31 57989 7 58009 10 58036 31 58246 1 58265 10 58292 31 58521 10 58548 31 58776 9 58805 18 58824 10 59032 4 59060 28 59095 1 59288 3 59316 27 59350 4 59572 25 59606 4 59747 2 59828 6 59836 6 59844 9 59862 4 60004 1 60014 1 60083 7 60092 5 60100 9 60118 4 60267 6 60339 7 60348 4 60357 8 60375 3 60522 8 60595 12 60614 8 60625 5 60778 9 60851 11 60871 7 60880 6 61034 9 61108 15 61126 7 61135 8 61280 6 61290 9 61364 24 61391 8 61534 10 61545 10 61627 17 61646 9 61784 27 61884 16 61902 9 62040 27 62144 4 62158 8 62296 27 62413 9 62552 28 62666 2 62670 6 62770 3 62808 10 62819 17 62922 2 62955 2 63026 2 63064 9 63076 16 63210 4 63319 9 63332 16 63465 6 63575 7 63588 16 63658 4 63721 5 63810 3 63831 5 63844 15 63913 5 63977 5 64036 2 64065 4 64088 4 64099 15 64169 5 64234 3 64292 3 64306 1 64321 4 64344 3 64355 12 64424 6 64548 3 64561 2 64576 6 64600 4 64611 11 64666 1 64676 10 64804 4 64816 5 64829 9 64857 3 64867 11 64920 4 64930 12 64965 3 65060 4 65073 5 65084 9 65114 3 65123 11 65177 2 65186 12 65221 2 65317 3 65329 7 65339 9 65370 5 65378 11 65441 13 65477 2
877548,0 15 20 63 106 4 117 19 139 15 164 8 177 31 233 8 254 15 275 64 361 5 371 21 393 18 420 6 434 28 489 9 509 16 529 66 617 6 627 44 674 4 690 27 745 10 765 17 783 68 873 6 883 53 949 24 1001 17 1024 84 1128 7 1138 53 1207 23 1257 19 1280 86 1382 9 1393 39 1433 13 1464 22 1513 20 1536 87 1628 1 1637 11 1649 39 1690 12 1720 23 1769 21 1792 87 1885 7 1893 50 1949 8 1975 27 2020 2 2024 111 2142 57 2206 7 2230 29 2275 4 2280 112 2398 57 2459 10 2485 31 2530 118 2655 57 2713 13 2739 34 2785 119 2911 73 2995 35 3041 8 3053 108 3167 74 3250 37 3297 8 3309 108 3420 77 3505 39 3553 7 3566 188 3760 23 3786 16 3809 7 3822 236 4066 7 4074 241 4323 28 4352 219 4579 28 4608 219 4836 245 5092 236 5330 6 5348 237 5587 5 5604 245 5860 244 6116 37 6155 205 6372 36 6420 195 6629 35 6676 195 6888 17 6906 15 6931 196 7144 16 7163 15 7186 198 7390 4 7400 16 7421 1 7424 10 7441 200 7642 30 7680 11 7695 234 7936 12 7950 235 8192 215 8408 34 8448 215 8664 34 8704 215 8920 4 8928 26 8960 215 9184 26 9216 215 9440 27 9472 215 9695 29 9728 215 9947 1 9950 30 9984 215 10202 34 10240 215 10457 36 10496 214 10712 38 10752 213 10968 253 11225 26 11252 224 11481 25 11508 225 11737 253 11993 37 12032 215 12248 38 12288 251 12544 250 12800 229 13030 20 13056 250 13312 251 13568 251 13824 214 14041 1 14043 33 14080 213 14300 34 14336 213 14557 33 14592 213 14813 34 14848 213 15069 247 15325 247 15581 34 15616 212 15837 34 15872 213 16092 35 16128 212 16348 35 16384 211 16604 35 16640 199 16840 10 16860 35 16896 186 17085 9 17097 7 17112 2 17116 35 17152 185 17344 2 17356 2 17368 39 17408 185 17601 1 17624 224 17856 2 17878 226 18112 1 18131 228 18367 2 18385 229 18622 3 18641 228 18878 2 18896 229 19133 3 19152 229 19390 1 19407 230 19661 232 19901 4 19916 234 20157 5 20170 25 20198 207 20413 6 20427 24 20456 205 20669 11 20683 23 20713 204 20924 14 20941 12 20956 8 20970 202 21178 17 21198 10 21213 8 21227 223 21458 6 21469 8 21484 221 21723 1 21726 7 21741 211 21974 17 21999 1 22006 202 22229 20 22264 200 22485 22 22519 201 22741 22 22774 202 22985 6 22997 23 23029 204 23240 10 23252 24 23284 205 23495 40 23537 208 23751 250 24007 251 24264 251 24520 254 24777 1038 25818 253 26074 253 26330 10789 37120 254 37376 252 37632 251 37888 251 38144 254 38400 255 38656 254 38912 253 39168 253 39424 253 39680 253 39936 253 40192 254 40448 254 40704 254 40960 254 41216 254 41472 253 41728 253 41984 253 42240 253 42496 254 42752 254 43008 253 43264 253 43520 253 43776 254 44032 253 44288 253 44544 253 44800 253 45056 253 45312 254 45568 254 45824 210 46038 41 46080 198 46280 9 46295 40 46336 198 46536 9 46551 40 46592 195 46791 9 46808 235 47047 9 47063 235 47303 8 47318 41 47360 194 47561 6 47571 44 47616 194 47818 51 47872 194 48074 51 48128 194 48324 57 48384 193 48580 57 48640 254 48896 759 49656 213 49871 39 49914 211 50128 7 50137 29 50170 211 50385 6 50395 27 50426 211 50642 5 50652 26 50683 209 50900 3 50904 31 50939 205 51153 1 51156 36 51195 201 51407 42 51450 202 51662 246 51918 224 52145 15 52162 2 52174 223 52400 12 52430 49 52480 173 52656 12 52685 224 52912 12 52936 232 53169 10 53192 212 53406 17 53425 10 53448 211 53664 15 53681 8 53703 211 53921 13 53937 8 53959 211 54177 12 54193 8 54215 211 54433 12 54449 8 54470 212 54689 12 54705 9 54725 213 54944 12 54961 9 54981 213 55200 12 55217 10 55235 214 55456 11 55474 10 55490 61 55552 153 55712 11 55731 10 55742 65 55808 152 55968 11 55989 74 56064 153 56224 11 56246 228 56481 3 56486 2 56502 228 56759 228 57014 230 57270 234 57526 73 57600 160 57782 4 57790 65 57856 161 58038 4 58046 65 58112 162 58276 6 58295 1 58302 237 58559 211 58772 23 58816 210 59029 23 59072 211 59285 23 59328 236 59584 5 59590 230 59830 6 59841 4 59848 228 60085 9 60096 5 60104 229 60341 18 60360 228 60597 247 60852 248 61109 215 61326 31 61365 214 61582 25 61620 215 61838 24 61876 10 61889 202 62093 24 62132 11 62146 226 62387 11 62402 225 62643 10 62657 224 62900 9 62913 217 63131 6 63155 5 63171 215 63389 4 63410 5 63430 6 63439 203 63645 5 63666 4 63696 202 63901 6 63922 4 63953 202 64156 8 64174 2 64178 4 64207 213 64425 7 64434 3 64461 206 64668 8 64682 6 64716 206 64924 8 64938 6 64959 4 64972 206 65180 9 65194 7 65215 5 65228 207 65437 8 65450 8 65471 5 65483 18 65502 34
890795,0 66 71 8 93 28 130 5 138 6 146 30 181 1 184 11 208 33 254 68 327 8 342 4 350 27 385 7 393 39 435 15 464 33 512 64 582 9 597 6 606 27 641 47 691 15 720 34 768 65 838 9 852 8 863 26 897 47 946 16 976 34 1024 66 1092 26 1119 30 1152 48 1202 17 1232 34 1280 82 1363 116 1487 35 1536 81 1620 116 1742 33 1792 80 1877 115 1998 33 2048 80 2134 114 2254 33 2304 80 2390 115 2509 33 2560 81 2646 115 2764 33 2816 81 2903 113 3019 17 3040 13 3072 81 3159 113 3275 16 3297 12 3328 82 3414 114 3532 14 3554 10 3575 1 3584 200 3788 14 3811 9 3823 3 3830 2 3840 96 3937 104 4044 14 4068 7 4077 5 4085 1 4096 96 4194 120 4324 7 4333 5 4340 2 4352 95 4450 121 4580 7 4589 9 4608 95 4707 121 4836 7 4846 8 4864 96 4964 121 5092 8 5102 4 5111 1 5120 97 5220 122 5348 8 5358 4 5367 1 5376 98 5476 121 5603 9 5614 4 5621 1 5632 98 5731 137 5871 4 5877 1 5888 236 6128 4 6144 237 6385 3 6400 237 6641 1 6656 223 6881 12 6897 1 6912 219 7132 3 7136 18 7164 3 7168 219 7388 3 7392 18 7417 6 7424 885 8311 136 8448 117 8568 135 8704 117 8824 115 8940 19 8960 117 9081 253 9337 253 9593 253 9849 253 10105 252 10360 19 10382 230 10615 19 10638 230 10869 21 10895 251 11151 251 11407 251 11663 25 11690 84 11776 128 11905 10 11918 25 11946 84 12032 126 12161 126 12288 125 12418 125 12544 125 12674 125 12800 125 12930 250 13186 250 13442 97 13540 153 13697 97 13796 15 13812 12 13825 125 13951 99 14052 13 14068 12 14082 223 14308 9 14320 16 14338 217 14557 4 14564 6 14576 16 14595 215 14815 1 14821 4 14830 18 14851 214 15078 2 15085 19 15107 214 15340 20 15363 214 15596 20 15619 214 15842 2 15851 21 15875 215 16096 5 16107 21 16131 226 16364 20 16387 230 16620 20 16643 231 16877 19 16899 177 17079 51 17135 1 17139 13 17155 177 17335 51 17394 14 17411 177 17591 51 17650 14 17666 179 17847 53 17906 14 17921 236 18161 14 18176 178 18356 57 18416 15 18432 102 18535 74 18612 57 18672 15 18688 100 18791 136 18928 15 18944 86 19033 10 19047 136 19184 15 19200 85 19289 8 19304 135 19440 15 19456 84 19547 6 19561 134 19696 15 19712 84 19803 6 19818 149 19968 84 20059 3 20075 148 20224 85 20316 1 20330 149 20480 85 20580 245 20836 246 21092 118 21212 129 21347 35 21384 214 21603 35 21644 194 21839 17 21857 37 21901 192 22097 54 22159 192 22353 54 22415 141 22558 50 22610 54 22670 194 22865 54 22926 197 23125 49 23182 198 23381 3 23385 45 23438 198 23642 44 23693 201 23898 45 23948 252 24202 209 24413 254 24669 254 24925 254 25181 253 25436 254 25692 181 25881 65 25947 181 26138 246 26394 246 26650 245 26906 243 27162 241 27419 226 27646 11 27676 225 27904 8 27933 224 28159 9 28190 44 28237 172 28413 10 28446 45 28493 172 28669 10 28703 44 28749 171 28925 9 28959 45 29005 184 29215 229 29471 228 29727 228 29983 226 30239 225 30495 225 30737 2 30751 39 30797 179 30992 8 31006 38 31054 178 31247 12 31262 37 31312 176 31503 13 31517 4 31522 33 31570 174 31758 17 31778 32 31827 13 31841 84 31928 72 32013 18 32033 33 32083 96 32186 70 32268 54 32340 90 32444 68 32524 53 32596 91 32702 66 32779 54 32852 92 32961 63 33035 53 33109 91 33220 60 33291 52 33365 93 33477 55 33548 50 33621 93 33735 53 33804 5 33811 5 33817 37 33877 95 33993 22 34016 27 34062 1 34069 3 34074 36 34133 96 34250 19 34272 26 34325 3 34331 35 34389 97 34505 19 34528 26 34581 4 34587 35 34645 98 34762 17 34783 26 34821 3 34836 42 34901 99 35019 10 35039 24 35077 4 35091 43 35157 98 35281 1 35295 24 35332 6 35346 43 35413 98 35551 25 35588 6 35601 43 35658 1 35668 98 35806 28 35841 9 35857 41 35913 3 35924 96 36061 30 36096 3 36100 6 36109 3 36113 38 36169 3 36179 97 36317 30 36352 2 36357 4 36365 40 36426 1 36435 98 36572 31 36608 1 36614 2 36620 35 36657 4 36691 98 36827 32 36876 34 36914 1 36946 100 37081 35 37132 33 37202 84 37288 16 37336 39 37388 33 37457 85 37545 16 37591 41 37644 33 37713 85 37801 16 37847 41 37900 36 37964 1 37969 87 38057 16 38103 41 38157 35 38219 2 38225 11 38237 92 38358 42 38414 34 38475 3 38481 11 38494 91 38612 44 38670 34 38711 2 38729 6 38737 95 38836 4 38867 45 38926 26 38955 5 38965 5 38984 8 38994 90 39110 3 39121 47 39181 27 39213 2 39221 5 39240 99 39365 5 39376 48 39430 34 39476 6 39495 99 39620 7 39631 49 39686 34 39731 7 39751 99 39875 61 39942 13 39959 18 39986 8 40007 99 40128 64 40199 13 40215 19 40242 8 40262 99 40382 66 40455 13 40471 20 40497 8 40517 99 40638 66 40712 13 40727 5 40735 12 40752 9 40772 98 40894 66 40961 21 40983 5 40992 11 41008 8 41028 97 41150 87 41249 10 41264 8 41275 5 41283 19 41303 76 41393 6 41405 86 41505 11 41519 9 41530 26 41560 73 41647 9 41661 85 41762 10 41774 10 41785 24 41818 72 41902 10 41916 86 42018 21 42041 22 42076 70 42158 10 42170 87 42274 44 42332 70 42413 100 42530 44 42588 70 42668 96 42787 43 42844 70 42923 97 43043 42 43100 70 43177 99 43299 41 43356 70 43432 101 43555 40 43617 65 43688 102 43810 40 43856 1 43875 63 43944 103 44065 40 44111 4 44131 63 44200 103 44321 40 44366 5 44387 63 44456 102 44576 41 44622 6 44642 8 44652 52 44712 101 44833 41 44877 7 44897 9 44909 47 44968 101 45089 41 45131 9 45152 10 45170 40 45225 99 45345 51 45404 15 45427 32 45462 3 45482 98 45601 50 45660 19 45687 26 45738 97 45857 5 45863 35 45899 8 45916 24 45944 25 45995 95 46114 3 46119 34 46155 7 46172 12 46185 39 46250 93 46376 32 46412 5 46428 10 46442 37 46506 92 46632 31 46684 9 46698 30 46763 91 46889 30 46940 8 46955 28 47019 91 47145 30 47197 6 47211 27 47275 92 47401 30 47453 5 47468 26 47531 94 47657 30 47729 21 47787 95 47912 32 47985 21 48043 96 48166 35 48240 21 48298 97 48420 37 48496 20 48553 86 48640 11 48675 27 48703 9 48752 18 48804 91 48896 12 48930 25 48960 8 49008 10 49058 93 49152 11 49185 8 49195 15 49216 7 49257 5 49263 10 49314 93 49408 11 49440 8 49453 14 49473 6 49512 17 49570 93 49664 11 49696 8 49710 14 49731 7 49768 16 49826 93 49920 10 49936 4 49952 7 49966 15 49987 9 50023 10 50069 2 50083 92 50176 21 50207 7 50222 17 50243 10 50279 10 50324 3 50339 92 50432 21 50463 7 50478 3 50485 25 50536 9 50580 3 50595 92 50688 22 50719 7 50736 31 50792 8 50836 3 50850 116 50975 6 50993 31 51048 7 51092 2 51105 116 51232 5 51249 31 51305 5 51359 118 51488 5 51506 30 51561 5 51615 118 51744 6 51762 30 51818 3 51870 119 52002 4 52018 29 52126 119 52258 4 52273 30 52382 119 52513 5 52529 30 52638 119 52769 5 52785 30 52894 98 52993 20 53025 5 53044 6 53053 5 53059 12 53150 119 53282 6 53302 5 53310 3 53316 11 53406 119 53528 7 53539 5 53558 5 53573 10 53662 119 53784 5 53798 1 53815 5 53829 10 53918 97 54016 9 54027 9 54040 5 54071 6 54086 8 54174 97 54272 8 54284 8 54296 4 54326 8 54431 95 54528 7 54540 8 54553 3 54582 9 54687 95 54784 6 54797 6 54810 3 54827 4 54839 8 54942 104 55054 5 55066 3 55083 4 55092 1 55095 8 55172 4 55197 104 55339 4 55350 9 55428 6 55451 105 55576 2 55597 3 55605 10 55685 7 55706 105 55830 6 55838 3 55850 1 55853 19 55942 6 55962 105 56085 13 56105 2 56109 20 56198 7 56218 105 56340 14 56362 24 56455 7 56474 105 56595 14 56619 24 56711 8 56731 103 56844 2 56851 13 56876 23 56967 9 56987 101 57095 9 57107 13 57132 23 57223 10 57243 101 57350 12 57363 13 57389 13 57403 8 57478 11 57498 102 57605 26 57646 11 57661 5 57734 12 57753 103 57861 15 57902 10 57969 3 57989 13 58009 103 58116 15 58159 8 58224 6 58243 15 58264 104 58373 13 58415 12 58480 6 58497 18 58522 104 58629 13 58671 13 58736 7 58751 23 58778 105 58885 12 58929 12 58991 9 59005 26 59035 105 59142 11 59186 11 59247 41 59291 106 59399 6 59443 10 59501 43 59547 106 59655 4 59699 10 59755 47 59803 104 59911 4 59955 10 60011 53 60067 93 60167 4 60192 3 60212 9 60266 53 60324 92 60425 1 60448 2 60467 10 60522 53 60580 92 60675 2 60688 2 60704 1 60723 9 60734 1 60777 54 60837 96 60979 9 61019 3 61029 58 61093 8 61104 86 61235 8 61247 2 61274 6 61284 59 61350 6 61361 88 61491 7 61529 71 61606 5 61617 88 61747 7 61785 73 61861 5 61874 88 62003 6 62038 85 62130 78 62210 8 62260 3 62292 87 62385 79 62466 9 62515 3 62547 89 62640 80 62722 9 62769 4 62803 90 62894 82 62977 10 63024 7 63059 173 63233 11 63279 8 63315 173 63489 12 63535 8 63571 173 63745 14 63791 8 63824 176 64001 14 64046 9 64078 177 64257 15 64298 1 64302 8 64334 176 64513 17 64560 5 64589 176 64770 18 64844 177 65026 18 65065 2 65100 178 65281 19 65319 5 65356 178
891930,112 48 209 23 344 1 368 49 466 21 600 3 624 50 722 20 856 4 880 52 978 17 1111 6 1136 55 1235 15 1367 6 1392 57 1452 6 1491 14 1512 2 1623 6 1648 68 1748 12 1767 4 1879 6 1903 71 2005 10 2022 5 2045 3 2136 4 2159 72 2262 9 2278 5 2301 3 2392 4 2415 73 2520 6 2533 6 2558 2 2649 2 2670 74 2778 2 2788 7 2814 2 2904 3 2924 75 3042 9 3070 2 3160 3 3168 3 3180 75 3297 9 3326 2 3414 14 3436 74 3552 9 3581 3 3670 15 3693 53 3747 18 3802 2 3807 9 3823 1 3837 3 3927 14 3949 51 4004 17 4058 14 4079 1 4093 3 4183 14 4205 50 4263 14 4290 5 4296 1 4313 15 4334 9 4349 3 4440 13 4461 52 4520 13 4545 9 4570 38 4697 12 4716 53 4776 13 4801 11 4826 38 4953 11 4972 53 5033 12 5056 12 5074 2 5078 42 5210 4 5217 2 5228 53 5291 9 5312 13 5328 48 5484 52 5548 8 5568 64 5740 53 5806 3 5823 65 5997 52 6062 1 6078 66 6255 50 6334 66 6511 50 6588 17 6606 50 6767 49 6838 23 6862 50 7023 49 7082 35 7119 49 7280 48 7337 37 7375 49 7536 49 7592 88 7793 48 7847 89 8050 47 8103 89 8306 48 8359 89 8563 47 8616 88 8819 47 8872 88 9076 48 9127 89 9333 49 9383 89 9591 137 9847 137 10103 78 10184 56 10359 77 10440 56 10614 77 10697 55 10869 78 10953 55 11124 80 11209 55 11380 81 11464 56 11638 138 11900 132 12157 131 12417 127 12675 125 12932 124 13188 124 13444 124 13702 122 13958 122 14214 30 14248 88 14477 22 14506 86 14734 21 14765 83 14990 20 15021 83 15246 19 15269 4 15276 84 15501 7 15514 6 15524 92 15753 12 15769 9 15779 93 16007 14 16024 104 16261 123 16512 128 16771 125 17027 125 17276 3 17282 126 17528 8 17538 126 17783 137 18028 5 18039 137 18284 6 18295 137 18539 7 18552 136 18795 7 18806 138 19051 8 19061 139 19305 151 19559 153 19814 154 20070 154 20326 154 20582 154 20838 154 21095 153 21351 153 21607 148 21863 148 22120 146 22376 91 22474 48 22632 89 22731 47 22888 89 22987 47 23145 88 23244 34 23280 7 23401 87 23500 31 23539 3 23657 87 23757 29 23802 4 23913 87 24014 22 24038 2 24057 7 24169 87 24275 16 24312 8 24426 86 24534 12 24568 8 24682 85 24792 8 24824 8 24938 86 25049 5 25080 8 25195 85 25305 4 25335 9 25451 85 25562 2 25591 9 25707 85 25846 10 25964 84 26085 3 26102 10 26220 83 26341 3 26357 11 26477 82 26597 3 26613 11 26733 81 26854 2 26869 11 26989 76 27067 3 27125 11 27246 73 27324 2 27381 11 27502 73 27579 3 27636 12 27758 80 27892 12 28014 80 28147 13 28270 75 28346 2 28402 14 28527 76 28658 14 28783 75 28914 14 29040 74 29170 14 29296 74 29407 1 29427 13 29552 74 29662 2 29683 13 29809 72 29886 2 29917 3 29939 13 30066 71 30140 5 30172 4 30195 12 30322 69 30396 5 30428 4 30450 12 30578 58 30638 8 30648 10 30683 6 30706 14 30835 56 30903 11 30939 6 30962 14 31091 56 31158 13 31195 6 31218 14 31347 51 31400 4 31413 19 31451 6 31474 14 31603 51 31655 6 31669 21 31708 4 31730 14 31859 58 31925 29 31961 1 31985 15 32115 51 32168 8 32180 33 32216 3 32241 15 32372 50 32426 7 32434 44 32497 15 32628 48 32682 56 32753 15 32884 47 32938 58 33010 14 33140 47 33194 58 33267 13 33397 46 33450 58 33525 11 33654 45 33707 57 33782 10 33910 44 33971 49 34038 10 34166 44 34226 49 34294 10 34423 42 34482 48 34550 10 34679 42 34736 49 34806 10 34936 39 34987 54 35062 10 35192 38 35242 55 35318 10 35448 35 35497 56 35575 9 35704 2 35708 2 35711 27 35753 61 35832 8 35972 20 36009 62 36088 8 36231 17 36265 63 36344 8 36490 13 36520 65 36598 10 36748 10 36775 67 36853 11 37005 8 37026 73 37102 2 37108 12 37280 96 37536 96 37791 97 38046 98 38302 98 38557 99 38812 100 39065 103 39322 102 39579 101 39833 103 40081 111 40333 115 40587 117 40842 118 41097 119 41353 119 41609 119 41865 119 42121 119 42378 118 42634 118 42891 117 43148 116 43404 116 43660 116 43916 116 44172 116 44428 116 44683 117 44938 118 45193 119 45448 120 45702 122 45958 122 46214 122 46470 122 46726 122 46982 122 47238 122 47494 122 47750 122 48006 122 48263 121 48519 121 48775 121 49031 118 49150 2 49287 115 49407 1 49544 113 49663 1 49800 113 50056 113 50313 81 50395 29 50569 80 50653 10 50670 10 50825 79 50909 8 50929 6 51082 76 51165 7 51338 75 51421 6 51595 73 51677 5 51851 74 51936 1 52107 25 52139 43 52363 26 52398 40 52620 25 52658 37 52876 25 52919 31 53133 26 53176 30 53389 26 53433 30 53473 3 53645 26 53690 29 53729 5 53902 24 53947 29 53984 6 54158 24 54204 29 54240 6 54414 24 54460 31 54496 7 54670 23 54716 33 54751 8 54927 22 54972 43 55184 20 55228 44 55293 3 55441 16 55485 43 55551 1 55697 15 55741 44 55807 1 55953 14 55997 44 56063 1 56209 13 56253 45 56466 11 56510 45 56575 1 56722 10 56769 43 56826 3 56830 2 56978 10 57032 37 57079 9 57235 8 57289 36 57333 11 57493 4 57550 31 57587 13 57809 29 57843 13 58066 27 58099 13 58322 27 58356 12 58579 4 58586 19 58614 10 58836 2 58842 19 58872 8 59099 17 59127 9 59358 14 59382 10 59615 12 59638 10 59872 11 59894 10 60128 2 60133 6 60150 10 60385 1 60390 5 60406 10 60647 1 60663 9 60910 1 60920 8 61176 8 61432 8 61688 8 61944 8 62112 4 62200 8 62367 6 62447 4 62456 8 62622 7 62702 6 62712 8 62877 8 62958 7 62968 8 63131 10 63202 5 63214 7 63223 9 63387 10 63458 8 63470 18 63642 12 63714 8 63727 17 63898 12 63969 10 63988 12 64154 12 64225 10 64244 12 64410 12 64482 9 64499 13 64666 12 64738 9 64755 13 64923 10 64996 28 65179 10 65253 27 65436 9 65510 26
892843,54 10 65 19 85 4 168 13 250 6 310 30 424 13 506 6 562 29 593 4 604 1 682 12 762 6 818 15 835 8 850 3 859 3 940 14 1018 6 1073 25 1106 3 1115 4 1124 9 1198 14 1274 6 1329 25 1361 5 1370 19 1455 13 1530 6 1584 25 1616 6 1628 1 1631 15 1713 11 1786 6 1837 28 1872 6 1887 5 1893 9 1971 9 2041 7 2092 29 2128 6 2142 16 2228 8 2297 7 2348 28 2384 7 2398 16 2484 8 2553 7 2604 29 2640 8 2653 16 2740 7 2809 7 2861 31 2897 6 2909 16 2995 8 3065 7 3118 31 3154 6 3165 16 3249 9 3321 7 3379 27 3411 6 3419 17 3503 11 3577 7 3636 26 3668 6 3675 16 3756 14 3833 7 3893 24 3924 22 4011 15 4090 6 4149 23 4180 12 4197 3 4266 17 4286 2 4348 4 4406 22 4436 12 4522 18 4541 5 4606 2 4662 22 4692 12 4778 24 4889 3 4919 21 4949 11 5035 23 5144 5 5175 22 5205 10 5292 21 5400 5 5432 21 5462 9 5549 16 5609 4 5656 5 5688 22 5719 7 5806 14 5863 7 5913 3 5944 22 5978 1 6062 15 6118 9 6170 1 6201 22 6318 15 6374 10 6459 19 6574 15 6629 11 6716 17 6830 15 6884 13 6973 15 7087 14 7139 15 7230 5 7237 6 7345 12 7394 17 7644 24 7900 25 8155 26 8411 26 8640 3 8667 27 8895 5 8923 27 9150 6 9179 26 9405 7 9435 26 9642 4 9658 11 9693 23 9728 3 9897 5 9909 16 9954 17 9984 5 10152 6 10164 18 10210 16 10240 6 10407 7 10420 18 10467 14 10496 6 10662 9 10676 17 10724 3 10730 7 10752 6 10821 4 10917 11 10932 16 10987 5 11008 5 11164 22 11187 17 11245 1 11264 5 11419 41 11520 5 11675 40 11731 3 11776 4 11827 2 11930 40 11981 10 12032 4 12185 40 12236 11 12288 3 12441 39 12491 13 12544 3 12697 39 12747 13 12800 3 12954 32 12989 1 13003 12 13056 1 13211 31 13259 11 13312 1 13469 29 13515 10 13724 30 13771 9 13979 34 14027 9 14170 1 14233 36 14284 8 14425 3 14488 23 14516 9 14540 7 14680 5 14743 21 14769 12 14798 4 14936 5 14999 20 15025 12 15192 6 15254 21 15282 11 15448 6 15510 21 15539 9 15705 5 15767 5 15780 6 15795 9 15871 1 15961 5 16037 5 16051 9 16126 2 16217 8 16294 3 16307 9 16382 2 16473 9 16563 9 16635 5 16728 11 16821 4 16889 7 16984 11 17077 4 17144 8 17240 11 17333 3 17400 8 17496 11 17576 2 17588 4 17656 8 17752 11 17832 2 17844 4 17910 10 17948 7 18009 9 18088 2 18099 4 18165 11 18203 8 18265 8 18353 5 18420 12 18459 8 18522 6 18606 8 18675 13 18715 8 18778 2 18781 2 18861 6 18930 14 18971 7 19038 1 19117 5 19185 15 19228 6 19440 16 19484 5 19695 17 19937 1 19951 17 20184 5 20190 5 20207 17 20440 12 20462 18 20695 13 20718 18 20845 3 20951 13 20974 18 21100 5 21206 13 21231 16 21356 5 21462 13 21487 14 21611 6 21628 3 21718 12 21744 8 21867 7 21883 5 21975 10 22003 2 22123 7 22139 6 22232 9 22380 6 22395 8 22489 7 22637 5 22651 10 22747 2 22894 3 22907 11 23163 12 23419 13 23600 2 23675 13 23932 12 24189 11 24446 4 24747 3 25001 6 25257 7 25513 7 25769 7 26025 7 26196 3 26282 5 26397 2 26448 10 26537 7 26640 17 26703 13 26792 8 26895 19 26958 15 27048 8 27150 21 27214 16 27303 9 27357 1 27406 21 27469 17 27559 9 27661 22 27724 19 27815 9 27917 22 27975 24 28071 8 28173 21 28229 17 28247 8 28327 8 28415 1 28429 20 28484 18 28505 7 28584 6 28670 2 28685 20 28739 18 28762 6 28841 4 28925 3 28941 2 28945 15 28995 11 29009 3 29020 4 29181 3 29201 15 29250 12 29270 1 29279 2 29437 3 29457 15 29504 13 29526 1 29693 3 29711 17 29758 15 29782 3 29887 3 29948 4 29969 14 30014 14 30038 4 30143 2 30204 4 30226 13 30270 14 30295 4 30399 2 30460 4 30483 10 30526 14 30550 6 30715 5 30740 6 30783 13 30806 6 30971 5 31039 16 31062 7 31227 5 31296 17 31317 8 31377 7 31483 5 31553 16 31573 6 31632 10 31740 4 31810 15 31830 3 31887 12 31997 3 32066 14 32142 13 32255 1 32322 14 32397 14 32578 13 32652 15 32833 13 32907 15 33088 13 33162 13 33344 11 33418 11 33600 9 33673 11 33708 1 33856 8 33929 10 33961 6 34078 6 34112 8 34184 9 34214 9 34287 1 34329 12 34368 8 34382 1 34440 7 34468 12 34541 4 34559 1 34584 13 34625 6 34636 5 34696 6 34723 14 34796 6 34815 1 34839 13 34881 6 34892 7 34953 3 34979 14 35050 9 35095 12 35137 6 35147 8 35234 16 35302 13 35351 11 35393 18 35490 16 35557 15 35607 10 35648 19 35746 16 35813 16 35864 7 35902 22 36002 16 36069 16 36120 5 36158 22 36259 15 36324 17 36350 2 36413 23 36515 15 36580 19 36604 4 36669 24 36772 14 36836 19 36862 2 36925 25 37029 14 37092 18 37180 27 37286 13 37349 17 37434 30 37542 13 37605 16 37646 4 37689 31 37798 13 37862 6 37873 3 37901 7 37945 7 37953 23 38053 14 38119 4 38157 8 38201 7 38209 22 38305 18 38413 10 38457 30 38560 18 38669 11 38714 21 38815 19 38925 12 38971 20 39070 20 39182 12 39231 17 39325 21 39439 12 39487 17 39581 23 39695 12 39743 17 39836 31 39952 12 40000 16 40084 2 40092 32 40207 13 40256 16 40340 2 40348 33 40463 13 40513 14 40596 2 40604 15 40620 18 40718 15 40769 13 40852 2 40859 15 40878 16 40974 16 41026 11 41098 1 41114 17 41135 14 41231 16 41283 9 41353 4 41364 2 41369 17 41391 14 41488 17 41539 4 41608 6 41619 13 41635 7 41647 14 41675 3 41744 18 41864 6 41874 14 41891 7 41902 15 41931 3 42001 18 42120 8 42131 11 42147 7 42157 16 42187 2 42258 18 42375 8 42387 12 42402 9 42413 13 42515 17 42630 9 42644 22 42674 6 42772 16 42886 8 42901 21 42933 2 43029 15 43135 3 43142 7 43162 18 43251 1 43285 15 43390 4 43397 3 43419 17 43507 1 43542 15 43646 4 43674 15 43799 14 43901 5 43930 14 43953 4 44056 13 44095 3 44157 4 44168 2 44186 7 44211 4 44255 1 44313 12 44340 2 44350 6 44414 2 44423 3 44442 4 44468 4 44511 1 44570 10 44595 4 44605 8 44678 5 44780 3 44827 8 44851 4 44861 8 44934 4 45036 3 45084 6 45108 3 45117 10 45235 1 45292 3 45319 3 45328 5 45340 6 45364 3 45372 12 45491 1 45547 3 45573 6 45583 7 45597 4 45627 12 45745 2 45803 4 45829 7 45838 9 45883 11 46000 3 46059 5 46085 5 46094 9 46138 12 46256 2 46314 10 46341 4 46350 9 46393 12 46473 2 46511 1 46571 1 46574 7 46596 5 46604 10 46650 11 46728 5 46832 6 46843 5 46852 5 46859 11 46906 10 46926 5 46984 5 47089 5 47097 7 47111 2 47114 12 47162 9 47177 11 47240 6 47345 5 47352 8 47369 13 47420 6 47429 15 47497 5 47606 10 47626 11 47681 3 47685 16 47708 4 47755 2 47863 9 47882 9 47936 21 47964 4 48054 5 48119 9 48140 3 48191 23 48220 4 48310 5 48375 9 48443 19 48464 6 48565 5 48631 9 48698 20 48721 6 48802 2 48821 5 48887 9 48953 20 48978 5 49058 2 49065 6 49076 5 49142 10 49208 21 49235 5 49321 4 49333 4 49397 11 49463 21 49491 5 49577 3 49589 3 49653 11 49718 22 49745 6 49845 3 49908 12 49972 4 49978 17 50001 6 50070 3 50102 1 50163 13 50228 4 50235 15 50259 4 50327 3 50419 13 50483 7 50491 14 50515 4 50583 3 50674 14 50739 21 50771 4 50843 2 50931 7 50940 4 50995 20 51027 4 51080 1 51099 6 51140 3 51156 2 51187 5 51197 3 51250 20 51281 7 51332 5 51355 8 51364 2 51395 6 51411 5 51453 3 51507 14 51534 2 51537 7 51588 4 51611 12 51651 7 51667 5 51710 2 51763 8 51789 3 51793 8 51843 4 51870 9 51907 7 51923 6 51966 2 52020 6 52044 4 52050 7 52099 3 52127 8 52163 7 52179 5 52221 3 52277 4 52308 5 52385 4 52418 8 52436 3 52477 3 52567 2 52619 5 52642 2 52674 8 52733 3 52823 2 52875 4 52929 9 52989 3 53130 5 53185 9 53245 3 53384 5 53441 9 53455 4 53502 2 53626 8 53639 6 53655 1 53685 4 53697 8 53710 6 53759 1 53839 3 53843 8 53881 9 53892 9 53941 4 53955 3 53965 7 54094 14 54135 22 54192 2 54196 5 54221 7 54328 1 54349 16 54390 26 54446 11 54477 6 54584 3 54604 18 54645 31 54701 11 54733 6 54840 2 54862 16 54900 32 54955 13 54989 5 55118 16 55149 39 55209 15 55245 4 55374 15 55404 40 55465 14 55502 2 55629 16 55660 40 55721 14 55759 1 55772 4 55885 14 55916 40 55977 14 56015 1 56027 5 56055 1 56141 14 56172 39 56233 13 56271 3 56282 7 56310 5 56397 13 56428 39 56490 13 56526 9 56537 8 56565 11 56654 12 56684 10 56695 28 56747 14 56781 21 56819 13 56911 11 56939 40 57004 14 57037 21 57074 14 57142 3 57167 11 57195 40 57260 15 57293 21 57329 15 57370 2 57397 4 57420 1 57423 3 57427 7 57451 13 57465 24 57516 16 57549 21 57585 15 57624 6 57653 3 57674 4 57680 1 57686 3 57707 12 57725 10 57738 6 57772 17 57806 19 57841 15 57880 7 57930 3 57964 11 57982 8 58028 18 58064 16 58097 15 58135 8 58221 10 58240 5 58263 2 58284 19 58321 12 58354 14 58392 5 58478 10 58497 5 58518 4 58540 18 58578 9 58610 14 58687 3 58705 3 58736 9 58756 3 58774 5 58796 6 58809 5 58836 6 58866 14 58960 6 58992 9 59032 3 59053 4 59123 13 59137 2 59179 3 59192 1 59215 8 59249 8 59386 11 59434 4 59446 3 59470 9 59507 5 59582 1 59643 11 59690 4 59701 4 59725 10 59836 4 59869 3 59883 3 59899 12 59946 4 59957 3 59981 10 60050 3 60084 2 60092 5 60139 3 60156 12 60202 1 60214 1 60237 10 60305 5 60340 2 60348 6 60361 3 60391 7 60413 12 60493 6 60560 7 60595 3 60604 6 60648 6 60671 10 60751 3 60816 8 60843 1 60850 4 60861 2 60864 2 60869 4 60904 6 60928 9 61004 1 61007 4 61072 8 61106 2 61121 1 61123 3 61161 5 61184 9 61231 5 61256 5 61263 4 61328 8 61379 3 61400 4 61418 4 61440 9 61485 7 61512 12 61584 8 61657 1 61674 3 61696 9 61741 7 61767 13 61840 9 61906 3 61930 2 61952 8 61998 6 62023 14 62096 9 62187 1 62208 7 62254 6 62265 3 62279 14 62352 9 62439 2 62513 2 62520 3 62536 1 62540 8 62609 8 62693 4 62743 4 62776 2 62788 3 62796 7 62865 7 62939 5 62948 5 62998 5 63032 1 63044 2 63051 7 63122 6 63195 5 63253 6 63300 1 63306 8 63378 6 63400 4 63450 5 63508 7 63562 8 63577 4 63632 8 63655 6 63706 5 63762 9 63817 7 63829 9 63887 10 63909 9 64018 9 64073 3 64079 15 64140 13 64165 9 64274 8 64330 1 64336 15 64373 6 64394 14 64421 9 64530 9 64576 2 64592 15 64627 11 64648 16 64677 9 64787 10 64830 11 64844 1 64848 15 64881 16 64903 17 64933 9 65006 8 65043 10 65085 9 65104 14 65136 18 65158 17 65190 7 65259 12 65299 3 65306 3 65341 9 65353 3 65360 10 65391 20 65414 17 65446 6 65515 15
904357,138 11 162 9 180 2 201 5 243 5 394 10 418 9 436 2 457 5 499 5 649 11 673 10 691 3 712 7 756 3 905 10 929 11 947 3 968 8 1160 10 1185 11 1203 3 1224 9 1416 9 1441 12 1481 9 1526 4 1673 7 1698 13 1738 8 1780 8 1929 6 1954 15 1995 8 2033 12 2185 6 2211 15 2231 3 2252 7 2289 13 2438 9 2468 16 2485 6 2508 7 2545 14 2693 10 2725 22 2748 2 2751 6 2765 6 2800 16 2947 13 2986 28 3021 5 3056 16 3203 18 3244 26 3277 5 3312 16 3459 18 3500 27 3532 5 3568 9 3578 6 3716 17 3756 28 3787 6 3824 9 3834 6 3974 15 4012 36 4081 12 4230 15 4255 5 4269 20 4294 10 4337 12 4486 15 4510 6 4526 19 4551 1 4593 12 4741 15 4766 7 4783 18 4849 12 4997 15 5021 8 5039 18 5105 13 5253 6 5261 6 5277 8 5295 18 5360 16 5509 5 5518 5 5533 8 5552 17 5616 16 5765 5 5775 3 5789 8 5809 15 5869 19 6007 3 6021 5 6031 3 6044 9 6070 10 6083 1 6090 3 6124 20 6263 4 6277 5 6287 3 6300 9 6319 1 6327 7 6345 7 6380 19 6520 1 6533 5 6544 1 6556 9 6573 6 6584 5 6607 3 6636 18 6790 4 6813 9 6828 8 6840 3 6863 5 6893 18 7046 5 7070 8 7083 10 7095 5 7120 4 7132 2 7151 17 7303 9 7326 8 7338 19 7376 4 7387 5 7409 15 7559 10 7584 29 7632 4 7642 6 7665 15 7816 2 7820 5 7843 25 7888 4 7897 7 7921 15 8076 5 8099 22 8144 4 8153 7 8177 15 8333 5 8355 22 8401 2 8408 8 8433 15 8589 5 8611 23 8664 6 8689 15 8845 5 8867 24 8920 5 8945 14 9101 5 9122 28 9177 3 9201 13 9357 4 9378 28 9423 3 9457 13 9548 1 9612 5 9634 29 9678 3 9713 13 9803 3 9868 4 9890 29 9934 3 9969 12 10060 1 10124 3 10146 31 10191 1 10226 11 10312 1 10316 1 10378 5 10403 30 10455 1 10483 10 10567 6 10577 6 10632 7 10660 29 10711 2 10740 8 10822 8 10833 8 10888 6 10925 20 10956 2 10966 4 10998 4 11077 20 11145 4 11183 19 11209 6 11222 5 11333 20 11402 2 11442 16 11464 8 11478 6 11589 19 11706 9 11718 10 11739 1 11844 19 11962 9 11974 12 11989 1 12100 19 12217 21 12240 6 12355 21 12430 3 12472 22 12496 6 12510 2 12610 22 12686 5 12726 24 12752 5 12865 28 12942 6 12981 14 12996 10 13008 4 13120 30 13198 8 13237 24 13264 4 13375 32 13412 2 13455 7 13493 23 13523 1 13631 33 13666 5 13712 6 13749 22 13884 36 13921 7 13968 7 13981 2 14006 20 14050 2 14138 47 14193 5 14225 7 14234 7 14263 19 14306 2 14393 25 14420 26 14447 8 14481 18 14520 17 14540 2 14562 3 14649 26 14679 30 14736 19 14777 21 14817 4 14905 26 14935 28 14985 27 15033 21 15072 6 15162 27 15191 29 15241 27 15288 23 15329 3 15419 27 15447 30 15498 26 15544 23 15586 1 15676 57 15756 24 15799 24 15935 55 16012 23 16055 25 16193 57 16268 23 16311 26 16450 57 16524 22 16566 28 16704 60 16780 22 16822 29 16958 63 17036 22 17078 30 17213 64 17292 22 17334 33 17380 3 17469 64 17548 22 17590 34 17635 5 17725 64 17804 22 17845 36 17891 6 17981 64 18061 21 18098 41 18146 8 18237 65 18317 19 18354 42 18402 8 18493 46 18543 16 18574 17 18609 45 18658 8 18749 46 18798 18 18831 14 18865 47 18914 8 19005 45 19053 28 19088 12 19121 4 19127 42 19170 8 19261 76 19344 12 19382 42 19426 7 19521 73 19601 10 19637 42 19683 5 19779 71 19858 8 19892 35 19930 5 19936 9 20035 71 20115 5 20137 3 20148 33 20187 14 20292 46 20339 23 20389 7 20404 33 20442 15 20548 39 20589 3 20595 23 20643 10 20660 33 20697 16 20804 39 20845 29 20898 12 20916 53 21060 40 21101 29 21152 14 21173 22 21199 25 21318 24 21345 41 21407 16 21430 18 21450 29 21577 19 21602 39 21659 20 21686 18 21706 28 21833 18 21858 38 21914 20 21945 14 21962 26 22088 17 22114 36 22168 22 22202 12 22218 23 22344 15 22371 34 22423 21 22461 9 22474 19 22599 15 22628 32 22678 21 22719 7 22730 18 22861 9 22886 31 22934 10 22946 9 22975 6 22987 5 22994 8 23119 7 23146 27 23190 9 23203 7 23232 4 23254 3 23377 4 23402 9 23415 15 23446 9 23460 6 23658 8 23671 15 23702 10 23716 6 23915 5 23927 16 23957 11 23973 4 24017 3 24035 3 24152 1 24172 1 24184 16 24208 17 24230 2 24271 6 24290 6 24408 4 24440 16 24462 21 24486 2 24526 7 24545 7 24664 5 24698 3 24703 9 24718 26 24747 2 24780 5 24788 2 24801 7 24920 6 24961 7 24974 32 25035 5 25045 7 25056 9 25087 1 25176 9 25217 7 25230 33 25290 5 25301 22 25342 2 25432 10 25474 5 25486 32 25545 5 25558 13 25572 8 25597 3 25688 11 25730 5 25744 30 25800 3 25814 12 25832 4 25853 3 25945 10 25986 4 26000 30 26055 5 26071 11 26090 2 26202 9 26221 3 26242 4 26250 4 26256 30 26311 5 26330 8 26347 2 26353 1 26476 5 26499 5 26505 37 26566 6 26586 10 26603 1 26610 9 26732 5 26755 44 26822 6 26842 15 26858 2 26866 10 26987 6 27012 44 27077 8 27095 21 27119 1 27123 9 27243 6 27268 2 27273 14 27288 24 27333 8 27350 22 27374 3 27380 7 27388 3 27472 3 27499 5 27529 7 27539 4 27546 23 27589 8 27603 26 27630 3 27636 7 27645 1 27726 6 27756 2 27784 4 27790 2 27797 2 27803 22 27845 8 27858 41 27983 5 28038 6 28053 28 28101 7 28112 33 28147 8 28240 3 28293 7 28309 28 28346 2 28358 6 28366 34 28404 8 28532 4 28548 8 28564 28 28601 4 28616 35 28663 5 28786 7 28803 8 28820 27 28856 6 28874 33 28920 5 29042 7 29058 10 29076 14 29096 7 29112 5 29129 34 29177 4 29298 7 29312 12 29332 12 29352 7 29368 5 29385 34 29435 1 29554 7 29565 16 29588 12 29609 7 29641 33 29809 30 29845 11 29866 7 29896 32 29947 1 30066 29 30101 11 30122 8 30152 31 30203 2 30323 29 30358 10 30379 7 30408 28 30452 4 30458 3 30579 29 30614 10 30635 8 30665 25 30707 10 30836 6 30844 14 30860 4 30870 10 30892 15 30922 23 30961 12 30975 1 31092 22 31116 3 31132 4 31148 17 31179 22 31217 15 31349 21 31371 3 31380 2 31388 4 31403 19 31436 20 31472 16 31605 21 31627 3 31644 5 31658 2 31665 14 31692 20 31728 15 31862 17 31884 3 31900 6 31908 8 31921 14 31949 18 31984 13 32117 3 32121 13 32157 15 32177 14 32207 16 32240 12 32370 6 32377 12 32416 12 32432 15 32472 7 32495 10 32625 7 32633 11 32670 15 32688 14 32728 7 32751 10 32880 19 32902 3 32924 6 32931 10 32942 6 32951 7 32985 6 33006 12 33135 28 33179 22 33202 2 33207 7 33242 4 33260 15 33391 9 33401 19 33432 24 33464 5 33515 18 33641 14 33658 19 33687 26 33718 8 33771 18 33894 17 33916 19 33941 7 33950 12 33963 7 33972 10 34027 18 34149 17 34170 22 34197 7 34220 18 34284 17 34404 18 34425 23 34454 7 34477 18 34540 17 34658 46 34710 4 34733 20 34796 16 34913 46 34966 3 34990 21 35052 16 35168 47 35246 22 35308 16 35423 45 35502 22 35564 16 35608 1 35678 46 35729 3 35753 3 35758 11 35773 8 35819 18 35864 1 35934 55 36007 16 36030 8 36075 18 36189 56 36262 11 36285 10 36332 19 36445 57 36519 9 36540 12 36588 20 36700 57 36775 13 36796 12 36845 19 36954 59 37032 13 37053 12 37101 19 37144 5 37208 61 37289 17 37308 12 37357 19 37399 10 37462 63 37546 16 37564 12 37612 20 37654 11 37718 63 37802 30 37869 19 37910 11 37974 32 38007 9 38018 18 38060 26 38125 19 38147 2 38165 12 38226 2 38231 31 38264 8 38273 19 38317 23 38382 18 38403 3 38421 12 38480 6 38493 24 38520 28 38573 22 38640 16 38659 3 38676 13 38734 8 38753 19 38776 28 38829 22 38896 16 38915 2 38931 13 38988 11 39010 18 39034 26 39085 8 39095 11 39153 15 39171 3 39187 13 39243 12 39267 16 39290 26 39341 8 39352 10 39409 15 39427 5 39442 14 39499 13 39524 14 39546 2 39549 23 39597 9 39610 7 39665 15 39684 6 39698 14 39754 14 39774 1 39781 12 39806 22 39853 10 39866 7 39922 14 39940 7 39954 15 40008 16 40030 1 40038 6 40046 1 40063 21 40101 3 40109 20 40178 14 40197 6 40210 15 40263 17 40294 6 40319 21 40356 4 40365 19 40435 13 40455 3 40467 14 40518 17 40547 4 40554 1 40577 19 40611 4 40619 21 40692 12 40725 12 40774 7 40784 3 40803 4 40833 18 40867 3 40875 21 40949 11 40988 5 41029 8 41059 3 41089 16 41122 3 41131 21 41206 10 41284 8 41315 3 41344 9 41379 1 41387 14 41404 4 41462 10 41539 9 41570 4 41599 9 41642 14 41660 5 41718 10 41795 7 41826 4 41855 9 41899 12 41916 6 41973 11 42051 6 42082 4 42111 9 42160 2 42164 3 42171 7 42229 11 42307 6 42338 4 42367 10 42421 3 42425 10 42485 11 42563 6 42595 3 42623 10 42668 1 42678 13 42741 11 42819 7 42827 6 42848 1 42852 1 42879 10 42922 4 42935 12 42997 11 43076 14 43104 2 43107 2 43136 9 43177 6 43192 12 43253 11 43334 15 43359 5 43393 6 43432 7 43449 11 43510 10 43590 17 43615 4 43687 9 43706 10 43766 10 43846 19 43870 4 43942 10 43963 9 44022 10 44102 28 44197 13 44220 7 44279 9 44359 27 44451 16 44476 7 44535 9 44615 27 44706 18 44731 8 44790 10 44871 27 44962 18 44987 8 45044 12 45128 27 45219 13 45243 9 45299 13 45384 27 45414 3 45475 10 45499 9 45555 13 45641 32 45732 9 45756 7 45811 13 45897 25 45924 1 45989 7 46013 6 46066 14 46152 26 46245 5 46270 5 46322 14 46408 26 46452 1 46502 2 46527 4 46578 14 46664 27 46707 2 46783 4 46835 3 46840 8 46920 29 46963 2 47038 6 47096 8 47177 30 47276 3 47291 9 47352 8 47434 30 47531 5 47546 10 47608 8 47627 2 47690 31 47786 7 47803 9 47863 9 47883 2 47946 4 47955 24 48042 7 48059 9 48113 15 48139 3 48150 3 48203 3 48211 24 48280 2 48298 7 48314 10 48368 16 48395 5 48403 7 48460 2 48467 24 48536 2 48555 5 48570 8 48624 16 48651 16 48716 3 48723 23 48826 5 48880 16 48907 16 48971 31 49136 16 49162 17 49227 17 49246 10 49306 1 49393 15 49417 19 49483 16 49503 9 49561 3 49588 2 49650 14 49673 19 49739 16 49759 9 49816 3 49906 14 49929 20 49995 16 50015 9 50072 2 50162 14 50185 21 50252 15 50271 9 50292 1 50419 13 50442 21 50510 13 50527 9 50548 1 50609 1 50675 13 50700 19 50766 12 50783 10 50932 12 50957 18 51022 11 51039 12 51189 11 51217 13 51277 10 51295 11 51445 11 51473 13 51532 11 51551 11 51616 4 51701 11 51728 14 51787 11 51806 14 51821 2 51872 5 51957 11 51983 15 52043 11 52061 7 52070 10 52128 6 52212 12 52239 16 52299 11 52315 7 52328 8 52385 6 52468 12 52495 17 52555 11 52570 7 52584 7 52641 6 52725 11 52751 18 52812 10 52825 9 52842 3 52897 7 52982 10 53008 18 53068 10 53080 10 53154 6 53239 9 53264 19 53326 8 53336 9 53410 8 53497 7 53521 18 53583 7 53591 7 53623 2 53666 11 53753 7 53776 20 53798 4 53839 6 53847 6 53878 3 53921 13 54008 8 54032 27 54096 5 54103 6 54133 5 54177 2 54183 8 54264 8 54287 28 54359 6 54390 3 54430 5 54439 9 54518 10 54543 29 54616 4 54638 1 54647 2 54685 6 54694 13 54773 11 54799 30 54838 4 54872 4 54894 1 54941 22 55028 12 55055 30 55093 6 55128 3 55140 2 55150 2 55190 2 55197 22 55284 12 55312 30 55347 8 55396 1 55432 2 55454 22 55539 13 55571 29 55601 10 55636 3 55647 4 55657 3 55688 2 55710 22 55795 13 55829 38 55892 3 55900 17 55966 22 56051 13 56077 3 56085 6 56093 30 56148 3 56156 17 56221 23 56307 13 56333 13 56349 28 56412 17 56444 1 56477 23 56564 12 56589 12 56605 10 56617 15 56668 8 56677 9 56699 3 56733 24 56821 11 56845 26 56874 12 56923 19 56955 5 56989 25 57077 11 57101 27 57130 12 57178 7 57187 12 57210 9 57245 25 57334 10 57357 40 57428 1 57434 6 57444 11 57468 11 57483 4 57502 26 57591 9 57614 39 57684 3 57691 4 57701 10 57725 19 57759 25 57848 8 57870 38 57938 5 57948 2 57959 9 57983 17 58015 25 58104 8 58119 2 58127 36 58194 5 58216 8 58240 16 58270 26 58360 8 58373 7 58383 34 58449 7 58474 5 58497 15 58526 2 58529 23 58615 9 58629 7 58640 31 58705 7 58730 4 58754 14 58782 1 58785 23 58870 10 58885 7 58897 8 58907 20 58961 6 58987 2 59010 16 59037 27 59123 13 59141 7 59154 5 59165 18 59216 7 59244 1 59260 3 59267 15 59292 28 59377 15 59396 9 59412 1 59422 17 59452 3 59470 8 59512 9 59524 14 59545 31 59633 15 59652 9 59680 15 59707 6 59720 14 59764 13 59784 10 59800 33 59889 15 59908 9 59939 11 59962 9 59974 17 59998 2 60020 14 60042 9 60055 34 60145 15 60163 10 60195 9 60218 41 60275 15 60299 46 60401 15 60419 10 60452 7 60474 41 60530 19 60554 32 60589 6 60598 2 60657 15 60674 12 60708 6 60730 38 60769 3 60776 5 60785 21 60809 33 60913 15 60930 12 60965 5 60986 43 61032 8 61041 22 61064 12 61077 20 61170 14 61187 11 61212 2 61222 3 61242 40 61283 3 61288 44 61333 20 61426 14 61445 9 61498 39 61539 2 61544 2 61547 61 61681 15 61704 6 61754 39 61796 1 61800 1 61803 58 61936 16 61961 6 62009 39 62051 3 62060 14 62077 19 62099 19 62192 16 62218 5 62265 39 62306 5 62317 3 62322 5 62334 7 62343 8 62355 19 62448 16 62474 6 62520 40 62561 6 62574 2 62590 6 62600 6 62610 20 62704 16 62729 8 62776 47 62830 1 62847 5 62860 2 62866 21 62907 2 62961 15 62986 8 63032 47 63086 1 63103 4 63123 20 63162 4 63218 14 63242 9 63270 5 63287 12 63301 34 63360 1 63381 19 63417 6 63475 13 63500 8 63525 5 63538 15 63557 33 63639 17 63674 5 63732 12 63757 8 63781 5 63793 15 63815 15 63831 14 63852 1 63895 17 63931 3 63988 12 64014 7 64048 16 64070 12 64087 9 64097 3 64108 1 64151 16 64245 11 64270 8 64304 17 64326 12 64343 7 64354 1 64366 1 64407 15 64502 10 64526 8 64559 18 64581 12 64599 7 64666 11 64763 5 64783 8 64814 20 64836 12 64855 3 64859 3 64923 9 65022 2 65041 7 65070 34 65110 4 65116 1 65122 1 65179 9 65297 9 65325 35 65366 4 65376 4 65436 7
905849,0 65536
907141,0 4 15 6 70 4 91 14 134 11 147 17 171 18 214 24 256 5 271 7 326 3 345 17 391 9 402 17 427 17 469 23 512 4 526 9 598 20 647 9 658 17 684 16 725 21 768 4 782 10 850 25 914 17 940 15 981 20 1024 4 1037 12 1105 27 1170 17 1197 13 1237 20 1280 6 1287 19 1361 27 1426 16 1453 11 1493 20 1536 27 1616 28 1683 14 1710 9 1749 19 1792 28 1872 29 1941 2 1947 6 1966 8 2006 16 2048 29 2128 29 2203 6 2223 7 2263 12 2304 31 2384 29 2459 7 2481 4 2520 9 2560 31 2640 29 2715 7 2778 6 2816 31 2896 28 2972 5 3035 1 3072 31 3152 28 3230 2 3328 31 3408 27 3584 31 3664 5 3674 2 3677 2 3682 7 3840 31 3919 5 3993 5 4096 30 4175 5 4247 9 4352 31 4431 6 4502 12 4608 31 4687 6 4758 17 4864 32 4944 4 5014 18 5120 33 5201 2 5270 19 5376 33 5526 20 5632 33 5730 1 5782 20 5888 32 5950 4 5971 2 5984 4 6040 18 6144 31 6204 7 6226 8 6239 6 6297 17 6354 2 6358 4 6400 19 6423 7 6459 8 6474 4 6481 11 6495 6 6554 17 6609 10 6656 17 6680 4 6713 11 6729 13 6743 13 6810 17 6864 11 6912 16 6968 27 6999 10 7066 17 7111 1 7119 11 7137 1 7168 15 7224 26 7256 6 7284 7 7322 18 7366 18 7390 7 7424 14 7479 26 7513 4 7540 8 7577 19 7621 19 7645 10 7680 13 7735 26 7770 1 7796 8 7833 18 7877 19 7900 14 7936 13 7991 25 8052 8 8087 19 8133 19 8156 9 8192 12 8247 25 8309 7 8343 18 8390 18 8412 8 8448 12 8498 1 8503 24 8538 3 8565 7 8599 17 8624 3 8646 18 8668 7 8704 11 8752 31 8793 4 8823 4 8856 15 8878 7 8892 4 8902 17 8925 4 8960 11 9007 33 9112 15 9133 9 9147 9 9158 17 9181 2 9216 11 9262 34 9369 13 9388 10 9402 29 9472 10 9518 33 9625 14 9642 13 9658 29 9728 10 9773 34 9882 13 9897 14 9914 29 9979 15 10029 34 10138 29 10170 29 10239 11 10285 33 10356 1 10394 28 10426 20 10448 7 10463 1 10496 11 10541 33 10609 8 10650 28 10682 18 10705 7 10752 11 10798 32 10863 11 10905 28 10939 16 10961 7 11008 11 11054 32 11118 13 11160 49 11218 7 11264 11 11310 31 11373 14 11403 7 11413 52 11478 3 11520 11 11566 32 11605 5 11629 14 11657 63 11776 11 11821 34 11859 10 11884 15 11912 63 12032 10 12076 49 12139 16 12167 64 12288 10 12327 54 12394 16 12422 64 12544 9 12580 57 12650 16 12678 59 12741 1 12746 3 12800 9 12835 58 12906 16 12934 50 12985 6 12997 1 13002 5 13056 8 13091 56 13162 14 13190 49 13242 5 13253 11 13312 7 13347 46 13400 1 13420 11 13447 47 13499 4 13508 12 13533 1 13568 7 13603 45 13681 5 13703 46 13754 5 13763 14 13788 4 13824 7 13859 44 13938 3 13960 33 13997 7 14009 25 14043 5 14080 6 14114 44 14194 1 14216 33 14253 9 14264 26 14299 1 14302 2 14336 6 14368 45 14450 1 14466 1 14473 33 14510 35 14555 1 14592 6 14623 45 14720 4 14729 33 14766 14 14785 6 14795 5 14848 6 14878 46 14956 4 14975 8 14985 33 15022 13 15042 4 15053 2 15104 6 15134 45 15212 6 15232 43 15276 16 15298 2 15360 6 15389 46 15467 7 15495 22 15521 27 15551 1 15616 5 15644 46 15723 8 15751 20 15779 27 15872 4 15898 48 15980 7 16008 1 16013 12 16038 21 16060 2 16128 4 16151 53 16236 7 16262 3 16269 12 16293 18 16312 1 16384 3 16392 1 16395 1 16406 55 16492 7 16518 3 16525 12 16548 18 16641 4 16647 71 16723 2 16743 13 16774 3 16781 13 16804 18 16897 79 16977 6 16997 16 17030 3 17037 14 17060 18 17152 87 17252 17 17293 15 17317 17 17408 87 17508 17 17548 23 17577 13 17664 87 17764 17 17805 25 17831 15 17920 87 18020 18 18061 41 18117 1 18176 88 18276 18 18317 41 18372 2 18432 88 18532 18 18574 4 18580 35 18627 3 18688 90 18788 18 18836 35 18944 91 19045 17 19092 8 19101 3 19105 21 19145 1 19200 91 19303 14 19348 6 19361 22 19456 92 19561 11 19605 5 19618 22 19712 92 19817 10 19861 5 19874 18 19968 92 20073 10 20117 5 20130 9 20224 92 20329 9 20374 2 20385 9 20480 92 20586 7 20641 9 20736 92 20843 5 20900 10 20992 105 21158 9 21248 80 21331 24 21366 4 21414 9 21504 79 21591 21 21622 5 21669 9 21760 79 21846 23 21878 5 21926 9 22016 80 22100 27 22134 4 22180 1 22184 7 22272 79 22354 30 22406 1 22440 6 22528 78 22609 31 22662 2 22680 3 22699 3 22784 76 22865 31 22918 1 22936 3 22955 3 23040 75 23121 32 23192 2 23206 1 23212 2 23296 74 23376 33 23466 4 23552 74 23632 33 23708 1 23721 6 23808 74 23888 32 23964 1 23977 7 24064 73 24144 26 24172 4 24215 5 24233 8 24320 73 24400 32 24471 6 24489 8 24576 73 24655 33 24728 6 24746 8 24832 72 24910 34 24985 4 25005 4 25088 72 25165 35 25243 1 25344 71 25420 35 25600 71 25676 35 25758 6 25792 2 25856 71 25932 34 26014 8 26112 71 26188 33 26259 3 26264 1 26270 8 26368 71 26443 33 26515 3 26526 8 26624 70 26697 35 26772 3 26782 9 26880 109 27038 9 27055 2 27136 109 27248 1 27281 3 27293 10 27310 3 27392 109 27504 2 27536 4 27551 8 27648 80 27729 33 27784 2 27789 6 27799 3 27811 3 27904 79 27986 24 28011 7 28040 12 28054 6 28081 2 28160 79 28243 23 28267 8 28296 12 28310 7 28335 5 28416 81 28500 22 28523 7 28553 10 28567 7 28590 7 28608 5 28672 82 28758 1 28765 13 28779 7 28810 8 28824 6 28836 2 28845 9 28863 7 28928 82 29014 2 29022 3 29028 1 29034 8 29066 4 29072 1 29081 6 29092 3 29100 10 29119 7 29184 82 29268 4 29273 2 29279 2 29290 8 29322 4 29337 8 29349 18 29375 7 29440 91 29546 8 29571 1 29579 3 29593 8 29604 20 29696 92 29802 9 29824 6 29835 6 29847 11 29859 3 29865 16 29952 93 30058 11 30079 7 30092 5 30102 16 30120 16 30167 2 30208 93 30315 11 30328 14 30349 15 30366 26 30421 5 30464 72 30538 19 30573 23 30606 13 30622 25 30679 3 30720 72 30795 19 30830 20 30862 12 30879 7 30888 15 30926 3 30935 1 30941 1 30975 73 31049 21 31085 21 31118 12 31135 24 31182 4 31196 3 31230 54 31288 39 31341 17 31361 1 31374 12 31391 24 31439 3 31452 4 31473 1 31485 55 31544 39 31596 18 31616 4 31630 13 31646 24 31695 4 31706 6 31729 1 31740 57 31801 37 31851 16 31870 6 31884 1 31887 28 31917 9 31951 5 31960 5 31966 2 31995 58 32059 35 32106 14 32124 9 32144 26 32174 8 32207 6 32214 10 32251 58 32318 32 32358 18 32380 9 32401 24 32430 8 32463 16 32487 4 32505 61 32575 30 32615 18 32636 11 32658 23 32687 6 32719 15 32744 4 32761 62 32831 29 32872 18 32891 13 32914 22 32944 5 32956 4 32975 15 33000 4 33017 60 33087 29 33128 35 33170 22 33200 4 33213 1 33231 14 33273 59 33345 28 33383 37 33422 1 33426 16 33444 4 33452 1 33457 3 33478 2 33488 13 33525 1 33530 58 33601 27 33639 41 33681 16 33698 13 33714 1 33732 5 33743 14 33786 58 33857 25 33895 57 33953 16 33970 1 33986 8 33999 13 34033 1 34041 1 34045 55 34113 24 34150 78 34240 10 34255 13 34272 3 34289 1 34304 52 34370 23 34406 40 34447 45 34496 10 34511 1 34514 9 34526 6 34543 4 34560 52 34626 24 34662 40 34704 44 34752 11 34770 10 34782 6 34797 5 34816 53 34883 23 34918 40 34964 4 34969 34 35007 12 35027 17 35051 7 35072 54 35135 27 35175 40 35221 1 35226 32 35263 13 35282 19 35305 9 35328 54 35388 29 35433 40 35482 32 35519 14 35537 31 35584 54 35643 30 35676 1 35690 43 35739 31 35775 49 35840 54 35897 32 35932 3 35945 45 35995 32 36031 49 36096 88 36187 5 36201 46 36252 83 36352 87 36443 6 36458 46 36508 82 36608 88 36697 7 36714 47 36765 81 36864 96 36970 48 37021 80 37120 96 37226 49 37277 80 37376 96 37482 54 37541 73 37632 88 37721 8 37737 55 37797 72 37888 46 37937 11 37951 24 37979 4 37992 55 38053 72 38144 45 38193 10 38209 22 38236 2 38247 56 38308 74 38400 44 38451 6 38465 23 38496 10 38507 23 38532 27 38564 74 38656 44 38707 5 38721 24 38750 12 38763 23 38788 26 38819 75 38912 46 38962 6 38977 51 39029 41 39073 77 39168 47 39217 5 39234 50 39286 13 39303 103 39424 39 39465 13 39491 41 39535 4 39544 11 39560 34 39595 67 39680 38 39722 12 39736 1 39748 39 39791 4 39802 9 39816 34 39852 13 39868 50 39936 38 39979 4 39987 9 40006 36 40047 4 40059 9 40072 33 40106 11 40120 2 40124 43 40168 5 40192 38 40243 9 40262 36 40302 4 40316 8 40327 41 40370 3 40381 42 40425 4 40448 37 40496 11 40516 38 40555 7 40573 47 40637 49 40704 28 40733 9 40746 2 40752 11 40772 46 40830 45 40893 49 40960 27 40996 11 41009 10 41028 46 41086 45 41144 2 41148 47 41196 1 41216 26 41252 12 41269 6 41284 46 41334 2 41342 44 41399 4 41405 49 41472 25 41506 15 41525 7 41540 10 41551 36 41590 4 41599 43 41654 5 41662 48 41730 22 41761 17 41781 7 41796 10 41807 45 41857 41 41910 57 41987 19 42016 18 42037 10 42052 10 42063 47 42115 39 42165 52 42218 6 42243 19 42272 19 42293 11 42308 58 42371 38 42421 52 42474 6 42498 11 42510 8 42528 19 42549 12 42564 59 42626 39 42677 52 42732 5 42754 19 42784 20 42805 12 42821 37 42863 59 42933 50 42989 4 43010 19 43041 19 43061 12 43077 11 43091 19 43112 2 43119 59 43189 47 43245 5 43267 18 43297 18 43317 12 43334 9 43347 19 43376 58 43445 46 43502 4 43523 18 43553 17 43573 12 43591 5 43597 2 43603 20 43632 46 43679 12 43700 46 43775 1 43779 18 43809 17 43830 10 43860 19 43894 37 43936 12 43956 46 44031 1 44036 17 44065 15 44086 10 44117 19 44151 33 44193 12 44209 1 44211 46 44286 2 44292 17 44314 2 44321 12 44342 9 44372 20 44407 31 44450 27 44479 33 44541 3 44548 16 44568 4 44577 10 44599 9 44628 21 44652 1 44664 30 44706 27 44736 34 44783 3 44798 2 44804 16 44822 5 44835 3 44857 7 44883 23 44908 1 44922 28 44962 26 44994 8 45004 21 45039 4 45059 24 45114 5 45138 27 45178 2 45181 24 45218 26 45261 12 45277 3 45287 3 45295 4 45314 25 45371 4 45392 30 45432 4 45437 15 45457 4 45475 25 45520 8 45533 3 45540 7 45551 4 45569 26 45598 2 45628 5 45646 33 45686 22 45731 25 45780 2 45790 15 45806 6 45824 27 45853 4 45884 6 45902 34 45941 23 45987 25 46046 22 46080 22 46105 2 46141 5 46157 37 46196 25 46244 23 46300 17 46318 6 46336 22 46361 2 46397 6 46412 65 46501 21 46555 13 46570 3 46574 5 46592 22 46618 1 46652 7 46668 66 46758 2 46768 6 46810 11 46827 6 46848 22 46908 7 46924 67 47025 4 47066 9 47083 6 47105 21 47133 6 47164 7 47180 67 47322 8 47361 22 47389 12 47419 8 47436 67 47579 6 47617 22 47649 11 47674 9 47692 63 47835 6 47872 23 47904 12 47929 10 47948 62 48093 3 48128 23 48159 13 48184 11 48204 52 48384 24 48415 13 48439 12 48459 52 48640 24 48671 13 48692 17 48714 53 48878 4 48896 24 48926 15 48948 5 48955 12 48969 54 49133 6 49152 24 49181 17 49203 6 49210 70 49283 7 49375 2 49391 3 49408 24 49437 18 49458 56 49515 32 49630 4 49664 25 49692 77 49772 32 49865 1 49868 6 49885 5 49920 104 50029 33 50119 13 50141 6 50176 92 50272 9 50286 32 50373 18 50397 2 50400 3 50432 91 50528 9 50542 33 50628 20 50688 61 50751 29 50781 13 50797 34 50873 5 50883 22 50944 60 51007 81 51128 9 51138 25 51200 60 51273 71 51383 37 51456 61 51532 2 51535 10 51547 53 51638 39 51712 62 51804 53 51889 21 51917 17 51968 63 52060 53 52142 23 52175 15 52224 64 52316 54 52389 31 52432 15 52480 64 52573 54 52643 33 52688 18 52736 64 52829 54 52899 31 52944 18 52992 64 53085 55 53154 27 53201 4 53206 13 53237 3 53248 64 53341 55 53411 24 53465 11 53492 5 53504 64 53576 3 53597 55 53667 24 53723 10 53745 11 53758 66 53831 5 53853 55 53913 35 53980 8 53991 1 54001 8 54010 71 54086 6 54110 54 54167 37 54237 7 54247 4 54254 11 54266 72 54342 6 54366 54 54422 38 54471 5 54493 7 54503 8 54516 5 54522 73 54598 5 54622 53 54678 37 54725 7 54749 8 54761 6 54773 79 54856 1 54877 53 54934 31 54966 4 54980 9 55005 7 55016 6 55034 75 55131 55 55189 30 55236 9 55260 8 55272 5 55296 72 55374 2 55382 91 55492 9 55516 8 55528 5 55552 73 55629 99 55749 8 55772 8 55785 4 55808 74 55885 98 56006 6 56029 8 56043 1 56066 72 56141 98 56287 6 56319 1 56322 175 56543 5 56560 2 56574 2 56579 177 56799 2 56815 4 56830 2 56835 178 57054 4 57070 6 57084 4 57090 179 57309 5 57326 7 57339 187 57565 6 57582 9 57595 187 57820 8 57838 9 57851 186 58076 7 58095 8 58107 1 58110 183 58332 7 58352 7 58367 181 58588 7 58609 4 58622 182 58843 8 58857 1 58866 3 58876 185 59071 1 59099 8 59122 5 59133 184 59325 5 59354 9 59364 4 59378 6 59391 183 59581 6 59610 9 59621 4 59631 200 59836 9 59865 10 59878 3 59886 201 60092 8 60121 16 60141 16 60159 185 60347 8 60377 16 60396 17 60415 186 60602 8 60632 6 60640 29 60670 195 60887 6 60897 223 61141 8 61152 224 61396 10 61408 31 61446 186 61651 10 61664 16 61684 11 61704 184 61907 9 61920 14 61940 11 61961 184 62163 24 62196 12 62217 185 62419 24 62452 12 62474 185 62675 24 62709 11 62731 184 62931 24 62965 11 62988 184 63187 24 63222 10 63245 184 63443 24 63479 9 63502 184 63699 24 63737 6 63760 168 63931 13 63955 24 63995 1 64016 168 64188 12 64211 24 64272 168 64445 12 64468 22 64529 167 64701 14 64724 21 64785 167 64957 15 64981 19 65041 166 65213 16 65238 18 65296 97 65395 52 65452 9 65470 16 65494 18
919234,0 171 174 21 201 6 212 2 219 7 232 14 249 90 341 86 430 22 456 15 476 7 487 14 505 89 596 113 712 15 732 8 742 15 759 90 851 114 969 17 990 7 998 104 1103 2 1107 114 1225 137 1363 116 1480 4244 5725 586 6312 257 6575 249 6832 223 7058 22 7090 219 7319 17 7348 216 7578 16 7605 12 7625 194 7835 18 7854 1 7863 9 7882 191 8091 21 8120 9 8140 188 8347 21 8378 9 8396 186 8603 21 8635 10 8654 183 8859 21 8892 12 8910 184 9115 22 9149 12 9166 184 9371 22 9406 12 9422 187 9627 23 9663 204 9883 24 9920 25 9948 176 10140 24 10176 25 10204 176 10398 22 10432 25 10460 177 10654 22 10687 24 10716 177 10899 3 10910 23 10943 23 10971 178 11154 5 11165 24 11199 23 11226 179 11409 7 11420 26 11455 23 11482 178 11665 9 11675 5 11682 20 11712 23 11738 178 11920 15 11939 19 11968 23 11994 178 12175 10 12187 5 12193 22 12223 25 12251 20 12274 12 12288 140 12430 11 12444 29 12478 26 12508 19 12532 10 12544 153 12699 61 12764 33 12800 215 13020 33 13056 215 13275 34 13311 216 13528 255 13784 807 14592 255 14848 255 15104 302 15411 164 15576 87 15668 19 15693 138 15834 85 15925 17 15951 137 16091 86 16180 20 16207 250 16463 251 16716 1124 17844 252 18100 253 18358 251 18615 251 18871 251 19127 251 19383 251 19640 250 19897 249 20155 248 20412 248 20669 249 20925 251 21182 251 21438 253 21694 844 22541 253 22796 254 23052 250 23307 245 23553 3 23563 245 23819 245 24075 245 24331 245 24587 245 24844 244 25100 219 25320 24 25356 244 25613 243 25869 183 26057 30 26089 1 26092 20 26125 182 26315 22 26339 3 26348 20 26381 182 26572 21 26594 4 26604 20 26637 181 26828 25 26860 20 26892 183 27084 18 27104 6 27115 21 27148 183 27340 17 27359 7 27371 21 27404 183 27596 26 27626 22 27660 183 27852 25 27882 22 27916 183 28108 25 28137 23 28172 182 28364 25 28391 25 28428 182 28621 51 28683 183 28878 50 28938 183 29134 9 29146 42 29193 184 29390 7 29407 20 29428 206 29646 7 29663 20 29684 206 29902 7 29919 227 30159 7 30175 227 30415 8 30431 226 30672 7 30687 226 30928 7 30944 225 31184 7 31200 225 31440 7 31456 225 31696 9 31712 225 31952 8 31968 225 32206 9 32222 227 32459 11 32477 228 32714 13 32733 228 32970 13 32989 228 33227 13 33245 228 33483 13 33500 228 33740 13 33756 227 33997 241 34253 18 34272 221 34509 19 34530 219 34765 239 35020 239 35264 4 35276 237 35519 6 35532 236 35774 9 35786 236 36029 250 36284 12 36298 113 36413 122 36539 13 36554 114 36670 121 36795 11 36811 115 36929 118 37051 10 37068 115 37185 118 37307 10 37324 234 37563 9 37579 235 37819 9 37835 235 38076 8 38091 236 38332 8 38347 125 38473 110 38588 7 38602 126 38729 109 38844 7 38858 126 38985 108 39100 6 39114 126 39241 107 39357 4 39370 227 39611 1 39626 227 39864 6 39882 227 40115 12 40139 227 40369 15 40395 247 40652 77 40732 167 40908 75 40989 167 41165 67 41233 4 41245 168 41422 65 41495 3 41501 168 41678 64 41750 5 41757 168 41933 65 42005 176 42189 64 42261 176 42444 64 42516 177 42697 60 42771 11 42783 167 42952 61 43026 12 43041 229 43281 13 43297 231 43537 15 43553 233 43791 8902 52694 255 52951 253 53209 252 53465 4118 57584 231 57816 17 57840 230 58074 15 58096 229 58331 13 58352 228 58587 12 58608 227 58844 10 58864 224 59100 11 59120 217 59357 10 59376 219 59614 10 59632 180 59816 22 59840 11 59871 9 59889 177 60074 21 60099 8 60127 8 60145 176 60330 21 60356 7 60383 8 60402 176 60587 20 60612 7 60639 7 60659 175 60843 21 60868 7 60896 5 60915 175 61098 21 61123 7 61173 172 61354 21 61380 4 61430 171 61609 22 61688 168 61865 22 61905 3 61945 167 62121 22 62160 4 62202 166 62377 23 62415 5 62458 167 62633 22 62671 4 62715 167 62889 4 62894 4 62899 12 62927 3 62972 167 63156 10 63183 3 63231 164 63412 9 63488 163 63670 5 63744 163 64000 163 64208 2 64256 162 64463 5 64512 164 64718 6 64768 165 64934 4 64973 7 65024 170 65229 7 65280 170 65484 8
925045,0 65536
927607,128 5 146 6 178 4 188 13 208 8 384 5 402 6 436 1 445 14 465 7 639 7 658 6 703 15 720 7 774 5 893 9 915 5 960 20 1029 6 1148 10 1172 3 1216 20 1283 9 1404 9 1471 21 1538 10 1660 10 1726 23 1794 9 1916 10 1982 23 2049 10 2172 10 2237 24 2306 7 2428 10 2493 24 2564 3 2684 11 2749 24 2941 11 3006 22 3197 12 3263 21 3351 3 3454 12 3521 7 3531 9 3607 3 3716 6 3778 5 3788 8 3973 5 4036 1 4044 9 4230 3 4251 2 4301 7 4506 4 4557 6 4762 4 4813 5 5019 2 5115 5 5371 5 5626 6 5882 5 7614 2 7869 4 8125 3 8378 4 8631 7 8886 8 9113 4 9141 10 9367 7 9395 12 9622 8 9650 14 9877 10 9905 15 10133 10 10161 15 10389 10 10416 17 10446 2 10645 11 10672 16 10881 4 10901 11 10928 16 11136 6 11156 14 11185 15 11392 7 11411 18 11442 13 11648 7 11667 20 11700 11 11904 8 11922 22 11960 6 12160 8 12170 2 12178 22 12217 5 12417 13 12434 23 12474 3 12674 13 12689 25 12721 5 12935 9 12945 25 12976 6 13193 7 13201 25 13231 8 13449 7 13457 24 13487 9 13706 30 13742 10 13962 8 13971 8 13984 6 13998 10 14218 8 14229 4 14255 8 14474 8 14511 8 14730 8 14767 7 14985 8 15023 7 15242 8 15280 4 15498 10 15755 9 16011 9 16268 8 16525 6 16782 4 16828 6 17083 8 17304 1 17339 10 17557 6 17595 15 17812 9 17851 16 18067 11 18107 16 18324 10 18363 17 18580 10 18619 17 18838 9 18875 20 19095 10 19132 23 19351 12 19388 24 19608 12 19644 26 19864 12 19900 24 20121 12 20157 23 20377 12 20414 21 20633 12 20670 21 20888 13 20927 19 21143 14 21170 3 21184 3 21191 3 21196 5 21398 15 21426 4 21653 16 21681 6 21909 15 21936 7 22165 15 22190 9 22422 14 22446 9 22678 14 22702 9 22934 15 22959 9 23190 15 23215 9 23447 14 23472 8 23705 5 23714 2 23728 8 23986 6 24243 5 24500 3 31432 3 31687 5 31942 6 32198 7 32453 8 32708 9 32956 3 32964 8 33211 6 33218 10 33467 17 33722 18 33978 18 34234 19 34309 2 34490 21 34564 3 34746 22 34816 7 35002 23 35072 7 35258 23 35328 7 35379 2 35386 1 35514 23 35584 7 35640 5 35770 24 35840 6 35896 5 36027 23 36096 6 36151 6 36284 22 36352 3 36407 6 36540 18 36608 3 36662 7 36796 17 36864 3 36918 6 37052 17 37120 4 37174 7 37308 16 37376 5 37430 8 37563 17 37632 5 37686 10 37819 17 37888 6 37942 13 38074 17 38144 7 38199 13 38330 17 38400 7 38455 13 38585 18 38656 7 38694 1 38711 13 38841 18 38912 7 38950 2 38966 14 39096 19 39205 4 39221 14 39352 19 39460 5 39472 3 39477 14 39608 19 39716 4 39726 20 39864 19 39972 4 39980 22 40121 18 40227 5 40236 21 40377 18 40472 5 40483 6 40492 20 40634 17 40707 3 40728 6 40738 8 40748 19 40891 15 40963 4 40984 8 40993 29 41149 12 41219 4 41240 37 41406 10 41477 2 41495 38 41659 2 41664 3 41751 38 41915 1 41994 1 42006 39 42248 4 42262 38 42463 1 42504 6 42516 40 42719 1 42758 8 42772 28 42805 7 43009 13 43029 25 43063 4 43264 13 43284 24 43520 9 43531 1 43539 24 43776 9 43794 23 43965 1 44032 8 44049 18 44217 7 44288 8 44303 18 44471 10 44544 7 44559 14 44726 10 44800 7 44815 8 44981 11 45056 6 45071 6 45237 11 45312 5 45323 2 45328 3 45493 10 45568 5 45578 3 45750 8 45824 4 45835 2 46007 5 46080 4 46336 3 46592 2 46935 3 47190 5 47445 6 47696 4 47701 6 47951 5 47958 5 48042 4 48207 5 48296 10 48463 5 48552 12 48652 3 48719 4 48808 12 48908 3 48976 1 49063 13 49165 1 49319 13 49575 13 49831 13 49991 2 50088 12 50112 2 50244 6 50345 11 50367 4 50445 6 50500 5 50604 8 50623 5 50701 7 50755 4 50878 6 50958 6 51010 5 51134 6 51216 3 51264 6 51390 6 51519 7 51646 5 51776 6 51902 5 52032 7 52159 3 52286 4 52291 8 52536 2 52541 16 52792 21 52901 3 53046 22 53155 6 53301 23 53410 8 53557 23 53665 9 53813 22 53920 11 54068 23 54176 13 54325 23 54432 15 54581 24 54688 17 54837 25 54943 20 55093 25 55199 22 55349 11 55361 12 55455 22 55605 9 55617 11 55709 1 55711 21 55861 9 55872 11 55965 9 55976 12 56118 7 56127 3 56131 7 56176 3 56221 8 56233 11 56376 6 56383 10 56409 3 56431 4 56476 8 56489 11 56635 4 56641 8 56659 2 56663 7 56686 6 56732 7 56745 12 56891 4 56897 10 56913 13 56940 9 56987 7 56999 14 57147 4 57153 29 57195 10 57242 8 57254 15 57409 29 57451 11 57499 7 57508 16 57666 28 57707 11 57721 2 57755 6 57763 16 57922 28 57962 11 57977 2 58010 7 58019 15 58178 28 58218 8 58232 1 58265 7 58275 13 58434 16 58451 11 58474 8 58488 1 58519 7 58532 10 58691 15 58707 11 58730 8 58774 8 58788 8 58947 14 58964 10 58987 6 59031 7 59045 5 59203 13 59222 9 59243 5 59291 2 59302 3 59459 13 59479 8 59499 5 59716 11 59736 2 59739 4 59754 6 59992 2 59995 2 60009 7 60153 3 60265 7 60276 1 60373 1 60409 3 60498 4 60512 1 60521 7 60585 4 60629 4 60753 6 60768 3 60777 7 60786 1 60790 1 60840 7 60884 6 60998 1 61008 7 61024 4 61033 7 61046 1 61096 7 61140 6 61253 5 61263 8 61279 5 61289 8 61302 1 61351 8 61365 7 61396 6 61508 20 61534 8 61545 10 61606 9 61619 13 61652 6 61764 20 61788 23 61826 3 61861 27 61909 5 62020 22 62043 23 62084 1 62117 27 62167 2 62276 46 62340 1 62373 15 62391 8 62533 45 62628 15 62648 5 62790 43 62884 13 62905 4 63047 31 63079 10 63140 13 63161 5 63304 29 63336 10 63396 12 63418 4 63561 26 63592 10 63652 11 63674 4 63817 25 63848 11 63909 2 63915 2 63931 4 64073 25 64104 10 64329 14 64345 9 64361 9 64400 3 64582 1 64585 13 64601 9 64619 6 64657 2 64827 27 64857 9 64875 3 65083 27 65116 6 65132 1 65280 4 65338 28 65373 5 65452 3 65512 4
927691,0 340 342 1018 1361 1254 2620 6 2629 237 2867 2 2879 2 2887 234 3143 23 3167 209 3399 21 3423 208 3655 21 3683 204 3911 21 3941 201 4167 21 4197 201 4423 21 4453 195 4680 18 4709 195 4936 17 4966 2 4969 191 5192 16 5229 187 5448 14 5487 186 5704 12 5744 185 5962 8 5991 2 6000 186 6219 6 6246 3 6256 186 6476 3 6503 2 6512 187 6746 1 6760 1 6768 187 7002 1 7026 185 7277 3 7283 184 7532 4 7541 182 7787 6 7798 180 8043 6 8054 179 8298 6 8310 178 8555 4 8566 177 8823 175 9081 173 9337 173 9593 174 9849 174 10105 175 10343 3 10361 9 10376 160 10598 5 10617 10 10631 162 10854 5 10874 176 11110 5 11131 175 11366 5 11387 177 11622 5 11642 181 11878 6 11897 183 12134 7 12151 186 12390 204 12646 204 12901 206 13146 1 13156 207 13401 4 13411 209 13656 8 13666 210 13880 5 13909 225 14135 8 14163 238 14412 246 14666 250 14919 11224 26149 250 26404 250 26659 252 26915 254 27171 1645 28821 249 29078 247 29336 244 29591 243 29846 11 29859 230 30101 12 30116 227 30357 12 30376 15 30392 205 30613 12 30638 8 30652 199 30868 13 30896 5 30909 197 31124 13 31153 4 31165 196 31380 18 31422 194 31636 18 31665 4 31679 193 31882 1 31892 19 31920 6 31935 192 32136 6 32149 18 32175 8 32191 191 32391 9 32406 16 32430 10 32447 185 32647 11 32664 2 32669 9 32686 10 32704 181 32903 14 32925 10 32942 10 32962 178 33159 16 33182 8 33199 9 33221 174 33416 16 33438 8 33455 8 33477 173 33674 15 33694 6 33712 6 33733 173 33930 15 33952 1 33968 6 33989 172 34188 12 34225 4 34245 171 34445 3 34451 4 34501 170 34758 168 35014 166 35271 165 35530 161 35786 161 36041 162 36295 164 36504 7 36549 142 36694 21 36759 9 36804 142 36954 16 37015 12 37059 83 37146 56 37212 8 37223 3 37273 11 37313 83 37403 54 37469 6 37480 2 37531 9 37568 83 37659 54 37727 2 37788 9 37824 82 37915 54 38045 8 38079 83 38171 53 38302 13 38334 85 38425 55 38560 12 38590 86 38677 59 38819 10 38846 145 39075 10 39103 143 39332 10 39359 143 39588 10 39616 141 39845 10 39872 140 40102 9 40128 139 40359 8 40383 140 40615 9 40627 153 40871 165 41127 126 41257 35 41383 123 41513 35 41638 124 41768 36 41893 126 42023 37 42147 129 42279 42 42402 177 42656 180 42911 182 43165 185 43420 187 43675 188 43930 190 44185 192 44440 194 44694 198 44945 204 45198 209 45453 211 45709 214 45964 218 46220 219 46475 222 46723 2 46730 225 46961 4 46974 8 46984 240 47228 10099 57330 224 57556 26 57588 221 57815 21 57845 220 58072 7 58083 8 58104 218 58328 6 58340 6 58360 218 58597 4 58616 219 58854 3 58873 222 59129 223 59385 224 59642 223 59898 224 60154 225 60411 226 60668 226 60925 227 61183 226 61440 224 61696 224 61952 224 62208 224 62464 222 62720 184 62909 32 62976 180 63168 29 63232 179 63425 27 63488 179 63681 26 63744 176 63936 26 64000 176 64193 2 64198 20 64256 176 64457 8 64470 3 64512 175 64714 6 64768 174 64972 2 65024 174 65280 171
933048,59 11 145 5 164 11 203 5 314 13 420 11 458 7 570 13 648 3 676 13 714 7 826 13 902 10 922 2 926 3 931 16 969 8 983 6 1082 14 1157 12 1176 28 1225 9 1237 9 1340 11 1409 17 1431 30 1481 10 1492 10 1597 10 1662 20 1687 31 1737 21 1855 7 1919 20 1942 32 1994 6 2003 10 2111 6 2175 20 2198 33 2251 3 2260 8 2368 3 2431 21 2454 32 2518 3 2688 20 2710 32 2944 20 2966 20 2989 7 3200 26 3228 12 3456 23 3485 9 3712 23 3741 8 3968 23 3997 8 4224 24 4253 7 4482 22 4509 7 4738 23 4765 7 4995 32 5251 32 5507 32 5764 34 6021 33 6278 33 6536 31 6793 29 7051 27 7308 26 7566 17 7585 3 7822 16 8077 16 8332 16 8566 3 8587 17 8818 10 8842 16 9074 12 9098 15 9330 13 9353 15 9586 14 9610 13 9842 14 9866 6 10099 13 10356 12 10613 11 10871 8 11130 3 62058 3 62314 4 62336 3 62570 4 62591 4 62826 5 62847 4 62879 5 63082 4 63104 4 63135 6 63340 1 63352 3 63360 4 63391 6 63608 3 63616 3 63647 6 63863 4 63871 2 63903 6 63918 2 64120 4 64159 6 64173 3 64377 5 64415 6 64429 3 64671 7 64930 5 65186 3 65442 2
938416,22 15 278 14 534 13 792 8 1050 3 14079 1 14334 2 14589 3 14845 3 15101 3 15357 3 15597 3 15612 4 15852 8 15867 5 16107 12 16120 8 16362 22 16617 23 16873 3 16880 16 17129 3 17138 14 17385 2 17394 12 17641 1 17650 11 17906 11 18162 10 18419 9 18677 7 18935 5 19167 6 19192 4 19422 5 19678 5 19933 6 20182 5 20188 6 20437 13 20692 13 20947 14 21202 13 21458 11 21502 2 21714 9 21756 4 21971 7 22012 4 22229 5 22268 4 22485 4 22524 4 22741 4 22780 4 22997 3 23023 5 23036 4 23253 2 23278 7 23291 5 23509 1 23533 8 23547 5 23789 9 23804 4 24045 8 24059 4 24278 1 24301 8 24315 3 24535 1 24557 8 24791 1 24812 8 25052 4 25068 7 25307 6 25324 6 25563 6 25580 5 25819 6 25837 3 26076 6 26277 3 26334 4 26532 6 26591 3 26787 7 27042 9 27092 2 27298 10 27346 5 27553 11 27600 7 27809 11 27853 9 28065 11 28109 10 28322 10 28338 4 28365 11 28389 2 28578 9 28594 4 28623 9 28835 7 28849 5 28881 7 29093 4 29104 6 29360 5 29617 3 30114 1 30368 4 30624 3 30881 1 30902 1 31156 5 31411 6 31666 8 31921 11 31998 2 32176 14 32253 3 32431 16 32509 3 32686 18 32765 3 32932 2 32935 5 32942 18 33020 4 33185 11 33198 2 33206 10 33276 4 33440 12 33464 8 33531 5 33697 11 33720 8 33787 5 33954 9 33975 11 34042 6 34211 5 34231 13 34297 7 34462 4 34487 13 34552 8 34717 6 34742 14 34808 8 34972 9 34998 14 35064 8 35228 10 35254 14 35321 7 35484 11 35496 1 35510 13 35577 7 35741 9 35752 4 35766 13 35787 3 35834 6 35997 9 36008 5 36022 14 36042 4 36090 6 36254 7 36265 3 36278 13 36298 4 36347 5 36510 6 36535 12 36554 6 36604 4 36767 5 36791 12 36811 1 36860 4 37047 12 37116 4 37304 11 37373 3 37539 3 37546 3 37561 10 37629 3 37781 3 37794 6 37802 4 37817 10 37886 2 38036 6 38050 12 38073 10 38291 7 38305 12 38329 9 38546 8 38560 11 38584 10 38801 10 38816 11 38836 14 39055 12 39071 12 39090 17 39310 14 39327 12 39344 20 39565 15 39583 13 39600 21 39820 32 39855 23 40075 60 40332 18 40352 39 40397 1 40588 16 40610 37 40845 14 40866 35 40903 9 41102 5 41110 2 41122 33 41159 9 41379 31 41415 10 41635 23 41662 3 41671 10 41891 18 41928 4 42147 17 42170 5 42402 17 42425 7 42658 17 42680 10 42914 17 42936 11 43169 18 43193 10 43424 19 43449 10 43679 19 43706 9 43934 20 43963 7 44190 20 44220 6 44445 22 44468 2 44478 4 44700 26 44956 26 45211 27 45466 28 45496 3 45722 34 45978 34 46026 3 46234 26 46262 6 46279 8 46490 25 46519 5 46534 10 46746 25 46789 12 47003 24 47045 13 47259 24 47300 13 47314 6 47515 25 47556 12 47570 13 47591 1 47771 25 47812 12 47826 15 47847 1 48027 25 48068 13 48083 16 48284 24 48324 13 48340 16 48540 24 48580 13 48596 16 48797 22 48835 33 49053 22 49091 33 49309 21 49346 33 49382 2 49565 21 49601 40 49822 9 49832 10 49856 41 50078 8 50095 1 50112 41 50335 7 50367 42 50592 5 50622 43 50877 34 50913 10 50926 2 51133 33 51170 16 51191 1 51388 34 51426 16 51445 7 51639 39 51683 13 51699 13 51894 39 51938 13 51956 7 51965 3 52150 39 52195 12 52214 3 52221 3 52366 3 52406 39 52451 11 52477 3 52620 6 52662 38 52708 10 52733 3 52873 10 52918 38 52964 10 52989 3 53126 13 53174 38 53221 10 53245 3 53381 15 53430 37 53477 11 53503 1 53636 18 53686 28 53716 6 53733 14 53892 18 53942 27 53973 4 53989 15 54147 3 54152 15 54198 27 54231 1 54246 14 54404 1 54408 15 54455 24 54504 13 54660 1 54664 15 54712 22 54765 8 54915 3 54921 15 54940 2 54949 3 54969 16 55023 8 55170 6 55178 21 55204 5 55226 13 55281 7 55295 1 55419 2 55425 31 55459 7 55482 13 55536 8 55551 1 55672 8 55681 33 55715 8 55739 11 55791 9 55805 3 55927 43 55971 10 55996 10 56044 12 56060 4 56180 46 56227 12 56255 7 56298 14 56315 5 56436 60 56504 4 56513 5 56553 16 56571 5 56692 61 56758 6 56771 2 56807 18 56826 6 56948 73 57063 13 57079 1 57082 6 57204 2 57207 70 57319 10 57335 1 57338 6 57459 3 57463 70 57575 9 57593 7 57714 4 57719 69 57831 7 57848 8 57969 5 57975 69 58087 7 58103 9 58224 6 58231 68 58305 1 58308 2 58342 7 58357 11 58480 26 58511 8 58521 47 58598 7 58613 11 58736 25 58767 7 58778 47 58853 7 58868 12 58992 18 59025 4 59033 49 59109 7 59125 11 59196 5 59248 17 59288 51 59364 8 59381 11 59450 8 59505 15 59542 14 59560 35 59620 9 59637 11 59704 10 59719 5 59762 14 59780 2 59798 12 59817 35 59876 10 59893 11 59959 11 59975 6 60020 12 60034 6 60053 13 60074 34 60132 13 60149 10 60214 12 60230 8 60277 20 60304 2 60307 13 60323 3 60330 34 60388 15 60406 7 60419 5 60470 12 60486 8 60533 21 60557 20 60578 6 60586 34 60643 23 60672 10 60726 12 60742 8 60790 20 60812 28 60842 34 60899 23 60928 10 60983 11 60997 8 61046 33 61082 14 61098 34 61154 20 61184 11 61197 2 61241 19 61302 28 61339 12 61353 17 61372 15 61410 15 61444 13 61498 17 61558 30 61595 12 61609 32 61665 15 61700 13 61754 16 61813 31 61851 12 61865 31 61921 15 61958 12 62011 16 62069 31 62106 13 62121 28 62177 15 62216 11 62268 15 62324 32 62358 18 62378 20 62432 16 62473 11 62524 15 62580 52 62633 20 62688 16 62733 8 62781 14 62836 38 62876 31 62944 16 62990 7 63040 11 63093 68 63200 17 63246 7 63298 9 63349 64 63414 1 63455 19 63503 6 63554 9 63606 58 63666 3 63712 19 63759 6 63810 9 63864 55 63968 19 64016 6 64036 6 64066 10 64120 55 64225 19 64273 11 64290 9 64318 1 64323 9 64358 2 64378 5 64388 12 64401 30 64482 18 64531 10 64545 11 64573 18 64613 5 64632 8 64645 42 64727 5 64738 18 64788 24 64829 19 64868 8 64887 9 64901 40 64982 6 64994 18 65044 24 65085 5 65091 13 65124 9 65142 11 65158 6 65168 31 65237 8 65250 18 65288 6 65300 24 65341 4 65349 12 65379 10 65397 12 65424 2 65427 29 65492 9 65506 16
942725,0 7 24 10 85 11 156 34 256 7 279 11 341 11 412 35 512 6 535 11 596 12 668 36 768 5 786 1 790 12 851 12 924 37 1024 3 1041 17 1107 12 1180 37 1296 18 1362 12 1436 37 1551 19 1618 12 1693 35 1807 18 1874 11 1950 34 2063 18 2131 9 2207 32 2319 17 2388 6 2465 30 2575 17 2646 3 2723 27 2832 16 2979 27 3089 15 3236 25 3345 15 3492 24 3525 1 3602 14 3682 3 3748 24 3779 3 3808 3 3858 14 3935 7 4004 23 4034 3 4063 4 4114 14 4190 9 4261 2 4267 15 4289 4 4318 8 4371 12 4445 10 4513 2 4523 14 4544 6 4573 11 4628 11 4701 11 4768 4 4780 13 4799 7 4824 16 4844 5 4884 12 4958 12 5023 5 5037 11 5055 7 5079 6 5086 2 5098 9 5140 13 5214 13 5279 6 5295 4 5300 3 5312 6 5334 7 5354 4 5361 3 5395 15 5470 13 5536 4 5568 5 5591 5 5651 15 5726 13 5793 2 5826 3 5830 1 5848 3 5878 2 5907 16 5983 12 6085 6 6105 1 6135 1 6163 16 6240 4 6247 2 6331 1 6340 8 6392 2 6419 15 6596 8 6627 3 6649 1 6674 16 6852 7 6882 5 6893 2 6896 2 6905 5 6929 15 7107 8 7128 2 7138 7 7146 6 7162 6 7184 10 7362 8 7384 3 7389 2 7394 14 7418 6 7439 11 7609 5 7618 8 7628 4 7640 3 7645 18 7667 1 7674 6 7695 12 7860 29 7896 3 7900 19 7923 1 7926 3 7930 6 7946 3 7951 13 8115 30 8152 23 8183 9 8202 18 8276 7 8288 7 8300 4 8370 32 8408 22 8439 7 8459 18 8530 11 8544 7 8555 7 8617 5 8625 33 8664 22 8694 6 8717 2 8720 13 8785 13 8799 8 8811 9 8873 41 8921 6 8928 14 8950 6 8976 14 9040 14 9057 5 9068 10 9109 1 9129 41 9179 3 9185 11 9205 7 9232 14 9296 13 9314 2 9326 14 9363 4 9385 41 9442 9 9460 9 9488 14 9552 12 9587 10 9619 4 9642 40 9699 6 9716 9 9736 3 9743 16 9807 12 9846 8 9875 3 9899 40 9955 5 9972 8 9991 5 9999 16 10036 1 10063 12 10104 3 10160 35 10211 6 10223 1 10238 2 10247 6 10255 16 10292 3 10319 11 10418 33 10467 7 10478 2 10494 2 10504 23 10547 4 10575 10 10632 4 10677 30 10724 5 10734 2 10749 3 10760 11 10775 7 10803 3 10832 8 10848 1 10874 1 10886 6 10934 29 10980 5 10989 3 11005 3 11017 9 11030 8 11088 8 11104 1 11130 1 11142 6 11190 29 11235 6 11243 3 11263 1 11274 1 11277 4 11285 10 11346 6 11360 1 11372 3 11386 2 11398 6 11446 29 11491 6 11498 3 11541 11 11568 3 11602 5 11616 1 11627 6 11639 5 11654 6 11702 29 11748 5 11754 2 11796 17 11822 6 11839 3 11859 3 11883 7 11894 7 11910 5 11958 29 11995 1 12004 5 12019 7 12053 16 12077 8 12092 8 12101 7 12138 8 12149 11 12166 4 12214 29 12248 5 12262 3 12275 6 12309 17 12333 9 12346 19 12393 9 12404 4 12409 7 12422 3 12471 9 12482 15 12503 6 12530 7 12564 18 12589 9 12601 23 12649 9 12660 3 12665 9 12729 7 12739 17 12760 5 12787 4 12820 18 12845 10 12857 26 12904 27 12986 6 12997 14 13016 4 13043 2 13075 36 13113 27 13159 28 13242 5 13255 12 13331 36 13371 26 13415 28 13500 2 13512 10 13587 14 13605 20 13628 26 13662 3 13671 28 13768 11 13842 14 13861 20 13885 25 13918 4 13927 28 14024 11 14067 4 14072 2 14097 14 14117 21 14142 24 14174 5 14183 27 14281 10 14294 2 14321 10 14335 1 14351 5 14373 22 14399 23 14430 36 14537 16 14565 1 14576 12 14590 2 14606 5 14629 23 14655 22 14685 37 14794 15 14829 16 14846 3 14862 5 14884 24 14911 22 14941 36 15051 15 15080 2 15084 17 15102 5 15118 5 15135 29 15167 15 15196 36 15309 13 15336 27 15373 6 15389 31 15423 14 15452 35 15566 12 15592 28 15629 5 15645 31 15680 13 15709 9 15721 21 15828 7 15839 1 15847 31 15885 5 15901 32 15937 12 15965 9 15979 18 16085 12 16103 32 16144 1 16156 33 16194 10 16222 8 16236 17 16341 13 16358 35 16412 33 16450 9 16478 8 16493 15 16596 15 16614 35 16669 33 16709 4 16734 9 16752 11 16853 13 16871 34 16925 33 16966 1 16972 1 16990 9 17010 7 17109 12 17127 35 17181 32 17222 3 17228 1 17248 6 17366 8 17383 36 17424 6 17437 31 17478 4 17506 3 17639 37 17679 8 17693 30 17733 6 17895 38 17934 10 17949 30 17989 6 18151 50 18205 30 18409 49 18462 29 18510 4 18666 48 18718 30 18765 7 18845 5 18923 47 18975 30 19020 8 19054 2 19100 7 19182 11 19197 31 19230 30 19275 10 19310 10 19356 8 19441 6 19456 60 19525 16 19566 12 19612 8 19712 21 19735 35 19781 16 19822 14 19867 9 19968 21 19992 31 20037 16 20078 17 20122 11 20202 5 20224 20 20248 31 20296 12 20336 16 20378 12 20457 7 20480 20 20505 30 20552 12 20592 18 20634 12 20712 8 20736 19 20761 30 20808 13 20849 17 20890 13 20968 7 20992 18 21018 29 21064 13 21105 18 21146 14 21215 3 21225 5 21248 18 21275 25 21319 15 21360 20 21402 13 21470 5 21504 17 21531 8 21540 13 21575 16 21616 22 21659 12 21726 5 21760 17 21791 19 21830 17 21871 24 21916 8 21982 6 22019 14 22048 2 22051 8 22063 4 22086 19 22127 7 22135 18 22172 7 22238 6 22277 12 22308 8 22317 6 22342 21 22382 27 22430 3 22494 8 22534 11 22565 14 22598 6 22610 11 22627 38 22750 10 22791 10 22823 3 22830 3 22854 4 22867 53 23007 9 23048 10 23124 18 23143 32 23264 7 23310 5 23382 15 23399 31 23522 4 23567 4 23638 14 23656 13 23671 13 23824 2 23894 14 23912 12 23927 12 24149 14 24169 10 24184 10 24258 8 24405 14 24425 10 24440 9 24513 13 24584 1 24660 14 24681 11 24696 9 24768 16 24915 15 24938 23 25024 16 25097 1 25125 6 25171 14 25194 23 25280 17 25378 11 25427 11 25449 24 25537 16 25633 12 25683 8 25705 23 25794 15 25890 11 25939 6 25961 22 26051 14 26146 12 26196 3 26217 22 26309 13 26402 12 26474 19 26566 11 26659 11 26731 12 26823 10 26916 9 26987 11 27081 6 27173 7 27243 10 27383 3 27500 8 27638 5 27730 5 27756 7 27893 7 27985 8 28006 2 28017 4 28149 8 28238 12 28261 4 28274 4 28404 9 28494 15 28516 3 28530 5 28660 10 28750 17 28773 2 28787 4 28797 5 28916 10 29006 17 29043 5 29053 7 29077 4 29172 10 29262 17 29299 5 29308 9 29332 8 29428 10 29519 15 29555 5 29564 10 29587 10 29683 12 29775 13 29811 5 29820 12 29842 11 29939 12 30032 12 30068 4 30075 13 30097 13 30194 14 30288 12 30324 3 30331 14 30352 14 30450 14 30544 12 30580 2 30587 14 30607 15 30706 14 30800 9 30843 15 30862 16 30956 20 31056 8 31100 33 31212 20 31312 7 31324 3 31361 28 31469 19 31569 6 31580 3 31618 26 31727 17 31825 6 31835 4 31875 25 31984 15 32081 6 32091 4 32131 24 32241 14 32338 6 32348 1 32362 5 32387 24 32497 14 32594 8 32603 3 32617 6 32642 24 32754 13 32849 18 32870 8 32897 25 33011 12 33105 26 33153 24 33269 6 33362 3 33367 17 33409 24 33623 17 33666 23 33820 2 33880 16 33922 22 34076 2 34136 15 34178 22 34394 13 34434 23 34651 12 34690 24 34908 10 34946 24 35164 10 35202 25 35420 9 35458 25 35676 9 35714 7 35723 16 35932 8 35971 4 35979 16 36188 8 36236 15 36345 1 36377 5 36445 7 36456 3 36493 15 36597 10 36632 7 36702 5 36712 4 36749 15 36852 12 36888 7 36960 1 36967 4 36993 6 37005 16 37105 15 37144 7 37223 3 37246 31 37360 16 37400 7 37479 2 37500 33 37614 18 37657 6 37755 34 37794 14 37867 21 37914 4 38010 34 38049 18 38121 23 38266 34 38304 20 38376 24 38521 34 38558 23 38632 24 38777 34 38814 24 38888 24 39033 33 39069 25 39143 25 39288 34 39324 26 39399 25 39460 1 39538 2 39542 36 39580 26 39654 26 39731 2 39793 40 39836 25 39910 27 39986 4 40048 40 40093 21 40165 35 40242 5 40303 40 40349 19 40421 37 40487 3 40492 1 40498 6 40559 40 40606 18 40677 38 40742 19 40814 40 40862 8 40873 7 40933 38 40997 21 41070 40 41119 17 41189 39 41253 21 41326 39 41379 13 41445 39 41509 21 41582 39 41635 13 41653 9 41701 40 41764 21 41838 38 41891 13 41908 14 41926 3 41957 43 42020 20 42094 1 42102 29 42146 14 42162 24 42213 44 42276 19 42364 22 42400 17 42418 24 42468 46 42532 17 42620 7 42633 9 42655 44 42722 48 42788 16 42891 7 42910 45 42977 50 43045 10 43147 7 43166 44 43233 49 43301 10 43404 6 43421 45 43490 9 43500 6 43510 28 43557 11 43660 6 43675 46 43748 4 43768 25 43814 10 43916 5 43930 47 43987 1 44027 22 44070 10 44186 47 44242 3 44285 3 44289 16 44328 7 44441 48 44498 4 44541 3 44545 17 44585 6 44696 47 44744 2 44753 5 44797 3 44802 16 44842 4 44950 48 45000 20 45054 2 45058 16 45205 72 45311 1 45314 17 45352 2 45460 75 45568 21 45606 5 45717 62 45780 13 45824 22 45861 6 45973 77 46080 23 46117 7 46230 76 46336 23 46372 8 46487 76 46592 23 46628 9 46749 70 46848 23 46884 10 46904 1 47006 67 47104 23 47139 12 47160 1 47264 63 47360 23 47389 19 47521 62 47616 23 47643 22 47776 64 47872 23 47898 25 48032 38 48072 26 48128 24 48153 28 48286 40 48329 1 48334 20 48358 2 48384 54 48542 12 48556 12 48574 7 48585 1 48590 21 48614 2 48640 54 48797 11 48817 4 48831 6 48839 4 48846 21 48871 2 48896 24 48922 29 49054 9 49089 11 49102 21 49127 3 49152 23 49179 28 49310 8 49347 32 49384 2 49408 20 49434 30 49567 6 49604 31 49664 20 49689 32 49824 3 49860 31 49920 12 49937 2 49945 32 50116 31 50156 2 50161 1 50176 12 50200 33 50373 29 50410 8 50432 13 50455 34 50632 26 50666 9 50688 13 50711 35 50880 3 50888 25 50922 12 50944 13 50967 34 51135 5 51144 24 51178 16 51200 12 51220 37 51268 4 51390 6 51399 24 51435 15 51456 11 51475 38 51524 5 51646 7 51654 20 51675 3 51691 16 51712 5 51730 37 51780 5 51901 28 51932 3 51942 22 51968 4 51985 17 52003 18 52037 4 52156 30 52187 5 52196 24 52224 4 52241 17 52259 17 52294 5 52411 38 52450 25 52480 5 52496 18 52517 15 52542 2 52550 6 52564 1 52584 1 52588 4 52667 64 52736 6 52753 17 52775 13 52797 5 52803 10 52817 7 52839 10 52924 61 52992 6 53009 17 53032 12 53053 32 53094 12 53181 59 53248 7 53266 15 53290 9 53309 33 53350 13 53438 57 53504 7 53523 13 53548 7 53565 34 53605 16 53695 28 53725 26 53760 6 53782 8 53806 3 53821 56 53956 23 53980 27 54016 6 54040 1 54076 50 54127 7 54214 49 54272 5 54332 49 54383 8 54472 48 54528 5 54587 47 54639 12 54728 48 54784 5 54844 28 54873 3 54877 13 54896 14 54985 47 55040 4 55101 3 55106 23 55138 1 55144 1 55152 15 55243 11 55258 31 55296 5 55362 28 55408 17 55503 5 55513 35 55552 5 55617 30 55663 19 55761 2 55769 36 55808 5 55873 35 55918 20 56025 36 56064 5 56128 36 56173 22 56280 36 56320 5 56384 36 56427 7 56435 15 56536 36 56576 5 56639 37 56682 7 56692 14 56791 37 56832 4 56896 37 56938 7 56949 13 57046 38 57152 37 57194 6 57205 12 57301 38 57409 25 57435 21 57462 10 57556 39 57666 10 57677 12 57692 19 57719 7 57811 39 57922 8 57934 3 57948 20 57976 5 58067 39 58153 4 58178 7 58204 20 58232 5 58322 40 58410 3 58430 1 58434 7 58460 20 58488 7 58578 39 58684 4 58689 8 58715 21 58744 8 58834 39 58941 9 58977 15 58999 10 59091 37 59197 8 59224 2 59235 13 59255 11 59347 36 59436 5 59452 6 59459 3 59480 1 59488 16 59511 13 59604 35 59691 7 59708 5 59715 4 59730 3 59736 1 59743 12 59757 2 59766 15 59861 27 59890 5 59947 8 59963 6 59971 6 59988 1 59991 3 59998 13 60022 16 60118 23 60159 1 60203 8 60218 6 60227 7 60244 1 60247 4 60253 14 60278 16 60375 9 60387 9 60414 2 60458 9 60474 14 60500 1 60503 20 60534 17 60633 5 60644 7 60670 2 60713 10 60729 14 60759 20 60790 17 60900 6 60927 1 60968 11 60984 17 61015 20 61046 17 61068 3 61157 5 61223 34 61271 19 61302 17 61321 8 61383 8 61413 4 61432 2 61478 35 61515 4 61528 18 61558 27 61637 11 61685 8 61734 36 61771 5 61786 1 61790 12 61814 8 61823 19 61892 14 61939 11 61990 42 62042 1 62046 11 62070 28 62148 14 62196 10 62246 42 62297 2 62304 8 62327 27 62404 15 62454 9 62464 3 62502 42 62552 3 62585 25 62661 14 62712 12 62758 42 62807 4 62843 24 62917 14 62970 2 62975 6 63015 41 63062 5 63100 22 63174 13 63231 6 63272 40 63315 7 63357 21 63405 2 63430 13 63487 7 63534 43 63614 19 63687 12 63744 6 63790 43 63870 18 63944 10 64000 6 64048 39 64127 17 64199 10 64256 6 64307 35 64383 18 64454 10 64512 6 64565 4 64573 26 64639 19 64668 3 64677 1 64711 9 64768 5 64822 1 64829 26 64896 19 64920 9 64932 3 64969 6 65024 5 65085 27 65152 19 65175 16 65280 5 65340 28 65409 38
944809, 
962767,22 17 125 25 170 59 233 4 239 17 279 16 382 24 427 58 493 19 535 15 638 24 684 57 750 18 791 15 895 21 946 51 1006 18 1048 14 1152 19 1203 50 1262 18 1306 11 1408 17 1457 53 1518 18 1567 2 1664 16 1713 54 1772 20 1920 14 1969 79 2177 11 2226 78 2483 77 2741 76 2999 77 3256 77 3513 76 3770 75 4029 72 4288 69 4543 70 4799 69 5056 67 5312 65 5568 64 5824 64 6080 64 6337 63 6593 63 6849 46 6896 16 7104 45 7154 14 7271 4 7296 1 7360 45 7411 13 7525 7 7616 44 7668 12 7779 10 7872 44 7924 12 8037 8 8127 45 8180 12 8294 8 8383 45 8430 3 8435 6 8442 5 8540 2 8550 9 8639 38 8682 15 8698 4 8795 3 8807 10 8895 38 8938 15 8954 4 9051 2 9063 11 9152 38 9194 16 9213 1 9296 1 9320 10 9409 37 9450 16 9576 10 9665 36 9706 13 9833 8 9895 1 9922 35 9962 13 10072 1 10088 8 10150 2 10178 34 10217 14 10328 2 10334 1 10343 9 10406 2 10434 33 10473 14 10583 9 10595 13 10691 32 10728 16 10830 4 10835 29 10947 32 10984 17 11084 36 11204 32 11240 15 11260 3 11339 37 11460 32 11496 15 11516 4 11595 37 11717 30 11751 15 11773 1 11850 16 11867 20 11973 30 12006 16 12106 8 12122 20 12229 31 12262 5 12268 12 12362 7 12378 19 12485 31 12518 3 12525 11 12619 5 12634 19 12741 35 12782 10 12876 3 12889 19 12998 34 13038 10 13146 6 13155 9 13255 49 13402 5 13411 8 13512 31 13544 16 13668 6 13772 6 13781 36 13924 5 14029 5 14041 32 14284 5 14299 30 14540 5 14556 29 14797 3 14812 31 15054 2 15069 30 15103 1 15327 25 15586 19 15843 18 16100 17 16357 5 16366 8 16615 1 16622 8 16738 2 16880 4 16993 5 17002 2 17249 20 17505 22 17756 4 17761 24 18011 31 18267 31 18523 31 18767 4 18780 29 18899 4 19022 7 19037 27 19153 7 19279 6 19299 20 19408 8 19535 6 19557 17 19630 2 19664 8 19792 3 19815 13 19885 4 19920 8 20075 9 20140 6 20175 8 20334 3 20396 6 20431 11 20652 6 20687 11 20909 4 20929 1 20939 1 20941 14 21184 8 21194 18 21440 29 21695 33 21951 34 22207 35 22462 36 22698 4 22717 23 22744 11 22931 5 22953 5 22968 29 23000 12 23186 8 23209 5 23222 32 23258 10 23443 7 23464 6 23478 31 23514 10 23699 7 23720 5 23733 32 23770 10 23957 3 23975 6 23989 32 24026 10 24230 7 24245 32 24282 10 24484 9 24501 32 24538 10 24736 12 24757 31 24793 11 24866 1 24872 2 24991 14 25013 31 25049 12 25120 13 25245 16 25269 32 25305 14 25376 13 25444 5 25500 19 25525 34 25560 15 25632 14 25662 3 25699 7 25756 20 25782 3 25788 3 25795 1 25801 30 25888 15 25918 3 25954 7 26012 12 26025 7 26058 29 26145 15 26174 4 26210 6 26269 10 26281 8 26315 29 26401 15 26430 5 26468 1 26524 22 26572 28 26657 14 26687 16 26780 22 26828 28 26912 15 26943 19 26994 3 27036 22 27085 27 27168 15 27198 21 27249 5 27292 22 27341 28 27424 14 27453 24 27506 5 27549 3 27553 16 27597 28 27679 15 27709 25 27764 5 27810 14 27853 28 27935 15 27964 27 28021 4 28067 10 28111 25 28191 14 28220 28 28277 4 28291 3 28368 24 28448 13 28476 29 28534 3 28547 3 28626 22 28705 12 28733 29 28790 3 28802 5 28884 19 28960 13 28989 30 29046 3 29058 5 29141 18 29215 13 29245 31 29302 3 29314 4 29397 18 29470 12 29496 36 29557 5 29568 6 29653 8 29663 7 29725 10 29750 38 29812 6 29822 8 29908 8 29980 10 29997 2 30003 40 30068 6 30077 9 30164 8 30236 9 30251 35 30290 8 30324 6 30331 11 30419 8 30493 8 30507 34 30546 8 30579 6 30587 12 30635 4 30676 6 30750 7 30763 33 30803 7 30835 4 30843 12 30882 3 30890 6 31007 5 31019 33 31060 6 31092 2 31099 12 31137 16 31264 4 31276 31 31318 4 31356 12 31392 17 31521 2 31533 30 31613 10 31647 18 31790 20 31811 8 31871 7 31897 24 32048 27 32129 3 32152 25 32181 5 32306 25 32407 26 32436 8 32562 25 32663 26 32692 9 32818 27 32918 27 32948 14 33073 29 33175 27 33204 15 33316 2 33328 20 33354 4 33433 25 33459 17 33570 6 33582 21 33611 3 33693 39 33825 8 33836 23 33868 1 33950 37 34081 8 34091 23 34206 37 34336 10 34347 24 34462 37 34591 36 34718 37 34847 3 34853 32 34974 37 35101 5 35111 31 35230 37 35356 6 35367 32 35485 39 35612 7 35623 32 35739 41 35867 10 35879 32 35993 44 36121 12 36135 33 36248 44 36376 48 36503 44 36632 48 36759 43 36887 49 37013 44 37143 50 37268 44 37399 50 37524 43 37655 50 37780 43 37885 3 37911 50 38036 42 38140 4 38156 7 38168 9 38180 37 38292 42 38396 4 38411 9 38425 8 38440 33 38548 43 38652 4 38667 10 38681 8 38698 30 38804 42 38907 5 38923 12 38938 7 38955 29 38995 11 39060 42 39163 5 39179 22 39212 27 39250 12 39270 3 39316 42 39418 6 39435 21 39469 25 39505 14 39525 7 39571 43 39673 7 39691 20 39725 25 39760 15 39781 8 39827 42 39929 7 39947 17 39982 14 39999 8 40016 16 40036 18 40082 43 40184 8 40204 17 40239 12 40256 6 40272 41 40337 44 40440 8 40461 16 40496 10 40513 5 40527 45 40593 36 40633 7 40696 8 40718 16 40754 4 40769 4 40783 46 40850 35 40888 9 40952 8 40972 8 40984 7 41040 46 41106 36 41143 10 41208 8 41226 9 41241 6 41296 46 41362 46 41465 7 41481 11 41498 5 41553 46 41619 44 41722 6 41736 12 41755 4 41811 44 41875 43 41978 6 41991 12 42068 16 42089 22 42132 42 42235 5 42246 13 42325 14 42345 21 42389 9 42400 30 42491 5 42503 12 42582 12 42599 23 42646 8 42657 28 42748 4 42759 11 42843 7 42855 23 42902 8 42914 28 43005 3 43015 13 43102 32 43159 7 43170 28 43271 14 43357 35 43416 6 43427 27 43527 16 43612 37 43673 4 43684 26 43783 16 43867 39 43942 24 44039 16 44122 41 44198 24 44295 16 44378 42 44454 23 44551 15 44593 3 44597 5 44607 5 44633 44 44710 22 44806 16 44826 3 44847 22 44889 45 44967 20 45061 17 45079 8 45102 24 45145 47 45224 7 45233 8 45316 18 45335 10 45354 29 45401 49 45482 3 45489 7 45573 29 45608 31 45657 50 45745 7 45830 29 45863 33 45913 50 46002 5 46086 66 46169 51 46259 3 46342 66 46426 50 46598 66 46681 50 46821 1 46824 5 46854 66 46936 51 47071 22 47109 67 47191 52 47326 25 47365 67 47446 53 47580 28 47621 67 47701 54 47835 31 47876 68 47957 54 48091 32 48132 67 48212 54 48347 33 48388 67 48468 53 48603 34 48643 68 48724 49 48859 34 48899 68 48980 49 49115 35 49154 68 49236 50 49370 36 49410 68 49491 51 49626 35 49666 68 49747 50 49883 34 49922 67 50003 50 50139 32 50179 66 50260 47 50397 28 50437 64 50516 42 50655 25 50695 47 50743 7 50754 1 50772 41 50912 7 50920 16 50952 45 51000 5 51028 40 51168 7 51176 16 51213 40 51258 1 51284 38 51425 23 51471 38 51540 36 51681 23 51729 2 51736 29 51795 37 51937 24 51993 20 52015 6 52051 36 52192 25 52250 18 52273 2 52307 36 52351 3 52447 26 52508 16 52563 35 52605 6 52702 26 52766 13 52819 35 52860 7 52958 26 53023 12 53076 34 53115 8 53213 25 53279 10 53305 3 53332 47 53469 23 53536 6 53560 5 53590 17 53609 26 53696 3 53725 21 53772 3 53792 6 53815 6 53847 17 53865 26 53952 4 53980 22 54028 3 54049 4 54071 7 54104 16 54122 24 54207 6 54236 19 54284 3 54305 4 54326 9 54361 41 54463 6 54492 16 54540 3 54562 4 54582 11 54618 41 54720 4 54748 15 54818 5 54837 13 54874 4 54879 35 55004 14 55074 5 55092 15 55138 32 55260 14 55331 4 55347 17 55395 30 55517 13 55587 4 55602 18 55651 29 55773 12 55844 3 55856 20 55907 29 56030 11 56110 21 56163 29 56287 10 56366 16 56419 28 56548 5 56621 16 56674 29 56805 4 56877 7 56886 5 56931 26 57063 1 57134 6 57196 16 57390 6 57454 4 57461 6 57646 6 57711 1 57718 4 57903 4 58159 4 58282 2 58423 3 58535 6 58678 5 58782 17 58881 2 58933 7 59038 21 59136 5 59189 8 59294 22 59392 5 59445 12 59464 3 59550 23 59584 2 59648 5 59701 13 59719 5 59805 25 59839 4 59904 6 59913 5 59957 13 59974 6 60061 26 60092 8 60160 16 60213 13 60229 7 60317 39 60416 17 60469 13 60486 5 60572 41 60672 17 60725 12 60742 5 60828 42 60928 17 60981 11 61084 42 61184 17 61237 11 61340 42 61440 16 61493 11 61596 43 61696 15 61746 14 61852 11 61865 30 61952 14 62001 15 62108 43 62208 14 62256 16 62363 43 62464 13 62513 16 62617 44 62720 12 62769 16 62872 45 62976 12 63025 17 63128 44 63232 12 63282 16 63384 43 63488 12 63538 16 63640 43 63744 12 63794 16 63896 42 64000 13 64050 16 64153 26 64180 13 64256 13 64307 15 64410 24 64438 10 64512 12 64565 13 64663 1 64665 25 64694 9 64768 12 64824 11 64918 27 64950 9 65024 10 65083 8 65174 5 65183 9 65194 6 65206 8 65280 9 65342 5 65429 6 65441 7 65452 4 65462 8
966384,87 14 119 11 165 20 193 4 198 2 240 11 343 13 375 11 422 19 449 8 496 10 550 3 599 13 632 9 678 18 706 9 752 10 805 5 855 12 890 1 935 14 962 10 1007 11 1061 5 1111 11 1198 3 1220 9 1262 12 1317 7 1325 5 1368 5 1482 3 1517 12 1573 5 1582 5 1625 2 1773 12 1830 3 1839 4 1939 6 2028 12 2096 3 2194 7 2285 11 2450 6 2541 10 2614 1 2706 4 2798 8 2879 5 3017 2 3056 4 3135 7 3272 4 3390 9 3524 9 3646 11 3779 11 3901 13 4028 2 4034 11 4157 14 4283 4 4291 5 4298 3 4335 6 4352 1 4413 16 4538 5 4548 3 4554 4 4590 9 4608 1 4669 17 4793 6 4804 3 4810 5 4816 3 4845 11 4935 8 5048 7 5060 4 5066 10 5100 13 5116 4 5192 9 5303 8 5316 16 5356 20 5448 9 5559 8 5573 14 5612 20 5704 11 5815 8 5831 12 5867 21 5960 6 5970 1 6072 8 6088 11 6122 22 6217 4 6328 9 6344 11 6377 23 6473 4 6569 9 6585 8 6602 3 6606 7 6632 24 6729 3 6740 1 6748 1 6756 4 6823 12 6844 5 6858 2 6864 4 6889 5 6896 14 6982 6 6995 2 7003 5 7011 6 7076 17 7146 4 7153 13 7238 6 7251 2 7258 15 7331 19 7403 3 7409 13 7484 1 7495 6 7505 4 7514 16 7588 19 7663 17 7740 3 7752 1 7755 2 7760 4 7770 16 7845 18 7883 1 7919 10 7932 4 8008 1 8012 1 8016 4 8025 17 8052 3 8101 18 8137 4 8157 1 8176 9 8188 4 8264 1 8268 1 8272 3 8278 21 8307 4 8357 18 8393 5 8413 1 8439 1 8444 4 8502 3 8519 2 8524 2 8533 22 8562 5 8613 18 8650 5 8695 1 8699 5 8757 4 8780 2 8789 23 8818 5 8868 18 8907 3 8951 1 8954 6 9013 4 9045 23 9074 5 9120 22 9163 2 9207 9 9269 4 9301 22 9330 5 9375 23 9419 1 9463 8 9556 23 9586 6 9631 23 9720 7 9811 24 9841 8 9887 23 9939 1 9977 4 10067 23 10097 10 10142 24 10194 3 10323 23 10352 12 10393 28 10449 4 10579 23 10607 13 10644 32 10703 6 10835 23 10862 14 10899 32 10957 8 11091 23 11117 14 11153 10 11164 23 11212 8 11340 1 11346 24 11372 13 11407 9 11421 22 11467 7 11596 1 11602 24 11628 13 11662 10 11677 23 11723 5 11851 2 11857 40 11917 9 11932 24 11978 5 12058 2 12072 1 12108 3 12113 27 12141 12 12173 7 12188 23 12235 4 12313 4 12328 1 12364 31 12398 12 12429 5 12444 14 12460 7 12491 3 12615 36 12656 10 12686 4 12701 13 12717 5 12846 2 12871 5 12877 30 12913 9 12942 4 12957 13 12974 3 13011 3 13125 5 13134 4 13142 21 13169 9 13198 4 13214 11 13231 3 13267 3 13312 3 13381 5 13390 4 13399 20 13426 7 13454 12 13471 10 13487 4 13522 4 13569 1 13636 5 13646 4 13656 18 13685 3 13710 12 13728 9 13742 6 13778 4 13892 5 13902 5 13912 12 13928 1 13966 13 13985 9 13998 7 14034 3 14057 1 14075 2 14147 5 14157 6 14168 12 14222 14 14239 23 14290 3 14331 1 14403 5 14413 6 14424 12 14478 14 14494 24 14546 3 14659 6 14668 7 14683 8 14733 40 14802 2 14859 1 14915 7 14923 8 14989 21 15015 13 15058 1 15114 4 15144 1 15176 1 15179 7 15245 21 15270 14 15315 1 15355 2 15369 8 15400 2 15403 2 15436 5 15501 21 15526 13 15571 1 15611 3 15626 9 15659 1 15757 21 15783 12 15827 2 15867 5 15882 10 15914 2 15938 4 16014 13 16029 4 16039 12 16084 3 16109 1 16113 2 16123 5 16142 6 16194 7 16270 12 16297 10 16340 4 16365 9 16380 4 16400 3 16430 5 16449 8 16527 10 16557 6 16597 4 16623 7 16636 4 16664 3 16685 5 16705 6 16783 5 16815 4 16852 7 16881 5 16893 3 16919 4 16939 7 16950 1 16958 1 16963 3 16977 4 17040 2 17072 3 17108 8 17138 4 17150 2 17173 5 17195 10 17231 7 17328 3 17365 6 17395 4 17428 6 17449 12 17485 11 17622 3 17651 5 17685 5 17704 12 17739 14 17907 6 17935 3 17941 5 17960 12 17994 23 18164 5 18192 2 18197 6 18217 10 18248 10 18261 12 18420 5 18448 2 18453 7 18473 10 18501 12 18518 12 18667 3 18675 4 18703 13 18729 8 18752 16 18774 11 18921 7 18931 4 18957 16 18986 7 19007 15 19030 11 19175 10 19186 5 19212 18 19263 15 19286 10 19429 13 19444 2 19467 20 19519 15 19542 8 19685 13 19723 21 19775 15 19798 7 19941 14 19980 20 20031 17 20050 2 20055 3 20196 15 20237 16 20287 20 20451 17 20495 13 20543 20 20705 19 20800 20 20839 6 20961 20 21058 6 21065 11 21079 4 21093 9 21217 20 21238 2 21316 1 21324 16 21349 11 21474 22 21581 17 21604 13 21731 21 21836 18 21860 13 21991 17 22092 18 22117 12 22251 13 22347 20 22374 11 22508 10 22602 22 22631 9 22653 1 22661 6 22765 8 22858 25 22886 9 22909 2 22913 11 22946 3 22953 6 23021 8 23114 37 23164 17 23192 24 23257 1 23281 2 23372 18 23391 15 23425 13 23448 25 23629 16 23649 13 23682 12 23704 26 23795 2 23886 14 23908 8 23936 15 23961 8 23973 14 24143 13 24165 5 24190 17 24218 6 24231 13 24302 5 24400 11 24422 3 24448 4 24453 10 24475 5 24488 14 24557 2 24656 11 24705 2 24711 8 24745 14 24802 4 24813 2 24913 10 24968 6 25002 13 25057 5 25069 1 25170 9 25206 3 25224 5 25259 13 25312 5 25325 1 25427 6 25481 4 25515 13 25558 2 25566 7 25580 2 25595 1 25684 5 25738 3 25771 13 25814 2 25820 9 25835 3 25848 7 25942 1 25994 3 26027 12 26070 3 26076 9 26092 2 26104 7 26228 2 26250 4 26284 11 26325 4 26332 9 26348 2 26360 7 26410 5 26484 9 26507 4 26541 9 26583 1 26588 10 26603 3 26615 8 26665 8 26739 10 26764 4 26799 7 26845 9 26858 4 26871 7 26920 10 26994 10 27021 4 27056 6 27101 17 27127 5 27175 14 27248 12 27278 4 27313 5 27358 16 27383 3 27431 16 27502 14 27517 5 27535 2 27570 4 27614 16 27640 2 27686 18 27727 2 27757 11 27771 9 27869 17 27897 1 27942 19 27982 4 28013 10 28028 10 28125 16 28199 7 28207 11 28236 6 28269 10 28284 11 28381 15 28465 10 28491 7 28525 9 28541 11 28624 4 28637 15 28672 1 28722 11 28745 10 28782 8 28798 11 28879 5 28893 14 28919 2 28928 3 28977 12 29001 9 29037 14 29055 10 29134 7 29150 15 29175 3 29184 3 29232 8 29241 5 29251 3 29255 10 29292 18 29312 9 29389 8 29406 17 29431 5 29440 4 29488 7 29498 4 29506 4 29511 10 29547 21 29569 7 29644 10 29663 17 29687 5 29696 7 29714 6 29744 6 29754 22 29802 22 29826 5 29899 11 29920 18 29943 3 29952 9 29969 8 30002 3 30009 15 30025 8 30058 29 30131 3 30155 11 30177 18 30199 1 30208 11 30225 9 30265 13 30283 7 30314 29 30386 10 30411 11 30435 16 30455 1 30461 14 30480 11 30495 2 30521 9 30542 2 30570 28 30642 12 30667 11 30692 14 30720 12 30735 13 30749 4 30778 8 30827 23 30898 17 30923 11 30948 12 30976 12 30991 19 31033 7 31084 22 31156 17 31179 10 31204 11 31232 12 31247 20 31282 14 31340 22 31413 17 31435 10 31461 6 31468 2 31488 13 31503 21 31537 14 31597 21 31669 17 31690 11 31717 5 31744 14 31759 21 31792 14 31854 19 31925 18 31946 11 31976 2 31988 2 32000 14 32017 19 32047 14 32110 17 32181 17 32202 11 32233 1 32242 7 32250 4 32256 13 32273 9 32285 7 32303 14 32344 1 32367 15 32437 17 32459 9 32489 1 32497 27 32530 6 32541 6 32558 14 32597 4 32623 14 32693 17 32716 7 32744 3 32752 16 32769 8 32787 4 32797 6 32808 1 32814 14 32851 6 32880 5 32888 4 32949 17 32972 6 32997 7 33007 17 33026 6 33052 7 33063 3 33069 15 33107 5 33136 1 33206 16 33230 2 33251 10 33263 17 33283 5 33308 7 33318 22 33364 3 33466 12 33507 11 33521 15 33564 7 33574 22 33621 2 33720 13 33763 10 33777 15 33820 8 33830 22 33975 13 34019 9 34033 3 34042 6 34076 8 34091 17 34133 2 34230 7 34240 1 34276 7 34288 4 34296 7 34332 8 34347 17 34388 4 34414 4 34423 6 34485 8 34534 4 34543 5 34550 8 34588 8 34608 11 34644 5 34670 15 34691 4 34741 7 34799 5 34806 8 34844 7 34865 10 34900 5 34925 11 34938 5 34945 6 34997 7 35055 6 35062 9 35100 7 35123 8 35155 6 35164 4 35180 11 35197 11 35254 4 35312 3 35320 7 35356 7 35379 9 35411 7 35419 6 35434 12 35453 11 35577 5 35613 5 35621 4 35635 9 35666 17 35689 12 35710 10 35755 2 35877 4 35883 4 35891 9 35921 36 35968 9 36011 3 36133 5 36139 6 36147 8 36175 38 36224 9 36266 5 36388 23 36430 14 36445 25 36476 2 36480 9 36522 4 36646 2 36653 13 36684 17 36703 26 36731 3 36735 9 36776 5 36910 11 36937 20 36959 9 36969 31 37032 3 37167 8 37191 32 37225 30 37288 3 37348 6 37424 5 37446 32 37482 29 37518 4 37544 3 37602 9 37702 32 37739 27 37773 6 37800 2 37857 11 37879 1 37957 33 37997 25 38028 9 38112 12 38135 2 38212 34 38256 21 38284 10 38300 1 38368 12 38468 35 38539 14 38554 6 38623 13 38723 36 38795 23 38879 13 38979 36 39051 24 39135 13 39234 24 39259 12 39307 25 39392 12 39490 22 39515 12 39563 25 39648 12 39746 22 39773 8 39818 26 39904 12 40001 24 40074 27 40161 11 40257 24 40330 27 40418 10 40513 23 40594 19 40675 10 40770 21 40856 13 40932 9 40960 5 40980 3 41026 19 41112 12 41189 8 41216 6 41235 5 41283 14 41369 11 41449 3 41472 6 41492 5 41540 13 41567 7 41627 7 41728 6 41748 5 41797 12 41822 9 41845 6 41886 2 41977 1 41984 7 42004 5 42055 10 42076 12 42099 9 42229 8 42240 7 42260 5 42314 7 42331 13 42354 10 42484 11 42496 7 42515 6 42572 3 42587 13 42610 11 42738 21 42762 15 42842 14 42865 11 42993 23 43017 17 43098 14 43120 12 43196 4 43211 1 43247 43 43353 15 43375 12 43450 6 43465 6 43502 44 43609 15 43631 11 43703 9 43720 8 43757 45 43865 16 43887 10 43957 11 43975 9 44013 44 44120 17 44144 9 44212 12 44230 11 44265 1 44268 44 44376 17 44402 7 44467 12 44485 11 44519 48 44632 17 44722 12 44740 12 44775 47 44888 17 44978 12 44994 13 45030 46 45143 18 45233 13 45249 12 45285 46 45399 18 45422 3 45489 14 45504 13 45540 34 45575 12 45656 6 45663 10 45676 7 45744 28 45779 3 45795 14 45813 17 45833 9 45912 5 45921 9 45931 8 46000 27 46034 6 46050 15 46071 16 46090 8 46177 19 46203 9 46256 27 46289 8 46306 15 46326 7 46336 7 46347 7 46433 19 46458 17 46512 26 46544 9 46561 17 46581 3 46592 8 46604 5 46690 17 46714 20 46770 24 46800 9 46816 23 46848 8 46948 1 46952 10 46970 21 47029 20 47056 9 47071 12 47084 11 47104 9 47209 8 47226 22 47287 16 47312 9 47326 13 47340 11 47360 9 47466 5 47482 23 47544 14 47569 7 47581 14 47596 11 47616 8 47738 24 47799 14 47825 6 47837 25 47872 8 47995 24 48056 12 48082 5 48093 25 48128 7 48246 5 48252 23 48313 9 48338 4 48350 24 48384 7 48502 5 48509 22 48595 3 48605 25 48640 7 48758 5 48765 22 48851 3 48860 26 48896 8 49014 5 49021 21 49106 4 49115 27 49152 8 49270 5 49278 20 49362 5 49370 29 49408 8 49527 4 49534 19 49617 7 49626 32 49664 8 49783 3 49790 19 49872 44 49920 7 50040 1 50047 17 50126 21 50148 24 50176 6 50303 17 50381 16 50406 23 50432 5 50560 15 50636 17 50662 23 50688 5 50816 14 50840 1 50891 18 50918 23 50944 4 51072 14 51093 6 51140 24 51174 22 51200 5 51328 13 51347 9 51393 27 51430 17 51456 5 51583 14 51600 13 51648 28 51687 14 51712 7 51732 4 51839 30 51904 28 51944 12 51968 8 51987 6 52093 33 52159 29 52201 10 52224 8 52243 7 52348 34 52416 29 52460 6 52480 8 52499 7 52604 34 52672 30 52719 1 52736 8 52755 7 52859 34 52928 20 52950 9 52992 8 53012 6 53115 33 53185 19 53209 7 53248 7 53269 4 53371 32 53441 18 53466 6 53504 7 53627 9 53637 22 53698 17 53722 6 53760 7 53824 1 53883 9 53894 20 53955 16 53979 4 54016 6 54074 9 54140 7 54150 20 54213 3 54217 9 54235 4 54272 5 54329 10 54366 7 54396 6 54407 19 54475 7 54528 1 54584 12 54622 9 54654 3 54664 17 54732 5 54839 12 54878 9 54922 14 55095 12 55135 9 55179 11 55352 10 55392 7 55436 9 55608 9 55648 7 55693 7 55865 9 55951 3 56122 9 56378 11 56634 11 56737 4 56831 1 56889 13 56992 12 57085 3 57145 13 57246 15 57340 4 57401 13 57502 16 57595 5 57657 13 57758 17 57850 6 57914 12 58014 17 58107 5 58171 10 58269 17 58363 5 58429 7 58524 19 58591 3 58619 5 58686 5 58779 20 58846 4 58876 4 58944 1 59034 21 59102 3 59132 4 59178 1 59290 21 59388 4 59432 5 59545 22 59645 3 59687 7 59801 21 59901 3 59943 7 60057 21 60157 3 60199 8 60312 21 60414 2 60455 8 60569 22 60712 8 60825 31 60967 10 61089 25 61223 11 61347 24 61479 11 61603 25 61735 11 61859 25 61950 2 61991 11 62094 2 62114 27 62205 3 62247 10 62348 5 62370 16 62389 9 62459 5 62504 8 62603 7 62627 15 62646 9 62714 6 62762 3 62857 10 62884 13 62904 8 62968 8 63109 14 63144 8 63160 9 63223 9 63364 16 63401 7 63417 8 63469 19 63527 3 63619 16 63658 7 63672 10 63724 20 63777 10 63874 17 63915 7 63927 11 63979 21 64024 20 64129 17 64172 6 64184 10 64234 22 64278 23 64384 17 64430 4 64440 10 64488 14 64504 8 64532 26 64639 18 64687 3 64695 12 64744 14 64760 8 64787 27 64894 19 64944 2 64950 13 64999 15 65016 8 65043 28 65150 19 65200 2 65208 11 65254 16 65273 7 65298 29 65405 20 65457 1 65466 9 65509 16 65529 7
972712,21 6 85 3 276 8 295 8 341 4 532 8 550 10 597 4 788 8 805 12 850 7 1044 9 1061 13 1106 7 1300 9 1317 13 1361 8 1556 9 1573 13 1616 9 1812 8 1829 12 1871 10 1932 4 2068 8 2086 10 2127 11 2187 6 2325 6 2342 10 2383 13 2442 8 2455 4 2581 6 2599 9 2639 14 2698 8 2710 7 2837 6 2855 8 2895 15 2954 9 2966 9 3094 4 3112 6 3151 16 3211 8 3222 9 3350 4 3398 1 3406 17 3467 7 3477 11 3606 5 3654 1 3662 17 3723 21 3775 2 3861 7 3918 17 3944 3 3979 21 4030 5 4117 7 4174 17 4199 5 4234 21 4285 7 4373 7 4428 19 4454 6 4488 24 4529 5 4541 9 4629 7 4683 20 4710 5 4744 24 4784 6 4797 9 4886 4 4928 1 4938 12 4954 4 4967 3 4999 24 5039 7 5053 9 5184 1 5194 11 5255 24 5294 8 5309 10 5450 10 5512 23 5550 8 5565 9 5706 10 5768 13 5787 2 5806 8 5821 9 5961 11 6014 2 6025 12 6063 6 6078 8 6217 12 6268 5 6282 11 6334 8 6475 10 6524 5 6538 6 6546 2 6590 8 6734 7 6773 7 6782 1 6795 4 6846 8 6965 2 7025 11 7102 8 7186 3 7218 7 7281 10 7359 6 7442 4 7472 10 7539 7 7697 6 7726 4 7733 6 7795 7 7951 7 7982 3 7992 3 8052 5 8206 8 8234 5 8249 2 8310 2 8461 8 8490 4 8521 2 8717 8 8746 3 8776 5 8784 4 8974 5 8991 2 9002 2 9014 2 9031 7 9039 5 9231 3 9238 5 9245 5 9269 3 9287 14 9386 4 9493 14 9526 1 9543 14 9639 7 9747 16 9796 17 9894 9 9984 1 10003 16 10052 17 10150 9 10240 3 10248 5 10258 18 10307 13 10324 1 10406 9 10496 6 10503 7 10514 18 10562 14 10662 8 10752 15 10769 20 10802 1 10818 13 10917 9 11008 14 11025 20 11073 14 11173 9 11264 7 11272 4 11282 19 11328 14 11430 7 11520 3 11538 18 11584 15 11687 4 11794 18 11840 15 12050 17 12083 3 12097 13 12118 2 12122 1 12307 16 12338 5 12353 12 12374 5 12563 16 12595 4 12610 11 12629 5 12820 15 12851 3 12866 11 12885 5 13076 14 13098 1 13106 4 13124 6 13136 1 13141 4 13332 14 13354 5 13361 5 13381 5 13390 4 13397 3 13588 14 13611 14 13639 3 13645 7 13653 3 13845 16 13870 11 13896 12 13910 2 14101 17 14127 9 14155 8 14358 6 14370 4 14384 7 14411 8 14669 3 14765 2 15020 5 15277 4 15533 5 15789 6 16045 7 16301 7 16395 5 16556 8 16644 3 16648 9 16812 7 16899 16 17068 5 17156 16 17413 15 17670 13 17926 11 17972 1 18182 7 18438 6 18693 7 18948 7 18984 2 19205 5 19239 5 19494 7 19542 2 19750 7 19797 4 20006 7 20052 6 20261 7 20308 7 20516 7 20564 8 20772 8 20821 5 21028 8 21078 4 21285 7 21542 6 21800 3 25091 4 25345 7 25520 10 25600 8 25775 12 25856 8 26030 13 26112 8 26286 14 26368 8 26542 14 26624 8 26797 16 26880 8 27053 16 27136 8 27308 17 27392 8 27564 17 27597 4 27648 7 27821 15 27851 6 27904 7 28077 15 28107 7 28160 7 28334 13 28362 8 28416 7 28452 3 28591 10 28617 9 28672 7 28707 10 28872 10 28928 6 28938 1 28962 13 29028 1 29128 11 29181 1 29184 4 29193 4 29211 2 29217 15 29281 6 29383 12 29434 5 29440 2 29449 6 29465 23 29535 9 29639 13 29689 6 29704 9 29719 26 29790 11 29822 4 29894 14 29943 9 29960 10 29975 26 30011 3 30046 12 30077 7 30108 2 30150 14 30199 9 30215 11 30231 26 30265 7 30301 14 30333 7 30363 4 30407 12 30455 9 30470 12 30487 27 30520 9 30558 14 30589 8 30619 4 30666 8 30710 10 30725 14 30743 27 30774 12 30787 3 30814 14 30845 8 30875 4 30966 10 30981 14 30999 27 31030 11 31043 3 31070 14 31101 9 31132 3 31222 10 31237 15 31255 27 31286 10 31328 12 31356 10 31478 10 31494 12 31511 28 31543 7 31583 13 31612 9 31644 1 31735 9 31752 9 31767 28 31801 4 31838 14 31868 9 31895 8 31992 8 32008 2 32023 28 32093 15 32124 8 32150 10 32249 7 32263 3 32280 11 32293 15 32348 16 32381 7 32406 10 32505 7 32518 2 32544 1 32549 15 32604 16 32638 5 32662 10 32762 6 32773 3 32805 2 32809 11 32860 16 32896 1 32918 11 33018 6 33028 4 33061 15 33117 15 33173 12 33247 1 33275 5 33283 5 33316 15 33373 15 33429 11 33501 4 33531 5 33539 5 33572 15 33629 15 33685 12 33756 6 33787 5 33796 4 33828 15 33886 14 33942 11 33976 2 34012 6 34043 5 34053 2 34084 13 34142 14 34199 4 34204 5 34230 6 34268 7 34299 5 34343 9 34377 2 34398 14 34460 6 34485 8 34524 8 34557 3 34599 8 34631 6 34655 12 34716 6 34741 8 34782 7 34854 10 34885 9 34911 12 34972 6 34996 9 35040 5 35109 10 35140 10 35169 9 35228 5 35253 9 35296 6 35365 10 35395 12 35430 2 35485 3 35509 9 35553 5 35620 11 35651 11 35765 9 35809 4 35876 10 35907 11 36021 10 36163 10 36278 9 36420 8 36534 10 36678 5 36790 10 37048 7 37305 5 41711 3 41966 5 42221 7 42477 7 42733 6 42919 3 42989 6 43173 6 43246 5 43428 7 43503 4 43683 8 43759 5 43939 7 44017 3 44195 6 44274 1 44452 4 44709 3 46081 6 46336 8 46438 5 46592 11 46692 8 46848 13 46948 9 47104 14 47204 9 47360 15 47459 10 47616 15 47714 11 47872 15 47970 11 48128 14 48226 12 48384 13 48482 12 48641 10 48738 11 48897 9 48993 12 49152 10 49248 13 49408 9 49504 12 49664 9 49760 12 49776 2 49921 8 50019 9 50032 3 50179 6 50276 8 50287 4 50437 2 50532 9 50543 5 50788 16 51045 15 51301 16 51558 15 51814 15 52070 14 52326 14 52583 13 52839 13 53096 11 53356 6 54573 2 54828 4 55084 6 55342 4 55600 1 62224 3 62480 5 62736 5 62992 5 63248 6 63505 5 63761 6 64017 6 64274 5 64530 4
976097,41149 6 41404 7 41659 8 41915 6 42171 4 42428 2 45285 3 45540 4 45796 4 46052 4 47847 3 48103 3
980103,0 133 139 43 242 7 255 135 394 43 477 1 497 7 512 134 648 45 733 1 752 9 768 134 904 45 1007 13 1024 134 1159 46 1261 16 1280 183 1516 18 1536 183 1769 206 2024 206 2280 204 2536 203 2792 201 3047 201 3301 203 3555 203 3811 202 4070 199 4326 199 4580 200 4836 200 5094 187 5284 7 5351 185 5538 6 5609 183 5794 4 5866 186 6123 185 6380 184 6640 15 6656 165 6898 13 6912 165 7155 12 7168 164 7412 11 7424 164 7669 10 7680 164 7926 174 8184 6 8192 163 8441 5 8448 163 8699 2 8704 163 8960 161 9216 160 9382 2 9472 160 9634 9 9728 159 9888 11 9984 159 10144 12 10240 173 10496 174 10752 175 11008 177 11264 179 11520 181 11776 187 12032 187 12286 189 12540 191 12796 190 13052 190 13307 191 13563 191 13820 189 14076 188 14332 187 14588 188 14843 189 15098 190 15355 188 15611 188 15867 4 15872 184 16122 5 16128 184 16377 192 16632 193 16888 193 17098 3 17144 194 17341 4 17354 3 17401 193 17596 6 17609 5 17658 5 17664 194 17866 4 17920 195 18123 3 18176 194 18380 3 18432 194 18636 5 18677 1 18688 195 18892 4 18933 2 18944 195 19147 4 19188 4 19200 195 19404 3 19408 3 19444 5 19453 198 19660 2 19664 3 19688 2 19699 207 19915 8 19941 7 19952 209 20171 8 20195 223 20427 8 20450 225 20682 9 20706 226 20937 8 20961 228 21192 9 21216 229 21448 9 21471 229 21702 12 21726 229 21958 12 21982 228 22214 2 22218 2 22222 3 22238 226 22475 1 22478 3 22493 224 22731 1 22735 1 22747 226 23003 225 23258 224 23513 221 23769 219 24011 2 24024 211 24239 4 24266 4 24280 209 24494 6 24522 6 24533 1 24536 206 24749 10 24771 1 24777 1 24779 11 24792 184 24977 21 25005 11 25027 2 25036 11 25048 183 25235 19 25260 12 25283 3 25295 193 25489 21 25517 10 25552 213 25773 9 25808 213 26030 8 26064 212 26320 9 26331 192 26576 194 26772 6 26813 3 26831 203 27087 203 27343 192 27538 8 27599 191 27796 6 27855 48 27904 142 28052 6 28111 48 28160 142 28309 4 28365 50 28416 142 28566 1 28620 193 28861 3 28872 2 28876 193 29116 5 29127 1 29130 195 29371 8 29383 1 29386 195 29627 8 29640 197 29882 10 29896 195 30138 10 30152 195 30360 1 30394 9 30408 12 30422 181 30651 8 30664 12 30678 183 30912 2 30919 13 30934 186 31168 3 31175 13 31191 41 31233 145 31380 1 31424 3 31430 15 31448 40 31489 149 31679 21 31704 40 31745 150 31935 21 31960 40 32001 149 32192 20 32216 40 32257 149 32449 19 32471 41 32513 149 32700 24 32727 41 32770 148 32955 25 32983 40 33026 150 33190 3 33211 26 33238 42 33282 151 33437 2 33444 6 33467 69 33539 151 33692 14 33723 69 33795 151 33948 15 33978 70 34051 168 34233 71 34308 167 34488 72 34564 168 34742 74 34819 38 34858 130 34996 76 35074 39 35115 130 35250 77 35330 40 35371 131 35505 78 35585 8 35597 242 35841 8 35853 243 36097 8 36109 243 36354 7 36364 244 36611 5 36619 245 36868 2 36875 245 37131 245 37386 246 37642 246 37898 246 38153 247 38409 247 38664 248 38919 249 39174 250 39430 250 39685 251 39942 250 40197 251 40453 251 40709 251 40964 252 41220 252 41474 254 41729 255 41985 4066 46054 15 46070 237 46310 252 46567 251 46826 248 47082 247 47339 20 47360 226 47595 19 47616 227 47852 18 47872 228 48109 8 48118 3 48122 3 48128 228 48365 8 48384 228 48623 5 48640 227 48879 5 48896 225 49136 3 49152 223 49393 2 49408 223 49664 223 49907 1 49920 223 50163 1 50176 224 50432 224 50688 224 50944 225 51200 226 51456 226 51712 227 51968 227 52224 228 52480 228 52736 228 52992 229 53248 229 53504 230 53760 231 53997 1 54016 232 54251 3 54272 238 54528 237 54784 237 55040 236 55296 236 55552 233 55786 2 55808 233 56043 1 56064 197 56265 31 56320 195 56521 32 56554 2 56576 194 56777 35 56832 194 57032 36 57088 184 57274 7 57287 38 57339 1 57344 194 57543 1 57549 33 57600 194 57807 31 57849 1 57853 1 57856 186 58044 2 58053 1 58064 30 58112 185 58309 1 58321 29 58368 184 58577 29 58624 184 58832 30 58880 184 59089 30 59136 183 59347 28 59384 6 59392 185 59578 3 59603 29 59638 200 59859 30 59894 201 60115 30 60150 201 60364 4 60370 31 60407 201 60617 41 60663 201 60871 44 60918 203 61128 250 61384 251 61640 253 61896 3640
981723,0 6 26 7 35 12 50 7 71 4 193 4 256 7 281 8 291 13 305 9 327 4 512 7 537 8 547 23 583 4 713 1 715 3 768 8 793 8 805 2 811 15 839 4 968 7 1024 8 1050 6 1069 14 1094 5 1223 8 1280 8 1307 4 1326 13 1349 5 1478 9 1536 8 1582 18 1605 5 1734 9 1792 7 1839 18 1861 5 1939 3 1990 9 2048 7 2095 21 2117 5 2195 3 2246 8 2304 7 2351 32 2450 5 2502 7 2560 8 2608 31 2706 5 2757 6 2816 12 2865 30 2964 3 2979 2 3013 2 3072 15 3122 30 3231 5 3269 2 3328 16 3377 30 3490 1 3525 2 3584 17 3633 30 3746 1 3781 2 3840 17 3889 30 3953 4 3987 4 4002 1 4037 2 4096 17 4145 30 4203 11 4242 6 4257 3 4292 3 4353 2 4358 11 4401 29 4458 13 4498 6 4512 4 4547 4 4615 10 4658 28 4715 12 4754 6 4768 3 4803 4 4873 8 4915 26 4973 10 5010 5 5056 8 5130 8 5171 25 5230 9 5265 6 5312 8 5325 2 5387 8 5426 26 5487 8 5520 6 5568 9 5579 4 5634 5 5643 8 5680 27 5744 7 5755 2 5776 5 5817 2 5824 15 5888 9 5899 8 5936 26 6000 7 6009 6 6032 4 6071 5 6081 14 6144 20 6192 25 6257 16 6288 3 6326 6 6338 13 6400 21 6448 23 6514 16 6544 2 6582 6 6592 15 6630 4 6656 21 6705 21 6754 1 6773 13 6801 1 6839 4 6847 16 6878 13 6912 21 6961 21 7029 13 7063 2 7095 3 7103 16 7134 14 7168 22 7218 12 7233 4 7285 13 7319 3 7344 5 7350 4 7358 17 7391 15 7424 23 7474 7 7542 12 7577 3 7599 31 7647 9 7660 2 7680 24 7730 6 7769 2 7799 11 7834 3 7854 31 7905 6 7917 2 7937 24 7968 4 7985 7 8024 5 8055 10 8091 12 8109 6 8118 21 8160 7 8173 3 8194 24 8223 7 8237 3 8241 6 8252 3 8280 7 8315 4 8325 2 8347 13 8363 8 8374 21 8416 7 8431 1 8450 24 8478 9 8492 6 8499 4 8505 7 8535 9 8580 4 8592 4 8603 13 8618 10 8630 6 8640 12 8674 4 8706 24 8734 9 8748 6 8758 10 8789 2 8793 8 8835 6 8847 7 8858 34 8896 13 8961 25 8990 9 9004 8 9013 11 9033 2 9044 3 9051 6 9090 7 9103 44 9151 15 9179 1 9217 24 9245 10 9260 21 9288 5 9300 2 9308 6 9322 5 9346 8 9359 44 9407 20 9435 2 9465 1 9472 25 9501 11 9515 22 9544 5 9565 5 9579 5 9602 8 9615 44 9662 25 9691 5 9699 1 9721 1 9728 25 9757 36 9800 6 9821 5 9835 10 9859 7 9872 43 9918 38 9977 2 9984 25 10013 36 10056 9 10078 5 10091 11 10116 6 10131 39 10174 37 10232 3 10240 25 10270 35 10311 11 10334 6 10348 10 10373 5 10389 36 10430 33 10464 2 10482 2 10488 3 10496 25 10526 35 10566 12 10592 5 10604 9 10630 3 10647 32 10687 4 10695 27 10737 3 10745 1 10752 26 10784 34 10821 13 10848 5 10860 6 10905 2 10910 24 10943 3 10952 27 10993 3 11001 1 11008 26 11047 42 11105 5 11159 3 11172 17 11208 30 11256 2 11264 25 11303 42 11361 6 11406 3 11414 4 11429 15 11465 34 11512 2 11520 25 11560 42 11617 6 11661 6 11670 4 11686 13 11721 30 11753 1 11767 3 11776 24 11816 34 11853 6 11873 7 11916 14 11945 10 11979 28 12022 3 12032 24 12070 35 12109 6 12128 7 12171 15 12202 8 12236 28 12279 1 12288 23 12326 35 12365 6 12383 8 12424 18 12458 7 12493 27 12529 1 12544 23 12582 10 12595 22 12621 4 12638 7 12678 22 12714 7 12750 27 12784 2 12800 7 12809 14 12838 9 12852 11 12866 8 12878 2 12893 7 12933 25 12971 5 13006 27 13040 2 13056 6 13066 13 13094 9 13110 9 13121 9 13136 1 13149 7 13189 27 13263 26 13295 3 13312 6 13322 13 13349 10 13366 9 13377 10 13406 5 13444 29 13519 35 13568 6 13579 12 13605 11 13621 9 13633 10 13663 4 13700 31 13775 26 13802 3 13806 5 13824 7 13835 12 13860 13 13876 10 13887 12 13922 1 13956 9 13967 21 14036 2 14043 14 14058 3 14062 6 14080 7 14091 13 14115 15 14131 23 14176 10 14211 8 14224 20 14299 15 14317 7 14336 8 14348 12 14371 38 14432 11 14467 7 14480 21 14556 14 14573 7 14592 24 14627 35 14687 13 14723 6 14736 21 14812 15 14828 5 14848 15 14867 4 14883 34 14943 13 14978 7 14991 22 15069 4 15074 15 15101 19 15139 21 15161 12 15200 13 15233 7 15247 22 15324 21 15356 21 15394 21 15418 11 15457 12 15489 7 15502 23 15562 5 15579 22 15611 23 15650 34 15713 11 15746 6 15755 27 15817 7 15835 21 15867 23 15906 33 15966 2 15969 9 16002 6 16010 28 16073 8 16090 12 16106 5 16122 25 16163 21 16186 8 16221 7 16258 6 16265 30 16296 1 16329 9 16346 13 16363 2 16377 27 16419 21 16443 6 16477 6 16514 4 16519 35 16585 10 16602 14 16632 29 16666 2 16676 19 16699 6 16770 39 16841 10 16858 14 16876 2 16886 39 16932 19 16955 5 17026 38 17095 12 17113 16 17132 3 17141 41 17188 16 17205 2 17211 4 17282 36 17349 13 17369 12 17387 4 17395 31 17430 9 17444 16 17462 1 17466 5 17538 35 17605 10 17624 12 17642 4 17650 44 17700 19 17722 4 17794 34 17860 11 17874 2 17880 9 17897 3 17906 36 17955 11 17967 8 17978 3 18050 34 18115 12 18128 16 18152 4 18162 34 18210 5 18218 3 18224 7 18234 3 18307 34 18370 12 18387 1 18390 11 18406 6 18417 35 18465 2 18480 7 18490 3 18564 36 18612 1 18625 3 18647 11 18660 9 18672 36 18736 5 18747 2 18819 37 18880 4 18905 6 18913 1 18916 48 18992 4 19004 2 19074 39 19132 7 19163 1 19169 40 19212 8 19259 4 19330 38 19380 1 19386 9 19428 34 19469 6 19514 5 19585 39 19635 3 19640 11 19686 32 19724 7 19771 6 19840 39 19889 17 19941 32 19980 7 20028 7 20095 39 20143 19 20188 2 20197 32 20237 7 20283 8 20328 3 20350 39 20399 17 20444 3 20453 31 20493 7 20539 8 20582 7 20605 40 20654 17 20700 4 20708 32 20749 9 20795 7 20838 8 20860 41 20910 12 20924 2 20956 2 20964 28 20993 3 21006 9 21051 7 21093 13 21115 43 21165 11 21221 27 21249 4 21261 12 21310 1 21348 66 21420 12 21439 2 21444 2 21477 27 21506 4 21517 13 21534 3 21604 6 21611 61 21675 12 21694 5 21700 2 21733 30 21768 3 21774 19 21860 4 21867 61 21932 11 21950 2 21990 29 22023 4 22030 19 22116 3 22123 61 22188 11 22246 30 22280 3 22287 17 22373 2 22379 61 22446 10 22502 31 22537 1 22544 16 22630 2 22634 61 22703 13 22721 1 22746 1 22759 25 22786 4 22793 1 22801 14 22889 62 22960 12 23015 25 23043 5 23059 12 23145 62 23217 11 23271 25 23297 7 23315 11 23358 1 23401 61 23477 7 23526 26 23553 6 23571 10 23612 5 23657 61 23734 6 23781 34 23827 10 23868 4 23913 61 23992 5 24036 34 24083 10 24124 1 24166 2 24169 61 24249 5 24262 2 24292 34 24340 10 24380 2 24422 63 24506 5 24516 5 24547 35 24599 3 24603 4 24634 4 24676 1 24679 62 24763 14 24803 35 24859 4 24890 3 24900 1 24932 38 24972 24 25022 11 25060 35 25115 6 25145 4 25156 3 25188 37 25229 4 25237 14 25281 8 25316 35 25370 7 25400 5 25411 4 25443 37 25486 2 25494 14 25572 34 25610 3 25626 7 25656 5 25667 4 25699 36 25750 2 25754 10 25827 8 25836 11 25853 9 25866 4 25883 4 25912 4 25922 9 25956 3 25966 25 26012 8 26083 7 26108 9 26122 8 26170 1 26178 9 26223 24 26269 8 26338 8 26363 9 26379 12 26434 9 26448 1 26479 25 26525 9 26535 4 26594 7 26618 10 26636 12 26690 9 26704 1 26735 32 26782 14 26851 5 26874 9 26897 6 26944 12 26991 33 27039 13 27107 4 27130 8 27156 1 27199 13 27218 3 27248 33 27297 12 27364 3 27386 8 27455 13 27474 1 27505 33 27553 12 27643 8 27701 2 27712 11 27730 1 27762 14 27777 18 27808 2 27812 9 27903 5 27933 3 27956 4 27967 13 27986 2 28020 10 28034 17 28064 3 28069 8 28160 3 28187 6 28211 6 28223 13 28242 2 28278 8 28292 15 28319 4 28326 7 28416 3 28443 6 28467 6 28479 13 28498 2 28538 3 28548 10 28559 4 28575 4 28583 4 28672 3 28699 6 28722 10 28735 14 28752 4 28805 9 28817 2 28829 1 28832 3 28928 3 28956 5 28978 10 28989 16 29008 3 29062 8 29073 1 29184 3 29214 1 29234 7 29243 17 29264 2 29320 2 29440 3 29490 28 29520 1 29696 3 29746 28 29952 3 30003 3 30007 23 30208 3 30259 27 30464 2 30515 28 30772 27 30891 1 31029 26 31146 4 31286 23 31402 4 31542 23 31658 4 31799 21 31914 4 32056 4 32061 14 32171 2 32309 2 32318 13 32565 3 32574 12 32820 5 32830 10 33076 5 33085 10 33334 3 33340 10 33595 12 33851 14 34107 15 34364 16 34385 4 34624 13 34641 4 34883 10 34897 4 35101 5 35145 4 35153 3 35355 8 35402 2 35610 9 35864 12 36095 1 36116 16 36350 2 36371 18 36605 3 36626 18 36860 4 36882 18 37115 5 37137 18 37369 7 37393 17 37624 8 37649 17 37880 8 37905 16 38135 9 38162 15 38391 9 38420 10 38431 3 38647 9 38677 9 38687 4 38742 1 38904 8 38933 13 39161 7 39189 12 39418 6 39427 1 39442 1 39444 13 39651 1 39675 5 39681 4 39697 16 39905 4 39931 10 39952 22 40159 7 40187 11 40208 23 40413 9 40443 11 40469 18 40667 10 40699 11 40725 17 40922 9 40953 14 40981 9 40991 6 41176 9 41204 19 41235 9 41247 6 41430 8 41460 20 41490 8 41504 1 41682 12 41715 21 41745 9 41937 12 41961 1 41971 21 42001 9 42182 4 42193 12 42217 3 42228 20 42257 8 42429 3 42437 6 42448 13 42473 3 42484 20 42513 8 42684 5 42691 9 42704 13 42729 1 42741 19 42772 3 42940 18 42959 14 42997 18 43197 5 43204 24 43255 9 43265 5 43465 19 43512 8 43522 3 43722 8 43732 8 43745 3 43768 8 43979 7 43988 8 44000 6 44024 8 44104 1 44233 10 44244 8 44256 7 44266 4 44281 7 44360 1 44489 19 44513 6 44520 7 44537 7 44746 7 44754 10 44769 15 44794 6 45002 7 45010 10 45025 16 45050 6 45258 4 45266 9 45281 16 45305 7 45514 2 45522 8 45537 17 45558 10 45780 4 45793 31 46038 2 46049 31 46294 2 46305 31 46542 2 46550 3 46561 31 46798 2 46805 4 46818 3 46823 25 47053 4 47060 5 47075 1 47080 24 47108 4 47308 6 47316 6 47336 24 47364 5 47564 5 47572 6 47592 24 47619 6 47820 4 47829 6 47850 22 47875 6 48077 2 48086 5 48095 1 48106 22 48131 5 48342 6 48350 5 48362 22 48387 3 48552 2 48560 3 48599 12 48618 22 48803 7 48815 4 48855 12 48874 22 49045 2 49059 6 49071 4 49110 13 49129 18 49315 5 49329 2 49366 12 49385 18 49572 4 49586 1 49622 10 49641 18 49830 1 49877 10 49897 17 50100 3 50132 10 50153 17 50355 3 50387 10 50410 16 50435 2 50498 2 50612 2 50642 11 50666 15 50691 3 50753 5 50844 1 50900 7 50923 14 50947 3 51007 7 51099 2 51156 6 51181 12 51203 2 51263 7 51379 1 51413 4 51437 12 51519 7 51536 3 51634 2 51669 1 51694 10 51770 1 51776 7 51791 2 51925 1 51952 7 52025 2 52033 7 52046 2 52181 1 52210 4 52252 1 52282 1 52290 5 52301 2 52398 4 52421 3 52436 2 52507 3 52546 5 52555 4 52590 4 52653 6 52677 4 52692 2 52741 1 52763 3 52802 4 52809 6 52846 10 52908 7 52931 5 52949 1 52996 3 53019 4 53060 2 53063 7 53102 12 53163 9 53186 6 53251 4 53275 4 53318 10 53361 8 53419 10 53443 4 53459 1 53507 4 53530 4 53574 11 53619 5 53675 13 53715 1 53722 4 53762 4 53785 4 53829 10 53877 3 53930 16 53978 5 54016 6 54041 4 54085 10 54134 2 54186 17 54233 7 54272 6 54305 1 54342 10 54355 4 54390 3 54443 18 54481 1 54489 8 54528 6 54559 4 54598 10 54611 5 54646 4 54699 19 54735 3 54744 9 54784 4 54813 6 54855 9 54867 5 54901 5 54955 19 54990 5 54996 15 55040 3 55067 8 55111 9 55122 9 55156 6 55212 18 55242 26 55296 3 55323 7 55368 8 55378 9 55412 6 55468 11 55480 5 55498 26 55552 3 55559 1 55579 7 55625 7 55633 10 55658 4 55668 6 55725 9 55755 26 55808 10 55823 5 55835 7 55881 18 55914 4 55923 7 55981 9 56013 24 56064 21 56092 5 56138 15 56171 14 56238 8 56271 22 56320 21 56349 3 56394 15 56432 1 56436 3 56494 12 56528 21 56576 22 56650 15 56688 1 56750 14 56784 21 56832 11 56846 8 56906 15 57006 14 57040 21 57088 7 57103 6 57162 16 57263 13 57296 21 57344 3 57360 5 57420 14 57525 6 57551 21 57600 3 57617 5 57678 12 57784 1 57807 21 57856 3 57873 9 57936 10 57948 1 58062 24 58112 2 58129 10 58193 12 58315 28 58384 12 58455 6 58572 28 58639 13 58714 3 58829 12 58843 13 58895 13 58962 3 58971 3 59086 10 59100 12 59151 13 59217 5 59227 3 59235 3 59343 8 59357 11 59407 13 59472 13 59491 4 59599 7 59615 7 59663 12 59727 14 59746 5 59805 4 59855 6 59872 5 59918 13 59983 13 60002 5 60057 10 60109 9 60174 13 60238 14 60258 4 60312 12 60361 13 60430 13 60492 17 60515 2 60568 11 60616 14 60686 13 60746 19 60806 6 60823 12 60871 15 60942 12 60999 21 61062 8 61079 12 61127 16 61198 9 61254 20 61318 10 61334 13 61382 17 61456 5 61509 19 61574 12 61590 12 61638 18 61764 18 61830 14 61846 12 61894 19 61948 4 61970 4 62019 18 62085 27 62149 21 62203 5 62226 6 62274 18 62336 29 62405 21 62457 7 62482 7 62530 17 62590 29 62641 5 62661 21 62711 9 62738 8 62786 17 62844 31 62891 12 62918 21 62965 14 62988 2 62995 9 63043 15 63099 31 63145 15 63174 20 63221 15 63243 4 63251 11 63299 15 63353 32 63400 17 63430 20 63477 15 63499 5 63506 13 63556 13 63608 27 63656 20 63686 20 63732 17 63755 5 63762 15 63815 7 63863 27 63912 22 63942 19 63988 18 64011 22 64114 32 64168 22 64197 20 64244 19 64267 23 64369 32 64423 23 64452 20 64500 19 64523 24 64624 33 64680 22 64706 21 64755 21 64779 25 64878 35 64936 22 64960 23 65010 22 65036 24 65134 35 65192 22 65216 7 65266 22 65293 4 65300 17 65390 18 65409 15 65449 21 65472 7 65521 15
982804,0 65536
986585,0 41 48 1 52 1 61 1 100 82 190 7 256 54 316 3 356 84 444 9 512 58 571 4 612 97 768 63 868 97 1024 64 1124 97 1280 66 1347 2 1380 99 1536 71 1618 1 1622 2 1635 102 1753 4 1781 4 1792 71 1872 11 1890 104 2009 7 2031 12 2048 72 2126 14 2146 104 2264 9 2287 12 2304 72 2383 14 2402 104 2519 10 2543 12 2560 72 2639 14 2658 104 2775 10 2795 2 2798 14 2816 78 2899 11 2914 90 3005 13 3030 11 3051 17 3072 78 3157 103 3261 13 3276 2 3286 11 3307 17 3328 79 3414 124 3542 12 3563 17 3584 79 3671 123 3798 12 3819 17 3840 79 3928 121 4054 13 4075 17 4096 80 4186 2 4189 117 4310 14 4331 17 4352 81 4442 120 4569 11 4586 19 4608 81 4698 121 4827 9 4842 13 4858 3 4862 83 4953 122 5081 1 5086 5 5099 11 5114 87 5209 122 5337 1 5342 4 5355 10 5371 87 5463 124 5599 1 5612 8 5632 83 5717 126 5855 1 5868 8 5888 68 5957 142 6125 7 6144 66 6214 141 6381 7 6400 65 6471 139 6638 7 6656 65 6728 137 6894 7 6905 1 6912 64 6983 140 7150 9 7160 3 7168 64 7239 145 7406 13 7424 63 7494 147 7647 1 7662 14 7680 63 7750 148 7901 4 7918 16 7936 63 8006 160 8175 80 8261 162 8432 78 8516 163 8688 77 8771 167 8944 74 9026 168 9199 74 9282 169 9455 74 9538 170 9710 74 9794 170 9966 74 10050 245 10305 246 10560 246 10813 245 11068 245 11323 246 11580 244 11836 245 12092 238 12331 6 12349 235 12604 236 12860 236 13103 5 13115 216 13332 20 13358 7 13370 207 13578 7 13589 20 13612 221 13835 6 13845 20 13867 222 14092 4 14105 6 14112 233 14365 2 14368 233 14619 237 14873 237 15127 237 15380 239 15634 241 15889 239 16144 240 16395 245 16650 246 16906 246 17162 246 17417 246 17672 248 17926 250 18181 251 18437 251 18692 252 18947 253 19203 253 19458 254 19713 1945 21660 254 21917 252 22174 251 22432 250 22691 249 22949 251 23206 251 23463 251 23720 251 23977 252 24234 252 24490 253 24747 252 25003 253 25258 254 25514 254 25770 254 26026 254 26282 253 26539 224 26765 24 26797 221 27022 26 27052 221 27278 251 27533 252 27788 253 28044 253 28299 253 28555 253 28812 251 29068 251 29324 251 29580 77 29659 172 29836 75 29919 1 29924 243 30181 243 30440 240 30697 240 30953 240 31211 239 31468 238 31724 239 31980 239 32236 240 32492 242 32749 248 33006 248 33263 248 33521 14 33536 232 33777 13 33792 232 34032 14 34048 235 34284 17 34304 252 34560 254 34816 255 35072 4705 39780 252 40037 251 40293 251 40549 251 40805 251 41059 253 41315 252 41570 253 41826 254 42081 255 42337 254 42593 255 42849 2279 45136 247 45394 244 45650 232 45883 10 45907 5 45914 222 46142 8 46164 2 46170 221 46399 7 46426 222 46656 5 46682 222 46912 5 46938 223 47168 5 47194 223 47424 5 47450 224 47680 5 47705 228 47937 4 47960 231 48216 232 48472 233 48728 234 48984 235 49240 236 49495 238 49746 2 49749 240 49998 248 50254 249 50508 252 50763 6369 57134 254 57391 3281 60673 170 60844 251 61103 247 61360 246 61616 246 61872 246 62127 246 62381 249 62636 247 62884 2 62889 1 62891 247 63149 245 63408 242 63669 236 63925 59 63987 173 64181 59 64243 82 64330 85 64437 60 64500 3 64504 166 64692 61 64759 166 64948 61 65015 16 65032 150 65204 61 65272 8 65282 4 65289 21 65311 31 65344 95 65460 61 65523 1 65528 8
990714,99 12 134 9 178 31 241 4 254 2 354 13 390 8 434 31 498 3 510 2 573 2 609 13 646 9 690 30 755 3 766 2 828 5 865 12 902 9 947 29 1013 3 1021 3 1084 6 1120 13 1158 10 1203 28 1269 4 1277 3 1340 6 1377 11 1414 10 1458 28 1525 5 1533 1 1596 6 1632 12 1670 10 1714 28 1781 4 1852 5 1888 14 1927 9 1969 29 2109 3 2143 17 2183 9 2225 30 2366 1 2398 19 2439 9 2482 30 2654 19 2696 7 2738 30 2910 19 2952 7 2995 29 3103 4 3166 19 3208 7 3251 29 3358 5 3422 19 3464 6 3507 29 3615 4 3679 18 3721 4 3764 28 3936 17 4020 29 4193 15 4277 28 4368 1 4458 3 4537 25 4596 6 4622 5 4795 24 4852 7 4878 5 5051 12 5064 12 5108 6 5134 6 5308 9 5322 10 5365 4 5390 7 5564 8 5578 11 5621 3 5647 7 5821 6 5835 10 5877 3 5903 10 6078 2 6090 12 6132 4 6160 10 6335 1 6346 13 6388 4 6416 10 6540 5 6586 8 6600 16 6646 2 6674 9 6795 7 6840 12 6854 19 6933 6 7051 7 7094 36 7192 1 7307 9 7349 37 7418 6 7452 4 7563 11 7604 38 7675 5 7708 5 7819 12 7859 38 7932 4 7964 5 8075 13 8114 40 8188 3 8221 4 8331 13 8370 40 8478 1 8587 13 8627 38 8768 1 8843 12 8883 38 9098 9 9139 37 9353 9 9396 35 9463 3 9608 8 9652 32 9717 4 9864 8 9908 29 9973 4 10120 6 10163 29 10229 3 10376 4 10414 34 10485 2 10669 36 10925 37 11180 39 11435 41 11691 42 11946 43 12203 42 12460 41 12616 2 12718 38 12870 5 12976 36 13041 1 13124 8 13231 37 13297 4 13379 10 13486 38 13552 5 13634 11 13742 37 13808 5 13890 12 13998 37 14064 5 14146 12 14255 35 14321 3 14402 13 14512 34 14658 13 14773 28 14914 13 15030 27 15172 11 15287 25 15431 7 15543 23 15615 1 15663 6 15690 2 15799 24 15869 3 15917 10 16054 25 16115 3 16124 4 16172 12 16310 25 16372 4 16380 4 16428 14 16565 25 16629 4 16635 5 16683 16 16821 25 16891 5 16936 21 17063 4 17077 24 17147 5 17191 28 17318 8 17333 23 17446 29 17574 12 17587 21 17703 29 17830 34 17959 30 18086 34 18216 29 18342 34 18419 1 18473 28 18599 20 18622 9 18673 4 18728 29 18855 21 18880 5 18921 2 18928 5 18934 2 18983 30 19092 2 19112 20 19167 2 19175 11 19189 4 19239 31 19346 6 19368 20 19422 5 19431 14 19495 31 19601 9 19624 20 19677 24 19751 31 19857 10 19879 21 19932 15 19950 7 20007 31 20114 9 20135 18 20186 7 20194 9 20206 8 20265 17 20287 6 20370 10 20391 16 20440 7 20452 6 20463 8 20526 9 20545 2 20618 4 20626 10 20647 15 20693 10 20709 5 20719 9 20732 3 20771 4 20783 7 20874 5 20883 6 20903 14 20948 10 20966 2 20977 6 20988 3 21025 7 21040 5 21130 6 21159 13 21203 11 21235 3 21245 3 21281 7 21297 4 21385 7 21415 13 21459 11 21535 9 21554 2 21641 7 21670 14 21715 11 21788 11 21898 6 21926 14 21970 11 22042 13 22155 4 22182 14 22226 10 22297 13 22438 14 22482 10 22552 13 22694 14 22737 11 22808 13 22950 14 22993 11 23064 12 23206 14 23249 11 23321 10 23462 14 23506 12 23577 9 23718 14 23762 13 23834 5 23974 14 24019 16 24230 14 24275 17 24487 12 24531 18 24745 10 24787 18 25003 8 25044 17 25070 6 25261 7 25301 15 25324 9 25518 7 25559 13 25578 13 25732 1 25773 8 25816 11 25834 15 25986 3 26029 13 26071 12 26087 18 26134 5 26241 4 26285 15 26326 14 26343 19 26389 8 26497 4 26541 16 26581 15 26599 14 26614 4 26645 9 26753 2 26797 17 26834 19 26855 11 26871 3 26901 9 27053 17 27089 20 27112 6 27127 1 27158 9 27186 4 27309 18 27344 22 27369 4 27415 7 27441 7 27565 18 27600 23 27639 1 27672 5 27697 8 27820 18 27857 22 27894 2 27954 6 28075 19 28113 23 28150 3 28211 5 28331 18 28369 24 28405 5 28557 5 28587 18 28625 25 28662 3 28674 7 28811 8 28843 17 28881 13 28897 11 28928 12 29067 14 29100 15 29137 13 29155 10 29184 13 29323 17 29357 13 29393 14 29413 9 29440 14 29579 17 29613 14 29649 14 29669 10 29696 14 29835 18 29870 14 29905 13 29926 11 29952 15 30090 19 30127 14 30161 13 30182 11 30208 16 30346 19 30384 14 30418 10 30438 11 30464 17 30601 19 30641 13 30675 8 30694 9 30720 18 30856 20 30898 13 30932 5 30950 9 30976 18 31112 20 31157 11 31205 10 31232 18 31368 19 31414 10 31461 10 31488 17 31625 18 31672 8 31716 11 31744 16 31881 17 31932 4 31969 16 31990 2 32000 15 32141 1 32143 11 32186 8 32224 26 32256 15 32403 7 32441 11 32479 27 32512 14 32661 4 32697 12 32734 29 32768 13 32811 3 32953 12 32989 10 33004 16 33024 13 33049 5 33066 5 33209 12 33244 10 33261 14 33280 15 33303 9 33321 6 33467 9 33499 9 33518 5 33535 20 33558 11 33576 7 33725 6 33755 10 33775 4 33791 37 33829 10 33952 3 34011 14 34033 3 34048 48 34206 6 34267 15 34289 3 34304 49 34460 8 34523 17 34545 3 34560 49 34713 11 34757 1 34778 24 34816 48 34966 13 35005 3 35010 7 35032 26 35072 48 35221 14 35259 15 35288 26 35328 48 35476 14 35514 17 35544 27 35584 48 35731 14 35769 18 35801 30 35840 47 35987 13 36025 19 36058 29 36096 47 36234 22 36280 20 36316 28 36347 52 36482 29 36535 21 36574 47 36628 5 36634 21 36738 29 36791 22 36832 42 36891 20 36994 29 37046 23 37093 34 37148 19 37250 29 37302 23 37355 21 37404 19 37507 28 37557 11 37570 12 37614 11 37626 6 37660 20 37764 15 37782 9 37812 26 37873 6 37883 5 37916 21 38021 12 38039 8 38068 26 38140 4 38172 22 38278 9 38295 8 38324 26 38389 1 38395 5 38428 22 38535 8 38551 8 38580 25 38644 12 38685 22 38792 7 38806 9 38822 4 38837 24 38894 2 38900 12 38941 21 39048 6 39062 8 39074 11 39094 23 39152 16 39183 4 39197 21 39305 5 39318 24 39351 22 39408 16 39437 7 39454 14 39470 1 39562 3 39574 25 39608 21 39664 16 39693 7 39710 14 39831 25 39864 21 39921 15 39949 8 39966 13 40092 22 40120 20 40177 15 40205 8 40222 12 40348 22 40377 18 40433 15 40462 8 40478 11 40604 22 40637 13 40689 15 40719 7 40734 10 40860 23 40895 10 40946 14 40975 8 40990 10 41114 27 41152 9 41202 14 41232 8 41245 11 41369 30 41409 8 41445 4 41458 8 41470 2 41488 9 41502 9 41622 34 41697 10 41716 5 41745 9 41758 9 41877 35 41953 10 42001 11 42016 6 42132 36 42209 11 42244 4 42257 12 42275 2 42388 36 42465 11 42499 5 42512 14 42644 37 42722 10 42756 5 42768 14 42901 39 42978 10 43013 3 43023 16 43159 38 43246 5 43279 17 43416 38 43502 6 43534 19 43672 38 43757 9 43789 20 43928 38 44010 14 44044 21 44185 37 44265 17 44298 23 44344 2 44442 36 44491 3 44520 19 44553 24 44600 3 44700 34 44747 4 44775 22 44808 25 44856 4 44958 33 45002 5 45030 24 45063 26 45112 5 45216 33 45258 5 45285 25 45318 26 45368 5 45421 2 45474 32 45514 5 45540 27 45571 29 45625 4 45676 5 45732 31 45770 5 45788 4 45795 28 45824 32 45882 3 45930 8 45989 30 46026 5 46041 38 46080 32 46186 9 46246 5 46256 19 46283 3 46296 39 46336 31 46442 10 46514 5 46527 2 46552 39 46592 31 46698 10 46808 39 46848 9 46863 16 46954 10 47064 48 47125 9 47190 4 47210 10 47319 48 47382 1 47384 5 47445 10 47466 10 47575 46 47700 13 47723 9 47830 46 47956 13 47979 9 48086 45 48212 13 48236 7 48342 45 48467 14 48492 7 48572 2 48599 44 48724 13 48748 7 48826 6 48855 45 48909 2 48980 13 49004 7 49080 8 49112 45 49238 11 49260 8 49334 10 49368 38 49408 6 49417 4 49496 9 49517 8 49589 10 49624 37 49664 8 49673 5 49752 8 49774 7 49844 11 49880 36 49920 14 50009 7 50031 6 50062 4 50098 12 50135 37 50176 15 50265 6 50290 1 50317 5 50354 12 50391 35 50432 15 50522 4 50573 6 50609 12 50647 30 50688 15 50780 1 50829 6 50867 9 50903 27 50944 5 50950 9 50979 2 51086 5 51159 24 51200 15 51234 5 51342 5 51363 3 51415 23 51456 15 51490 6 51598 6 51615 8 51672 22 51712 14 51746 7 51854 6 51870 10 51928 22 51968 7 51978 3 52003 7 52091 3 52108 9 52121 15 52184 22 52224 7 52259 7 52362 30 52441 21 52480 7 52515 7 52528 1 52617 31 52699 19 52736 6 52769 9 52782 6 52872 33 52957 17 52992 6 53018 15 53037 8 53128 35 53214 15 53248 5 53272 16 53293 8 53383 39 53473 4 53504 4 53528 16 53549 9 53638 41 53761 2 53776 4 53783 17 53805 8 53879 3 53894 41 54031 25 54062 7 54132 7 54150 42 54286 27 54319 3 54385 10 54406 41 54542 27 54634 17 54662 41 54797 28 54889 19 54918 41 55053 28 55144 20 55174 42 55309 28 55400 21 55431 41 55565 28 55656 21 55687 5 55694 34 55822 28 55912 21 55950 34 56068 5 56079 27 56168 22 56206 33 56261 6 56323 6 56335 27 56424 21 56462 33 56516 11 56578 8 56591 27 56680 21 56718 32 56771 24 56803 4 56834 8 56847 17 56935 22 56974 32 57027 25 57057 9 57071 4 57090 8 57103 15 57190 22 57229 33 57282 27 57312 20 57346 7 57360 13 57446 22 57485 32 57538 11 57554 9 57568 20 57601 8 57616 12 57701 22 57741 32 57793 10 57812 6 57824 20 57858 6 57873 11 57958 19 57998 31 58048 7 58069 4 58080 19 58114 5 58129 17 58214 18 58254 32 58303 6 58336 18 58371 3 58386 19 58470 18 58510 32 58556 8 58600 9 58642 20 58726 19 58766 32 58810 9 58831 1 58858 7 58899 19 58982 20 59022 31 59065 9 59085 5 59098 3 59116 4 59155 20 59239 19 59279 30 59320 10 59340 7 59354 5 59412 19 59496 19 59535 31 59575 11 59596 8 59610 6 59669 19 59752 20 59792 30 59830 12 59852 8 59866 6 59927 2 59932 12 60009 19 60049 29 60085 12 60107 9 60122 6 60190 10 60265 18 60305 29 60340 13 60363 8 60378 7 60447 9 60522 16 60562 18 60584 6 60596 13 60619 8 60634 7 60704 8 60779 14 60818 15 60840 5 60851 15 60877 7 60890 6 60961 7 61035 13 61073 12 61098 2 61108 11 61133 6 61146 6 61218 5 61292 11 61320 21 61364 10 61391 3 61476 1 61548 11 61575 21 61621 7 61805 10 61830 22 61878 5 61907 1 62062 8 62086 21 62134 4 62177 4 62320 5 62342 21 62391 2 62432 6 62598 22 62645 5 62688 7 62854 22 62901 6 62943 9 63111 21 63156 7 63201 8 63214 2 63369 19 63412 7 63446 3 63459 8 63468 6 63627 17 63668 6 63703 2 63715 7 63724 7 63744 1 63884 16 63923 7 63967 1 63972 5 63980 12 64000 2 64026 2 64144 4 64149 7 64180 4 64227 4 64238 12 64256 3 64281 5 64408 4 64483 3 64495 13 64512 3 64536 7 64731 1 64751 19 64792 8 64986 3 65006 18 65049 7 65262 18 65305 7 65518 18
995278,192 6 199 30 235 21 448 36 491 21 704 37 747 21 960 38 1003 21 1216 40 1259 21 1475 61 1731 61 1986 62 2241 63 2495 65 2750 66 2854 3 3004 68 3109 8 3259 69 3364 13 3514 70 3620 14 3770 70 3875 15 4026 70 4130 16 4281 71 4383 19 4538 70 4635 23 4793 71 4890 23 5042 78 5146 20 5296 80 5401 19 5552 80 5657 19 5807 81 5913 20 6063 81 6169 21 6319 9 6331 69 6425 21 6575 8 6588 68 6682 20 6831 7 6845 67 6940 15 7088 5 7101 67 7197 11 7345 2 7357 67 7454 9 7612 68 7712 6 7867 69 7970 2 8121 71 8376 72 8631 73 8886 74 9143 73 9399 73 9654 74 9775 3 9910 74 10029 6 10166 74 10285 7 10422 74 10541 7 10679 73 10797 8 10936 72 11053 8 11193 71 11309 8 11449 71 11566 7 11703 73 11823 6 11957 75 12080 4 12212 76 12467 75 12722 75 12977 76 13232 77 13487 78 13566 2 13743 80 13999 80 14255 79 14511 79 14747 4 14768 77 15002 8 15025 75 15258 12 15282 61 15344 11 15514 13 15538 61 15601 10 15742 5 15770 13 15795 60 15858 7 15996 14 16026 13 16053 11 16071 40 16114 6 16252 17 16282 13 16310 9 16326 43 16370 5 16508 18 16538 13 16568 5 16582 49 16763 25 16795 12 16838 50 17019 26 17053 10 17094 51 17274 28 17309 9 17351 48 17529 29 17566 7 17607 37 17647 6 17785 30 17823 5 17864 39 17904 4 18040 31 18121 38 18296 31 18377 39 18538 1 18551 32 18634 10 18647 25 18685 3 18792 6 18807 31 18891 8 18903 26 18941 3 19047 10 19063 31 19148 6 19160 25 19196 4 19302 48 19407 1 19418 24 19445 3 19452 4 19558 48 19675 32 19708 4 19814 21 19836 26 19877 4 19933 35 20070 20 20094 24 20133 5 20190 34 20323 23 20351 24 20389 4 20448 29 20578 24 20607 24 20644 5 20714 5 20724 8 20832 26 20864 23 20901 3 20979 8 21087 28 21120 23 21235 8 21343 31 21376 22 21491 7 21598 56 21747 7 21854 35 21891 19 22003 5 22109 36 22148 16 22260 3 22364 37 22405 15 22620 36 22661 15 22875 37 22918 14 23108 1 23131 37 23174 13 23364 1 23387 38 23430 13 23620 1 23644 37 23686 5 23693 5 23900 38 23942 12 24158 36 24198 12 24410 41 24453 13 24666 42 24709 13 24920 58 25154 3 25175 13 25189 45 25410 4 25431 12 25448 43 25666 13 25686 13 25709 38 25922 14 25943 14 25965 39 26178 14 26199 15 26222 39 26433 16 26456 14 26479 40 26689 16 26712 16 26735 41 26945 17 26968 17 26991 42 27201 18 27224 18 27247 43 27457 18 27479 20 27503 43 27714 17 27735 22 27759 44 27970 18 27991 53 28048 11 28227 17 28245 51 28308 8 28483 69 28564 7 28739 69 28820 7 28995 69 29077 5 29252 68 29509 67 29767 65 30023 66 30279 55 30340 7 30536 51 30598 4 30792 49 31049 47 31305 46 31385 13 31561 46 31640 15 31816 44 31862 1 31896 16 31920 3 32072 44 32118 1 32152 16 32174 7 32329 44 32408 17 32428 10 32585 44 32664 22 32688 6 32841 44 32921 21 32944 5 33098 44 33178 20 33355 43 33436 17 33611 43 33692 15 33867 45 33949 13 34123 36 34165 4 34191 2 34205 10 34379 34 34422 3 34447 3 34461 8 34636 30 34678 3 34702 4 34718 2 34722 2 34892 27 34934 3 34956 6 35149 19 35190 3 35212 5 35405 17 35446 3 35467 5 35661 17 35702 2 35725 3 35917 17 35982 2 36173 17 36428 17 36685 16 36941 17 37197 16 37455 13 37712 11 37971 6 38228 5 38259 4 38487 3 38512 7 38730 3 38741 6 38767 8 38985 5 38997 7 39022 8 39241 5 39253 8 39277 10 39496 6 39508 9 39531 12 39751 8 39763 11 39786 12 40006 9 40018 13 40041 12 40262 10 40273 15 40297 6 40306 1 40517 11 40529 16 40554 4 40773 28 41029 29 41284 30 41541 9 41552 18 41797 8 41808 19 42064 19 42320 18 42576 15 42832 13 43088 11 43345 7 43602 3
