id,segmentation
000001,0 31 37 126 173 113 292 128 428 113 548 128 682 114 803 129 936 116 1059 129 1191 117 1314 129 1446 118 1570 130 1702 117 1826 249 2082 248 2337 248 2593 248 2849 247 3104 248 3360 248 3616 248 3871 249 4127 249 4383 249 4639 248 4895 248 5151 247 5408 245 5664 244 5921 243 6177 243 6433 223 6657 19 6689 223 6913 19 6945 223 7169 19 7201 223 7425 19 7456 224 7681 19 7712 224 7937 19 7968 224 8194 18 8224 224 8450 18 8480 224 8707 16 8736 224 8964 15 8992 224 9220 15 9248 224 9477 17 9499 229 9734 250 9992 248 10250 246 10504 248 10759 249 11014 250 11267 4626 15894 514 16409 513 16923 255 17180 254 17436 253 17693 252 17949 251 18205 251 18461 248 18718 244 18974 243 19231 240 19487 240 19743 240 20000 184 20192 47 20256 183 20446 49 20512 180 20701 50 20768 178 20956 51 21023 172 21211 51 21279 132 21419 25 21445 3 21467 50 21535 128 21678 6 21685 13 21722 50 21792 126 21942 12 21978 48 22050 123 22198 12 22233 48 22307 79 22388 40 22454 12 22489 46 22563 77 22645 39 22711 11 22744 45 22819 77 22900 38 22969 6 22985 2 23000 44 23074 77 23156 34 23240 4 23255 45 23330 76 23412 33 23496 4 23511 44 23586 76 23668 33 23753 2 23767 43 23824 4 23841 76 23924 31 24023 42 24079 6 24097 76 24179 30 24220 3 24278 42 24334 7 24350 53 24408 21 24436 29 24532 44 24589 9 24605 50 24665 20 24692 29 24788 44 24845 9 24861 49 24921 18 24950 27 25043 45 25091 4 25101 9 25116 40 25159 6 25177 17 25208 25 25299 45 25346 6 25356 12 25372 38 25416 4 25432 16 25465 24 25554 46 25601 8 25612 16 25629 35 25688 15 25722 22 25810 55 25867 18 25888 29 25944 14 25978 22 26066 75 26149 24 26199 15 26235 21 26322 76 26407 22 26455 15 26491 21 26578 76 26665 21 26710 15 26747 21 26834 77 26921 22 26966 15 27003 21 27090 78 27178 21 27222 15 27259 16 27276 1 27345 79 27435 21 27478 14 27516 13 27601 80 27691 21 27714 4 27734 12 27772 12 27857 80 27948 20 27969 6 27991 8 28029 9 28113 81 28204 27 28248 4 28286 6 28369 81 28461 26 28625 82 28717 26 28882 81 28974 26 29138 82 29232 24 29394 82 29490 22 29650 82 29747 21 29907 81 30004 20 30164 80 30261 2 30265 15 30420 81 30522 14 30677 80 30780 11 30933 80 31036 11 31190 79 31292 10 31446 79 31547 11 31702 79 31803 11 31959 79 32059 10 32216 83 32315 10 32473 84 32571 9 32729 85 32827 9 32987 87 33083 8 33244 88 33339 7 33500 89 33596 5 33758 88 33853 3 34016 86 34273 87 34529 89 34786 89 34987 3 34997 1 35042 90 35235 22 35298 91 35490 25 35554 92 35746 26 35811 92 35982 2 36001 28 36067 93 36236 6 36257 29 36324 92 36491 8 36512 30 36580 93 36746 9 36767 32 36837 93 36999 13 37022 33 37093 94 37252 17 37278 35 37349 95 37504 22 37534 37 37605 96 37759 25 37789 43 37861 96 38014 77 38117 97 38269 81 38373 97 38520 88 38629 98 38775 90 38886 97 39030 91 39142 97 39286 91 39399 96 39541 92 39656 95 39797 91 39913 94 40052 92 40170 93 40307 93 40427 92 40562 93 40685 90 40817 94 40943 87 41073 93 41200 86 41329 92 41457 84 41584 91 41714 83 41839 91 41971 82 42095 90 42228 82 42350 92 42485 81 42579 3 42606 93 42740 82 42834 6 42862 93 42996 82 43090 8 43117 95 43241 8 43252 82 43346 16 43372 88 43462 6 43495 95 43602 110 43719 5 43750 96 43858 107 43976 4 44005 97 44114 105 44232 4 44261 96 44370 104 44517 96 44625 107 44773 96 44881 109 45029 95 45136 111 45285 95 45391 112 45541 93 45647 113 45797 92 45902 114 46052 91 46159 114 46307 90 46415 116 46562 89 46672 116 46818 88 46929 114 47073 90 47185 113 47329 90 47441 99 47543 10 47585 90 47698 99 47798 10 47840 91 47954 110 48096 91 48211 107 48352 91 48468 105 48607 93 48725 103 48861 101 48981 103 49116 105 49237 103 49371 109 49493 103 49626 111 49750 104 49881 113 50006 104 50136 114 50263 104 50387 119 50519 104 50642 120 50775 104 50895 123 51032 103 51149 124 51288 101 51404 125 51545 98 51658 127 51801 97 51911 130 52057 97 52165 133 52313 97 52419 135 52570 96 52671 140 52826 95 52926 142 53084 92 53181 143 53345 86 53437 144 53602 84 53693 144 53858 73 53937 2 53949 145 54115 71 54206 144 54371 70 54462 144 54628 68 54719 142 54885 7 54893 59 54975 142 55142 4 55152 55 55231 143 55410 53 55487 143 55667 52 55743 144 55924 51 55988 5 55999 145 56181 50 56241 9 56255 147 56438 48 56496 11 56511 147 56701 41 56751 12 56767 148 56958 40 57007 13 57023 149 57215 38 57263 13 57279 151 57470 40 57518 15 57535 153 57725 41 57774 15 57791 154 57980 43 58029 173 58235 44 58284 175 58490 46 58540 175 58745 48 58794 177 59001 226 59257 222 59513 220 59770 218 60026 218 60282 219 60511 4 60539 219 60765 8 60796 220 61020 9 61054 232 61312 231 61572 228 61830 231 62087 232 62348 228 62605 228 62862 228 63096 1 63118 113 63232 114 63351 3 63374 111 63488 115 63605 7 63629 112 63744 126 63884 112 64000 128 64139 112 64256 129 64394 112 64512 130 64650 112 64768 131 64906 112 65024 131 65163 111 65280 131 65419 112
000002,0 253 256 253 512 253 768 253 1024 253 1280 253 1536 252 1792 251 2048 251 2304 251 2559 254 2814 15058 17874 254 18132 253 18388 247 18638 3 18644 248 18895 3 18900 248 19152 3 19156 248 19409 1 19412 248 19669 248 19925 248 20181 247 20437 247 20693 248 20948 241 21190 8 21203 252 21459 253 21715 5 21722 233 21956 13 21970 241 22212 13 22226 255 22484 242 22728 9 22740 26 22772 211 22984 2 22987 7 22997 25 23027 212 23245 5 23254 24 23283 215 23502 5 23510 25 23538 216 23758 6 23766 9 23776 15 23793 218 24014 7 24022 25 24048 229 24278 11 24290 243 24534 29 24564 255 24821 9 24832 254 25088 255 25344 255 25600 510 26112 253 26368 1023 27392 255 27648 255 27904 255 28160 1279 29440 36096
000003,0 65536
000004,0 65536
000005,0 65536
000006,192 29 448 29 703 30 959 30 1214 31 1469 34 1724 36 1980 38 2236 38 2492 37 2748 37 3003 39 3259 39 3514 33 3548 8 3769 33 3807 6 4016 43 4064 5 4270 46 4320 5 4526 27 4554 18 4578 5 4781 27 4811 17 4836 4 5036 27 5068 17 5092 4 5292 26 5324 18 5349 13 5546 28 5580 19 5609 10 5801 28 5836 20 5865 10 6056 26 6092 21 6122 9 6137 5 6311 25 6349 20 6378 8 6392 8 6567 24 6605 20 6634 8 6647 9 6823 23 6860 21 6889 9 6903 9 7079 23 7116 24 7142 12 7159 9 7336 20 7370 41 7416 7 7592 17 7625 42 7673 4 7849 5 7858 5 7880 43 8136 43 8392 43 8647 45 8902 47 9157 49 9411 55 9666 56 9921 57 10176 59 10431 60 10687 59 10943 59 11200 54 11457 52 11714 50 11770 6 11970 50 12022 10 12227 61 12484 60 12741 59 12999 57 13256 56 13513 55 13770 54 14026 54 14282 54 14539 53 14796 52 15053 51 15316 44 15573 43 15830 42 16086 42 16341 43 16596 44 16852 44 17108 44 17364 44 17620 44 17875 45 18131 45 18387 45 18643 9 18657 31 18899 7 18914 30 19155 7 19172 28 19411 6 19429 27 19667 6 19687 5 19695 17 19923 5 19954 14 20180 4 20222 2 21973 1 21978 2 22227 10 22483 11 22738 12 22993 13 23248 14 23504 14 23759 14 24015 13 24051 5 24271 13 24307 6 24317 3 24527 12 24563 7 24573 3 24784 10 24820 7 24828 4 25040 9 25077 11 25297 7 25333 11 25553 5 25590 10 25810 3 25847 9 26102 10 26357 11 26613 11 26869 11 27125 11 27381 9 27637 9 27893 9 28149 9 28405 9 28662 8 28918 8 29174 8 29431 7
000007,0 65536
000008,32 43 108 3 153 8 194 50 288 43 362 6 409 7 450 50 544 44 618 7 665 7 705 51 800 44 873 8 924 1 961 50 1056 45 1128 10 1217 51 1313 45 1384 10 1473 51 1569 45 1639 11 1729 52 1825 48 1895 11 1985 53 2082 49 2151 11 2241 54 2339 48 2407 11 2497 54 2595 49 2664 9 2753 55 2852 49 2920 8 3008 56 3107 51 3176 7 3264 55 3362 53 3433 6 3520 55 3609 63 3689 5 3776 55 3862 67 3946 4 4032 56 4116 70 4204 1 4288 57 4371 72 4479 5 4544 59 4627 73 4733 7 4775 6 4799 60 4882 76 4988 9 5030 11 5054 62 5138 77 5242 12 5280 21 5310 62 5394 81 5497 15 5533 27 5565 63 5650 83 5752 17 5788 30 5820 63 5906 86 6007 18 6043 96 6162 87 6262 20 6298 97 6418 87 6518 19 6554 96 6674 87 6773 19 6809 97 6930 87 7029 19 7065 96 7186 86 7285 19 7320 96 7432 2 7442 86 7541 19 7574 98 7685 8 7698 85 7798 18 7829 98 7940 99 8055 16 8085 98 8192 103 8312 10 8323 3 8340 99 8448 103 8567 10 8596 98 8704 103 8821 4 8827 5 8852 98 8960 103 9076 6 9083 5 9107 98 9216 104 9332 5 9340 3 9362 99 9472 104 9588 4 9618 98 9728 104 9846 1 9874 98 9984 104 10130 96 10240 103 10386 95 10496 103 10642 94 10752 103 10898 93 11008 102 11155 92 11264 101 11412 91 11520 100 11669 90 11776 99 11926 89 12032 98 12182 90 12288 98 12439 89 12544 97 12695 90 12800 97 12952 90 13056 98 13208 90 13312 98 13465 90 13568 98 13722 90 13824 99 13979 89 14080 99 14236 88 14336 99 14492 88 14592 99 14748 86 14848 99 15003 85 15104 100 15223 3 15259 84 15360 101 15472 12 15515 83 15616 103 15726 20 15771 83 15872 105 15981 22 16026 84 16128 106 16237 24 16282 84 16384 135 16538 84 16640 136 16795 83 16896 136 17051 83 17152 138 17308 82 17408 138 17566 80 17664 139 17822 79 17920 139 18079 78 18176 140 18319 5 18334 79 18432 149 18588 80 18688 150 18844 80 18944 151 19099 80 19200 151 19355 79 19456 152 19610 77 19705 1 19712 231 19959 4 19968 230 20214 6 20224 230 20470 6 20480 230 20725 6 20736 229 20981 5 20992 229 21237 5 21248 229 21484 2 21493 5 21504 230 21738 5 21750 4 21760 240 22006 5 22016 241 22262 5 22272 241 22518 5 22528 241 22774 6 22784 241 23030 6 23040 242 23286 7 23296 244 23543 5 23552 244 23801 2 23808 244 24064 244 24320 244 24576 243 24832 243 25088 243 25344 242 25600 242 25856 241 26112 240 26368 239 26624 238 26880 237 27136 237 27392 237 27648 236 27904 236 28160 236 28416 236 28672 236 28928 236 29184 236 29440 126 29570 106 29696 126 29826 105 29952 125 30082 105 30208 124 30337 105 30464 123 30593 105 30720 121 30848 105 30976 119 31103 105 31232 117 31358 106 31488 117 31612 109 31744 117 31867 111 31988 2 32000 117 32122 113 32241 8 32256 118 32377 116 32495 10 32512 118 32633 129 32768 118 32887 131 33024 250 33280 250 33536 250 33792 98 33894 148 34048 97 34152 131 34286 12 34304 97 34409 129 34544 10 34560 80 34646 8 34665 120 34802 9 34816 71 34921 118 35059 8 35072 71 35176 119 35315 8 35328 71 35432 117 35571 8 35584 71 35687 117 35827 8 35840 70 35942 117 36083 8 36096 66 36198 117 36340 7 36352 64 36453 118 36597 5 36604 66 36709 119 36855 1 36859 66 36965 119 37114 66 37220 120 37370 65 37469 2 37476 120 37614 2 37626 64 37722 2 37725 2 37732 120 37869 4 37883 63 37978 2 37989 119 38124 5 38144 57 38245 119 38380 5 38400 57 38501 118 38636 4 38656 56 38758 102 38862 12 38893 1 38900 4 38912 54 39014 101 39124 2 39155 65 39270 100 39410 65 39515 4 39526 100 39666 64 39770 6 39781 101 39921 64 40025 8 40037 101 40177 63 40271 19 40293 101 40433 61 40525 126 40683 3 40688 60 40780 127 40938 22 40961 38 41036 127 41193 23 41218 36 41291 128 41445 27 41474 34 41547 128 41701 27 41730 33 41803 128 41957 27 41987 30 42060 127 42214 26 42244 28 42316 128 42474 22 42502 24 42572 128 42730 22 42761 19 42828 129 42985 23 43018 16 43084 130 43240 24 43275 13 43341 129 43493 2 43496 24 43531 7 43600 126 43747 29 43788 5 43857 125 44003 29 44113 124 44259 6 44266 22 44370 10 44385 107 44516 3 44524 19 44629 4 44642 105 44782 16 44898 105 45038 15 45154 105 45294 15 45411 104 45551 13 45667 104 45807 12 45924 105 46063 9 46181 106 46321 3 46437 106 46693 106 46949 105 47177 3 47205 105 47420 6 47431 6 47461 104 47673 11 47686 8 47717 101 47871 1 47926 25 47973 100 48127 1 48180 29 48227 101 48435 30 48482 102 48689 33 48735 107 48886 3 48945 33 48990 111 49141 6 49200 33 49246 111 49390 18 49455 33 49502 111 49644 20 49711 32 49758 111 49899 21 49966 32 50014 110 50154 22 50219 34 50270 110 50407 25 50464 5 50473 35 50527 108 50661 27 50719 45 50782 108 50915 29 50974 45 51038 107 51171 29 51230 45 51291 109 51427 29 51481 50 51545 110 51683 29 51732 55 51796 115 51939 29 51986 57 52050 117 52196 28 52237 62 52306 118 52451 29 52492 62 52562 122 52695 5 52703 33 52746 64 52818 125 52949 43 53002 64 53074 127 53204 44 53257 65 53330 174 53513 65 53586 174 53769 65 53841 175 54025 65 54097 175 54281 65 54351 177 54537 66 54604 180 54793 247 55049 247 55304 248 55560 248 55816 248 56072 248 56328 248 56584 248 56840 248 57096 248 57352 248 57608 248 57865 247 58122 246 58379 245 58635 245 58892 244 59149 243 59406 242 59663 241 59920 240 60182 234 60439 233 60695 233 60952 232 61208 232 61464 232 61720 232 61977 231 62234 230 62492 228 62749 227 63006 226 63263 225 63520 224 63778 222 64034 222 64291 221 64547 221 64798 4 64803 221 65052 228 65307 229
000009,0 26 38 24 106 5 153 128 294 23 363 4 409 128 550 23 620 1 665 128 805 23 921 118 1041 7 1060 24 1177 114 1299 4 1316 23 1433 113 1571 18 1643 2 1663 2 1690 112 1825 17 1893 10 1919 2 1947 111 2079 22 2148 12 2203 111 2334 26 2361 6 2403 13 2459 110 2589 35 2659 14 2714 111 2844 38 2914 16 2970 111 3099 42 3170 16 3225 112 3355 43 3426 16 3481 112 3612 43 3682 16 3737 112 3869 43 3938 16 3993 111 4126 42 4194 15 4250 110 4383 42 4450 14 4506 110 4629 5 4639 42 4705 14 4762 109 4884 7 4897 41 4961 13 5019 108 5140 8 5155 39 5216 14 5276 106 5397 8 5411 40 5472 14 5532 105 5653 9 5668 40 5715 5 5728 14 5789 104 5909 9 5925 40 5969 9 5985 12 6046 103 6165 10 6183 52 6242 11 6303 102 6423 9 6439 54 6499 9 6559 103 6679 10 6696 54 6755 8 6816 102 6927 4 6935 11 6952 54 7011 8 7072 102 7182 21 7208 54 7269 5 7328 102 7437 23 7465 53 7584 102 7692 24 7721 53 7840 96 7938 4 7948 25 7975 55 8096 96 8195 2 8204 82 8352 96 8460 82 8608 96 8716 82 8865 95 8973 82 9121 95 9229 83 9377 95 9485 83 9632 96 9741 83 9887 97 9996 83 10142 98 10252 28 10284 51 10380 116 10508 27 10541 50 10634 118 10764 27 10797 50 10890 118 11021 25 11053 50 11146 118 11278 23 11309 50 11401 119 11534 22 11565 51 11656 120 11790 21 11821 51 11911 121 12046 21 12077 52 12166 122 12302 20 12334 52 12422 122 12559 19 12591 51 12677 123 12816 17 12850 48 12932 124 13077 11 13108 47 13187 125 13336 7 13366 45 13440 128 13623 44 13696 128 13880 44 13951 129 14136 44 14208 128 14392 44 14464 128 14648 44 14721 127 14904 44 14977 127 15160 45 15234 126 15417 44 15490 126 15673 45 15745 127 15929 46 16000 128 16185 47 16256 128 16441 48 16512 128 16697 47 16768 128 16953 47 17024 128 17208 48 17280 128 17464 48 17535 129 17718 51 17790 130 17973 52 18045 131 18225 56 18301 131 18477 61 18557 131 18731 62 18815 3 18819 125 18986 63 19076 124 19241 64 19332 124 19497 64 19589 123 19753 65 19845 123 20008 66 20102 122 20264 68 20358 122 20519 69 20615 121 20774 71 20870 122 21029 72 21126 122 21285 72 21381 123 21541 73 21616 1 21637 123 21797 71 21892 124 22053 70 22148 124 22309 69 22404 124 22565 69 22660 124 22822 68 22917 123 23078 68 23173 123 23334 69 23427 125 23591 68 23681 127 23847 69 23936 128 24103 69 24191 129 24359 70 24447 129 24615 70 24704 128 24870 71 24960 128 25093 6 25106 1 25126 71 25218 126 25347 10 25382 71 25475 125 25603 14 25637 72 25731 125 25858 15 25893 73 25988 124 26114 15 26148 75 26244 124 26370 15 26404 76 26500 124 26627 13 26660 77 26756 124 26885 9 26918 75 27012 124 27143 5 27175 75 27267 125 27431 75 27523 125 27687 75 27778 126 27944 75 28034 126 28184 1 28200 75 28289 127 28457 76 28545 127 28713 77 28800 128 28970 78 29052 132 29227 213 29485 3 29489 207 29747 205 30004 204 30261 203 30518 202 30775 201 31034 198 31292 196 31549 195 31806 194 32062 194 32317 195 32573 195 32828 196 33085 195 33342 194 33600 192 33859 189 34116 188 34373 187 34629 187 34885 187 35076 1 35141 187 35330 6 35337 7 35397 187 35586 15 35653 187 35841 17 35908 188 36097 17 36165 187 36353 18 36421 187 36609 18 36677 187 36865 26 36933 100 37037 83 37122 26 37190 97 37294 82 37378 26 37446 96 37550 82 37635 25 37701 97 37807 81 37892 24 37957 96 38063 81 38153 19 38213 97 38318 82 38410 18 38469 99 38574 82 38667 18 38725 100 38829 83 38924 17 38981 100 39084 84 39180 17 39238 98 39339 85 39435 18 39495 96 39595 85 39691 18 39752 94 39851 85 39947 18 40008 92 40107 85 40203 18 40264 92 40363 85 40459 18 40519 93 40619 85 40714 19 40775 93 40874 86 40970 20 41009 4 41031 65 41098 27 41130 86 41225 24 41265 5 41288 63 41355 26 41386 86 41481 25 41521 6 41545 61 41611 27 41642 86 41737 28 41777 6 41802 59 41868 26 41897 87 41992 31 42033 5 42058 58 42124 116 42248 32 42289 5 42298 1 42314 50 42367 4 42381 115 42503 33 42551 6 42569 51 42637 115 42758 34 42807 6 42825 50 42894 114 43014 34 43062 7 43079 52 43150 21 43174 90 43270 33 43318 7 43331 28 43361 26 43407 15 43430 90 43526 34 43574 7 43586 30 43617 26 43664 8 43687 89 43783 33 43831 5 43842 29 43873 26 43921 5 43944 88 44039 33 44088 3 44097 29 44128 28 44200 88 44296 33 44353 29 44384 29 44457 87 44551 34 44590 3 44609 28 44639 32 44713 87 44807 35 44844 7 44855 2 44865 28 44895 33 44969 87 45062 52 45121 27 45151 35 45225 87 45317 54 45377 27 45407 36 45480 88 45572 57 45633 67 45736 88 45827 130 45991 89 46082 132 46246 90 46337 133 46500 227 46755 228 47010 230 47266 230 47521 231 47777 231 48032 232 48288 231 48544 231 48800 230 49056 229 49312 228 49568 227 49824 226 50080 224 50335 217 50591 218 50847 218 51104 217 51360 218 51616 167 51790 45 51874 162 52046 47 52138 153 52303 48 52394 152 52561 47 52650 152 52819 7 52827 38 52906 152 53075 5 53084 37 53162 152 53331 5 53340 37 53418 152 53588 4 53596 37 53675 151 53845 2 53852 37 53931 151 54106 40 54159 2 54188 150 54361 42 54414 9 54427 5 54444 149 54617 45 54669 21 54700 150 54872 49 54925 22 54954 152 55128 75 55206 159 55384 239 55640 240 55896 10 55909 227 56152 10 56166 226 56408 10 56424 223 56664 10 56681 222 56920 9 56940 219 57177 8 57200 214 57434 6 57461 209 57691 3 57717 209 57973 209 58229 209 58485 11 58499 195 58741 10 58758 192 58998 8 59016 190 59255 5 59275 187 59533 185 59790 185 60047 185 60305 184 60563 184 60820 185 61076 186 61333 186 61590 186 61846 186 62103 186 62362 182 62618 181 62856 2 62874 2 62878 177 63112 2 63134 176 63313 3 63390 184 63578 1 63649 189 63905 189 64134 5 64163 188 64389 8 64419 189 64644 10 64676 188 64900 11 64932 92 65026 93 65155 12 65189 91 65286 88 65411 12 65446 90
000010,0 65536
000011,63981 1 63986 6 64233 15 64484 21 64731 31 64987 32 65242 33 65497 39
000012,873 8 1128 10 1384 10 1640 10 1896 10 2152 10 2408 10 2425 5 2665 8 2679 7 2922 4 2934 9 3186 13 3439 17 3694 18 3949 20 4204 21 4460 20 4715 21 4971 19 5227 18 5483 15 5739 13 5995 11 6252 10 6509 9 6765 9 7022 7 7280 3 12680 8 12932 14 13186 16 13441 18 13696 20 13952 20 14208 21 14464 21 14720 21 14977 20 15234 19 15491 18 15749 15 16014 4 16272 1 17554 3 17810 4 18065 7 18321 8 18576 9 18831 10 19087 11 19344 8 19600 7 19858 3 20988 4 21243 5 21499 5 21754 6 22010 6 22266 6 22522 6 22779 5 31860 5 32084 10 32114 8 32339 12 32369 10 32589 19 32625 10 32844 22 32881 11 33099 23 33138 9 33353 26 33396 7 33608 28 33652 6 33864 28 33909 4 34120 28 34159 5 34165 4 34376 24 34413 10 34633 21 34660 1 34668 8 34891 13 34915 17 35149 9 35170 16 35426 15 35682 14 35939 13 36195 12 36451 11 36708 9 36966 5 39500 4 39755 6 40010 8 40265 10 40519 13 40772 16 41027 17 41283 17 41537 19 41792 19 42047 21 42303 22 42559 23 42814 25 43070 25 43325 26 43581 27 43836 28 44090 30 44344 33 44599 34 44854 36 45110 36 45366 37 45622 37 45878 37 46100 3 46135 35 46352 9 46390 36 46607 10 46646 35 46862 12 46902 35 47117 14 47158 35 47372 17 47414 35 47627 18 47670 35 47883 18 47927 33 48138 19 48183 32 48393 19 48440 30 48640 3 48648 20 48697 29 48896 5 48903 20 48954 2 48958 24 49152 28 49215 23 49408 28 49471 23 49664 27 49727 23 49920 27 49983 24 50176 26 50239 24 50432 26 50495 25 50688 25 50751 25 50944 16 51006 26 51200 14 51262 26 51453 7 51463 6 51518 25 51709 5 51720 5 51773 26 51963 5 52029 25 52219 5 52285 25 52475 5 52541 25 52730 6 52798 24 52987 5 53055 22 53243 5 53312 21 53351 2 53498 7 53568 20 53606 4 53754 6 53824 19 53862 4 54008 8 54080 19 54119 3 54263 9 54336 18 54376 2 54386 4 54518 10 54592 17 54641 7 54774 10 54822 4 54849 12 54897 7 55030 10 55077 7 55105 12 55153 9 55286 11 55332 10 55361 11 55410 8 55543 11 55587 12 55618 10 55666 9 55800 9 55841 15 55874 8 55915 4 55923 10 56056 7 56064 1 56096 18 56115 4 56131 7 56170 6 56179 11 56314 4 56349 29 56387 5 56426 6 56434 13 56605 30 56644 1 56682 21 56860 31 56938 6 56945 15 57116 32 57193 7 57202 14 57372 32 57450 5 57459 13 57628 31 57706 4 57716 12 57885 30 57964 1 57972 13 58141 30 58229 12 58397 30 58440 1 58485 2 58489 10 58653 30 58695 4 58741 2 58746 10 58909 30 58948 8 58976 4 58984 1 58996 3 59002 12 59166 30 59203 10 59232 6 59239 4 59251 4 59259 13 59429 23 59459 11 59487 13 59507 4 59515 15 59658 1 59686 21 59714 14 59743 13 59764 3 59771 16 59912 5 59941 22 59969 16 59999 13 60027 16 60167 7 60196 21 60225 17 60255 12 60283 17 60423 8 60448 25 60480 17 60511 11 60538 18 60678 9 60701 28 60736 17 60760 3 60767 9 60792 20 60934 9 60956 30 60992 16 61016 4 61023 9 61048 20 61190 10 61209 33 61247 17 61272 6 61279 9 61303 21 61446 52 61503 16 61529 4 61535 8 61560 20 61701 52 61759 15 61786 3 61792 5 61816 20 61957 52 62016 13 62071 21 62213 52 62274 9 62326 22 62470 51 62531 6 62581 22 62726 51 62837 22 62983 50 63085 3 63092 23 63240 50 63340 30 63495 51 63596 30 63750 51 63852 29 64005 52 64107 30 64261 51 64362 30 64517 51 64618 30 64774 50 64874 30 65030 49 65131 28 65287 48 65387 7 65395 19
000013,201 8 456 8 715 1 6792 5 7047 7 7302 8 7557 10 7811 12 8066 13 8321 15 8578 13 8834 7 8843 3 9908 2 10163 3 10386 1 10418 4 10674 4 10878 4 10885 5 10930 4 11134 4 11142 4 11389 5 11398 9 11438 3 11446 2 11456 10 11645 4 11657 10 11693 3 11703 6 11712 11 11901 3 11908 1 11914 10 11949 3 11959 20 12162 3 12170 11 12204 3 12214 21 12417 5 12426 11 12459 3 12470 21 12672 6 12682 12 12726 19 12928 7 12939 11 12981 19 13184 8 13195 10 13226 2 13238 15 13440 9 13451 10 13481 3 13496 12 13696 20 13737 3 13753 12 13953 18 13994 3 14010 11 14209 17 14250 2 14266 12 14465 15 14522 12 14720 16 14779 11 14974 18 15036 10 15230 18 15274 2 15292 7 15482 1 15486 17 15528 4 15548 7 15738 2 15743 15 15783 5 15805 5 15993 3 16000 13 16038 6 16050 2 16061 5 16249 2 16256 12 16294 7 16304 4 16317 4 16504 2 16512 11 16550 14 16574 3 16760 3 16769 8 16806 13 17017 5 17025 7 17063 11 17273 14 17320 10 17530 13 17576 9 17615 3 17787 1 17793 4 17833 9 17870 4 18090 9 18125 6 18346 8 18380 6 18603 7 18635 7 18860 5 18892 4 19149 2 20154 1
000014,183 7 439 7 695 7 952 5 1023 1 1154 4 1208 4 1277 3 1410 5 1525 3 1532 4 1666 7 1787 5 1922 8 2042 6 2177 9 2298 6 2432 11 2554 6 2688 12 2810 6 2943 13 3010 5 3067 5 3198 15 3234 1 3265 7 3323 5 3449 20 3478 4 3488 5 3520 9 3578 6 3702 24 3734 4 3744 6 3775 11 3834 6 3956 27 3990 5 3999 7 4030 12 4091 5 4212 28 4246 5 4254 8 4286 12 4348 4 4467 39 4510 8 4542 13 4723 39 4767 7 4798 14 4978 36 5023 8 5055 13 5234 36 5280 8 5311 14 5488 39 5534 11 5567 15 5743 40 5787 14 5823 16 5998 42 6042 15 6078 17 6254 58 6334 17 6509 59 6590 17 6764 60 6845 18 7019 61 7101 17 7272 63 7357 17 7413 1 7528 62 7613 16 7668 4 7711 2 7783 55 7870 14 7924 3 7965 10 8039 53 8127 13 8181 1 8219 14 8294 52 8383 13 8417 3 8474 16 8550 52 8640 13 8672 5 8729 17 8806 52 8896 13 8928 6 8984 18 9062 52 9152 13 9184 6 9239 20 9318 52 9408 14 9439 7 9493 22 9574 52 9664 13 9695 6 9747 23 9830 52 9921 12 9951 5 10003 23 10087 51 10177 11 10259 22 10343 51 10433 11 10514 22 10600 50 10689 10 10770 21 10857 48 10946 7 11026 9 11039 8 11114 47 11202 5 11282 8 11295 7 11371 45 11538 8 11552 6 11627 45 11776 1 11794 8 11809 5 11884 44 12051 7 12066 4 12142 42 12308 6 12322 3 12401 39 12565 5 12579 2 12658 38 12821 5 12915 38 13078 3 13172 37 13316 2 13429 37 13571 5 13685 37 13826 7 13941 38 14082 8 14197 38 14337 10 14453 37 14580 4 14593 12 14710 36 14834 8 14849 14 14911 3 14966 36 15089 11 15104 16 15166 7 15223 35 15344 12 15360 19 15422 11 15479 13 15495 18 15598 14 15616 22 15678 11 15737 8 15753 15 15853 15 15872 23 15934 12 16011 12 16108 16 16128 23 16190 11 16268 9 16364 15 16384 23 16445 12 16525 6 16620 14 16640 23 16701 11 16876 14 16896 22 16958 9 17132 13 17152 23 17214 8 17388 13 17408 24 17472 4 17644 13 17664 25 17728 3 17898 14 17922 23 18151 16 18179 22 18407 15 18435 22 18662 15 18692 21 18919 13 18948 21 19176 11 19205 19 19433 9 19464 16 19587 4 19689 8 19720 16 19841 6 19945 8 19976 15 20096 7 20112 4 20123 6 20202 5 20231 16 20352 7 20367 5 20377 9 20486 17 20607 7 20622 6 20631 12 20742 17 20863 7 20877 23 20998 17 21119 7 21132 24 21254 17 21375 7 21388 25 21510 17 21632 7 21644 25 21766 17 21887 8 21900 26 22022 17 22142 10 22157 29 22278 17 22398 10 22413 30 22533 18 22653 11 22669 31 22789 18 22909 10 22926 30 23045 18 23165 10 23182 31 23301 17 23421 9 23438 31 23558 15 23678 7 23695 31 23815 13 23934 7 23951 31 24073 8 24191 5 24208 31 24448 4 24464 32 24706 1 24721 31 24978 38 25236 38 25493 38 25749 38 26006 38 26111 1 26263 38 26366 2 26520 37 26621 3 26776 37 26876 4 27033 36 27131 5 27289 36 27386 6 27546 29 27642 6 27802 29 27897 7 28060 26 28152 8 28324 17 28408 8 28581 15 28663 9 28840 9 28914 14 29099 2 29169 15 29424 16 29680 16 29936 16 30193 6 30200 8 30451 1 30457 7 30714 6 30970 6 31227 5 31485 3 31742 2 31998 2 32254 2 32509 3 32765 3 33020 4 33276 4 33532 4 33788 4 34044 4 34301 3 34558 2 34815 1 35581 3 35835 5 36088 8 36344 8 36598 10 36853 11 37109 11 37365 11 37621 11 37877 11 38133 11 38389 4 38397 3 38645 3 38653 3 38730 3 38901 2 38909 3 38985 6 39157 1 39164 4 39241 8 39420 4 39496 10 39671 2 39674 6 39752 10 39927 9 40008 10 40184 8 40264 11 40441 7 40520 12 40697 7 40776 13 40953 7 41032 14 41196 3 41209 7 41289 13 41449 9 41464 8 41545 14 41703 14 41718 10 41801 14 41957 27 42057 15 42211 29 42314 15 42466 30 42571 15 42721 31 42827 15 42977 31 43083 15 43233 31 43338 16 43489 31 43594 16 43745 31 43850 15 44001 31 44105 14 44257 31 44362 9 44514 30 44618 6 44770 30 45026 30 45282 30 45537 31 45794 30 46051 29 46307 29 46563 29 46819 29 47074 30 47328 32 47584 32 47839 33 48094 34 48350 34 48606 34 48862 34 49115 37 49370 38 49626 38 49882 38 50138 38 50393 39 50648 40 50904 40 51159 41 51414 42 51669 43 51923 45 52179 45 52379 5 52434 46 52634 7 52689 47 52888 10 52945 47 53144 10 53200 48 53399 11 53437 5 53455 49 53654 12 53692 8 53710 50 53910 11 53946 15 53965 51 54166 11 54201 71 54422 10 54456 72 54678 10 54712 72 54934 9 54968 72 55190 9 55224 72 55446 8 55480 72 55703 6 55736 72 55993 71 56249 71 56506 70 56762 70 57018 70 57103 5 57274 70 57357 8 57531 69 57612 10 57789 73 57867 12 58049 70 58123 12 58310 82 58567 82 58824 81 59081 80 59339 78 59599 74 59857 72 60116 69 60374 67 60632 64 60889 63 61146 62 61402 62 61658 62 61914 63 62169 64 62424 65 62680 65 62936 66 63193 65 63452 62 63708 36 63745 25 63964 36 64002 24 64220 36 64259 23 64476 36 64515 24 64732 36 64770 25 64988 63 65245 62 65502 34
000015,7 2 31 4 38 9 225 27 263 2 287 4 295 7 481 27 519 2 543 4 551 7 737 27 776 1 799 4 809 3 892 5 993 27 1033 1 1056 3 1148 5 1249 28 1289 1 1404 6 1505 28 1546 1 1660 7 1762 28 1792 1 1802 1 1835 4 1917 6 2019 3 2023 23 2048 2 2058 3 2088 8 2174 4 2280 21 2304 3 2314 5 2343 10 2536 20 2560 3 2570 8 2597 12 2792 19 2816 4 2825 9 2852 13 3048 18 3072 6 3080 10 3098 2 3107 15 3304 17 3328 18 3353 5 3362 17 3560 17 3584 19 3608 7 3618 17 3816 17 3840 8 3849 10 3863 8 3876 16 4072 17 4096 7 4106 10 4117 10 4133 15 4328 16 4352 7 4363 20 4388 16 4584 16 4608 6 4619 20 4642 18 4840 15 4864 4 4873 43 5097 10 5128 7 5137 35 5354 8 5384 7 5393 36 5611 7 5640 6 5649 37 5867 7 5905 39 6124 6 6162 39 6381 5 6418 40 6675 39 6931 40 7188 40 7443 42 7698 43 7951 46 8207 46 8462 47 8718 46 8974 38 9013 5 9231 37 9487 36 9744 35 10000 34 10143 3 10256 33 10397 12 10511 33 10577 2 10651 16 10742 5 10767 31 10831 8 10884 1 10902 22 10998 6 11023 30 11087 10 11109 5 11139 5 11157 24 11253 7 11279 29 11342 15 11365 6 11395 6 11413 25 11508 8 11535 28 11597 18 11620 8 11651 6 11668 26 11764 6 11792 12 11805 13 11852 20 11875 9 11907 6 11922 14 11939 11 12018 6 12052 7 12062 12 12107 22 12131 9 12164 4 12170 23 12197 8 12274 4 12309 6 12319 12 12363 23 12387 9 12426 24 12454 6 12531 1 12566 4 12576 11 12619 23 12643 9 12682 25 12714 1 12833 11 12875 32 12938 25 13089 12 13131 25 13157 3 13194 26 13345 14 13387 25 13443 34 13601 14 13642 26 13698 35 13833 2 13857 14 13896 29 13954 36 14087 4 14114 13 14150 31 14209 37 14336 5 14342 6 14373 8 14406 32 14463 40 14592 11 14662 32 14717 41 14848 10 14919 31 14973 41 15104 8 15176 31 15229 41 15360 7 15434 29 15485 40 15616 6 15695 25 15743 38 15872 5 15952 24 16001 35 16128 5 16209 22 16257 36 16297 3 16384 5 16466 21 16514 43 16640 6 16723 18 16771 42 16896 7 16954 3 16981 15 17027 42 17152 8 17210 4 17239 12 17283 42 17408 9 17465 5 17497 9 17539 42 17664 10 17679 2 17721 5 17757 2 17795 42 17920 12 17934 4 17975 7 18051 42 18176 18 18227 12 18307 41 18432 18 18482 14 18564 39 18688 19 18740 12 18819 38 18944 19 18996 13 19075 37 19200 18 19254 11 19330 39 19456 12 19513 8 19584 41 19712 11 19770 6 19838 43 19968 3 19974 3 20026 6 20093 44 20284 5 20349 44 20542 5 20605 45 20660 3 20797 6 20861 45 20915 4 21052 8 21117 45 21170 5 21307 9 21374 44 21427 2 21561 12 21631 29 21665 8 21810 19 21888 29 21922 7 22065 20 22146 27 22178 7 22320 21 22403 26 22435 5 22576 20 22660 25 22692 3 22832 18 22916 25 23088 14 23172 23 23198 4 23345 12 23428 21 23455 3 23603 9 23684 19 23862 5 23940 18 24197 16 24454 14 24711 13 24815 3 24967 13 25069 7 25223 12 25324 10 25480 11 25580 11 25736 11 25835 12 25993 10 26090 13 26251 8 26346 13 26511 2 26601 15 26850 22 27106 22 27362 26 27618 23 27643 1 27874 22 27899 2 28130 22 28155 1 28386 21 28642 21 28898 21 29155 20 29411 19 29668 17 29924 17 30180 9 30190 6 30436 8 30692 8 30949 6 31205 5 31281 4 31462 3 31535 7 31789 10 31999 1 32044 13 32227 3 32254 2 32299 18 32483 3 32509 3 32554 21 32586 4 32740 2 32764 4 32809 23 32841 5 33019 5 33065 24 33097 6 33275 5 33321 25 33353 6 33530 6 33576 27 33609 7 33785 7 33831 29 33866 7 34039 9 34085 31 34122 7 34293 11 34338 34 34379 6 34548 12 34594 34 34636 4 34803 13 34850 34 34894 1 35058 14 35106 33 35314 13 35362 33 35570 12 35617 34 35826 11 35873 34 36083 10 36128 35 36340 7 36383 36 36598 2 36638 37 36894 37 37150 37 37406 37 37662 36 37918 35 38175 34 38382 5 38431 34 38635 13 38653 3 38687 34 38891 21 38945 32 39146 22 39202 31 39399 25 39460 26 39652 28 39717 25 39907 29 39980 18 40155 1 40161 31 40238 15 40319 9 40411 2 40417 31 40500 8 40572 15 40666 4 40673 31 40758 5 40828 16 40922 4 40930 30 41083 17 41178 4 41187 29 41339 16 41435 3 41443 29 41595 14 41700 28 41851 13 41956 28 42110 10 42212 28 42368 8 42468 28 42625 8 42725 27 42881 8 42901 5 42980 28 43137 8 43156 8 43235 29 43394 7 43411 9 43490 30 43650 6 43667 10 43746 30 43906 5 43923 11 44002 30 44164 1 44179 11 44258 30 44435 11 44515 29 44691 10 44773 27 44947 10 45032 24 45203 9 45289 23 45459 8 45546 22 45716 6 45803 21 45972 5 46060 20 46316 20 46573 19 46830 18 47086 18 47343 17 47600 16 47857 15 48113 15 48370 14 48627 8 48636 4 48884 5 48893 3 49143 1 49149 3 49406 2 49663 1 52531 4 52786 7 53041 9 53294 13 53542 1 53548 15 53800 20 53932 7 54055 21 54186 10 54271 1 54311 21 54432 4 54440 12 54525 3 54566 23 54688 20 54779 5 54822 23 54943 20 55032 8 55077 24 55198 20 55287 9 55333 24 55454 20 55480 6 55542 10 55588 25 55710 20 55734 9 55796 12 55844 25 55965 35 56049 15 56100 25 56221 36 56300 20 56356 24 56476 37 56554 22 56613 6 56622 14 56732 37 56807 25 56870 4 56879 13 56988 35 57062 26 57128 1 57135 13 57244 29 57318 26 57384 4 57389 15 57506 11 57521 7 57573 27 57640 21 57764 7 57778 6 57829 27 57895 23 58022 4 58034 6 58085 27 58151 24 58291 4 58341 27 58407 25 58598 26 58663 25 58856 24 58919 26 59112 24 59175 26 59368 24 59431 26 59625 23 59686 27 59881 23 59942 27 60138 22 60197 27 60394 22 60452 27 60650 22 60708 26 60785 4 60905 23 60964 26 61040 10 61160 24 61221 25 61296 23 61416 24 61477 25 61552 24 61672 24 61734 24 61808 24 61928 24 61990 24 62065 23 62184 24 62245 11 62258 11 62322 23 62441 23 62502 9 62517 8 62580 21 62663 13 62698 22 62758 8 62837 20 62918 15 62957 19 63018 1 63093 21 63174 15 63213 19 63349 21 63429 17 63471 17 63604 23 63684 18 63729 15 63859 24 63939 19 63986 14 64114 25 64194 20 64242 14 64370 25 64449 21 64499 13 64627 23 64705 21 64756 12 64883 23 64960 22 65013 11 65140 21 65216 22 65270 10 65397 7 65407 9 65472 22 65527 9
000016,9352 1 9604 5 9612 1 9616 1 9860 6 9867 3 9871 4 10116 17 10372 18 10627 20 10883 20 11140 19 11396 19 11652 19 11908 18 12164 18 12419 19 12674 23 12930 26 13185 28 13441 29 13698 28 13960 21 14219 16 14478 8 14735 5 28301 6 28556 10 28812 11 29068 12 29323 13 29579 13 29835 13 30092 12 30349 10 30606 9 30862 8 31119 6 61437 3 61692 4 61947 5 62202 6 62453 11 62709 11 62965 11 63221 11 63477 10 63733 10 63988 5 63994 4 64244 10 64499 4 64504 6 64757 5 65013 5 65270 3 65527 1
000017,211 45 467 45 722 46 974 50 1229 51 1485 51 1741 51 1996 52 2252 52 2508 52 2765 1 2770 46 3016 4 3027 45 3272 5 3279 1 3284 44 3527 12 3540 44 3784 56 4040 56 4296 56 4554 3 4559 5 4566 42 4816 3 4823 41 5073 1 5078 42 5333 43 5588 44 5844 44 6100 44 6356 44 6612 44 6867 45 7123 45 7379 45 7625 3 7634 46 7880 5 7890 46 8136 6 8144 48 8391 57 8647 57 8903 57 9159 57 9414 7 9422 50 9670 7 9679 49 9926 7 9936 48 10183 6 10192 48 10439 5 10448 48 10704 48 10959 49 11215 49 11471 49 11727 49 11984 48 12233 1 12240 48 12487 4 12496 48 12752 48 13008 48 13265 47 13521 47 13777 47 14032 48 14288 48 14544 48 14800 48 15056 48 15312 48 15568 48 15824 48 16080 48 16337 2 16343 41 16599 41 16856 40 17113 39 17369 39 17625 39 17881 39 18136 40 18392 40 18647 41 18903 41 19159 1 19163 37 19419 37 19674 38 19931 37 20187 37 20443 37 20698 38 20952 40 21208 40 21463 41 21718 42 21974 42 22230 42 22486 42 22742 42 22998 42 23254 42 23510 42 23766 42 24023 41 24280 40 24536 40 24793 39 25050 38 25306 38 25563 37 25820 36 26077 35 26336 32 26596 28 26854 26 27113 23 27372 20 27629 19 27887 17 28143 17 28402 14 28658 14 28912 16 29168 16 29424 16 29679 17 29934 18 30190 18 30445 19 30700 20 30955 21 31210 22 31466 22 31722 22 31977 23 32233 23 32489 23 32746 22 33002 22 33260 20 33517 19 33774 18 34032 16 34289 15 34548 12 34811 5 35071 1 37996 4 38252 6 38507 15 38763 21 38786 1 39019 33 39100 3 39275 41 39355 4 39531 45 39611 3 39786 53 39867 3 40042 58 40122 4 40298 62 40377 5 40555 63 40625 3 40632 6 40812 63 40880 4 40886 8 41068 72 41141 9 41325 81 41581 81 41837 80 42093 80 42349 81 42606 80 42864 79 43120 79 43381 74 43637 71 43711 5 43894 69 43967 6 44152 65 44222 14 44411 36 44456 16 44478 15 44667 35 44713 6 44721 7 44734 15 44920 36 44970 1 44980 3 44990 15 45173 38 45246 15 45311 1 45426 39 45502 16 45524 2 45566 2 45681 39 45759 25 45792 16 45823 1 45936 40 46015 26 46042 27 46079 1 46190 41 46272 64 46442 45 46528 64 46696 52 46750 3 46785 63 46952 46 46999 5 47005 5 47042 62 47207 48 47257 9 47298 62 47463 47 47513 9 47554 62 47718 48 47768 10 47809 63 47973 49 48024 10 48063 65 48229 49 48280 10 48318 66 48485 63 48573 67 48741 66 48828 68 48997 69 49074 1 49083 69 49253 70 49328 5 49338 70 49510 69 49584 80 49767 153 50023 153 50279 153 50535 153 50791 153 51047 153 51303 153 51559 153 51815 153 52071 153 52328 152 52585 151 52841 151 53098 150 53355 149 53612 148 53869 147 54125 147 54381 147 54637 147 54893 147 55149 147 55405 147 55661 147 55917 147 56173 9 56185 135 56430 6 56443 133 56688 3 56700 132 56956 132 57217 127 57474 126 57731 125 57976 1 57988 124 58230 5 58247 121 58488 2 58496 2 58503 121 58748 8 58759 22 58784 96 59007 4 59015 18 59046 90 59263 4 59271 9 59281 6 59303 89 59526 9 59538 4 59548 2 59559 89 59782 9 59795 3 59804 4 59816 88 60040 9 60057 7 60073 87 60298 8 60313 8 60330 86 60554 8 60567 10 60583 89 60811 7 60822 11 60838 90 61068 6 61076 13 61093 91 61332 13 61348 92 61570 1 61581 4 61589 13 61603 93 61825 3 61835 6 61846 4 61852 100 62080 4 62093 3 62114 94 62334 6 62349 3 62371 11 62383 81 62589 3 62628 8 62640 80 62845 2 62896 80 63152 80 63367 2 63408 80 63622 3 63665 79 63877 3 63922 78 64180 76 64439 73 64694 74 64950 74 65206 74 65462 74
000018,137 57 199 34 392 59 454 35 501 2 647 97 757 5 901 99 1012 7 1156 100 1268 8 1412 100 1524 9 1668 99 1779 11 1923 99 2035 11 2179 94 2290 12 2435 95 2547 12 2691 96 2802 13 2947 96 3057 15 3203 96 3312 16 3459 96 3567 17 3715 96 3822 18 3971 96 4077 19 4228 94 4332 20 4484 93 4584 24 4740 91 4838 26 4997 89 5093 27 5253 88 5348 28 5510 86 5604 28 5766 85 5859 29 6023 84 6114 30 6280 83 6369 31 6536 84 6625 31 6793 83 6881 31 7050 83 7136 32 7308 116 7565 115 7822 114 8078 114 8335 113 8574 2 8591 113 8827 7 8847 113 9078 13 9104 112 9332 16 9360 112 9587 18 9615 113 9842 21 9871 113 10098 22 10126 114 10354 22 10381 115 10609 22 10636 116 10863 23 10892 116 11118 20 11148 116 11374 20 11404 116 11630 18 11660 116 11887 15 11917 115 12144 11 12173 115 12404 2 12429 115 12683 117 12938 118 13194 118 13449 119 13705 108 13816 8 13961 106 14074 6 14216 105 14334 2 14472 105 14728 104 14984 103 15240 102 15496 101 15753 98 16009 97 16266 96 16523 92 16779 92 17036 89 17294 87 17553 84 17810 82 18067 81 18323 81 18580 80 18837 79 19096 3 19101 71 19362 67 19620 65 19877 67 20133 68 20390 67 20646 67 20902 68 21158 69 21415 68 21673 66 21930 44 21978 17 22188 41 22236 15 22445 40 22493 14 22704 37 22749 14 22961 34 23005 14 23218 29 23256 19 23475 56 23732 55 23990 54 24247 54 24504 54 24761 53 24831 1 25018 53 25086 2 25276 12 25290 37 25340 4 25533 3 25539 3 25548 36 25596 4 25806 35 25851 5 26062 43 26106 6 26318 50 26573 51 26829 51 27083 53 27338 54 27593 55 27848 56 28104 56 28360 56 28615 57 28870 58 29126 58 29382 58 29628 5 29638 58 29884 7 29893 59 30139 69 30395 69 30651 69 30908 68 31088 3 31164 68 31342 6 31421 67 31598 6 31678 66 31854 6 31934 66 32110 6 32190 66 32367 3 32446 66 32624 1 32702 66 32875 4 32958 66 33129 6 33214 66 33384 6 33470 66 33639 11 33726 66 33894 15 33983 65 34150 16 34243 61 34405 17 34500 60 34661 16 34757 59 34916 17 35013 59 35172 17 35270 58 35428 16 35527 57 35684 16 35784 56 35938 19 36042 54 36191 23 36299 53 36446 25 36555 46 36602 6 36702 25 36811 45 36859 5 36957 27 37067 44 37115 5 37213 27 37323 43 37470 26 37578 44 37726 25 37834 45 37982 25 38090 45 38238 25 38345 46 38494 24 38599 48 38751 23 38853 49 39008 3 39013 17 39108 50 39270 16 39364 49 39526 16 39620 49 39781 18 39875 50 40037 18 40131 50 40294 17 40387 49 40550 4 40557 10 40642 50 40807 3 40820 1 40898 49 41153 40 41195 7 41409 39 41452 6 41665 35 41708 6 41874 1 41921 39 41964 4 41993 3 42058 3 42178 45 42248 5 42314 4 42435 43 42504 5 42569 5 42692 42 42760 5 42825 5 42884 1 42950 36 43081 5 43135 10 43208 33 43337 4 43388 14 43465 32 43593 4 43643 16 43721 30 43757 1 43850 1 43898 19 43977 30 44012 2 44154 23 44233 31 44268 1 44304 8 44410 24 44488 36 44559 12 44666 26 44744 36 44813 16 44921 28 45000 37 45068 19 45177 28 45255 38 45324 20 45434 28 45511 31 45545 3 45580 21 45690 28 45767 30 45836 22 45946 28 46023 22 46046 7 46092 22 46202 28 46279 22 46302 7 46348 23 46426 1 46458 28 46535 21 46559 6 46604 23 46713 29 46792 18 46817 3 46860 23 46968 30 47049 17 47116 23 47223 32 47307 1 47312 8 47372 22 47479 32 47629 21 47735 32 47885 20 47991 32 48143 18 48247 31 48401 16 48503 30 48659 5 48665 9 48759 28 48923 7 49015 24 49179 7 49272 22 49435 7 49528 19 49691 7 49784 16 49947 6 50041 15 50204 4 50298 14 50557 10 50813 10 51070 7 51328 3 52317 3 52572 5 52827 6 53083 6 53338 7 53594 6 53850 5 54106 4 54363 3 55380 4 55634 9 55870 4 55888 15 56125 6 56141 19 56380 8 56395 22 56634 11 56648 25 56889 41 57144 42 57399 44 57654 46 57907 49 58162 51 58418 51 58674 51 58930 50 59186 49 59443 48 59701 45 59957 45 60213 45 60469 46 60725 47 60981 52 61236 54 61492 55 61748 55 62004 55 62261 53 62516 54 62772 54 63028 54 63284 53 63541 30 63573 19 63798 7 63807 12 63835 12 64065 7 64092 11 64323 3 64351 7 64580 3 64610 3 64836 4 65091 6 65347 6
000019,0 65536
000020,0 65536
000021,0 103 256 103 512 102 768 60 831 39 1024 60 1089 37 1280 59 1347 34 1536 59 1604 31 1792 58 1863 26 2048 58 2122 22 2304 56 2380 20 2560 55 2639 17 2816 52 2895 17 3072 49 3151 16 3328 43 3407 15 3584 43 3663 13 3840 42 3920 6 4096 42 4177 3 4352 41 4608 41 4864 40 5120 39 5376 39 5632 38 5888 37 6144 36 6400 35 6656 35 6912 33 7168 32 7424 31 7680 17 7700 10 7936 16 7959 4 8192 16 8448 17 8704 17 8960 17 9216 17 9472 17 9728 16 9984 16 10240 16 10496 15 10752 15 11008 15 11264 14 11520 13 11776 13 12032 7 12288 4 12544 2 17000 5 17255 7 17492 3 17504 15 17748 3 17758 17 18004 4 18012 20 18035 4 18260 3 18267 30 18516 3 18522 32 18770 6 18777 33 19025 42 19280 43 19535 45 19791 45 20046 46 20301 48 20556 50 20811 52 21066 54 21322 54 21577 56 21833 56 22088 57 22343 58 22599 58 22855 59 23110 61 23366 62 23621 63 23876 66 24131 69 24387 69 24643 70 24899 71 25155 71 25411 71 25668 71 25924 70 26181 69 26437 69 26693 68 26949 68 27204 69 27460 69 27716 70 27972 70 28229 68 28493 60 28749 59 29005 59 29261 58 29517 58 29773 58 30029 57 30285 56 30541 55 30796 54 31053 52 31309 51 31566 49 31824 4 31829 41 32086 40 32343 37 32599 31 32856 29 33113 27 33377 19 33634 17 33891 14 34147 8 34404 5 34662 1 48376 2 48627 9 48880 13 49136 13 49392 13 49648 13 49882 5 49888 7 49904 13 50136 16 50160 16 50390 19 50416 16 50645 20 50672 11 50684 4 50900 21 50928 16 51156 22 51184 16 51412 24 51439 17 51668 44 51923 45 52179 28 52208 16 52434 46 52690 46 52946 46 53202 46 53459 45 53719 41 53976 40 54232 40 54488 40 54744 19 54766 18 55000 14 55023 3 55028 12 55256 12 55285 11 55511 12 55541 11 55767 11 55797 11 56023 10 56052 12 56280 7 56308 12 56536 6 56565 11 56794 2 56821 11 57078 10 57335 9 57592 8 57849 7 58104 8 58360 8 58616 8 58872 8 59128 8 59385 7 59642 6 59900 4 60156 4 60412 4 60668 4 60925 3 61180 4 61436 4 61692 4 61948 4 62204 4 62460 4 62716 4 62972 4 63229 3
000022,46568 4 46574 4 46822 15 47077 27 47332 28 47587 29 47843 29 48099 29 48356 28 48613 27 48870 26 49126 26 49383 25 49639 25 49895 25 50152 24 50408 15 50426 6 50665 12 50683 5 50921 12 50939 5 51179 9 51195 10 51436 7 51451 11 51694 3 51707 11 51963 11 52188 6 52219 11 52254 6 52443 9 52458 6 52466 2 52476 10 52508 9 52699 10 52713 12 52732 9 52763 10 52891 4 52955 27 52988 9 53018 12 53037 4 53145 7 53212 27 53244 9 53274 12 53293 4 53398 10 53460 3 53468 31 53500 9 53530 12 53548 5 53653 11 53714 8 53725 39 53786 12 53804 5 53907 12 53970 9 53982 38 54028 1 54042 12 54059 6 54161 14 54225 11 54238 38 54298 13 54315 5 54415 16 54480 13 54494 37 54554 13 54571 4 54670 16 54731 54 54809 15 54827 3 54926 17 54985 55 55053 1 55065 20 55181 18 55239 57 55308 34 55393 7 55437 25 55493 59 55563 36 55647 11 55688 30 55747 61 55819 36 55901 14 55942 33 56002 62 56074 39 56156 16 56198 33 56256 64 56330 41 56411 17 56453 34 56509 67 56586 42 56666 18 56709 36 56764 68 56841 43 56922 18 56963 41 57019 69 57096 45 57178 18 57218 43 57274 70 57352 45 57434 18 57470 48 57530 70 57607 46 57691 17 57709 4 57724 50 57786 70 57862 47 57948 23 57978 52 58041 71 58118 48 58206 22 58232 54 58297 71 58372 50 58460 82 58552 72 58627 51 58715 83 58805 75 58883 52 58970 84 59059 77 59138 53 59201 3 59224 87 59314 78 59394 52 59455 7 59479 169 59650 52 59710 9 59732 172 59905 53 59966 10 59988 172 60161 53 60221 11 60244 226 60478 10 60499 228 60735 8 60751 231 60994 3 61005 114 61120 118 61261 113 61376 118 61517 233 61773 233 62029 233 62285 232 62539 233 62793 232 63047 231 63302 230 63557 227 63812 227 64067 227 64322 227 64578 226 64834 225 65089 221 65345 191
000023,3 36 78 12 138 1 146 4 247 4 259 36 334 10 401 5 501 7 515 37 591 7 657 5 755 10 771 38 913 5 1010 11 1027 40 1141 2 1168 6 1266 12 1284 39 1398 2 1424 6 1523 11 1541 38 1654 3 1680 7 1780 10 1798 37 1936 7 1972 4 2036 10 2055 36 2192 7 2227 6 2292 11 2312 35 2448 7 2483 7 2548 12 2568 36 2703 8 2738 8 2805 11 2823 37 2957 9 2994 9 3069 3 3079 6 3086 31 3192 1 3197 5 3211 11 3250 9 3325 3 3334 6 3344 29 3451 26 3506 10 3582 2 3591 4 3601 29 3707 25 3757 20 3793 1 3838 2 3858 28 3963 25 4012 23 4047 5 4085 3 4093 3 4115 27 4220 24 4268 23 4303 6 4340 5 4348 4 4371 27 4476 24 4524 23 4560 4 4596 12 4628 26 4733 23 4780 23 4852 12 4885 25 4988 23 5036 22 5108 12 5143 23 5239 28 5292 22 5365 11 5401 21 5495 27 5548 21 5597 1 5602 6 5620 12 5666 13 5751 26 5803 22 5835 1 5853 1 5857 8 5877 11 5925 10 6008 23 6058 23 6090 3 6100 4 6109 1 6112 10 6133 11 6182 10 6265 21 6314 22 6346 3 6355 6 6368 11 6389 11 6439 9 6522 18 6570 21 6602 3 6610 7 6624 12 6645 11 6697 7 6779 16 6826 21 6858 3 6866 8 6880 13 6901 11 6954 5 7035 15 7083 19 7120 10 7137 1 7140 9 7157 11 7211 3 7292 15 7339 19 7376 10 7397 9 7413 11 7549 15 7595 19 7620 2 7632 9 7654 8 7668 12 7807 14 7851 18 7875 4 7889 6 7910 7 7924 12 8053 5 8063 15 8108 17 8131 5 8167 5 8179 13 8308 26 8364 17 8388 4 8424 3 8435 13 8563 28 8623 15 8646 3 8692 12 8819 28 8881 13 8949 11 9074 30 9138 13 9206 10 9330 30 9395 12 9435 2 9465 7 9555 3 9587 29 9652 11 9691 1 9722 6 9810 7 9843 29 9909 10 9979 5 10066 7 10103 25 10166 8 10235 5 10322 11 10359 24 10403 2 10423 5 10491 5 10578 13 10616 22 10658 6 10701 3 10719 1 10748 4 10834 14 10872 22 10913 8 10956 6 10973 4 11004 4 11027 2 11089 15 11129 20 11170 7 11212 6 11228 5 11261 3 11282 4 11344 18 11364 3 11389 15 11426 7 11436 5 11468 6 11484 5 11519 1 11538 5 11598 20 11619 5 11654 6 11681 7 11690 10 11724 7 11740 4 11794 5 11852 30 11937 6 11946 11 11980 7 11996 3 12050 5 12108 31 12193 21 12236 8 12307 3 12363 32 12449 21 12492 9 12619 33 12705 22 12749 7 12876 32 12912 1 12961 22 13005 6 13039 1 13133 38 13216 23 13390 38 13470 25 13646 39 13725 26 13902 39 13980 27 14063 3 14157 40 14234 28 14319 5 14413 39 14485 33 14575 5 14669 39 14740 34 14830 5 14925 38 14995 35 15065 3 15086 3 15180 36 15251 35 15318 7 15436 34 15507 35 15574 7 15691 35 15762 35 15829 8 15946 36 16018 27 16050 1 16085 9 16202 36 16273 29 16342 8 16458 37 16528 31 16599 8 16715 37 16784 31 16856 7 16972 38 17039 33 17114 5 17228 38 17295 35 17372 4 17484 38 17551 37 17630 2 17740 38 17808 39 17887 2 17996 37 18064 42 18143 3 18254 35 18321 43 18511 34 18577 45 18767 35 18833 46 19022 40 19089 47 19279 41 19345 47 19535 41 19601 48 19653 1 19691 2 19791 42 19858 47 19908 2 19946 4 19952 4 20047 18 20068 21 20114 47 20164 3 20202 11 20304 15 20326 20 20370 53 20455 1 20458 11 20561 12 20583 19 20626 53 20711 2 20714 11 20825 2 20841 17 20882 54 20967 1 20970 9 21098 16 21139 39 21180 12 21225 8 21354 17 21396 37 21437 12 21485 1 21610 17 21654 33 21695 10 21866 16 21910 33 21950 11 22122 16 22166 32 22205 13 22249 3 22377 17 22422 33 22461 12 22503 9 22633 16 22675 5 22681 31 22716 13 22759 10 22889 15 22930 6 22938 32 22972 13 23014 12 23145 9 23186 7 23196 44 23269 14 23401 8 23441 42 23484 11 23524 16 23657 7 23691 48 23741 8 23773 24 23914 4 23946 10 23958 37 24000 3 24028 25 24202 9 24215 36 24283 17 24302 7 24458 9 24471 36 24539 18 24558 6 24714 8 24728 35 24795 25 24971 5 24984 35 25050 26 25241 34 25306 26 25498 33 25562 27 25729 5 25756 31 25817 28 25984 7 26014 28 26073 30 26238 9 26279 19 26329 31 26492 10 26536 6 26545 8 26586 30 26747 9 26802 5 26842 30 27002 9 27098 30 27257 10 27301 2 27354 30 27501 3 27510 12 27555 7 27610 29 27756 21 27811 8 27866 29 28012 20 28067 9 28123 28 28268 19 28323 9 28379 28 28475 3 28524 20 28579 8 28637 26 28729 7 28782 19 28836 6 28894 25 28984 9 29039 22 29150 25 29239 10 29297 22 29406 25 29493 12 29554 21 29663 23 29748 13 29811 21 29920 21 30004 12 30068 19 30176 20 30260 8 30302 3 30326 17 30431 19 30517 6 30557 5 30569 4 30581 18 30687 18 30802 1 30812 8 30824 30 30942 19 31057 4 31067 9 31080 29 31198 19 31312 10 31323 10 31336 25 31362 1 31454 19 31568 47 31709 20 31823 47 31966 20 32079 52 32222 21 32335 56 32478 21 32591 59 32735 20 32847 61 32992 19 33102 63 33249 19 33358 35 33401 22 33506 18 33615 33 33657 24 33762 19 33871 32 33912 26 33952 2 34019 18 34128 29 34167 28 34206 6 34274 20 34385 27 34422 30 34461 7 34530 20 34641 27 34677 31 34717 7 34785 21 34897 27 34932 33 34972 8 34983 3 35041 22 35152 28 35187 54 35297 21 35407 29 35443 54 35553 21 35663 28 35699 53 35769 3 35809 20 35919 27 35955 47 36006 2 36024 5 36065 19 36176 23 36211 39 36281 4 36293 3 36321 18 36433 20 36467 39 36538 2 36548 6 36577 18 36690 18 36724 37 36780 5 36804 7 36833 17 36955 7 36980 37 37031 12 37044 1 37060 8 37089 17 37238 34 37285 18 37316 9 37345 17 37496 32 37540 6 37553 6 37571 11 37585 3 37601 16 37753 32 37795 7 37812 4 37827 12 37840 5 37857 15 38009 32 38050 7 38070 2 38082 20 38114 13 38265 32 38306 7 38327 3 38336 23 38370 12 38521 32 38562 7 38584 32 38628 9 38777 32 38818 7 38840 32 38885 6 39034 32 39074 7 39096 33 39290 8 39302 20 39330 7 39352 33 39546 7 39563 10 39574 4 39586 7 39608 34 39802 5 39819 15 39842 8 39864 34 40075 14 40098 8 40127 28 40331 13 40354 8 40384 28 40509 4 40587 9 40610 8 40641 27 40763 9 40843 8 40867 6 40897 27 41016 14 41102 1 41124 5 41153 26 41269 18 41382 2 41410 25 41524 19 41550 3 41615 2 41666 25 41780 19 41806 3 41871 3 41926 21 41977 1 42036 18 42062 3 42127 4 42170 2 42182 20 42232 3 42292 17 42317 4 42383 3 42426 1 42438 20 42487 4 42549 14 42572 5 42640 1 42694 20 42743 3 42806 10 42828 6 42949 21 42998 4 43063 6 43084 7 43205 20 43254 5 43339 10 43460 20 43510 5 43594 12 43684 3 43715 20 43766 4 43838 3 43850 13 43940 3 43970 21 44023 3 44092 5 44106 13 44178 3 44196 3 44226 21 44348 6 44361 15 44433 5 44453 1 44481 21 44603 7 44617 15 44688 8 44737 22 44859 6 44873 15 44943 13 44993 22 45115 6 45129 15 45198 15 45250 21 45386 14 45454 16 45506 21 45643 12 45692 2 45710 16 45763 8 45776 6 45900 11 45948 3 45966 17 46021 1 46035 1 46047 2 46156 11 46203 3 46222 19 46301 6 46412 11 46460 1 46479 18 46556 8 46668 11 46736 18 46807 2 46810 11 46924 10 46994 15 47062 15 47181 8 47251 14 47318 15 47438 5 47506 15 47575 14 47762 15 47834 11 48017 16 48091 10 48272 18 48350 3 48527 19 48689 4 48783 19 48944 8 49039 19 49200 9 49295 18 49455 11 49552 6 49560 9 49630 3 49708 1 49711 13 49808 5 49818 12 49886 4 49964 2 49967 19 50018 1 50065 2 50075 21 50141 6 50223 20 50331 23 50398 4 50480 19 50586 30 50654 4 50737 17 50842 32 50993 10 51006 3 51097 13 51112 19 51250 7 51352 14 51367 11 51380 8 51507 4 51606 24 51637 7 51862 23 51894 6 52117 23 52150 6 52373 21 52406 6 52628 19 52662 6 52884 18 52918 5 53139 19 53175 2 53395 19 53430 2 53653 17 53686 1 53910 17 54166 19 54423 17 54680 16 54704 2 54936 16 54957 6 55192 17 55211 8 55448 27 55705 25 55962 23 56108 1 56219 21 56362 5 56475 19 56617 7 56640 2 56731 17 56867 13 56894 7 56987 15 57103 2 57120 17 57149 10 57243 13 57358 5 57375 19 57404 14 57423 2 57500 10 57594 4 57613 9 57630 21 57660 22 57756 2 57762 1 57850 5 57869 11 57885 26 57916 22 58106 4 58125 12 58141 27 58171 24 58362 4 58379 14 58397 55 58619 2 58624 24 58652 59 58880 23 58908 61 59136 15 59164 62 59332 3 59392 14 59420 62 59585 9 59648 13 59676 62 59834 18 59904 12 59932 62 60086 22 60160 10 60187 63 60340 24 60416 8 60443 63 60595 26 60672 7 60699 63 60850 27 60928 5 60955 63 61104 29 61211 63 61359 18 61382 7 61467 62 61615 18 61639 2 61724 61 61871 18 61903 6 61980 61 62127 18 62158 12 62179 4 62237 7 62248 48 62384 17 62413 15 62434 6 62494 4 62506 16 62525 5 62534 18 62640 17 62666 30 62750 3 62765 12 62791 17 62896 16 62921 31 63006 1 63022 9 63053 11 63152 17 63176 33 63279 8 63310 9 63407 18 63430 35 63567 8 63663 19 63685 37 63824 5 63919 59 64175 59 64437 11 64451 39 64688 2 64695 8 64707 39 64944 2 64953 5 64963 39 65200 3 65219 39 65456 3 65475 39
000024,0 130 154 10 166 12 208 11 254 131 411 8 423 11 464 11 509 132 669 5 680 9 721 4 728 2 764 132 1020 132 1275 132 1532 131 1789 1 1792 72 1865 53 2045 1 2048 72 2122 52 2299 3 2304 71 2377 54 2507 3 2554 3 2558 72 2633 54 2760 7 2809 76 2888 55 3015 9 3064 76 3144 55 3271 11 3319 77 3400 54 3527 14 3576 74 3655 55 3784 14 3823 4 3832 73 3909 56 4040 15 4079 3 4088 65 4155 3 4165 55 4226 4 4248 4 4297 15 4344 64 4410 3 4421 54 4481 10 4503 6 4553 16 4600 64 4667 2 4676 55 4736 12 4758 7 4810 15 4856 63 4931 57 4991 11 5013 10 5066 15 5111 62 5187 70 5269 11 5322 16 5367 62 5443 68 5525 12 5578 16 5621 64 5699 67 5781 12 5835 15 5876 65 5953 68 6037 12 6092 15 6131 66 6204 1 6207 70 6293 13 6349 14 6386 67 6459 74 6550 12 6587 2 6605 13 6642 67 6715 74 6806 13 6841 5 6861 13 6897 67 6969 76 7062 14 7081 2 7096 7 7116 14 7153 67 7224 76 7316 17 7336 4 7351 8 7372 13 7409 67 7479 76 7570 26 7606 8 7629 11 7664 68 7734 46 7784 24 7824 28 7861 9 7886 9 7920 116 8042 21 8079 29 8115 12 8143 8 8176 116 8298 20 8334 30 8370 18 8401 5 8432 116 8555 18 8589 31 8623 23 8686 118 8811 17 8844 59 8937 1 8940 119 9067 16 9099 60 9192 123 9323 16 9355 61 9448 122 9580 14 9610 61 9704 74 9779 46 9836 14 9866 61 9960 73 10035 46 10093 12 10123 49 10173 9 10216 73 10291 46 10351 9 10379 46 10430 8 10471 66 10539 55 10635 45 10687 7 10727 62 10796 55 10891 44 10943 8 10983 62 11049 58 11147 44 11200 9 11239 62 11304 60 11402 46 11456 10 11495 61 11559 62 11656 48 11711 12 11751 60 11813 65 11912 49 11967 12 12007 128 12168 49 12222 13 12263 129 12423 51 12478 13 12519 130 12655 3 12679 51 12733 13 12776 129 12910 5 12935 51 12989 8 13032 129 13165 7 13192 49 13244 9 13289 129 13420 8 13449 48 13500 9 13547 127 13675 10 13707 2 13713 39 13756 9 13805 136 13969 36 14011 10 14062 136 14224 36 14267 10 14318 136 14480 35 14522 11 14575 44 14621 89 14736 16 14753 17 14778 10 14831 44 14877 89 14992 16 15009 16 15034 10 15087 42 15132 90 15248 34 15290 9 15343 41 15388 78 15467 10 15505 33 15547 8 15599 39 15643 79 15724 7 15762 33 15803 8 15855 36 15899 79 15981 4 16020 31 16059 9 16109 19 16134 3 16143 5 16155 79 16276 30 16315 9 16365 19 16399 6 16410 79 16533 29 16571 9 16621 19 16654 7 16665 80 16789 27 16828 8 16878 18 16898 2 16909 85 16995 5 17045 25 17085 7 17135 22 17163 87 17254 1 17303 18 17322 3 17343 3 17395 19 17417 89 17560 14 17653 10 17664 82 17747 6 17757 4 17816 14 17911 6 17920 79 18072 13 18176 76 18329 11 18432 74 18585 11 18688 74 18842 10 18944 74 19100 7 19136 4 19200 73 19391 6 19456 73 19634 3 19646 8 19712 73 19889 5 19902 8 19968 74 20144 7 20158 9 20224 75 20398 10 20413 10 20480 76 20641 1 20652 13 20669 10 20736 76 20896 4 20905 17 20924 11 20992 76 21151 40 21248 76 21407 40 21504 76 21663 41 21760 76 21918 44 22016 76 22172 47 22272 76 22427 49 22528 77 22682 51 22784 77 22899 3 22937 53 23040 77 23154 5 23188 59 23296 78 23410 5 23446 59 23552 78 23666 6 23702 60 23808 78 23922 7 23961 18 23981 38 24064 78 24178 8 24219 15 24237 38 24319 79 24434 9 24478 10 24492 39 24574 81 24690 11 24748 39 24830 81 24946 14 25003 40 25086 11 25099 67 25203 14 25259 39 25342 11 25355 67 25459 15 25515 39 25597 81 25716 15 25771 38 25853 81 25972 15 26027 38 26110 79 26229 14 26283 37 26366 79 26486 13 26540 36 26622 77 26743 12 26796 35 26879 58 26942 12 26999 12 27052 35 27134 57 27201 7 27255 13 27308 34 27389 55 27457 9 27511 13 27564 33 27645 54 27713 10 27766 15 27821 29 27900 55 27968 13 28023 14 28076 28 28155 56 28224 15 28279 15 28331 28 28410 57 28479 17 28535 15 28586 6 28594 21 28666 57 28734 18 28790 16 28842 6 28851 20 28921 58 28990 19 29046 17 29098 6 29107 20 29176 59 29245 20 29297 3 29301 18 29353 9 29364 19 29431 61 29500 22 29552 23 29609 10 29620 19 29687 62 29755 23 29806 26 29865 10 29877 18 29935 3 29943 62 30011 24 30062 26 30121 10 30134 17 30189 6 30198 63 30267 25 30310 1 30318 26 30377 10 30392 4 30398 9 30444 72 30523 25 30565 2 30574 25 30634 10 30656 7 30700 71 30779 25 30820 1 30831 23 30892 8 30914 6 30955 72 31035 25 31089 21 31149 7 31170 6 31211 71 31291 25 31346 20 31406 6 31427 6 31467 70 31548 25 31602 20 31663 5 31683 6 31723 70 31805 24 31857 21 31921 3 31939 6 31979 70 32062 24 32112 22 32178 2 32195 5 32236 69 32319 23 32365 26 32451 4 32492 70 32575 24 32620 27 32748 70 32831 24 32875 28 33004 71 33087 24 33130 29 33261 70 33342 25 33386 29 33518 70 33599 24 33641 29 33775 70 33856 23 33897 29 34032 69 34116 19 34153 28 34288 69 34373 18 34409 28 34545 68 34630 18 34665 29 34801 68 34887 20 34921 17 34940 12 34991 5 35058 67 35145 19 35177 17 35197 11 35247 6 35263 1 35314 66 35402 19 35432 18 35454 11 35503 7 35518 4 35528 3 35570 66 35658 20 35688 18 35710 10 35759 8 35773 5 35783 5 35827 64 35914 20 35944 18 35965 10 36016 7 36028 6 36039 5 36084 63 36170 21 36200 18 36221 9 36273 6 36284 6 36295 5 36341 62 36426 22 36456 17 36477 8 36530 5 36539 7 36551 5 36598 61 36682 23 36712 17 36734 4 36788 2 36795 6 36808 4 36855 61 36937 24 36968 17 37027 5 37051 6 37065 1 37120 53 37192 26 37224 18 37282 7 37307 6 37376 54 37448 26 37480 18 37532 4 37537 8 37564 4 37632 54 37704 26 37736 18 37787 14 37888 55 37960 26 37992 19 38041 15 38144 55 38207 2 38216 26 38248 19 38292 20 38400 56 38462 5 38472 27 38504 20 38547 20 38595 3 38656 56 38718 5 38728 28 38760 20 38801 21 38850 5 38912 57 38975 4 38984 29 39016 20 39053 24 39106 10 39168 59 39239 31 39272 20 39307 25 39362 12 39424 59 39495 53 39562 26 39617 14 39680 60 39751 53 39818 26 39873 15 39936 61 40006 55 40073 27 40128 16 40192 66 40262 56 40329 28 40382 19 40448 68 40517 96 40637 21 40704 165 40886 29 40960 165 41140 31 41216 165 41395 33 41472 164 41650 36 41728 164 41906 19 41927 17 41984 163 42163 17 42185 17 42240 162 42419 17 42442 16 42496 161 42677 16 42698 16 42752 161 42934 14 42954 16 43008 161 43191 13 43210 16 43264 161 43448 11 43466 16 43520 162 43705 6 43721 17 43776 164 43962 4 43977 17 44002 5 44029 168 44219 1 44232 18 44257 5 44284 170 44488 17 44513 5 44540 170 44744 17 44768 6 44796 170 45001 15 45024 7 45043 4 45053 169 45257 7 45280 7 45297 8 45309 170 45515 3 45536 7 45552 11 45564 171 45792 7 45808 183 46049 6 46064 183 46306 5 46320 183 46563 3 46571 3 46575 184 46826 190 47081 191 47338 191 47593 195 47847 198 48101 200 48356 201 48611 201 48866 202 49121 202 49377 202 49633 30 49664 172 49889 30 49920 172 50146 28 50176 173 50403 26 50432 175 50644 2 50660 24 50688 182 50899 4 50917 22 50944 183 51155 6 51175 19 51200 184 51411 9 51432 17 51456 184 51667 10 51689 15 51712 122 51838 59 51923 10 51945 14 51968 120 52095 7 52106 47 52179 11 52201 12 52224 118 52363 47 52436 10 52457 12 52480 117 52618 48 52692 11 52713 11 52736 117 52871 52 52948 13 52970 10 52992 117 53126 53 53204 14 53227 9 53248 117 53381 31 53414 20 53457 18 53484 8 53504 117 53637 31 53671 19 53713 19 53741 7 53760 117 53893 32 53929 17 53968 20 53999 5 54016 117 54148 33 54186 15 54224 21 54255 5 54272 116 54404 33 54442 14 54480 20 54510 8 54528 116 54660 33 54698 14 54736 20 54766 9 54784 116 54916 32 54954 14 54992 19 55022 9 55040 115 55171 33 55211 13 55248 18 55277 11 55296 113 55426 36 55467 13 55503 18 55533 11 55552 110 55682 36 55724 12 55759 17 55789 11 55808 109 55937 40 55980 12 56014 18 56045 11 56064 109 56179 2 56193 54 56270 19 56301 12 56320 109 56434 5 56449 54 56517 4 56525 22 56558 12 56576 109 56690 5 56706 52 56772 32 56814 13 56832 109 56945 6 56963 49 57027 33 57071 13 57088 109 57201 6 57221 45 57282 35 57329 11 57344 109 57457 5 57478 43 57538 35 57586 10 57600 109 57712 6 57735 41 57794 35 57846 5 57856 110 57967 6 57992 39 58050 35 58112 117 58249 37 58307 35 58368 116 58505 36 58563 35 58624 115 58761 36 58820 34 58880 108 59018 34 59076 35 59136 107 59274 34 59331 37 59392 106 59531 32 59585 40 59648 104 59787 31 59840 41 59904 103 60044 30 60096 41 60160 102 60301 27 60351 42 60416 101 60559 25 60601 4 60607 42 60672 102 60817 22 60855 49 60928 103 61074 21 61110 48 61184 103 61330 21 61366 47 61440 104 61586 22 61615 53 61696 105 61841 23 61870 54 61939 4 61952 105 62097 23 62126 53 62194 5 62208 105 62352 24 62381 54 62450 6 62464 105 62606 26 62637 54 62706 6 62720 105 62861 26 62893 54 62961 7 62976 103 63116 29 63148 55 63218 6 63232 100 63372 87 63474 7 63488 66 63555 32 63628 88 63730 8 63744 63 63813 30 63863 4 63883 89 63987 7 64000 64 64069 30 64118 7 64139 90 64243 7 64256 64 64325 31 64374 8 64388 5 64396 90 64499 7 64512 66 64581 31 64630 9 64644 5 64654 88 64756 6 64768 67 64838 31 64886 10 64899 7 64911 86 65013 3 65024 67 65094 30 65142 10 65155 6 65168 84 65280 67 65350 30 65398 12 65411 6 65424 77
000025,34557 3 34813 3 35068 4 35324 4 35581 3 35837 3 36093 3 36349 3 36605 3 36861 3 37117 3 37372 4 37628 4 37884 4 38140 4 38393 7 38648 8 38904 8 39160 8 39415 9 39671 9 39927 9 40183 9 40439 9 40696 8 40953 7 41210 6 41469 3 49143 5 49398 7 49654 8 49909 9 50165 9 50422 8 50678 8 50935 8 51186 3 51192 8 51439 17 51694 18 51950 18 52206 18 52463 17 52720 16 52977 15 53233 15 53490 14 53747 13 54003 13 54259 13 54516 12 54774 10 55031 9 55288 8 55544 8 55800 8 56056 8 56312 8 56568 8 56824 8 57081 7 57337 7 57593 7 57849 7 58104 8 58360 8 58616 8 58872 8 59129 7 59385 7 59641 7 59897 7 60153 7 60409 7 60665 7 60922 6 61178 6 61435 5 61689 7 61944 8 62199 9 62455 9 62711 9 62966 10 63222 9 63478 7 63734 7 63990 6 64245 6 64501 5 64758 4 65015 4 65023 1 65272 2 65529 1 65532 3
000026,62884 3 63140 4 63393 8 63649 10 63905 10 64160 12 64416 12 64672 13 64928 14 65184 14 65440 15
000027,75 2 150 13 407 12 663 12 920 10 1177 9 1435 6 1692 4 5211 5 5464 10 5719 12 5974 15 6230 17 6487 17 6743 17 7000 17 7256 17 7512 17 7768 17 8024 17 8280 17 8536 16 8792 14 9049 11 9305 9 9562 6 9570 2 9819 3 9826 3 10082 4 10174 4 10216 3 10338 4 10429 6 10471 5 10684 9 10724 8 10939 11 10979 10 11195 12 11234 11 11445 2 11450 13 11489 11 11698 22 11741 15 11951 25 11997 15 12206 26 12252 15 12461 27 12508 15 12716 28 12763 16 12932 5 12972 28 13019 16 13041 3 13186 10 13228 28 13274 18 13296 5 13440 12 13484 28 13530 19 13552 6 13696 13 13740 29 13785 20 13809 4 13923 5 13951 14 13996 30 14040 21 14065 4 14178 7 14206 14 14252 32 14295 22 14321 4 14433 9 14461 15 14508 36 14551 22 14577 4 14688 10 14717 15 14764 38 14807 22 14834 3 14843 5 14944 10 14973 15 15020 39 15064 21 15092 2 15098 6 15200 9 15227 18 15276 40 15323 28 15354 6 15456 8 15473 28 15532 41 15580 36 15713 6 15725 32 15788 41 15838 34 15979 33 16043 43 16095 33 16235 33 16299 44 16353 31 16491 31 16554 46 16613 27 16747 31 16808 49 16870 26 17003 30 17062 52 17127 25 17260 29 17316 54 17385 23 17517 27 17571 55 17642 22 17773 27 17826 56 17897 23 18029 26 18082 56 18153 23 18284 27 18337 56 18408 24 18540 28 18593 51 18663 25 18796 28 18848 52 18919 25 19052 28 19104 51 19174 26 19294 3 19309 27 19360 51 19429 27 19550 5 19566 8 19575 17 19616 51 19685 27 19805 7 19823 7 19832 17 19872 51 19941 27 20061 8 20089 16 20128 52 20196 28 20317 10 20345 16 20385 12 20399 37 20451 29 20573 10 20601 16 20641 12 20655 37 20707 28 20829 11 20857 15 20898 10 20912 36 20962 28 21063 2 21085 11 21114 10 21154 10 21169 35 21217 28 21316 7 21341 11 21371 6 21412 7 21426 34 21474 26 21571 9 21597 12 21684 31 21730 26 21827 9 21853 12 21942 29 21987 24 22082 10 22108 14 22200 27 22245 16 22338 10 22365 13 22458 25 22502 14 22594 10 22621 12 22715 23 22759 13 22780 4 22850 10 22877 11 22971 23 23015 11 23036 4 23107 9 23134 9 23227 23 23272 8 23292 4 23363 9 23391 6 23483 25 23549 3 23620 7 23739 26 23879 2 23995 26 24250 28 24319 1 24444 2 24506 28 24572 4 24699 5 24762 28 24825 7 24942 4 24955 4 25017 28 25079 9 25197 6 25211 4 25273 28 25334 10 25453 7 25529 28 25588 12 25708 8 25784 28 25843 13 25964 8 26038 30 26099 13 26219 9 26285 5 26292 31 26355 13 26473 11 26540 18 26560 19 26611 13 26728 12 26795 18 26818 18 26868 12 26984 12 27050 18 27073 19 27124 12 27240 12 27306 17 27329 19 27380 12 27496 12 27561 17 27585 19 27637 11 27753 12 27816 15 27840 19 27893 11 28009 13 28072 15 28095 20 28150 10 28266 12 28328 14 28349 22 28412 4 28522 13 28578 2 28584 17 28603 24 28671 1 28778 13 28833 3 28840 43 29034 13 29089 2 29096 43 29289 14 29352 43 29545 14 29608 43 29801 13 29865 42 30057 13 30121 41 30313 12 30377 39 30569 12 30633 33 30825 12 30890 31 31082 11 31147 10 31161 16 31338 11 31410 1 31418 15 31594 10 31674 15 31850 9 31931 13 32107 6 32187 12 32364 3 32444 10 32702 5 34384 5 34638 8 34892 12 35147 14 35402 16 35658 16 35914 16 36170 16 36426 16 36682 15 36938 15 37195 14 37451 12 37711 7 37969 4 38884 4 39137 12 39382 6 39391 15 39631 32 39741 5 39886 33 39996 8 40140 36 40252 10 40395 37 40507 15 40650 37 40763 15 40905 38 41020 15 41160 38 41277 14 41416 38 41533 14 41672 38 41790 13 41927 39 42046 13 42182 39 42262 2 42303 11 42438 39 42518 4 42562 1 42693 40 42774 5 42949 40 43031 4 43205 41 43288 2 43326 3 43461 41 43582 4 43717 41 43838 5 43972 43 44094 5 44228 43 44350 5 44484 43 44607 4 44740 43 44864 3 44997 42 45254 40 45511 39 45768 36 46024 31 46280 31 46536 31 46792 30 47048 30 47303 32 47559 33 47815 33 48071 34 48327 34 48583 34 48839 33 49095 33 49350 34 49606 34 49861 36 50116 38 50372 38 50627 40 50882 41 51136 44 51391 44 51646 45 51901 27 51936 9 52157 26 52196 2 52375 10 52413 26 52630 12 52669 25 52886 13 52925 25 53141 15 53180 26 53397 15 53436 26 53529 1 53652 16 53692 27 53785 2 53908 16 53947 28 54041 2 54163 17 54202 30 54292 6 54419 17 54458 33 54545 9 54674 18 54715 33 54801 9 54927 22 54952 5 54973 32 55057 9 55182 23 55207 7 55231 31 55313 9 55437 25 55463 6 55488 30 55569 9 55693 16 55713 5 55719 6 55744 30 55825 9 55948 17 55971 1 55976 5 56001 28 56080 9 56203 18 56232 4 56257 28 56297 4 56336 8 56453 24 56489 2 56506 3 56514 27 56552 11 56592 7 56707 27 56761 5 56771 26 56808 13 56848 6 56961 30 57016 7 57027 26 57064 14 57105 5 57216 32 57272 7 57283 25 57320 15 57361 4 57472 33 57528 7 57539 25 57576 15 57728 34 57785 5 57796 24 57832 16 57983 35 58052 24 58088 16 58239 35 58308 24 58343 17 58495 36 58565 23 58599 19 58750 37 58821 9 58834 9 58856 20 59007 37 59077 8 59092 6 59112 24 59263 37 59334 7 59368 24 59520 36 59591 5 59624 24 59776 36 59848 2 59880 24 60033 35 60135 25 60290 34 60389 27 60546 34 60644 28 60804 9 60816 20 60900 28 61061 6 61074 18 61156 28 61320 1 61332 16 61412 28 61590 1 61596 6 61668 28 61854 2 61924 28 62179 29 62435 29 62691 29 62947 29 63203 29 63458 30 63714 30 63970 30 64226 30 64482 30 64738 29 64995 18 65014 8 65251 18 65270 3 65508 7 65520 6
000028,0 65536
000029, 
000030,0 65536
000031, 
000032,0 65536
000033, 
000034,211 4 232 5 239 17 465 6 489 2 496 16 720 7 743 4 751 17 974 9 997 27 1230 8 1252 28 1485 8 1506 30 1741 7 1762 30 1997 7 2011 1 2017 31 2254 3 2263 1 2266 3 2272 32 2519 1 2522 3 2526 34 2776 40 3032 40 3289 39 3546 38 3802 38 4059 37 4315 37 4571 37 4827 37 5083 37 5339 37 5595 37 5851 37 6107 37 6363 37 6619 37 6874 38 7130 38 7386 38 7642 38 7898 38 8154 38 8410 38 8666 38 8922 38 9178 38 9434 38 9689 39 9944 40 10200 40 10456 40 10711 41 10966 42 11219 45 11474 46 11730 46 11985 47 12244 44 12501 43 12757 43 13013 43 13269 43 13525 43 13780 44 14036 44 14292 44 14548 44 14804 44 15059 45 15316 44 15572 44 15828 44 16084 43 16339 44 16595 22 16618 15 16637 3 16850 23 16880 16 17106 23 17138 14 17361 24 17394 14 17616 23 17652 12 17872 22 17907 4 17914 6 18127 22 18163 4 18170 6 18383 22 18425 7 18639 22 18681 7 18896 17 18914 2 18937 7 19153 10 19164 2 19170 2 19194 6 19409 9 19425 3 19450 6 19666 5 19680 4 19706 6 19922 4 19939 1 19963 5 20178 2 24486 6 24733 2 24741 7 24988 5 24996 8 25243 17 25262 7 25499 16 25518 8 25756 11 25773 9 26012 11 26030 7 26269 10 26288 3 26525 11 26782 14 27037 16 27292 17 27548 16 27803 17 28059 16 28315 13 28571 14 28826 16 29082 16 29338 2 29341 14 29594 17 29851 16 30109 13 30367 11 30625 7 30884 2 35071 1 35323 5 35578 6 35835 5 36091 5 36347 5 36604 4 36860 4 37117 3 37375 1
000035,28 130 167 89 283 131 424 88 534 137 680 88 785 143 936 88 1039 146 1192 88 1293 149 1449 87 1544 154 1706 249 1962 250 2217 252 2472 8024 10497 255 10755 253 11012 252 11270 250 11528 248 11785 247 12043 245 12299 245 12556 244 12812 244 13068 246 13324 249 13579 252 13834 10393 24250 231 24507 227 24764 224 25021 222 25277 221 25534 219 25790 218 26046 211 26302 210 26558 209 26813 205 27020 2 27069 202 27324 204 27580 205 27836 210 28093 211 28350 213 28606 214 28862 215 29118 216 29374 217 29630 219 29886 219 30142 220 30397 222 30653 224 30909 227 31165 229 31421 231 31677 234 31932 240 32187 243 32443 245 32698 247 32954 249 33210 250 33464 17750 51218 53 51273 195 51476 50 51530 193 51733 49 51787 190 51990 49 52045 186 52247 48 52304 176 52505 47 52561 175 52761 47 52817 175 53018 46 53073 175 53274 46 53328 176 53530 46 53584 176 53786 46 53840 176 54042 45 54095 177 54299 44 54351 177 54555 45 54605 179 54788 6 54811 45 54861 179 55043 9 55067 45 55116 180 55298 17 55322 47 55371 181 55553 20 55576 232 55809 9727
000036,14 16 39 22 106 1 110 7 143 113 271 16 295 22 360 14 399 113 527 16 552 21 615 16 654 114 783 17 809 20 870 18 893 4 910 114 1038 20 1063 22 1126 28 1167 113 1294 47 1381 30 1425 111 1550 48 1637 31 1682 110 1806 48 1893 31 1940 60 2004 9 2017 31 2062 48 2128 11 2148 31 2197 57 2262 6 2274 30 2319 48 2374 60 2453 57 2532 28 2575 49 2628 62 2710 56 2792 24 2831 115 2967 55 3049 23 3087 115 3224 54 3308 20 3343 115 3480 53 3565 19 3599 115 3737 52 3821 19 3851 119 3993 53 4077 19 4106 120 4249 53 4335 17 4357 125 4506 52 4592 16 4611 127 4762 52 4849 15 4866 128 5018 51 5107 13 5121 129 5274 52 5363 143 5530 54 5619 144 5788 54 5874 154 6047 54 6130 166 6303 58 6385 15 6401 153 6559 59 6641 15 6657 155 6814 61 6896 16 6915 217 7146 2 7151 17 7172 217 7394 5 7400 24 7428 252 7685 251 7941 251 8198 250 8456 248 8715 245 8976 240 9235 237 9494 234 9751 233 10007 233 10262 234 10518 234 10774 234 11020 1 11029 235 11275 3 11285 235 11532 1 11540 236 11796 234 12051 234 12307 233 12562 233 12816 234 13072 233 13328 230 13585 227 13841 225 14096 225 14350 227 14595 4 14603 230 14849 6 14858 230 15105 239 15361 239 15616 241 15872 240 16128 240 16384 240 16640 239 16896 238 17152 236 17408 233 17664 233 17920 232 18176 233 18432 234 18688 238 18944 240 19200 240 19456 240 19712 241 19968 241 20224 241 20480 240 20736 240 20992 232 21226 6 21248 223 21472 6 21483 5 21504 220 21739 1 21760 221 22016 221 22272 221 22528 207 22736 13 22784 221 23040 221 23296 220 23528 3 23552 220 23782 6 23808 220 24038 6 24064 220 24295 2 24320 202 24526 14 24552 2 24576 188 24768 10 24786 8 24808 2 24832 189 25024 12 25043 2 25065 2 25088 194 25285 9 25321 3 25340 2 25344 208 25597 1 25600 209 25856 209 26105 1 26112 211 26359 3 26368 213 26615 4 26624 214 26871 7 26880 214 27133 1 27136 214 27392 215 27648 218 27868 2 27886 2 27904 223 28140 4 28160 228 28392 9 28416 241 28672 242 28928 243 29184 243 29431 1 29440 243 29697 242 29956 239 30213 238 30469 237 30725 236 30981 236 31236 237 31492 236 31746 1 31748 235 32001 2 32005 234 32256 3 32262 233 32512 5 32518 242 32768 250 33024 251 33280 253 33536 255 33792 1512 35307 252 35563 252 35819 252 36078 249 36341 242 36600 239 36857 238 37116 234 37373 232 37629 1 37632 229 37888 229 38144 229 38381 3 38400 229 38636 7 38656 230 38890 9 38912 230 39144 11 39168 243 39424 246 39680 246 39936 247 40192 247 40448 248 40704 5846 46552 15 46573 232 46810 10 46831 229 47090 226 47348 223 47606 219 47863 217 48120 213 48380 207 48637 206 48893 205 49150 203 49407 202 49664 201 49920 201 50176 201 50432 201 50688 201 50944 200 51200 200 51435 6 51456 200 51689 9 51712 193 51908 3 51945 11 51968 193 52200 18 52224 193 52456 21 52480 194 52707 1 52712 22 52736 195 52967 24 52992 197 53222 225 53468 3 53475 229 53723 237 53978 239 54234 239 54489 241 54745 241 55004 239 55260 239 55514 242 55770 242 56024 245 56280 245 56529 252 56784 253 57040 47 57088 255 57344 254 57600 253 57856 253 58112 252 58368 250 58624 249 58880 250 59136 250 59392 251 59648 252 59904 227 60132 25 60160 225 60393 20 60416 223 60650 20 60672 221 60906 21 60928 221 61162 242 61418 244 61670 495 62169 251 62426 249 62682 249 62938 249 63195 247 63451 246 63707 245 63964 232 64220 231 64476 231 64732 231 64988 231 65244 231 65500 36
000037,4494 4 4750 4
000038,189 17 209 27 249 6 446 16 466 26 505 5 703 15 723 25 762 4 962 11 980 23 1020 2 1222 6 1237 22 1479 5 1497 1 1504 10 1736 4 1762 7 1992 4 2019 5 2248 5 2276 4 2504 7 2512 3 2533 1 2761 13 3017 13 3274 13 3529 14 3785 15 4042 14 4299 13 4556 9 4813 7 5070 6 5328 3 5585 1
000039,0 65536
000040,0 44544 44545 255 44801 255 45057 2304 47363 253 47622 250 47879 249 48134 250 48391 249 48647 249 48899 2 48904 248 49154 3 49159 249 49410 3 49415 250 49667 3 49672 249 49923 3 49929 247 50179 3 50186 246 50435 4 50442 246 50692 4 50697 247 50948 252 51203 253 51459 253 51715 253 51970 254 52225 1026 53253 254 53509 1275 54785 255 55042 254 55297 10239
000041,0 65536
000042,0 6 92 19 147 13 241 20 349 17 404 11 432 4 497 19 605 17 660 10 687 6 753 18 861 16 918 3 942 8 1008 18 1117 16 1198 8 1261 19 1373 16 1454 14 1516 20 1630 14 1709 17 1728 5 1738 4 1771 21 1895 4 1965 34 2027 21 2221 35 2258 3 2283 21 2476 36 2514 5 2539 21 2732 47 2795 21 2989 47 3050 22 3245 47 3305 23 3503 44 3560 24 3761 42 3816 24 3892 3 4017 42 4071 25 4147 8 4272 43 4327 25 4402 10 4528 44 4583 25 4658 12 4671 4 4784 44 4839 25 4915 17 5040 44 5096 24 5171 18 5296 45 5353 23 5428 24 5553 44 5609 23 5685 24 5809 44 5866 22 5941 25 6065 45 6123 21 6196 27 6319 47 6380 20 6451 28 6572 50 6638 18 6706 30 6827 51 6895 17 6960 32 7082 52 7152 16 7215 33 7337 53 7408 16 7470 34 7592 54 7664 16 7726 35 7848 54 7920 16 7983 34 8103 54 8177 15 8239 34 8351 62 8434 14 8495 34 8608 60 8690 14 8751 35 8864 60 8947 13 9007 35 9121 57 9204 12 9263 35 9377 55 9461 11 9520 34 9634 54 9718 10 9777 34 9891 52 9975 9 10034 32 10148 50 10231 9 10291 31 10404 47 10487 9 10548 30 10661 44 10743 9 10805 28 10918 39 10999 9 11065 20 11174 37 11255 9 11321 16 11432 35 11511 9 11578 14 11694 27 11767 9 11835 12 11953 22 12023 9 12093 9 12210 18 12281 7 12352 6 12466 18 12540 4 12723 6 12730 9 12980 3 12988 6 13141 3 13245 4 13388 13 13644 13 13758 3 13764 7 13899 15 14014 14 14153 17 14269 16 14341 4 14350 4 14400 3 14407 19 14525 17 14596 7 14604 7 14655 28 14781 18 14851 17 14911 28 15037 19 15107 17 15167 29 15293 19 15362 18 15423 29 15549 20 15617 20 15678 31 15806 6 15815 10 15872 21 15933 33 16063 5 16072 9 16128 21 16186 37 16320 4 16328 10 16384 21 16440 39 16576 4 16584 10 16640 21 16696 39 16833 4 16840 9 16896 21 16951 40 17090 14 17152 21 17207 40 17346 14 17408 20 17462 40 17603 12 17664 20 17718 39 17784 4 17798 14 17853 1 17862 8 17920 19 17972 40 18038 7 18053 16 18108 4 18120 4 18176 20 18227 38 18293 9 18308 17 18364 4 18432 20 18483 29 18549 10 18564 17 18620 4 18688 20 18739 29 18805 11 18819 19 18876 3 18944 20 18994 30 19061 33 19200 20 19250 29 19318 32 19456 20 19506 29 19574 32 19712 19 19761 30 19823 3 19831 23 19855 7 19968 18 20016 30 20078 6 20089 21 20112 6 20224 17 20272 29 20333 9 20343 23 20369 8 20480 16 20527 29 20588 34 20627 1 20629 12 20736 16 20783 28 20844 35 20884 15 20992 17 21038 27 21100 35 21140 17 21248 18 21295 24 21356 35 21395 19 21504 19 21551 23 21581 2 21612 36 21650 20 21760 19 21808 21 21836 3 21868 36 21905 22 22016 20 22065 19 22091 4 22124 59 22272 20 22322 17 22349 2 22358 3 22380 59 22528 20 22578 16 22598 3 22613 5 22636 58 22784 19 22834 16 22853 6 22869 5 22892 58 23040 19 23091 14 23107 9 23124 7 23149 57 23296 18 23347 28 23379 8 23405 57 23552 2 23558 11 23603 40 23661 58 23755 4 23816 8 23858 42 23917 58 24008 8 24073 5 24114 42 24173 59 24263 11 24277 5 24370 43 24429 60 24518 21 24626 43 24685 62 24774 22 24883 42 24941 51 25030 23 25132 1 25139 42 25197 50 25286 24 25386 3 25396 40 25453 51 25542 23 25642 3 25653 38 25710 51 25798 23 25909 38 25966 53 26055 22 26167 35 26223 53 26312 21 26423 35 26479 54 26569 20 26679 34 26736 53 26828 16 26935 27 26964 3 26993 52 27085 15 27184 34 27250 52 27341 14 27440 35 27508 50 27598 13 27695 38 27767 47 27854 12 27952 40 28024 46 28110 11 28208 43 28280 46 28367 9 28465 43 28536 46 28624 7 28723 41 28792 46 28979 41 29047 47 29236 40 29303 46 29495 37 29559 45 29756 4 29763 26 29815 44 30018 27 30071 44 30273 28 30327 44 30528 28 30584 43 30783 28 30840 43 31038 29 31097 41 31293 30 31353 40 31549 30 31609 40 31805 39 31865 40 32062 39 32120 40 32320 36 32375 41 32576 36 32630 41 32833 34 32886 38 33089 34 33142 36 33346 33 33398 35 33603 31 33655 34 33860 30 33912 33 34117 29 34169 31 34375 5 34382 19 34427 20 34645 12 34685 15 34903 10 34944 10 35159 10 35204 5 35416 9 35673 8 35821 11 35930 7 36075 14 36186 6 36329 17 36444 3 36583 20 36827 3 36838 26 37082 6 37093 27 37338 7 37348 28 37593 9 37604 28 37843 3 37848 11 37860 28 38002 6 38098 46 38257 8 38354 46 38512 9 38609 47 38767 11 38865 47 39020 18 39121 47 39252 1 39276 19 39377 47 39508 1 39531 20 39634 46 39788 19 39890 46 40044 19 40147 45 40300 19 40403 45 40557 18 40659 45 40813 19 40915 45 41069 19 41171 45 41321 23 41426 46 41575 25 41682 46 41830 27 41938 46 42086 27 42193 47 42342 27 42448 48 42505 3 42597 27 42704 47 42760 4 42849 31 42960 39 43000 5 43016 5 43104 31 43216 38 43271 6 43360 31 43472 38 43527 5 43615 7 43624 24 43728 38 43781 8 43871 6 43881 23 43984 38 44036 10 44127 5 44137 23 44240 39 44291 11 44382 6 44394 21 44496 39 44547 12 44638 6 44651 19 44750 40 44802 13 44895 5 44907 17 45005 41 45058 13 45151 5 45164 12 45261 34 45314 13 45408 4 45421 11 45516 34 45570 13 45656 2 45664 6 45677 11 45772 10 45787 17 45826 14 45912 3 45922 3 45934 9 46028 8 46045 14 46082 14 46168 3 46191 7 46284 6 46303 11 46338 14 46424 3 46541 4 46560 9 46572 9 46594 14 46680 3 46817 8 46826 13 46850 14 47075 3 47081 15 47103 1 47106 13 47336 16 47357 3 47362 12 47592 16 47611 5 47617 10 47848 24 47873 8 48105 23 48129 5 48361 23 48387 1 48617 23 48873 23 49129 23 49385 23 49641 23 49897 23 50153 23 50408 24 50663 25 50918 26 51174 26 51429 27 51684 28 51828 4 51940 28 52082 8 52195 29 52336 10 52451 29 52591 12 52708 27 52847 12 52964 24 53103 12 53220 21 53358 12 53476 18 53614 12 53732 11 53871 9 53988 7 54127 7 54245 3 54384 5 54614 4 54868 10 55122 13 55144 4 55376 16 55397 9 55631 32 55887 34 56143 35 56398 36 56654 37 56910 38 57166 38 57221 4 57422 39 57476 5 57678 39 57731 6 57935 38 57985 8 58191 38 58240 9 58448 36 58496 9 58705 35 58751 11 58867 2 58961 34 59007 10 59122 4 59218 31 59264 8 59378 4 59473 31 59520 4 59635 2 59722 2 59729 30 59977 37 60145 1 60233 36 60399 4 60490 33 60654 6 60746 31 60909 7 61002 31 61166 7 61258 32 61422 7 61514 32 61678 7 61770 33 61934 7 62027 32 62190 7 62283 33 62446 7 62540 34 62703 6 62798 33 62960 5 63055 32 63218 2 63311 33 63568 32 63825 31 64005 6 64082 30 64260 8 64338 31 64516 9 64594 30 64772 9 64851 29 65027 10 65107 28 65283 9 65362 28
000043,0 31779 31781 253 32038 251 32296 1 32299 246 32552 1 32555 246 32803 3 32807 2 32812 254 33069 255 33327 252 33583 251 33840 247 34098 242 34354 242 34611 241 34867 241 35123 5 35129 236 35379 4 35386 235 35634 5 35643 3 35647 5 35655 222 35894 1 35913 220 36170 222 36426 224 36682 225 36909 3 36939 230 37195 231 37451 231 37706 232 37961 234 38217 229 38447 4 38472 2 38475 233 38731 231 38963 2 38977 2 38986 232 39219 2 39232 3 39242 3 39247 227 39488 2 39496 4 39501 231 39749 243 40004 247 40260 250 40517 250 40772 258 41031 255 41287 256 41548 251 41804 12 41820 236 42060 10 42077 235 42315 11 42333 236 42572 10 42589 236 42828 1 42833 4 42846 235 43089 3 43104 232 43360 232 43617 230 43872 228 44101 2 44126 225 44380 226 44635 226 44890 227 45135 3 45147 225 45389 8 45402 225 45638 1 45643 240 45886 1 45891 5 45899 245 46148 253 46405 245 46653 4 46666 239 46910 3 46922 239 47166 4 47179 238 47423 4 47435 239 47676 2 47682 5 47690 244 47938 5 47946 244 48194 5 48203 243 48447 8 48460 242 48703 8 48717 239 48957 10 48973 252 49229 3849 53079 12457
000044, 
000045, 
000046,109 9 119 5 364 17 618 21 874 16 891 5 1129 16 1147 5 1159 2 1385 15 1403 5 1641 15 1659 5 1897 15 1915 6 2153 17 2171 10 2409 29 2665 29 2921 28 3177 28 3433 26 3472 3 3689 26 3728 3 3945 25 3984 3 4201 25 4240 3 4457 24 4714 23 4927 5 4970 22 5016 2 5089 2 5182 7 5227 21 5270 6 5343 6 5439 6 5483 21 5526 6 5599 8 5695 6 5739 21 5782 6 5854 10 5950 7 5995 21 6038 6 6110 11 6202 13 6251 21 6294 5 6366 11 6448 3 6456 17 6507 21 6622 12 6702 7 6711 18 6763 20 6877 14 6957 28 7019 19 7133 14 7208 33 7274 19 7389 15 7463 35 7530 17 7645 14 7718 36 7786 16 7902 13 7974 37 8042 15 8161 9 8231 36 8299 14 8419 6 8485 37 8557 8 8741 33 8775 2 8995 33 9207 2 9251 32 9452 4 9460 7 9505 33 9707 17 9756 2 9761 33 9962 19 10010 39 10217 20 10265 40 10471 23 10521 40 10725 24 10777 40 10981 24 11032 41 11237 26 11288 41 11493 27 11544 41 11749 27 11799 4 11805 35 12005 27 12054 4 12062 34 12261 27 12309 5 12320 31 12518 25 12565 6 12576 31 12730 1 12774 23 12821 7 12830 8 12839 23 12985 2 13030 22 13078 40 13287 20 13335 39 13544 10 13556 7 13593 37 13752 3 13801 9 13813 5 13849 37 14007 4 14058 7 14105 7 14115 27 14263 5 14316 4 14362 5 14372 25 14519 4 14620 2 14629 24 14886 23 15142 22 15400 19 15658 16 15915 14 16172 12 16429 10 18432 1 18688 1 18944 2 19200 1 19572 2 19828 3 19971 2 20076 1 20084 3 20130 8 20226 4 20332 1 20340 2 20385 9 20481 6 20588 1 20640 10 20737 6 20896 10 20993 6 21151 11 21249 5 21407 12 21507 2 21663 13 21919 17 22176 16 22432 16 22688 16 22944 16 23200 15 23456 14 23713 13 23970 11 24227 8 24484 4 24664 3 24920 2 25176 1 26708 5 26964 5 27219 6 27476 3 35072 1 35328 2 35584 2 35840 2 36096 1 40230 4 40483 8 40738 10 40993 12 41249 12 41505 12 41761 12 42017 11 42273 11 42530 10 42786 10 43043 9 43299 9 43556 7 43812 7 43947 5 44068 8 44201 14 44324 8 44456 18 44579 9 44712 22 44835 9 44968 28 45091 10 45224 30 45348 9 45479 36 45605 7 45735 38 45862 6 45991 39 46246 41 46502 41 46757 42 47012 43 47268 42 47524 43 47780 45 48036 46 48292 47 48548 48 48711 4 48805 50 48966 9 49061 51 49220 14 49317 52 49475 16 49574 52 49730 17 49830 53 49985 18 50087 53 50241 18 50344 52 50496 19 50600 53 50752 18 50856 52 51008 17 51112 52 51264 17 51368 50 51520 17 51624 49 51777 16 51880 44 52034 14 52136 43 52290 14 52392 31 52424 10 52510 3 52548 12 52649 27 52684 5 52765 6 52807 9 52905 26 53020 8 53065 7 53163 24 53276 8 53322 6 53420 22 53532 8 53579 4 53677 21 53788 8 53836 2 53933 20 54043 8 54191 18 54298 7 54449 15 54554 5 54706 2 54710 10 54810 5 54961 2 54966 9 55066 5 55217 1 55222 8 55323 4 55474 1 55478 8 55579 4 55731 1 55734 8 55835 5 55991 6 56091 6 56249 2 56346 7 56601 8 56857 8 57108 13 57364 13 57620 13 57876 12 58132 11 58389 8 58645 8 58902 6 59160 3 63127 4 63382 6 63638 6 63893 8 64149 8 64405 8 64567 2 64661 10 64822 5 64917 12 65078 5 65174 11 65334 5 65431 11
000047,0 65536
000048,13053 2
000049, 
000050, 
000051,13 29 56 2 239 7 269 29 311 4 494 8 524 30 567 4 676 2 749 9 779 31 822 5 912 4 921 2 930 6 1005 9 1035 31 1077 6 1167 14 1184 10 1261 10 1291 31 1333 6 1423 14 1440 11 1517 10 1547 31 1588 7 1679 13 1697 11 1773 10 1803 31 1844 6 1934 13 1954 11 2029 10 2060 29 2100 6 2190 12 2210 11 2285 10 2318 27 2358 4 2445 13 2466 11 2542 9 2575 25 2615 2 2701 13 2722 11 2798 9 2831 23 2957 13 2978 10 3055 8 3087 16 3214 13 3234 10 3313 6 3342 16 3469 16 3490 10 3571 2 3598 16 3726 15 3746 10 3853 17 3982 16 4002 9 4109 16 4241 13 4258 8 4364 17 4501 11 4513 8 4620 16 4758 18 4876 16 4895 4 5015 17 5132 23 5272 16 5388 24 5424 3 5528 15 5643 27 5678 6 5785 14 5899 30 5934 6 6042 12 6155 32 6190 6 6299 10 6411 33 6446 5 6556 7 6668 32 6703 3 6812 6 6925 31 7068 5 7181 31 7326 2 7438 31 7694 32 7950 13 7966 16 8206 12 8222 17 8451 4 8462 10 8478 17 8707 4 8718 9 8734 18 8963 4 8976 6 8990 18 9218 5 9246 19 9473 7 9503 18 9728 8 9760 17 9984 9 10016 17 10240 9 10273 16 10496 8 10529 16 10752 7 10777 2 10786 15 11008 7 11032 3 11043 14 11111 3 11264 7 11287 4 11300 12 11366 7 11520 7 11542 5 11558 9 11622 8 11640 3 11776 7 11796 7 11815 7 11877 24 12032 8 12048 12 12071 7 12133 25 12288 29 12328 6 12388 26 12544 29 12584 5 12644 27 12800 30 12842 1 12900 6 12907 20 13056 30 13156 8 13165 18 13312 30 13412 8 13421 19 13568 30 13668 28 13824 30 13924 29 14080 30 14180 31 14336 31 14436 32 14592 31 14692 32 14848 32 14947 33 15104 33 15204 30 15361 33 15460 29 15618 33 15718 29 15875 36 15975 29 16131 38 16231 29 16388 1 16392 33 16488 29 16648 33 16743 30 16904 33 16999 30 17160 33 17252 33 17416 34 17507 34 17673 33 17763 33 17929 4 17937 25 18019 33 18196 22 18275 33 18453 3 18468 6 18531 33 18710 1 18724 6 18786 34 18980 7 19042 34 19236 7 19297 35 19491 7 19544 1 19553 5 19559 29 19747 6 19799 4 19808 36 20002 7 20054 46 20258 5 20309 47 20514 5 20565 47 20770 4 20822 45 21026 4 21079 44 21282 4 21335 43 21538 3 21591 42 21794 3 21846 43 22051 2 22102 43 22307 2 22358 43 22563 1 22613 44 22870 42 23126 42 23383 40 23588 2 23639 39 23684 3 23844 3 23888 3 23895 39 23939 5 24099 4 24143 7 24151 39 24195 6 24356 3 24398 48 24450 7 24613 1 24654 48 24706 8 24817 5 24909 49 24962 8 25072 7 25087 1 25165 49 25218 9 25327 9 25342 2 25420 48 25474 9 25582 18 25608 1 25614 2 25626 4 25676 47 25730 10 25782 14 25836 20 25862 4 25872 1 25883 4 25932 46 25986 10 26036 19 26091 21 26116 6 26128 2 26139 4 26147 2 26189 45 26243 9 26290 23 26347 21 26370 8 26384 4 26395 4 26401 5 26445 44 26500 7 26545 25 26603 21 26625 9 26641 4 26651 12 26702 14 26719 26 26758 4 26800 27 26858 22 26881 10 26897 4 26909 10 26958 13 26975 22 27055 28 27115 21 27137 10 27153 4 27165 10 27214 12 27232 19 27280 5 27311 29 27371 21 27393 10 27410 3 27422 8 27469 14 27488 19 27535 7 27566 31 27626 22 27650 9 27667 3 27678 6 27708 6 27725 14 27744 19 27791 15 27822 31 27882 22 27907 8 27923 4 27933 5 27963 8 27981 15 28001 18 28046 17 28078 32 28134 26 28164 7 28179 5 28189 3 28219 9 28237 15 28257 18 28301 19 28334 32 28384 32 28421 6 28436 12 28474 10 28493 15 28512 18 28556 20 28590 32 28639 33 28677 6 28692 11 28729 11 28749 14 28768 18 28810 22 28846 32 28894 34 28934 5 28949 10 28985 11 29005 14 29024 17 29062 27 29102 33 29150 34 29190 5 29206 8 29241 12 29261 13 29280 16 29317 28 29358 33 29403 16 29422 18 29448 1 29463 6 29497 12 29518 12 29537 15 29573 7 29582 19 29614 32 29658 17 29679 17 29719 6 29753 12 29793 15 29829 7 29839 17 29871 31 29913 17 29936 16 29976 4 30009 11 30050 13 30076 1 30084 8 30096 16 30127 31 30170 3 30175 10 30192 16 30234 1 30265 11 30306 13 30331 4 30340 9 30352 16 30383 31 30434 5 30449 15 30520 12 30562 13 30586 6 30595 29 30639 30 30706 14 30776 12 30818 12 30842 38 30894 31 30963 13 31031 14 31074 12 31097 39 31150 30 31219 13 31286 16 31330 10 31353 39 31406 29 31476 12 31542 16 31586 9 31608 39 31662 29 31732 12 31797 19 31842 8 31864 39 31918 29 31989 11 32053 20 32100 4 32120 38 32174 30 32246 10 32308 23 32375 39 32430 30 32479 3 32506 6 32561 25 32631 38 32686 30 32734 5 32763 5 32815 26 32887 37 32943 29 32988 7 33020 4 33069 24 33143 36 33200 27 33242 10 33276 4 33322 26 33398 36 33457 25 33496 14 33517 4 33532 4 33577 28 33654 36 33714 24 33751 16 33772 14 33788 4 33832 30 33910 36 33971 22 34006 18 34028 20 34087 31 34166 36 34227 21 34262 19 34284 20 34343 32 34422 35 34483 21 34517 20 34540 18 34599 32 34677 24 34703 10 34739 21 34773 20 34794 20 34856 30 34933 25 34959 8 34995 21 35030 19 35050 19 35113 29 35188 26 35215 8 35251 21 35286 39 35370 28 35444 26 35472 7 35497 5 35507 21 35542 40 35626 27 35700 34 35752 6 35763 21 35798 40 35882 28 35955 35 36006 9 36020 20 36054 41 36137 31 36212 34 36262 10 36276 20 36310 41 36388 37 36469 33 36517 11 36533 19 36566 42 36643 39 36727 32 36773 12 36792 2 36804 2 36821 20 36842 22 36898 40 36985 30 37028 13 37077 19 37100 20 37153 41 37242 28 37285 12 37332 20 37357 19 37409 41 37500 24 37542 12 37587 22 37614 17 37665 41 37758 21 37799 12 37842 23 37870 17 37921 41 38020 2 38030 4 38057 11 38097 24 38127 16 38177 41 38314 11 38351 27 38385 14 38432 42 38570 11 38607 28 38642 13 38687 43 38826 11 38862 30 38899 12 38942 44 39083 9 39118 31 39155 12 39198 44 39340 7 39374 31 39412 11 39453 45 39630 31 39669 9 39709 46 39886 32 39927 5 39965 47 40142 32 40221 48 40398 31 40478 47 40654 31 40733 48 40909 31 40989 47 41165 30 41244 48 41420 30 41500 47 41676 29 41756 47 41932 28 42013 46 42188 28 42269 46 42444 28 42525 46 42701 27 42781 45 42957 27 43037 45 43213 27 43293 44 43469 26 43549 44 43725 26 43806 42 43981 25 44062 41 44237 24 44319 40 44494 7 44505 11 44575 36 44750 7 44767 3 44831 33 45007 5 45087 32 45344 31 45600 30 45856 28 46113 26 46369 25 46625 25 46880 26 47136 26 47355 3 47392 25 47610 5 47647 26 47865 7 47903 8 47914 13 48120 8 48161 3 48172 9 48376 8 48429 7 48632 8 48662 6 48684 8 48888 8 48917 8 48940 8 49144 8 49173 9 49196 8 49401 7 49429 9 49452 8 49657 7 49686 8 49708 7 49913 7 49942 7 49964 6 50169 7 50200 4 50425 7 50681 7 50937 7 51194 6 51451 5 51709 3 56672 4 56927 6 57181 10 57437 12 57692 14 57944 19 58199 20 58454 23 58709 25 58965 26 59220 28 59475 30 59731 30 59986 33 60241 35 60424 5 60497 36 60678 8 60752 38 60933 14 61008 39 61189 16 61264 40 61445 17 61521 39 61701 19 61778 39 61957 21 62035 38 62212 22 62292 37 62467 24 62548 37 62723 25 62804 37 62979 25 63060 36 63235 25 63315 37 63492 25 63571 36 63749 25 63826 36 64006 24 64082 35 64263 23 64339 34 64520 22 64596 32 64777 20 64853 30 65033 20 65111 27 65289 18 65368 25
000052,0 65536
000053,0 65536
000054,0 65536
000055,0 65536
000056,0 65536
000057,0 65536
000058,0 65536
000059,0 65536
000060, 
000061,0 165 180 67 248 173 434 69 504 173 689 70 760 174 942 73 1016 14976 15993 513 16508 22798 39308 254 39565 252 39822 248 40077 249 40335 248 40591 248 40847 5 40855 239 41104 4 41112 236 41369 233 41626 231 41883 229 42140 227 42396 224 42652 221 42908 219 43164 217 43420 210 43632 5 43680 7 43691 193 43890 3 43936 5 43948 191 44146 1 44192 4 44205 190 44401 2 44449 3 44463 187 44655 4 44706 2 44720 186 44910 5 44976 187 45166 2 45220 1 45231 193 45486 196 45742 196 45995 199 46250 201 46505 203 46710 1 46761 207 47017 208 47273 209 47529 209 47785 163 47949 46 48040 164 48206 46 48285 4 48296 165 48465 44 48541 6 48552 166 48721 50 48797 7 48809 165 48977 51 49053 7 49065 165 49234 50 49307 1 49310 176 49490 51 49566 11 49579 165 49746 52 49822 11 49836 218 50078 10 50091 220 50335 9 50345 222 50572 3 50593 6 50601 224 50827 5 50850 4 50857 231 51107 3 51114 231 51369 233 51622 236 51878 236 52133 237 52375 3 52382 13154
000062, 
000063, 
000064,0 57897 57899 253 58155 253 58411 253 58668 236 58909 11 58924 235 59166 11 59182 233 59421 12 59438 233 59673 2 59677 12 59695 250 59951 250 60206 252 60462 253 60717 254 60973 253 61228 3028 64257 549 64807 502 65310 226
000065, 
000066, 
000067,0 65536
000068,0 65536
000069,0 65536
000070,0 65536
000071, 
000072,0 65536
000073,0 65536
000074,0 65536
000075,0 65536
000076,0 65536
000077,0 1 126 12 146 4 256 1 357 12 376 18 398 2 402 4 512 1 609 19 631 19 658 5 864 43 914 6 1119 45 1171 5 1375 45 1427 5 1630 47 1683 5 1886 47 1939 5 2142 48 2195 4 2398 55 2654 55 2911 56 3167 57 3418 2 3424 56 3673 5 3681 56 3928 65 3997 4 4184 10 4195 63 4441 9 4451 65 4697 9 4707 66 4954 8 4963 50 5014 21 5211 5 5219 49 5271 21 5468 3 5476 47 5527 21 5733 46 5783 21 5989 71 6246 69 6503 67 6759 66 7015 65 7271 65 7528 37 7568 24 7784 36 7827 20 7918 5 8040 35 8084 19 8172 8 8184 3 8296 36 8341 18 8427 10 8438 7 8552 38 8597 18 8682 19 8703 1 8808 43 8854 17 8918 5 8938 22 9063 63 9172 7 9195 21 9320 61 9425 9 9451 21 9576 60 9681 7 9708 20 9832 59 9936 8 9965 19 10089 58 10191 9 10220 20 10344 1 10350 52 10447 9 10476 20 10597 6 10606 38 10645 13 10702 10 10730 22 10850 9 10862 32 10901 13 10957 11 10981 27 11103 13 11117 30 11151 4 11158 12 11214 11 11237 27 11357 15 11373 29 11407 4 11415 10 11470 12 11493 27 11612 16 11629 30 11662 5 11671 10 11725 15 11751 25 11867 17 11885 30 11918 5 11927 9 11980 17 12009 23 12123 48 12173 7 12183 8 12235 19 12266 22 12378 49 12429 13 12491 20 12522 22 12633 65 12747 21 12778 22 12888 66 13003 22 13027 1 13034 22 13142 67 13260 24 13290 22 13397 67 13516 25 13546 22 13653 67 13773 26 13800 24 13908 68 14031 49 14164 69 14285 1 14290 46 14419 71 14540 3 14547 45 14674 73 14802 46 14928 76 15057 47 15183 77 15313 47 15438 78 15569 47 15694 78 15826 46 15949 78 16082 46 16206 77 16338 46 16462 76 16588 5 16596 44 16719 74 16841 10 16852 44 16975 72 17097 11 17109 43 17231 72 17353 11 17365 43 17487 72 17608 56 17742 73 17864 56 17998 73 18120 56 18253 76 18375 57 18509 78 18630 58 18765 67 18834 9 18886 58 19021 66 19091 8 19142 58 19278 20 19307 33 19347 8 19398 58 19534 18 19565 29 19603 8 19654 58 19790 18 19821 29 19858 8 19910 58 20047 17 20078 27 20114 8 20161 63 20303 17 20334 26 20369 10 20417 63 20560 16 20591 23 20625 10 20672 64 20817 15 20848 12 20864 5 20881 11 20929 63 21074 14 21105 9 21137 11 21185 63 21331 13 21362 6 21395 9 21442 62 21588 11 21618 5 21652 7 21698 62 21846 5 21910 5 21954 62 22168 1 22211 61 22467 61 22530 2 22723 67 22793 3 22951 5 22978 75 23205 11 23229 81 23460 106 23576 1 23715 107 23831 4 23971 107 24086 5 24227 108 24342 5 24482 110 24598 5 24738 110 24854 5 24994 110 25110 5 25250 111 25367 6 25506 111 25623 7 25761 114 25878 8 26017 126 26273 97 26372 27 26529 96 26628 27 26785 84 26877 1 26883 28 27041 82 27139 28 27298 79 27391 1 27395 28 27554 78 27647 2 27652 27 27810 77 27903 3 27907 28 28065 79 28160 31 28320 82 28416 31 28575 83 28672 30 28830 85 28928 28 29087 84 29184 26 29343 84 29440 25 29599 83 29696 23 29855 83 29952 14 30110 84 30208 12 30366 84 30464 11 30621 83 30720 10 30876 79 30976 7 31132 77 31232 6 31387 76 31488 5 31644 74 31744 5 31901 72 32000 4 32157 71 32256 3 32413 70 32512 2 32669 69 32768 2 32925 69 33024 2 33181 69 33280 1 33436 69 33536 1 33658 4 33686 75 33912 7 33940 77 34167 9 34195 78 34422 11 34449 79 34677 14 34704 80 34933 15 34959 63 35025 8 35036 2 35068 4 35188 18 35215 62 35283 3 35308 4 35321 7 35444 19 35470 62 35563 5 35575 9 35699 21 35726 61 35803 5 35818 7 35830 10 35955 21 35981 62 36058 7 36072 9 36084 12 36211 21 36237 62 36313 10 36327 25 36467 21 36493 62 36569 39 36723 22 36747 63 36825 39 36980 86 37082 38 37222 1 37238 1 37242 80 37331 2 37343 33 37476 6 37503 76 37580 11 37602 30 37732 7 37760 88 37858 30 37988 8 38018 73 38092 12 38114 30 38243 10 38276 69 38348 13 38371 29 38499 10 38533 65 38608 9 38627 29 38755 11 38789 65 38864 9 38884 28 39011 10 39045 73 39120 15 39140 28 39267 10 39300 74 39376 17 39396 28 39524 9 39553 77 39631 49 39780 9 39808 127 40036 3 40064 77 40142 46 40320 76 40398 19 40418 25 40577 75 40657 9 40675 24 40833 75 40914 8 40933 11 40946 8 41090 73 41171 7 41190 8 41203 6 41346 71 41427 8 41436 5 41447 6 41460 4 41602 70 41684 14 41705 1 41857 71 41940 15 42112 74 42195 21 42367 75 42451 22 42622 77 42707 5 42714 17 42732 5 42877 78 42962 5 42971 23 43133 78 43217 5 43228 23 43388 78 43472 6 43485 22 43644 77 43728 6 43741 22 43900 40 43942 34 43984 6 43997 22 44156 40 44199 33 44237 9 44253 22 44412 39 44456 33 44491 11 44509 22 44668 36 44711 46 44766 21 44924 36 44968 44 45022 11 45034 9 45180 34 45216 1 45226 40 45279 9 45292 6 45436 34 45472 1 45482 39 45536 7 45551 1 45692 37 45738 4 45745 32 45795 2 45948 38 45994 1 46001 31 46204 38 46256 17 46276 9 46461 37 46512 15 46532 9 46718 36 46774 4 46782 14 46974 35 47031 2 47038 14 47230 35 47292 17 47486 34 47548 14 47744 32 47811 6 48002 30 48068 4 48258 30 48515 29 48770 30 49026 31 49282 45 49538 48 49594 3 49794 48 49848 6 50050 49 50103 7 50307 59 50563 59 50820 59 51076 59 51332 60 51589 59 51825 2 51845 61 52079 8 52101 62 52218 6 52324 21 52357 66 52464 16 52579 23 52613 69 52718 18 52834 25 52869 74 52972 20 53090 30 53125 75 53226 22 53345 32 53380 77 53482 22 53595 2 53601 112 53738 22 53849 120 53994 22 54104 121 54250 22 54358 123 54506 22 54613 109 54727 9 54762 22 54868 109 54984 8 55018 22 55123 109 55241 6 55274 22 55376 111 55499 3 55530 22 55631 110 55786 22 55885 110 56043 21 56139 110 56268 1 56300 20 56394 109 56520 10 56558 18 56649 110 56775 12 56820 12 56902 112 57031 11 57078 10 57157 112 57282 2 57286 11 57335 9 57412 112 57536 17 57592 8 57667 112 57791 18 57831 4 57848 8 57923 112 58046 19 58087 5 58105 7 58178 113 58302 18 58343 5 58361 7 58434 113 58559 17 58599 5 58618 6 58688 115 58815 16 58856 3 58875 3 58944 116 59071 15 59199 85 59285 32 59328 14 59455 85 59541 33 59587 10 59711 120 59847 4 59968 119 60224 120 60487 114 60744 113 61001 111 61258 110 61518 105 61778 100 61950 2 62035 99 62205 3 62294 96 62461 3 62554 92 62717 3 62811 91 62973 3 63068 89 63230 2 63325 86 63582 81 63839 79 64096 78 64354 76 64610 76 64867 75 65123 74 65380 46 65427 26
000078,0 65536
000079,30 1 50 17 307 16 564 15 823 12 1079 12 1336 10 1362 6 1592 8 1615 11 1851 5 1870 12 2108 4 2126 12 2364 4 2381 12 2621 2 2637 11 2890 13 3146 12 3328 8 3401 12 3584 10 3657 11 3840 11 3913 9 4096 11 4114 1 4144 1 4169 8 4352 12 4369 3 4400 1 4425 7 4608 14 4623 7 4681 7 4864 23 4938 5 5120 23 5194 3 5376 24 5632 24 5888 25 6144 25 6400 26 6656 27 6714 7 6912 28 6969 10 7168 29 7224 11 7424 29 7480 11 7680 30 7737 9 7936 30 7998 1 8192 31 8448 31 8704 31 8960 31 9216 31 9472 31 9728 32 9984 32 10240 33 10496 34 10752 35 11008 36 11264 41 11520 43 11776 43 12032 43 12288 43 12544 42 12800 42 13056 41 13312 41 13568 41 13824 42 14080 44 14336 45 14592 46 14848 46 15104 45 15360 45 15616 45 15872 25 15899 17 16128 24 16155 17 16384 24 16411 17 16640 12 16653 10 16668 17 16896 10 16911 6 16925 16 17152 9 17169 28 17408 7 17426 27 17664 6 17683 26 17920 6 17940 25 18176 6 18195 26 18432 6 18451 25 18688 7 18707 24 18944 7 18963 23 19200 8 19220 21 19456 9 19476 20 19712 11 19733 9 19745 6 19968 12 19985 2 19991 7 20001 5 20224 19 20248 5 20259 2 20480 19 20736 19 20992 19 21248 20 21504 22 21760 23 22016 24 22272 25 22528 26 22784 26 23040 25 23296 26 23552 27 23808 28 24064 29 24320 29 24576 30 24832 30 25061 1 25088 30 25315 5 25344 29 25571 7 25600 29 25827 8 25856 30 25914 9 26083 8 26112 30 26169 11 26339 8 26368 31 26426 1 26429 7 26595 8 26624 31 26666 2 26669 6 26686 6 26849 10 26880 32 26921 4 26928 3 26941 6 27105 8 27136 38 27176 1 27178 3 27184 3 27197 6 27361 4 27392 38 27434 4 27441 2 27453 6 27648 37 27690 5 27709 5 27809 1 27904 37 27944 8 27965 5 28064 2 28074 6 28160 36 28199 10 28222 8 28319 3 28329 8 28416 36 28454 11 28480 6 28574 5 28584 9 28672 30 28703 4 28709 11 28736 7 28830 19 28928 30 28959 2 28965 12 28992 6 29085 20 29184 29 29215 2 29220 13 29249 5 29341 21 29440 34 29477 11 29504 6 29596 22 29696 35 29735 9 29760 6 29851 24 29952 35 29991 9 30016 7 30106 25 30208 34 30247 8 30272 7 30362 26 30464 33 30500 4 30509 2 30529 7 30618 27 30720 33 30755 5 30766 1 30785 6 30874 28 30976 33 31012 3 31043 4 31130 28 31232 32 31268 3 31386 29 31488 32 31642 29 31679 3 31744 31 31898 29 31934 5 32000 33 32155 29 32191 5 32256 33 32318 1 32412 32 32449 7 32512 34 32673 27 32705 8 32768 34 32930 25 32962 8 33024 34 33185 26 33218 8 33280 34 33440 27 33474 9 33536 33 33696 27 33729 11 33792 33 33952 28 33983 13 34048 31 34207 30 34238 15 34304 23 34463 30 34494 15 34560 23 34719 46 34816 23 34853 4 34974 47 35072 23 35107 6 35230 46 35328 24 35359 10 35486 46 35584 40 35742 45 35840 38 35998 44 36096 38 36254 44 36352 38 36510 35 36547 6 36608 38 36767 33 36805 4 36864 38 37023 34 37062 3 37120 38 37279 35 37376 38 37535 35 37632 37 37791 36 37889 33 38046 37 38146 29 38302 36 38404 1 38413 17 38559 34 38672 12 38815 33 38871 3 38929 9 39052 3 39072 32 39107 1 39126 5 39186 7 39307 4 39328 32 39362 2 39381 7 39443 4 39563 5 39584 36 39636 8 39818 6 39839 37 39891 9 40074 7 40095 37 40136 4 40146 9 40329 8 40351 36 40391 6 40402 8 40584 9 40608 34 40647 7 40657 8 40839 9 40864 29 40904 6 40913 7 41095 10 41121 27 41162 4 41170 4 41350 11 41378 25 41606 12 41634 24 41863 11 41890 24 42120 11 42147 23 42205 4 42376 11 42404 21 42436 2 42459 7 42633 11 42665 15 42688 6 42714 8 42890 10 42922 11 42943 6 42969 9 43146 10 43178 10 43197 7 43225 8 43402 10 43435 9 43453 7 43481 8 43658 10 43693 4 43706 2 43711 4 43737 7 43914 10 43969 1 43994 5 44170 10 44250 4 44425 11 44508 1 44681 12 44903 2 44937 7 44946 4 45159 3 45163 4 45194 6 45201 5 45415 9 45450 12 45670 11 45707 11 45748 1 45927 10 45963 11 46003 2 46183 9 46219 12 46259 2 46439 8 46476 11 46696 6 46732 10 46952 5 46988 10 47244 10 47501 9 47757 9 48013 9 48268 9 48525 8 48781 7 49038 4 50617 1 50764 3 51019 5 51274 7 51530 7 51785 9 52041 9 52297 9 52553 9 52809 10 53065 11 53321 12 53578 11 53834 11 54090 11 54346 11 54602 10 54858 9 55114 7 55372 2
000080,58471 2 58724 7 58979 8 59235 9 59491 9 59748 7 60005 6 60262 4
000081,0 65536
000082,0 116 245 127 501 127 757 127 1013 126 1269 126 1525 125 1781 21 1804 101 2038 20 2062 99 2295 19 2320 97 2552 18 2577 61 2641 32 2808 18 2833 61 2897 32 3064 18 3090 95 3319 19 3348 93 3573 22 3606 58 3665 33 3827 24 3863 50 3921 34 4081 27 4109 4 4120 43 4166 1 4178 34 4315 3 4334 18 4353 16 4379 39 4435 32 4570 4 4587 21 4610 15 4637 37 4692 31 4826 5 4841 23 4867 15 4893 37 4949 29 5082 4 5094 26 5125 13 5149 39 5206 27 5333 9 5348 28 5381 13 5404 41 5448 3 5463 25 5587 11 5601 31 5639 11 5660 47 5720 24 5842 46 5895 11 5915 48 5977 23 6097 48 6152 11 6170 50 6234 21 6353 50 6409 9 6426 50 6491 3 6497 13 6608 52 6665 9 6681 52 6864 52 6921 9 6937 53 7120 52 7178 7 7193 54 7375 54 7435 5 7449 55 7629 57 7705 55 7884 60 7961 56 8140 52 8195 7 8217 56 8323 3 8395 53 8452 6 8473 56 8577 7 8650 54 8708 6 8729 56 8829 12 8905 55 8965 5 8985 56 9084 14 9161 55 9222 3 9241 56 9339 17 9417 55 9498 54 9594 20 9673 55 9754 54 9845 30 9929 55 10010 58 10100 31 10185 55 10266 60 10356 32 10441 55 10522 66 10596 8 10612 33 10697 55 10778 69 10851 11 10868 34 10953 55 11033 85 11123 37 11208 56 11289 86 11379 37 11463 57 11544 129 11721 55 11800 129 11979 53 12055 130 12236 52 12310 132 12493 51 12566 132 12751 49 12821 132 13008 48 13076 133 13263 49 13330 136 13519 49 13585 138 13775 49 13841 139 14031 49 14096 141 14288 48 14351 142 14545 6 14554 38 14607 142 14802 5 14810 195 15066 196 15319 199 15574 200 15830 200 16086 199 16342 198 16599 196 16856 194 17113 192 17369 192 17625 192 17881 192 18138 191 18394 186 18582 2 18651 184 18907 184 19163 184 19419 184 19674 185 19930 38 19969 146 20187 37 20225 147 20443 37 20481 147 20699 37 20737 80 20819 65 20954 38 20993 5 21000 72 21077 62 21210 38 21251 2 21256 71 21335 60 21463 41 21512 70 21593 58 21656 2 21718 42 21768 70 21849 57 21973 43 22024 70 22107 39 22147 14 22229 43 22279 71 22363 38 22405 10 22485 43 22535 72 22620 36 22664 4 22740 44 22792 71 22876 36 22996 44 23048 71 23133 35 23252 44 23305 71 23389 35 23508 44 23562 70 23645 35 23758 50 23818 72 23900 36 24013 51 24075 72 24156 36 24268 52 24331 73 24411 37 24524 52 24587 73 24667 36 24780 52 24843 74 24923 36 25037 51 25099 75 25179 36 25294 50 25355 75 25435 35 25551 49 25611 76 25691 35 25808 48 25867 77 25947 35 26064 48 26124 77 26203 36 26321 47 26381 76 26460 39 26577 47 26637 77 26717 40 26834 6 26843 37 26893 77 26973 40 27090 5 27101 35 27150 77 27229 41 27347 3 27359 33 27406 120 27616 32 27662 120 27872 32 27919 120 28128 32 28176 119 28385 31 28433 75 28510 41 28642 30 28691 72 28767 40 28899 29 28947 71 29024 39 29156 28 29204 70 29281 38 29413 27 29460 70 29538 37 29670 26 29715 71 29794 37 29927 25 29972 70 30051 36 30184 24 30228 70 30313 30 30440 24 30484 70 30571 27 30696 24 30741 68 30829 25 30952 24 30997 67 31087 22 31208 24 31253 65 31346 17 31464 24 31510 59 31603 15 31720 24 31766 57 31859 14 31976 24 32022 55 32116 10 32232 24 32278 53 32358 5 32373 6 32489 23 32534 53 32613 7 32745 23 32790 53 32868 9 33002 22 33047 52 33124 10 33258 22 33303 51 33379 11 33515 21 33559 50 33634 13 33771 21 33815 46 33890 14 34028 20 34071 44 34146 14 34285 19 34327 43 34402 15 34541 19 34582 44 34658 15 34799 12 34812 4 34838 44 34915 14 35056 9 35093 45 35171 14 35314 6 35349 44 35428 12 35605 44 35684 11 35861 44 35940 8 36118 42 36197 5 36375 40 36632 37 36889 4 36897 25 37154 24 37412 23 37669 22 37925 22 38182 21 38439 19 38697 16 38955 12 39213 9 39470 7 39727 6 39984 3 51042 1 51296 6 51551 9 51807 10 52063 11 52318 13 52574 13 52830 14 52855 6 53085 15 53110 10 53339 17 53366 12 53593 19 53621 14 53710 5 53847 22 53876 16 53963 9 54102 24 54131 18 54218 10 54357 26 54386 23 54467 17 54536 1 54612 27 54642 24 54721 19 54790 6 54867 29 54897 26 54976 20 55045 8 55123 29 55153 27 55232 20 55301 10 55372 4 55377 31 55409 27 55487 20 55557 11 55628 34 55664 28 55743 20 55813 12 55884 34 55919 29 56000 19 56064 2 56068 13 56144 29 56175 28 56256 19 56320 16 56401 59 56513 17 56576 17 56657 59 56769 16 56832 19 56914 60 57025 15 57088 20 57172 58 57281 13 57344 22 57430 57 57538 9 57600 23 57688 56 57794 8 57856 25 57941 59 58052 5 58112 27 58196 61 58368 29 58450 67 58624 29 58706 68 58880 29 58961 69 59136 29 59217 71 59289 5 59392 28 59472 78 59558 3 59648 27 59728 79 59813 5 59904 26 59979 85 60069 5 60160 25 60222 1 60234 86 60325 5 60416 24 60478 3 60489 88 60579 12 60672 17 60692 1 60734 4 60744 104 60928 17 60990 4 60998 105 61184 17 61222 1 61238 4 61246 113 61440 18 61477 5 61494 5 61503 112 61696 18 61732 7 61749 7 61760 110 61952 19 61988 8 62005 7 62015 111 62208 20 62244 9 62261 7 62271 110 62464 20 62501 9 62516 122 62720 20 62757 9 62771 123 62976 27 63014 136 63232 28 63271 136 63417 3 63488 29 63527 137 63672 11 63744 29 63783 137 63928 13 64000 29 64041 135 64185 12 64256 29 64300 133 64441 12 64512 29 64557 132 64697 12 64768 26 64814 132 64954 11 65024 25 65070 132 65210 11 65280 24 65327 132 65466 11
000083,0 65536
000084,0 65536
000085, 
000086, 
000087,0 65536
000088,0 65536
000089,0 19 56 3 61 19 87 48 232 43 312 4 317 19 343 48 487 45 567 24 598 50 743 47 816 31 853 51 999 53 1071 31 1109 51 1169 5 1255 55 1326 33 1363 54 1425 7 1511 57 1581 92 1680 8 1768 58 1836 93 1932 13 2024 59 2091 94 2187 15 2280 59 2342 116 2536 60 2597 118 2792 60 2853 118 3048 60 3109 118 3304 59 3366 118 3560 59 3622 118 3815 59 3879 118 4070 60 4134 119 4325 184 4579 186 4834 187 5090 187 5346 187 5602 187 5858 188 6114 188 6369 189 6624 190 6879 192 7134 193 7389 195 7644 197 7899 199 8155 199 8411 199 8668 198 8924 191 9116 6 9180 190 9373 5 9436 27 9468 157 9632 1 9692 27 9725 154 9947 26 9982 151 10203 24 10237 150 10458 24 10493 150 10714 24 10749 149 10969 24 11004 150 11225 25 11260 150 11481 25 11516 150 11736 27 11771 151 11992 28 12027 150 12249 28 12284 148 12506 28 12540 142 12762 28 12796 140 13019 28 13052 138 13237 8 13275 28 13308 13 13324 119 13449 3 13493 9 13507 5 13531 28 13563 13 13583 111 13704 6 13748 12 13762 9 13787 28 13818 13 13842 107 13960 7 14004 25 14041 45 14098 105 14216 7 14260 26 14295 6 14304 36 14355 102 14472 8 14517 26 14550 7 14562 30 14611 101 14728 8 14773 27 14805 9 14820 28 14867 13 14883 84 14985 7 15006 4 15029 41 15080 24 15123 11 15140 10 15151 50 15206 11 15242 6 15261 5 15284 43 15339 3 15344 16 15379 8 15397 9 15409 46 15463 9 15499 5 15517 5 15538 45 15600 16 15635 7 15654 7 15665 44 15720 7 15756 3 15773 5 15792 47 15855 17 15892 5 15912 3 15921 43 15977 5 16029 5 16047 46 16111 17 16177 42 16234 3 16287 1 16303 46 16366 18 16433 41 16559 46 16622 18 16690 40 16745 4 16815 49 16879 17 16946 39 17000 5 17071 50 17135 17 17203 38 17256 6 17328 50 17392 16 17460 36 17512 6 17585 50 17649 15 17716 36 17768 5 17842 49 17907 13 17972 35 18025 3 18099 48 18164 12 18227 37 18356 47 18421 11 18483 38 18550 4 18613 45 18677 11 18738 40 18805 6 18869 45 18933 11 18994 40 19060 7 19125 43 19189 11 19250 41 19316 7 19381 42 19446 7 19506 41 19571 8 19637 42 19702 6 19761 42 19827 8 19893 41 19961 1 20017 42 20083 8 20149 40 20273 41 20338 10 20406 28 20439 4 20530 37 20594 10 20662 28 20748 5 20786 29 20850 10 20919 27 21001 9 21042 28 21106 10 21176 25 21256 10 21298 28 21362 9 21432 26 21503 1 21511 11 21552 30 21619 8 21690 24 21757 3 21767 12 21808 29 21940 31 21972 4 22012 4 22023 13 22063 29 22195 38 22267 5 22279 13 22319 28 22449 41 22522 6 22535 13 22575 4 22583 18 22702 45 22778 6 22790 15 22841 9 22956 47 23033 7 23046 28 23098 5 23211 48 23288 8 23301 30 23467 48 23544 8 23557 30 23722 49 23800 8 23814 29 23978 49 24055 9 24070 29 24233 50 24311 9 24326 29 24489 51 24567 9 24582 29 24745 51 24822 10 24838 29 24989 63 25078 10 25095 28 25244 64 25329 15 25351 29 25499 66 25584 16 25607 29 25755 67 25839 17 25864 28 26011 68 26096 16 26121 27 26268 67 26352 16 26378 27 26524 67 26608 16 26635 26 26781 66 26865 15 26891 26 27015 6 27035 68 27121 15 27142 2 27147 26 27270 9 27289 70 27378 14 27397 4 27403 25 27526 12 27543 72 27635 13 27653 4 27659 25 27719 3 27781 90 27893 11 27916 24 27974 5 28036 91 28154 6 28172 23 28228 7 28291 92 28410 6 28428 23 28483 9 28547 92 28667 5 28684 23 28738 10 28802 93 28923 5 28940 22 28994 11 29058 93 29180 4 29197 21 29249 13 29314 92 29436 4 29453 21 29505 13 29570 92 29692 4 29710 19 29761 13 29826 91 29948 4 29967 17 30017 13 30083 89 30204 4 30228 11 30273 13 30330 2 30339 88 30460 4 30486 8 30530 11 30584 98 30716 4 30742 7 30786 11 30839 99 30973 3 31000 3 31045 7 31094 99 31230 2 31304 4 31348 101 31487 1 31561 2 31603 102 31858 103 32113 103 32368 104 32623 105 32879 104 33135 104 33391 104 33647 103 33882 6 33904 102 34137 9 34160 102 34393 11 34415 102 34648 13 34666 1 34671 102 34903 126 35157 128 35412 128 35667 125 35922 125 36178 125 36433 127 36689 127 36945 127 37201 127 37457 127 37713 126 37970 110 38084 4 38091 1 38226 108 38481 108 38736 108 38990 109 39245 109 39500 90 39592 18 39755 90 39850 15 40009 91 40108 13 40264 92 40367 9 40519 93 40627 2 40775 92 41031 92 41286 92 41542 91 41797 92 42053 92 42304 3 42309 92 42559 98 42815 66 42884 30 43071 55 43128 4 43140 30 43327 55 43396 30 43583 55 43652 30 43839 54 43907 30 44095 54 44162 31 44352 52 44418 30 44608 51 44674 29 44865 44 44930 28 45122 43 45186 27 45378 42 45442 27 45634 42 45698 26 45891 41 45943 3 45953 19 45973 6 46148 39 46198 5 46209 18 46406 36 46454 6 46464 19 46663 34 46710 6 46720 19 46920 31 46966 6 46976 20 47177 11 47191 6 47202 1 47222 6 47231 21 47434 8 47447 5 47478 30 47618 4 47706 1 47734 31 47872 7 47905 2 47990 31 48128 8 48159 6 48176 6 48246 30 48384 8 48414 8 48428 19 48503 29 48640 8 48668 36 48759 29 48896 8 48923 38 49016 28 49152 8 49178 39 49272 29 49408 8 49433 41 49529 28 49664 8 49687 43 49786 27 49920 8 49941 45 50044 25 50176 8 50197 46 50301 24 50432 8 50452 47 50559 21 50688 8 50708 47 50816 20 50944 9 50964 47 51073 18 51200 10 51219 48 51331 14 51456 67 51712 68 51901 2 51968 69 52155 6 52224 71 52409 9 52480 73 52664 10 52736 75 52920 10 52992 77 53175 11 53248 78 53431 12 53504 79 53687 12 53711 3 53760 79 53943 13 53967 4 54016 79 54198 20 54222 7 54231 5 54272 80 54454 22 54479 13 54528 81 54709 24 54735 14 54784 81 54965 40 55040 81 55220 42 55296 81 55388 2 55476 42 55552 81 55644 3 55732 42 55808 74 55898 6 55988 41 56064 74 56154 6 56172 5 56244 41 56320 74 56409 8 56426 13 56500 41 56576 74 56665 31 56757 40 56832 75 56920 33 57014 38 57088 76 57176 33 57272 36 57344 77 57432 33 57528 35 57600 78 57688 33 57784 35 57856 78 57944 32 58040 38 58094 4 58112 79 58200 32 58295 28 58330 5 58349 6 58368 80 58455 32 58551 27 58585 8 58604 8 58624 80 58711 31 58807 26 58841 12 58859 10 58880 81 58968 30 59063 27 59096 31 59136 82 59224 30 59319 28 59352 32 59392 82 59481 29 59575 65 59648 83 59737 29 59832 64 59904 83 59993 29 60088 65 60160 82 60248 30 60345 64 60416 82 60503 32 60602 64 60672 82 60759 33 60859 63 60928 82 61014 38 61115 63 61184 81 61270 39 61372 9 61382 52 61440 82 61526 41 61629 6 61638 52 61696 82 61782 42 61865 6 61894 53 61952 83 62038 44 62120 10 62149 54 62208 83 62294 44 62375 12 62404 55 62464 84 62551 44 62630 14 62655 60 62720 84 62807 9 62817 13 62831 21 62886 15 62909 62 62976 84 63065 5 63073 35 63142 17 63163 64 63232 17 63251 65 63323 2 63328 37 63398 84 63488 16 63507 65 63576 6 63583 39 63654 77 63733 5 63744 14 63763 65 63831 7 63839 41 63909 78 64000 14 64019 65 64085 53 64165 78 64256 14 64274 121 64421 79 64512 13 64530 122 64676 80 64768 11 64786 96 64883 26 64932 80 65024 10 65041 93 65138 28 65188 80 65280 9 65297 93 65394 6 65401 21 65445 80
000090, 
000091, 
000092,0 209 210 12 230 249 484 251 739 252 995 5 1002 245 1248 6 1258 245 1504 5 1514 251 1767 1 1770 250 2023 1 2026 250 2279 253 2535 253 2791 254 3046 62490
000093,0 65536
000094,0 65536
000095,0 65536
000096,0 65536
000097, 
000098, 
000099,28 30 67 27 99 12 151 7 161 12 181 75 284 29 324 26 351 17 408 6 418 11 437 75 540 28 581 44 665 4 675 9 693 75 795 29 837 44 949 75 1051 13 1066 14 1094 44 1205 38 1244 36 1306 13 1323 13 1351 43 1427 7 1461 37 1504 32 1562 13 1579 13 1608 42 1682 10 1717 37 1761 31 1818 13 1837 11 1865 40 1937 12 1973 37 2018 30 2074 12 2094 10 2122 38 2192 13 2229 16 2250 16 2275 29 2329 12 2354 5 2379 37 2448 14 2485 11 2507 15 2532 28 2585 11 2636 36 2704 15 2741 10 2764 13 2788 28 2841 9 2892 37 2960 17 2998 7 3023 10 3044 28 3097 8 3148 38 3200 3 3217 17 3256 2 3284 3 3301 27 3354 5 3405 38 3455 5 3475 16 3557 27 3612 1 3661 38 3711 5 3732 16 3813 27 3916 40 3967 5 3989 15 4070 26 4172 42 4222 6 4246 15 4326 26 4427 44 4475 9 4502 15 4582 26 4683 58 4758 15 4838 26 4917 4 4939 59 5014 13 5094 26 5172 6 5194 63 5270 11 5350 26 5427 9 5449 66 5525 11 5607 25 5683 11 5704 68 5781 9 5863 25 5938 13 5961 67 6037 8 6057 4 6120 24 6194 13 6218 68 6292 9 6312 8 6326 3 6350 3 6376 24 6449 14 6477 68 6547 9 6567 19 6605 6 6644 12 6705 13 6733 57 6792 19 6823 20 6860 8 6902 10 6962 10 6991 75 7078 22 7116 9 7158 10 7219 5 7247 75 7334 22 7372 10 7415 9 7505 72 7590 22 7628 10 7671 9 7762 28 7795 38 7846 22 7885 9 7927 9 8018 27 8052 36 8102 22 8141 9 8183 9 8275 26 8310 28 8358 22 8397 8 8439 9 8532 25 8573 20 8601 6 8610 26 8653 7 8696 8 8788 26 8830 18 8856 36 8910 5 8952 8 9045 25 9087 17 9111 36 9201 3 9208 8 9301 26 9343 16 9367 31 9434 4 9455 17 9548 3 9558 25 9599 12 9622 32 9689 8 9711 12 9728 7 9803 5 9815 25 9854 10 9878 32 9944 11 9966 12 9984 8 10058 7 10071 11 10083 13 10110 10 10134 33 10191 3 10200 18 10222 12 10240 9 10314 8 10327 11 10340 12 10354 5 10366 10 10390 33 10445 6 10457 18 10479 11 10496 9 10570 8 10582 14 10598 17 10622 10 10646 33 10700 8 10714 19 10735 11 10752 9 10826 10 10837 15 10856 15 10878 10 10903 32 10946 4 10956 9 10970 20 10992 9 11008 9 11082 46 11133 11 11160 31 11202 5 11210 12 11227 20 11248 9 11264 8 11339 45 11389 12 11416 31 11457 8 11466 12 11485 18 11504 9 11520 8 11595 45 11645 12 11672 30 11713 21 11745 24 11776 7 11852 44 11900 13 11928 30 11969 22 12001 25 12032 6 12109 61 12184 30 12224 26 12257 25 12288 5 12371 57 12439 31 12480 26 12513 25 12544 4 12628 28 12662 24 12695 31 12736 27 12769 24 12800 4 12885 26 12918 25 12950 33 12992 27 13025 24 13056 4 13141 26 13174 25 13206 36 13247 28 13281 23 13312 4 13355 3 13398 25 13431 24 13461 37 13503 28 13537 23 13568 4 13611 4 13656 23 13687 14 13703 8 13717 38 13758 28 13793 22 13824 4 13867 5 13914 22 13943 12 13960 7 13972 70 14050 21 14080 4 14122 7 14171 22 14201 9 14216 8 14228 70 14307 20 14336 3 14378 8 14429 21 14459 7 14472 9 14484 70 14563 20 14592 3 14634 9 14686 20 14715 6 14728 10 14740 71 14819 19 14848 3 14890 9 14944 19 14972 4 14984 11 14996 54 15052 15 15075 19 15104 2 15145 11 15201 19 15230 1 15240 11 15254 48 15309 14 15331 19 15360 2 15401 11 15457 19 15496 11 15512 42 15565 13 15587 19 15656 13 15714 17 15752 11 15769 38 15823 10 15843 18 15912 13 15970 16 16007 12 16025 38 16099 17 16168 14 16226 15 16263 11 16282 36 16355 17 16423 15 16483 9 16518 11 16538 36 16611 17 16681 13 16742 1 16774 10 16794 34 16867 17 16916 4 16939 11 17030 9 17050 33 17123 18 17172 4 17195 11 17287 7 17306 29 17378 21 17428 4 17451 11 17543 6 17562 27 17634 22 17684 3 17705 13 17800 4 17819 25 17889 23 17923 4 17960 14 18077 22 18133 7 18145 24 18178 7 18215 15 18284 3 18333 22 18385 40 18434 8 18470 16 18540 5 18590 19 18638 43 18689 9 18704 8 18726 16 18795 7 18846 19 18893 44 18945 9 18959 11 18982 16 19051 9 19102 18 19126 4 19148 46 19200 10 19213 14 19238 19 19307 11 19359 17 19382 4 19404 46 19456 28 19494 21 19562 16 19616 16 19638 4 19660 46 19712 28 19751 20 19817 19 19873 16 19895 2 19915 47 19968 28 20007 13 20021 6 20073 19 20130 15 20171 47 20224 30 20264 9 20279 6 20326 23 20387 14 20427 47 20480 32 20520 6 20538 5 20579 27 20644 14 20683 43 20736 33 20777 8 20794 6 20834 28 20901 13 20938 43 20992 33 21033 10 21050 7 21090 29 21158 12 21194 42 21248 34 21290 11 21306 8 21345 31 21415 11 21450 33 21486 6 21504 34 21546 12 21562 8 21601 32 21672 10 21705 33 21743 5 21760 34 21801 27 21837 5 21856 35 21929 9 21962 13 21978 14 22000 3 22016 34 22053 2 22057 28 22090 9 22111 37 22186 7 22218 11 22237 7 22272 34 22307 35 22343 13 22366 39 22443 5 22474 11 22528 86 22615 47 22731 9 22784 134 22989 7 23040 135 23296 135 23552 135 23808 135 24064 120 24186 13 24320 68 24389 66 24470 3 24576 67 24646 65 24721 10 24832 66 24903 64 24975 13 25088 65 25160 63 25230 14 25344 65 25417 62 25486 14 25600 63 25673 61 25743 13 25856 62 25930 60 25999 13 26112 60 26186 59 26256 12 26368 58 26442 59 26512 12 26625 55 26698 58 26770 9 26881 55 26956 56 27030 4 27138 52 27214 54 27395 51 27471 54 27659 42 27705 2 27727 54 27917 40 27961 2 27984 53 28175 38 28217 2 28240 53 28432 37 28497 52 28689 36 28753 52 28945 36 29010 51 29202 35 29268 49 29362 4 29458 35 29525 48 29616 8 29714 35 29758 1 29781 48 29871 10 29970 35 30035 50 30126 11 30227 34 30289 50 30382 12 30485 32 30544 49 30638 12 30742 31 30800 48 30894 13 30999 29 31055 37 31095 8 31149 14 31256 28 31311 35 31352 5 31405 14 31514 25 31566 34 31610 1 31660 16 31772 22 31822 27 31916 18 32000 3 32029 7 32039 10 32078 26 32172 19 32256 5 32285 6 32299 4 32334 25 32428 20 32458 5 32480 6 32512 5 32543 2 32590 24 32683 21 32711 9 32735 7 32768 5 32846 24 32938 23 32966 11 32982 17 33024 5 33102 23 33192 24 33222 11 33237 18 33280 4 33358 23 33447 25 33477 13 33492 19 33536 3 33614 22 33702 26 33732 36 33839 3 33870 19 33958 26 33988 37 34092 8 34125 21 34151 5 34214 27 34242 40 34344 14 34381 23 34406 7 34470 69 34600 16 34637 33 34727 68 34799 3 34852 1 34856 17 34893 35 34983 68 35055 3 35106 23 35150 34 35240 67 35360 8 35371 14 35396 3 35407 34 35498 65 35615 9 35628 13 35650 6 35664 34 35754 66 35869 11 35885 12 35905 8 35923 33 36010 67 36124 12 36141 12 36161 8 36179 21 36201 12 36266 67 36378 15 36397 12 36416 10 36436 34 36522 67 36634 15 36653 12 36672 10 36692 34 36778 67 36890 14 36910 11 36928 10 36942 1 36948 34 37035 67 37146 13 37167 10 37182 19 37203 35 37291 67 37402 12 37428 5 37435 23 37459 35 37548 66 37658 9 37685 3 37689 25 37715 35 37807 63 37914 8 37945 39 37987 19 38066 60 38170 7 38200 36 38243 18 38322 60 38427 5 38455 29 38485 5 38499 15 38579 59 38683 5 38710 30 38756 13 38836 7 38845 49 38940 3 38965 31 39012 12 39094 4 39102 48 39196 3 39213 2 39220 32 39268 12 39358 48 39451 4 39467 6 39475 33 39525 10 39614 48 39706 6 39721 43 39782 7 39870 48 39943 11 39962 58 40126 48 40192 19 40217 58 40382 50 40437 6 40448 20 40473 56 40638 63 40704 20 40729 33 40764 20 40846 1 40894 65 40960 19 40985 14 41001 13 41021 18 41090 15 41150 65 41216 19 41242 11 41257 12 41277 17 41345 17 41406 85 41499 8 41513 12 41532 18 41600 18 41662 85 41756 5 41769 13 41788 17 41855 19 41918 66 41985 19 42024 16 42041 19 42110 20 42174 45 42220 20 42242 19 42274 26 42303 11 42365 21 42430 41 42478 18 42498 19 42529 26 42559 9 42619 23 42686 40 42734 18 42755 18 42785 24 42816 7 42873 25 42943 38 42991 17 43011 18 43041 23 43072 6 43124 30 43200 37 43247 17 43268 17 43297 21 43329 4 43378 32 43458 35 43503 17 43525 6 43536 4 43553 20 43586 1 43632 34 43729 19 43760 16 43781 6 43810 18 43885 36 43986 18 44016 16 44036 10 44068 15 44138 38 44242 18 44271 17 44291 12 44308 5 44325 13 44387 3 44393 39 44498 17 44525 19 44546 25 44582 10 44641 47 44754 16 44780 20 44802 26 44838 8 44895 50 45010 16 45036 20 45057 27 45096 3 45151 52 45267 12 45292 20 45313 27 45359 4 45406 54 45524 9 45548 20 45569 27 45614 5 45661 60 45782 4 45804 20 45825 27 45870 5 45915 63 46059 21 46081 26 46127 4 46170 65 46315 21 46338 25 46384 5 46425 67 46570 22 46594 24 46641 5 46658 1 46680 68 46797 3 46826 22 46850 24 46897 6 46913 3 46935 68 47052 5 47082 22 47106 23 47153 7 47170 1 47190 69 47308 5 47338 22 47362 23 47409 8 47445 70 47564 5 47594 22 47618 22 47665 9 47690 4 47700 71 47820 5 47849 23 47874 21 47922 7 47945 6 47956 71 48076 4 48104 24 48129 22 48180 3 48201 5 48212 71 48359 25 48385 22 48458 4 48468 71 48614 26 48642 21 48688 3 48710 2 48715 2 48724 72 48870 26 48899 21 48943 6 48963 12 48981 71 49126 26 49156 20 49183 2 49191 15 49215 93 49381 27 49412 20 49437 5 49446 17 49470 95 49637 27 49666 22 49693 6 49701 18 49726 95 49893 51 49950 5 49957 19 49981 97 50149 50 50206 4 50213 19 50237 98 50405 49 50469 20 50492 99 50661 47 50725 123 50918 44 50981 124 51174 44 51237 125 51431 43 51493 126 51688 43 51749 128 51945 9 51958 29 52005 130 52202 6 52215 29 52262 131 52433 2 52471 30 52518 131 52685 8 52728 29 52774 131 52940 13 52985 28 53029 132 53196 15 53248 22 53284 134 53451 18 53504 23 53540 134 53701 2 53706 20 53760 23 53796 134 53955 28 54016 23 54052 135 54210 29 54272 23 54308 138 54466 29 54528 23 54563 142 54722 29 54784 23 54819 143 54979 28 55040 23 55073 146 55235 28 55296 23 55329 147 55492 27 55554 20 55585 149 55748 28 55811 19 55841 151 56004 28 56039 2 56067 19 56097 153 56261 27 56292 7 56325 2 56331 10 56353 154 56517 28 56547 9 56587 10 56608 156 56775 41 56818 5 56844 7 56864 157 57033 47 57102 3 57120 158 57291 46 57376 161 57548 46 57632 165 57810 42 57888 168 58066 44 58144 169 58323 44 58400 169 58580 44 58656 169 58836 44 58901 4 58911 169 59091 45 59156 8 59165 171 59347 45 59411 180 59603 45 59666 96 59767 80 59859 45 59922 93 60026 77 60115 45 60178 89 60283 75 60371 45 60434 82 60539 75 60627 45 60691 79 60795 74 60883 45 60948 78 61051 73 61139 45 61205 77 61306 65 61374 5 61395 45 61461 77 61552 2 61563 64 61651 45 61717 77 61800 2 61805 6 61819 63 61907 45 61973 76 62052 16 62075 63 62163 45 62230 63 62296 8 62307 19 62332 61 62419 45 62486 62 62553 6 62561 21 62588 60 62655 2 62674 46 62742 10 62757 46 62810 4 62817 22 62845 59 62910 4 62930 46 62998 8 63019 38 63071 25 63102 59 63166 4 63185 47 63255 4 63276 36 63327 25 63360 58 63421 5 63441 47 63533 32 63583 25 63616 60 63678 4 63696 48 63790 29 63839 26 63873 59 63952 48 64047 26 64095 25 64131 3 64141 47 64208 48 64308 20 64351 19 64399 45 64465 47 64565 19 64606 19 64656 44 64721 49 64821 20 64861 19 64913 42 64977 49 65080 1 65082 15 65116 19 65169 42 65232 50 65339 14 65371 19 65425 41 65488 48
104502,0 32255 32256 255 32512 29198 61712 254 61968 253 62224 255 62481 254 62739 250 62997 247 63254 245 63509 246 63765 247 64020 248 64276 249 64531 251 64787 252 65043 253 65299 237
106940,0 65536
112782,0 54554 54555 1581 56138 756 56895 235 57135 15 57152 235 57390 15 57411 238 57651 9 57671 246 57927 11 57939 228 58169 4 58184 239 58425 6 58440 238 58679 11 58695 252 58949 3770 62720 254 62976 254 63232 254 63488 252 63744 251 64000 249 64256 248 64512 246 64768 245 65024 245 65280 238 65527 2
123643,0 22016 22017 1535 23553 255 23809 255 24065 255 24321 6142 30464 255 30720 255 30976 254 31232 254 31488 254 31744 254 32000 255 32256 3055 35312 255 35569 250 35820 2 35825 250 36076 3 36080 525 36607 253 36864 236 37104 12 37120 236 37360 11 37376 238 37616 7 37632 247 37888 248 38144 248 38400 248 38656 248 38912 248 39168 247 39424 247 39680 247 39936 247 40192 247 40448 247 40704 250 40960 250 41216 250 41472 251 41728 251 41984 251 42240 251 42493 1 42496 251 42752 251 43008 252 43264 254 43520 10213 53734 254 53994 250 54250 3 54254 245 54507 246 54764 19 54784 226 55021 18 55040 227 55277 18 55296 226 55533 18 55552 226 55789 18 55808 227 56044 18 56064 227 56298 20 56320 228 56554 20 56576 229 56810 17 56828 2 56832 230 57066 19 57088 227 57316 2 57321 8 57332 9 57344 227 57572 2 57577 7 57588 5 57595 1 57600 229 57832 6 57843 5 57856 227 58084 2 58089 2 58098 6 58112 227 58340 2 58353 7 58368 231 58608 9 58624 232 58863 11 58880 230 59119 12 59136 230 59374 14 59392 231 59630 13 59648 232 59885 14 59904 232 60141 15 60160 232 60396 16 60416 233 60651 17 60672 253 60928 253 61184 253 61440 253 61696 252 61952 251 62208 251 62464 251 62720 251 62976 251 63232 234 63468 14 63488 234 63724 15 63744 231 63976 2 63981 15 64000 251 64256 251 64512 252 64768 253 65024 254 65280 254
126000,0 65536
126135,0 71 79 40 121 200 335 40 378 184 565 12 591 39 634 183 823 10 844 41 890 182 1079 11 1099 37 1147 198 1354 36 1403 197 1609 35 1658 197 1864 35 1912 199 2120 35 2167 201 2376 35 2421 204 2632 35 2676 206 2888 35 2931 141 3074 64 3144 34 3186 142 3331 63 3400 33 3442 143 3586 63 3656 32 3697 208 3912 31 3953 148 4105 57 4168 31 4209 147 4361 63 4425 29 4465 146 4617 93 4721 144 4873 92 4978 7 4989 131 5130 90 5236 1 5247 129 5386 83 5503 129 5642 74 5717 8 5758 130 5897 83 6013 131 6152 84 6268 132 6408 83 6524 132 6664 83 6780 132 6921 81 7035 133 7178 79 7291 133 7435 78 7547 133 7682 4 7691 19 7713 55 7804 52 7860 76 7937 27 7969 39 8011 11 8060 51 8116 76 8193 26 8224 39 8268 4 8273 4 8317 50 8372 76 8450 24 8479 40 8524 4 8529 3 8574 50 8628 76 8706 24 8735 41 8780 8 8830 50 8884 101 8991 31 9023 9 9035 8 9086 50 9140 100 9247 31 9280 19 9307 2 9342 154 9504 29 9538 17 9562 3 9597 51 9649 102 9760 29 9794 17 9816 6 9853 51 9906 100 10017 28 10049 17 10072 7 10109 49 10162 8 10174 81 10260 1 10273 29 10303 18 10327 9 10366 40 10408 5 10417 9 10430 66 10499 13 10529 43 10580 14 10623 42 10673 9 10685 67 10757 14 10785 18 10807 18 10835 16 10879 42 10928 80 11014 14 11042 11 11062 17 11091 17 11134 37 11172 4 11184 80 11271 14 11299 9 11318 16 11347 19 11390 36 11428 4 11440 80 11528 13 11556 8 11573 9 11585 3 11602 21 11646 36 11683 6 11697 80 11785 12 11813 6 11829 9 11857 23 11902 44 11954 84 12042 11 12071 2 12084 10 12112 23 12158 45 12210 14 12226 70 12301 8 12340 10 12366 24 12394 5 12403 5 12415 44 12467 13 12482 71 12557 8 12596 9 12622 24 12650 6 12657 11 12669 36 12706 9 12725 11 12738 70 12814 6 12852 9 12877 24 12906 54 12962 9 12983 10 12994 70 13070 5 13109 13 13132 26 13162 66 13240 78 13328 2 13366 13 13388 26 13419 52 13472 13 13498 77 13625 10 13643 28 13675 68 13753 71 13829 4 13884 7 13899 28 13931 41 13974 8 13983 97 14085 6 14141 3 14154 29 14186 150 14341 6 14409 31 14441 40 14482 110 14597 6 14664 32 14697 39 14742 106 14853 6 14920 72 14999 10 15017 3 15021 83 15109 4 15175 73 15256 10 15279 81 15430 73 15512 13 15535 81 15685 73 15768 2 15772 3 15776 6 15791 81 15941 73 16024 2 16033 6 16046 82 16197 73 16289 6 16301 83 16454 72 16546 6 16555 85 16711 3 16715 68 16802 94 16973 67 17058 95 17229 68 17315 62 17378 33 17413 1 17486 67 17567 2 17573 59 17636 21 17658 14 17741 67 17823 3 17832 27 17860 28 17890 11 17904 9 17914 4 17920 9 17997 67 18076 2 18079 3 18089 10 18101 13 18117 38 18164 5 18170 2 18176 9 18253 66 18331 9 18351 2 18358 27 18394 17 18419 9 18432 9 18510 65 18587 9 18614 25 18651 16 18674 9 18688 9 18766 50 18819 12 18842 11 18871 24 18908 14 18930 9 18944 8 19024 48 19076 11 19096 13 19117 1 19128 23 19166 11 19186 9 19200 7 19281 46 19332 10 19349 19 19370 7 19384 25 19423 9 19441 10 19456 5 19537 46 19588 9 19604 29 19640 28 19671 3 19679 1 19697 9 19712 4 19792 47 19844 10 19859 31 19895 6 19904 25 19954 6 19968 4 20048 46 20100 10 20114 32 20150 6 20163 22 20211 3 20224 3 20304 47 20357 9 20370 31 20406 5 20420 21 20480 3 20560 30 20593 15 20619 4 20626 31 20661 6 20676 6 20685 11 20815 32 20850 15 20876 2 20881 31 20917 6 20932 21 20962 3 21069 34 21108 17 21132 2 21137 31 21172 6 21187 12 21200 9 21218 8 21324 36 21364 18 21391 32 21430 4 21443 15 21460 6 21473 10 21579 37 21619 21 21647 32 21698 15 21717 5 21729 10 21835 37 21875 59 21954 16 21974 4 21985 11 22091 38 22131 59 22210 16 22231 3 22242 10 22270 2 22348 35 22386 59 22466 17 22487 4 22498 10 22523 10 22537 9 22604 34 22642 30 22676 23 22722 17 22744 3 22754 9 22779 12 22793 11 22861 31 22898 31 22932 20 22979 18 23001 4 23012 9 23034 28 23117 28 23154 32 23187 20 23237 16 23258 4 23272 6 23290 31 23373 27 23410 32 23444 18 23470 3 23493 16 23514 5 23546 33 23630 26 23665 32 23700 17 23723 6 23749 15 23771 6 23803 33 23886 26 23920 33 23957 15 24005 15 24029 5 24064 29 24143 25 24175 33 24214 12 24261 15 24286 6 24320 30 24398 27 24430 33 24470 13 24516 17 24542 7 24576 30 24654 65 24727 13 24772 17 24799 9 24832 31 24906 69 24982 13 24999 3 25009 3 25029 17 25054 10 25088 12 25103 17 25160 46 25211 24 25238 13 25254 6 25262 8 25285 18 25309 13 25344 12 25360 17 25415 46 25468 39 25511 15 25542 17 25565 15 25600 11 25617 21 25671 46 25720 2 25725 38 25767 16 25799 17 25820 18 25856 10 25874 21 25924 55 25981 38 26023 15 26059 12 26076 19 26112 9 26131 21 26178 58 26238 33 26274 1 26280 14 26319 7 26332 19 26368 9 26387 23 26434 93 26535 14 26576 4 26588 19 26624 8 26643 24 26689 36 26729 54 26791 13 26845 18 26880 6 26899 25 26944 37 26985 53 27046 12 27083 5 27101 17 27136 4 27155 27 27198 38 27240 54 27302 10 27338 6 27357 12 27411 29 27453 41 27495 55 27557 10 27593 7 27613 10 27668 29 27708 99 27812 11 27849 7 27870 4 27924 30 27964 99 28068 10 28104 8 28180 31 28219 41 28261 5 28267 52 28322 12 28360 8 28441 27 28475 41 28518 4 28523 52 28577 11 28616 7 28697 28 28730 42 28775 68 28872 7 28954 3 28960 22 28986 42 29029 37 29071 24 29117 3 29129 6 29217 23 29242 42 29285 32 29328 22 29358 7 29371 7 29386 4 29474 22 29497 41 29540 33 29584 23 29613 9 29626 8 29732 60 29796 26 29824 5 29840 12 29857 7 29866 14 29881 9 29988 60 30052 16 30071 7 30081 5 30096 11 30116 4 30122 24 30245 61 30307 17 30331 2 30337 6 30352 11 30374 2 30377 5 30384 17 30502 79 30593 7 30608 11 30635 1 30643 13 30689 1 30759 17 30783 9 30795 25 30825 12 30849 7 30863 12 30900 11 30944 4 31015 18 31042 4 31047 30 31081 11 31107 5 31119 12 31157 1 31161 6 31200 5 31272 20 31304 30 31337 9 31351 5 31376 11 31419 10 31456 5 31524 25 31560 42 31606 4 31632 12 31676 10 31712 4 31739 5 31779 26 31817 41 31862 2 31888 12 31932 10 31969 2 31994 6 32035 26 32074 40 32118 1 32128 2 32143 14 32188 11 32250 6 32291 6 32300 17 32333 38 32384 2 32396 19 32443 17 32497 4 32506 6 32548 4 32565 7 32591 36 32651 22 32674 4 32698 19 32752 7 32760 8 32805 2 32848 34 32906 30 32949 1 32952 22 33007 17 33104 26 33131 6 33161 33 33203 27 33262 18 33360 24 33390 2 33416 38 33456 19 33476 11 33515 21 33603 2 33614 24 33671 59 33732 11 33770 22 33858 3 33868 26 33926 59 33988 10 34026 22 34114 3 34123 26 34181 73 34282 22 34355 5 34370 3 34378 27 34436 16 34457 51 34515 2 34524 4 34538 22 34609 7 34626 3 34633 27 34691 18 34715 49 34769 6 34779 6 34794 22 34853 3 34863 9 34888 28 34946 19 34974 48 35024 8 35035 9 35048 24 35108 5 35117 12 35143 29 35201 21 35231 58 35291 37 35362 8 35371 14 35397 31 35457 22 35487 60 35548 36 35617 25 35652 18 35675 9 35712 23 35744 96 35869 29 35908 17 35932 7 35944 4 35956 2 35959 2 35967 25 36000 32 36035 26 36062 34 36124 36 36161 18 36188 7 36200 4 36210 38 36256 31 36293 24 36319 33 36380 54 36444 7 36457 3 36466 39 36511 18 36535 8 36550 23 36577 31 36629 4 36636 53 36701 6 36721 41 36767 17 36793 5 36807 23 36833 31 36882 62 36957 7 36968 1 36977 41 37022 17 37065 8 37076 44 37135 64 37213 9 37223 2 37233 42 37278 16 37322 7 37332 44 37389 67 37469 12 37489 43 37533 16 37579 6 37588 44 37645 67 37726 8 37735 2 37745 43 37789 14 37835 6 37845 43 37900 69 37983 4 37994 1 38001 42 38045 12 38092 5 38101 43 38156 69 38249 3 38256 43 38301 13 38349 3 38358 7 38367 33 38413 68 38505 5 38511 43 38558 14 38614 6 38624 32 38670 67 38762 4 38767 22 38792 18 38814 15 38872 2 38881 31 38927 65 39023 22 39051 15 39070 16 39138 30 39184 3 39192 55 39268 1 39280 21 39310 11 39327 15 39394 30 39449 53 39522 4 39537 20 39567 10 39583 16 39649 31 39705 52 39778 5 39793 20 39824 8 39839 16 39904 32 39962 50 40033 7 40049 20 40081 5 40096 15 40159 33 40209 5 40218 49 40289 7 40306 18 40353 14 40414 34 40464 8 40474 47 40545 8 40563 16 40611 11 40669 35 40720 55 40801 9 40820 14 40869 8 40925 35 40976 51 41058 8 41071 4 41078 4 41128 2 41182 34 41231 12 41245 37 41315 9 41325 7 41438 34 41486 13 41507 32 41572 17 41695 33 41740 15 41765 29 41829 17 41951 33 41995 15 42021 29 42086 17 42207 33 42251 15 42277 28 42342 17 42421 3 42463 33 42508 13 42534 27 42597 18 42676 6 42720 32 42764 12 42791 8 42801 16 42853 19 42932 7 42940 3 42976 32 43021 10 43047 7 43058 14 43109 19 43188 12 43231 33 43277 10 43304 5 43314 13 43366 18 43444 12 43487 33 43531 12 43569 13 43622 19 43700 13 43742 34 43786 14 43825 11 43879 18 43956 13 43998 34 44042 17 44076 14 44135 18 44212 13 44255 6 44262 26 44291 6 44299 16 44332 13 44392 17 44468 13 44512 2 44519 25 44546 7 44556 15 44589 11 44648 17 44724 13 44775 34 44812 15 44845 10 44905 16 44979 14 45007 2 45031 34 45068 14 45102 9 45162 16 45235 15 45261 6 45288 34 45324 12 45359 7 45419 14 45491 15 45514 10 45544 47 45616 4 45676 13 45746 22 45769 11 45799 46 45932 12 46002 35 46055 6 46062 38 46190 10 46259 36 46312 4 46321 35 46446 9 46515 37 46568 4 46582 24 46607 3 46703 6 46772 36 46840 21 46960 5 47028 36 47098 18 47216 7 47284 35 47356 15 47472 9 47540 34 47614 12 47727 13 47796 13 47810 15 47872 9 47982 16 48052 12 48067 13 48128 8 48239 17 48308 11 48328 6 48384 8 48495 18 48564 11 48640 7 48752 17 48826 4 48896 7 49009 15 49152 8 49267 9 49408 8 49525 2 49664 8 49920 4 49927 1 50176 3 50313 7 50371 3 50421 5 50567 11 50580 7 50625 7 50675 8 50822 23 50851 3 50880 16 50928 12 51078 35 51136 17 51160 2 51184 13 51334 46 51387 2 51391 18 51414 5 51440 13 51591 47 51640 25 51668 7 51696 14 51847 74 51924 7 51953 13 52103 74 52179 8 52209 12 52360 73 52436 7 52466 11 52616 73 52691 8 52722 11 52873 83 52962 2 52978 11 53129 84 53215 7 53234 11 53384 94 53491 10 53639 95 53747 11 53889 100 54004 10 54143 69 54217 28 54260 12 54390 77 54480 20 54517 11 54645 77 54736 20 54773 11 54900 78 54989 23 55027 13 55156 68 55226 8 55244 17 55262 6 55283 13 55411 68 55483 6 55500 23 55539 13 55667 67 55740 5 55756 23 55794 14 55923 61 56012 22 56050 14 56180 59 56268 22 56306 14 56436 59 56524 22 56562 14 56693 59 56782 22 56818 14 56916 1 56950 58 57039 22 57073 15 57169 6 57207 59 57281 1 57296 21 57329 15 57424 8 57470 54 57534 4 57553 7 57563 9 57582 18 57679 9 57726 55 57789 5 57810 5 57820 8 57835 21 57934 11 57982 57 58044 6 58066 3 58078 5 58091 21 58189 12 58238 59 58300 7 58320 3 58335 3 58346 22 58444 19 58494 70 58568 12 58603 21 58697 23 58750 87 58860 20 58952 25 59006 86 59115 21 59207 27 59262 86 59371 21 59463 27 59518 73 59627 21 59719 27 59775 71 59882 22 59975 27 60032 68 60138 18 60231 29 60289 64 60393 18 60488 30 60545 63 60649 17 60744 31 60801 62 60905 16 61000 31 61057 60 61161 12 61254 10 61265 22 61312 60 61389 8 61398 6 61417 9 61508 35 61569 59 61644 13 61658 2 61673 8 61756 4 61762 8 61776 23 61825 58 61899 13 61915 1 61930 6 62010 17 62031 23 62082 57 62155 9 62187 4 62264 19 62287 20 62339 55 62410 10 62452 4 62520 3 62529 10 62544 16 62596 54 62667 8 62700 6 62708 4 62760 2 62787 8 62800 15 62853 52 62923 8 62956 7 62964 5 63016 1 63045 5 63057 15 63083 2 63110 51 63178 9 63210 6 63221 4 63301 4 63314 15 63337 5 63367 51 63432 10 63465 6 63478 2 63558 4 63571 14 63592 7 63623 50 63688 10 63722 4 63817 2 63828 14 63848 8 63879 50 63944 3 63950 4 64072 3 64085 13 64104 8 64135 51 64199 3 64206 2 64308 3 64328 3 64341 12 64360 8 64391 51 64454 2 64461 3 64480 3 64564 2 64597 12 64616 8 64648 50 64710 3 64737 3 64820 1 64838 1 64854 10 64873 7 64904 49 64967 2 64994 3 65015 1 65075 2 65090 1 65110 6 65118 1 65130 5 65162 48 65221 1 65250 3 65270 2 65331 2 65344 6 65429 37 65476 2 65507 2 65526 2
136374,0 30 35 19 57 162 220 4 239 48 291 15 313 162 476 5 496 47 547 14 568 163 732 5 753 46 803 14 823 164 988 5 1010 46 1059 15 1078 165 1244 5 1266 46 1317 188 1514 2 1522 47 1574 189 1769 4 1775 1 1778 48 1830 199 2030 2 2034 48 2089 196 2286 2 2290 49 2345 200 2546 50 2600 439 3040 254 3296 253 3553 252 3812 250 4068 250 4323 254 4578 2628 7207 255 7464 1 7467 250 7723 251 7979 251 8235 1488 9728 250 9984 40 10030 204 10240 40 10287 202 10496 39 10543 201 10752 39 10800 200 11008 39 11056 201 11264 39 11313 201 11520 41 11569 203 11776 47 11825 203 12032 252 12288 252 12544 252 12800 252 13056 249 13306 3 13312 249 13562 3 13568 249 13818 2 13824 249 14080 250 14336 250 14589 1 14592 251 14845 256 15102 255 15359 254 15616 253 15872 253 16128 254 16384 254 16640 255 16896 251 17149 1 17152 251 17408 239 17650 9 17664 239 17908 7 17920 239 18166 3 18176 240 18432 243 18688 245 18944 245 19200 246 19456 247 19712 248 19968 248 20224 248 20480 248 20736 249 20992 52 21046 195 21248 52 21301 196 21504 249 21760 248 22016 54 22071 188 22273 23 22298 205 22506 8 22530 22 22555 204 22763 6 22786 228 23019 6 23041 229 23275 7 23297 228 23531 7 23543 1 23553 228 23787 8 23798 2 23809 229 24042 14 24066 216 24287 8 24296 16 24321 219 24543 25 24576 221 24799 1 24804 21 24829 1 24832 249 25082 4 25088 254 25344 46 25394 12 25407 192 25600 45 25654 4 25663 192 25856 45 25916 195 26113 44 26171 196 26368 45 26427 196 26624 46 26684 195 26880 46 26940 195 27136 47 27196 195 27392 48 27453 194 27648 51 27701 2 27709 194 27904 55 27964 195 28161 55 28220 195 28416 55 28476 250 28732 251 28988 2 28991 249 29248 253 29507 251 29764 250 30019 252 30275 252 30530 254 30786 1024 31811 255 32067 255 32323 8483 40808 252 41065 250 41322 248 41578 247 41834 247 42089 249 42341 254 42597 2936 45536 3 45540 108 45650 140 45793 1 45796 108 45907 141 46050 11496 57549 251 57807 249 58065 1 58068 244 58326 242 58582 9 58597 226 58838 8 58854 226 59093 9 59109 227 59348 10 59365 227 59603 12 59621 227 59858 13 59877 227 60111 249 60363 1 60366 251 60618 87 60707 254 60963 254 61220 1187 62410 252 62667 249 62924 246 63180 246 63435 89 63528 153 63692 86 63785 151 63949 84 64041 151 64204 85 64298 151 64460 86 64554 131 64700 4 64716 86 64811 130 64956 3 64972 86 65066 133 65212 3 65227 87 65321 150 65483 53
142027,31 7 39 10 71 42 115 29 288 16 328 40 372 29 545 14 584 39 631 26 805 10 840 31 876 1 888 25 1061 9 1096 29 1146 23 1318 8 1350 31 1403 22 1575 6 1606 30 1660 20 1832 3 1862 30 1917 19 2118 29 2173 19 2374 29 2430 18 2635 23 2686 19 2894 20 2943 18 3027 1 3151 5 3161 8 3205 13 3282 4 3408 4 3418 6 3462 12 3538 4 3664 4 3676 1 3719 11 3793 5 3921 3 3975 12 4049 6 4178 1 4231 12 4305 6 4488 11 4561 7 4746 8 4818 6 4864 1 4938 1 5004 5 5074 6 5120 1 5193 2 5233 4 5330 6 5376 2 5462 1 5488 6 5587 5 5632 2 5743 7 5844 4 5985 7 5999 6 6159 2 6240 9 6255 6 6415 2 6496 9 6513 2 6751 10 7007 10 7264 9 7424 2 7520 9 7680 4 7777 11 7936 4 8024 1 8033 12 8192 4 8278 3 8290 12 8448 4 8533 4 8546 12 8704 4 8790 2 8802 13 8933 7 8960 3 9058 13 9186 10 9216 2 9315 12 9439 14 9572 11 9694 14 9829 9 9950 14 9967 2 10085 8 10205 14 10342 7 10460 15 10599 5 10716 14 10856 3 10968 6 10980 6 11003 5 11223 6 11237 5 11258 6 11477 7 11496 3 11513 7 11730 11 11753 2 11769 7 11984 14 12010 4 12025 7 12240 13 12264 8 12278 3 12282 4 12496 13 12520 17 12754 11 12776 17 13011 10 13032 17 13148 1 13267 10 13283 21 13345 2 13403 3 13513 2 13523 11 13539 21 13600 4 13659 3 13769 2 13778 12 13794 22 13855 7 13916 1 14025 1 14034 12 14050 22 14076 2 14110 10 14290 11 14307 22 14330 6 14366 15 14545 12 14563 29 14621 16 14801 13 14819 18 14838 10 14877 17 15056 14 15074 16 15095 8 15133 17 15170 4 15312 14 15329 4 15336 10 15350 9 15375 5 15389 16 15424 6 15568 14 15585 3 15593 8 15606 8 15631 6 15645 14 15680 7 15824 14 15843 1 15850 6 15886 8 15901 11 15935 9 16080 14 16099 1 16107 1 16142 8 16156 13 16190 11 16335 15 16354 2 16363 1 16397 8 16412 9 16423 3 16445 14 16591 15 16610 2 16623 1 16647 14 16667 15 16693 3 16701 18 16847 15 16866 3 16900 17 16922 17 16948 7 16957 19 17103 16 17121 5 17137 3 17155 40 17201 32 17360 15 17376 7 17395 2 17410 41 17455 35 17616 13 17630 10 17651 2 17666 41 17710 36 17871 14 17888 8 17922 41 17966 36 18006 3 18127 13 18145 8 18183 35 18223 34 18261 4 18384 5 18391 5 18402 7 18440 34 18479 9 18489 24 18517 5 18648 3 18659 6 18688 1 18697 33 18737 6 18746 23 18773 5 18904 3 18944 1 18954 33 18994 3 19002 23 19030 5 19161 2 19179 1 19210 34 19250 1 19258 5 19268 13 19286 4 19468 33 19515 4 19527 10 19543 3 19724 33 19770 3 19783 10 19798 3 19978 36 20026 2 20040 9 20054 3 20234 36 20282 2 20297 9 20309 3 20481 31 20513 13 20554 14 20736 31 20771 11 20810 14 20992 30 21028 9 21040 4 21067 13 21092 1 21249 32 21284 10 21295 6 21308 4 21323 12 21347 3 21506 23 21531 7 21542 16 21564 5 21580 11 21600 7 21762 20 21788 7 21799 15 21819 6 21836 9 21859 4 22017 12 22030 7 22045 6 22057 14 22073 9 22092 7 22115 5 22274 19 22301 6 22312 14 22329 9 22348 3 22373 3 22531 16 22557 6 22567 15 22585 10 22604 1 22630 2 22788 13 22811 8 22823 15 22839 11 23044 13 23066 8 23078 28 23114 1 23147 5 23301 12 23323 8 23338 23 23404 4 23558 9 23569 2 23573 2 23579 8 23596 20 23660 5 23826 1 23830 1 23835 8 23854 18 23916 6 24086 14 24112 15 24173 12 24344 12 24369 14 24429 13 24601 10 24627 12 24686 13 24831 1 24861 6 24884 10 24942 13 25083 1 25086 2 25148 1 25198 13 25339 5 25454 13 25595 5 25710 12 25851 1 25966 11 26107 1 26222 1 26226 6 26256 6 26363 1 26384 1 26477 3 26484 3 26512 8 26639 3 26732 4 26766 13 26894 5 26988 4 27021 7 27029 6 27150 6 27244 4 27274 8 27286 5 27352 2 27406 7 27500 4 27530 5 27543 4 27608 3 27661 9 27757 2 27786 4 27800 3 27863 6 27895 3 27917 11 28042 4 28062 3 28119 6 28148 9 28173 13 28297 5 28318 4 28375 9 28402 14 28430 12 28462 2 28465 2 28553 4 28575 3 28632 8 28657 15 28686 13 28708 3 28716 9 28809 4 28890 6 28911 17 28942 12 28964 4 28969 11 29065 4 29147 5 29166 18 29198 12 29220 15 29321 4 29404 5 29421 19 29454 12 29477 13 29577 4 29661 2 29677 19 29710 11 29734 1 29739 6 29832 5 29933 19 29965 11 29995 6 30089 3 30111 2 30189 19 30221 10 30251 6 30345 2 30367 2 30445 19 30477 9 30507 7 30701 7 30710 10 30734 7 30763 7 30942 5 30958 4 30966 10 30990 6 31020 6 31196 7 31222 10 31248 3 31276 6 31451 8 31478 10 31533 4 31703 12 31735 9 31790 3 31959 14 31992 8 32215 15 32248 8 32472 14 32505 7 32728 15 32761 7 32910 1 32983 16 33017 7 33165 4 33240 14 33274 5 33420 7 33497 12 33676 7 33753 11 33933 6 34010 8 34189 7 34266 8 34445 8 34456 2 34467 4 34522 10 34701 14 34722 6 34778 11 34957 14 34977 7 35034 12 35212 14 35233 7 35290 12 35460 20 35489 7 35545 13 35715 21 35745 7 35800 13 35960 3 35971 22 36002 6 36055 13 36216 2 36226 24 36258 6 36308 15 36472 1 36482 24 36514 6 36562 17 36738 24 36770 5 36792 2 36817 17 36994 23 37026 5 37047 5 37063 7 37074 16 37250 23 37282 4 37304 5 37318 9 37330 16 37481 4 37506 22 37560 6 37573 10 37586 15 37736 5 37763 21 37816 7 37829 10 37842 15 37991 6 38021 20 38072 8 38085 10 38098 7 38106 7 38247 6 38277 20 38318 2 38327 8 38341 20 38363 6 38504 5 38534 19 38558 5 38574 3 38583 8 38597 19 38620 5 38761 4 38790 31 38829 4 38839 7 38854 18 38877 3 39018 3 39046 31 39084 4 39095 7 39110 17 39302 32 39340 3 39351 6 39367 15 39557 34 39597 1 39608 4 39625 13 39813 34 39865 2 39883 10 39917 2 40069 34 40142 6 40169 8 40325 34 40424 10 40581 34 40674 16 40837 33 40928 18 41094 30 41183 19 41350 29 41439 19 41607 27 41638 2 41695 17 41863 27 41894 2 41952 16 42120 28 42149 3 42209 19 42376 12 42389 19 42465 20 42611 2 42631 13 42646 18 42720 22 42867 4 42887 13 42902 19 42960 4 42975 23 43123 6 43143 13 43158 19 43215 5 43226 29 43380 5 43397 37 43471 6 43480 31 43638 3 43650 39 43727 6 43735 32 43904 41 43983 26 44010 12 44155 40 44239 26 44266 11 44411 39 44495 25 44522 10 44667 39 44751 24 44778 10 44924 38 45006 25 45034 10 45184 16 45205 13 45262 27 45290 10 45441 14 45462 11 45518 37 45697 14 45719 9 45774 37 45954 13 45976 6 46030 37 46211 12 46287 35 46467 12 46544 34 46724 10 46800 26 46828 12 46980 10 47057 24 47085 12 47237 9 47315 22 47342 12 47495 6 47582 4 47590 2 47599 1 47602 8 47752 3 47847 1 47855 11 47968 9 48111 11 48223 5 48366 12 48478 5 48581 2 48615 3 48621 12 48734 4 48837 3 48871 18 48989 5 49093 3 49126 18 49246 3 49349 2 49382 14 49502 3 49604 3 49637 14 49758 3 49861 1 49893 10 49904 4 50014 2 50038 2 50149 10 50162 2 50268 4 50405 12 50418 3 50523 4 50661 16 50778 5 50911 3 50918 15 51034 5 51167 4 51175 14 51290 4 51423 4 51432 13 51546 3 51679 4 51689 12 51802 2 51935 4 51945 12 52191 3 52201 12 52448 2 52457 11 52714 10 52970 10 53227 8 53485 5 53510 5 53567 2 53743 3 53765 7 53819 10 53999 3 54017 12 54072 14 54255 3 54279 7 54326 17 54485 1 54510 5 54536 7 54570 29 54738 6 54765 6 54792 8 54825 18 54847 9 54992 9 55020 8 55044 13 55063 8 55081 16 55104 8 55248 10 55276 8 55298 15 55319 8 55337 16 55359 10 55504 10 55532 8 55552 18 55575 10 55593 16 55615 10 55759 11 55787 8 55808 18 55831 11 55849 16 55868 13 56015 12 56044 3 56064 19 56086 13 56105 16 56124 14 56271 12 56301 1 56320 20 56341 17 56360 17 56379 16 56527 12 56576 58 56635 16 56784 11 56832 58 56892 15 57043 7 57088 57 57150 13 57300 6 57344 57 57403 15 57557 4 57600 53 57657 16 57813 3 57856 69 58112 68 58368 69 58624 69 58880 69 59136 69 59334 4 59392 70 59572 7 59592 2 59648 70 59827 11 59841 1 59904 70 60083 8 60160 70 60339 6 60416 68 60594 5 60672 68 60849 3 60928 69 61071 3 61103 5 61184 71 61326 6 61358 6 61440 72 61582 6 61614 5 61696 72 61838 7 61860 1 61870 4 61952 73 62094 7 62115 4 62211 60 62273 8 62351 7 62370 6 62464 1 62467 60 62529 9 62608 5 62625 7 62720 62 62785 10 62866 1 62880 8 62976 62 63039 12 63134 10 63232 62 63295 13 63390 10 63488 61 63551 13 63645 11 63744 60 63808 13 63901 11 63918 3 64000 8 64014 45 64064 13 64156 12 64174 3 64256 7 64270 44 64320 12 64412 13 64430 3 64512 7 64526 44 64576 11 64668 13 64686 3 64768 7 64782 42 64832 10 64923 15 64942 3 65024 9 65037 42 65088 9 65179 15 65197 4 65280 10 65293 40 65343 9 65435 15 65453 4
143150,0 65536
144284,36 16 156 13 190 50 293 16 412 13 447 50 550 15 668 13 703 50 809 13 923 14 959 20 981 39 1066 11 1179 14 1216 18 1238 42 1329 4 1435 14 1473 15 1494 42 1691 13 1730 14 1751 16 1770 22 1793 4 1948 12 1987 12 2007 14 2028 26 2204 11 2243 13 2263 12 2284 27 2458 13 2499 13 2518 12 2541 26 2713 13 2755 14 2774 11 2798 26 2834 4 2927 4 2968 13 2997 1 3012 10 3024 2 3031 11 3055 25 3084 11 3182 6 3223 12 3251 5 3269 8 3280 2 3287 11 3312 16 3330 5 3339 13 3439 6 3480 11 3506 7 3526 7 3537 1 3543 11 3569 15 3595 13 3696 10 3736 11 3762 7 3783 6 3793 1 3798 12 3827 8 3850 14 3954 2 3957 7 3992 11 4019 6 4039 7 4048 2 4054 4 4060 5 4085 5 4106 14 4214 7 4248 10 4275 6 4294 8 4304 2 4309 4 4316 4 4363 13 4471 7 4504 10 4532 4 4549 9 4561 1 4565 5 4618 14 4727 7 4759 11 4804 10 4820 6 4871 2 4874 14 4983 8 5012 13 5060 10 5076 8 5126 17 5239 8 5268 13 5315 11 5332 9 5382 6 5390 7 5494 8 5524 12 5571 11 5589 9 5639 4 5648 4 5749 9 5780 12 5826 12 5846 9 5897 2 5904 6 5933 2 6004 8 6036 12 6082 13 6099 12 6153 2 6161 6 6187 6 6259 6 6292 12 6338 13 6354 13 6417 7 6443 6 6515 5 6547 14 6594 15 6610 13 6673 7 6699 7 6709 2 6771 4 6803 14 6849 30 6930 6 6954 14 7056 18 7106 29 7146 3 7186 6 7200 4 7210 15 7311 19 7362 29 7400 5 7442 6 7456 6 7466 15 7566 20 7619 28 7656 6 7698 5 7712 8 7722 15 7822 20 7876 27 7912 6 7955 3 7968 24 8078 21 8132 26 8167 7 8225 22 8254 3 8286 2 8333 22 8388 26 8424 5 8484 19 8509 5 8542 2 8589 23 8643 25 8680 5 8741 18 8765 5 8798 3 8845 23 8899 25 8937 1 8954 2 9000 15 9021 5 9053 3 9070 1 9101 23 9154 25 9208 5 9257 14 9278 3 9306 5 9326 1 9357 23 9410 25 9458 12 9493 2 9513 5 9522 5 9562 5 9613 22 9666 24 9714 13 9749 4 9768 6 9779 4 9818 4 9869 21 9922 24 9969 14 10005 5 10023 6 10083 2 10126 18 10179 22 10227 13 10262 5 10270 2 10278 7 10338 4 10384 14 10435 14 10486 10 10518 5 10525 2 10533 8 10594 4 10642 11 10691 13 10743 9 10775 8 10789 7 10850 5 10876 1 10899 10 10947 11 10999 9 11030 9 11045 5 11105 6 11131 3 11156 8 11203 9 11255 9 11285 10 11300 5 11361 6 11386 4 11413 6 11459 8 11511 9 11540 11 11556 5 11616 7 11643 3 11715 8 11768 25 11795 13 11811 6 11872 7 11971 8 12024 17 12043 22 12066 7 12127 9 12219 3 12227 8 12282 15 12299 30 12383 10 12430 1 12472 7 12484 6 12540 8 12556 30 12639 9 12727 9 12742 3 12801 1 12813 29 12895 8 12980 12 13070 28 13150 9 13234 14 13327 27 13402 13 13489 14 13583 27 13652 19 13744 15 13840 27 13907 20 13941 6 13989 4 14000 16 14099 25 14163 20 14195 9 14244 7 14254 19 14336 2 14356 25 14418 19 14447 14 14499 31 14592 2 14612 25 14673 20 14701 16 14754 31 14848 2 14869 25 14929 20 14955 18 15010 30 15104 2 15126 24 15174 30 15211 18 15265 31 15360 2 15383 24 15427 33 15467 18 15520 32 15616 1 15640 23 15681 37 15723 18 15775 33 15897 23 15936 39 15979 17 16031 32 16121 4 16154 21 16192 40 16235 17 16286 32 16376 5 16411 20 16447 41 16492 2 16495 14 16542 31 16632 5 16671 15 16703 42 16753 1 16757 7 16798 31 16888 5 16928 12 16958 44 17015 1 17054 31 17144 4 17185 12 17213 47 17310 31 17418 3 17442 11 17468 48 17551 4 17568 29 17674 3 17699 11 17725 47 17806 5 17825 27 17931 1 17955 11 17981 48 18062 5 18081 26 18211 12 18237 47 18317 6 18337 24 18423 2 18468 11 18493 7 18504 36 18548 1 18563 4 18573 6 18594 22 18677 5 18724 10 18748 8 18759 36 18818 6 18829 5 18851 20 18934 4 18981 9 19004 8 19015 35 19056 3 19073 8 19086 3 19108 19 19191 2 19200 1 19214 3 19237 8 19259 9 19271 34 19312 6 19321 2 19330 7 19343 1 19367 17 19456 1 19469 6 19494 6 19515 9 19527 33 19567 7 19577 2 19587 7 19625 16 19712 1 19725 7 19751 7 19772 6 19783 37 19823 13 19845 4 19881 16 19969 1 19981 7 20009 12 20032 1 20039 37 20079 13 20101 3 20137 16 20238 5 20264 13 20286 3 20295 43 20345 3 20392 17 20495 4 20520 13 20542 2 20551 41 20602 2 20648 17 20775 14 20798 5 20807 42 20860 1 20903 17 21031 15 21053 7 21062 45 21116 2 21159 17 21286 17 21310 54 21371 2 21378 4 21415 17 21511 2 21542 18 21566 56 21625 3 21633 6 21671 17 21798 18 21822 32 21857 28 21890 5 21927 16 22054 18 22079 30 22115 27 22147 4 22184 15 22286 3 22311 18 22336 28 22373 24 22404 1 22441 13 22541 4 22567 18 22594 25 22631 8 22642 11 22698 12 22797 4 22823 19 22851 23 22890 4 22900 9 22957 8 23053 4 23078 20 23109 21 23148 1 23156 9 23218 2 23309 3 23333 20 23365 21 23413 8 23433 4 23563 4 23588 21 23622 20 23670 7 23685 10 23818 6 23844 20 23877 21 23927 7 23940 12 24072 8 24099 20 24131 22 24184 6 24196 15 24328 8 24355 20 24383 26 24440 6 24452 15 24584 8 24611 19 24638 26 24684 2 24699 4 24709 13 24791 4 24840 7 24867 19 24893 25 24939 4 24956 2 24967 9 25046 5 25096 6 25124 17 25149 24 25194 6 25212 2 25302 6 25352 4 25380 17 25405 22 25449 6 25479 8 25557 6 25608 4 25637 16 25660 22 25703 7 25735 8 25746 4 25813 6 25864 5 25895 13 25915 22 25958 7 25990 8 26002 5 26068 7 26120 6 26155 8 26170 22 26214 7 26246 7 26258 5 26324 7 26376 7 26413 5 26425 22 26470 6 26501 6 26514 6 26579 7 26632 7 26680 22 26726 5 26757 4 26769 7 26835 7 26888 7 26935 21 26983 4 27025 8 27091 7 27144 7 27190 19 27240 3 27281 8 27347 7 27400 6 27446 19 27496 1 27538 7 27604 7 27656 5 27702 19 27795 6 27861 8 27911 6 27958 20 28051 6 28117 9 28167 5 28214 21 28309 3 28373 11 28423 5 28470 21 28629 11 28679 4 28728 18 28885 11 28934 4 28950 1 28985 17 29141 11 29190 4 29204 3 29241 16 29397 10 29446 3 29461 2 29498 14 29654 8 29717 2 29754 6 29764 1 29911 7 29929 3 30011 4 30018 2 30168 6 30183 5 30219 1 30273 4 30307 2 30425 4 30439 6 30475 1 30527 6 30694 7 30781 9 30950 6 30982 1 31037 10 31206 6 31237 3 31292 17 31462 6 31483 1 31490 6 31548 18 31717 5 31739 1 31744 8 31804 19 31972 5 31995 1 32000 9 32060 20 32227 6 32256 9 32316 20 32412 1 32483 6 32512 11 32573 20 32738 8 32768 13 32829 20 32993 9 33024 14 33086 19 33249 10 33265 1 33280 14 33344 8 33358 2 33505 10 33521 1 33536 14 33600 7 33614 3 33762 10 33777 2 33780 4 33792 14 33856 7 33870 3 34019 11 34032 9 34048 15 34112 7 34125 5 34276 21 34304 15 34369 7 34379 7 34533 20 34560 16 34626 15 34789 19 34816 17 34883 13 35045 19 35072 17 35141 7 35149 2 35301 19 35328 16 35557 18 35584 16 35814 15 35840 16 35940 1 36071 13 36096 16 36182 4 36331 8 36352 16 36436 9 36588 7 36608 15 36691 11 36844 6 36864 14 36885 9 36946 13 37100 5 37120 13 37140 11 37202 13 37358 2 37376 13 37395 12 37458 13 37632 14 37650 14 37714 13 37824 3 37888 14 37905 8 37915 3 37971 13 38079 5 38144 25 38227 13 38335 6 38400 25 38484 11 38591 7 38656 24 38741 9 38847 8 38860 2 38903 1 38912 24 38945 1 38997 8 39078 3 39104 16 39168 24 39200 3 39254 6 39335 2 39360 16 39424 27 39455 4 39511 5 39617 15 39680 35 39874 13 39936 35 40104 1 40119 2 40131 10 40192 32 40349 1 40359 4 40374 4 40390 6 40448 32 40602 6 40615 4 40630 4 40704 32 40857 8 40870 5 40888 1 40960 33 41112 10 41126 5 41216 33 41322 1 41368 18 41472 32 41570 3 41578 1 41624 17 41728 28 41826 5 41880 17 41984 27 42081 6 42128 5 42137 17 42240 25 42336 7 42383 7 42394 16 42496 24 42592 12 42641 6 42651 16 42681 1 42752 24 42846 15 42908 16 42937 1 43008 23 43101 16 43164 15 43264 23 43356 17 43421 1 43425 10 43520 22 43610 18 43682 8 43776 21 43865 19 43938 7 44032 21 44120 20 44194 7 44288 21 44376 20 44451 6 44544 19 44631 21 44706 7 44800 2 44803 2 44807 4 44813 5 44886 22 44962 7 45059 8 45071 1 45140 24 45218 6 45315 7 45395 7 45405 9 45415 8 45475 2 45572 5 45650 6 45666 4 45676 4 45841 2 45906 5 45923 2 45932 4 46097 3 46162 4 46190 2 46354 3 46446 1 46610 9 46642 6 46866 10 46897 8 47122 11 47153 8 47378 11 47409 8 47633 12 47662 10 47889 13 47917 11 48128 1 48145 13 48173 10 48355 4 48401 13 48429 9 48604 12 48658 12 48685 8 48859 14 48914 8 48923 3 48941 8 49114 16 49170 8 49179 2 49199 5 49370 9 49380 8 49399 1 49426 8 49435 2 49458 1 49626 9 49636 10 49654 3 49682 12 49882 21 49910 3 49938 16 49962 1 50138 22 50167 1 50195 16 50217 4 50394 22 50451 16 50473 5 50650 22 50707 17 50728 6 50905 22 50963 18 50984 6 51160 22 51218 19 51241 5 51415 22 51473 21 51497 5 51671 2 51678 14 51728 29 51936 14 51983 30 52193 13 52239 31 52271 2 52449 13 52495 36 52705 13 52752 35 52962 13 53008 35 53219 13 53265 34 53469 1 53475 15 53521 34 53723 4 53734 12 53777 34 53818 4 53979 5 53991 11 54033 34 54074 5 54235 5 54246 12 54287 39 54330 6 54491 5 54500 14 54543 51 54748 4 54756 14 54799 45 54847 4 55005 1 55012 15 55055 44 55104 4 55268 16 55311 44 55361 3 55524 16 55568 1 55574 38 55613 2 55618 2 55780 16 55825 4 55831 23 55858 13 55988 4 56036 16 56081 4 56087 21 56117 10 56242 6 56293 6 56300 8 56336 27 56369 14 56499 2 56549 5 56558 6 56592 27 56624 15 56779 1 56806 3 56815 5 56849 26 56878 18 57061 3 57092 1 57105 26 57133 19 57317 1 57348 2 57361 26 57389 18 57575 1 57605 2 57617 46 57831 1 57863 1 57872 46 58087 1 58119 2 58128 5 58136 37 58206 2 58343 1 58375 2 58384 4 58392 36 58462 2 58632 1 58638 5 58648 16 58665 18 58718 2 58892 8 58904 15 58921 19 59146 10 59161 12 59177 20 59402 9 59417 12 59432 22 59658 8 59673 11 59687 25 59916 6 59927 12 59943 25 60172 23 60200 24 60428 22 60457 22 60684 22 60714 21 60940 22 60971 19 61196 22 61228 17 61414 4 61452 22 61483 18 61665 1 61669 5 61709 11 61721 10 61739 19 61919 11 61969 5 61979 8 61993 21 62175 10 62236 8 62249 22 62273 3 62430 11 62493 7 62505 27 62685 9 62750 5 62760 28 62941 9 63008 2 63017 28 63197 8 63231 1 63273 28 63452 9 63485 3 63529 26 63708 9 63740 4 63785 24 63918 2 63965 9 63996 4 64041 22 64221 9 64251 5 64297 13 64311 2 64315 4 64477 8 64507 5 64553 13 64570 4 64733 8 64763 5 64810 11 64826 3 64989 7 65019 5 65066 10 65081 5 65245 7 65275 5 65311 5 65323 9 65337 6 65450 2 65502 5 65531 5
149617, 
157706,0 37 114 76 256 36 371 75 512 36 627 75 768 36 885 74 1024 36 1142 73 1280 36 1398 73 1536 36 1655 73 1792 36 1910 74 2048 36 2167 73 2304 35 2423 73 2560 35 2679 73 2816 35 2936 72 3072 36 3111 2 3192 72 3328 42 3448 72 3584 43 3704 73 3840 43 3959 74 4096 44 4215 74 4352 43 4471 74 4608 43 4727 74 4864 43 4983 74 5120 42 5240 72 5376 39 5497 70 5632 37 5753 68 5888 36 6010 63 6082 2 6144 36 6266 62 6338 2 6400 36 6523 60 6656 35 6780 59 6912 35 7036 59 7168 35 7292 59 7424 35 7548 59 7680 34 7804 59 7936 34 8051 67 8192 33 8306 68 8448 31 8554 1 8560 71 8704 29 8805 83 8960 31 9060 86 9149 1 9216 33 9315 88 9404 4 9472 34 9571 88 9728 34 9826 89 9984 34 10082 89 10240 34 10338 90 10496 35 10594 91 10752 35 10850 95 11008 34 11089 4 11100 102 11265 33 11308 3 11336 4 11343 8 11353 105 11521 33 11563 4 11591 123 11778 32 11817 6 11846 124 12033 33 12073 6 12089 3 12101 125 12288 34 12328 6 12344 7 12356 126 12544 46 12600 8 12609 128 12800 46 12856 137 13056 44 13112 137 13312 44 13362 1 13369 136 13568 46 13615 7 13625 136 13824 55 13881 137 14080 54 14136 138 14336 54 14391 139 14592 194 14848 194 15104 195 15360 195 15616 195 15872 196 16128 195 16385 194 16642 194 16900 192 17156 194 17412 195 17668 195 17924 196 18180 197 18436 197 18691 199 18947 199 19204 197 19460 197 19717 195 19974 194 20224 3 20231 194 20480 4 20488 193 20736 4 20743 194 20992 3 20998 196 21248 3 21254 196 21504 5 21510 197 21765 198 22021 199 22278 199 22534 201 22790 202 23045 104 23153 9 23165 84 23302 102 23410 96 23558 101 23666 96 23811 104 23921 97 24065 106 24176 99 24320 58 24382 46 24429 102 24576 52 24629 3 24638 149 24832 56 24895 147 25088 55 25152 146 25344 55 25408 146 25600 56 25666 144 25856 59 25920 147 26112 211 26368 211 26624 212 26880 212 27137 35 27176 172 27393 35 27432 173 27649 35 27687 175 27904 36 27943 175 28160 1 28162 35 28198 177 28416 216 28636 2 28672 222 28928 223 29184 224 29440 224 29696 224 29952 224 30208 224 30464 225 30720 226 30976 226 31232 226 31488 226 31744 226 32000 227 32256 228 32512 228 32768 229 33024 229 33280 229 33536 230 33792 230 34048 230 34304 231 34560 230 34816 229 35072 226 35328 225 35584 225 35840 225 36096 226 36352 227 36608 227 36864 228 37120 229 37376 229 37632 229 37888 229 38144 230 38400 230 38656 230 38912 230 39168 230 39424 230 39680 231 39936 231 40192 232 40448 232 40704 234 40960 236 41216 237 41472 239 41728 239 41984 240 42240 240 42496 241 42752 242 43008 242 43264 242 43520 243 43776 243 44032 243 44288 244 44544 244 44800 244 45056 245 45312 245 45568 245 45824 246 46080 246 46336 246 46592 246 46848 247 47104 248 47360 248 47616 248 47872 248 48128 249 48384 249 48640 250 48896 250 49152 250 49408 251 49664 251 49920 251 50176 252 50432 252 50688 253 50944 254 51200 254 51456 255 51712 2843 54556 2556 57113 8423
158770,0 116 256 116 520 108 705 1 781 2 784 99 959 4 1011 2 1042 97 1214 6 1266 5 1299 96 1470 7 1521 7 1557 94 1720 4 1725 9 1776 9 1816 91 1974 16 2032 9 2074 89 2229 10 2243 2 2288 9 2331 87 2491 3 2545 15 2587 86 2801 15 2841 88 3059 13 3095 90 3256 2 3319 9 3349 93 3509 5 3574 10 3605 93 3764 7 3830 10 3861 93 4019 8 4086 10 4118 92 4275 8 4342 10 4374 91 4532 7 4598 10 4631 7 4642 78 4775 7 4789 6 4815 1 4854 10 4888 4 4898 77 5028 8 5070 4 5096 8 5111 9 5154 75 5283 8 5326 4 5351 10 5367 9 5410 75 5539 7 5564 4 5583 3 5607 11 5623 9 5667 75 5795 7 5819 6 5851 2 5863 11 5878 10 5926 74 6051 7 6074 11 6106 4 6119 12 6134 10 6185 71 6308 6 6330 12 6362 4 6376 11 6390 10 6441 71 6565 4 6588 10 6632 10 6647 9 6677 4 6698 70 6821 4 6844 10 6889 9 6903 9 6932 10 6953 69 7077 4 7102 5 7142 10 7159 9 7187 14 7209 69 7332 5 7360 2 7397 5 7404 2 7415 9 7443 17 7465 68 7586 8 7654 3 7672 8 7700 18 7720 69 7842 8 7910 3 7928 7 7956 62 8019 26 8097 9 8185 3 8208 66 8276 2 8279 22 8353 9 8458 72 8532 2 8535 25 8609 9 8713 73 8791 26 8865 9 8963 1 8967 76 9047 26 9121 11 9216 80 9298 1 9303 26 9378 11 9472 80 9554 1 9559 26 9635 11 9721 1 9728 80 9810 1 9815 26 9893 10 9977 3 9984 81 10072 15 10090 6 10150 10 10174 2 10233 4 10240 82 10328 15 10347 5 10408 8 10428 4 10489 5 10496 82 10580 1 10587 10 10604 3 10685 4 10745 5 10752 82 10836 1 10843 10 10860 2 10941 4 11003 3 11008 81 11100 8 11116 2 11264 81 11357 6 11372 2 11520 79 11615 2 11727 2 11776 79 11983 3 12032 80 12239 3 12272 3 12288 81 12494 5 12526 6 12544 82 12750 7 12779 11 12800 82 12894 1 12908 3 13005 10 13032 17 13057 81 13150 2 13156 1 13164 4 13260 12 13286 21 13315 80 13406 7 13420 5 13515 13 13541 27 13573 77 13662 7 13677 5 13773 11 13797 27 13836 69 13910 1 13918 7 13933 5 14031 9 14052 28 14091 68 14166 1 14178 1 14189 5 14293 2 14309 28 14347 66 14418 1 14422 1 14446 3 14567 32 14603 66 14674 1 14701 3 14825 31 14859 63 14923 2 14929 2 14957 3 15083 30 15114 23 15141 37 15338 52 15398 24 15423 11 15594 51 15654 36 15848 51 15911 25 15937 8 15972 3 16022 7 16103 51 16167 24 16196 5 16228 4 16277 14 16357 52 16424 23 16482 6 16532 16 16612 61 16681 20 16740 5 16787 18 16868 62 16938 19 16996 6 17043 19 17124 62 17196 17 17252 7 17298 21 17379 64 17456 13 17508 7 17554 21 17635 65 17713 13 17727 2 17765 7 17811 20 17889 76 17969 17 17991 2 18022 6 18067 21 18108 12 18143 79 18225 13 18241 3 18247 2 18280 3 18324 20 18360 16 18398 82 18481 12 18498 2 18501 5 18581 19 18614 18 18654 82 18738 9 18760 4 18837 19 18869 19 18910 19 18930 62 18995 7 19017 6 19094 18 19119 25 19166 18 19186 70 19273 7 19350 17 19373 27 19422 17 19443 65 19529 9 19606 16 19628 28 19679 15 19699 66 19786 8 19862 16 19883 28 19936 15 19956 65 20043 7 20092 3 20118 15 20138 29 20194 14 20215 62 20300 6 20347 5 20374 15 20395 28 20450 16 20474 59 20538 4 20556 6 20602 7 20630 14 20651 28 20706 17 20731 59 20793 5 20814 3 20858 6 20886 14 20911 25 20962 17 20988 66 21112 8 21142 13 21170 23 21218 17 21244 66 21367 8 21399 11 21426 24 21474 17 21501 65 21622 8 21656 6 21682 25 21730 17 21758 64 21878 7 21938 25 21986 17 22013 64 22134 6 22194 25 22243 16 22267 65 22391 4 22451 24 22500 15 22523 64 22608 1 22709 22 22757 14 22778 66 22862 5 22966 21 23013 14 23034 74 23111 14 23223 20 23247 3 23269 13 23289 5 23296 62 23359 22 23480 27 23524 14 23552 61 23615 23 23737 2 23747 17 23780 14 23808 61 23872 22 24003 17 24035 15 24064 61 24129 21 24259 17 24291 16 24320 61 24386 19 24514 18 24546 17 24576 63 24643 17 24770 17 24802 17 24832 62 24902 13 25025 17 25058 20 25088 62 25160 8 25170 1 25280 18 25314 23 25340 66 25418 5 25426 1 25536 17 25570 92 25675 4 25682 4 25792 16 25826 10 25842 78 25932 2 25938 5 25952 1 26048 13 26083 9 26097 80 26181 2 26194 6 26206 5 26305 10 26339 8 26352 13 26368 65 26436 2 26450 5 26461 7 26561 9 26596 7 26608 13 26624 69 26705 6 26716 8 26817 8 26852 6 26863 14 26880 69 26960 6 26972 8 27074 6 27110 3 27119 15 27136 61 27200 4 27214 7 27228 8 27330 5 27374 77 27458 1 27470 7 27485 7 27587 3 27629 18 27648 57 27726 7 27742 6 27869 1 27884 18 27904 58 27981 8 27999 4 28123 3 28140 18 28160 58 28237 8 28266 1 28379 3 28395 18 28416 57 28494 5 28519 6 28650 20 28672 56 28750 1 28774 8 28905 14 28920 63 29029 9 29160 79 29283 11 29340 6 29412 12 29430 67 29501 6 29539 12 29595 13 29666 13 29683 9 29694 70 29794 13 29850 16 29921 25 29951 72 30050 13 30106 17 30173 28 30208 72 30305 15 30361 20 30428 28 30464 72 30561 15 30613 27 30683 29 30720 72 30817 14 30867 30 30938 30 30976 70 31066 22 31122 31 31194 30 31232 68 31320 24 31378 31 31449 31 31488 64 31576 25 31634 31 31705 31 31744 56 31831 27 31890 31 31961 24 31988 6 32000 55 32087 28 32145 32 32218 22 32244 6 32256 55 32344 28 32401 33 32474 22 32500 6 32512 56 32605 23 32651 40 32732 15 32748 15 32768 57 32862 22 32905 44 32990 91 33088 7 33118 8 33128 12 33160 45 33247 83 33333 19 33375 5 33389 6 33415 46 33504 80 33592 1 33597 11 33634 1 33646 5 33670 46 33760 69 33832 6 33854 11 33915 3 33925 46 34016 68 34111 7 34170 4 34180 46 34272 65 34367 4 34426 4 34435 47 34528 64 34682 4 34690 47 34785 61 34940 1 34946 47 34998 6 35041 60 35202 58 35297 59 35458 59 35554 58 35715 59 35811 57 35972 59 36067 58 36229 59 36323 58 36486 58 36581 32 36615 22 36743 58 36842 27 36871 23 37000 57 37098 26 37128 22 37256 58 37355 25 37384 22 37513 57 37611 24 37640 21 37769 58 37828 3 37868 22 37896 21 38025 64 38125 19 38153 20 38281 65 38383 16 38412 16 38537 65 38648 3 38670 13 38794 65 38895 3 38903 4 38927 12 39050 66 39149 6 39159 5 39183 12 39305 68 39405 6 39414 6 39423 1 39440 11 39561 68 39639 3 39660 9 39670 6 39679 1 39697 9 39816 69 39895 5 39916 16 39934 2 39954 7 39970 1 40072 68 40150 12 40173 16 40191 1 40212 4 40224 9 40328 68 40407 13 40430 15 40447 1 40479 13 40585 66 40663 13 40688 3 40692 9 40734 16 40841 66 40918 15 40949 8 40989 18 41090 2 41098 66 41173 16 41205 8 41245 19 41346 4 41356 64 41428 17 41461 7 41501 20 41602 5 41613 64 41684 16 41709 1 41717 7 41756 21 41858 5 41869 64 41940 16 41964 2 41973 8 42012 21 42114 6 42125 67 42195 17 42229 9 42267 22 42370 7 42380 88 42485 11 42521 23 42626 99 42740 9 42750 2 42776 24 42883 98 42996 9 43006 2 43031 24 43141 99 43251 13 43285 25 43398 100 43507 13 43539 27 43642 1 43656 98 43763 11 43795 26 43897 4 43913 97 44020 9 44050 27 44151 8 44163 103 44276 7 44307 25 44406 115 44532 7 44541 1 44563 25 44662 116 44783 17 44820 23 44918 118 45039 17 45076 22 45174 138 45332 21 45431 137 45588 20 45688 136 45844 19 45945 135 46099 18 46142 5 46201 135 46355 16 46377 4 46392 13 46457 135 46613 13 46631 8 46647 15 46712 136 46874 7 46887 32 46968 136 47143 35 47224 136 47399 36 47464 5 47479 137 47655 36 47716 2 47719 153 47911 37 47969 159 48167 37 48224 160 48424 36 48479 161 48681 35 48735 161 48937 35 48989 163 49185 3 49193 35 49244 123 49368 40 49440 7 49448 35 49499 124 49624 40 49696 43 49755 124 49882 38 49951 35 49987 8 50011 124 50138 38 50207 33 50244 7 50267 124 50396 18 50419 13 50463 33 50503 4 50522 125 50653 13 50676 12 50718 35 50761 2 50777 127 50909 12 50932 12 50974 36 51017 4 51032 6 51042 118 51165 11 51188 12 51230 37 51273 5 51287 6 51298 117 51421 11 51444 12 51486 8 51495 28 51528 6 51542 7 51554 117 51677 11 51700 12 51744 4 51751 28 51783 8 51798 7 51810 12 51827 100 51932 12 51955 13 52007 28 52039 8 52054 7 52066 11 52085 112 52210 14 52263 28 52295 7 52311 7 52322 1 52328 3 52342 112 52466 14 52520 27 52551 7 52568 7 52599 112 52718 18 52778 24 52809 3 52825 6 52856 113 52975 17 53035 23 53085 2 53113 113 53231 17 53292 22 53371 110 53489 15 53548 25 53629 107 53746 14 53804 26 53886 106 54003 13 54060 26 54143 105 54261 11 54316 26 54400 103 54518 10 54572 12 54585 13 54612 8 54656 103 54775 9 54828 25 54867 12 54913 102 55031 2 55036 4 55084 24 55123 14 55169 91 55262 9 55293 3 55341 22 55379 16 55425 91 55521 6 55597 20 55634 18 55681 91 55779 7 55854 19 55889 20 55938 90 56036 7 56111 17 56143 23 56194 77 56272 12 56293 8 56369 16 56397 26 56451 75 56528 12 56549 9 56627 15 56652 28 56707 73 56784 12 56807 4 56812 6 56860 2 56885 15 56907 30 56964 71 57040 12 57068 10 57114 8 57141 17 57162 31 57220 70 57295 6 57304 3 57324 10 57369 10 57397 18 57417 33 57477 68 57551 5 57581 9 57625 11 57653 53 57733 66 57807 4 57837 9 57853 3 57879 14 57909 52 57990 60 58092 10 58108 4 58133 16 58165 52 58247 58 58348 9 58362 6 58387 19 58422 50 58502 59 58603 10 58619 1 58643 19 58679 47 58758 60 58858 11 58899 18 58941 39 59014 60 59114 10 59155 18 59198 30 59229 5 59270 60 59369 11 59411 17 59454 30 59525 61 59625 9 59668 15 59712 28 59781 61 59881 6 59925 13 59969 28 60037 60 60139 1 60182 11 60225 28 60294 58 60379 3 60409 3 60439 8 60482 9 60493 16 60551 44 60602 2 60635 4 60663 8 60739 7 60750 15 60811 39 60890 6 60917 11 60997 3 61007 12 61068 38 61146 5 61170 14 61264 8 61324 38 61402 5 61425 15 61521 6 61580 38 61658 5 61681 15 61778 3 61836 38 61914 4 61937 17 62093 36 62194 16 62349 36 62452 14 62496 3 62555 4 62606 35 62709 13 62751 6 62811 4 62868 30 62965 12 63006 9 63067 4 63124 29 63221 11 63261 11 63323 4 63380 28 63478 10 63514 16 63635 29 63734 10 63766 25 63890 29 63990 10 64022 26 64145 30 64246 10 64277 28 64400 31 64502 10 64533 27 64655 32 64757 11 64789 26 64910 11 64923 20 64969 3 65013 11 65046 24 65166 12 65179 21 65224 5 65268 12 65305 18 65422 12 65437 19 65479 7 65524 12
169327,0 65536
187649,207 22 462 26 717 28 973 29 1228 31 1484 31 1740 31 1997 28 2253 26 2319 2 2509 27 2574 10 2766 26 2829 12 3022 26 3085 12 3278 26 3342 11 3535 25 3598 10 3791 24 3855 7 4046 24 4111 6 4301 23 4368 5 4556 24 4625 3 4812 24 5068 25 5324 25 5580 25 5706 3 5814 6 5836 25 5959 7 6070 8 6093 23 6214 9 6325 10 6349 4 6355 14 6470 10 6582 9 6604 6 6613 14 6726 10 6839 8 6859 7 6870 14 6889 2 6982 10 7096 7 7114 9 7126 15 7144 4 7238 10 7354 5 7368 37 7495 9 7612 1 7623 20 7644 18 7752 8 7762 1 7879 20 7902 16 8010 4 8017 4 8135 20 8159 15 8273 5 8392 19 8416 14 8530 4 8648 20 8673 5 8681 3 8786 4 8904 20 9161 14 9176 4 9418 12 9434 2 9457 1 9664 21 9918 23 10171 30 10426 18 10447 10 10682 18 10704 8 10772 1 10938 17 10961 6 11027 4 11194 16 11282 6 11451 15 11538 6 11705 17 11794 7 11959 20 12049 8 12214 22 12241 7 12305 8 12469 35 12561 8 12724 15 12743 18 12816 9 12979 14 13001 16 13072 8 13235 13 13259 14 13328 7 13492 11 13516 13 13584 6 13754 4 13769 1 13772 13 13840 4 13971 5 14026 2 14035 5 14096 3 14226 6 14352 2 14480 8 14608 1 14734 10 14987 13 15090 4 15241 15 15293 1 15345 5 15494 19 15549 2 15600 6 15748 21 15857 5 16004 21 16113 5 16259 22 16515 21 16771 20 17027 17 17282 16 17538 15 17794 14 18050 12 18308 10 18566 7 18606 5 18823 5 18861 6 19117 7 19373 8 19629 10 19668 4 19703 5 19884 11 19924 4 19959 5 20140 12 20179 6 20215 5 20396 11 20434 7 20651 12 20689 9 20906 12 20945 8 21161 11 21200 9 21417 10 21457 7 21672 10 21714 6 21928 9 22184 8 22441 6 22562 1 22579 3 22699 2 22818 2 22835 3 22937 3 23073 3 23091 4 23192 5 23329 2 23448 6 23586 1 23704 7 23960 8 24217 7 24361 4 24473 8 24616 7 24729 11 24871 9 24985 12 25064 4 25084 3 25110 1 25126 10 25152 1 25242 12 25317 11 25337 7 25365 2 25381 10 25408 1 25472 2 25498 12 25571 14 25592 8 25621 2 25636 10 25664 2 25725 7 25754 12 25825 19 25846 10 25875 4 25891 11 25920 3 25980 8 26010 12 26080 32 26130 5 26140 19 26176 3 26189 2 26236 9 26266 13 26336 32 26385 6 26395 20 26428 7 26444 3 26491 11 26523 12 26591 33 26642 29 26684 18 26747 12 26780 3 26788 3 26847 33 26897 30 26940 17 27002 15 27036 3 27103 33 27153 29 27194 18 27257 17 27292 3 27359 33 27409 30 27444 24 27512 8 27523 8 27548 4 27615 33 27664 32 27699 25 27767 9 27780 7 27804 5 27871 32 27920 60 28022 9 28036 7 28061 4 28127 33 28166 1 28175 60 28276 7 28293 7 28317 6 28384 32 28422 4 28429 62 28531 8 28548 7 28574 5 28640 32 28676 1 28678 67 28787 7 28804 7 28830 5 28897 31 28931 69 29043 7 29060 6 29152 103 29268 1 29299 7 29407 104 29524 1 29556 5 29663 104 29919 105 30175 106 30328 3 30432 104 30579 9 30688 104 30834 10 30945 102 31090 9 31201 101 31346 6 31392 3 31458 105 31604 3 31646 5 31714 105 31899 8 31970 106 32154 9 32225 108 32410 7 32482 107 32739 106 32984 4 32997 105 33239 6 33253 105 33495 6 33509 105 33751 7 33764 106 33912 1 34007 8 34019 108 34153 4 34168 1 34265 118 34407 7 34523 36 34560 79 34663 8 34779 36 34816 79 34902 6 34918 10 35035 36 35072 79 35157 8 35173 11 35292 35 35328 78 35412 9 35428 13 35548 35 35584 78 35668 9 35683 15 35805 34 35840 76 35923 10 35939 15 36061 34 36096 76 36178 11 36195 16 36316 35 36352 75 36434 10 36452 15 36570 37 36608 74 36690 8 36708 15 36825 37 36864 74 36948 5 36965 14 37081 37 37120 75 37205 4 37221 15 37337 37 37376 75 37461 4 37478 14 37593 6 37602 28 37632 76 37717 4 37734 15 37784 1 37849 4 37858 28 37888 76 37970 2 37990 16 38039 3 38106 2 38114 28 38144 76 38226 2 38231 3 38246 16 38363 1 38370 28 38400 77 38482 12 38502 16 38619 1 38625 29 38656 78 38738 12 38758 16 38880 31 38912 79 38995 11 39015 14 39135 17 39154 93 39251 11 39273 12 39393 15 39410 94 39508 9 39530 11 39650 14 39667 93 39763 10 39787 10 39864 2 39910 10 39924 92 40018 12 40031 3 40042 11 40119 3 40167 7 40182 90 40273 19 40298 10 40375 3 40427 1 40439 109 40554 9 40632 2 40695 101 40797 7 40810 8 40862 1 40951 88 41043 9 41054 6 41066 7 41210 5 41216 78 41299 8 41310 6 41322 5 41472 78 41555 7 41567 6 41578 5 41728 77 41812 5 41823 6 41835 2 41984 77 42079 6 42240 77 42335 6 42496 77 42578 4 42591 6 42752 78 42834 6 42846 7 43008 57 43067 18 43090 8 43099 10 43264 54 43324 17 43346 19 43520 48 43581 16 43602 18 43776 48 43838 15 43858 18 44032 47 44095 13 44113 19 44288 46 44352 12 44368 20 44544 46 44609 11 44623 21 44800 46 44865 35 45056 47 45107 5 45120 35 45312 58 45373 38 45568 98 45824 97 46080 96 46336 94 46592 94 46848 93 47073 1 47104 92 47328 4 47360 91 47583 5 47616 91 47840 4 47872 90 48128 90 48384 89 48640 87 48896 84 49152 84 49408 84 49664 84 49750 6 49920 93 50132 2 50176 93 50388 4 50432 93 50643 5 50688 92 50899 6 50944 90 51154 7 51200 90 51411 4 51456 90 51668 2 51712 90 51968 87 52224 87 52480 87 52736 74 52811 12 52992 87 53248 87 53504 88 53760 89 54016 90 54114 4 54272 91 54370 8 54528 92 54626 14 54784 92 54883 14 55040 92 55139 15 55296 92 55395 18 55552 93 55651 19 55808 93 55908 18 56064 93 56165 17 56320 94 56420 18 56576 94 56675 20 56832 95 56931 21 57088 96 57187 22 57344 96 57443 22 57571 4 57600 97 57699 22 57826 6 57841 1 57856 97 57956 21 58081 8 58096 4 58112 97 58212 21 58337 9 58351 6 58361 4 58368 97 58469 20 58593 10 58606 16 58624 98 58727 18 58849 12 58862 17 58880 102 58983 19 59106 29 59136 104 59241 17 59364 149 59621 140 59765 4 59878 138 60135 137 60392 136 60649 135 60806 3 60820 8 60841 4 60906 21 60928 112 61059 7 61074 11 61096 5 61162 133 61304 3 61315 7 61329 14 61351 6 61419 132 61560 3 61570 9 61584 16 61607 6 61676 18 61696 110 61815 4 61824 11 61839 17 61864 4 61932 18 61952 110 62072 2 62079 33 62122 3 62188 18 62208 110 62334 34 62379 3 62444 18 62464 111 62589 35 62700 18 62720 112 62843 7 62852 26 62881 5 62956 18 62976 113 63099 7 63109 23 63137 5 63212 15 63232 114 63355 6 63365 22 63393 6 63423 5 63468 15 63487 115 63612 4 63620 24 63648 7 63680 4 63723 136 63870 1 63875 19 63898 2 63904 7 63936 5 63979 136 64130 19 64153 13 64194 4 64234 137 64386 16 64406 16 64451 3 64490 138 64642 16 64663 17 64706 4 64744 140 64897 16 64920 18 64961 5 64999 142 65152 12 65166 6 65175 20 65214 8 65254 21 65280 117 65408 12 65423 29 65470 7 65509 21
190259,0 1 26 3 36 6 193 5 230 23 256 4 282 3 297 2 450 2 487 22 512 4 539 2 546 3 744 20 768 4 801 4 848 3 946 1 1000 20 1024 4 1057 4 1102 6 1200 4 1256 19 1280 5 1310 1 1313 4 1325 5 1357 7 1454 7 1511 20 1536 5 1566 1 1568 6 1580 7 1612 8 1710 8 1767 10 1778 8 1792 5 1808 6 1827 4 1835 10 1866 11 1942 2 1966 9 2023 8 2035 6 2048 5 2062 8 2083 3 2087 14 2121 16 2198 6 2222 11 2280 7 2292 4 2304 5 2318 9 2339 3 2343 13 2376 18 2450 10 2478 12 2537 5 2549 2 2560 5 2573 10 2590 1 2594 4 2599 12 2631 20 2655 3 2705 10 2734 12 2795 1 2816 5 2828 11 2848 6 2855 12 2887 28 2963 7 2989 12 3072 5 3083 12 3106 17 3142 30 3220 5 3244 12 3328 23 3366 2 3370 9 3398 30 3475 5 3499 13 3584 25 3622 3 3626 8 3654 31 3730 6 3742 2 3754 14 3840 25 3879 11 3909 32 3986 7 3994 7 4009 16 4096 26 4135 11 4165 32 4241 17 4263 16 4280 1 4293 1 4297 1 4353 26 4391 11 4422 32 4496 33 4610 28 4647 12 4678 32 4752 32 4866 29 4901 15 4935 31 5009 33 5121 32 5156 16 5194 28 5265 34 5353 5 5376 52 5452 27 5521 34 5607 9 5632 9 5644 40 5711 25 5776 37 5857 15 5893 2 5901 40 5966 25 6026 1 6031 38 6114 5 6122 6 6157 10 6170 27 6221 26 6282 2 6286 39 6372 2 6380 4 6411 12 6425 31 6476 26 6538 43 6637 3 6666 13 6681 32 6726 32 6793 45 6893 3 6922 48 6981 33 7048 46 7106 2 7149 3 7177 50 7236 33 7304 2 7308 43 7362 2 7405 3 7433 50 7491 34 7558 6 7566 23 7590 17 7661 3 7681 2 7688 27 7717 21 7744 37 7814 6 7823 21 7847 17 7916 4 7937 5 7943 51 8000 37 8070 30 8103 18 8127 5 8172 4 8192 18 8211 38 8255 38 8326 30 8364 2 8367 10 8383 6 8428 4 8448 17 8468 10 8479 26 8510 39 8583 30 8624 8 8640 4 8665 2 8684 5 8704 17 8724 8 8736 1 8738 23 8765 40 8840 29 8882 6 8897 2 8920 6 8940 6 8960 17 8981 7 8994 23 9023 37 9097 27 9139 4 9176 7 9198 4 9216 16 9238 6 9249 24 9280 35 9354 26 9432 9 9454 5 9472 16 9494 34 9536 33 9610 26 9653 3 9688 12 9710 5 9728 16 9750 25 9777 7 9792 32 9867 24 9897 3 9908 6 9936 6 9944 13 9959 1 9966 4 9984 16 10005 27 10033 6 10048 30 10124 24 10151 6 10164 8 10192 26 10221 5 10240 19 10260 28 10296 1 10301 33 10380 24 10406 8 10420 9 10449 32 10496 49 10548 7 10557 33 10636 33 10676 9 10706 31 10752 20 10773 28 10804 42 10892 33 10932 9 10963 30 11008 20 11029 3 11033 2 11037 66 11148 33 11189 8 11219 30 11264 20 11286 1 11293 5 11299 60 11405 31 11446 7 11475 29 11520 20 11546 8 11555 60 11654 1 11662 30 11703 4 11718 4 11730 18 11750 10 11776 21 11802 7 11811 60 11910 2 11925 7 11936 11 11974 4 11986 13 12007 8 12032 22 12059 3 12067 60 12165 3 12181 7 12194 9 12230 4 12241 13 12264 6 12288 23 12322 61 12421 2 12437 6 12451 9 12486 4 12497 12 12520 5 12544 23 12578 61 12678 1 12694 4 12709 7 12742 4 12753 11 12777 3 12800 23 12834 61 12952 1 12965 7 12999 2 13009 10 13056 23 13090 1 13093 58 13207 3 13223 5 13265 10 13312 23 13350 1 13353 54 13463 4 13480 3 13522 8 13568 18 13608 56 13736 4 13780 5 13824 17 13864 56 13993 2 14080 16 14117 59 14336 15 14370 11 14386 46 14592 14 14623 15 14642 45 14848 14 14879 15 14899 44 15021 3 15040 2 15104 14 15135 15 15155 44 15277 3 15296 2 15360 14 15391 14 15413 41 15533 2 15551 4 15616 15 15646 15 15669 42 15806 6 15872 15 15901 16 15926 38 15965 2 16062 6 16128 16 16157 16 16182 34 16217 6 16315 10 16384 17 16413 16 16439 4 16450 22 16473 5 16570 11 16640 15 16669 16 16695 4 16707 27 16828 7 16896 14 16924 13 16951 2 16964 24 17152 14 17179 14 17208 1 17223 22 17408 15 17435 13 17464 1 17480 17 17500 1 17664 14 17691 13 17719 3 17736 12 17749 2 17920 14 17948 13 17974 5 17992 11 18176 15 18205 14 18232 2 18248 7 18432 15 18461 14 18504 6 18638 5 18688 15 18718 13 18744 1 18760 6 18925 5 18944 15 18975 12 18998 3 19016 6 19156 4 19180 8 19200 15 19229 14 19254 3 19272 5 19413 3 19436 9 19456 15 19474 4 19484 15 19510 1 19528 4 19669 3 19692 9 19712 15 19730 25 19784 3 19941 16 19967 17 19985 26 20040 2 20196 18 20221 45 20452 17 20477 45 20707 18 20733 45 20963 17 20989 45 21052 3 21218 16 21244 46 21306 7 21474 13 21495 4 21500 46 21560 11 21728 13 21749 53 21814 10 21983 15 22003 55 22069 10 22239 15 22258 55 22325 8 22494 15 22513 56 22580 9 22750 15 22768 56 22837 6 23006 14 23023 56 23094 4 23261 11 23279 12 23294 42 23517 11 23534 59 23655 6 23773 10 23790 60 23910 7 24030 10 24045 62 24166 8 24287 75 24422 8 24544 27 24572 45 24636 2 24678 9 24802 15 24818 2 24830 43 24934 8 25059 7 25068 2 25086 36 25123 5 25189 8 25316 5 25343 19 25364 14 25379 4 25448 4 25571 7 25599 1 25602 3 25606 8 25621 9 25631 3 25635 4 25694 1 25697 3 25826 9 25864 5 25877 8 25888 7 25950 7 26082 10 26127 3 26135 2 26144 7 26206 7 26338 10 26382 3 26403 2 26462 7 26595 8 26637 2 26718 8 26894 3 26973 9 27150 3 27229 9 27485 9 27741 8 27998 6 28121 4 28255 4 28376 10 28631 13 28886 15 29141 17 29396 19 29652 19 29907 22 30093 3 30163 24 30348 5 30420 25 30596 2 30606 2 30676 25 30851 4 30862 2 30932 25 31107 3 31189 24 31445 23 31703 19 31965 12 32222 11 32479 10 32737 7 33203 10 33289 1 33457 14 33545 1 33714 13 33970 14 34226 14 34482 14 34739 13 34816 1 34996 12 35072 2 35253 11 35328 3 35510 9 35584 4 35769 6 35840 3 35871 2 36029 1 36096 1 36126 3 36371 2 36381 5 36628 1 36637 5 36892 6 37148 6 37403 7 37658 8 37913 9 38155 4 38169 8 38410 7 38424 3 38665 10 38921 11 39158 5 39171 4 39178 10 39414 7 39424 7 39436 7 39669 9 39680 7 39693 5 39925 9 39936 7 39950 3 40181 10 40192 7 40437 10 40448 6 40694 15 40950 14 41206 14 41461 15 41717 15 41848 1 41972 16 42052 4 42106 1 42228 16 42307 6 42484 16 42563 7 42741 16 42811 3 42818 9 42876 1 42997 16 43065 6 43073 11 43132 1 43252 17 43320 21 43388 1 43402 5 43494 3 43507 19 43575 23 43644 1 43653 12 43748 7 43762 19 43829 25 43908 14 44004 7 44017 10 44028 9 44084 27 44164 14 44254 14 44273 10 44284 9 44339 28 44420 14 44508 16 44529 10 44541 2 44544 5 44595 27 44676 13 44763 18 44786 8 44797 1 44800 5 44850 27 44932 12 45018 19 45047 4 45053 1 45056 5 45106 27 45188 12 45274 19 45303 6 45312 5 45341 3 45361 23 45445 11 45529 21 45559 6 45568 5 45595 6 45616 21 45701 12 45784 26 45814 9 45824 6 45850 8 45872 19 45957 14 46040 27 46070 9 46080 6 46106 9 46127 19 46213 15 46296 27 46326 16 46361 10 46383 18 46469 16 46546 34 46582 16 46617 10 46639 16 46725 17 46801 35 46838 16 46872 11 46895 14 46981 17 47048 4 47056 37 47094 16 47122 17 47146 17 47236 18 47303 6 47312 37 47350 15 47377 17 47400 17 47490 20 47557 8 47569 52 47632 17 47656 15 47744 21 47811 10 47826 3 47830 46 47887 17 47912 14 48000 20 48066 12 48087 45 48142 17 48166 16 48256 19 48320 14 48344 31 48376 11 48398 16 48420 19 48511 20 48571 19 48600 29 48633 10 48654 15 48672 23 48767 22 48826 19 48850 3 48855 30 48890 7 48910 14 48927 25 49024 13 49041 5 49082 19 49104 37 49146 6 49166 15 49183 25 49281 11 49297 6 49338 19 49359 40 49402 6 49422 16 49439 26 49538 9 49553 6 49594 62 49659 5 49672 49 49795 7 49808 8 49851 69 49927 51 50052 6 50064 9 50108 68 50184 51 50308 4 50319 12 50336 3 50349 8 50364 63 50428 4 50439 32 50473 18 50566 1 50575 23 50604 10 50620 63 50684 4 50695 28 50729 19 50830 24 50859 12 50876 63 50940 4 50949 29 50986 18 51086 24 51115 12 51132 68 51205 29 51243 19 51342 24 51373 11 51389 2 51392 30 51424 15 51445 6 51452 4 51460 29 51500 20 51598 8 51609 12 51630 12 51651 26 51681 12 51704 3 51710 2 51716 27 51757 20 51853 7 51867 6 51889 10 51911 22 51937 12 51967 1 51973 26 52014 19 52109 5 52124 3 52149 6 52168 20 52193 11 52223 1 52230 25 52270 20 52306 3 52366 1 52380 3 52405 7 52425 20 52448 12 52488 23 52526 20 52560 6 52661 7 52682 20 52704 11 52744 23 52782 21 52816 8 52919 5 52938 32 53001 21 53037 22 53072 11 53107 4 53136 6 53177 2 53194 10 53206 19 53257 20 53293 21 53327 14 53361 6 53391 12 53450 30 53514 3 53521 12 53549 21 53583 14 53615 9 53646 15 53706 30 53778 10 53806 20 53839 15 53866 13 53902 16 53962 28 54015 1 54034 10 54063 19 54096 14 54122 13 54157 17 54217 29 54255 1 54267 5 54291 9 54319 18 54352 14 54377 13 54412 18 54473 28 54511 1 54525 3 54548 8 54576 16 54609 13 54632 13 54667 19 54728 19 54748 9 54763 2 54782 2 54805 7 54832 14 54866 10 54887 7 54895 4 54923 18 54984 18 55005 7 55020 2 55061 8 55087 4 55093 8 55124 6 55137 13 55151 3 55165 6 55179 17 55240 17 55261 7 55276 2 55317 9 55327 3 55351 5 55381 4 55391 11 55421 6 55435 7 55443 7 55497 16 55516 8 55573 16 55638 2 55646 11 55677 5 55691 5 55703 1 55753 17 55772 8 55830 15 55895 5 55901 8 55933 4 55947 6 56010 27 56039 1 56087 15 56151 12 56190 1 56204 5 56266 32 56343 14 56407 11 56461 7 56524 30 56599 13 56663 10 56719 5 56768 4 56781 30 56856 8 56919 10 56975 6 57022 6 57037 17 57056 11 57079 1 57113 5 57175 10 57231 7 57277 7 57293 14 57313 10 57335 2 57432 9 57487 7 57532 8 57549 11 57570 10 57591 3 57688 9 57744 5 57788 8 57805 6 57827 9 57847 3 57946 7 58042 10 58062 5 58085 6 58103 1 58205 4 58297 11 58319 3 58343 4 58461 4 58553 11 58599 5 58711 4 58717 4 58809 12 58856 5 58943 5 58965 4 58973 5 59066 11 59111 6 59196 9 59219 6 59229 6 59278 3 59323 10 59365 8 59452 10 59475 9 59485 7 59536 2 59580 9 59621 7 59708 12 59721 7 59729 19 59792 3 59839 5 59876 8 59963 41 60050 1 60132 8 60219 41 60388 8 60476 10 60487 30 60645 7 60734 8 60743 30 60855 5 60901 7 60914 5 60991 6 60999 25 61026 3 61111 7 61157 7 61168 8 61248 5 61255 24 61284 1 61362 1 61367 8 61413 20 61435 1 61504 5 61512 8 61523 13 61623 8 61668 17 61686 2 61691 1 61761 4 61770 4 61779 13 61833 3 61880 8 61923 18 62017 3 62035 13 62088 3 62136 7 62179 17 62205 2 62273 2 62292 12 62344 1 62392 6 62435 17 62460 4 62548 11 62648 5 62691 17 62717 3 62804 11 62904 4 62947 16 62973 3 63060 11 63160 5 63203 15 63230 2 63315 12 63344 4 63416 5 63459 15 63487 1 63571 13 63601 3 63672 13 63715 15 63827 14 63858 2 63929 13 63971 15 64083 15 64185 13 64228 14 64339 15 64441 14 64484 14 64593 17 64694 18 64741 13 64848 18 64947 22 64998 10 65104 17 65164 3 65201 25 65254 6 65360 16 65419 5 65426 2 65456 26 65511 4
191621,0 65536
191853,0 65536
192744,0 66 73 249 329 248 585 249 841 250 1094 48377 49475 252 49731 252 49988 188 50181 58 50245 187 50439 55 50502 186 50696 53 50759 185 50954 3 50960 43 51018 182 51217 40 51276 180 51473 38 51534 178 51730 38 51791 177 51986 38 52048 176 52242 38 52303 177 52499 37 52559 177 52755 37 52815 177 53012 36 53071 177 53268 36 53326 178 53529 31 53582 178 53787 28 53839 177 54043 27 54095 177 54288 6 54295 3 54299 26 54353 175 54543 38 54610 174 54792 45 54869 171 55047 46 55125 171 55302 47 55381 171 55557 48 55637 171 55812 49 55892 172 56068 49 56147 173 56323 50 56400 176 56578 51 56655 229 56910 230 57166 209 57377 20 57421 209 57634 19 57677 211 57889 20 57932 234 58188 234 58444 235 58700 236 58956 237 59213 237 59470 237 59726 237 59982 237 60237 237 60494 235 60753 230 61009 229 61266 226 61522 225 61779 222 62035 220 62291 25 62323 183 62507 5 62547 24 62579 182 62764 5 62803 24 62835 190 63060 22 63090 142 63236 4 63243 38 63321 17 63346 142 63500 37 63578 15 63601 143 63757 37 63835 12 63852 1 63857 143 64013 37 64093 9 64111 145 64269 37 64352 5 64366 146 64526 35 64622 146 64782 35 64878 146 65039 29 65134 146 65300 24 65390 146
196973,0 65536
217771,0 65536
222553,0 65536
222596,0 137 194 197 446 201 701 201 909 3 955 203 1163 8 1210 204 1416 11 1464 219 1716 224 1972 225 2225 1 2228 227 2480 2 2484 227 2737 1 2740 225 2966 1 2996 226 3252 227 3480 1 3508 226 3736 2 3764 226 3992 2 4020 226 4248 3 4275 226 4503 5 4531 225 4759 6 4786 226 5015 8 5040 226 5271 9 5282 2 5295 227 5527 9 5538 2 5551 227 5782 10 5794 6 5805 229 6037 7 6047 1 6051 5 6060 2 6063 227 6293 7 6303 3 6308 3 6314 232 6548 14 6569 249 6824 251 7078 253 7333 261 7597 252 7854 248 8110 247 8365 247 8614 56922
227391,0 65536
232617,0 2 19 39 148 12 219 20 256 2 274 39 396 2 404 12 475 20 512 2 530 39 651 5 658 15 731 20 768 2 785 40 906 23 987 19 1024 2 1038 42 1162 24 1243 19 1280 2 1288 47 1418 25 1500 17 1536 2 1543 47 1674 25 1757 15 1792 2 1799 45 1929 26 2014 14 2048 1 2055 44 2186 25 2271 13 2311 32 2345 9 2442 25 2529 11 2567 31 2603 5 2698 25 2786 9 2823 31 2860 2 2885 4 2954 25 3044 7 3080 29 3139 12 3210 26 3305 1 3341 24 3395 14 3465 28 3598 23 3651 15 3722 28 3855 21 3907 16 3979 27 4112 9 4125 6 4162 18 4236 26 4370 5 4382 4 4411 25 4492 26 4666 27 4748 26 4922 27 5004 26 5120 1 5177 28 5261 26 5376 3 5430 30 5518 27 5632 3 5684 32 5776 25 5888 3 5938 34 6034 24 6144 3 6193 35 6291 23 6400 3 6449 39 6548 21 6656 2 6704 40 6805 20 6912 2 6961 40 7061 20 7168 1 7217 9 7229 29 7318 18 7472 10 7486 28 7576 16 7727 10 7742 29 7796 4 7835 1 7843 4 7982 12 7998 29 8051 6 8216 3 8236 14 8253 29 8306 7 8471 5 8490 16 8509 29 8560 9 8727 10 8745 49 8808 3 8813 12 8976 3 8984 11 9001 49 9063 16 9232 4 9241 11 9256 50 9319 15 9487 6 9500 9 9511 8 9521 37 9559 3 9566 1 9575 14 9743 6 9757 17 9778 41 9821 2 9830 14 10000 5 10013 17 10035 41 10078 1 10086 13 10256 5 10270 15 10291 41 10343 11 10513 4 10527 14 10547 42 10600 9 10769 5 10783 12 10804 41 10856 1 10860 5 11026 5 11039 7 11061 40 11119 6 11182 2 11283 6 11295 6 11319 39 11375 8 11430 3 11437 3 11540 6 11551 5 11575 39 11629 11 11685 12 11776 3 11796 6 11808 2 11831 39 11884 12 11940 14 12032 7 12052 6 12087 40 12140 11 12196 14 12288 12 12308 6 12343 39 12397 8 12451 15 12544 13 12563 7 12575 4 12599 38 12653 3 12710 12 12800 13 12818 8 12829 7 12856 11 12871 21 12968 10 13056 13 13072 20 13115 6 13127 20 13224 9 13312 12 13326 22 13372 4 13383 19 13414 1 13481 5 13568 38 13616 1 13640 18 13668 4 13737 4 13824 40 13870 5 13896 17 13922 6 13994 2 14080 43 14125 6 14152 17 14176 7 14336 51 14409 15 14431 8 14592 28 14621 22 14665 15 14687 6 14848 27 14878 20 14922 15 14940 9 15104 27 15134 19 15177 16 15195 9 15360 26 15391 16 15433 26 15616 27 15646 15 15688 26 15872 27 15902 14 15943 17 15961 8 16128 26 16159 13 16198 18 16217 7 16384 26 16415 12 16454 14 16469 3 16473 6 16640 26 16673 9 16710 14 16725 3 16729 5 16896 25 16931 5 16966 14 16982 6 17152 26 17222 17 17408 26 17478 17 17664 27 17733 19 17920 27 17989 20 18015 2 18176 27 18245 22 18270 4 18432 27 18464 7 18501 23 18526 5 18688 27 18719 8 18758 27 18944 27 18974 9 19014 26 19200 28 19229 10 19270 24 19456 17 19475 9 19485 10 19526 24 19713 14 19733 7 19741 9 19782 22 19969 13 19991 5 19997 8 20039 20 20226 10 20254 6 20295 19 20483 8 20511 5 20552 17 20740 4 20767 4 20808 16 21023 4 21064 14 21320 13 21576 13 21832 6 21839 8 22077 6 22086 8 22098 5 22332 17 22353 7 22586 19 22608 10 22842 18 22863 12 23098 16 23119 13 23354 16 23374 16 23612 13 23630 16 23868 14 23885 17 23932 3 24112 5 24124 15 24141 17 24187 4 24368 5 24378 41 24446 1 24624 5 24633 17 24651 25 24880 26 24907 25 24966 4 25136 4 25141 18 25162 26 25192 1 25220 8 25392 52 25476 9 25646 2 25650 45 25731 3 25736 6 25902 46 25994 6 26157 47 26252 5 26413 46 26508 6 26669 46 26764 6 26925 46 27021 6 27182 45 27277 6 27438 46 27533 7 27694 46 27788 8 27950 48 28044 8 28206 48 28300 8 28462 49 28556 8 28680 10 28718 49 28812 8 28936 12 28974 49 29040 4 29068 8 29192 15 29230 50 29295 6 29326 6 29447 21 29486 50 29550 7 29566 1 29583 4 29703 22 29742 50 29805 9 29818 6 29958 23 29998 51 30060 10 30073 8 30212 28 30252 54 30315 11 30329 8 30352 1 30467 31 30502 13 30518 64 30583 10 30723 33 30757 12 30775 69 30846 2 30979 46 31031 69 31102 1 31235 46 31289 68 31379 4 31491 46 31545 67 31634 6 31747 46 31802 64 31876 2 31890 6 32003 47 32058 65 32132 3 32146 6 32260 47 32314 44 32360 20 32389 2 32403 6 32515 50 32568 46 32617 19 32659 6 32771 98 32873 22 32916 5 33026 98 33129 22 33171 7 33280 99 33385 11 33398 11 33426 8 33536 99 33641 10 33654 11 33680 9 33792 99 33897 10 33910 10 33928 9 33938 7 34048 99 34154 8 34166 10 34184 3 34189 4 34195 6 34304 97 34411 7 34422 8 34440 1 34445 4 34452 4 34560 97 34668 5 34678 8 34701 3 34709 4 34816 98 34924 4 34934 8 34965 4 35072 97 35191 7 35221 4 35328 97 35450 6 35477 3 35584 97 35706 9 35840 98 35962 10 36096 98 36218 10 36352 97 36474 10 36608 97 36731 9 36864 97 36989 7 37120 97 37247 4 37376 99 37506 1 37632 99 37888 100 38144 100 38400 99 38656 99 38912 99 39168 99 39424 86 39511 12 39680 86 39767 11 39936 98 40192 84 40277 13 40448 83 40535 10 40704 82 40791 9 40960 80 41047 8 41216 80 41304 5 41340 2 41472 79 41564 1 41595 3 41728 79 41850 3 41984 79 42108 1 42240 80 42496 81 42752 81 43008 78 43264 78 43520 78 43600 3 43776 84 44032 85 44288 85 44544 86 44800 87 45056 78 45136 4 45312 84 45568 84 45657 4 45824 84 45913 4 46080 86 46170 3 46336 87 46592 88 46848 88 47104 88 47360 89 47616 33 47652 53 47872 27 47909 53 48128 28 48167 53 48384 28 48423 54 48640 28 48679 52 48896 29 48933 53 49152 30 49187 55 49408 32 49442 56 49664 3 49669 6 49678 26 49706 52 49759 2 49920 2 49926 4 49935 24 49963 56 50176 2 50192 22 50219 57 50432 1 50449 20 50476 56 50706 19 50732 59 50954 3 50964 16 50987 62 51209 5 51221 4 51227 8 51242 64 51465 6 51483 7 51497 5 51503 7 51511 51 51721 7 51739 7 51753 4 51761 58 51977 7 51995 6 52010 1 52018 58 52233 6 52253 3 52274 58 52490 4 52531 58 52786 34 52821 23 53042 33 53083 16 53298 32 53332 1 53339 15 53556 5 53565 17 53588 1 53596 12 53821 15 53841 3 53852 10 54077 7 54086 3 54095 4 54109 8 54320 2 54330 9 54349 6 54366 6 54577 2 54586 8 54605 6 54846 1 54861 5 55117 4 56832 9 57088 10 57104 4 57344 21 57405 8 57600 22 57660 11 57856 22 57916 11 58112 23 58154 4 58172 12 58368 23 58409 8 58428 12 58624 23 58664 9 58684 12 58880 23 58920 9 58940 12 59137 22 59176 8 59197 10 59394 15 59412 1 59433 6 59454 6 59652 5 59689 6 59712 3 59945 6 59960 2 59967 8 60200 7 60215 19 60453 12 60469 23 60708 41 60964 41 61220 41 61477 40 61734 40 61990 40 62247 27 62277 10 62503 27 62533 10 62759 26 62789 10 63017 2 63022 19 63046 8 63279 18 63303 6 63536 15 63792 10 64049 6 64305 5 64771 3 65026 5 65281 7 65449 3
238364,41231 2 41485 4 41741 5 41996 7 42252 7 42500 4 42508 7 42753 9 42763 8 43008 19 43264 19 43520 19 43776 19 44032 18 44288 17 44544 17 44800 16 45056 14 45312 14 45329 3 45568 23 45824 24 46080 25 46336 10 46349 13 46592 9 46605 14 46848 8 46862 13 47104 8 47119 12 47360 7 47376 11 47616 4 47633 10 47891 7 48150 3 48646 5 48901 7 49156 9 49169 4 49411 19 49667 20 49923 20 50179 20 50434 21 50690 22 50946 22 51203 22 51460 3 51468 13 51725 11 51983 8 52241 5 52498 3 53506 2 53760 3 54016 3 54272 3 54528 3 54784 3 55040 2 55296 2 55552 2 55808 1
243578,32509 3 32759 1 32764 4 33011 8 33020 4 33263 17 33517 19 33772 20 34027 21 34282 22 34529 31 34784 32 35035 37 35283 1 35290 38 35526 2 35539 4 35546 38 35780 5 35795 5 35801 39 36035 6 36051 45 36289 8 36307 4 36312 40 36545 21 36569 39 36800 22 36825 39 37054 25 37081 39 37304 72 37549 83 37803 85 38057 87 38310 90 38565 91 38820 92 39075 93 39330 94 39579 101 39832 104 40086 106 40341 107 40593 111 40847 113 41102 114 41356 116 41611 117 41866 118 42120 120 42374 122 42628 124 42881 127 43134 130 43389 131 43640 136 43894 138 44148 140 44401 143 44654 146 44908 148 45162 150 45418 150 45672 152 45926 154 46180 156 46432 160 46684 164 46938 166 47192 168 47445 171 47698 174 47949 179 48203 181 48454 186 48706 190 48960 192 49214 194 49469 195 49723 197 49978 198 50232 200 50485 203 50740 204 50994 206 51249 207 51504 208 51760 208 52016 208 52235 6 52243 2 52272 208 52489 14 52528 208 52743 17 52784 208 52996 21 53039 209 53251 25 53295 209 53507 26 53548 1 53551 209 53763 26 53791 2 53803 213 54018 32 54053 3 54058 214 54273 11263
246195,0 24139 24141 253 24398 251 24655 250 24911 251 25166 1525 26693 254 26949 253 27205 254 27461 1867 29332 4 29339 245 29596 244 29854 243 30110 244 30367 243 30622 245 30877 136 31018 2 31026 100 31133 135 31286 98 31389 134 31542 99 31644 134 31798 99 31900 133 32054 100 32156 132 32310 233 32566 229 32821 228 33077 225 33333 221 33588 204 33793 14 33844 204 34053 9 34099 205 34311 6 34354 206 34570 2 34609 207 34830 17 34862 210 35084 20 35116 212 35340 22 35370 214 35595 23 35624 216 35843 32 35879 217 36097 35 36133 12210 48346 252 48602 36 48640 212 48860 31 48896 211 49117 29 49152 209 49377 18 49398 2 49408 207 49641 8 49664 206 49900 4 49920 205 50176 195 50432 193 50688 192 50944 191 51200 192 51456 193 51712 195 51968 195 52224 195 52480 195 52736 195 52992 194 53248 192 53504 190 53760 188 54016 186 54272 186 54528 175 54705 8 54784 175 54962 5 55040 174 55296 174 55552 174 55808 173 56064 173 56320 172 56576 171 56832 170 57088 170 57344 170 57600 169 57856 168 58112 168 58368 169 58624 170 58880 170 59136 161 59298 7 59392 160 59555 4 59648 160 59904 163 60160 163 60416 164 60672 164 60928 88 61019 73 61184 87 61276 72 61440 86 61534 62 61696 86 61791 25 61818 33 61952 86 62049 5 62063 3 62078 28 62208 87 62336 25 62464 87 62595 20 62720 87 62852 17 62976 84 63109 14 63232 82 63366 9 63488 81 63623 6 63744 80 64000 80 64256 79 64512 79 64768 8 64777 70 65025 4 65035 68 65299 60 65364 1
246347,90 1 118 6 148 6 159 17 195 5 346 1 374 5 404 6 415 18 451 5 602 1 631 4 660 6 671 18 707 5 858 3 916 5 927 18 962 4 1114 4 1128 1 1173 3 1183 18 1219 1 1370 15 1440 16 1598 4 1625 15 1696 15 1735 6 1855 6 1881 15 1952 13 1991 8 2111 6 2137 15 2209 11 2248 9 2367 7 2392 16 2465 9 2505 10 2614 3 2623 7 2648 16 2712 3 2720 8 2761 11 2869 4 2879 7 2904 15 2966 6 2976 7 3017 11 3098 1 3123 5 3136 6 3160 15 3218 21 3273 12 3353 4 3379 3 3393 4 3416 12 3473 23 3529 15 3609 5 3634 1 3650 3 3672 11 3728 24 3768 4 3785 15 3866 3 3890 1 3908 1 3928 10 3984 23 4022 7 4042 14 4146 1 4184 10 4240 10 4251 12 4271 15 4299 12 4440 9 4495 9 4508 10 4526 16 4582 2 4696 9 4751 8 4764 9 4782 16 4837 4 4912 2 4952 8 5006 7 5020 7 5038 17 5093 4 5167 3 5208 7 5262 6 5276 5 5294 17 5349 5 5406 1 5422 5 5464 7 5518 6 5532 4 5550 17 5605 5 5661 4 5678 4 5721 5 5775 4 5787 5 5806 17 5861 5 5916 5 5976 6 6042 7 6052 2 6062 17 6117 5 6170 8 6232 5 6297 8 6308 2 6318 17 6373 4 6426 6 6435 2 6488 4 6552 12 6574 16 6684 1 6690 6 6744 3 6756 5 6807 13 6830 16 6940 1 6943 9 7012 7 7062 13 7086 15 7196 12 7268 8 7318 13 7342 15 7452 13 7525 8 7573 14 7598 15 7707 14 7782 8 7824 18 7854 15 7963 14 8037 9 8079 19 8110 14 8131 1 8219 14 8293 9 8326 5 8335 19 8366 13 8386 4 8475 13 8549 9 8581 24 8608 6 8622 7 8641 5 8666 2 8731 12 8804 10 8836 24 8864 8 8878 6 8896 7 8921 5 8986 10 9060 10 9091 25 9119 9 9134 5 9150 9 9176 7 9242 9 9316 10 9346 26 9374 11 9391 4 9406 8 9432 7 9498 8 9572 10 9601 27 9629 12 9647 9 9661 9 9687 9 9753 9 9828 10 9856 42 9904 8 9917 9 9943 9 10009 9 10085 9 10098 8 10112 42 10160 8 10173 8 10198 11 10266 7 10341 27 10369 40 10416 8 10428 9 10454 11 10522 7 10599 25 10625 40 10671 6 10682 10 10710 11 10778 6 10855 25 10881 40 10927 5 10938 10 10966 10 11035 4 11113 3 11117 59 11184 4 11193 12 11222 10 11291 3 11373 59 11441 3 11448 13 11477 9 11628 61 11696 22 11732 10 11884 61 11952 23 11988 9 12140 60 12207 24 12245 7 12396 60 12462 25 12501 6 12653 59 12717 26 12759 2 12909 60 12971 28 13166 89 13410 5 13422 89 13656 6 13665 6 13679 88 13910 17 13936 12 13949 3 13957 66 14163 20 14192 9 14209 69 14418 20 14448 8 14465 7 14475 59 14674 21 14703 9 14720 8 14731 58 14800 5 14930 21 14958 11 14976 8 14987 57 15055 7 15187 21 15214 11 15233 9 15243 56 15310 9 15443 21 15470 11 15489 65 15566 9 15699 20 15727 9 15742 67 15821 10 15955 20 15983 9 15997 67 16076 10 16211 19 16240 7 16253 67 16330 12 16468 17 16497 5 16508 68 16584 13 16724 16 16764 68 16840 13 16875 2 16881 4 16982 14 17021 68 17095 14 17130 12 17244 7 17277 68 17350 15 17385 13 17502 4 17534 67 17606 14 17639 16 17792 14 17809 47 17862 14 17895 15 18049 9 18066 45 18119 13 18151 14 18306 6 18323 7 18332 36 18376 12 18408 13 18426 6 18563 5 18580 4 18588 36 18633 4 18638 6 18665 12 18678 10 18820 2 18846 35 18896 4 18921 23 19103 19 19124 14 19177 23 19360 17 19381 13 19433 23 19616 16 19638 12 19689 23 19873 15 19897 9 19944 24 20130 12 20155 6 20199 25 20387 9 20412 4 20454 26 20645 5 20668 4 20709 27 20902 3 20965 27 21221 27 21477 30 21733 30 21989 31 22245 31 22502 31 22760 30 23020 27 23277 26 23533 14 23550 9 23790 12 23808 7 24047 10 24064 7 24305 1 24320 7 24576 7 24832 7 25045 3 25088 7 25299 6 25344 7 25555 6 25600 7 25798 7 25810 6 25856 7 26054 7 26067 5 26112 7 26309 9 26324 2 26368 7 26565 9 26624 7 26821 9 26880 8 27077 9 27136 9 27332 11 27392 11 27588 11 27648 13 27843 12 27883 5 27904 15 28100 10 28138 6 28160 16 28357 3 28394 6 28416 17 28649 8 28671 20 28905 8 28923 25 29161 8 29173 16 29191 13 29416 9 29428 17 29447 13 29672 9 29682 19 29704 12 29928 29 29961 11 30185 28 30217 11 30448 22 30475 8 30704 23 30961 23 31217 23 31473 24 31729 24 31986 6 31996 13 32230 3 32243 3 32253 12 32485 6 32512 10 32741 6 32768 12 32996 8 33024 15 33251 9 33280 16 33507 10 33536 17 33763 10 33792 17 34020 9 34048 18 34276 7 34304 18 34533 4 34560 18 34816 18 35072 19 35328 19 35584 18 35840 16 36096 15 36352 14 36608 14 36864 14 37120 14 37376 15 37632 15 37888 15 38144 15 38400 16 38656 15 38912 15 39168 15 39424 15 39680 15 39936 15 40192 15 40448 14 40704 14 40960 13 41216 13 41472 13 41728 14 41984 16 42240 16 42496 17 42752 17 43008 17 43264 17 43520 17 43776 17 44032 16 44288 15 44544 16 44800 17 45056 17 45312 18 45568 2 45579 7 45835 7 46091 7 46347 7 46603 6 46859 6 47115 5 50206 5 50452 6 50461 7 50707 18 50962 19 51218 19 51474 19 51731 18 51987 18 52248 13 52505 12 52762 11 53020 4 53026 2 54788 3 55043 6 55072 1 55298 7 55553 9 55809 11 56065 13 56320 14 56576 15 56832 15 57088 16 57344 16 57600 16 57856 16 58112 15 58368 16 58526 2 58624 16 58782 2 58880 16 59136 16 59392 16 59648 16 59904 17 60160 17 60234 6 60322 3 60416 17 60489 13 60578 4 60672 16 60744 15 60833 6 60928 16 61000 16 61087 8 61184 16 61257 15 61343 8 61440 17 61519 9 61600 7 61696 19 61777 6 61856 7 61952 22 61992 15 62034 4 62112 7 62208 24 62247 20 62368 6 62464 25 62503 21 62625 5 62720 28 62758 23 62881 5 62976 29 63014 25 63137 5 63232 31 63269 27 63392 6 63488 32 63525 28 63640 4 63647 6 63669 3 63744 66 63856 4 63895 14 63923 6 64000 66 64111 5 64149 15 64177 8 64256 24 64283 38 64366 7 64404 16 64431 10 64512 64 64622 7 64659 16 64686 11 64768 38 64812 20 64878 6 64913 17 64941 12 65024 38 65071 16 65135 4 65170 12 65196 13 65280 38 65329 12 65392 1 65427 10 65452 13 65466 3
250616,0 65536
252446, 
254228,0 44284 44286 252 44542 252 44797 254 45052 3 45056 255 45312 254 45568 254 45824 254 46080 254 46336 254 46592 254 46848 254 47104 255 47360 255 47616 17920
255130,0 65536
255132,0 173 199 25 256 172 455 24 512 171 710 24 768 169 964 25 1024 164 1219 26 1280 134 1419 25 1474 27 1536 132 1676 24 1729 27 1792 132 1932 16 1950 5 1985 27 2048 132 2188 15 2241 27 2304 132 2444 14 2498 25 2560 132 2700 14 2754 25 2816 132 2956 13 3011 24 3072 132 3212 12 3268 23 3328 131 3468 12 3520 26 3584 131 3723 15 3773 27 3840 132 3979 15 4028 23 4096 133 4234 16 4283 22 4352 154 4539 21 4608 153 4796 19 4864 152 5055 5 5110 2 5120 152 5365 5 5376 151 5605 1 5620 7 5632 150 5843 3 5859 6 5876 7 5888 149 6098 5 6115 7 6129 12 6142 150 6354 4 6371 8 6383 165 6626 178 6882 177 7138 177 7394 177 7650 177 7906 177 8163 176 8420 175 8678 172 8935 166 9191 164 9447 163 9653 4 9703 161 9900 4 9909 4 9959 161 10155 5 10215 161 10410 6 10471 161 10666 5 10719 3 10726 162 10922 5 10973 6 10981 163 11179 3 11228 173 11483 173 11738 174 11994 174 12249 175 12504 176 12759 176 13013 178 13267 179 13522 180 13778 179 14034 178 14289 178 14545 177 14801 171 14976 1 15056 170 15311 161 15473 8 15567 34 15609 116 15730 7 15823 36 15864 114 15986 6 16079 36 16120 114 16243 4 16334 37 16376 113 16500 1 16589 38 16631 114 16844 39 16887 114 17019 3 17099 40 17143 114 17271 11 17355 40 17398 115 17525 15 17610 41 17654 116 17780 18 17801 6 17866 41 17910 117 18034 30 18121 43 18166 119 18289 32 18376 202 18631 203 18886 204 19141 204 19397 202 19652 202 19907 201 20162 200 20418 199 20673 199 20929 190 21122 4 21186 189 21442 189 21699 189 21956 189 22212 189 22468 189 22724 188 22979 50 23031 135 23235 49 23288 132 23490 49 23545 130 23746 48 23802 129 24003 46 24057 129 24259 46 24312 129 24516 45 24568 128 24774 44 24823 125 25030 44 25078 124 25285 173 25540 174 25796 175 26039 1 26051 176 26293 4 26307 157 26466 17 26547 6 26563 46 26610 108 26723 16 26801 8 26818 47 26867 107 26980 15 27056 10 27071 50 27123 107 27237 14 27311 66 27380 106 27494 12 27566 67 27635 107 27751 9 27821 68 27891 108 28009 3 28075 70 28147 109 28330 70 28403 109 28586 71 28658 111 28842 183 29098 183 29354 182 29610 182 29865 182 30121 181 30369 4 30377 180 30624 6 30633 179 30879 8 30888 180 31134 9 31144 179 31390 190 31645 191 31900 193 32155 195 32410 195 32666 66 32738 123 32921 65 32994 119 33176 64 33248 116 33431 64 33503 116 33686 64 33759 116 33942 64 34014 117 34198 63 34270 117 34454 61 34526 117 34709 61 34781 119 34901 4 34965 60 35037 125 35221 59 35292 95 35389 30 35476 50 35530 6 35548 93 35646 29 35731 50 35788 4 35804 92 35903 28 35987 49 36059 92 36160 27 36242 50 36315 91 36419 7 36429 13 36498 50 36570 92 36687 10 36755 49 36826 91 36946 4 37011 48 37081 91 37267 48 37337 90 37524 47 37592 90 37780 47 37849 89 38036 47 38105 88 38276 1 38292 46 38362 87 38532 2 38548 45 38620 85 38804 45 38877 84 39052 2 39060 45 39134 84 39293 11 39306 6 39316 45 39390 84 39548 21 39572 46 39646 84 39803 22 39828 45 39903 82 40058 24 40085 43 40161 79 40312 26 40342 41 40418 71 40492 3 40565 29 40600 37 40675 69 40748 3 40820 31 40857 36 40931 69 41002 5 41075 32 41113 36 41186 78 41327 36 41369 36 41442 78 41580 40 41625 37 41697 79 41835 42 41881 37 41953 73 42027 4 42090 45 42138 37 42209 73 42346 45 42394 37 42464 74 42602 45 42650 37 42720 73 42857 46 42907 37 42976 72 43110 48 43163 37 43231 72 43364 50 43420 36 43486 72 43619 51 43676 37 43742 72 43874 53 43932 37 43997 73 44123 60 44187 38 44253 74 44377 63 44442 38 44509 74 44628 67 44697 39 44765 75 44882 67 44953 39 45021 76 45137 67 45209 38 45277 77 45393 65 45465 37 45533 77 45648 66 45721 28 45753 2 45789 77 45903 68 45977 27 46045 76 46159 69 46233 26 46302 75 46414 70 46489 24 46559 74 46669 71 46746 22 46815 74 46924 73 47002 21 47038 2 47042 3 47071 74 47179 74 47260 3 47267 12 47291 11 47327 75 47435 73 47524 10 47546 13 47583 75 47691 73 47781 9 47797 19 47839 75 47918 1 47946 74 48038 7 48051 22 48095 82 48201 75 48296 5 48302 27 48351 82 48438 5 48456 75 48556 30 48607 83 48692 11 48711 75 48796 2 48811 33 48863 97 48966 74 49051 4 49067 34 49119 178 49307 5 49322 36 49376 179 49562 6 49578 37 49633 179 49818 6 49834 37 49890 179 50074 6 50089 38 50146 180 50331 5 50345 37 50402 180 50588 3 50601 37 50659 179 50857 37 50915 179 51113 36 51172 179 51370 34 51430 177 51626 34 51690 173 51881 34 51947 173 52136 34 52203 20 52224 152 52386 40 52460 18 52480 153 52641 41 52717 16 52736 152 52896 43 52974 14 52992 152 53151 44 53231 10 53248 152 53407 45 53488 7 53504 130 53635 20 53663 46 53745 5 53760 130 53892 19 53918 48 54016 130 54151 2 54155 11 54173 50 54272 130 54413 9 54427 29 54459 20 54528 130 54670 9 54681 30 54721 13 54784 130 54927 39 54977 13 55040 129 55183 39 55233 13 55296 129 55440 37 55489 12 55552 128 55696 37 55745 12 55808 128 55953 37 56001 12 56064 89 56156 36 56209 38 56257 12 56320 88 56409 39 56466 39 56512 13 56576 84 56661 43 56721 41 56767 15 56832 127 56977 42 57022 16 57088 126 57232 43 57277 17 57344 126 57488 43 57532 19 57600 126 57743 43 57788 19 57856 127 58000 42 58044 18 58112 128 58257 40 58301 17 58368 129 58514 39 58557 17 58624 129 58771 38 58814 16 58880 102 58984 25 59027 38 59070 17 59136 79 59219 17 59241 23 59283 37 59325 19 59392 77 59476 7 59487 4 59498 22 59540 36 59581 19 59648 76 59734 4 59755 20 59796 36 59836 20 59904 75 60014 16 60052 36 60092 19 60160 75 60272 14 60308 36 60347 19 60416 74 60530 11 60564 57 60672 74 60789 8 60821 55 60928 74 61078 54 61184 74 61334 53 61440 75 61591 52 61696 75 61851 48 61952 75 62109 45 62208 76 62366 43 62464 75 62629 36 62701 5 62720 75 62886 34 62956 7 62976 74 63143 33 63212 7 63232 74 63399 34 63467 7 63488 74 63655 35 63723 8 63744 74 63911 36 63978 9 64000 73 64167 37 64234 9 64244 7 64256 73 64423 38 64490 9 64500 85 64679 38 64745 96 64936 38 64998 98 65192 38 65253 99 65448 38 65508 28
255544,0 18176 18177 255 18434 254 18690 254 18946 254 19203 253 19459 253 19716 252 19972 252 20229 251 20485 251 20741 251 20998 250 21254 250 21511 249 21767 249 22023 249 22279 249 22536 248 22792 248 23048 248 23305 247 23561 247 23817 247 24074 246 24330 246 24587 245 24843 245 25099 245 25355 245 25611 245 25868 244 26124 244 26380 244 26636 244 26892 244 27149 243 27405 243 27662 242 27918 242 28174 242 28431 241 28687 241 28944 240 29200 240 29457 239 29713 239 29969 239 30225 239 30482 238 30738 238 30994 238 31250 238 31506 238 31763 237 32019 237 32276 236 32532 236 32788 236 33044 236 33301 235 33557 235 33814 234 34070 234 34326 234 34582 234 34839 233 35095 233 35352 232 35608 232 35864 232 36121 231 36377 231 36633 231 36890 230 37146 230 37403 229 37659 229 37915 229 38172 228 38429 227 38685 227 38941 227 39198 226 39454 226 39710 226 39967 225 40223 225 40480 224 40736 224 40992 224 41248 224 41505 223 41761 223 42017 223 42274 222 42530 222 42786 222 43043 221 43299 221 43555 221 43811 221 44068 220 44324 220 44581 219 44837 219 45093 219 45349 219 45606 218 45862 218 46119 217 46375 217 46631 217 46888 216 47144 216 47401 215 47657 215 47913 215 48170 214 48426 214 48683 213 48939 213 49195 213 49452 212 49708 212 49965 211 50221 211 50477 211 50733 211 50990 210 51246 210 51503 209 51759 209 52015 209 52271 209 52528 208 52784 208 53041 207 53297 207 53553 207 53809 207 54066 206 54322 206 54579 205 54835 205 55091 205 55347 205 55604 204 55860 204 56117 203 56373 203 56629 203 56885 203 57142 202 57398 202 57655 201 57911 201 58167 201 58423 201 58680 200 58936 200 59193 199 59449 199 59705 199 59961 199 60217 199 60474 198 60730 198 60987 197 61243 197 61499 197 61755 197 62012 196 62268 196 62525 195 62781 195 63037 195 63293 195 63549 195 63806 194 64062 194 64319 193 64575 193 64831 193 65087 193 65343 193
260940,0 69 102 14 187 1 222 2 230 13 256 68 358 12 441 6 477 5 486 13 512 68 613 11 697 7 733 6 742 12 768 64 834 1 864 1 869 9 952 10 976 1 988 8 998 11 1024 62 1119 3 1126 5 1208 11 1230 5 1243 21 1280 62 1376 1 1465 10 1485 6 1499 19 1536 61 1722 10 1741 7 1755 17 1792 61 1979 13 1997 7 2010 18 2048 60 2236 13 2253 7 2265 20 2304 60 2493 4 2502 1 2510 6 2521 21 2560 59 2766 6 2777 22 2816 58 2918 1 3023 5 3034 22 3072 58 3174 1 3280 3 3290 22 3328 60 3429 2 3547 22 3584 61 3684 3 3714 4 3802 23 3840 62 3940 3 3968 7 4058 22 4096 63 4220 12 4314 22 4349 67 4468 20 4570 21 4604 68 4723 22 4825 7 4835 12 4860 68 4978 24 5096 6 5117 67 5232 26 5326 7 5354 2 5373 68 5488 26 5581 9 5631 66 5744 26 5836 12 5888 65 6001 25 6090 16 6144 64 6259 23 6346 17 6400 52 6455 9 6518 2 6524 15 6601 20 6656 51 6712 7 6780 15 6857 21 6916 47 6967 8 7031 3 7035 17 7114 20 7173 45 7223 8 7287 21 7344 4 7371 18 7429 45 7479 9 7543 21 7600 6 7629 16 7685 46 7734 9 7798 21 7855 7 7887 14 7942 56 8024 1 8031 2 8051 24 8110 9 8150 7 8198 54 8285 5 8305 25 8366 10 8406 8 8454 53 8540 9 8560 26 8620 12 8662 10 8709 5 8719 44 8795 10 8810 2 8815 27 8871 17 8918 10 8962 7 8974 26 9001 1 9006 12 9051 10 9064 35 9126 18 9175 10 9217 7 9230 1 9232 22 9263 10 9307 48 9381 19 9431 10 9477 1 9488 17 9521 7 9562 49 9636 19 9688 9 9744 13 9777 6 9818 49 9892 18 9945 7 10001 6 10009 5 10034 4 10073 49 10148 17 10201 7 10266 4 10321 3 10326 52 10403 17 10457 8 10522 4 10577 56 10658 18 10711 10 10779 3 10832 57 10914 17 10966 11 11082 2 11086 58 11170 15 11221 13 11306 1 11337 62 11426 14 11477 13 11562 1 11593 62 11684 2 11689 4 11733 15 11817 2 11849 25 11875 35 11989 15 12105 17 12131 35 12244 17 12360 18 12386 36 12499 18 12543 1 12578 2 12616 18 12641 36 12755 19 12834 3 12871 19 12896 37 13010 20 13091 2 13124 23 13151 37 13266 19 13377 67 13522 19 13604 1 13633 67 13778 19 13860 1 13889 67 14034 19 14136 1 14143 13 14157 55 14290 20 14392 1 14398 13 14420 48 14546 22 14648 1 14654 11 14678 46 14803 22 14910 10 14936 44 15002 3 15060 21 15089 1 15166 9 15192 43 15246 4 15257 5 15318 19 15343 4 15414 2 15417 2 15422 7 15446 44 15499 8 15512 7 15576 17 15599 6 15615 1 15669 7 15677 6 15699 9 15711 35 15755 9 15766 9 15833 17 15855 7 15869 3 15925 13 15954 10 15976 26 16010 21 16090 16 16111 17 16185 7 16209 10 16239 18 16266 21 16339 25 16367 17 16441 5 16464 11 16495 14 16521 22 16593 29 16624 16 16720 10 16752 13 16768 1 16777 24 16848 30 16881 15 16975 10 17008 13 17024 2 17033 24 17103 31 17140 12 17231 9 17265 17 17288 27 17358 32 17397 11 17487 7 17522 17 17543 31 17584 2 17611 34 17653 11 17712 1 17744 2 17747 2 17779 52 17839 4 17865 35 17910 10 17966 4 17998 1 18036 53 18094 6 18119 35 18166 10 18220 6 18252 6 18292 53 18350 6 18373 35 18422 10 18475 6 18507 8 18548 54 18606 6 18628 36 18678 10 18731 5 18762 9 18803 55 18862 5 18883 36 18934 10 18987 5 19017 11 19059 55 19117 5 19139 4 19144 3 19152 22 19190 9 19230 1 19273 12 19315 64 19394 10 19408 21 19446 8 19479 1 19485 6 19529 13 19571 65 19650 11 19665 19 19702 7 19734 1 19740 8 19785 13 19820 1 19827 6 19838 57 19905 34 19958 7 19988 3 19994 11 20042 12 20074 6 20083 5 20095 57 20160 35 20215 6 20243 5 20251 10 20299 11 20330 13 20352 57 20416 33 20472 5 20499 5 20507 10 20557 10 20586 10 20608 60 20670 33 20728 4 20755 4 20763 10 20813 10 20842 11 20864 94 21008 6 21019 10 21069 10 21099 10 21120 93 21247 1 21266 3 21273 14 21325 10 21355 11 21376 92 21502 2 21522 2 21528 17 21581 10 21612 10 21632 82 21718 5 21757 3 21779 22 21838 9 21869 9 21888 73 21962 3 21966 4 21974 5 22013 3 22035 11 22048 10 22096 6 22114 1 22128 5 22144 55 22202 14 22222 4 22230 5 22269 3 22292 22 22355 2 22368 5 22401 57 22463 9 22476 6 22487 4 22525 3 22548 22 22623 8 22658 13 22678 36 22720 10 22731 8 22744 3 22781 3 22804 22 22871 2 22879 8 22916 12 22934 38 22975 18 23037 3 23053 2 23061 20 23124 6 23135 8 23173 12 23190 58 23294 2 23307 6 23317 20 23378 8 23392 6 23430 12 23446 50 23551 1 23562 8 23573 20 23633 10 23649 5 23691 7 23702 44 23817 9 23829 20 23889 9 23906 4 23946 8 23959 42 24073 10 24085 19 24143 10 24162 4 24201 10 24216 40 24329 10 24343 17 24400 7 24456 12 24474 38 24583 12 24601 14 24620 4 24630 3 24712 13 24734 33 24839 12 24858 13 24875 14 24968 13 24990 33 25026 5 25094 12 25115 12 25130 12 25158 3 25223 15 25246 33 25281 12 25354 8 25371 12 25385 22 25412 7 25480 14 25502 48 25611 7 25628 12 25641 22 25667 10 25736 14 25759 48 25867 7 25884 12 25897 23 25921 14 25993 13 26014 49 26122 8 26136 1 26140 52 26250 12 26270 49 26378 8 26387 62 26507 11 26525 50 26633 72 26764 9 26781 50 26889 73 27021 7 27037 50 27145 34 27182 36 27278 6 27293 50 27401 31 27439 36 27536 1 27549 52 27657 31 27695 36 27804 54 27914 30 27950 37 28060 54 28171 29 28204 39 28316 55 28427 30 28459 40 28572 55 28683 72 28828 56 28939 52 28993 19 29077 2 29085 55 29194 52 29250 19 29332 4 29342 53 29447 55 29507 19 29589 3 29598 52 29700 58 29764 18 29846 1 29854 51 29955 59 30020 3 30027 11 30110 46 30211 59 30275 2 30284 1 30287 7 30366 42 30469 64 30538 3 30543 7 30587 2 30622 42 30726 62 30794 12 30815 5 30841 6 30850 3 30879 40 30982 62 31049 13 31070 7 31096 8 31106 3 31135 40 31239 64 31305 13 31325 10 31350 15 31386 45 31495 78 31579 12 31605 15 31641 46 31752 77 31834 13 31861 14 31879 1 31897 45 32009 76 32090 13 32116 16 32134 3 32152 46 32266 33 32301 38 32345 13 32372 16 32389 5 32408 46 32524 70 32601 12 32627 27 32663 47 32781 68 32858 10 32872 3 32883 29 32918 14 32934 32 33040 66 33127 7 33138 31 33173 14 33193 29 33299 63 33383 43 33428 15 33450 28 33557 61 33638 62 33707 26 33814 60 33894 63 33964 24 34070 28 34099 30 34150 65 34221 23 34326 27 34357 27 34406 67 34477 22 34503 7 34582 26 34616 23 34662 67 34733 34 34838 24 34873 22 34919 67 34989 34 35093 23 35131 19 35176 66 35244 36 35349 21 35388 16 35433 65 35500 38 35604 21 35646 6 35655 4 35689 65 35756 40 35860 19 35891 2 35904 2 35911 4 35944 66 36011 42 36115 17 36146 3 36168 3 36200 110 36371 6 36379 8 36401 4 36424 3 36455 111 36627 6 36634 9 36656 6 36679 4 36706 2 36709 96 36807 15 36882 16 36912 9 36935 4 36962 81 37046 14 37064 14 37138 15 37168 9 37192 1 37217 81 37303 13 37321 4 37328 6 37363 8 37394 15 37424 8 37463 2 37471 82 37560 11 37584 6 37617 12 37650 15 37680 7 37718 4 37726 82 37817 9 37841 4 37872 14 37907 6 37914 7 37936 7 37973 5 37981 83 38074 8 38128 15 38160 2 38171 6 38195 2 38229 91 38331 6 38383 16 38416 3 38428 4 38486 89 38588 4 38633 23 38671 4 38685 3 38741 90 38845 2 38889 23 38927 6 38941 3 38970 1 38996 90 39144 24 39183 7 39197 4 39250 93 39400 24 39439 8 39453 4 39504 84 39591 8 39655 25 39696 8 39709 4 39760 83 39847 9 39911 25 39952 17 40015 84 40103 9 40167 25 40208 17 40271 84 40358 11 40423 25 40465 4 40471 9 40527 68 40597 13 40614 12 40678 26 40721 14 40783 68 40853 13 40870 12 40934 26 40976 15 41040 68 41109 10 41126 12 41190 25 41231 15 41296 78 41380 14 41446 24 41484 16 41552 102 41702 24 41738 18 41808 102 41958 23 41993 21 42064 102 42214 23 42249 21 42320 102 42471 21 42505 21 42576 76 42653 20 42727 20 42762 19 42832 74 42911 17 42984 18 43019 18 43088 73 43168 14 43240 17 43275 18 43344 73 43425 3 43432 4 43496 17 43531 18 43600 76 43752 17 43787 18 43855 78 44008 16 44043 17 44111 79 44264 16 44296 20 44366 80 44521 14 44551 20 44622 80 44777 14 44806 21 44877 81 45033 14 45060 24 45133 80 45290 13 45314 26 45388 65 45456 13 45546 13 45568 27 45644 64 45712 12 45801 14 45824 26 45900 64 45968 11 46057 14 46080 26 46156 64 46225 10 46312 16 46336 25 46368 3 46412 63 46481 10 46568 17 46592 25 46623 3 46668 63 46736 10 46755 5 46824 18 46848 25 46878 3 46924 62 46991 11 47010 7 47079 20 47104 26 47132 1 47168 3 47180 61 47246 13 47266 8 47335 20 47360 26 47387 3 47422 6 47436 58 47502 12 47522 7 47590 22 47616 25 47644 3 47677 8 47692 58 47759 11 47780 5 47846 22 47872 25 47900 3 47932 9 47948 59 48016 9 48038 1 48092 2 48101 23 48128 24 48154 1 48187 11 48204 60 48273 7 48316 4 48347 4 48357 23 48384 24 48409 3 48419 3 48443 12 48460 60 48571 6 48602 5 48613 22 48640 29 48675 4 48700 12 48714 61 48816 2 48826 7 48855 8 48868 22 48896 29 48931 5 48956 63 49021 9 49071 5 49082 7 49110 9 49124 22 49152 30 49187 5 49212 64 49277 7 49325 7 49338 7 49365 11 49380 22 49408 30 49443 5 49468 64 49533 6 49578 11 49593 8 49621 12 49636 23 49664 30 49699 5 49725 55 49783 5 49789 6 49831 14 49849 7 49877 38 49920 29 49955 4 49982 54 50040 4 50045 5 50086 15 50104 8 50133 37 50176 30 50212 3 50239 53 50296 4 50341 15 50360 7 50390 36 50432 29 50469 2 50495 52 50552 3 50597 15 50617 4 50646 34 50688 29 50726 1 50750 53 50808 3 50854 13 50901 33 50944 28 51006 53 51064 2 51110 13 51156 33 51200 26 51262 52 51318 4 51367 11 51411 35 51456 26 51496 1 51518 52 51573 4 51594 3 51624 9 51663 39 51712 26 51752 2 51774 52 51829 4 51844 10 51881 8 51918 40 51968 27 52007 3 52030 51 52086 2 52099 11 52138 7 52173 41 52224 27 52263 2 52286 50 52354 13 52396 4 52429 29 52461 7 52480 27 52518 3 52527 2 52541 50 52610 14 52685 29 52736 26 52782 4 52796 50 52866 15 52940 30 52992 26 53038 4 53051 50 53122 16 53196 30 53248 26 53294 5 53306 50 53369 5 53376 18 53452 31 53504 26 53550 5 53562 49 53623 28 53678 5 53708 32 53760 26 53807 4 53818 1 53825 43 53878 30 53932 11 53964 32 54016 26 54064 1 54084 46 54133 31 54188 15 54220 32 54272 25 54338 83 54444 16 54476 33 54528 25 54594 83 54692 2 54700 16 54733 18 54757 8 54785 24 54849 84 54947 4 54955 18 54980 2 54990 15 55013 7 55029 7 55045 20 55105 83 55202 6 55210 19 55234 5 55248 13 55270 6 55284 8 55296 4 55304 15 55360 14 55375 68 55458 26 55489 7 55505 12 55540 8 55552 5 55561 13 55616 13 55631 67 55713 27 55745 7 55763 10 55795 8 55808 5 55817 15 55834 4 55843 2 55875 2 55879 5 55887 65 55968 28 56000 9 56020 8 56051 7 56064 5 56073 29 56116 1 56136 2 56143 65 56224 27 56256 9 56276 7 56306 8 56320 5 56327 32 56372 1 56399 64 56479 28 56512 10 56533 5 56551 1 56557 13 56576 3 56582 33 56653 65 56735 27 56768 10 56805 5 56812 15 56838 33 56914 60 56991 26 57025 9 57061 22 57092 35 57171 59 57247 25 57282 6 57316 24 57345 38 57427 59 57503 22 57572 25 57600 40 57684 1 57687 55 57760 19 57828 26 57856 39 57940 1 57945 52 58016 17 58044 4 58084 27 58112 39 58196 1 58202 50 58273 15 58298 7 58340 35 58377 19 58400 6 58459 47 58530 14 58553 8 58596 34 58633 18 58657 5 58718 43 58789 15 58808 9 58853 33 58891 16 58915 2 58974 44 59047 15 59064 9 59109 32 59148 16 59230 44 59304 25 59365 32 59404 17 59437 2 59486 44 59560 15 59576 8 59621 31 59660 18 59692 3 59742 32 59775 11 59816 14 59832 8 59877 31 59909 25 59948 3 59999 43 60072 13 60089 6 60133 30 60164 26 60191 6 60203 3 60255 43 60328 12 60346 4 60389 63 60511 43 60584 11 60645 62 60768 4 60773 36 60840 10 60901 36 60939 24 61030 22 61053 11 61097 7 61156 36 61196 23 61226 1 61286 17 61311 9 61412 33 61453 7 61462 13 61482 2 61542 17 61569 5 61667 33 61710 4 61720 10 61738 3 61798 17 61922 33 61977 9 61993 7 62053 18 62178 32 62235 6 62248 11 62309 16 62434 31 62490 26 62564 19 62689 31 62746 26 62819 20 62944 32 63003 4 63009 18 63074 21 63200 32 63260 1 63265 18 63330 22 63456 32 63521 15 63574 1 63585 26 63711 33 63777 13 63828 4 63840 28 63966 34 64003 6 64033 13 64060 3 64083 6 64095 29 64222 34 64258 9 64289 13 64315 4 64337 43 64478 34 64514 11 64545 15 64572 3 64592 22 64620 16 64734 34 64770 13 64801 19 64828 3 64848 21 64878 14 64990 34 65026 14 65057 20 65086 1 65104 12 65117 7 65134 14 65246 34 65281 15 65313 20 65360 12 65375 5 65389 15 65503 33
263633,7539 4 7795 4 8051 4 8308 3 8826 5 9077 11 9332 13 9588 13 9843 15 10099 15 10355 15 10611 15 10868 6 16533 2 16789 2 17074 2 17077 5 17330 9 17586 10 17845 6 18093 2 18104 2 18348 4 18604 4 18623 3 18860 4 18878 4 19116 4 19134 4 19374 2 19392 2 21932 4 21938 2 22186 12 22442 13 22697 15 22954 13 23211 12 23469 9 23727 6 29787 4 30043 4 30300 5 30556 5 30812 7 31068 8 31324 9 31580 10 31711 2 31836 11 31965 6 32092 1 32095 8 32220 9 32348 1 32354 4 32476 9 32612 1 32622 3 32732 10 32856 3 32875 7 32989 10 33130 9 33245 10 33386 9 33502 9 33642 9 33759 8 33898 7 34016 6 34155 5 34273 3 34412 2 34664 1 34920 2 35175 3 35430 5 35686 6 35942 7 36198 7 36454 8 36711 6 36970 2 37579 4 37834 5 38091 5 38103 1 38347 5 38357 4 38604 3 38612 6 38860 3 38868 6 39115 3 39123 8 39373 2 39378 9 39629 15 39885 15 40141 16 40397 16 40653 16 40909 16 41166 7 41174 7 41423 4 41432 4 45307 3 45562 5 45818 3 46075 1 46662 1 46916 4 47172 5 47429 4 47686 3 49139 3 49394 6 49649 7 49902 11 50157 13 50413 6 50420 6 50670 5 50677 5 50927 3 50935 3 51183 3 51439 2 52316 2 52572 2 55045 4 55300 6 55556 7 55812 8 56068 8 56084 3 56193 5 56324 8 56339 5 56446 10 56581 8 56594 7 56701 11 56837 8 56850 9 56957 11 57093 8 57105 11 57213 11 57349 8 57361 14 57469 10 57605 9 57615 18 57725 9 57854 2 57861 28 57982 7 58110 2 58117 28 58240 2 58366 2 58373 28 58603 4 58630 25 58859 6 58886 24 59115 7 59142 23 59371 7 59398 22 59627 7 59655 20 59883 7 59911 19 60140 6 60167 6 60179 6 60397 5 60423 4 60437 2 60679 3 60935 3 61191 2 62597 4 62694 4 62849 8 62950 5 63104 9 63206 5 63358 10 63463 4 63615 9 63721 1 63873 6 64131 4 64267 3 64522 5 64777 6 65033 6 65289 5 65532 2
268600,0 65536
269087,0 45568 45570 254 45826 254 46082 254 46338 254 46594 254 46849 255 47105 2559 49665 255 49921 255 50178 254 50434 254 50690 254 50947 253 51204 252 51461 251 51717 251 51974 250 52230 1 52232 248 52486 1 52489 247 52746 246 53003 245 53259 245 53515 245 53770 246 54026 246 54280 248 54534 250 54787 253 55042 254 55298 254 55554 254 55810 254 56066 254 56322 254 56578 254 56834 254 57090 254 57346 254 57602 254 57859 253 58115 253 58370 254 58626 254 58881 255 59137 6399
270495,0 12 254 13 509 14 579 4 717 2 766 13 834 7 973 3 1024 10 1089 9 1229 3 1280 10 1344 13 1364 3 1484 5 1535 10 1594 3 1599 15 1618 5 1657 3 1699 1 1740 6 1790 11 1820 4 1849 8 1868 2 1871 8 1913 5 1954 4 1996 7 2045 12 2074 7 2104 8 2128 7 2169 5 2176 3 2210 6 2221 3 2226 3 2252 8 2299 14 2328 9 2360 7 2385 4 2424 11 2466 7 2475 10 2509 8 2555 14 2584 8 2616 7 2679 14 2723 18 2748 8 2766 7 2811 13 2840 8 2864 1 2873 4 2936 13 2987 8 3003 11 3021 7 3067 12 3096 7 3193 12 3243 6 3259 13 3277 6 3323 8 3353 5 3449 12 3499 5 3515 14 3532 6 3580 6 3705 9 3754 6 3771 23 3837 5 3961 5 4010 7 4027 21 4094 4 4216 5 4266 8 4282 21 4334 2 4351 3 4381 3 4472 3 4522 8 4537 22 4589 4 4607 3 4629 13 4728 3 4778 8 4792 23 4845 4 4863 6 4884 15 5035 8 5048 22 5102 3 5111 4 5120 6 5136 20 5275 3 5291 8 5304 13 5320 6 5366 6 5376 7 5389 23 5529 6 5548 6 5561 12 5578 2 5621 7 5632 7 5645 23 5785 7 5804 6 5818 11 5876 8 5888 7 5901 22 6040 11 6061 5 6075 10 6131 9 6144 7 6157 22 6232 1 6296 4 6303 5 6317 6 6332 9 6387 9 6404 3 6414 20 6485 6 6560 4 6573 8 6591 6 6643 8 6661 2 6671 18 6739 8 6816 4 6828 12 6849 3 6899 8 6918 1 6928 16 6995 8 7073 3 7084 13 7157 3 7174 1 7184 15 7251 7 7339 15 7429 3 7440 15 7508 2 7574 2 7593 17 7685 3 7696 15 7830 3 7848 18 7883 3 7941 3 7953 14 8087 1 8104 18 8137 8 8209 14 8360 18 8392 10 8465 13 8616 18 8648 11 8722 12 8872 18 8904 12 8953 2 8979 10 9128 18 9160 12 9207 4 9235 10 9384 18 9416 12 9463 5 9491 8 9641 17 9672 12 9719 5 9742 1 9746 7 9897 17 9929 10 9975 6 9997 9 10153 17 10187 7 10231 6 10253 7 10334 1 10408 19 10445 3 10488 8 10508 7 10588 3 10664 19 10745 7 10763 7 10806 4 10843 4 10920 19 11003 5 11019 6 11063 3 11099 5 11176 10 11259 5 11273 8 11320 1 11334 1 11356 4 11433 8 11516 4 11528 10 11613 2 11689 7 11775 1 11778 17 11946 5 12033 18 12289 19 12546 18 12803 16 13059 16 13316 6 13323 7 13376 1 13573 4 13581 4 13631 3 13830 1 13838 2 13887 3 13963 3 14084 13 14142 4 14206 7 14222 1 14338 15 14397 4 14460 10 14478 1 14592 17 14715 11 14848 17 14970 12 15104 17 15127 1 15226 11 15360 18 15383 2 15482 11 15616 19 15740 8 15752 5 15872 19 15986 2 15997 5 16007 6 16128 20 16241 5 16263 7 16384 11 16396 9 16497 5 16518 8 16640 21 16706 1 16753 6 16773 9 16896 22 16960 5 17009 6 17028 9 17152 22 17257 2 17264 7 17283 11 17408 23 17511 6 17520 6 17539 11 17627 3 17664 23 17779 3 17794 14 17883 3 17921 22 18030 1 18050 15 18139 3 18179 20 18307 14 18395 3 18436 18 18563 14 18651 3 18693 16 18820 9 18907 3 18950 15 19076 7 19165 1 19207 13 19314 3 19333 7 19422 2 19467 8 19569 4 19590 6 19678 2 19726 4 19826 3 19847 5 19935 1 20082 2 20092 1 20104 3 20223 1 20232 1 20340 9 20362 1 20487 2 20596 10 20737 8 20850 12 20992 9 21105 12 21134 2 21249 7 21359 13 21505 6 21613 14 21763 7 21868 14 22020 9 22124 13 22276 10 22381 12 22532 11 22637 12 22771 5 22788 11 22893 13 23022 11 23045 10 23083 2 23151 11 23277 13 23300 10 23340 1 23392 3 23409 10 23532 15 23556 9 23597 1 23647 5 23654 7 23666 9 23787 17 23810 10 23903 15 23925 6 24043 17 24065 5 24108 1 24156 1 24159 16 24181 5 24298 19 24321 4 24411 3 24415 16 24554 18 24576 4 24664 23 24811 17 24834 1 24920 24 24956 3 25067 17 25177 24 25211 6 25324 16 25434 14 25453 6 25465 8 25579 17 25691 11 25710 8 25719 10 25835 18 25948 10 25967 18 26091 18 26207 6 26224 17 26347 18 26464 4 26484 14 26604 16 26742 13 26860 15 26998 13 27116 12 27255 13 27361 3 27374 9 27511 13 27616 4 27630 6 27767 13 27871 5 27885 2 27927 2 28022 16 28126 6 28141 1 28183 3 28278 17 28381 6 28397 1 28439 3 28512 3 28535 16 28637 5 28672 1 28694 5 28768 4 28791 16 28893 4 28950 5 29026 1 29049 13 29150 2 29207 3 29307 11 29465 1 29564 9 29821 8 30082 3 30340 3 30597 2 30682 3 30925 5 30938 4 30972 5 31180 6 31195 3 31226 8 31302 3 31435 8 31451 4 31481 13 31555 8 31690 9 31708 3 31737 14 31807 13 31844 5 31946 9 31964 5 31993 14 32062 14 32101 5 32202 9 32221 7 32249 14 32310 1 32317 15 32357 5 32458 9 32477 9 32504 16 32572 15 32616 1 32715 7 32733 9 32760 16 32828 14 32972 6 32988 9 33016 16 33084 12 33229 6 33244 9 33272 16 33340 9 33364 1 33485 7 33501 7 33528 16 33596 4 33618 3 33742 5 33759 3 33785 15 33874 2 33998 5 34042 14 34066 3 34299 13 34320 6 34350 5 34556 12 34576 6 34606 7 34812 12 34832 6 34862 9 35068 12 35088 6 35118 9 35143 2 35324 9 35335 4 35345 5 35375 9 35398 3 35577 4 35582 7 35591 4 35601 5 35631 9 35654 2 35833 3 35840 5 35851 1 35857 4 35888 8 35908 2 35924 1 36088 4 36107 1 36145 7 36162 4 36344 4 36401 7 36418 4 36601 1 36617 2 36657 7 36674 3 36873 3 36913 7 36930 3 37129 4 37169 7 37386 3 37424 8 37472 5 37643 2 37678 9 37727 8 37900 1 37933 10 37982 9 38189 10 38238 10 38445 9 38494 10 38586 4 38701 8 38750 10 38841 7 38957 8 39005 11 39096 12 39214 6 39260 11 39352 13 39516 10 39607 15 39772 10 39863 15 39931 3 40028 9 40119 15 40185 6 40284 8 40375 14 40440 7 40512 6 40540 5 40632 12 40695 9 40760 3 40767 9 40889 11 40950 10 41016 2 41023 11 41147 8 41207 9 41272 2 41279 13 41403 6 41463 9 41536 12 41660 3 41719 9 41792 12 41916 3 41975 9 42038 4 42048 12 42170 6 42231 9 42293 23 42424 9 42444 2 42488 8 42550 22 42678 12 42693 1 42744 8 42807 21 42933 14 42948 2 42979 3 43001 7 43064 19 43189 17 43233 6 43257 3 43321 18 43403 3 43444 17 43489 6 43513 4 43520 2 43578 16 43659 2 43675 4 43700 16 43744 13 43769 13 43834 15 43915 2 43931 5 43957 9 43968 3 43999 14 44024 15 44089 13 44166 2 44172 2 44186 7 44213 8 44254 15 44280 16 44345 12 44428 2 44442 7 44469 8 44501 24 44536 17 44602 8 44684 2 44688 7 44698 6 44725 8 44756 24 44793 4 44798 11 44858 6 44940 1 44944 7 44956 1 44981 6 45012 22 45056 9 45196 1 45200 7 45236 7 45268 21 45312 9 45452 1 45455 7 45492 7 45524 21 45568 9 45644 7 45707 11 45748 7 45781 19 45824 9 45897 11 45962 12 46004 7 46037 19 46080 9 46152 13 46217 13 46259 8 46295 16 46336 8 46408 13 46473 13 46515 8 46554 7 46562 3 46592 8 46664 13 46729 4 46738 4 46776 3 46848 7 46920 13 46986 2 46994 4 47033 1 47104 7 47176 16 47251 2 47360 6 47432 18 47616 5 47688 16 47872 5 47946 14 48128 4 48206 9 48384 3 48463 7 48640 2 48718 7 48896 2 48974 7 49152 2 49230 6 49408 2 49477 7 49485 5 49664 2 49732 12 49920 2 49987 12 50176 2 50242 9 50432 2 50496 8 50657 1 50688 3 50752 5 50910 5 50944 5 51008 2 51166 6 51200 6 51215 4 51422 6 51456 7 51468 9 51678 6 51712 7 51724 11 51772 1 51935 5 51968 7 51980 18 52020 5 52028 1 52097 4 52191 5 52224 8 52236 19 52276 6 52353 4 52448 4 52480 9 52491 20 52530 7 52609 4 52705 2 52736 31 52784 2 52993 30 53038 3 53251 29 53508 28 53568 5 53766 25 53824 6 54026 20 54080 6 54283 19 54336 6 54540 19 54591 7 54790 3 54798 17 54847 7 55045 5 55055 16 55103 7 55301 6 55311 17 55359 6 55557 7 55567 17 55616 4 55813 6 55823 18 55872 4 56070 5 56079 18 56324 6 56336 19 56579 5 56595 17 56834 7 56843 25 57089 35 57345 35 57601 35 57790 3 57858 32 58045 4 58114 31 58301 4 58371 29 58558 1 58604 2 58627 28 58854 9 58883 25 59107 13 59139 24 59362 14 59394 24 59618 3 59622 10 59650 23 59875 1 59882 6 59907 21 60140 2 60163 21 60420 23 60676 24 60933 24 61191 22 61453 17 61709 17 61966 17 62224 1 62227 13 62484 12 62741 12 62951 3 62998 11 63189 3 63209 2 63255 10 63443 6 63465 2 63513 7 63701 2 64237 1 64492 3 64749 5 64983 2 65006 5 65238 3 65262 5 65309 3 65494 3 65511 1 65518 5
271746,3243 3 3499 4 3754 5 4009 6 4264 7 4515 12 4771 11 5027 5 5035 1 5283 5 5541 1 8175 3 8430 4 8686 5 8942 5 9198 5 9453 6 9709 6 9966 5 10222 6 10478 7 10735 7 10991 7 11248 6 11505 2 19876 3 20131 5 20388 3 20992 2 21248 3 21504 4 21760 4 22016 4 22272 3 22528 3 22784 2 23983 3 24238 4 24494 5 24750 5 24759 4 25006 5 25015 4 25262 6 25270 5 25519 12 25776 11 26032 8 26289 6 26546 4 27462 1 27717 4 27973 4 28228 4 42231 1 42486 4 42741 7 42836 1 42997 7 43090 5 43253 7 43346 5 43508 8 43601 7 43764 7 43858 6 44020 5 44114 5 44276 4 44372 1 44533 2 45952 6 46206 8 46462 8 46718 7 46974 7 47230 7 47486 6 47616 3 47744 3 47872 4 48128 4 48384 5 48640 5 48768 4 48896 4 49023 5 49152 3 49838 2 50094 3 50350 3 50606 3 50863 1 51590 4 51846 5 52102 6 52357 8 52613 8 52869 7 53125 7 53356 8 53381 7 53611 10 53637 7 53866 12 53894 7 54122 12 54150 7 54379 10 54406 8 54636 9 54662 8 54869 4 54894 5 54918 8 55122 8 55174 8 55377 9 55432 5 55633 10 55690 3 55890 9 56149 6 56406 5 56663 4 57731 2 57976 1 58232 3 58383 3 58638 5 58894 5 59149 7 59405 7 59661 7 64910 5 65165 6 65420 8
274444,0 65536
280079,0 65536
283388,25 59 249 7 280 59 376 2 504 8 535 13 552 42 632 1 643 4 759 9 790 12 811 27 842 8 898 6 1014 10 1046 11 1069 3 1076 16 1099 7 1155 5 1270 10 1302 7 1310 3 1336 13 1355 6 1411 4 1526 10 1559 3 1566 4 1574 1 1577 2 1593 12 1611 6 1668 2 1756 2 1782 10 1821 15 1842 1 1849 11 1869 2 2012 2 2040 8 2077 24 2104 11 2152 4 2268 2 2296 8 2333 31 2365 5 2407 6 2553 7 2589 7 2600 20 2622 4 2662 8 2809 7 2845 7 2858 20 2918 8 2936 5 3065 7 3102 5 3115 20 3175 8 3192 6 3320 8 3360 1 3371 20 3431 8 3448 6 3575 9 3627 20 3686 9 3704 5 3830 10 3883 21 3942 10 3959 5 4084 12 4139 16 4157 4 4198 11 4214 6 4339 12 4395 26 4449 17 4470 5 4490 1 4595 10 4651 28 4703 19 4728 1 4744 4 4850 11 4908 29 4957 23 4999 5 5022 2 5106 9 5166 27 5213 23 5255 14 5277 4 5282 1 5361 10 5422 27 5460 1 5469 22 5511 14 5532 5 5616 11 5678 27 5715 4 5725 22 5767 14 5788 5 5871 12 5933 28 5970 6 5981 22 6024 13 6044 5 6127 12 6188 30 6226 6 6238 20 6285 7 6301 3 6383 13 6419 6 6444 13 6464 11 6494 20 6541 7 6558 2 6635 1 6640 12 6674 8 6701 9 6721 11 6750 19 6799 4 6891 1 6898 10 6929 11 6978 11 7005 15 7070 2 7157 7 7184 21 7236 9 7261 13 7326 3 7416 4 7440 22 7497 4 7517 12 7582 4 7672 4 7695 24 7754 3 7773 12 7839 3 7928 4 7951 24 7989 2 8010 3 8029 11 8179 9 8206 25 8245 2 8266 3 8285 10 8334 1 8434 11 8458 29 8523 2 8542 4 8590 3 8671 1 8690 12 8711 32 8846 4 8927 2 8946 14 8965 35 9034 1 9103 3 9181 4 9203 13 9220 37 9265 4 9289 2 9359 4 9368 4 9437 3 9459 13 9476 40 9519 7 9544 4 9615 4 9624 5 9693 1 9716 12 9732 51 9799 6 9871 3 9879 6 9973 11 9988 51 10052 11 10094 3 10132 2 10135 7 10229 3 10236 4 10245 50 10307 14 10349 5 10387 11 10492 4 10509 42 10564 13 10604 6 10642 7 10662 2 10672 2 10749 3 10766 6 10774 33 10818 1 10821 12 10860 7 10870 2 10897 7 10918 3 10928 2 11005 3 11024 2 11030 7 11040 22 11074 1 11079 9 11116 13 11152 7 11175 3 11184 2 11286 6 11296 21 11330 3 11337 6 11372 14 11407 7 11432 6 11439 3 11540 8 11553 19 11585 4 11628 14 11662 8 11796 8 11811 16 11840 6 11885 13 11918 7 12051 8 12070 12 12095 7 12147 9 12174 6 12307 8 12328 9 12351 7 12403 12 12432 2 12563 7 12584 7 12598 3 12607 6 12659 13 12820 4 12854 5 12861 8 12916 12 12957 4 13060 2 13109 15 13172 12 13213 5 13314 5 13365 14 13428 12 13469 6 13568 8 13621 12 13685 11 13726 5 13824 9 13878 8 13943 9 13982 7 14080 9 14136 1 14199 8 14238 9 14323 6 14336 9 14456 7 14495 9 14578 9 14592 9 14713 5 14753 7 14834 10 14848 9 14970 1 15011 4 15046 3 15063 5 15089 11 15104 8 15300 7 15319 7 15345 11 15360 7 15555 9 15575 10 15601 11 15616 6 15734 6 15809 12 15829 13 15857 11 15872 5 15989 7 16065 12 16083 15 16113 10 16128 6 16245 8 16320 13 16338 15 16369 10 16384 6 16428 1 16501 9 16576 13 16593 16 16624 10 16640 6 16682 5 16757 11 16832 34 16880 9 16896 6 16938 5 17013 12 17076 6 17088 34 17136 7 17152 5 17193 7 17268 13 17331 9 17344 35 17393 5 17408 5 17449 7 17524 14 17586 11 17600 35 17649 3 17706 6 17780 15 17843 49 17962 6 18036 15 18100 49 18219 4 18292 16 18357 48 18549 15 18576 5 18614 47 18805 15 18831 6 18871 46 19062 13 19086 8 19128 44 19318 13 19342 8 19394 34 19575 12 19598 8 19652 32 19831 11 19854 8 19864 5 19908 24 19934 7 20087 11 20110 17 20165 22 20191 6 20344 9 20366 19 20421 22 20448 5 20601 6 20623 19 20678 20 20705 3 20879 20 20933 20 20961 3 21134 22 21189 19 21217 3 21390 22 21418 4 21444 20 21473 3 21646 23 21673 7 21700 20 21729 7 21902 23 21929 8 21956 20 21979 4 21984 9 22158 23 22185 8 22211 20 22234 16 22415 22 22441 9 22467 19 22489 17 22672 22 22697 9 22723 18 22744 18 22839 4 22932 19 22954 9 22980 17 23000 7 23012 6 23094 7 23190 18 23211 8 23236 16 23256 7 23268 6 23350 7 23447 16 23468 6 23493 15 23512 6 23525 4 23606 8 23705 14 23725 5 23750 13 23768 6 23781 3 23862 8 23969 5 24006 15 24026 4 24037 3 24119 7 24262 15 24283 3 24293 3 24376 5 24519 16 24541 1 24549 3 24632 5 24775 17 24804 5 24890 1 25032 16 25061 3 25288 16 25317 2 25545 16 25562 4 25572 3 25802 21 25827 4 26059 27 26116 3 26317 24 26370 12 26575 20 26624 15 26833 16 26880 15 26915 2 27094 11 27136 15 27168 8 27352 8 27392 15 27423 10 27608 8 27648 15 27679 10 27865 7 27904 16 27934 11 28160 16 28189 13 28416 19 28445 13 28672 20 28701 13 28850 5 28928 20 28958 12 29105 7 29184 21 29215 12 29360 8 29440 21 29472 11 29615 9 29696 21 29729 11 29870 10 29952 22 29991 4 30126 10 30208 23 30382 10 30464 23 30639 9 30722 22 30895 8 30980 20 31152 7 31238 4 31245 12 31411 1 31507 6 31764 5 32021 6 32278 6 32534 6 32790 6 33046 6 33302 6 33559 4 33816 2 38308 6 38561 10 38815 12 39068 16 39105 2 39312 5 39323 18 39360 4 39568 6 39578 21 39616 4 39824 7 39834 24 39872 4 40080 8 40090 26 40128 4 40335 23 40362 11 40384 4 40590 24 40619 10 40640 4 40845 25 40873 13 40897 4 41099 45 41153 5 41354 46 41409 5 41608 26 41636 14 41652 5 41666 9 41863 43 41909 6 41923 9 42118 45 42166 6 42181 7 42374 46 42422 7 42437 7 42629 57 42694 6 42885 58 42950 5 43141 59 43206 5 43235 7 43397 60 43463 4 43488 11 43651 64 43742 15 43904 10 43915 56 43997 17 44157 12 44171 56 44253 18 44411 13 44428 55 44508 20 44666 14 44684 54 44764 20 44922 14 44942 52 45021 19 45180 13 45200 2 45203 46 45277 19 45437 13 45456 2 45459 46 45533 19 45588 5 45694 67 45790 18 45842 7 45951 65 46046 17 46097 8 46206 66 46302 16 46353 8 46456 71 46558 9 46609 8 46712 71 46814 7 46865 7 46968 72 47070 6 47121 6 47225 74 47307 1 47311 1 47326 6 47377 4 47481 76 47560 11 47582 5 47738 90 47839 2 47994 91 48105 3 48250 64 48317 26 48361 3 48506 64 48573 30 48617 3 48762 65 48829 32 48865 10 49018 100 49120 11 49274 113 49530 12 49544 100 49787 11 49802 98 50043 10 50059 98 50300 9 50321 92 50555 9 50579 91 50808 12 50836 90 51061 15 51093 89 51317 17 51350 88 51572 22 51607 87 51828 26 51863 87 52084 28 52118 88 52340 29 52371 91 52596 122 52853 121 53117 113 53372 114 53628 113 53885 112 54141 113 54398 39 54439 71 54515 1 54654 37 54694 72 54770 4 54915 32 54950 71 55025 5 55172 22 55195 7 55206 70 55280 6 55430 18 55454 2 55462 70 55536 6 55689 4 55718 69 55792 6 55974 70 56047 7 56230 71 56303 7 56485 82 56603 3 56740 83 56857 7 56993 89 57112 10 57248 91 57368 11 57504 91 57623 13 57760 91 57878 14 58016 91 58133 15 58273 90 58388 16 58530 90 58643 17 58787 89 58899 17 59050 83 59155 17 59309 81 59411 16 59566 81 59667 16 59824 80 59923 15 60081 52 60134 26 60179 15 60338 51 60390 26 60435 14 60463 5 60595 50 60646 26 60691 13 60718 7 60852 50 60906 22 60948 11 60973 10 61109 49 61162 22 61209 5 61229 11 61366 47 61418 22 61485 12 61623 47 61673 23 61741 12 61881 42 61924 3 61928 24 61996 13 62139 69 62252 14 62279 2 62396 68 62508 14 62534 5 62654 66 62764 13 62789 7 62914 62 63021 12 63045 7 63170 62 63277 11 63292 5 63301 7 63426 62 63533 11 63547 17 63682 62 63789 10 63802 18 63938 62 64045 9 64058 19 64194 62 64302 7 64315 19 64450 62 64513 3 64559 5 64572 18 64706 73 64831 15 64962 74 65087 15 65218 74 65343 15 65474 62
283877, 
291134,0 65536
293458,44 13 300 13 555 14 809 16 1065 15 1321 15 1576 16 1831 18 2086 19 2341 21 2596 23 2851 24 3107 24 3363 24 3619 23 3710 3 3875 17 3966 4 4131 16 4210 5 4221 5 4388 15 4440 3 4465 8 4478 4 4644 15 4695 5 4721 9 4735 2 4900 10 4951 6 4976 10 5157 9 5184 3 5206 7 5232 10 5412 10 5462 7 5489 8 5522 2 5668 10 5716 8 5745 7 5776 5 5863 2 5868 5 5924 10 5972 8 6001 7 6030 8 6117 13 6181 9 6227 8 6258 5 6286 9 6372 14 6437 9 6482 8 6515 3 6542 15 6628 15 6694 8 6737 8 6799 15 6883 16 6951 6 6992 8 7055 17 7139 15 7209 3 7248 8 7312 21 7395 14 7490 1 7504 7 7568 23 7651 10 7744 3 7759 2 7824 24 7908 8 7999 4 8081 23 8165 7 8183 1 8255 3 8337 23 8422 5 8428 3 8438 2 8512 1 8594 22 8678 11 8694 2 8850 22 8936 9 8949 3 9107 20 9193 8 9204 4 9364 19 9449 10 9460 4 9620 17 9705 6 9713 1 9878 4 9960 5 9969 1 10212 9 10225 3 10467 9 10480 4 10723 6 10730 11 10979 6 10986 11 11238 16 11494 17 11749 18 12004 19 12255 1 12258 21 12511 1 12514 22 12767 26 13023 28 13101 1 13210 1 13253 3 13279 29 13344 2 13351 10 13465 4 13508 4 13535 31 13587 3 13596 24 13720 5 13759 3 13764 3 13791 33 13842 6 13851 28 13976 5 14014 8 14047 33 14097 38 14234 1 14270 7 14305 31 14353 38 14526 7 14561 8 14571 21 14609 39 14782 6 14818 7 14827 21 14866 38 15038 6 15075 6 15083 21 15123 37 15294 6 15333 1 15340 20 15381 19 15404 13 15549 6 15580 4 15596 20 15642 13 15661 13 15805 6 15830 3 15836 4 15853 19 15898 6 15918 13 16061 6 16085 6 16093 4 16111 17 16154 3 16175 13 16318 4 16340 14 16368 16 16406 1 16410 2 16433 11 16593 17 16625 15 16660 3 16665 4 16690 10 16847 16 16881 15 16916 4 16921 4 16947 9 17102 17 17137 15 17172 9 17203 10 17357 19 17379 1 17394 14 17430 7 17461 8 17613 19 17635 1 17652 12 17718 7 17868 21 17890 3 17909 11 17975 6 18124 27 18156 2 18170 6 18233 4 18380 29 18427 5 18636 29 18685 3 18892 28 19148 25 19185 1 19402 27 19430 2 19439 2 19652 33 19686 3 19694 3 19907 46 20162 47 20418 47 20673 22 20696 3 20705 16 20929 23 20962 15 21186 19 21206 2 21218 15 21442 11 21454 5 21474 15 21534 6 21699 10 21710 4 21730 16 21789 9 21955 9 21987 15 22045 10 22211 9 22243 15 22301 9 22467 9 22499 15 22557 9 22722 10 22755 14 22814 6 22980 8 23016 7 23236 7 23273 3 23493 3 23521 1 23750 2 23777 3 24031 10 24286 3 24290 7 24543 13 24799 13 25056 12 25315 9 25570 8 25826 6 26081 6 26337 6
295041, 
303895,0 33536 33537 255 33801 247 34059 245 34321 239 34579 237 34842 230 35101 227 35364 68 35442 142 35622 58 35681 7 35701 139 35886 56 35958 138 36144 52 36214 138 36407 44 36470 138 36664 42 36726 138 36927 34 36983 3 36989 131 37186 30 37246 6 37253 123 37450 23 37503 129 37709 14 37725 4 37761 3 37765 123 37971 7 37979 6 37994 2 38018 2 38021 123 38237 4 38249 3 38274 126 38501 6 38529 127 38758 5 38783 129 39016 8 39038 20 39060 108 39294 20 39317 3 39321 103 39556 14 39579 7 39588 92 39813 19 39836 5 39845 91 40060 2 40065 2 40071 18 40093 6 40104 88 40322 1 40331 15 40348 7 40361 87 40586 24 40617 87 40843 27 40873 7 40883 7 40896 64 41100 15 41121 14 41139 7 41154 62 41362 11 41377 24 41411 5 41418 11 41430 42 41620 10 41632 1 41641 14 41674 9 41688 8 41698 30 41879 1 41884 2 41888 2 41895 19 41931 8 41954 30 42143 18 42162 10 42192 2 42210 30 42405 24 42466 30 42663 16 42683 2 42722 2 42728 24 42922 12 42940 2 42956 6 42988 3 42992 16 43183 15 43207 14 43245 1 43248 16 43442 2 43448 6 43463 16 43504 16 43706 5 43716 20 43761 2 43764 12 43971 21 44021 7 44030 2 44228 17 44250 4 44286 2 44490 10 44505 5 44542 2 44747 8 44756 8 44769 3 44793 2 44798 2 45013 9 45025 3 45049 2 45055 1 45270 14 45311 1 45532 8 45567 1 45790 5 45801 1 45813 11 46055 4 46069 11 46313 3 46323 13 46578 14 46835 13 47096 8 47354 6 47612 4
304629,0 18687 18688 34815 53504 255 53760 255 54016 255 54272 255 54528 255 54784 10752
305222,0 65536
308936,0 201 202 1 206 4 221 238 463 3 477 238 719 4 733 239 975 4 990 245 1246 246 1502 246 1754 252 2009 25995 28005 254 28263 252 28520 252 28776 254 29031 1271 30303 35233
315120,34 56 93 49 148 4 211 5 218 27 247 4 252 4 287 113 404 4 468 3 474 24 510 2 543 113 660 3 725 1 730 18 766 2 799 113 986 17 1055 112 1242 16 1277 1 1309 113 1497 17 1533 1 1563 115 1754 14 1787 4 1819 114 2011 10 2043 5 2075 114 2268 8 2301 3 2333 111 2526 5 2589 111 2783 3 2844 112 3100 112 3360 109 3617 109 3873 109 4129 108 4384 108 4640 107 4897 106 5154 107 5415 105 5672 107 5927 108 6182 109 6437 109 6692 111 6949 111 7205 112 7461 113 7717 114 7973 114 8230 114 8486 114 8742 113 8997 114 9120 2 9252 113 9376 2 9508 114 9631 3 9765 109 9876 3 9886 2 10022 9 10033 97 10131 4 10279 6 10295 2 10299 92 10534 6 10550 3 10556 93 10806 3 10812 94 10987 2 11062 3 11068 94 11242 7 11318 3 11323 96 11496 12 11574 1 11579 95 11676 2 11751 23 11835 95 11932 4 12006 26 12090 96 12188 3 12261 27 12346 101 12516 28 12603 100 12771 29 12859 85 12947 11 13026 30 13115 85 13203 12 13281 31 13373 84 13459 13 13482 2 13536 32 13628 100 13737 5 13790 34 13883 101 13993 7 14023 5 14034 7 14042 38 14139 101 14248 14 14277 59 14395 102 14503 16 14531 61 14652 102 14759 17 14785 63 14909 102 15014 19 15038 66 15164 196 15419 197 15674 198 15926 1 15930 198 16185 199 16434 1 16441 199 16699 197 16952 1 16955 197 17208 200 17464 200 17719 201 17968 1 17972 204 18224 1 18228 204 18480 1 18485 203 18739 205 18994 206 19248 208 19503 209 19757 211 20013 211 20269 211 20525 211 20781 211 21037 211 21291 213 21546 214 21799 217 22053 219 22309 219 22565 219 22821 219 23077 219 23332 220 23588 220 23844 220 24100 220 24356 220 24612 220 24868 220 25125 219 25380 220 25636 220 25892 220 26148 220 26404 220 26659 221 26916 220 27172 220 27428 220 27684 220 27940 220 28196 220 28451 221 28706 222 28962 222 29218 222 29474 221 29730 221 29986 221 30242 221 30497 223 30750 226 31005 227 31260 228 31517 227 31774 226 32030 225 32285 226 32541 226 32796 227 33056 223 33313 222 33570 221 33826 221 34082 222 34338 222 34594 222 34851 221 35108 220 35364 220 35620 220 35874 222 36128 224 36383 225 36639 225 36895 225 37150 226 37387 2 37405 227 37641 5 37661 227 37895 7 37918 226 38151 6 38175 7 38185 215 38406 7 38431 4 38443 213 38662 7 38688 1 38699 213 38917 8 38953 215 39173 8 39208 216 39428 8 39464 216 39684 8 39719 217 39938 9 39974 218 40193 10 40221 2 40230 229 40477 5 40489 226 40733 238 40986 242 41241 243 41497 241 41747 245 42003 241 42260 242 42516 237 42755 2 42773 235 43029 235 43285 235 43541 235 43797 235 44053 235 44308 236 44563 237 44818 238 45074 238 45330 238 45585 239 45841 239 46096 240 46351 241 46608 240 46865 239 47120 240 47374 1 47376 240 47631 241 47888 240 48145 239 48402 238 48658 238 48914 238 49169 239 49421 243 49676 244 49931 245 50188 244 50444 244 50699 245 50951 249 51206 250 51460 252 51715 253 51969 5795 57768 252 58023 253 58279 253 58534 253 58790 253 59045 3 59049 249 59300 3 59306 248 59557 3 59562 244 59813 90 59904 159 60068 253 60323 506 60831 2529 63361 254 63617 244 63866 1 63873 16 63895 1 63898 218 64126 20 64154 218 64381 21 64410 218 64638 19 64664 220 64894 17 64920 220 65153 15 65176 220 65410 3 65415 10 65431 105
317877,1827 5 2080 9 2336 10 2591 12 2607 2 2847 20 3103 21 3359 21 3614 22 3870 22 4125 22 4382 16 4638 8 4896 4 6724 2 6979 4 7235 4 7491 4 7748 3 7973 3 8229 4 8485 4 8498 1 8743 2 8752 5 9008 5 9264 5 9519 5 9774 5 10030 5 10284 7 10540 8 10795 10 11039 3 11051 10 11294 5 11308 6 11551 4 11808 3 13598 1 13853 2 14110 1 15993 2 16248 4 16504 5 16761 2 16771 5 17025 7 17281 8 17536 9 17793 8 18049 8 18306 7 18564 5 19008 1 19016 1 19263 3 19271 4 19518 4 19526 5 19774 5 19781 7 19808 5 19910 3 20029 7 20037 7 20062 8 20165 5 20283 17 20317 9 20421 5 20527 3 20536 20 20571 12 20677 5 20782 5 20790 24 20826 14 20934 3 21038 6 21045 27 21080 17 21293 36 21335 18 21548 38 21590 20 21804 62 22059 63 22316 61 22572 61 22829 59 23089 53 23237 1 23346 51 23493 2 23602 50 23748 3 23859 49 24115 49 24317 2 24373 47 24561 5 24572 2 24630 46 24816 9 24828 2 24887 45 25071 13 25088 3 25144 44 25327 13 25344 4 25400 43 25583 12 25600 5 25657 42 25800 3 25839 12 25856 5 25914 41 26056 4 26096 11 26112 5 26171 39 26311 6 26353 9 26368 5 26426 41 26567 6 26609 8 26624 4 26681 15 26699 24 26822 8 26865 8 26880 4 26936 16 26956 24 27077 8 27121 7 27136 3 27192 15 27213 24 27333 8 27377 6 27392 2 27448 15 27469 24 27590 6 27634 4 27705 14 27726 22 27962 4 27969 6 27981 22 28226 5 28236 22 28483 3 28491 22 28740 1 28745 20 28997 24 29253 23 29508 24 29763 25 30019 26 30065 3 30275 27 30319 7 30531 28 30571 12 30787 30 30824 17 31044 30 31079 19 31300 31 31335 20 31554 34 31589 23 31807 61 32063 61 32318 63 32575 62 32831 62 33087 63 33343 64 33599 64 33856 63 34112 7 34123 52 34368 6 34385 46 34626 2 34644 43 34901 41 35157 41 35414 12 35429 24 35670 12 35686 22 35925 12 35942 20 36181 12 36198 20 36437 12 36455 18 36493 5 36693 13 36710 20 36748 7 36949 37 37003 9 37205 39 37253 15 37461 40 37507 17 37717 41 37762 18 37968 1 37973 42 38017 19 38222 71 38478 71 38733 73 38988 64 39053 11 39244 64 39309 12 39441 5 39500 79 39693 10 39756 80 39948 11 40012 80 40205 10 40268 81 40462 8 40526 79 40718 7 40784 78 40975 6 41042 77 41232 3 41299 76 41556 76 41740 3 41806 3 41813 75 41995 4 42061 5 42069 74 42251 4 42316 8 42325 74 42571 21 42597 57 42826 18 42853 56 43080 19 43109 56 43335 19 43362 58 43591 19 43616 60 43847 18 43872 59 44029 2 44103 13 44128 59 44283 5 44359 11 44385 57 44454 3 44537 7 44615 11 44641 57 44700 2 44709 6 44789 11 44871 12 44897 56 44955 4 44964 8 45044 12 45127 13 45152 62 45220 8 45300 12 45383 13 45406 3 45411 60 45476 9 45548 2 45555 13 45639 14 45659 5 45668 59 45732 10 45802 7 45810 14 45895 15 45913 7 45924 60 45988 10 46056 24 46151 24 46180 61 46243 12 46311 25 46408 23 46436 75 46566 26 46665 23 46692 76 46822 26 46922 22 46947 77 47077 27 47178 24 47203 11 47215 65 47333 27 47434 34 47471 65 47589 27 47690 33 47726 67 47844 28 47946 32 47982 67 48100 28 48202 32 48238 67 48356 28 48458 32 48493 70 48612 28 48714 32 48749 73 48868 28 48970 32 49006 74 49102 2 49125 26 49227 31 49262 76 49358 4 49382 7 49391 15 49486 28 49519 77 49614 5 49640 4 49648 13 49743 28 49775 82 49870 6 49904 11 50000 27 50029 86 50127 7 50160 9 50256 116 50374 6 50383 8 50417 4 50512 26 50539 98 50638 10 50769 25 50795 110 50913 4 51025 24 51051 111 51168 6 51282 14 51297 7 51308 69 51378 41 51424 8 51538 12 51554 6 51564 67 51635 53 51794 12 51811 5 51820 66 51891 34 51929 15 52050 12 52067 5 52076 66 52148 31 52186 14 52306 12 52323 7 52332 57 52393 2 52404 30 52441 5 52449 7 52561 13 52579 64 52661 8 52670 20 52696 5 52709 4 52817 13 52833 65 52917 14 52932 15 52953 3 52969 3 53072 81 53173 12 53190 13 53210 2 53225 5 53328 26 53356 54 53422 2 53429 5 53438 4 53447 13 53481 5 53584 25 53613 60 53676 6 53686 2 53694 4 53702 15 53737 6 53840 24 53869 69 53949 5 53957 15 53994 4 54096 23 54125 70 54204 6 54213 13 54250 3 54352 24 54381 70 54460 6 54468 8 54507 2 54608 24 54637 70 54715 5 54723 6 54763 1 54865 23 54894 68 54971 3 54979 1 55121 23 55151 67 55227 3 55377 22 55408 66 55482 4 55633 22 55665 64 55737 4 55815 4 55888 23 55921 64 55993 4 56068 8 56143 24 56177 63 56249 3 56269 3 56324 8 56397 26 56432 64 56505 2 56523 5 56577 1 56581 7 56653 26 56687 64 56778 7 56838 6 56908 27 56943 64 57034 8 57094 5 57163 28 57198 64 57289 9 57351 3 57419 28 57455 64 57545 9 57607 2 57675 28 57711 64 57801 9 57932 27 57965 67 58058 8 58188 26 58220 68 58314 8 58444 26 58473 71 58572 6 58700 24 58727 73 58956 24 58983 74 59213 21 59240 75 59470 20 59496 68 59566 5 59726 19 59752 66 59823 4 59982 19 60008 65 60080 2 60093 2 60237 20 60265 64 60336 2 60348 5 60371 2 60494 19 60522 62 60605 4 60617 4 60626 3 60750 19 60778 6 60786 41 60832 8 60862 3 60872 15 61006 17 61035 44 61089 7 61133 13 61263 7 61271 7 61292 42 61345 6 61360 2 61390 14 61518 15 61551 37 61602 5 61616 3 61648 12 61773 14 61807 7 61815 28 61859 3 61872 4 61904 12 62028 16 62065 4 62072 26 62117 2 62127 6 62161 9 62284 16 62322 2 62329 24 62374 2 62380 10 62418 5 62541 16 62586 23 62632 13 62798 16 62842 24 62868 1 62888 13 62912 4 63055 16 63098 29 63144 12 63168 4 63312 16 63354 30 63401 11 63425 2 63567 17 63610 18 63629 11 63658 9 63812 1 63822 19 63865 3 63871 11 63885 12 63915 8 64066 5 64078 19 64104 3 64120 4 64127 11 64141 12 64174 3 64321 7 64333 20 64359 5 64376 4 64384 9 64396 14 64576 9 64590 19 64614 7 64632 4 64640 8 64655 10 64832 10 64846 19 64870 7 64889 2 64897 3 64912 9 65088 10 65102 19 65125 9 65139 2 65169 5 65279 1 65344 10 65359 17 65381 9 65394 5 65426 3 65534 2
326172,0 97 157 197 364 2 413 198 619 8 669 202 874 11 926 216 1183 217 1439 218 1695 225 1951 227 2207 229 2462 233 2717 235 2956 1 2973 236 3212 1 3229 237 3485 240 3741 241 3996 242 4252 246 4508 247 4765 247 5022 254 5279 253 5535 1 5537 252 5790 1 5794 254 6050 255 6307 348 6656 255 6912 156 7071 96 7168 155 7328 95 7424 146 7572 107 7680 140 7821 5 7830 105 7936 146 8088 103 8192 147 8345 102 8448 147 8601 102 8704 147 8857 102 8960 149 9111 56425
331069,25 27 57 64 127 4 143 8 163 18 185 68 281 27 313 64 400 7 419 17 441 68 536 28 569 63 658 4 675 16 697 68 792 31 825 63 932 13 953 68 1023 1 1047 33 1081 62 1190 10 1209 71 1303 33 1339 60 1447 9 1465 71 1558 34 1597 58 1704 6 1720 72 1814 33 1854 56 1973 75 2069 34 2111 55 2225 79 2325 34 2367 56 2479 81 2580 35 2623 58 2691 8 2734 82 2823 5 2835 36 2879 59 2946 13 2989 140 3135 62 3201 16 3244 231 3500 232 3756 81 3840 148 4012 80 4096 149 4267 82 4352 149 4522 85 4608 149 4778 235 5034 235 5290 235 5546 235 5802 235 6058 235 6314 236 6570 201 6774 32 6825 201 7031 31 7081 201 7288 29 7336 202 7546 27 7592 202 7804 25 7848 202 8063 22 8105 202 8320 21 8362 202 8577 20 8617 204 8837 16 8872 207 9100 7 9127 216 9358 4 9382 218 9638 219 9894 219 10151 221 10408 223 10664 224 10922 224 11179 225 11436 229 11692 230 11926 4 11949 230 12181 7 12205 240 12462 240 12718 241 12973 242 13225 247 13476 262 13742 251 13999 248 14255 248 14512 247 14769 252 15027 253 15284 253 15543 251 15799 252 16056 39 16096 212 16311 40 16352 213 16566 5448 22016 169 22188 82 22272 168 22444 81 22528 164 22700 81 22784 163 22957 79 23040 162 23213 79 23296 161 23470 77 23552 160 23727 76 23808 159 23984 74 24064 131 24207 16 24242 72 24320 129 24465 14 24500 69 24576 126 24721 14 24758 66 24832 125 24977 15 25015 63 25088 125 25233 16 25272 11 25284 17 25304 28 25344 61 25407 61 25487 18 25530 8 25541 1 25543 15 25560 28 25600 60 25664 59 25742 19 25790 3 25800 15 25819 25 25856 60 25920 59 25998 18 26056 17 26076 24 26112 60 26175 60 26253 19 26311 19 26332 23 26368 60 26431 65 26510 17 26566 45 26624 59 26687 68 26766 16 26821 46 26880 58 26943 69 27022 16 27077 45 27136 57 27199 71 27278 16 27333 44 27392 56 27455 72 27534 16 27585 48 27648 54 27712 72 27790 17 27840 48 27906 4 27918 36 27969 73 28043 21 28094 50 28175 32 28225 95 28350 49 28431 31 28481 96 28605 49 28687 30 28737 11 28749 84 28860 49 28943 24 28993 97 29115 30 29150 14 29199 21 29249 97 29370 28 29407 11 29456 17 29505 97 29621 33 29663 4 29696 2 29712 17 29761 97 29875 34 29919 1 29952 2 29969 16 30017 98 30131 34 30208 2 30226 15 30273 98 30388 33 30464 2 30483 13 30529 99 30644 33 30705 1 30720 3 30733 3 30740 12 30784 100 30899 35 30959 6 30976 18 30998 10 31039 101 31152 37 31206 15 31232 20 31257 6 31295 101 31405 40 31458 20 31488 20 31550 103 31659 41 31711 24 31738 26 31806 150 31966 54 32061 151 32221 55 32317 150 32476 56 32573 149 32730 58 32828 150 32986 58 33084 150 33241 59 33340 149 33496 61 33596 149 33750 64 33841 5 33852 150 34004 66 34095 8 34108 218 34350 10 34365 217 34604 14 34619 218 34859 233 35114 234 35369 234 35625 233 35881 222 36107 6 36137 220 36365 2 36393 221 36648 223 36904 225 37159 228 37413 232 37666 236 37919 240 38174 242 38429 244 38684 246 38939 124 39066 123 39194 123 39323 124 39450 116 39581 238 39838 236 40094 238 40350 239 40605 241 40861 241 41118 243 41375 244 41639 237 41895 237 42151 237 42406 238 42661 239 42913 241 43167 242 43421 243 43676 243 43931 244 44186 246 44441 249 44696 3440 48139 253 48395 757 49154 254 49412 3 49418 246 49675 245 49931 245 50188 244 50445 243 50701 243 50958 242 51215 241 51472 240 51729 239 51986 238 52243 237 52500 236 52757 235 53012 236 53267 237 53522 238 53777 239 54032 240 54287 247 54541 1293 55840 249 56097 249 56355 248 56612 247 56869 247 57126 248 57381 250 57635 6217 63853 253 64109 253 64365 1171
332934,0 65536
337798, 
349461,0 65536
372637,0 60 65 252 322 252 578 253 834 31561 32396 2 32399 247 32648 1 32656 242 32914 240 33171 237 33428 234 33684 232 33940 231 34195 103 34300 126 34438 6 34451 102 34557 125 34691 10 34705 104 34816 121 34946 119 35072 122 35201 120 35328 123 35456 120 35584 248 35840 247 36096 247 36352 247 36608 248 36864 248 37120 248 37376 249 37632 250 37888 250 38144 250 38400 245 38648 2 38656 244 38912 243 39168 244 39424 245 39680 246 39936 247 40191 249 40446 252 40700 1789 42491 253 42748 251 43004 252 43260 252 43516 253 43773 254 44028 1951 45981 246 46238 245 46495 244 46751 245 47007 245 47263 245 47519 246 47774 248 48030 248 48287 247 48543 248 48799 248 49056 248 49312 248 49568 250 49825 251 50081 4009 54091 513 54605 4914 59525 249 59782 248 60038 249 60294 250 60554 248 60810 248 61066 248 61322 248 61573 3963
373056,0 65536
386606,0 35 50 245 304 65232
391427,21 5 92 1 100 1 231 6 249 7 277 5 337 2 356 1 488 4 505 7 533 4 594 1 611 2 745 2 761 7 789 4 864 7 953 5 1017 7 1045 3 1119 4 1127 2 1206 8 1274 6 1301 2 1373 5 1384 3 1446 5 1461 9 1474 7 1554 5 1629 5 1640 4 1701 6 1716 11 1729 11 1783 1 1810 4 1884 6 1896 4 1956 8 1973 24 2037 4 2067 2 2141 5 2153 4 2212 8 2229 25 2292 6 2398 3 2409 4 2469 6 2484 26 2548 6 2655 2 2665 4 2727 4 2740 26 2804 6 2902 3 2912 3 2921 3 2996 27 3060 6 3155 7 3168 5 3176 4 3223 5 3252 15 3268 1 3272 7 3316 5 3409 10 3424 11 3474 11 3508 5 3516 8 3528 8 3573 3 3664 11 3680 11 3728 14 3765 2 3772 8 3785 7 3920 12 3937 5 3943 2 3983 16 4028 8 4041 8 4175 13 4193 4 4238 17 4262 1 4282 10 4297 7 4431 13 4449 4 4492 20 4537 11 4553 7 4680 21 4704 6 4746 23 4792 11 4810 6 4936 21 4960 6 5001 26 5047 12 5066 5 5191 21 5216 6 5256 27 5302 12 5324 2 5335 4 5447 20 5472 5 5512 27 5559 4 5566 4 5591 5 5703 19 5729 3 5768 27 5804 2 5815 4 5822 3 5847 5 5959 19 6024 27 6059 6 6078 3 6103 5 6204 4 6216 18 6280 27 6314 9 6333 4 6360 4 6458 7 6472 8 6483 7 6535 28 6570 11 6589 3 6713 8 6729 6 6739 7 6791 15 6810 10 6826 12 6844 4 6969 9 6986 5 6995 7 7046 16 7067 9 7083 11 7096 7 7224 10 7243 4 7252 5 7301 17 7323 10 7340 18 7479 10 7499 4 7509 3 7557 16 7579 10 7598 15 7734 11 7754 6 7814 15 7836 9 7855 13 7989 12 8010 6 8044 1 8057 4 8070 14 8091 11 8111 13 8244 12 8266 7 8298 5 8307 12 8326 13 8347 11 8367 12 8500 12 8523 7 8554 22 8583 13 8604 10 8623 7 8757 10 8779 7 8810 24 8840 12 8860 9 8879 7 9014 10 9036 7 9066 24 9103 6 9135 7 9270 10 9293 6 9322 24 9360 6 9391 7 9527 9 9550 5 9579 11 9593 10 9616 7 9647 7 9785 7 9806 5 9836 8 9850 9 9871 8 9903 7 10043 5 10064 2 10107 8 10121 15 10147 2 10159 6 10301 2 10363 7 10376 17 10403 3 10415 5 10620 6 10632 18 10658 4 10877 4 10889 17 10914 4 10920 5 11145 18 11170 4 11176 5 11402 18 11427 3 11431 6 11516 4 11658 18 11688 5 11770 6 11915 17 11944 4 12022 10 12172 16 12200 3 12276 12 12402 4 12429 15 12531 13 12657 6 12686 13 12786 14 12912 8 12942 12 13042 14 13166 10 13198 11 13298 14 13421 12 13454 9 13554 14 13676 13 13710 8 13810 14 13881 2 13931 14 13966 7 14066 14 14137 2 14186 14 14222 5 14325 11 14442 13 14479 2 14585 7 14698 12 14716 3 14842 6 14954 11 14971 7 15098 6 15210 13 15225 9 15343 4 15354 6 15467 24 15598 6 15609 7 15720 27 15854 9 15864 8 15976 26 16110 16 16230 29 16367 14 16484 33 16623 13 16739 36 16880 9 16994 38 17138 6 17250 38 17506 38 17763 37 18020 35 18276 35 18532 35 18777 4 18788 34 19028 10 19044 34 19283 11 19300 33 19538 13 19555 32 19794 12 19811 29 20050 12 20067 28 20184 2 20306 12 20323 19 20438 8 20563 10 20578 20 20693 13 20820 10 20833 21 20948 15 21076 10 21088 21 21203 17 21333 9 21343 22 21459 18 21590 30 21715 18 21760 1 21832 4 21847 7 21855 20 21971 18 22016 3 22086 7 22104 3 22111 19 22174 3 22228 17 22272 3 22342 7 22368 5 22382 1 22429 5 22484 17 22528 4 22598 7 22626 1 22684 7 22742 15 22784 6 22854 7 22940 6 22998 14 23040 8 23110 6 23197 4 23255 13 23296 10 23366 7 23511 13 23552 11 23623 6 23768 12 23808 11 23879 5 24025 10 24064 11 24136 3 24282 9 24320 11 24391 4 24542 4 24576 11 24646 5 24832 11 24902 5 25088 12 25159 4 25344 12 25415 3 25600 13 25671 2 25838 3 25856 14 26094 6 26112 15 26307 6 26350 7 26368 15 26562 8 26606 7 26624 3 26630 11 26818 9 26862 8 26873 4 26880 4 26887 6 26895 2 27073 9 27118 16 27136 4 27152 1 27328 10 27373 18 27392 6 27580 2 27585 8 27629 18 27648 8 27670 2 27836 2 27842 7 27884 18 27904 9 27924 5 28091 3 28099 5 28140 18 28160 10 28178 7 28347 3 28356 3 28397 6 28404 9 28420 6 28434 7 28660 9 28677 6 28689 8 28898 4 28916 9 28934 5 28945 6 29152 7 29172 10 29200 1 29202 4 29407 9 29427 11 29641 4 29662 10 29682 12 29769 6 29897 6 29917 11 29937 12 30022 9 30152 8 30172 12 30192 12 30276 12 30408 9 30425 15 30448 11 30531 13 30665 8 30680 16 30703 12 30726 1 30786 14 30921 9 30936 16 30959 12 30980 4 30992 1 31042 14 31066 1 31178 7 31192 14 31215 12 31232 1 31236 4 31247 4 31297 14 31319 5 31375 6 31436 5 31448 12 31471 11 31488 7 31503 4 31553 14 31573 12 31631 8 31694 2 31702 11 31728 8 31744 4 31759 5 31809 7 31817 3 31825 13 31841 2 31888 10 31956 10 31985 6 32000 3 32015 6 32065 5 32080 12 32097 4 32147 15 32210 10 32242 4 32256 1 32271 1 32275 5 32284 1 32322 1 32336 10 32354 4 32382 3 32404 15 32465 10 32512 1 32532 3 32592 8 32609 5 32637 5 32661 15 32721 10 32768 1 32789 2 32850 5 32862 8 32889 9 32910 1 32918 15 32977 10 33024 1 33120 6 33143 11 33164 3 33175 14 33233 11 33280 2 33377 5 33395 15 33420 4 33431 15 33489 11 33537 1 33633 5 33651 15 33675 4 33686 16 33745 11 33890 4 33906 17 33931 4 33941 18 34002 9 34067 1 34146 5 34162 18 34185 5 34197 19 34260 7 34323 2 34400 2 34404 3 34418 20 34439 7 34452 20 34517 5 34579 2 34645 3 34656 2 34674 28 34708 21 34775 1 34899 6 34910 5 34930 27 34963 12 34977 8 35150 1 35155 6 35166 4 35188 12 35203 10 35219 11 35233 8 35405 2 35410 8 35422 3 35445 11 35460 8 35475 10 35490 6 35662 2 35665 8 35702 9 35716 7 35732 8 35745 7 35920 8 35942 3 35958 9 35972 7 35988 2 36000 8 36179 4 36198 3 36215 9 36228 6 36256 7 36436 3 36454 2 36472 8 36484 6 36511 8 36741 5 36766 8 36997 5 37022 8 37144 1 37252 6 37278 8 37399 4 37507 8 37520 2 37535 6 37654 5 37763 8 37776 1 37792 4 37910 4 38020 7 38167 2 38276 8 38532 9 38789 11 39046 11 39303 3 39310 1 39997 2 40252 2 40447 1 40507 2 40701 3 40762 3 40955 5 41032 3 41210 6 41286 7 41465 7 41541 8 41720 8 41797 9 41976 9 42046 3 42054 9 42067 2 42232 11 42302 5 42310 10 42322 3 42488 12 42541 5 42558 5 42566 10 42580 1 42745 11 42796 8 42813 7 42823 8 43001 11 43051 10 43070 8 43079 8 43257 11 43307 11 43326 8 43337 4 43513 10 43562 12 43582 8 43769 9 43817 5 43823 7 43838 8 44025 7 44072 3 44080 5 44094 8 44281 7 44327 2 44337 2 44351 6 44537 7 44580 2 44583 1 44608 5 44767 3 44793 7 44834 6 45023 4 45050 6 45089 7 45104 3 45279 5 45288 6 45307 5 45344 10 45359 5 45535 15 45599 13 45616 5 45790 16 45855 14 45872 3 45939 4 46044 19 46110 14 46128 2 46195 5 46294 25 46365 10 46383 2 46390 1 46421 2 46450 6 46549 23 46620 8 46636 5 46646 3 46674 6 46706 6 46805 20 46876 7 46892 5 46902 3 46930 7 46962 1 47060 20 47132 6 47148 6 47158 4 47185 7 47309 5 47316 17 47388 5 47404 6 47415 4 47440 7 47564 24 47646 1 47660 6 47672 3 47696 7 47820 24 47916 5 47929 3 47952 5 48075 21 48172 5 48185 4 48208 3 48332 19 48427 5 48443 2 48588 18 48681 6 48847 15 48936 5 48992 1 49105 13 49192 2 49248 1 49362 12 49448 1 49502 2 49619 11 49745 6 49758 2 49876 11 50000 9 50012 4 50132 12 50254 12 50267 5 50387 13 50510 18 50642 15 50766 19 50788 3 50896 19 51022 10 51033 8 51045 4 51151 23 51279 9 51293 2 51302 4 51407 22 51535 9 51559 3 51662 20 51776 1 51791 8 51918 17 52031 4 52047 8 52167 5 52174 16 52287 4 52304 6 52423 6 52430 15 52538 1 52542 5 52561 4 52679 22 52793 2 52797 5 52935 20 53049 8 53196 14 53305 7 53334 1 53463 2 53476 4 53561 7 53590 2 53732 6 53818 5 53965 3 53988 6 54064 3 54074 5 54221 4 54244 6 54320 3 54474 8 54500 6 54576 3 54729 9 54758 3 54984 10 55000 6 55133 2 55239 12 55255 9 55389 3 55496 11 55510 10 55645 4 55752 24 55842 2 55902 1 56008 24 56097 4 56265 21 56353 7 56421 2 56521 18 56609 8 56676 5 56777 16 56865 9 56933 3 57031 18 57120 10 57287 20 57376 10 57542 22 57618 5 57631 12 57798 28 57872 9 57886 12 58054 28 58127 26 58260 6 58310 28 58384 24 58515 7 58567 27 58641 22 58771 8 58823 27 58859 1 58899 2 58904 13 59027 7 59080 24 59114 2 59161 10 59283 7 59337 22 59369 3 59418 8 59539 6 59595 4 59602 13 59626 2 59673 9 59796 5 59828 2 59864 6 59929 9 60053 2 60084 1 60122 4 60184 9 60339 1 60379 2 60440 9 60695 9 60847 4 60952 7 61101 7 61208 6 61355 9 61439 1 61465 3 61610 11 61694 2 61866 12 61949 3 62121 13 62205 3 62377 14 62461 3 62633 15 62652 3 62656 2 62716 4 62890 15 62906 11 62972 4 63146 26 63228 4 63403 25 63483 5 63661 23 63739 5 63922 18 63996 4 64179 16 64253 3 64435 15 64691 14 64948 12 65203 12 65305 2 65459 10
398196, 
398477, 
399102,110 6 122 31 158 2 204 7 218 17 237 19 365 9 378 32 457 1 459 9 474 38 620 10 632 34 713 12 726 42 876 45 969 55 1131 46 1224 56 1386 47 1469 1 1479 57 1642 47 1723 3 1734 58 1898 47 1978 5 1989 59 2155 44 2200 1 2234 4 2245 1 2250 54 2411 45 2491 3 2507 53 2667 44 2719 5 2765 51 2922 39 2963 4 2973 7 3027 45 3178 40 3220 3 3228 9 3284 44 3434 46 3483 9 3540 9 3552 32 3690 58 3797 7 3809 31 3946 57 4055 3 4067 29 4202 56 4324 28 4457 56 4580 28 4712 55 4837 27 4968 54 5093 27 5223 55 5349 27 5478 56 5607 25 5734 55 5863 25 5991 52 6118 26 6248 50 6303 5 6374 26 6504 45 6559 6 6629 27 6761 43 6817 5 6830 3 6885 27 7017 43 7073 5 7085 4 7140 28 7273 42 7329 5 7341 4 7395 29 7529 41 7586 4 7598 2 7620 2 7639 3 7651 29 7786 40 7844 1 7874 6 7894 5 7906 30 8043 37 8127 9 8148 8 8162 30 8300 28 8382 10 8403 10 8417 31 8557 27 8600 2 8629 5 8638 10 8658 11 8672 27 8815 11 8827 13 8855 5 8884 6 8894 11 8913 12 8926 28 9073 9 9085 11 9110 7 9140 6 9150 11 9167 44 9331 7 9341 12 9366 7 9396 6 9407 13 9422 46 9588 7 9598 11 9625 4 9641 1 9652 5 9663 13 9677 49 9845 7 9855 11 9882 2 9896 3 9908 5 9919 13 9933 51 10101 8 10112 10 10153 4 10177 1 10190 50 10357 9 10369 10 10409 5 10446 50 10613 11 10627 8 10669 3 10703 6 10711 41 10869 11 10884 7 10925 5 10961 1 10968 40 11126 10 11141 6 11181 5 11200 6 11225 39 11382 11 11399 4 11437 5 11454 10 11481 37 11638 11 11655 4 11693 5 11708 13 11735 39 11894 12 11912 4 11950 3 11963 15 11988 41 12067 5 12116 4 12150 12 12166 6 12218 16 12243 41 12320 8 12372 6 12387 5 12397 6 12407 24 12474 16 12498 41 12575 9 12628 6 12642 46 12732 14 12752 42 12830 9 12883 8 12898 32 12931 15 12989 13 13005 44 13085 10 13140 6 13154 30 13188 16 13247 9 13260 45 13340 11 13357 5 13396 6 13410 28 13444 21 13504 6 13515 46 13566 2 13595 12 13612 7 13651 6 13665 29 13701 21 13760 6 13770 47 13820 4 13851 12 13867 9 13900 1 13906 7 13921 30 13957 22 14015 8 14026 54 14107 13 14123 9 14155 5 14161 9 14176 33 14213 23 14270 66 14363 26 14396 1 14410 16 14433 35 14469 24 14525 67 14610 2 14620 25 14652 2 14666 16 14689 35 14726 24 14778 70 14863 10 14877 24 14908 2 14922 6 14929 9 14945 35 14983 23 15032 72 15115 28 15147 10 15178 15 15201 61 15288 72 15370 28 15403 10 15434 13 15457 60 15543 73 15625 30 15660 9 15690 7 15713 56 15798 74 15881 31 15916 9 15946 6 15970 10 15981 27 16011 12 16053 75 16138 30 16173 7 16226 9 16238 28 16267 13 16308 75 16395 30 16430 4 16482 8 16494 9 16506 16 16524 13 16564 75 16651 29 16739 7 16750 10 16763 31 16821 75 16909 27 16996 5 17006 11 17021 30 17078 15 17094 58 17169 23 17263 45 17336 72 17428 19 17520 50 17593 71 17685 17 17768 5 17775 52 17849 71 17941 15 18024 59 18105 71 18199 5 18206 1 18280 58 18360 72 18535 36 18573 21 18616 72 18694 2 18747 2 18791 35 18830 19 18872 72 18948 5 18991 6 19001 5 19047 35 19086 19 19128 72 19203 5 19246 8 19256 6 19304 33 19343 17 19384 72 19459 4 19501 17 19560 25 19586 6 19601 15 19641 71 19715 4 19757 17 19816 32 19858 13 19897 71 19971 4 20013 18 20072 32 20114 13 20154 70 20227 5 20270 8 20279 7 20329 30 20370 12 20410 70 20484 5 20498 1 20527 4 20535 7 20585 30 20627 11 20666 70 20740 6 20753 3 20784 4 20790 8 20842 4 20847 23 20883 10 20923 69 20996 7 21009 4 21042 12 21105 20 21140 9 21180 68 21253 6 21266 1 21288 3 21298 12 21361 20 21395 10 21438 66 21509 6 21543 6 21554 13 21617 20 21651 9 21695 65 21766 4 21797 8 21810 14 21873 20 21907 9 21951 65 22047 15 22067 17 22130 18 22162 10 22173 7 22207 65 22303 11 22315 2 22323 19 22387 3 22391 13 22419 18 22463 65 22559 10 22579 20 22631 3 22647 12 22675 20 22699 4 22720 64 22815 9 22836 20 22886 4 22904 11 22932 29 22976 64 23071 9 23093 19 23141 5 23161 9 23190 28 23232 64 23326 5 23347 21 23398 4 23417 9 23450 24 23488 64 23582 4 23602 22 23654 3 23674 7 23710 2 23713 5 23719 11 23744 64 23839 2 23857 22 23911 3 23931 5 23961 1 23965 3 23970 2 23975 11 24000 64 24066 1 24096 1 24113 22 24168 2 24216 8 24231 11 24250 3 24256 64 24321 4 24336 1 24369 21 24424 5 24471 9 24487 11 24505 4 24513 69 24590 7 24624 21 24680 7 24727 27 24761 4 24771 67 24844 10 24880 22 24936 9 24983 26 25018 4 25028 65 25099 11 25136 22 25192 9 25239 25 25274 8 25286 62 25354 13 25392 15 25409 6 25448 10 25495 24 25531 69 25610 13 25649 13 25667 4 25704 10 25733 2 25751 18 25770 4 25778 3 25788 68 25866 14 25889 2 25896 3 25906 13 25924 2 25961 9 25975 2 25987 5 26007 22 26032 6 26043 69 26121 15 26144 12 26167 8 26218 16 26241 8 26264 20 26288 80 26378 14 26398 14 26422 10 26476 30 26520 19 26543 81 26634 15 26653 15 26677 12 26697 2 26735 29 26777 18 26799 81 26891 14 26909 15 26933 11 26953 4 26991 30 27023 3 27033 19 27055 81 27148 12 27165 16 27189 11 27209 4 27247 36 27290 18 27311 81 27404 11 27422 14 27445 7 27453 3 27466 3 27503 37 27546 102 27680 11 27701 6 27722 4 27759 37 27801 66 27870 34 27937 10 27957 6 27972 1 27978 4 28015 37 28056 104 28194 9 28215 4 28226 4 28234 5 28271 36 28311 13 28327 11 28342 74 28451 9 28471 5 28482 4 28491 4 28527 36 28567 26 28599 73 28707 14 28729 5 28739 3 28747 5 28784 16 28801 17 28823 26 28857 71 28964 14 28985 4 29003 5 29039 15 29059 14 29079 26 29113 67 29205 4 29221 15 29241 4 29259 5 29294 4 29316 12 29335 26 29369 64 29461 4 29480 13 29498 3 29515 4 29550 4 29573 10 29592 27 29624 66 29717 4 29736 13 29754 3 29762 1 29770 5 29806 4 29830 9 29850 26 29880 66 29974 2 29993 12 30087 7 30111 92 30249 12 30271 2 30344 5 30368 91 30505 11 30588 9 30600 5 30625 7 30637 80 30762 10 30841 19 30882 3 30894 73 30969 5 31019 8 31096 20 31151 13 31166 56 31247 4 31276 6 31351 21 31407 12 31423 55 31501 6 31534 2 31544 5 31606 22 31664 10 31679 55 31757 7 31799 7 31861 23 31920 8 31935 55 32012 8 32056 7 32073 3 32115 25 32178 3 32190 10 32203 32 32240 6 32268 9 32312 7 32328 5 32369 27 32446 10 32461 28 32497 5 32524 8 32570 1 32584 4 32622 30 32702 9 32718 22 32753 5 32768 3 32779 9 32841 2 32876 33 32957 10 32976 3 32981 14 33008 5 33024 4 33035 8 33132 34 33214 9 33228 6 33238 13 33263 5 33280 5 33291 7 33388 34 33470 8 33481 9 33494 12 33519 4 33536 6 33547 6 33644 35 33727 6 33735 12 33751 9 33774 4 33792 7 33802 7 33901 35 33953 3 33984 3 33991 12 34010 4 34029 5 34048 7 34059 5 34157 35 34208 7 34248 11 34285 5 34304 7 34317 2 34342 3 34414 35 34464 10 34504 11 34541 4 34560 6 34598 3 34670 36 34719 12 34761 9 34797 3 34816 6 34855 2 34927 35 34964 8 34975 13 35017 8 35041 3 35053 3 35072 5 35184 34 35219 27 35274 7 35298 2 35309 3 35325 8 35442 30 35474 30 35531 5 35555 1 35581 8 35699 29 35729 32 35769 1 35787 5 35836 8 35955 62 36024 3 36043 5 36091 8 36211 45 36264 9 36281 2 36299 5 36346 8 36467 38 36506 5 36520 9 36556 4 36602 6 36621 4 36723 37 36762 3 36777 7 36813 3 36858 6 36876 7 36979 43 37069 4 37113 7 37132 8 37234 44 37325 4 37351 1 37369 7 37388 9 37489 46 37581 5 37606 4 37625 7 37644 9 37704 5 37741 52 37837 5 37859 7 37882 6 37900 10 37958 9 37997 13 38012 37 38094 5 38114 10 38139 5 38156 10 38214 10 38253 12 38268 36 38350 6 38369 13 38396 4 38412 10 38469 12 38509 11 38525 34 38606 7 38625 10 38637 4 38653 1 38668 10 38725 13 38766 9 38785 31 38862 8 38881 9 38893 5 38925 8 38955 6 38982 13 38998 4 39023 7 39043 29 39118 9 39136 9 39150 5 39165 3 39184 4 39209 10 39239 21 39280 5 39299 30 39374 9 39391 10 39406 5 39421 3 39463 13 39497 20 39555 31 39631 10 39647 9 39661 7 39676 4 39714 2 39719 14 39757 17 39810 32 39847 1 39887 11 39903 9 39918 6 39932 4 39970 3 39975 17 40016 14 40038 1 40064 41 40143 11 40157 12 40174 3 40188 4 40226 3 40231 20 40273 14 40320 41 40398 13 40412 13 40431 2 40444 4 40487 20 40529 14 40576 42 40650 7 40661 21 40699 4 40744 20 40785 14 40832 42 40890 5 40905 7 40921 7 40930 9 41001 19 41040 17 41088 41 41145 9 41161 7 41178 5 41187 9 41258 18 41296 20 41344 41 41386 1 41400 10 41417 6 41435 3 41443 9 41517 15 41552 21 41601 43 41654 13 41700 14 41773 15 41808 27 41857 43 41906 8 41916 8 41955 17 42030 14 42065 27 42113 42 42160 10 42173 7 42210 18 42287 13 42321 27 42369 41 42415 12 42430 7 42466 19 42495 1 42546 9 42578 27 42625 41 42671 12 42687 6 42721 22 42748 3 42807 3 42835 26 42881 41 42927 12 42947 3 42977 31 43092 6 43099 18 43137 41 43183 13 43204 2 43234 30 43348 5 43356 18 43392 43 43438 14 43461 1 43491 29 43606 1 43613 17 43648 44 43694 14 43748 28 43870 16 43904 59 44004 28 44126 16 44160 58 44260 28 44382 16 44415 58 44516 28 44638 17 44672 57 44741 3 44773 27 44893 18 44928 58 44988 2 44996 5 45029 27 45146 21 45183 60 45244 3 45251 6 45281 31 45401 22 45439 76 45535 33 45657 22 45695 61 45758 13 45778 7 45786 38 45913 22 45951 61 46014 13 46033 47 46170 21 46207 76 46289 47 46426 20 46462 76 46545 47 46682 20 46717 77 46802 46 46939 19 46972 77 47058 46 47195 19 47227 77 47314 45 47451 19 47483 74 47558 1 47570 44 47708 17 47738 75 47826 45 47965 16 47993 75 48079 48 48222 14 48246 77 48334 49 48478 13 48501 76 48588 52 48735 11 48756 75 48843 53 48993 8 49012 74 49098 54 49244 1 49268 80 49351 57 49500 1 49523 141 49756 1 49779 141 50012 3 50022 3 50035 141 50267 6 50276 7 50290 142 50522 18 50546 142 50777 19 50802 53 50858 86 51033 19 51058 53 51115 85 51289 20 51315 52 51372 84 51545 20 51571 52 51628 84 51802 19 51829 8 51839 40 51884 84 52059 18 52086 6 52096 40 52141 83 52317 15 52343 3 52352 40 52401 79 52573 15 52608 41 52659 3 52665 71 52831 12 52864 42 52922 67 52990 2 53089 9 53119 44 53174 71 53348 5 53375 44 53425 75 53630 45 53681 73 53886 45 53937 72 54097 4 54142 44 54193 72 54353 4 54397 45 54449 72 54609 5 54653 44 54705 71 54792 2 54865 5 54910 44 54961 72 55040 1 55047 4 55121 4 55167 44 55218 73 55296 2 55303 5 55378 1 55424 43 55474 76 55552 3 55558 7 55681 42 55733 73 55808 4 55814 7 55937 42 55990 71 56064 14 56193 42 56246 71 56320 13 56449 43 56503 69 56576 13 56705 44 56759 69 56832 13 56960 49 57016 67 57088 13 57216 10 57229 37 57272 67 57344 13 57472 10 57485 40 57528 67 57600 12 57727 11 57741 42 57784 2 57788 63 57856 10 57983 12 57997 110 58112 8 58213 6 58239 124 58368 7 58468 8 58495 124 58624 6 58723 16 58750 125 58880 4 58977 19 59006 52 59064 67 59231 22 59260 53 59322 65 59484 28 59516 53 59581 63 59739 30 59772 22 59798 27 59838 63 59984 4 59995 31 60028 23 60055 13 60076 4 60095 62 60238 7 60251 33 60285 23 60311 12 60338 6 60352 61 60493 8 60507 70 60580 5 60592 10 60609 58 60748 10 60763 69 60835 7 60847 11 60866 57 61004 10 61019 68 61090 10 61102 13 61120 60 61252 4 61260 10 61276 66 61346 27 61374 62 61508 5 61516 10 61533 65 61601 95 61764 18 61790 162 62020 1 62023 15 62047 161 62279 16 62303 161 62536 15 62560 89 62650 70 62793 15 62816 87 62907 69 63049 15 63073 86 63163 69 63297 2 63306 14 63329 85 63418 63 63482 6 63553 3 63562 15 63586 82 63674 63 63738 3 63743 1 63809 4 63817 7 63825 9 63843 80 63931 2 63936 57 63994 2 64065 3 64074 6 64082 8 64100 81 64186 69 64322 2 64331 4 64339 8 64356 82 64441 71 64578 2 64586 6 64595 7 64612 117 64730 38 64834 1 64842 8 64853 4 64867 118 64986 38 65098 10 65122 119 65242 22 65267 13 65355 10 65377 120 65498 22 65526 10
402143,33 67 168 2 203 47 291 66 458 38 499 7 548 66 714 35 755 7 808 65 970 33 1010 8 1064 66 1227 6 1234 2 1240 18 1266 7 1319 68 1484 2 1499 15 1517 1 1520 9 1575 69 1653 2 1756 28 1830 73 1908 4 2009 26 2085 77 2163 5 2264 26 2341 15 2359 59 2420 5 2519 27 2597 12 2615 59 2677 4 2774 29 2854 7 2871 59 2933 4 3030 30 3110 6 3127 59 3190 3 3286 32 3383 59 3543 31 3583 1 3639 59 3799 32 3837 3 3896 58 3956 1 4056 31 4091 5 4153 57 4212 2 4312 40 4410 52 4463 2 4468 3 4568 40 4667 49 4723 4 4824 40 4923 49 4975 8 5081 26 5108 12 5180 48 5229 10 5337 26 5364 12 5436 59 5596 13 5613 5 5620 12 5691 47 5740 9 5859 6 5871 3 5876 12 5946 47 5998 6 6115 6 6127 3 6132 12 6202 46 6372 7 6383 2 6389 11 6459 46 6628 13 6645 11 6715 46 6884 12 6901 11 6972 6 6981 36 7141 11 7158 10 7238 36 7398 9 7414 10 7494 35 7655 5 7670 10 7750 35 7926 10 8006 35 8183 9 8263 34 8439 9 8519 15 8535 18 8697 7 8776 12 8790 12 8804 4 8954 6 9032 12 9045 12 9137 2 9211 5 9289 22 9391 5 9468 4 9544 22 9646 7 9725 3 9799 15 9815 7 9823 2 9902 7 9982 2 10055 13 10069 12 10160 4 10311 13 10326 6 10333 3 10568 11 10825 10 11082 9 11340 7 11411 3 11597 6 11665 6 11854 5 11920 8 12084 5 12111 5 12175 9 12339 6 12368 5 12430 11 12467 3 12477 6 12594 8 12626 4 12686 12 12721 20 12848 10 12883 3 12942 14 12976 22 13102 12 13198 14 13232 23 13357 13 13454 14 13488 23 13613 14 13710 14 13743 25 13868 15 13966 13 13999 25 14124 16 14222 13 14255 27 14380 23 14479 12 14511 29 14635 24 14736 11 14768 21 14793 5 14891 24 14992 10 15026 17 15049 5 15147 24 15248 9 15285 13 15306 4 15402 24 15504 8 15542 6 15552 2 15563 3 15657 26 15750 3 15761 5 15800 1 15808 2 15820 2 15912 27 16006 4 16063 2 16077 1 16168 27 16264 2 16318 2 16332 3 16423 28 16520 3 16573 3 16587 5 16678 29 16776 2 16826 6 16846 1 16933 29 17080 8 17186 32 17335 7 17363 1 17408 2 17441 13 17456 17 17530 4 17589 8 17616 6 17664 4 17697 13 17713 17 17786 4 17845 8 17873 5 17920 5 17952 14 17969 20 18041 5 18099 8 18130 4 18176 5 18208 14 18225 20 18297 5 18316 2 18355 7 18432 5 18464 13 18481 20 18554 4 18571 4 18611 1 18688 5 18719 14 18740 12 18753 3 18802 1 18826 4 18944 3 18974 14 19053 7 19082 3 19200 2 19229 14 19306 11 19485 7 19500 6 19558 16 19740 8 19755 8 19815 15 19996 8 20011 9 20071 15 20252 9 20267 10 20327 14 20508 9 20522 11 20584 12 20604 1 20764 10 20778 12 20800 1 20840 11 21020 11 21034 12 21055 4 21096 5 21276 27 21311 4 21342 4 21352 7 21532 29 21567 4 21597 7 21608 8 21790 30 21822 5 21853 8 21864 9 22047 36 22109 9 22119 11 22307 32 22365 21 22566 29 22621 16 22639 3 22822 29 22878 12 22895 3 23079 28 23122 4 23134 10 23152 3 23335 28 23376 7 23390 9 23408 4 23552 1 23586 4 23592 27 23630 9 23646 9 23664 5 23841 5 23850 24 23885 11 23902 9 23919 7 24095 7 24107 23 24140 12 24159 8 24174 9 24350 9 24365 20 24396 12 24415 7 24430 9 24444 3 24605 10 24621 19 24651 14 24672 5 24683 12 24699 5 24860 12 24878 17 24907 15 24939 13 24954 6 25112 17 25135 16 25164 15 25195 13 25209 7 25366 20 25392 15 25420 16 25452 20 25620 22 25649 14 25677 16 25711 17 25875 24 25906 13 25934 15 25969 17 26129 27 26164 11 26195 10 26226 18 26384 30 26421 10 26451 10 26483 18 26639 33 26678 8 26707 10 26740 18 26894 35 26934 8 26962 11 26996 18 27150 36 27190 9 27216 12 27251 19 27406 36 27446 10 27471 13 27502 24 27662 36 27702 12 27726 12 27758 23 27918 36 27958 13 27982 10 28013 23 28174 36 28215 12 28238 9 28269 22 28430 36 28472 11 28494 9 28524 22 28686 35 28729 10 28751 8 28778 24 28942 35 28986 9 29008 7 29034 24 29198 35 29243 7 29264 6 29288 25 29454 34 29499 6 29520 6 29544 24 29710 34 29756 3 29776 6 29800 24 29967 29 30032 8 30056 24 30224 22 30247 2 30288 10 30312 25 30481 18 30545 10 30568 25 30739 16 30802 11 30824 27 30912 4 30996 14 31050 3 31059 12 31080 28 31168 4 31255 10 31305 5 31315 12 31337 27 31425 3 31560 7 31570 14 31596 25 31816 24 31854 11 31869 8 32072 24 32111 9 32124 9 32327 25 32368 8 32378 11 32583 25 32623 9 32633 11 32839 24 32879 9 32889 11 33094 6 33101 18 33134 21 33350 6 33357 16 33388 20 33479 2 33606 6 33613 13 33642 22 33734 4 33862 6 33870 10 33897 23 33990 4 34118 5 34127 9 34152 27 34246 4 34373 6 34383 8 34408 28 34503 2 34627 7 34640 5 34664 29 34882 7 34896 3 34920 30 35137 8 35176 31 35393 8 35432 32 35584 1 35650 7 35687 17 35705 5 35711 10 35840 2 35845 2 35864 3 35906 7 35943 13 35962 4 35967 11 36096 9 36119 5 36162 6 36199 13 36218 18 36326 1 36352 10 36368 13 36419 4 36455 12 36474 19 36581 3 36608 11 36623 15 36710 13 36730 20 36837 3 36864 12 36879 15 36966 13 36986 20 37093 3 37120 31 37222 12 37242 20 37376 31 37477 11 37497 22 37632 32 37732 12 37755 20 37831 2 37851 2 37888 33 37986 13 38015 17 38085 6 38106 4 38144 33 38243 12 38272 16 38326 3 38340 7 38362 4 38400 34 38499 11 38530 14 38581 5 38596 7 38618 4 38656 35 38756 9 38787 13 38837 5 38852 8 38875 3 38912 35 39014 1 39043 14 39094 3 39108 8 39131 1 39168 36 39300 15 39364 8 39424 36 39557 16 39620 8 39680 36 39814 15 39876 8 39936 36 40071 16 40088 1 40132 7 40192 36 40329 19 40388 7 40448 37 40587 18 40645 6 40704 37 40844 17 40901 5 40960 37 41101 16 41157 5 41216 37 41358 15 41413 5 41472 37 41616 10 41670 3 41728 37 41876 3 41984 36 42240 36 42496 36 42752 37 42912 2 43008 38 43148 5 43166 14 43264 39 43404 4 43422 15 43520 40 43660 3 43677 17 43776 41 43850 1 43933 17 44032 4 44037 36 44104 7 44188 18 44288 3 44294 35 44359 9 44444 18 44544 3 44552 32 44614 11 44698 20 44800 4 44806 33 44870 4 44875 6 44953 14 44972 1 45056 9 45066 28 45126 1 45134 2 45209 14 45312 9 45323 26 45465 13 45484 1 45568 10 45590 14 45721 12 45739 3 45824 10 45846 14 45977 12 45994 4 46080 12 46102 13 46148 3 46234 11 46250 5 46336 12 46359 12 46404 3 46490 10 46505 6 46592 3 46600 3 46616 3 46636 1 46659 4 46748 5 46761 6 46848 2 46872 1 46891 4 46915 5 47019 3 47104 1 47128 2 47147 4 47172 4 47184 1 47402 6 47428 4 47440 1 47658 6 47730 1 47914 7 47984 4 48170 7 48240 3 48426 8 48682 8 48938 8 48996 1 49194 8 49250 4 49337 1 49450 8 49505 5 49591 7 49707 8 49736 1 49761 5 49839 2 49846 9 49964 7 49992 2 50017 4 50094 4 50100 13 50220 6 50248 1 50274 2 50350 19 50476 5 50487 5 50605 20 50732 3 50742 7 50780 4 50861 12 50877 4 50998 7 51034 11 51117 11 51254 7 51289 14 51372 11 51510 7 51538 21 51627 11 51767 5 51792 23 51882 11 51902 3 52024 1 52046 25 52138 10 52158 4 52302 25 52393 7 52402 1 52407 1 52412 6 52558 24 52649 6 52662 13 52814 9 52826 11 52905 6 52915 17 53069 9 53083 10 53160 7 53170 18 53306 3 53323 10 53339 9 53416 8 53426 18 53532 3 53562 2 53578 11 53596 8 53672 27 53789 2 53818 1 53834 10 53852 7 53927 17 53950 3 54045 3 54090 10 54101 2 54108 7 54182 15 54299 5 54347 13 54363 6 54438 13 54555 4 54603 18 54637 2 54694 11 54859 17 54892 5 54950 10 55000 3 55106 3 55115 16 55147 7 55206 9 55255 5 55360 5 55370 17 55403 7 55462 8 55511 5 55560 2 55615 7 55626 9 55637 7 55658 8 55718 7 55766 6 55815 4 55869 11 55881 10 55893 8 55914 7 56022 6 56051 5 56071 5 56123 24 56149 9 56170 6 56278 5 56301 1 56305 8 56327 6 56379 37 56428 1 56453 4 56535 3 56555 15 56583 8 56634 40 56703 12 56810 17 56839 10 56891 40 56957 15 57065 19 57088 1 57096 10 57147 41 57212 21 57321 19 57344 4 57352 13 57405 38 57468 6 57475 16 57576 20 57600 6 57607 15 57662 36 57724 6 57732 16 57831 21 57856 23 57919 33 57980 4 57989 16 58082 26 58112 24 58138 6 58175 7 58183 14 58246 15 58338 26 58368 32 58432 5 58441 11 58503 14 58593 28 58624 33 58697 9 58760 12 58849 29 58880 33 58955 5 59015 13 59104 30 59136 33 59271 13 59359 31 59392 33 59527 14 59614 31 59648 33 59783 14 59870 30 59904 33 60039 15 60126 31 60160 32 60294 17 60382 31 60416 31 60551 16 60638 31 60672 28 60809 15 60894 31 60928 28 61065 15 61150 31 61184 27 61307 4 61322 15 61406 32 61440 26 61562 6 61575 18 61661 61 61817 10 61830 19 61916 61 62073 32 62172 58 62328 32 62427 60 62584 32 62683 60 62840 31 62939 60 63097 7 63106 20 63195 35 63232 22 63353 5 63364 17 63451 34 63488 22 63610 2 63621 15 63706 35 63744 21 63877 14 63900 5 63940 2 63962 35 64000 22 64075 5 64133 14 64156 6 64192 9 64217 35 64256 22 64329 8 64389 14 64411 7 64430 5 64447 10 64473 35 64512 22 64583 10 64640 20 64667 5 64685 12 64702 12 64728 35 64768 21 64836 13 64896 21 64921 3 64931 24 64958 13 64984 34 65024 21 65092 13 65152 21 65176 3 65187 25 65213 14 65240 34 65280 20 65347 14 65407 23 65432 2 65442 41 65496 33
402654,0 65536
403524,0 58 125 9 145 8 172 2 256 58 381 9 402 6 428 2 512 58 637 9 659 4 683 4 768 58 893 8 938 6 1024 59 1149 7 1194 6 1280 60 1406 2 1409 3 1449 7 1536 60 1704 8 1792 60 1922 1 1960 8 2048 59 2125 3 2215 8 2304 59 2381 3 2472 6 2560 60 2627 3 2637 3 2728 5 2816 60 2882 6 3020 3 3072 62 3137 8 3194 1 3275 5 3328 76 3408 3 3450 2 3531 5 3584 78 3663 5 3704 4 3787 6 3840 86 3929 4 3936 1 3960 5 4013 3 4043 5 4096 99 4215 6 4268 5 4299 3 4352 99 4472 6 4482 3 4524 8 4548 7 4608 99 4728 14 4779 12 4804 7 4864 99 4984 15 5036 12 5060 8 5072 1 5120 99 5241 15 5292 16 5316 9 5326 4 5376 99 5496 16 5549 17 5572 13 5622 3 5632 97 5752 16 5806 16 5828 13 5877 5 5888 93 6009 16 6062 17 6084 14 6133 6 6144 92 6265 16 6319 16 6341 13 6388 7 6400 92 6522 8 6535 2 6575 16 6598 3 6606 2 6644 8 6656 90 6778 4 6830 17 6900 8 6912 89 7020 2 7031 8 7066 1 7086 6 7096 6 7156 8 7168 88 7275 4 7284 12 7317 8 7341 6 7352 5 7412 9 7424 87 7531 22 7569 14 7596 7 7610 2 7635 4 7661 3 7669 8 7680 87 7787 23 7824 16 7851 8 7891 7 7907 1 7916 4 7925 8 7936 88 8042 24 8079 17 8108 7 8148 6 8162 4 8171 6 8181 7 8192 88 8298 25 8335 17 8365 5 8404 6 8416 7 8426 7 8437 7 8448 87 8553 26 8593 15 8661 5 8672 9 8682 7 8694 6 8704 87 8808 28 8850 14 8917 4 8928 9 8938 7 8952 3 8960 88 9049 6 9062 34 9106 14 9176 2 9184 9 9196 4 9216 139 9362 14 9439 9 9453 2 9472 139 9618 13 9695 9 9728 141 9875 12 9951 8 9984 138 10130 13 10208 7 10240 135 10386 13 10464 7 10496 132 10641 14 10721 4 10752 131 10897 14 11008 132 11151 1 11153 12 11264 135 11406 13 11467 3 11520 135 11662 12 11723 4 11772 2 11776 136 11918 12 11982 2 12025 144 12174 13 12281 145 12430 14 12537 162 12794 160 13051 134 13188 21 13308 132 13445 15 13565 132 13701 15 13822 133 13957 15 14079 151 14336 151 14490 1 14592 157 14848 158 15087 6 15104 161 15342 7 15360 162 15597 8 15616 163 15852 9 15872 163 16107 10 16128 164 16363 10 16384 164 16619 11 16639 166 16875 11 16895 166 17129 4 17134 8 17152 165 17383 16 17408 166 17639 8 17648 3 17652 5 17659 1 17664 166 17895 6 17909 3 17915 1 17920 166 18151 5 18167 1 18170 3 18176 166 18408 2 18423 7 18432 166 18678 175 18935 174 19191 175 19447 168 19620 3 19703 167 19959 157 20120 6 20215 157 20375 7 20470 157 20629 9 20644 2 20726 7 20734 162 20900 2 20983 6 20990 164 21157 1 21239 7 21248 169 21495 8 21504 170 21703 1 21751 8 21760 170 22007 4 22016 170 22197 3 22231 1 22264 2 22272 171 22451 7 22485 4 22528 171 22706 8 22740 6 22784 171 22961 9 22995 7 23040 172 23217 9 23251 8 23296 174 23472 10 23507 8 23552 186 23763 9 23808 186 24019 9 24064 186 24277 7 24320 186 24535 3 24576 186 24832 186 25027 7 25047 1 25088 148 25237 37 25281 13 25301 3 25344 186 25535 17 25556 5 25600 209 25810 7 25825 3 25856 217 26081 2 26112 216 26337 1 26368 216 26593 1 26624 216 26880 216 27136 216 27365 1 27392 216 27621 3 27648 209 27860 3 27876 5 27904 203 28132 5 28160 201 28387 7 28416 200 28626 3 28643 7 28672 200 28882 3 28899 7 28928 200 29138 3 29155 7 29184 200 29391 1 29412 5 29440 200 29668 6 29696 192 29889 7 29900 2 29926 4 29952 200 30184 3 30208 200 30440 4 30464 200 30674 3 30696 4 30720 201 30922 4 30928 5 30953 3 30976 205 31183 6 31232 205 31439 7 31488 205 31696 6 31735 1 31744 205 31952 7 31967 2 31989 3 32000 206 32208 9 32244 4 32256 221 32499 5 32512 224 32755 5 32768 224 33012 3 33024 225 33280 226 33533 1 33536 226 33788 231 34043 233 34299 233 34560 229 34816 229 35072 230 35328 223 35552 7 35584 148 35733 73 35809 6 35840 136 35977 8 35989 72 36067 5 36096 135 36236 4 36243 75 36324 6 36352 133 36494 1 36498 76 36580 7 36608 133 36749 3 36753 78 36836 11 36864 133 37004 84 37094 10 37120 133 37259 86 37350 11 37376 133 37513 88 37607 11 37632 133 37768 90 37863 11 37888 227 38120 10 38144 228 38376 11 38400 229 38632 12 38656 247 38912 249 39168 251 39421 2 39424 1279 40704 2815 43520 255 43776 255 44032 255 44288 1791 46080 254 46336 254 46592 253 46848 253 47104 253 47360 252 47616 251 47872 250 48128 250 48384 251 48640 251 48896 251 49152 250 49408 250 49664 247 49920 246 50176 246 50425 1 50429 2 50432 246 50681 1 50684 250 50941 249 51197 242 51442 5 51456 239 51698 6 51712 239 51953 7 51968 239 52208 8 52224 248 52480 248 52736 243 52981 3 52992 243 53238 2 53248 242 53504 242 53760 243 54016 235 54254 6 54272 235 54511 6 54528 235 54767 7 54784 236 55022 8 55040 236 55278 8 55296 236 55534 9 55552 248 55808 247 56064 246 56320 247 56576 247 56831 248 57087 248 57343 246 57599 246 57853 248 58107 250 58362 251 58617 6 58624 245 58872 7 58880 245 59126 9 59136 511 59648 255 59904 253 60160 252 60416 252 60672 253 60928 2795 63724 254 63983 16 64000 235 64240 252 64496 254 64752 254 65008 253 65264 253 65520 16
403905,0 1 7 40 68 44 161 8 225 15 264 39 325 43 417 9 480 16 521 38 581 43 673 10 684 1 734 18 778 36 838 41 929 13 989 20 1015 3 1034 36 1093 42 1185 13 1244 22 1271 3 1291 35 1348 43 1440 14 1499 24 1526 4 1536 1 1548 34 1603 33 1638 9 1696 13 1754 27 1783 2 1792 2 1805 34 1859 33 1894 8 1915 6 1953 13 2009 28 2048 2 2062 33 2115 32 2151 7 2170 8 2196 1 2209 12 2265 28 2304 3 2318 33 2371 31 2407 6 2426 8 2465 11 2521 27 2560 3 2575 32 2628 30 2663 5 2681 9 2724 6 2776 28 2816 4 2832 31 2885 28 2918 4 2937 8 3032 27 3071 7 3089 29 3141 27 3174 4 3195 6 3283 32 3320 2 3325 11 3347 26 3398 26 3430 3 3538 32 3574 18 3605 21 3653 27 3686 2 3794 31 3830 18 3862 17 3909 27 3942 1 4040 4 4049 32 4087 17 4120 8 4129 2 4159 32 4279 3 4294 6 4304 32 4342 18 4414 33 4534 4 4549 9 4560 32 4598 17 4669 30 4789 6 4804 44 4852 19 4924 30 4964 1 5043 8 5060 44 5107 20 5180 26 5220 1 5297 9 5315 46 5362 22 5437 24 5476 2 5553 7 5571 45 5618 23 5693 23 5731 4 5809 5 5823 48 5874 23 5949 22 5986 6 6065 3 6078 48 6130 24 6205 21 6241 10 6322 1 6333 48 6386 23 6461 20 6496 12 6589 48 6641 23 6716 20 6752 13 6825 5 6844 48 6896 23 6972 19 7009 11 7080 6 7100 48 7152 21 7228 18 7265 11 7335 8 7355 49 7407 22 7484 17 7522 10 7591 8 7610 51 7662 24 7740 16 7778 11 7847 8 7866 77 7950 2 7996 16 8035 18 8103 7 8122 77 8206 3 8221 2 8253 13 8292 17 8359 6 8382 74 8462 2 8472 1 8509 13 8550 15 8614 8 8639 73 8718 1 8764 14 8807 14 8870 8 8896 72 9020 13 9064 13 9125 8 9153 6 9163 62 9276 12 9310 5 9320 14 9380 9 9422 64 9532 12 9565 28 9636 8 9682 25 9708 34 9788 12 9820 31 9892 7 9940 2 9944 18 9965 33 10045 11 10075 32 10114 7 10147 8 10200 17 10221 33 10301 11 10331 33 10369 9 10404 6 10456 18 10476 27 10505 4 10558 11 10586 49 10640 3 10661 4 10709 48 10816 10 10841 50 10895 5 10964 36 11008 3 11073 11 11096 61 11213 43 11264 2 11329 12 11351 62 11468 43 11585 13 11605 65 11724 44 11841 13 11860 66 11979 45 12061 3 12096 15 12115 68 12235 45 12310 1 12313 8 12351 16 12371 69 12490 46 12564 13 12606 92 12745 47 12819 15 12862 94 13001 46 13075 15 13116 99 13257 46 13332 14 13371 101 13513 45 13588 15 13626 104 13769 45 13845 15 13881 106 14025 44 14101 16 14137 107 14282 43 14359 14 14393 107 14538 42 14616 13 14648 109 14795 41 14873 12 14904 109 15053 38 15129 13 15159 111 15311 36 15385 13 15415 114 15570 32 15639 16 15671 119 15826 34 15871 1 15891 20 15926 122 16082 35 16126 2 16144 23 16182 123 16337 36 16382 2 16398 25 16438 124 16592 37 16632 3 16638 2 16654 25 16694 125 16846 39 16888 8 16909 25 16950 126 17100 41 17143 9 17165 25 17206 128 17354 54 17420 25 17462 129 17608 56 17676 26 17717 131 17863 57 17932 27 17973 132 18117 59 18188 28 18229 133 18371 61 18444 29 18484 135 18625 63 18700 29 18739 205 18956 30 18992 208 19213 30 19245 211 19469 243 19725 243 19981 243 20237 243 20492 244 20748 244 21003 245 21258 246 21513 247 21768 248 22023 249 22279 250 22534 6737 29273 253 29529 253 29785 4542 34329 253 34585 252 34841 252 35097 252 35353 251 35608 252 35863 252 36119 251 36375 250 36631 250 36886 251 37142 251 37398 251 37653 252 37909 251 38165 250 38422 248 38679 247 38935 246 39190 248 39445 245 39691 4 39699 247 39949 253 40205 253 40460 254 40715 1791 42508 243 42752 9 42765 242 43008 9 43021 242 43264 9 43279 240 43520 10 43536 252 43793 252 44049 1518 45568 509 46078 255 46334 257 46592 255 46848 255 47104 255 47360 255 47616 511 48128 251 48384 250 48640 249 48896 250 49152 251 49408 251 49664 76 49745 170 49920 76 50002 169 50176 74 50259 168 50432 74 50516 167 50688 56 50753 8 50772 167 50944 2 50948 51 51011 5 51029 166 51200 52 51285 165 51456 52 51542 164 51716 48 51799 167 51973 47 52058 166 52229 48 52315 70 52387 93 52485 49 52572 69 52647 89 52743 48 52829 69 52904 88 53001 2 53004 44 53087 68 53160 88 53260 44 53344 70 53417 87 53506 5 53515 10 53530 31 53569 6 53607 64 53673 87 53761 20 53786 31 53824 11 53863 174 54043 30 54079 14 54119 163 54284 10 54299 8 54309 23 54333 16 54375 162 54540 10 54556 5 54566 40 54631 148 54780 13 54795 13 54809 9 54823 6 54834 27 54887 150 55040 8 55050 25 55079 3 55093 25 55141 152 55296 43 55348 27 55397 154 55552 43 55604 27 55652 199 55859 29 55908 199 56115 29 56165 181 56349 14 56371 30 56421 180 56605 14 56627 30 56677 80 56762 97 56861 14 56882 31 56934 81 57018 112 57138 31 57190 82 57274 112 57394 31 57433 2 57446 197 57649 31 57688 99 57790 66 57857 79 57942 100 58046 66 58114 77 58197 100 58303 65 58370 77 58453 100 58559 65 58625 77 58708 100 58816 104 58921 37 58964 100 59072 103 59178 36 59220 100 59329 102 59434 37 59475 101 59586 101 59690 142 59844 244 60103 242 60360 244 60617 244 60873 244 61130 244 61386 244 61642 245 61899 244 62156 244 62412 244 62668 59 62728 184 62924 58 62985 184 63180 58 63242 184 63436 52 63501 87 63594 89 63692 52 63758 76 63851 89 63948 52 64017 72 64107 88 64205 51 64275 70 64363 88 64461 51 64536 64 64619 88 64717 51 64793 63 64875 88 64973 51 65048 64 65131 88 65229 51 65303 65 65387 88 65485 51
409913,0 13 42 18 61 3 67 14 84 1 94 6 105 6 121 11 162 2 211 9 256 12 298 39 340 3 349 7 361 5 378 9 467 8 512 12 553 41 595 5 604 7 618 4 634 8 725 5 768 11 809 58 875 2 891 7 902 2 1024 10 1064 58 1132 1 1149 2 1155 6 1280 9 1320 59 1411 7 1536 9 1575 60 1648 2 1666 8 1792 9 1831 61 1903 3 1922 8 2048 9 2087 61 2158 5 2178 7 2304 9 2343 61 2414 5 2434 5 2560 9 2599 61 2670 6 2690 2 2816 8 2856 60 2925 7 2946 1 3072 8 3114 57 3178 10 3328 8 3373 54 3434 11 3584 7 3630 53 3690 11 3840 7 3886 54 3946 12 4096 7 4143 54 4202 13 4352 7 4399 54 4458 14 4474 5 4608 6 4655 55 4714 23 4738 1 4748 1 4864 6 4911 57 4971 23 5004 2 5120 5 5167 57 5227 23 5259 5 5376 4 5424 56 5483 22 5515 5 5632 1 5680 60 5744 17 5771 6 5936 50 5988 9 6000 16 6029 6 6193 48 6246 7 6256 15 6286 5 6450 24 6477 20 6504 5 6511 14 6543 4 6707 22 6735 19 6762 3 6767 12 6800 2 6964 20 6991 23 7023 12 7221 19 7248 25 7279 12 7480 3 7487 9 7505 25 7535 11 7745 6 7762 25 7790 12 8020 37 8278 35 8331 1 8538 31 8586 3 8796 29 8842 3 9052 16 9069 12 9098 1 9308 14 9327 10 9352 1 9564 12 9584 9 9608 1 9820 9 9841 9 9863 2 10076 10 10097 9 10118 4 10332 10 10353 9 10373 5 10590 9 10610 7 10629 6 10848 7 10868 4 10885 6 11075 2 11106 4 11142 5 11330 4 11398 5 11654 5 11911 4 12168 2 13453 4 13709 2 24831 1 25085 3 25340 4 25595 5 25842 2 25849 7 26097 15 26353 15 26608 16 26864 16 27120 16 27376 16 27632 16 27888 16 28144 16 28363 5 28400 16 28604 5 28617 8 28655 17 28858 10 28869 13 28910 18 29097 3 29113 26 29165 19 29352 6 29362 33 29421 19 29607 9 29617 34 29677 19 29863 44 29932 20 30119 45 30188 20 30375 45 30445 19 30631 45 30701 6 30711 9 30774 6 30887 45 30958 4 30968 8 31029 8 31144 44 31224 8 31282 12 31400 44 31480 8 31537 13 31657 42 31736 8 31792 14 31913 33 31947 8 31992 8 32046 17 32169 32 32205 5 32233 6 32247 9 32300 19 32425 31 32489 8 32503 9 32542 4 32556 20 32682 30 32744 11 32759 9 32797 6 32811 22 32938 30 33000 13 33014 8 33053 5 33067 23 33195 29 33255 22 33309 5 33323 24 33451 29 33510 22 33565 5 33578 26 33707 8 33717 19 33766 16 33822 3 33833 27 33964 6 33975 10 33986 6 34021 16 34088 28 34219 7 34234 2 34244 3 34276 16 34343 29 34475 6 34532 16 34599 29 34730 7 34788 16 34854 30 34986 7 35043 16 35106 34 35240 9 35299 16 35361 35 35495 9 35555 16 35617 35 35751 9 35811 16 35873 36 36007 8 36068 15 36129 36 36264 6 36324 15 36384 37 36523 1 36580 15 36640 38 36835 15 36896 38 37090 16 37152 38 37345 17 37369 2 37407 39 37601 17 37625 3 37664 37 37857 16 37880 6 37920 35 38113 14 38136 8 38177 29 38369 13 38392 8 38433 7 38443 18 38553 3 38625 11 38647 1 38689 6 38700 16 38808 5 38881 11 38946 3 38956 15 39063 7 39138 10 39213 14 39319 7 39396 8 39468 10 39576 7 39654 6 39724 7 39832 7 39911 4 39979 7 40089 5 40234 8 40251 4 40346 4 40431 1 40489 10 40506 6 40685 4 40744 12 40761 7 40780 2 40940 5 40999 33 41033 6 41197 3 41254 42 41509 45 41763 46 41862 3 41916 5 42017 30 42056 6 42117 5 42170 11 42273 29 42308 1 42311 2 42372 8 42425 13 42528 29 42563 6 42628 9 42680 15 42784 29 42817 9 42883 10 42935 17 43040 43 43138 10 43190 18 43297 43 43394 8 43445 19 43553 44 43628 2 43649 8 43701 19 43809 44 43883 5 43905 7 43957 18 44065 43 44139 6 44160 7 44213 18 44321 42 44395 7 44416 6 44469 6 44476 3 44577 41 44653 5 44673 5 44728 1 44833 41 44910 4 44930 3 45089 42 45166 4 45345 42 45424 1 45601 43 45858 43 46114 43 46370 43 46627 42 46883 42 46975 1 47140 39 47230 3 47396 39 47486 3 47653 38 47909 38 48165 38 48422 37 48498 3 48678 37 48753 7 48934 37 49008 9 49190 37 49263 11 49446 37 49518 12 49667 3 49702 28 49732 1 49773 14 49922 6 49959 27 50028 15 50177 8 50215 27 50284 14 50432 16 50472 27 50540 14 50688 17 50728 27 50796 13 50944 19 50985 26 51052 12 51201 20 51242 4 51249 18 51308 12 51458 6 51471 7 51507 16 51568 7 51714 5 51729 6 51770 9 51971 4 51985 6 52027 7 52227 4 52242 5 52283 6 52483 4 52499 5 52540 5 52739 4 52755 4 52796 4 52996 3 53011 4 53052 4 53266 5 53308 3 53522 5 53566 1 53576 1 53622 3 53762 2 53777 6 54016 5 54028 10 54272 5 54283 7 54528 6 54538 7 54784 5 54793 9 55040 5 55049 10 55296 4 55308 8 55552 3 55566 7 55808 2 55823 7 55866 3 56064 2 56079 8 56117 13 56320 2 56335 8 56372 15 56576 2 56591 8 56628 16 56832 2 56847 8 56884 17 57088 2 57103 8 57140 18 57166 3 57359 8 57396 18 57421 8 57431 2 57615 7 57652 18 57676 8 57687 2 57872 5 57909 17 57932 7 57944 1 58165 17 58188 4 58422 16 58446 1 58624 1 58634 1 58679 15 58880 1 58936 14 59133 4 59145 2 59149 3 59197 9 59388 4 59400 7 59456 5 59643 5 59656 7 59897 7 59913 5 60153 7 60169 5 60181 5 60220 1 60409 7 60426 4 60436 7 60665 7 60682 4 60691 9 60705 2 60921 7 60947 6 60961 2 60995 4 61177 4 61182 2 61203 5 61219 1 61250 6 61434 2 61439 1 61476 1 61487 2 61506 4 61691 1 61732 3 61742 6 61761 3 61988 3 61999 2 62206 2 62244 2 62460 4 62717 3 62973 3 63230 2 63487 1 63742 2 63997 3 64252 4 64505 7 64760 8 65015 9 65271 9 65526 10
416208,6655 1 6909 3 7162 6 7413 11 7666 14 7920 16 8172 20 8425 23 8679 25 8933 27 9188 28 9440 32 9691 37 9943 41 10197 43 10450 46 10700 52 10955 53 11210 54 11464 56 11719 57 11974 58 12229 59 12476 4 12482 62 12729 8 12738 62 12984 9 12994 62 13239 73 13494 74 13749 75 14003 77 14256 80 14507 85 14762 86 15012 92 15262 98 15516 100 15771 101 16026 102 16282 102 16535 105 16785 1 16788 108 17039 113 17295 113 17551 113 17806 114 18061 115 18314 118 18569 119 18825 119 19080 120 19336 120 19592 120 19848 120 20103 121 20359 121 20615 121 20871 121 21127 121 21383 121 21638 122 21893 123 22148 124 22400 2 22403 125 22656 128 22912 128 23167 129 23420 132 23676 132 23931 133 24185 135 24440 136 24696 136 24952 136 25174 1 25207 137 25430 1 25463 137 25686 1 25719 137 25942 1 25975 137 26137 2 26233 135 26394 1 26453 2 26490 134 26708 3 26747 133 26963 5 27002 24 27028 10 27039 97 27162 1 27216 1 27219 5 27250 1 27256 22 27295 97 27473 7 27506 1 27511 23 27551 97 27656 3 27729 7 27762 1 27766 24 27806 98 27905 1 27912 3 27984 8 28018 29 28062 104 28170 2 28240 8 28258 1 28274 30 28307 6 28316 106 28496 7 28530 40 28571 107 28752 6 28782 153 29009 4 29034 1 29038 155 29268 1 29290 2 29295 154 29546 2 29549 156 29805 43 29849 113 30062 43 30109 109 30264 1 30267 2 30314 1 30319 42 30365 109 30520 5 30575 155 30775 7 30829 157 31034 4 31086 156 31342 157 31597 5 31603 152 31776 5 31808 1 31852 6 31860 151 32032 6 32108 159 32287 6 32364 159 32543 6 32619 163 32799 6 32810 1 32828 3 32860 1 32874 163 33055 3 33059 4 33083 4 33100 4 33116 1 33130 162 33316 5 33330 3 33335 3 33341 4 33356 5 33386 162 33572 4 33585 17 33612 3 33641 163 33826 1 33840 20 33866 2 33895 165 34094 22 34122 1 34150 166 34349 23 34406 2 34410 162 34603 26 34670 159 34858 29 34926 159 35112 30 35184 157 35364 34 35441 155 35614 1 35617 37 35697 155 35870 6 35877 34 35922 1 35930 3 35953 156 36126 42 36178 1 36186 3 36210 156 36379 38 36419 6 36430 4 36441 6 36466 156 36634 39 36675 8 36685 6 36698 2 36702 1 36722 156 36892 48 36941 8 36979 155 37147 59 37208 1 37235 156 37403 59 37463 2 37490 158 37658 63 37746 159 37906 4 37912 64 38002 235 38258 235 38514 235 38770 235 39027 234 39283 234 39540 236 39796 237 40052 238 40292 1 40308 241 40564 242 40820 152 40973 89 41077 150 41233 86 41332 149 41489 85 41587 147 41745 85 41843 145 42002 83 42098 142 42258 82 42354 142 42511 84 42611 141 42771 79 42867 141 43029 75 43124 140 43285 75 43380 140 43540 76 43636 140 43796 46 43843 30 43892 140 44052 46 44099 31 44147 141 44309 78 44394 1 44403 141 44566 77 44658 142 44822 79 44914 142 45079 81 45169 143 45335 84 45425 143 45591 85 45682 142 45848 84 45937 143 46104 86 46191 145 46361 231 46616 232 46873 231 47129 231 47385 231 47641 231 47896 232 48152 232 48409 231 48665 231 48921 231 49177 231 49433 231 49692 228 49950 226 50206 226 50462 226 50718 226 50975 225 51232 224 51489 223 51745 223 52000 224 52256 224 52512 224 52768 224 53024 224 53279 225 53523 2 53535 225 53779 4 53791 225 54034 9 54047 225 54291 9 54303 225 54548 9 54558 226 54802 238 55055 241 55311 241 55566 242 55820 244 56076 244 56332 244 56588 244 56845 243 57101 243 57357 243 57613 243 57868 244 58124 244 58379 245 58634 246 58890 246 59146 246 59401 247 59657 247 59913 247 60170 246 60428 244 60686 242 60943 241 61200 240 61456 240 61711 241 61965 243 62221 243 62476 244 62728 248 62985 247 63242 246 63503 241 63761 239 64015 241 64270 204 64477 35 64533 182 64719 11 64734 34 64790 180 64977 6 64992 32 65046 180 65234 4 65241 1 65248 32 65303 41 65345 138 65492 2 65497 1 65505 31
416662,56 7 76 6 112 1 117 15 162 17 180 47 312 7 333 5 371 17 418 64 567 8 590 4 625 19 674 63 822 10 846 5 881 19 931 50 982 13 1077 11 1092 4 1103 4 1137 19 1189 48 1238 14 1332 12 1348 4 1359 5 1392 19 1448 60 1586 14 1605 2 1616 4 1649 18 1704 60 1841 15 1873 3 1906 16 1960 61 2097 16 2130 1 2163 14 2216 61 2353 18 2421 10 2472 60 2609 18 2678 7 2728 60 2814 2 2859 3 2865 19 2935 5 2982 53 3036 7 3068 4 3114 5 3121 19 3192 4 3237 14 3252 3 3257 34 3292 6 3323 5 3370 5 3377 19 3448 4 3493 18 3514 1 3519 17 3539 14 3579 5 3627 3 3633 19 3686 1 3703 4 3749 18 3778 2 3789 2 3796 12 3835 5 3875 6 3889 19 3926 3 3940 4 3959 4 4005 18 4054 7 4091 5 4129 9 4144 20 4180 7 4195 5 4215 3 4261 17 4312 4 4347 5 4384 11 4399 22 4435 9 4451 4 4518 16 4542 3 4552 6 4568 4 4603 5 4640 11 4655 24 4688 14 4708 2 4775 15 4798 3 4807 8 4825 2 4859 5 4895 13 4910 26 4942 6 4950 9 4964 1 4976 2 5032 4 5039 7 5055 2 5062 12 5081 1 5115 5 5151 42 5197 6 5211 5 5232 2 5296 6 5318 14 5372 4 5407 15 5424 26 5451 7 5467 6 5547 3 5554 3 5574 15 5628 4 5663 15 5682 24 5707 7 5724 5 5802 6 5830 16 5884 4 5919 15 5935 25 5962 8 6058 11 6087 16 6143 1 6175 41 6218 9 6313 13 6344 15 6432 46 6569 14 6600 16 6653 3 6690 44 6824 16 6857 15 6908 4 6947 44 7002 3 7080 17 7113 16 7164 4 7204 44 7254 8 7285 4 7336 19 7365 21 7419 5 7461 58 7540 7 7591 8 7601 12 7620 23 7650 2 7673 7 7718 57 7794 10 7847 7 7857 13 7875 25 7905 3 7929 7 7975 56 8038 3 8049 12 8103 6 8114 13 8131 4 8142 14 8161 4 8185 7 8232 55 8294 4 8303 14 8359 6 8371 14 8386 4 8400 10 8417 3 8442 6 8488 55 8550 4 8560 14 8616 4 8628 16 8658 5 8699 5 8744 55 8806 3 8816 14 8872 3 8885 14 8915 2 8955 5 9003 51 9062 1 9073 13 9142 13 9171 3 9211 5 9260 48 9329 14 9398 13 9427 3 9467 5 9516 48 9585 14 9654 13 9683 3 9726 2 9770 49 9842 14 9910 13 9939 3 10024 51 10098 13 10166 14 10195 3 10280 51 10354 13 10422 14 10451 4 10534 53 10609 13 10678 14 10706 7 10789 54 10864 14 10935 12 10961 8 11044 54 11119 15 11193 8 11217 7 11299 17 11317 34 11372 18 11453 2 11472 7 11554 50 11627 20 11728 7 11810 49 11883 20 11983 7 12066 48 12140 18 12175 3 12239 8 12322 48 12396 18 12430 5 12495 8 12580 17 12599 26 12654 15 12677 2 12686 6 12752 7 12768 3 12839 14 12857 23 12911 13 12930 6 12942 6 13009 6 13022 7 13096 14 13113 22 13168 13 13185 7 13198 7 13265 6 13277 8 13353 13 13369 21 13400 1 13424 14 13440 9 13454 8 13467 3 13521 6 13533 8 13611 12 13625 20 13656 1 13680 15 13698 8 13710 18 13777 6 13788 9 13868 12 13883 18 13912 1 13936 15 13954 8 13967 18 14032 9 14044 9 14059 1 14125 10 14139 3 14144 13 14193 15 14210 8 14225 17 14288 9 14300 17 14385 5 14410 3 14450 23 14482 17 14545 8 14556 18 14642 4 14706 24 14732 1 14739 16 14803 7 14813 17 14900 2 14962 29 14995 16 15059 7 15070 16 15146 2 15157 1 15218 31 15251 16 15315 7 15326 17 15400 5 15414 1 15473 19 15494 28 15571 7 15582 17 15655 6 15670 1 15729 19 15751 27 15827 6 15838 16 15909 8 15950 2 15985 19 16007 26 16083 5 16093 17 16164 9 16206 3 16242 17 16263 24 16339 4 16348 17 16418 10 16499 9 16510 4 16519 21 16595 4 16604 16 16672 13 16756 6 16775 22 16851 4 16860 16 16927 15 17030 23 17106 4 17116 16 17182 16 17287 23 17363 2 17373 14 17437 18 17543 24 17635 7 17693 18 17790 3 17799 24 17947 19 18046 4 18055 25 18202 20 18301 5 18311 23 18458 19 18556 7 18567 22 18713 19 18754 7 18812 8 18823 3 18827 13 18842 3 18943 1 18969 17 19002 1 19007 11 19068 8 19085 10 19191 1 19198 2 19224 17 19257 18 19324 8 19340 11 19447 1 19480 17 19512 19 19580 8 19595 12 19612 1 19701 3 19735 19 19768 19 19791 3 19836 7 19850 14 19991 19 20024 20 20046 5 20093 5 20106 14 20247 20 20280 20 20301 6 20350 4 20362 14 20503 20 20535 28 20607 2 20617 14 20759 20 20792 27 20863 4 20874 13 21005 4 21015 20 21048 26 21119 6 21130 13 21261 4 21272 19 21303 27 21375 7 21386 12 21517 4 21532 16 21559 27 21631 8 21643 10 21699 1 21749 2 21774 3 21789 14 21815 27 21887 9 21899 9 21954 4 22032 4 22045 14 22071 26 22143 10 22155 8 22210 6 22224 3 22287 6 22301 14 22328 6 22339 13 22400 10 22412 6 22465 8 22479 3 22542 8 22558 12 22586 2 22604 4 22656 11 22721 9 22733 5 22798 7 22816 10 22861 4 22913 10 22976 11 22988 6 23054 7 23073 8 23118 3 23169 11 23232 18 23313 2 23330 6 23374 3 23425 11 23488 16 23587 2 23630 4 23682 11 23743 17 23887 2 23939 9 24000 14 24195 9 24256 13 24452 6 24511 14 24710 3 24766 15 25021 15 25277 15 25532 16 25778 6 25788 16 26033 7 26044 15 26287 9 26300 4 26306 8 26543 7 26563 6 26798 7 26819 6 27053 7 27075 6 27247 3 27308 6 27330 8 27502 5 27564 5 27586 7 27756 8 27820 3 27842 7 28011 9 28077 1 28099 5 28266 11 28356 4 28522 11 28613 3 28718 2 28778 11 28869 3 28972 6 29033 13 29179 3 29228 8 29260 5 29289 13 29369 2 29434 5 29484 9 29515 12 29545 14 29621 11 29689 7 29741 10 29771 13 29792 1 29800 15 29876 13 29943 9 29998 11 30027 13 30044 7 30056 15 30131 13 30199 9 30255 11 30282 14 30299 10 30311 16 30387 7 30398 1 30454 10 30512 11 30538 14 30554 30 30643 7 30710 10 30769 11 30795 13 30809 35 30899 7 30964 11 31026 10 31051 13 31065 36 31156 3 31219 11 31282 11 31307 13 31321 36 31432 2 31475 10 31505 5 31538 10 31563 51 31687 3 31727 14 31761 6 31794 10 31819 51 31942 5 31982 15 32016 7 32049 11 32074 52 32198 5 32238 16 32272 8 32305 10 32330 24 32356 26 32454 6 32473 1 32495 15 32528 8 32560 11 32586 12 32599 11 32613 15 32630 7 32710 7 32728 2 32751 14 32784 8 32816 11 32842 11 32856 10 32870 4 32879 5 32888 4 32965 10 32983 4 32989 1 33008 13 33040 8 33072 12 33097 11 33112 10 33125 5 33134 5 33219 13 33241 6 33264 15 33296 9 33309 2 33329 12 33353 9 33369 9 33380 8 33389 5 33475 12 33498 5 33520 16 33552 9 33563 5 33585 12 33606 11 33626 8 33637 13 33731 7 33740 5 33754 5 33777 15 33809 8 33819 6 33841 12 33860 11 33883 6 33893 12 33988 3 33996 5 34010 5 34021 1 34033 15 34065 8 34075 6 34097 11 34116 10 34150 10 34253 5 34265 6 34275 6 34289 15 34321 7 34331 5 34352 11 34372 9 34406 9 34511 3 34520 17 34545 15 34577 7 34589 1 34607 12 34628 9 34664 5 34774 21 34800 16 34832 8 34862 13 34884 7 35030 25 35056 16 35089 7 35117 14 35141 4 35286 42 35345 7 35371 15 35397 4 35542 42 35601 6 35626 16 35653 5 35799 41 35858 5 35882 15 35909 5 36056 40 36114 4 36137 14 36165 6 36312 40 36393 14 36421 6 36569 39 36648 15 36676 7 36825 39 36904 16 36931 10 37078 42 37160 16 37187 10 37330 46 37417 15 37442 12 37455 2 37585 47 37673 15 37697 12 37711 4 37840 48 37930 14 37952 6 37968 4 38096 48 38186 14 38208 5 38225 4 38352 48 38443 5 38449 5 38464 5 38482 3 38608 48 38720 5 38739 2 38864 48 38977 5 38996 1 39120 48 39234 5 39377 47 39490 6 39634 46 39746 11 39762 1 39891 45 40003 11 40016 3 40148 44 40260 15 40404 37 40444 4 40517 15 40660 36 40701 3 40774 14 40916 4 40922 23 40957 3 40999 4 41033 7 41041 2 41158 2 41178 22 41253 7 41413 3 41435 12 41448 6 41508 9 41669 3 41691 9 41705 4 41763 10 41926 2 42018 15 42054 3 42274 16 42308 6 42456 3 42479 1 42530 17 42564 7 42711 5 42727 1 42735 1 42786 18 42819 8 42966 6 42983 1 43043 17 43075 8 43207 2 43211 6 43221 8 43237 3 43300 15 43330 9 43369 5 43463 22 43491 5 43559 12 43586 9 43624 7 43719 22 43747 5 43817 8 43834 4 43841 10 43879 8 43976 20 44003 5 44076 2 44090 3 44097 11 44134 10 44152 9 44232 20 44259 6 44346 1 44354 9 44390 10 44407 11 44487 19 44515 6 44613 6 44646 10 44661 13 44742 16 44771 4 44869 6 44901 11 44916 15 44998 15 45029 1 45041 1 45125 5 45157 12 45171 16 45255 13 45294 6 45382 3 45413 30 45516 8 45546 11 45669 31 45774 5 45798 16 45925 31 46052 19 46132 7 46179 32 46306 21 46336 1 46387 15 46431 36 46556 2 46561 22 46592 2 46643 15 46687 36 46812 2 46817 22 46848 2 46899 16 46942 36 47068 2 47074 21 47104 2 47155 15 47197 37 47325 1 47332 19 47360 2 47411 15 47452 38 47588 6 47599 9 47616 1 47667 14 47708 38 47846 2 47856 8 47872 4 47923 14 47954 2 47964 37 48113 6 48128 6 48179 13 48202 4 48210 4 48219 36 48372 2 48384 8 48397 2 48435 13 48457 5 48465 45 48613 1 48640 8 48654 1 48678 2 48691 13 48713 5 48719 46 48863 3 48868 3 48896 8 48933 4 48946 14 48970 51 49118 10 49152 3 49158 2 49188 7 49202 14 49227 50 49374 10 49408 1 49443 9 49457 15 49483 50 49630 10 49699 9 49712 16 49739 9 49751 38 49885 11 49954 10 49968 16 49995 8 50010 35 50140 6 50148 4 50183 2 50210 10 50224 17 50251 7 50269 32 50394 9 50439 10 50465 12 50480 17 50507 6 50525 31 50648 11 50694 12 50721 13 50736 17 50765 3 50782 29 50856 3 50860 5 50904 11 50950 13 50977 13 50993 15 51038 27 51110 13 51159 12 51206 13 51233 15 51249 15 51295 24 51365 14 51416 10 51461 14 51489 15 51510 9 51552 21 51620 16 51673 8 51716 15 51746 14 51768 7 51809 17 51876 16 51930 6 51959 1 51970 16 52003 13 52025 5 52066 15 52130 18 52187 3 52196 4 52213 11 52225 9 52237 4 52259 13 52282 3 52323 13 52340 2 52377 1 52384 20 52449 7 52468 19 52494 1 52516 11 52580 11 52596 4 52632 2 52639 22 52704 8 52723 13 52749 3 52772 11 52837 10 52851 5 52888 3 52895 21 52957 11 52978 14 53005 8 53029 11 53094 8 53107 5 53143 4 53150 7 53161 11 53212 11 53233 12 53262 8 53286 10 53328 5 53350 8 53364 3 53400 2 53407 4 53418 10 53453 6 53462 17 53489 10 53518 9 53543 9 53584 5 53607 6 53628 3 53675 8 53708 23 53745 10 53774 10 53801 8 53839 7 53864 1 53883 4 53934 5 53964 22 54000 11 54030 10 54057 8 54094 9 54138 6 54154 2 54184 1 54192 3 54220 21 54256 10 54286 10 54314 6 54350 9 54394 6 54401 3 54407 5 54438 4 54448 3 54477 20 54512 11 54543 10 54571 4 54607 8 54649 20 54693 5 54705 2 54733 20 54758 6 54768 11 54800 9 54864 7 54902 16 54919 4 54948 6 54961 1 54990 5 54998 11 55014 22 55058 7 55158 5 55167 6 55176 2 55203 7 55255 10 55269 23 55296 3 55315 5 55386 1 55416 1 55423 5 55460 5 55512 9 55524 24 55552 6 55642 1 55679 5 55716 5 55769 7 55778 26 55808 12 55935 5 55973 3 56027 2 56032 28 56064 13 56138 5 56191 5 56288 28 56320 14 56392 8 56447 5 56544 28 56576 15 56636 3 56647 9 56703 5 56734 2 56800 30 56832 15 56890 7 56901 11 56960 3 56990 2 57056 47 57146 22 57246 3 57313 45 57400 23 57503 1 57569 44 57654 25 57698 3 57825 43 57909 26 57954 3 58080 40 58164 26 58296 2 58336 39 58419 27 58551 4 58592 38 58673 28 58807 4 58847 38 58928 28 59062 3 59103 38 59183 29 59317 2 59359 37 59439 29 59615 36 59694 30 59836 3 59871 35 59950 30 60090 6 60128 32 60205 32 60346 8 60384 32 60460 16 60481 12 60603 11 60641 31 60715 13 60739 10 60859 12 60897 31 60970 12 60996 7 61115 13 61154 30 61225 12 61254 2 61371 13 61410 30 61481 11 61627 13 61667 29 61737 11 61884 12 61923 29 61993 11 62140 12 62180 28 62250 11 62397 11 62437 27 62507 10 62654 9 62693 27 62767 6 62911 7 62950 26 63023 6 63159 2 63169 1 63172 1 63207 25 63279 7 63414 5 63464 24 63534 11 63669 6 63678 4 63720 24 63790 12 63814 1 63925 7 63933 6 63945 2 63976 24 64046 13 64070 1 64181 15 64200 10 64232 24 64302 13 64326 1 64436 17 64454 12 64488 24 64558 13 64691 18 64710 12 64744 24 64814 13 64946 19 64969 10 65001 21 65070 12 65201 21 65227 7 65257 20 65326 12 65407 2 65422 3 65457 21 65484 6 65513 18
417960,0 16127 16128 49408
418853,0 257 258 254 514 254 770 254 1026 254 1281 2303 3585 255 3841 14847 18692 252 18949 251 19205 251 19461 251 19716 252 19972 252 20228 252 20484 252 20741 251 20997 251 21253 251 21509 251 21764 1 21766 250 22019 2 22023 249 22280 248 22538 246 22794 246 23050 246 23303 249 23554 8 23563 1014 24578 1022 25604 2044 27649 255 27905 255 28161 37375
421383,14 4 50 48 104 27 204 17 235 10 271 2 305 49 359 27 460 17 491 10 535 4 560 50 614 28 708 2 715 19 746 11 790 8 816 50 869 9 879 19 963 5 970 20 1002 10 1046 10 1072 49 1125 8 1137 16 1189 2 1218 29 1257 11 1303 10 1328 48 1380 9 1394 15 1442 5 1473 30 1513 10 1559 11 1585 47 1636 9 1650 15 1696 7 1716 1 1729 30 1768 11 1815 23 1840 8 1858 29 1892 10 1905 15 1951 6 1972 2 1985 28 2024 10 2071 32 2117 25 2149 11 2161 15 2206 6 2228 2 2240 29 2280 10 2325 35 2374 24 2405 26 2461 6 2495 29 2537 9 2580 4 2587 30 2631 24 2661 26 2717 6 2749 31 2793 8 2836 4 2843 31 2887 13 2903 9 2916 27 2972 7 3004 31 3049 8 3091 40 3143 11 3161 34 3226 9 3260 31 3304 9 3346 41 3399 9 3417 31 3480 11 3516 31 3560 9 3601 18 3621 23 3654 9 3673 30 3734 12 3750 2 3772 31 3816 10 3862 1 3868 4 3877 23 3910 11 3928 8 3939 19 3990 12 4004 6 4028 31 4070 12 4133 23 4166 12 4184 6 4196 16 4245 13 4260 6 4284 31 4326 5 4334 3 4389 23 4422 14 4437 8 4451 2 4457 9 4500 14 4516 3 4540 31 4581 5 4645 23 4679 20 4706 4 4718 2 4756 14 4771 3 4796 32 4835 7 4900 27 4936 19 4961 9 4973 2 5013 17 5052 24 5077 8 5086 2 5091 6 5153 30 5193 17 5216 10 5229 2 5269 17 5308 23 5334 7 5342 11 5408 12 5421 19 5450 15 5471 11 5485 2 5526 15 5564 24 5590 21 5662 13 5679 17 5711 9 5726 12 5741 2 5782 15 5805 5 5820 50 5874 3 5917 9 5927 3 5935 17 5962 1 5967 9 5981 13 5996 3 6038 14 6060 7 6072 55 6128 6 6173 9 6191 16 6213 6 6222 10 6236 13 6251 4 6293 15 6315 68 6384 6 6429 12 6448 15 6466 10 6477 13 6491 12 6507 4 6549 15 6571 66 6642 4 6684 14 6703 16 6721 38 6762 4 6805 16 6826 63 6901 1 6926 1 6939 15 6956 48 7005 9 7017 5 7062 15 7082 59 7159 1 7181 10 7194 32 7227 33 7262 4 7272 5 7319 15 7336 61 7415 1 7437 11 7450 56 7507 14 7526 7 7576 76 7670 2 7693 11 7705 56 7764 13 7781 7 7833 36 7871 37 7926 2 7948 69 8021 12 8038 4 8091 32 8129 36 8181 1 8204 69 8277 13 8348 30 8385 36 8437 1 8461 68 8533 15 8605 29 8639 38 8693 1 8718 7 8728 57 8788 16 8862 28 8894 38 8976 4 8984 57 9043 16 9073 3 9119 28 9149 28 9180 8 9233 2 9241 52 9296 2 9299 9 9328 5 9377 55 9437 7 9492 3 9497 51 9551 11 9583 7 9633 56 9695 5 9747 56 9806 11 9839 8 9854 4 9889 57 9952 4 10002 70 10096 8 10108 8 10146 66 10257 67 10326 1 10352 8 10363 10 10403 66 10481 4 10511 69 10609 6 10618 12 10662 63 10737 4 10761 75 10867 3 10874 12 10918 64 10992 5 11015 79 11130 13 11148 2 11175 65 11248 5 11270 81 11386 14 11402 6 11432 65 11503 6 11525 82 11614 4 11642 23 11691 62 11759 6 11781 82 11869 7 11899 23 11950 61 12014 8 12036 83 12124 9 12155 23 12209 60 12270 9 12291 83 12380 9 12412 23 12466 70 12547 82 12636 10 12667 26 12722 70 12803 73 12879 6 12893 9 12920 31 12979 69 13059 73 13135 6 13151 6 13176 31 13242 53 13296 8 13315 72 13391 6 13431 33 13473 7 13499 52 13552 9 13572 70 13646 8 13688 32 13728 8 13756 53 13810 10 13829 11 13842 17 13861 37 13901 9 13945 31 13983 10 14012 52 14068 9 14086 10 14098 69 14200 49 14263 1 14267 51 14325 9 14344 7 14354 71 14456 51 14518 56 14582 10 14601 6 14610 46 14663 18 14713 37 14754 9 14774 35 14810 21 14837 11 14859 3 14866 44 14920 17 14969 37 15012 7 15030 34 15066 22 15092 12 15109 8 15123 43 15177 16 15226 35 15269 6 15286 34 15322 23 15346 14 15364 8 15380 9 15391 30 15433 17 15484 32 15527 4 15542 34 15578 6 15586 30 15619 11 15636 8 15648 29 15690 15 15741 9 15753 18 15783 5 15799 33 15834 35 15874 14 15893 5 15905 27 15948 12 15998 8 16009 17 16033 3 16040 4 16055 34 16090 31 16130 15 16161 27 16203 14 16254 8 16265 9 16275 7 16287 6 16294 7 16311 33 16346 5 16354 23 16378 2 16385 17 16417 26 16458 15 16511 9 16521 7 16531 6 16542 15 16568 32 16602 4 16610 23 16634 2 16641 17 16673 24 16713 17 16768 16 16788 5 16797 8 16808 4 16825 37 16866 23 16890 2 16898 17 16929 22 16968 18 17026 15 17046 3 17053 8 17082 36 17122 23 17146 2 17153 18 17185 22 17224 18 17282 16 17302 3 17309 8 17338 34 17379 26 17409 19 17442 20 17481 17 17539 16 17558 4 17565 8 17595 31 17635 26 17665 19 17701 15 17737 17 17795 17 17814 15 17851 31 17892 25 17921 20 17959 12 17993 16 18014 3 18052 17 18070 16 18108 29 18148 16 18166 7 18176 21 18218 9 18250 16 18268 7 18309 15 18326 16 18365 29 18405 8 18423 5 18432 21 18477 5 18506 27 18566 13 18582 16 18622 25 18648 4 18661 7 18679 5 18688 21 18734 5 18763 27 18822 32 18879 30 18919 3 18944 21 18990 5 19022 26 19079 21 19101 9 19137 29 19200 20 19248 1 19277 28 19334 21 19358 7 19395 8 19404 18 19456 19 19533 28 19589 22 19614 6 19652 7 19660 18 19712 19 19788 29 19845 23 19872 3 19899 2 19910 24 19968 18 20044 29 20101 23 20155 3 20167 11 20180 10 20224 18 20300 28 20357 23 20411 3 20425 20 20480 18 20556 28 20613 23 20645 1 20666 5 20683 17 20736 20 20812 27 20868 40 20922 5 20940 15 20992 20 21068 11 21081 14 21122 42 21178 5 21196 13 21248 21 21323 11 21339 12 21376 45 21433 7 21452 12 21504 21 21579 11 21595 18 21632 26 21659 19 21687 9 21709 10 21760 21 21834 14 21851 20 21888 24 21916 18 21942 11 21965 9 22016 21 22090 15 22107 23 22145 20 22172 18 22198 13 22212 3 22222 7 22272 20 22345 44 22402 18 22428 17 22454 20 22503 1 22528 19 22601 46 22660 15 22683 17 22710 21 22759 1 22784 21 22808 6 22857 47 22920 10 22938 18 22966 21 23015 1 23040 31 23110 25 23137 23 23176 9 23194 18 23222 22 23296 32 23364 27 23393 23 23433 7 23449 19 23477 23 23552 32 23618 30 23650 21 23692 1 23700 24 23733 23 23808 32 23874 52 23940 4 23948 33 23989 23 24064 32 24129 53 24193 8 24204 33 24246 22 24320 32 24385 53 24446 47 24502 23 24576 32 24640 18 24661 33 24700 48 24759 24 24832 32 24895 19 24917 33 24955 47 25015 25 25088 32 25150 19 25173 33 25210 47 25266 1 25270 27 25344 31 25396 2 25405 20 25428 34 25466 27 25498 16 25521 3 25526 27 25600 31 25651 5 25660 20 25684 34 25722 24 25756 16 25776 33 25856 30 25906 6 25916 19 25939 34 25979 22 26013 15 26032 15 26048 17 26112 25 26162 5 26171 19 26195 34 26235 21 26271 13 26288 14 26306 15 26368 24 26418 4 26427 19 26450 35 26491 22 26527 14 26544 13 26563 14 26624 24 26652 4 26674 3 26682 20 26706 8 26716 25 26747 22 26784 13 26801 11 26820 12 26880 23 26907 6 26930 4 26938 20 26962 7 26972 25 27002 23 27032 1 27039 13 27058 10 27076 9 27136 23 27163 10 27185 5 27193 21 27218 6 27233 20 27258 23 27284 7 27295 13 27316 6 27333 6 27361 3 27392 22 27419 12 27435 4 27441 6 27449 21 27474 7 27490 18 27514 24 27539 24 27574 3 27589 5 27617 3 27648 20 27675 28 27705 21 27731 7 27747 17 27770 24 27795 24 27846 3 27873 4 27902 21 27931 27 27961 21 27987 7 28003 16 28027 23 28052 22 28129 3 28157 22 28187 26 28218 20 28243 7 28258 16 28284 10 28297 8 28308 2 28311 18 28385 2 28413 22 28443 24 28475 18 28499 10 28513 15 28540 10 28555 4 28564 3 28568 2 28571 12 28668 23 28700 22 28731 18 28755 11 28768 13 28796 9 28811 3 28820 3 28830 7 28922 25 28956 12 28971 7 28988 17 29011 11 29023 13 29052 9 29066 4 29075 7 29177 27 29212 12 29228 5 29245 15 29267 11 29279 13 29308 8 29320 7 29330 9 29432 28 29468 12 29485 2 29501 15 29523 24 29565 19 29585 11 29687 29 29724 12 29758 13 29778 10 29790 12 29821 19 29841 13 29943 29 29976 16 30016 11 30034 9 30046 11 30078 33 30198 29 30231 17 30273 9 30290 9 30302 10 30335 36 30454 28 30487 4 30493 10 30530 5 30546 10 30557 9 30592 37 30677 5 30684 3 30709 28 30742 3 30750 8 30801 11 30813 7 30849 36 30927 18 30965 28 31007 6 31057 18 31105 37 31182 19 31221 28 31264 4 31313 17 31362 36 31437 7 31447 11 31476 28 31521 2 31570 16 31618 35 31693 7 31732 27 31761 2 31777 2 31826 16 31874 35 31949 7 31988 32 32034 1 32084 13 32130 34 32195 2 32204 6 32244 32 32344 9 32386 34 32449 8 32459 5 32500 33 32539 3 32549 2 32603 4 32643 33 32704 16 32755 45 32805 6 32899 32 32959 16 33011 45 33061 8 33156 31 33214 17 33252 3 33267 8 33280 32 33313 13 33413 29 33470 18 33507 5 33522 8 33536 32 33569 14 33670 27 33726 15 33742 1 33763 5 33778 8 33792 32 33825 14 33927 7 33935 14 33982 15 34021 3 34034 8 34048 32 34081 14 34184 5 34191 17 34237 16 34291 8 34304 30 34335 17 34417 3 34441 3 34448 18 34492 16 34513 3 34547 9 34560 30 34591 17 34672 6 34704 19 34748 12 34767 5 34788 2 34803 8 34816 31 34848 4 34853 12 34928 8 34960 19 35004 7 35022 5 35038 10 35060 7 35072 32 35105 17 35184 8 35216 20 35259 8 35278 4 35294 10 35316 6 35328 32 35362 17 35441 8 35472 20 35515 8 35533 5 35549 10 35572 6 35584 31 35618 17 35698 7 35721 27 35770 9 35790 2 35806 9 35828 5 35840 31 35873 18 35954 6 35974 30 36026 8 36062 9 36085 3 36096 51 36211 6 36229 32 36282 8 36318 8 36343 1 36352 45 36401 2 36467 6 36484 33 36538 9 36573 8 36608 45 36657 3 36724 5 36739 34 36795 8 36827 8 36864 37 36906 1 36909 7 36935 4 36980 13 36995 34 37052 7 37082 3 37086 4 37120 37 37165 7 37190 6 37237 48 37309 6 37337 4 37376 38 37422 6 37446 7 37494 20 37517 23 37567 4 37593 5 37632 38 37680 3 37701 9 37750 19 37773 22 37829 3 37850 3 37888 38 37957 14 38006 19 38033 18 38085 5 38144 38 38213 16 38263 19 38289 17 38340 8 38400 39 38465 20 38520 18 38541 3 38546 15 38596 8 38619 1 38656 40 38720 22 38777 18 38797 3 38802 14 38851 8 38912 40 38976 22 39034 22 39057 14 39107 8 39168 41 39232 22 39290 33 39364 6 39424 41 39489 22 39545 33 39620 5 39680 41 39734 5 39745 23 39774 5 39801 32 39877 4 39936 40 39987 9 40001 23 40027 12 40042 4 40057 32 40133 3 40192 40 40242 11 40257 23 40283 21 40313 32 40389 3 40448 41 40498 38 40539 22 40570 33 40644 4 40704 42 40755 3 40761 30 40794 23 40826 34 40900 4 40960 46 41019 25 41051 23 41082 39 41157 3 41215 48 41277 21 41307 24 41338 41 41412 4 41470 2 41473 43 41517 2 41533 20 41563 25 41594 43 41667 6 41726 2 41731 40 41790 18 41820 25 41849 45 41923 6 41983 1 41987 41 42047 3 42055 8 42077 24 42105 46 42178 7 42244 40 42311 8 42334 23 42360 47 42434 6 42487 1 42500 40 42568 7 42591 22 42615 49 42691 5 42757 39 42824 7 42848 22 42871 49 42948 3 43013 38 43081 3 43104 71 43271 3 43279 28 43338 1 43361 70 43536 27 43617 69 43793 26 43872 70 43974 2 44001 2 44050 28 44081 5 44087 4 44128 70 44229 4 44257 1 44311 35 44384 70 44485 4 44567 35 44640 69 44740 5 44823 35 44896 69 44996 5 45080 37 45152 68 45252 4 45336 37 45409 66 45509 3 45593 37 45665 65 45765 4 45849 38 45922 62 46021 4 46026 2 46105 38 46177 59 46278 3 46282 6 46361 38 46432 59 46535 1 46539 6 46616 39 46686 61 46795 6 46872 38 46941 62 47055 3 47128 36 47196 16 47213 46 47312 3 47385 30 47452 13 47470 45 47568 4 47642 28 47707 11 47727 45 47824 5 47898 27 47962 12 47983 30 48019 10 48081 4 48155 22 48218 12 48239 27 48280 5 48338 3 48411 19 48474 14 48495 26 48537 5 48667 19 48731 16 48751 25 48794 8 48923 20 48987 18 49008 20 49030 1 49051 10 49179 21 49243 18 49265 7 49277 7 49286 1 49308 10 49371 3 49435 22 49500 17 49522 3 49533 7 49542 1 49554 1 49565 10 49627 4 49691 22 49756 6 49765 8 49788 8 49798 2 49810 1 49822 9 49947 22 50021 8 50044 8 50054 2 50068 2 50082 5 50204 3 50209 17 50242 3 50278 7 50300 12 50318 2 50339 4 50474 10 50497 6 50506 7 50534 7 50556 13 50574 2 50732 10 50752 19 50790 7 50811 13 50989 10 51009 18 51046 7 51067 13 51084 1 51244 5 51252 1 51265 18 51302 6 51323 13 51500 4 51522 17 51552 11 51578 14 51756 3 51778 15 51807 9 51834 8 51843 5 51850 1 52012 3 52035 14 52062 11 52089 7 52100 4 52105 3 52122 3 52269 2 52293 14 52317 13 52345 8 52357 3 52362 1 52376 3 52526 1 52550 14 52569 17 52600 10 52612 5 52632 2 52807 14 52824 20 52856 18 53063 37 53112 18 53318 4 53323 11 53335 22 53368 18 53573 4 53580 9 53591 22 53625 17 53806 3 53826 5 53837 8 53848 21 53882 16 53955 3 53967 2 54060 6 54082 4 54095 6 54105 20 54138 8 54149 5 54210 5 54221 5 54315 8 54337 4 54351 7 54361 20 54395 6 54404 6 54465 7 54476 7 54571 8 54591 5 54607 7 54617 20 54652 3 54660 6 54720 20 54747 4 54826 8 54846 5 54863 29 54916 6 54979 1 54982 14 55002 6 55025 1 55082 7 55101 5 55118 29 55172 6 55241 11 55258 6 55281 1 55337 7 55355 7 55374 29 55429 4 55498 10 55514 7 55539 1 55593 7 55610 8 55630 29 55755 9 55770 9 55795 3 55849 7 55864 11 55886 30 56011 1 56015 5 56025 12 56051 5 56105 8 56119 12 56142 12 56157 15 56272 4 56280 16 56309 5 56362 9 56375 12 56397 12 56414 14 56529 27 56619 25 56652 13 56671 13 56785 10 56796 18 56877 24 56907 14 56926 14 57038 13 57052 19 57134 24 57159 19 57181 15 57292 16 57310 18 57390 44 57437 14 57548 13 57569 15 57646 16 57663 44 57803 12 57828 13 57902 59 58061 6 58084 13 58159 13 58173 29 58203 12 58319 3 58341 1 58353 1 58416 8 58429 28 58460 11 58673 6 58685 19 58705 8 58716 11 58940 18 58961 8 58974 9 59196 16 59218 7 59231 8 59355 3 59424 3 59453 7 59474 6 59489 6 59610 3 59679 5 59700 3 59709 5 59731 4 59866 3 59935 5 59955 5 59964 5 60121 4 60151 1 60191 5 60211 14 60327 1 60376 5 60395 1 60401 3 60407 3 60447 4 60466 16 60583 3 60631 6 60657 4 60662 6 60702 4 60722 16 60839 4 60886 7 60909 1 60914 11 60958 5 60978 17 61095 4 61142 7 61153 6 61164 3 61168 13 61213 7 61234 17 61350 6 61398 39 61469 7 61489 18 61525 5 61606 6 61655 38 61725 8 61744 20 61779 8 61816 1 61862 3 61866 2 61913 1 61915 34 61982 6 61998 45 62070 1 62118 3 62169 36 62238 6 62252 47 62326 1 62374 3 62388 3 62425 28 62454 7 62496 5 62508 47 62629 3 62644 3 62682 27 62711 5 62753 4 62763 47 62885 3 62899 4 62939 24 62971 1 63009 5 63019 49 63141 5 63155 4 63196 22 63265 5 63275 51 63397 6 63410 5 63453 20 63521 7 63529 55 63652 7 63666 5 63713 3 63723 5 63777 65 63907 8 63922 5 64033 66 64163 6 64178 5 64289 67 64418 6 64435 4 64546 6 64553 27 64586 27 64673 6 64692 2 64802 3 64809 24 64844 25 64928 6 65065 24 65099 26 65184 7 65228 2 65321 23 65354 27 65440 8 65483 5
423047,65 82 164 7 174 12 282 5 321 83 420 6 429 13 537 10 577 83 677 5 684 14 792 13 822 1 826 90 939 16 1048 15 1076 95 1195 16 1302 20 1331 53 1389 37 1451 18 1557 22 1586 54 1645 37 1707 18 1812 24 1842 53 1902 35 1967 14 2067 27 2097 54 2158 34 2224 13 2301 1 2323 28 2353 55 2415 32 2480 13 2553 7 2577 87 2672 31 2736 13 2809 7 2832 88 2930 28 2992 13 3065 7 3084 91 3188 26 3248 13 3294 6 3321 7 3338 93 3445 25 3504 14 3549 9 3578 6 3593 93 3703 23 3760 14 3805 11 3835 5 3849 93 3959 22 4016 14 4061 11 4092 4 4104 93 4217 13 4231 6 4272 15 4317 12 4360 91 4474 11 4489 3 4530 13 4573 12 4616 88 4726 1 4731 11 4788 11 4830 11 4871 87 4980 6 4987 12 5045 9 5086 11 5126 87 5236 8 5245 11 5301 9 5341 11 5382 86 5491 9 5504 10 5558 7 5596 10 5619 1 5638 85 5747 9 5761 10 5815 4 5822 3 5851 7 5873 4 5895 83 6003 9 6017 11 6077 6 6106 8 6129 5 6152 80 6259 10 6274 10 6332 7 6361 11 6384 7 6409 78 6514 4 6519 7 6531 9 6588 8 6616 14 6640 7 6665 77 6769 4 6777 6 6788 7 6844 8 6872 14 6896 7 6920 78 7024 6 7033 7 7045 6 7101 7 7115 3 7127 8 7136 7 7151 7 7175 79 7279 17 7301 5 7357 6 7369 7 7383 7 7393 6 7407 7 7431 79 7534 18 7558 4 7624 9 7639 7 7650 6 7663 7 7686 80 7788 21 7815 2 7879 10 7895 7 7906 6 7919 8 7930 4 7942 80 8043 30 8128 17 8151 7 8163 7 8176 15 8197 82 8299 30 8382 19 8407 7 8419 7 8432 16 8453 82 8554 31 8635 21 8664 6 8675 7 8689 15 8709 83 8809 32 8890 21 8920 6 8930 8 8945 15 8966 82 9064 33 9146 21 9176 6 9185 9 9202 4 9209 5 9222 82 9320 33 9402 21 9434 4 9441 9 9459 1 9478 82 9577 32 9658 22 9696 9 9709 5 9733 82 9833 32 9913 23 9952 9 9964 6 9989 82 10090 31 10169 24 10208 9 10220 7 10245 82 10351 25 10425 24 10464 9 10475 8 10501 82 10609 24 10680 24 10721 7 10731 8 10757 82 10866 23 10936 24 10977 7 10986 9 11013 82 11130 14 11192 23 11234 5 11242 9 11269 82 11387 13 11449 22 11491 3 11499 8 11525 82 11644 12 11705 22 11756 7 11780 83 11901 11 11961 22 12013 6 12036 81 12146 3 12157 11 12217 22 12270 6 12292 80 12401 5 12413 11 12473 22 12526 7 12547 75 12623 4 12658 3 12669 11 12698 4 12729 22 12782 8 12802 76 12924 12 12953 6 12971 3 12985 22 13038 8 13056 77 13174 17 13209 8 13226 6 13240 22 13294 9 13312 77 13429 16 13465 10 13481 8 13496 22 13550 9 13568 77 13684 16 13722 23 13751 22 13797 5 13807 7 13824 77 13940 15 13979 23 14006 22 14052 7 14063 6 14080 78 14196 14 14230 2 14235 25 14263 20 14308 7 14321 2 14336 78 14451 15 14484 33 14519 18 14564 8 14592 77 14706 13 14740 50 14820 9 14848 70 14962 12 14996 47 15076 9 15092 4 15103 71 15179 3 15218 13 15252 37 15290 8 15332 9 15345 8 15358 72 15434 6 15474 13 15508 37 15546 8 15588 9 15600 10 15613 73 15687 10 15729 14 15763 47 15838 29 15869 84 15985 14 16019 48 16092 33 16126 83 16241 13 16274 49 16347 117 16497 11 16522 1 16528 51 16602 118 16754 9 16784 50 16859 117 17012 6 17040 43 17086 1 17115 117 17270 2 17297 40 17372 116 17554 38 17628 117 17811 36 17885 116 18068 35 18141 116 18324 36 18398 114 18581 36 18654 114 18837 36 18909 114 19094 35 19165 116 19350 35 19419 120 19606 35 19674 122 19829 3 19863 30 19929 124 20084 5 20119 24 20184 125 20340 6 20376 24 20440 126 20596 6 20633 23 20696 126 20852 6 20890 22 20951 128 21107 7 21153 16 21207 130 21364 5 21410 14 21463 131 21620 4 21667 13 21718 132 21878 1 21927 8 21974 133 22184 6 22230 132 22440 5 22485 124 22613 4 22697 4 22741 123 22954 2 22997 123 23253 123 23466 4 23509 123 23720 8 23765 131 23975 10 24021 132 24201 5 24225 2 24230 11 24277 132 24454 9 24486 12 24534 132 24709 10 24742 12 24790 41 24832 90 24964 11 24986 24 25046 40 25088 89 25220 11 25240 26 25303 38 25344 89 25476 12 25495 27 25559 37 25600 89 25732 14 25750 28 25814 37 25856 89 25987 47 26070 37 26112 90 26242 48 26325 38 26368 91 26498 48 26581 37 26624 93 26754 49 26836 37 26880 96 27010 49 27091 38 27136 99 27266 50 27343 31 27377 7 27392 97 27522 50 27596 33 27635 4 27648 96 27778 50 27850 35 27904 96 28034 50 28106 34 28160 96 28261 2 28290 49 28362 33 28416 95 28516 5 28544 50 28601 1 28618 32 28672 95 28771 7 28799 49 28856 3 28875 30 28928 93 29027 7 29054 49 29112 3 29127 34 29184 91 29282 9 29309 49 29368 3 29381 35 29436 94 29539 12 29563 49 29623 5 29637 35 29691 95 29795 14 29816 51 29876 10 29892 37 29946 96 30051 14 30070 53 30130 15 30148 36 30202 96 30307 14 30325 54 30384 56 30458 96 30564 13 30581 54 30638 60 30714 96 30820 13 30836 120 30970 95 31076 137 31226 52 31280 41 31332 138 31483 49 31537 39 31588 138 31740 45 31794 37 31844 138 32000 40 32050 5 32057 30 32101 137 32256 39 32306 3 32313 30 32360 134 32499 1 32512 38 32562 3 32570 30 32617 132 32753 5 32768 37 32817 4 32827 29 32873 49 32925 80 33008 6 33024 37 33073 4 33085 27 33129 49 33181 80 33263 7 33280 37 33330 2 33344 24 33384 50 33437 88 33536 36 33604 20 33640 141 33792 37 33860 20 33896 141 34048 36 34116 22 34151 142 34304 36 34371 29 34407 142 34560 35 34627 30 34663 142 34816 35 34883 30 34919 141 35072 34 35139 31 35175 141 35328 34 35395 33 35431 141 35584 33 35652 32 35688 140 35840 33 35909 33 35945 139 36096 33 36166 32 36207 132 36352 33 36423 11 36435 20 36463 132 36608 36 36680 9 36693 18 36718 133 36864 38 36938 4 36948 19 36971 135 37109 4 37120 40 37178 4 37204 20 37226 135 37364 6 37376 41 37433 9 37460 20 37481 135 37620 6 37629 45 37688 12 37716 155 37877 4 37885 54 37944 13 37972 36 38011 116 38141 54 38200 12 38228 36 38268 116 38388 3 38398 54 38456 11 38484 36 38524 123 38655 53 38713 7 38740 37 38781 123 38912 52 38997 37 39038 123 39168 53 39255 35 39295 123 39424 53 39515 31 39552 123 39680 54 39774 28 39810 122 39936 57 40031 28 40067 122 40192 58 40287 28 40324 8 40333 112 40448 59 40543 29 40580 6 40589 113 40704 59 40798 30 40833 6 40845 114 40960 59 41053 30 41088 6 41101 174 41309 30 41344 6 41357 175 41563 31 41600 7 41612 176 41818 16 41836 13 41856 7 41868 178 42073 16 42093 12 42113 7 42123 181 42328 17 42350 12 42369 196 42584 15 42607 11 42626 196 42840 13 42863 11 42882 197 43096 11 43119 11 43139 196 43352 10 43375 11 43395 196 43608 6 43621 4 43633 7 43651 196 43864 5 43875 8 43906 196 44121 2 44130 10 44162 196 44386 10 44418 195 44641 12 44669 2 44675 194 44896 13 44924 3 44935 191 45152 14 45181 1 45193 190 45407 15 45449 192 45664 14 45704 138 45843 56 45920 15 45960 137 46099 56 46177 15 46216 195 46436 13 46471 130 46605 61 46693 15 46728 127 46862 59 46950 14 46985 125 47117 60 47206 15 47245 121 47373 59 47462 16 47501 13 47516 106 47629 59 47720 15 47756 13 47772 105 47884 60 47977 15 48012 12 48028 104 48138 61 48236 12 48268 11 48284 103 48393 62 48493 12 48525 10 48540 103 48648 62 48750 11 48783 7 48797 102 48904 36 48944 21 48996 2 49005 13 49042 2 49054 101 49160 35 49210 8 49226 1 49251 4 49261 13 49283 3 49311 100 49416 35 49468 5 49480 6 49507 5 49516 13 49538 7 49567 100 49672 34 49734 9 49763 6 49771 14 49793 8 49823 100 49928 34 49990 9 50018 22 50049 8 50079 100 50184 33 50246 9 50274 22 50301 11 50334 12 50350 85 50440 33 50502 9 50530 23 50556 12 50590 11 50606 84 50696 34 50758 7 50786 34 50845 12 50862 84 50952 34 50996 4 51014 6 51042 33 51101 101 51208 34 51248 9 51270 5 51296 35 51346 4 51357 100 51463 35 51502 13 51526 3 51549 38 51601 7 51612 101 51719 36 51757 15 51781 4 51802 41 51856 113 51976 52 52038 2 52053 46 52112 114 52232 53 52306 49 52368 111 52480 3 52489 52 52561 49 52624 111 52736 3 52745 20 52767 31 52817 50 52880 115 53001 20 53023 32 53073 51 53136 115 53258 20 53279 35 53329 53 53391 116 53514 57 53585 15 53601 39 53646 117 53771 20 53793 35 53841 14 53858 39 53901 118 54028 19 54053 31 54097 13 54114 39 54155 120 54285 18 54311 29 54349 17 54369 163 54542 16 54568 29 54604 184 54797 17 54824 30 54860 184 55053 17 55080 30 55116 185 55309 18 55336 32 55372 185 55565 18 55592 32 55629 185 55821 18 55848 33 55885 186 56077 18 56105 19 56125 12 56141 186 56333 18 56361 18 56382 12 56398 184 56589 17 56616 19 56639 11 56655 179 56846 16 56871 21 56895 12 56911 177 57102 16 57126 38 57168 176 57358 16 57381 40 57425 11 57437 163 57614 16 57637 41 57682 10 57699 156 57871 15 57893 41 57937 10 57957 155 58127 5 58136 6 58149 41 58192 11 58227 5 58235 133 58393 4 58405 40 58449 9 58491 133 58660 29 58691 8 58706 7 58748 132 58914 31 58949 2 58964 3 59004 132 59169 31 59261 130 59424 24 59449 6 59518 129 59680 24 59708 1 59775 128 59935 11 59949 10 59994 1 60031 128 60191 11 60206 9 60247 4 60287 128 60447 11 60464 5 60502 6 60543 129 60703 10 60758 6 60799 129 60959 10 61015 5 61052 132 61216 9 61271 4 61303 137 61473 8 61528 3 61557 140 61730 6 61784 3 61812 143 62068 143 62324 139 62464 3 62580 139 62720 3 62837 142 63093 141 63350 141 63545 3 63606 141 63800 8 63862 141 64056 10 64120 139 64312 13 64382 132 64568 14 64639 130 64824 14 64897 127 65079 15 65155 125 65335 15 65411 125
423050,0 65536
432006,0 8 32 12 70 6 79 46 147 108 256 11 270 1 287 14 304 3 324 7 333 49 402 121 525 2 542 22 579 9 589 50 658 125 797 26 835 61 914 129 1052 28 1086 67 1171 132 1307 31 1341 69 1423 2 1427 132 1563 103 1678 137 1817 105 1934 247 2190 249 2448 249 2704 252 2960 253 3215 13315 16534 250 16791 249 17048 247 17305 245 17561 244 17817 195 18013 47 18074 194 18270 18 18289 27 18330 172 18505 17 18529 8 18546 25 18587 181 18769 9 18785 6 18801 25 18844 179 19026 3 19031 3 19038 2 19041 6 19057 24 19101 171 19273 4 19283 2 19288 4 19293 3 19297 6 19313 23 19356 171 19530 1 19540 1 19545 7 19553 5 19566 2 19569 22 19612 171 19802 5 19809 6 19826 21 19868 172 20059 3 20065 6 20082 21 20123 173 20297 2 20317 3 20321 6 20338 21 20379 179 20562 2 20573 10 20594 1 20598 18 20635 179 20818 1 20830 9 20850 1 20854 19 20892 4 20899 170 21086 8 21106 1 21109 22 21156 169 21345 3 21349 2 21362 1 21366 22 21413 91 21505 74 21602 1 21606 2 21618 1 21623 22 21670 57 21734 26 21761 7 21771 18 21791 43 21857 2 21862 1 21871 4 21879 23 21927 55 21990 26 22017 6 22028 16 22048 41 22096 1 22112 3 22126 6 22133 26 22184 53 22246 26 22273 6 22286 14 22305 41 22349 5 22368 6 22381 6 22390 27 22441 52 22501 27 22529 6 22543 13 22562 48 22625 5 22637 6 22646 28 22698 50 22757 27 22785 6 22801 10 22818 49 22882 4 22892 10 22903 28 22954 49 23012 28 23041 6 23060 7 23075 49 23147 11 23163 26 23210 48 23267 29 23297 6 23315 8 23332 48 23397 2 23402 44 23466 47 23523 29 23553 6 23570 9 23588 49 23652 3 23658 18 23677 4 23685 18 23722 47 23779 29 23827 8 23844 48 23908 3 23913 21 23941 18 23979 45 24035 29 24071 3 24083 8 24101 47 24165 3 24169 21 24194 2 24199 17 24235 44 24291 29 24326 6 24341 6 24357 47 24421 26 24450 2 24454 18 24493 41 24547 29 24581 8 24598 6 24613 48 24674 30 24709 5 24715 5 24721 8 24751 39 24803 29 24837 9 24855 7 24869 47 24918 1 24929 32 24966 10 24978 7 25007 32 25042 3 25059 29 25093 11 25112 7 25125 47 25174 1 25185 33 25223 9 25234 8 25263 30 25315 29 25349 12 25368 7 25380 48 25430 1 25441 33 25481 6 25491 8 25519 30 25571 29 25605 13 25624 7 25636 47 25686 1 25697 34 25739 3 25747 10 25776 28 25827 29 25860 14 25880 7 25893 39 25933 6 25942 1 25952 35 25995 4 26002 12 26034 26 26084 28 26116 14 26136 7 26150 34 26190 3 26198 1 26204 38 26251 5 26257 14 26292 3 26296 3 26300 14 26341 27 26371 17 26391 8 26405 34 26454 1 26460 35 26507 20 26553 1 26597 27 26627 18 26647 7 26659 34 26710 1 26714 36 26762 22 26854 26 26883 27 26915 34 26954 5 26964 4 26969 38 27016 24 27110 26 27139 28 27171 34 27208 8 27220 6 27227 38 27272 24 27366 26 27395 28 27427 46 27475 49 27527 26 27622 26 27651 28 27683 127 27878 26 27907 16 27927 9 27939 127 28135 25 28164 15 28184 9 28195 127 28392 24 28422 7 28431 4 28440 139 28648 24 28678 6 28688 2 28695 13 28709 126 28904 24 28935 5 28945 2 28951 13 28965 127 29160 24 29192 4 29201 2 29206 60 29267 81 29417 23 29447 4 29457 2 29462 142 29673 23 29703 3 29719 140 29929 23 29959 2 29976 139 30185 15 30204 4 30220 4 30233 137 30441 14 30461 3 30471 1 30478 1 30490 135 30698 12 30717 3 30727 1 30746 104 30852 28 30955 11 30974 2 30983 1 31003 131 31162 6 31212 10 31231 1 31239 2 31249 4 31260 129 31417 9 31470 8 31495 2 31505 5 31516 129 31673 11 31727 5 31748 7 31761 6 31772 129 31928 22 32002 9 32016 8 32027 130 32184 26 32255 1 32257 9 32271 9 32283 130 32432 3 32440 28 32510 2 32513 8 32527 9 32539 131 32686 7 32694 30 32765 3 32769 9 32783 10 32795 131 32942 39 33021 3 33025 9 33037 13 33052 130 33197 40 33277 13 33292 15 33309 129 33453 40 33533 30 33566 128 33709 40 33789 31 33823 127 33966 40 34046 2 34049 27 34080 127 34222 41 34302 2 34306 2 34311 21 34337 127 34467 5 34477 44 34559 1 34567 22 34593 137 34733 45 34823 163 34988 47 35077 215 35331 219 35586 220 35841 153 35996 67 36097 152 36252 67 36353 152 36510 22 36535 41 36609 152 36766 23 36792 43 36839 3 36865 159 37025 21 37048 51 37121 156 37281 76 37380 152 37536 56 37595 20 37636 212 37850 22 37889 224 38114 16 38145 223 38371 17 38402 222 38628 17 38656 218 38876 4 38884 17 38912 215 39132 3 39139 1 39142 3 39146 12 39168 195 39364 20 39395 1 39398 3 39402 12 39424 197 39625 16 39654 17 39680 197 39882 15 39909 18 39936 197 40138 15 40172 12 40192 200 40394 18 40428 12 40448 202 40651 17 40684 12 40704 222 40939 13 40960 224 41194 14 41216 172 41389 51 41450 14 41472 225 41705 15 41728 225 41960 16 41984 167 42154 28 42184 26 42215 17 42240 167 42411 27 42439 27 42470 18 42496 168 42670 52 42724 20 42752 169 42922 78 43008 175 43187 1 43189 67 43264 175 43446 8 43457 10 43468 44 43520 175 43702 4 43714 4 43720 2 43724 44 43776 175 43970 4 43981 17 44000 24 44032 175 44227 3 44238 15 44256 24 44288 174 44494 15 44512 24 44544 174 44735 3 44749 16 44768 23 44800 174 44991 2 45005 16 45025 4 45030 16 45056 174 45261 16 45283 2 45288 14 45312 174 45517 15 45539 1 45545 11 45568 173 45773 11 45801 10 45824 167 46029 10 46058 8 46080 167 46260 2 46283 12 46313 9 46336 166 46516 2 46538 13 46572 7 46592 165 46770 4 46794 7 46802 4 46828 7 46848 165 47025 5 47050 6 47085 7 47104 165 47280 5 47307 5 47342 6 47360 164 47536 4 47563 4 47599 6 47616 164 47792 2 47801 6 47820 2 47855 1 47858 3 47872 164 48055 9 48115 3 48128 164 48309 11 48353 1 48372 3 48384 164 48565 12 48580 2 48584 2 48609 1 48628 4 48640 164 48822 4 48828 10 48841 1 48884 4 48896 165 49062 1 49078 4 49086 9 49140 5 49152 169 49334 3 49344 12 49396 5 49408 171 49590 2 49602 10 49652 6 49664 172 49859 7 49908 6 49920 172 50118 4 50163 8 50176 174 50375 3 50419 9 50432 174 50633 1 50675 9 50688 174 50931 9 50944 174 51188 8 51200 174 51376 2 51444 8 51456 175 51632 2 51646 4 51700 8 51712 175 51888 1 51902 6 51956 8 51968 175 52158 6 52212 7 52224 175 52413 8 52460 2 52465 1 52468 6 52480 175 52669 9 52714 14 52736 178 52924 11 52969 15 52992 145 53138 39 53181 11 53227 10 53238 2 53248 20 53270 6 53279 154 53437 13 53485 8 53504 20 53529 1 53537 152 53694 16 53741 8 53760 23 53793 121 53915 30 53950 17 53996 8 54016 24 54050 120 54172 29 54206 7 54219 8 54241 19 54272 25 54306 152 54461 7 54476 8 54497 20 54528 26 54562 152 54716 8 54732 8 54753 20 54784 22 54818 122 54942 13 54957 22 54986 9 55011 17 55040 10 55051 10 55074 122 55199 11 55214 20 55242 8 55267 12 55281 3 55296 9 55308 9 55330 122 55455 11 55469 21 55496 9 55522 13 55552 9 55565 8 55587 120 55710 36 55751 9 55769 4 55776 16 55808 9 55820 8 55845 118 55967 35 56007 9 56022 26 56064 9 56076 8 56103 116 56223 35 56263 7 56276 29 56320 8 56331 9 56360 104 56465 10 56481 33 56520 3 56532 30 56576 8 56587 9 56617 101 56721 8 56738 32 56777 1 56788 31 56832 9 56843 9 56874 100 56978 7 56988 4 56993 32 57032 3 57045 30 57088 9 57099 7 57107 1 57130 100 57234 6 57244 35 57285 2 57288 4 57301 30 57344 19 57387 99 57491 1 57499 35 57540 6 57557 30 57600 19 57644 98 57755 35 57796 5 57813 30 57856 18 57899 98 58010 36 58055 1 58059 3 58069 29 58103 27 58153 97 58265 37 58314 4 58326 28 58358 28 58400 2 58408 98 58523 34 58565 10 58583 6 58590 20 58613 29 58656 3 58663 99 58781 31 58820 11 58849 16 58868 30 58911 4 58918 30 58949 69 59038 23 59075 11 59107 47 59167 36 59207 68 59295 21 59330 12 59365 8 59374 37 59423 35 59465 67 59551 21 59587 10 59623 46 59678 36 59722 69 59807 20 59844 8 59882 45 59932 37 59978 70 60064 18 60101 3 60135 49 60187 36 60235 70 60321 17 60390 88 60492 7 60504 58 60577 15 60599 4 60646 88 60750 4 60762 56 60833 15 60854 5 60901 91 61021 53 61089 15 61109 6 61157 92 61279 20 61307 24 61345 14 61364 7 61413 93 61535 20 61562 24 61601 13 61620 7 61663 2 61670 93 61791 21 61818 24 61858 12 61875 7 61919 3 61927 8 61944 76 62046 21 62075 22 62114 11 62131 7 62175 2 62185 2 62200 76 62302 21 62332 20 62371 9 62386 8 62456 76 62558 20 62586 9 62597 10 62627 7 62642 9 62712 76 62813 21 62842 8 62853 9 62884 5 62897 11 62967 1 62971 3 62976 69 63069 22 63097 9 63110 6 63141 3 63153 10 63220 4 63227 3 63232 69 63324 24 63352 11 63369 2 63398 2 63408 10 63420 2 63474 6 63483 3 63488 70 63581 23 63607 13 63667 7 63730 11 63744 70 63837 39 63924 5 63986 10 64000 70 64093 23 64117 15 64239 14 64256 70 64349 19 64370 1 64373 15 64424 1 64491 18 64512 70 64605 19 64627 17 64680 2 64745 16 64762 3 64768 70 64861 17 64883 18 64936 2 64999 16 65019 1 65024 70 65117 17 65139 19 65190 5 65252 19 65280 71 65373 16 65394 21 65445 6 65452 3 65507 20
432339,0 65536
433193,0 35035 35040 238 35296 235 35552 233 35808 233 36064 232 36319 232 36575 230 36806 3 36831 228 37062 5 37086 227 37318 5 37343 223 37574 5 37600 220 37830 5 37857 217 38087 3 38114 214 38370 213 38626 213 38873 1 38882 212 39127 4 39138 210 39382 6 39393 210 39638 7 39648 210 39894 219 40120 2 40150 219 40375 5 40406 218 40630 7 40663 217 40885 8 40919 217 41140 9 41174 218 41395 10 41430 217 41648 2 41651 10 41685 215 41904 2 41908 8 41940 213 42164 2 42196 212 42449 216 42698 2 42702 221 42949 233 43195 243 43447 246 43701 247 43955 248 44208 6350 50560 253 50817 250 51073 247 51330 244 51588 240 51845 238 52102 236 52357 236 52612 236 52868 235 53123 235 53378 236 53632 238 53886 240 54141 240 54396 241 54651 241 54904 244 55160 243 55407 4 55413 244 55661 250 55916 250 56171 253 56426 9110
435772,41 35 86 5 106 9 133 10 193 18 296 37 342 6 362 8 389 8 449 18 551 17 574 21 598 7 617 10 645 7 704 18 804 20 826 1 830 32 872 12 900 8 960 18 1059 25 1085 34 1127 14 1156 8 1216 18 1313 63 1383 15 1412 8 1473 18 1566 70 1637 19 1658 2 1669 6 1729 19 1821 75 1898 20 1925 4 1986 19 2068 83 2154 21 2182 1 2242 20 2283 3 2323 82 2410 22 2498 21 2539 3 2577 84 2666 13 2681 7 2754 21 2795 3 2831 85 2922 12 2936 9 3011 9 3023 14 3053 1 3086 86 3178 12 3192 8 3268 6 3280 14 3342 86 3434 12 3448 7 3477 1 3525 4 3537 6 3544 6 3597 86 3689 13 3703 7 3732 5 3794 4 3800 6 3851 87 3944 12 3957 9 3988 6 4056 6 4107 86 4199 9 4214 8 4244 6 4313 5 4363 86 4454 8 4474 3 4501 5 4570 3 4619 79 4699 3 4703 2 4710 7 4757 5 4809 2 4875 79 4956 1 4959 2 4967 6 5004 1 5063 7 5131 80 5215 2 5223 6 5259 5 5318 9 5387 86 5480 4 5514 8 5573 11 5643 86 5736 2 5769 9 5829 12 5898 88 5992 1 6025 10 6085 12 6152 90 6280 11 6340 13 6406 92 6536 10 6596 13 6660 95 6791 6 6852 13 6914 97 7020 1 7047 5 7108 12 7169 98 7276 2 7302 6 7365 7 7424 98 7532 2 7557 7 7622 3 7680 97 7788 4 7812 8 7936 96 8044 6 8068 7 8192 95 8300 7 8324 7 8448 95 8556 8 8570 2 8576 3 8581 5 8704 95 8812 10 8826 8 8838 3 8960 95 9068 10 9216 96 9324 6 9332 1 9472 96 9728 96 9984 96 10240 96 10496 96 10752 96 11008 4 11016 89 11264 2 11275 86 11537 82 11794 85 12050 86 12306 87 12564 74 12639 10 12821 73 12896 1 12899 7 13079 71 13156 6 13337 69 13414 4 13419 12 13593 71 13670 18 13849 72 13926 18 14105 73 14184 16 14361 73 14443 13 14619 72 14700 12 14878 69 14958 10 15104 2 15135 69 15215 9 15360 6 15391 69 15473 8 15616 7 15648 69 15720 1 15730 7 15872 7 15904 10 15917 57 15975 6 15987 6 16030 3 16128 7 16162 7 16175 62 16241 7 16384 7 16421 2 16432 62 16496 8 16640 7 16690 60 16752 10 16896 7 16905 3 16947 59 17008 11 17152 13 17202 75 17408 13 17458 75 17664 13 17714 76 17920 13 17970 76 18176 13 18226 77 18432 13 18483 77 18688 15 18739 78 18944 16 18995 79 19200 18 19250 81 19456 23 19505 83 19712 25 19761 85 19968 25 20017 65 20084 20 20224 26 20273 65 20340 20 20480 26 20529 65 20597 19 20736 26 20785 63 20853 19 20992 26 21041 63 21109 19 21248 26 21297 63 21364 20 21504 27 21553 62 21618 21 21760 26 21809 86 22016 26 22065 85 22272 24 22310 1 22321 84 22528 23 22564 5 22578 82 22784 22 22820 5 22835 79 23040 22 23075 5 23092 76 23296 21 23332 3 23349 75 23552 20 23605 74 23808 19 23860 74 24064 19 24115 74 24320 19 24370 74 24576 25 24625 74 24832 27 24879 76 25088 29 25134 77 25344 31 25388 79 25600 38 25642 81 25856 38 25898 80 26112 38 26153 81 26368 38 26409 81 26624 37 26665 81 26880 38 26921 81 27136 38 27176 82 27392 121 27648 119 27904 116 28160 115 28416 115 28672 115 28928 114 29184 114 29440 114 29696 113 29952 113 30208 112 30464 111 30720 110 30976 108 31232 105 31488 104 31744 102 32000 101 32256 100 32512 78 32593 19 32768 78 32851 15 33024 78 33109 12 33280 78 33367 7 33536 78 33626 1 33792 79 34048 79 34304 81 34560 82 34816 85 35072 86 35328 86 35584 86 35840 86 36096 70 36167 15 36352 70 36424 14 36608 70 36679 14 36864 85 37073 4 37120 85 37328 6 37376 86 37583 8 37632 86 37838 11 37851 4 37888 87 38093 19 38144 87 38349 20 38400 86 38606 19 38656 86 38862 20 38912 87 39119 20 39168 88 39376 20 39424 89 39634 18 39680 90 39891 18 39936 90 40148 17 40192 90 40404 18 40448 90 40660 18 40704 89 40916 19 40960 88 41172 20 41216 87 41427 21 41472 87 41683 21 41728 86 41939 21 41984 86 42163 6 42195 21 42240 86 42416 11 42451 20 42496 88 42670 14 42707 20 42752 93 42926 16 42944 5 42962 22 43008 94 43181 26 43217 23 43264 95 43437 30 43472 25 43520 102 43693 60 43776 105 43948 62 44032 107 44147 5 44203 63 44288 109 44402 6 44458 65 44544 121 44714 65 44800 121 44970 66 45056 121 45226 68 45312 121 45481 73 45568 121 45736 76 45824 122 45991 77 46080 122 46245 81 46336 123 46500 83 46592 124 46756 84 46848 124 47011 86 47104 124 47267 86 47360 124 47522 88 47616 125 47778 89 47872 125 48031 93 48128 124 48285 223 48541 223 48797 139 48937 84 49053 138 49193 85 49308 137 49449 85 49564 135 49705 85 49820 130 49951 2 49960 86 50075 129 50214 88 50331 127 50469 89 50586 127 50721 2 50725 90 50835 5 50841 127 50977 94 51089 134 51233 95 51345 134 51491 9 51503 81 51601 133 51748 9 51758 83 51847 3 51857 133 52006 2 52011 86 52102 6 52113 132 52268 85 52358 6 52368 133 52524 85 52614 8 52623 134 52780 85 52871 141 53036 84 53128 140 53293 83 53386 118 53505 18 53532 1 53549 83 53643 117 53762 16 53806 81 53899 117 54020 13 54063 80 54155 117 54278 9 54300 1 54321 78 54411 117 54535 7 54556 1 54577 78 54666 118 54789 7 54834 78 54922 118 55041 9 55091 78 55177 119 55297 9 55346 80 55432 120 55553 9 55595 2 55602 206 55809 14 55850 5 55856 208 56065 15 56105 231 56360 232 56615 52 56669 180 56870 54 56925 180 57126 235 57381 59 57441 29 57472 145 57637 56 57698 28 57728 145 57892 54 57956 26 57985 143 58148 36 58185 6 58195 3 58200 1 58215 23 58241 143 58404 50 58471 22 58498 142 58660 38 58699 3 58703 5 58710 1 58727 22 58754 142 58916 47 58966 1 58983 22 59010 142 59173 46 59222 1 59238 23 59265 143 59429 33 59463 12 59494 22 59518 146 59686 31 59719 12 59750 20 59774 145 59942 30 59975 13 60005 17 60029 146 60198 26 60231 13 60261 16 60285 146 60455 25 60488 12 60517 16 60541 146 60712 24 60745 11 60773 16 60796 147 60968 24 61002 10 61031 13 61052 147 61225 5 61232 16 61249 5 61259 8 61288 11 61308 132 61442 13 61482 3 61487 5 61493 14 61519 3 61547 2 61564 132 61699 12 61738 2 61743 4 61749 13 61820 132 61955 11 61994 8 62006 13 62076 131 62211 11 62251 6 62262 14 62331 118 62452 10 62464 13 62507 7 62518 13 62586 119 62707 10 62720 13 62763 8 62774 12 62842 119 62962 7 62970 2 62976 13 63020 21 63098 115 63215 6 63223 1 63232 12 63276 20 63342 1 63354 110 63467 1 63473 3 63488 11 63532 21 63610 101 63712 5 63731 1 63744 10 63788 21 63866 100 63968 4 64000 9 64044 21 64122 106 64256 3 64300 22 64378 105 64556 22 64634 103 64812 22 64889 4 64895 98 65070 21 65145 3 65151 98 65326 21 65357 10 65401 3 65407 90 65500 6
442157,5 52 261 51 518 50 775 48 1032 47 1293 45 1339 2 1550 49 1807 19 1829 3 1835 20 2063 19 2085 3 2091 19 2319 20 2341 2 2347 18 2577 21 2602 19 2843 10 2857 20 3100 6 3107 2 3113 20 3369 29 3625 13 3643 11 3881 12 3899 11 4138 9 4155 11 4378 1 4394 8 4411 11 4441 4 4633 4 4650 7 4668 10 4697 5 4888 4 4906 6 4924 11 4953 5 5143 5 5162 5 5180 10 5209 5 5398 4 5418 5 5436 10 5458 1 5466 3 5654 3 5674 5 5692 10 5713 4 5910 3 5931 3 5950 7 5969 4 6165 4 6208 3 6226 3 6421 4 6484 1 6677 4 6705 2 6933 5 6961 2 7189 6 7445 7 7702 7 7958 8 8214 9 8249 3 8470 9 8504 4 8726 10 8759 5 8982 11 9014 6 9238 12 9270 6 9494 15 9526 5 9750 15 9783 4 10006 15 10263 14 10520 13 10780 9 11038 6 11195 1 11295 4 11450 4 11462 1 11705 5 11717 3 11960 6 11972 4 12216 6 12227 4 12473 4 12482 5 12605 2 12739 4 12860 4 13115 6 13371 6 13627 7 13637 2 13884 12 14141 11 14399 9 14656 8 14913 6 15008 2 15170 5 15781 1 15949 4 15976 3 16036 4 16202 8 16233 2 16292 5 16457 10 16490 1 16548 6 16713 10 16805 4 16969 10 17062 2 17225 10 17481 8 17737 7 17993 6 18007 3 18249 5 18262 3 18504 6 18518 3 18761 4 19017 4 19272 4 19526 6 19780 9 20035 10 20054 1 20290 11 20546 11 20802 10 21059 8 28048 1 28302 6 28558 6 28813 7 29069 7 29324 8 29579 8 29835 6 30091 6 30348 5 30605 3 30862 2 31124 1 31142 3 31378 5 31397 6 31634 5 31653 7 31891 4 31909 8 32134 2 32166 8 32389 4 32422 8 32644 6 32679 7 32876 3 32900 6 32936 5 33132 4 33155 7 33182 2 33388 2 33410 8 33422 2 33437 4 33664 9 33677 4 33692 5 33920 7 33931 1 33933 4 33947 6 33964 3 34175 8 34187 6 34202 7 34219 6 34432 7 34444 4 34458 7 34474 8 34687 8 34700 4 34714 8 34729 10 34943 9 34957 2 34971 7 34984 12 35200 8 35227 8 35236 16 35456 8 35484 24 35713 6 35739 25 35970 5 35995 24 36226 4 36250 23 36483 2 36505 20 36761 18 37017 17 37274 15 37530 13 37787 10 38026 3 38044 7 38282 2 38301 5 38314 2 38558 4 38570 4 38816 1 38824 6 39079 7 39321 4 39334 8 39577 5 39589 9 39825 1 39832 7 39845 9 40078 5 40088 9 40098 12 40332 7 40344 23 40586 10 40600 24 40841 11 40857 24 41096 12 41114 23 41352 12 41371 22 41608 12 41628 20 41865 3 41885 19 42142 18 42400 15 42638 3 42658 13 42893 5 42906 2 42915 11 43149 5 43161 4 43174 5 43405 4 43417 4 43662 2 43674 7 51205 7 51460 9 51717 9 51973 10 52224 2 52228 11 52480 16 52736 15 52992 15 53248 15 53504 16 53760 16 54016 16 54272 15 54528 15 54784 15 55040 15 55296 15 55552 15 55808 14 56064 14 56320 13 56576 12 56832 13 57090 13 57344 17 57600 17 57857 16 58121 8 58377 8 58633 7 58888 7 59143 7 59398 7 59654 6 59912 3 62052 1 62064 3 62306 9 62319 5 62562 10 62575 5 62822 14 63081 11 63339 8 63599 3 63856 1 64855 3
442220,0 170 197 229 446 2 452 231 702 2 706 233 958 2 962 234 1200 2 1214 245 1470 245 1725 245 1980 245 2226 1 2236 245 2482 2 2488 249 2738 3 2744 249 2996 2 3000 250 3256 250 3512 251 3768 251 4023 2217 6241 3742 9984 255 10240 38076 48318 17218
447372,3 26 180 16 202 23 260 24 435 17 458 22 517 23 690 17 715 21 774 21 945 18 971 21 1031 11 1045 6 1201 17 1228 19 1288 9 1302 4 1457 15 1485 19 1544 9 1713 15 1746 14 1800 9 1970 14 2003 13 2049 4 2055 11 2226 15 2260 12 2304 20 2450 3 2482 15 2516 11 2560 20 2702 2 2706 3 2738 15 2771 12 2816 21 2956 4 2961 5 2994 16 3027 11 3072 21 3212 11 3251 16 3283 11 3328 22 3468 12 3508 16 3538 11 3584 22 3724 12 3765 15 3794 11 3840 23 3979 13 4010 3 4021 15 4051 10 4096 23 4236 13 4266 4 4277 16 4307 9 4352 23 4458 1 4493 12 4521 5 4533 16 4563 9 4608 23 4682 2 4713 2 4753 8 4777 5 4788 18 4820 7 4864 9 4874 13 4938 3 5010 6 5030 8 5044 18 5078 4 5120 8 5131 12 5195 2 5267 5 5284 10 5300 19 5376 6 5387 10 5452 2 5539 4 5546 2 5556 19 5632 5 5644 4 5708 4 5796 1 5812 20 5888 5 5964 5 5990 1 6041 3 6068 20 6144 5 6219 6 6246 1 6296 5 6324 20 6400 5 6475 6 6502 1 6551 6 6581 17 6656 5 6731 6 6803 10 6912 5 6987 6 7059 9 7168 4 7243 6 7315 9 7329 2 7424 4 7499 10 7572 8 7583 5 7680 3 7756 10 7828 16 7936 4 8013 9 8084 16 8192 4 8270 8 8341 14 8448 4 8453 1 8526 7 8599 11 8704 6 8783 6 8860 5 8960 5 8972 3 9038 5 9216 5 9227 6 9293 6 9472 5 9482 7 9548 5 9728 6 9737 9 9801 8 9984 18 10056 9 10240 18 10259 4 10310 11 10496 2 10501 20 10538 6 10566 11 10752 1 10758 20 10792 8 10821 12 11014 20 11048 9 11077 12 11270 21 11304 9 11332 13 11527 23 11559 10 11589 12 11783 27 11813 12 11845 12 12040 42 12102 11 12297 42 12358 11 12553 42 12614 10 12809 43 12870 10 13065 43 13126 10 13322 42 13383 10 13582 39 13640 9 13838 39 13896 10 13908 1 13913 10 14092 41 14153 26 14347 42 14410 25 14602 43 14669 9 14681 4 14858 42 14927 7 15113 43 15185 3 15369 43 15626 43 15883 42 15944 3 16140 41 16197 7 16396 42 16452 8 16654 48 16706 10 16910 61 17158 1 17167 59 17410 7 17423 58 17666 8 17680 57 17920 11 17936 57 18177 2 18181 5 18192 16 18209 40 18253 2 18433 2 18438 4 18449 14 18465 41 18507 6 18695 2 18706 12 18722 22 18746 23 18952 1 18979 21 19005 20 19239 17 19262 19 19400 2 19495 17 19519 18 19654 6 19720 4 19752 16 19777 17 19909 7 19975 6 19985 3 20009 14 20044 7 20164 8 20231 7 20239 6 20266 10 20301 8 20419 10 20487 14 20523 8 20557 9 20674 11 20743 14 20780 8 20813 9 20929 18 20999 12 21036 8 21068 10 21185 19 21256 12 21292 9 21323 10 21440 20 21513 12 21548 13 21570 18 21695 21 21770 13 21804 13 21826 1 21837 6 21950 23 22027 13 22060 13 22080 1 22094 5 22205 24 22283 14 22316 13 22352 1 22462 23 22539 15 22572 14 22719 23 22795 20 22828 13 22975 22 23051 21 23084 13 23231 22 23308 22 23340 12 23353 9 23488 21 23525 3 23565 40 23609 10 23744 21 23779 6 23808 1 23822 37 23864 12 23908 1 24002 23 24034 8 24064 2 24079 33 24119 13 24161 5 24169 2 24259 25 24289 11 24320 2 24337 30 24375 13 24415 14 24516 24 24544 16 24576 2 24596 27 24631 14 24668 17 24772 25 24798 21 24832 1 24851 28 24887 14 24924 17 25028 48 25088 1 25107 27 25143 13 25179 18 25284 49 25344 1 25363 27 25401 10 25435 18 25541 48 25619 26 25687 5 25693 15 25788 2 25798 48 25876 26 25943 5 25949 15 26043 4 26055 47 26133 25 26199 5 26205 15 26299 5 26312 46 26389 29 26453 23 26555 4 26568 45 26628 2 26645 30 26708 24 26812 3 26824 39 26864 3 26870 4 26884 3 26901 30 26962 27 27080 39 27121 1 27126 5 27140 3 27157 31 27209 2 27217 29 27336 39 27383 5 27412 32 27464 4 27473 31 27590 40 27639 5 27667 3 27674 13 27689 11 27718 43 27843 42 27896 4 27923 3 27930 13 27946 9 27974 43 28098 44 28153 3 28179 4 28186 13 28203 8 28229 41 28354 46 28409 3 28435 5 28443 10 28459 7 28485 40 28528 4 28608 50 28667 1 28691 5 28701 6 28712 9 28741 39 28783 11 28863 51 28946 6 28958 3 28969 5 28996 38 29039 11 29117 54 29202 7 29226 2 29252 37 29294 13 29369 58 29457 8 29471 2 29508 36 29550 13 29624 60 29713 8 29726 3 29765 35 29806 13 29877 65 29952 1 29969 10 29982 4 30022 33 30062 12 30132 66 30208 1 30225 10 30238 5 30278 32 30318 11 30335 5 30387 67 30464 1 30480 11 30494 5 30534 31 30574 10 30591 6 30643 66 30720 1 30731 16 30750 5 30792 28 30830 10 30847 7 30898 65 30976 1 30986 16 31008 3 31048 28 31086 8 31104 6 31154 65 31232 2 31240 17 31305 27 31343 6 31360 6 31410 61 31472 3 31488 3 31497 15 31561 26 31598 6 31618 3 31666 61 31729 1 31733 1 31744 6 31754 13 31780 1 31817 26 31853 6 31922 63 31989 1 32000 7 32011 8 32036 3 32074 24 32108 5 32175 3 32180 59 32256 8 32268 7 32291 4 32330 22 32358 1 32364 2 32429 5 32438 55 32499 1 32512 9 32525 5 32587 20 32614 1 32684 6 32695 54 32768 10 32781 5 32844 18 32940 7 32952 51 33023 12 33101 17 33124 1 33196 6 33207 53 33278 14 33358 16 33379 2 33452 6 33462 55 33534 15 33614 24 33709 5 33715 57 33791 14 33871 23 33967 1 33970 58 34048 13 34128 23 34226 58 34305 12 34384 30 34482 58 34548 2 34563 11 34641 29 34738 60 34802 5 34820 10 34856 5 34898 27 34995 59 35058 5 35076 10 35105 5 35111 7 35158 21 35251 60 35314 6 35332 10 35349 6 35361 13 35415 19 35512 55 35573 4 35588 9 35604 9 35616 14 35671 18 35713 2 35722 1 35768 56 35831 2 35843 10 35860 10 35872 15 35927 18 35968 4 35978 1 36024 56 36087 1 36099 9 36115 11 36127 16 36183 17 36214 1 36224 6 36234 2 36280 56 36343 3 36355 8 36371 29 36439 17 36468 7 36479 8 36491 1 36535 57 36599 3 36611 6 36626 30 36695 17 36722 23 36746 2 36789 58 36854 5 36867 4 36881 31 36951 16 36976 28 37043 60 37110 5 37124 2 37136 32 37207 15 37232 28 37296 63 37365 7 37381 1 37385 39 37464 13 37488 28 37550 65 37620 8 37633 48 37720 12 37744 28 37806 65 37876 9 37888 49 37978 9 37999 29 38061 66 38132 9 38144 49 38234 8 38254 30 38316 68 38389 61 38492 2 38499 5 38509 31 38572 69 38646 61 38754 42 38827 70 38903 14 38918 8 38928 15 38945 18 39009 43 39083 70 39160 11 39187 7 39195 3 39201 19 39264 43 39339 70 39417 7 39444 4 39452 3 39457 19 39520 43 39595 70 39675 5 39708 3 39713 20 39776 42 39851 69 39933 3 39965 2 39969 20 40032 42 40107 69 40225 21 40289 41 40364 50 40416 15 40452 1 40482 20 40546 40 40620 49 40672 15 40708 2 40739 19 40804 38 40876 67 40963 3 40998 15 41060 38 41133 67 41220 2 41254 15 41317 37 41389 67 41477 2 41510 15 41574 36 41646 5 41654 58 41733 2 41760 1 41764 17 41832 34 41879 2 41903 3 41910 59 41989 2 41993 1 42015 22 42092 30 42134 4 42153 3 42167 58 42249 2 42271 21 42349 30 42389 6 42409 3 42423 58 42502 1 42526 21 42606 46 42665 4 42680 57 42758 1 42782 19 42863 45 42921 3 42936 57 43038 18 43120 43 43192 21 43217 32 43295 15 43377 41 43449 18 43474 30 43551 12 43634 36 43707 14 43730 30 43809 10 43891 35 43965 8 43987 28 44054 4 44066 8 44150 33 44222 6 44245 26 44308 6 44324 5 44409 31 44481 4 44502 25 44561 8 44582 2 44666 30 44737 5 44758 25 44816 9 44923 29 44993 5 45015 23 45074 7 45181 3 45185 24 45249 5 45271 23 45331 5 45444 1 45448 17 45505 5 45527 23 45588 4 45705 16 45762 3 45783 23 45845 2 45962 15 46019 1 46039 22 46101 2 46219 14 46294 22 46357 2 46475 15 46550 21 46613 1 46730 18 46805 21 46985 20 47061 20 47239 23 47316 19 47494 25 47570 9 47580 7 47749 26 47825 9 48005 26 48045 4 48081 9 48260 26 48300 5 48338 8 48515 26 48556 6 48595 6 48771 23 48811 7 48853 3 49027 21 49067 7 49284 21 49323 7 49540 21 49579 6 49772 5 49797 20 49835 5 50027 11 50053 21 50092 4 50283 12 50308 23 50538 14 50564 24 50794 16 50819 26 50905 9 51049 19 51075 27 51158 15 51305 20 51331 28 51413 17 51561 21 51586 29 51668 18 51715 1 51817 22 51843 29 51924 19 51968 5 52073 23 52099 29 52180 20 52224 5 52329 25 52355 30 52437 19 52480 5 52580 4 52585 25 52611 31 52694 19 52736 5 52836 4 52843 56 52951 18 52992 5 53092 4 53101 43 53145 11 53208 17 53248 5 53348 5 53357 31 53393 19 53465 16 53491 1 53504 4 53604 6 53613 31 53650 18 53723 14 53747 3 53760 3 53860 40 53906 17 53982 10 54003 3 54016 3 54101 4 54115 41 54162 17 54239 9 54259 2 54356 8 54365 49 54417 15 54496 8 54611 77 54753 7 54867 77 55011 3 55122 77 55378 77 55633 69 55703 5 55888 60 55950 2 55954 2 56144 60 56399 62 56655 62 56910 63 57166 63 57421 64 57677 64 57913 5 57933 66 58168 8 58188 69 58422 92 58677 94 58932 96 59187 97 59443 97 59698 98 59904 1 59954 98 60160 3 60211 97 60363 1 60392 2 60416 3 60468 97 60616 7 60646 6 60664 2 60672 3 60725 97 60861 6 60868 15 60901 8 60918 7 60928 3 60981 96 61116 24 61154 13 61173 10 61184 3 61237 84 61323 10 61349 4 61371 26 61406 19 61428 18 61493 85 61580 8 61605 4 61627 28 61659 44 61749 85 61837 6 61861 4 61883 77 62004 86 62094 4 62139 78 62244 2 62259 79 62339 7 62395 78 62499 4 62514 88 62650 80 62755 4 62763 94 62899 87 63011 4 63018 96 63154 88 63268 1 63272 94 63367 3 63409 89 63525 102 63663 91 63781 102 63918 81 64000 9 64013 5 64036 103 64174 81 64256 7 64266 14 64291 103 64429 31 64463 48 64512 27 64545 101 64648 3 64686 61 64748 19 64768 29 64800 102 64905 2 64942 57 65004 18 65024 30 65055 103 65199 56 65256 23 65280 134 65455 81
451709,0 105 109 98 256 207 512 207 768 207 1024 207 1280 206 1536 206 1792 205 2048 205 2304 205 2560 205 2816 205 3072 205 3320 213 3574 216 3827 219 4081 221 4336 221 4590 223 4845 224 5100 225 5356 225 5611 226 5867 226 6122 227 6378 227 6631 1 6634 227 6883 14 6898 221 7138 13 7153 223 7393 13 7408 224 7649 240 7905 240 8160 242 8416 242 8672 242 8927 243 9182 243 9438 241 9694 240 9950 241 10206 241 10462 241 10719 241 10975 240 11232 239 11489 238 11745 238 12002 237 12258 192 12454 41 12514 190 12712 40 12771 189 12968 42 13027 5 13036 181 13222 45 13284 3 13294 230 13551 230 13808 229 14065 229 14322 228 14580 226 14842 221 15100 220 15357 219 15616 217 15872 218 16128 218 16384 218 16640 218 16896 218 17152 219 17408 221 17664 222 17920 224 18176 226 18432 228 18688 229 18944 229 19200 230 19456 231 19712 231 19968 232 20224 231 20480 231 20736 231 20992 231 21248 231 21504 231 21760 237 22016 239 22272 241 22516 2 22528 246 22784 243 23029 1 23040 242 23296 242 23552 241 23808 243 24064 245 24320 246 24576 246 24832 247 25088 247 25344 249 25600 251 25856 184 26044 64 26112 183 26305 60 26368 183 26560 61 26624 183 26816 61 26880 183 27071 61 27136 183 27326 60 27392 182 27581 60 27648 181 27836 61 27904 183 28091 62 28160 183 28346 64 28416 250 28672 250 28928 250 29184 250 29440 250 29696 249 29952 58 30011 190 30208 57 30268 189 30464 56 30524 190 30717 2 30720 55 30780 251 31036 251 31293 250 31550 249 31807 247 32064 246 32321 5 32329 236 32585 184 32771 50 32841 183 33030 46 33095 185 33288 43 33350 186 33545 42 33603 189 33801 40 33856 192 34057 39 34109 195 34313 38 34363 197 34569 40 34618 198 34825 45 34872 200 35081 249 35337 249 35593 249 35849 250 36104 251 36359 253 36614 250 36865 255 37121 255 37377 6163 43541 2282 45824 254 46080 253 46336 252 46592 252 46848 253 47104 255 47360 3327 50688 255 50944 253 51200 253 51456 253 51712 253 51968 253 52224 253 52480 252 52736 245 52992 244 53248 234 53504 232 53760 229 54016 228 54265 5 54272 217 54495 1 54520 7 54528 216 54776 224 55033 6 55040 216 55289 5 55296 216 55552 216 55808 215 56064 215 56320 214 56576 214 56832 213 57088 211 57344 210 57586 8 57600 210 57841 12 57856 210 58094 229 58349 230 58605 230 58861 230 59117 230 59373 229 59630 226 59886 212 60103 7 60142 211 60398 208 60654 206 60910 205 61163 207 61416 210 61671 210 61926 211 62181 211 62437 211 62692 211 62948 210 63204 7 63216 196 63461 4 63472 195 63718 2 63728 194 63984 194 64240 194 64495 195 64749 197 65004 198 65260 198 65516 20
455136,0 65536
460549,232 16 254 2 488 15 510 2 744 15 765 3 1000 15 1021 3 1256 15 1277 3 1513 12 1526 4 1532 4 1769 11 1782 10 2002 3 2026 9 2038 10 2257 5 2284 6 2294 10 2465 3 2512 7 2541 4 2550 10 2636 4 2721 3 2768 8 2806 10 2892 5 2977 2 3023 9 3062 10 3148 5 3279 10 3317 11 3404 6 3535 11 3573 11 3660 6 3792 10 3829 11 3852 6 3916 6 4048 11 4085 11 4108 6 4172 5 4305 10 4343 9 4367 2 4453 4 4510 5 4562 8 4603 5 4708 6 4765 6 4821 2 4861 3 4963 8 5016 12 5219 8 5269 7 5277 7 5475 8 5527 2 5534 5 5731 8 5770 1 5790 4 5987 8 6023 5 6243 6 6278 7 6500 3 6534 7 6790 8 7046 8 7302 7 7558 7 7814 6 8070 6 8326 5 8583 3 13594 5 13849 7 14106 7 14363 7 14619 7 14875 8 15131 8 15387 9 15643 9 15900 9 16156 8 16414 4 16470 2 16725 5 16974 13 17228 15 17483 15 17739 14 17994 15 18248 17 18500 21 18687 2 18754 22 18832 3 18944 2 19009 23 19081 12 19200 2 19266 21 19336 14 19456 3 19522 14 19537 3 19592 17 19712 3 19779 16 19848 18 19968 3 20035 15 20105 17 20221 2 20224 2 20292 18 20362 16 20475 6 20516 1 20549 18 20619 15 20646 2 20655 2 20730 6 20805 19 20876 13 20901 4 20910 4 20986 6 21062 18 21132 10 21157 6 21165 6 21205 4 21241 7 21318 18 21390 8 21413 14 21460 6 21477 1 21497 7 21574 18 21650 4 21669 15 21707 2 21715 7 21726 3 21731 5 21752 8 21831 16 21906 5 21925 17 21962 5 21970 9 21980 12 22007 9 22090 11 22163 5 22181 18 22217 32 22262 10 22347 8 22420 4 22437 19 22473 38 22518 10 22606 3 22669 2 22676 4 22693 19 22729 41 22774 10 22793 2 22916 2 22925 3 22932 5 22949 19 22985 42 23030 10 23047 6 23171 4 23180 13 23205 19 23241 44 23286 10 23303 6 23424 9 23434 14 23461 20 23497 55 23560 6 23679 25 23718 19 23753 55 23816 5 23934 25 23975 19 24010 54 24073 3 24190 14 24205 9 24232 19 24266 54 24446 25 24488 19 24522 54 24591 4 24702 25 24744 19 24777 55 24846 9 24958 25 24997 15 25014 4 25033 55 25101 11 25214 24 25253 14 25289 55 25358 10 25420 1 25470 23 25508 15 25544 56 25614 9 25674 5 25728 21 25764 16 25800 56 25870 8 25930 5 25982 2 25990 15 26020 17 26055 57 26126 2 26129 3 26187 4 26236 4 26248 14 26274 21 26310 3 26316 45 26362 6 26382 2 26491 5 26504 14 26520 4 26526 26 26565 3 26572 45 26618 6 26639 2 26746 6 26760 14 26775 34 26820 4 26829 44 26875 5 26895 3 27003 4 27016 36 27054 12 27075 5 27085 44 27130 6 27152 3 27260 1 27270 37 27316 6 27331 6 27341 15 27359 26 27386 6 27408 2 27423 3 27524 24 27550 12 27574 4 27587 6 27598 15 27616 32 27679 4 27779 7 27788 15 27809 8 27831 3 27843 6 27854 15 27873 31 27934 6 28034 7 28044 15 28067 5 28100 5 28110 14 28130 30 28187 11 28289 7 28301 13 28324 3 28357 3 28367 12 28386 30 28443 2 28447 6 28546 6 28556 15 28624 6 28643 29 28698 3 28804 4 28811 17 28900 28 28954 3 29066 19 29097 3 29156 28 29210 3 29222 1 29322 19 29350 7 29408 25 29434 6 29467 2 29477 2 29579 19 29606 7 29663 19 29686 2 29692 4 29724 1 29733 2 29836 18 29860 8 29912 3 29918 19 29989 2 30092 20 30114 10 30167 26 30246 1 30349 31 30423 26 30606 29 30680 25 30863 28 30897 4 30937 24 31121 26 31152 6 31193 24 31378 25 31407 7 31449 24 31635 24 31663 8 31676 2 31705 24 31738 2 31743 1 31892 23 31919 9 31930 6 31961 25 31992 8 32148 23 32176 17 32218 25 32245 11 32288 15 32404 23 32433 17 32476 23 32500 12 32543 17 32661 23 32692 15 32733 35 32798 19 32851 2 32918 17 32937 4 32948 16 32990 34 33054 19 33106 5 33175 9 33194 2 33204 16 33246 31 33310 21 33362 7 33433 7 33460 16 33503 29 33569 18 33618 7 33690 5 33717 14 33759 29 33818 3 33828 16 33874 8 33948 2 33973 1 33976 2 33980 7 34017 26 34072 7 34085 16 34130 8 34237 5 34276 23 34327 8 34341 22 34386 8 34533 21 34582 10 34596 24 34642 8 34717 1 34732 3 34794 15 34837 40 34898 7 34973 2 34988 4 35053 11 35076 1 35094 39 35155 6 35229 3 35244 4 35310 9 35330 5 35350 40 35412 4 35485 6 35501 2 35566 8 35586 6 35607 39 35670 1 35742 5 35823 6 35842 7 35863 39 35998 6 36051 3 36080 4 36098 8 36119 23 36145 13 36190 1 36255 6 36307 2 36337 2 36354 8 36376 20 36401 13 36445 4 36511 6 36610 5 36632 19 36658 12 36701 4 36767 7 36788 3 36889 17 36914 12 36957 4 37023 7 37035 4 37043 7 37087 5 37145 16 37170 11 37212 5 37279 7 37291 16 37342 6 37400 16 37426 9 37468 5 37478 4 37536 8 37547 18 37598 7 37656 14 37678 12 37725 2 37733 5 37792 7 37804 18 37854 7 37911 14 37932 14 37988 6 38050 2 38061 19 38110 8 38168 13 38188 13 38244 6 38319 17 38366 8 38424 12 38444 13 38500 5 38511 4 38578 15 38622 8 38681 10 38703 11 38756 2 38766 6 38835 14 38879 7 38937 9 38953 2 38960 11 39012 1 39022 8 39093 12 39135 7 39194 7 39207 5 39221 7 39279 9 39289 4 39350 10 39391 6 39452 4 39462 7 39479 6 39535 15 39606 10 39637 3 39647 6 39710 1 39718 7 39737 6 39791 16 39863 9 39891 17 39973 9 39993 7 40036 4 40047 18 40121 7 40147 13 40229 10 40250 6 40291 6 40302 22 40378 5 40402 14 40485 12 40508 4 40546 7 40556 26 40658 13 40741 13 40765 3 40803 7 40811 28 40914 13 40973 2 40997 13 41022 2 41059 36 41171 12 41229 2 41253 13 41316 6 41326 25 41426 13 41509 13 41572 5 41585 22 41623 2 41681 13 41765 13 41830 1 41842 21 41878 4 41936 13 42022 12 42103 15 42135 2 42152 3 42192 12 42278 12 42360 14 42404 7 42447 12 42534 11 42551 3 42617 13 42634 3 42657 11 42703 13 42790 12 42805 5 42872 13 42889 5 42911 12 42960 12 43049 9 43062 4 43127 13 43145 5 43166 10 43216 12 43305 2 43309 5 43320 1 43382 14 43400 6 43422 9 43472 12 43559 3 43637 14 43656 5 43666 8 43678 10 43729 14 43800 1 43815 3 43892 15 43913 4 43922 9 43935 8 43985 18 44055 2 44072 1 44148 16 44178 8 44192 6 44242 21 44311 3 44405 15 44434 7 44449 4 44499 23 44567 3 44662 14 44686 2 44755 26 44823 3 44918 14 44941 4 45011 29 45079 3 45174 14 45192 11 45268 29 45335 2 45431 12 45448 11 45524 30 45588 4 45688 11 45708 6 45720 2 45745 3 45780 30 45844 3 45944 11 45966 4 45975 4 46000 5 46036 31 46100 2 46117 3 46202 7 46222 3 46231 6 46256 8 46292 31 46374 1 46459 5 46479 2 46487 7 46512 12 46548 11 46560 18 46743 9 46769 10 46804 10 46818 16 46999 9 47027 6 47060 10 47074 16 47255 9 47284 4 47315 10 47330 16 47511 9 47541 2 47570 10 47586 16 47616 2 47766 9 47827 6 47842 16 47872 2 48022 9 48084 3 48098 15 48271 1 48278 8 48355 13 48520 2 48526 5 48535 6 48612 10 48774 6 48781 6 48792 5 49030 13 49048 5 49285 14 49304 4 49541 12 49559 3 49795 13 49816 2 50050 13 50258 2 50306 13 50514 3 50529 7 50538 1 50563 11 50769 5 50780 17 50820 7 51025 5 51036 18 51281 4 51292 18 51536 4 51548 18 51667 3 51792 4 51805 16 51920 7 52048 4 52061 15 52120 3 52173 11 52317 14 52374 5 52429 11 52573 12 52629 6 52684 13 52829 9 52886 4 52940 10 53085 7 53148 3 53196 5 53342 4 53352 3 53403 4 53452 5 53607 6 53658 5 53695 3 53708 5 53820 2 53862 8 53897 4 53914 5 54076 3 54118 9 54153 4 54169 6 54332 4 54374 10 54393 2 54409 4 54421 10 54589 3 54598 1 54630 10 54647 6 54665 4 54676 10 54844 4 54853 4 54888 8 54901 9 54922 2 54931 10 55100 3 55108 5 55145 10 55156 13 55187 10 55274 2 55356 3 55364 5 55400 25 55443 9 55520 4 55529 3 55611 4 55620 6 55656 27 55698 10 55774 7 55785 3 55868 4 55873 8 55911 27 55955 9 56030 8 56041 3 56124 13 56166 28 56211 9 56286 8 56381 11 56422 28 56466 9 56542 9 56638 9 56678 4 56683 23 56721 9 56798 9 56894 8 56936 1 56940 10 56952 11 56974 10 57054 9 57150 8 57197 9 57208 6 57218 1 57228 9 57310 9 57406 4 57455 7 57464 5 57483 9 57566 8 57617 4 57679 4 57711 7 57721 3 57738 9 57823 7 57872 5 57934 6 57968 5 57995 6 58079 6 58127 7 58172 2 58190 11 58224 4 58253 2 58337 2 58382 9 58428 2 58446 11 58637 12 58702 11 58890 17 58960 7 59101 1 59145 19 59171 2 59218 4 59357 2 59400 21 59425 5 59612 3 59656 22 59679 8 59865 1 59868 3 59913 31 60124 3 60152 4 60170 32 60228 4 60301 3 60380 3 60407 7 60429 30 60484 4 60506 4 60557 4 60636 2 60663 7 60688 28 60723 4 60739 5 60755 3 60760 11 60812 6 60891 3 60920 6 60944 29 60978 6 60996 2 61017 7 61068 6 61164 3 61177 3 61200 13 61215 15 61233 8 61275 2 61283 2 61324 6 61419 5 61457 10 61472 25 61506 1 61539 3 61581 4 61674 6 61713 8 61728 24 61761 2 61795 4 61837 4 61921 3 61928 9 61952 3 61970 5 61984 7 61994 14 62018 1 62051 5 62177 15 62208 4 62241 6 62251 12 62274 1 62307 6 62433 15 62464 4 62497 5 62508 12 62564 6 62689 14 62720 5 62753 4 62764 12 62820 6 62856 5 62945 13 62970 5 62976 4 63022 10 63076 7 63111 8 63200 14 63225 10 63280 8 63332 7 63364 12 63453 18 63480 11 63538 6 63591 4 63620 12 63709 17 63736 10 63794 3 63850 1 63875 14 63964 17 63991 10 64040 1 64056 2 64131 13 64219 5 64228 6 64248 8 64295 5 64311 10 64387 13 64433 1 64471 8 64505 7 64551 5 64567 6 64575 3 64618 3 64644 12 64688 3 64725 9 64762 6 64807 6 64823 5 64832 3 64872 6 64903 9 64928 3 64943 4 64980 9 65018 6 65063 6 65078 5 65089 2 65127 7 65159 9 65184 3 65199 4 65235 9 65275 5 65320 5 65334 3 65346 1 65382 8 65414 10 65440 3 65454 4 65491 8 65511 3 65531 5
461675,0 65536
468422,0 227 237 252 495 253 751 14677 15431 28856 44288 254 44544 253 44800 253 45056 1023 46080 254 46336 253 46592 253 46848 253 47104 254 47360 255 47616 255 47872 255 48128 255 48384 17152
470274,0 1 5 21 91 3 180 8 223 7 256 4 261 20 347 3 437 5 478 9 512 25 604 1 727 2 734 10 768 24 982 19 1024 24 1157 2 1237 21 1280 24 1412 4 1494 20 1536 23 1666 8 1750 21 1792 22 1825 6 1922 10 2007 20 2048 22 2080 7 2178 2 2185 4 2263 20 2304 22 2336 8 2434 1 2442 3 2519 21 2560 21 2592 8 2606 2 2614 2 2641 2 2653 2 2699 2 2775 21 2816 21 2843 2 2849 7 2861 5 2868 7 2894 6 2908 4 2955 3 3031 21 3072 20 3098 4 3105 7 3116 17 3148 8 3164 4 3210 5 3287 21 3328 19 3353 15 3371 18 3398 15 3466 5 3544 20 3584 19 3609 37 3654 15 3716 2 3720 7 3801 18 3840 17 3865 38 3910 15 3973 10 4057 17 4096 16 4121 38 4166 15 4192 1 4229 10 4308 21 4352 14 4376 12 4391 24 4422 6 4429 8 4448 3 4485 10 4511 3 4561 23 4608 13 4627 15 4647 24 4678 5 4687 6 4704 3 4716 2 4741 11 4766 4 4817 23 4864 12 4880 17 4904 21 4946 3 4962 1 4997 11 5010 1 5021 5 5072 24 5120 11 5136 16 5161 19 5202 3 5218 1 5254 15 5277 5 5328 23 5376 10 5391 17 5418 16 5459 2 5474 1 5511 15 5528 10 5585 21 5631 10 5647 16 5674 16 5716 1 5728 3 5768 26 5841 20 5886 12 5904 16 5931 15 5972 1 5982 5 6025 25 6096 21 6141 13 6161 16 6187 16 6216 3 6228 1 6238 5 6285 20 6352 22 6396 14 6418 15 6443 16 6470 7 6484 1 6494 5 6542 19 6608 24 6650 17 6676 1 6681 9 6700 16 6724 9 6740 2 6751 4 6801 16 6864 24 6904 20 6936 11 6955 21 6979 11 6996 2 7008 3 7057 16 7116 29 7158 23 7192 11 7210 36 7252 3 7264 4 7313 16 7372 29 7413 25 7447 11 7469 32 7508 3 7521 3 7570 14 7628 31 7669 25 7703 10 7725 32 7764 4 7778 2 7826 14 7884 33 7923 27 7958 11 7979 33 8021 3 8082 14 8140 35 8177 28 8213 12 8235 33 8277 3 8341 10 8397 64 8469 12 8491 33 8534 3 8598 8 8652 65 8726 11 8747 33 8792 1 8838 1 8854 8 8908 45 8954 18 8984 10 9003 34 9048 1 9092 3 9109 8 9163 44 9213 1 9216 12 9240 11 9259 35 9304 2 9347 4 9364 8 9419 43 9472 13 9496 15 9514 37 9560 2 9621 7 9675 41 9728 13 9752 16 9769 24 9794 13 9817 2 9877 6 9931 37 9970 2 9984 14 10008 42 10051 13 10133 5 10186 36 10240 15 10264 42 10309 11 10388 6 10442 35 10496 17 10519 42 10565 11 10644 6 10697 35 10752 18 10775 40 10821 12 10900 5 10952 35 11008 19 11031 32 11065 4 11082 7 11156 5 11208 34 11264 19 11287 28 11322 1 11344 3 11412 5 11464 32 11520 19 11543 27 11648 1 11720 31 11776 19 11799 26 11891 4 11903 3 11976 31 12032 19 12062 18 12146 6 12156 7 12232 31 12288 18 12318 18 12402 8 12412 9 12488 31 12544 18 12575 16 12658 8 12667 11 12692 2 12744 32 12800 18 12831 16 12900 3 12914 13 12931 3 12948 5 13001 31 13056 17 13086 15 13158 1 13171 10 13204 6 13257 32 13312 17 13342 14 13428 9 13446 2 13460 7 13513 32 13568 16 13597 11 13614 3 13685 9 13716 7 13746 5 13769 33 13823 16 13853 7 13868 6 13892 1 13943 7 13972 6 14001 7 14026 33 14078 16 14108 7 14123 8 14147 3 14200 6 14216 2 14227 6 14256 8 14282 33 14333 16 14363 8 14378 10 14402 4 14457 4 14472 3 14482 6 14510 11 14539 31 14587 17 14619 4 14626 2 14629 2 14632 12 14658 4 14727 4 14738 4 14765 11 14795 21 14818 8 14840 20 14874 5 14882 19 14914 3 14939 2 14983 5 14995 2 15021 11 15052 17 15075 7 15094 17 15128 6 15139 18 15170 1 15196 1 15239 6 15251 3 15281 5 15309 15 15331 7 15350 15 15383 7 15395 3 15399 15 15425 2 15452 1 15495 6 15506 5 15565 15 15587 6 15605 16 15639 9 15651 3 15655 15 15681 2 15704 5 15750 7 15762 4 15821 15 15843 6 15861 15 15894 12 15907 2 15911 14 15936 3 15960 5 16005 7 16017 3 16078 14 16100 6 16116 15 16151 30 16192 1 16217 4 16261 4 16274 2 16335 14 16357 5 16370 16 16407 30 16448 1 16474 1 16516 2 16530 1 16592 13 16614 4 16624 16 16664 29 16772 1 16786 1 16850 12 16869 5 16879 17 16920 26 17028 1 17042 1 17107 12 17124 6 17134 18 17178 18 17364 44 17436 15 17621 43 17691 16 17876 44 17947 17 18132 44 18202 17 18308 1 18388 44 18458 17 18488 3 18563 3 18574 3 18644 44 18713 19 18745 1 18790 5 18817 7 18827 4 18900 42 18951 7 18962 1 18969 19 19043 9 19072 15 19156 39 19196 2 19206 15 19225 19 19298 10 19321 3 19327 16 19381 6 19412 39 19460 18 19482 19 19553 12 19575 25 19635 9 19669 4 19674 32 19716 18 19738 19 19808 13 19830 25 19891 10 19931 30 19968 23 19995 19 20063 14 20086 10 20098 13 20146 12 20188 29 20224 23 20250 21 20320 13 20342 9 20355 11 20402 13 20446 27 20480 24 20505 23 20578 12 20599 8 20612 10 20657 15 20705 24 20736 49 20836 10 20857 4 20868 10 20913 15 20963 22 20992 50 21093 9 21125 9 21169 16 21221 21 21248 51 21349 9 21382 6 21424 17 21481 18 21504 44 21549 6 21605 15 21680 17 21738 19 21760 43 21807 4 21862 15 21935 18 21995 19 22016 43 22065 2 22119 14 22191 18 22252 62 22375 16 22447 18 22509 60 22632 5 22640 9 22702 19 22765 61 22888 5 22898 8 22958 19 23021 12 23034 48 23144 4 23155 8 23213 21 23277 11 23291 48 23399 5 23410 9 23468 22 23506 4 23533 12 23547 49 23654 8 23664 11 23724 10 23736 10 23761 6 23789 12 23802 51 23910 22 23980 9 23992 10 24016 7 24045 65 24166 22 24236 9 24248 10 24270 9 24301 17 24320 47 24423 21 24493 21 24525 11 24557 17 24576 49 24680 12 24693 8 24749 21 24781 12 24812 18 24832 51 24938 10 24949 9 24959 6 25005 20 25037 15 25068 16 25088 52 25197 25 25261 19 25293 16 25324 15 25344 52 25454 24 25517 19 25549 17 25580 15 25600 53 25710 24 25772 20 25805 19 25835 17 25856 52 25967 23 26028 19 26059 22 26092 16 26112 52 26224 22 26284 18 26312 26 26348 15 26368 51 26479 23 26540 17 26567 27 26605 12 26624 49 26732 26 26796 17 26822 29 26863 8 26880 38 26919 7 26986 28 27052 17 27078 29 27121 5 27136 37 27177 3 27241 29 27308 17 27334 30 27392 36 27495 31 27564 17 27589 31 27645 39 27751 31 27821 16 27845 31 27900 40 28005 14 28026 10 28078 15 28100 32 28155 40 28260 14 28335 13 28354 34 28411 40 28516 12 28592 11 28609 35 28666 41 28768 15 28848 10 28865 34 28922 42 29023 15 29104 9 29121 35 29178 45 29278 15 29360 8 29377 36 29434 45 29534 13 29617 6 29633 36 29690 45 29793 8 29875 2 29888 37 29927 1 29945 47 30049 7 30144 36 30202 46 30305 6 30399 24 30430 3 30459 45 30560 6 30655 24 30702 2 30716 44 30814 7 30910 25 30958 4 30973 43 31069 6 31166 25 31214 4 31231 33 31267 6 31325 4 31422 26 31471 3 31488 32 31523 6 31581 4 31678 25 31744 32 31780 5 31836 6 31935 23 32000 33 32036 5 32093 5 32192 22 32256 19 32278 12 32291 6 32349 4 32449 20 32512 15 32533 19 32563 3 32605 4 32706 17 32768 13 32789 18 32819 3 32862 3 32937 2 32962 16 33009 3 33024 8 33045 16 33074 4 33118 3 33194 2 33219 14 33265 6 33281 7 33299 17 33330 4 33374 1 33450 2 33475 13 33522 7 33537 7 33554 19 33586 4 33732 11 33777 9 33794 6 33809 20 33842 4 33988 11 34032 11 34049 6 34060 1 34063 23 34099 3 34244 10 34287 12 34304 7 34315 28 34356 1 34410 3 34501 6 34541 15 34560 39 34606 1 34666 3 34757 7 34797 16 34816 39 34862 1 34923 2 35013 8 35054 16 35072 39 35116 5 35269 8 35310 17 35329 38 35371 8 35480 3 35489 2 35525 8 35566 18 35585 38 35626 10 35735 5 35744 4 35781 9 35823 17 35841 38 35881 11 35894 2 35990 15 36036 10 36079 17 36098 36 36137 11 36247 15 36292 10 36335 17 36354 35 36393 10 36440 1 36503 15 36547 11 36592 16 36610 34 36649 10 36760 14 36803 11 36848 16 36867 32 36906 7 37016 14 37059 11 37106 14 37124 31 37164 3 37172 1 37273 13 37315 11 37362 14 37382 28 37427 3 37464 1 37530 13 37571 12 37618 14 37639 27 37683 3 37720 1 37786 13 37827 12 37873 15 37895 26 37940 1 37975 2 38042 14 38084 13 38129 15 38151 2 38155 22 38228 5 38298 14 38341 1 38347 6 38384 16 38406 4 38411 22 38484 5 38554 14 38604 5 38640 16 38662 4 38667 21 38810 13 38864 1 38889 1 38896 16 38918 3 38923 21 39048 5 39065 14 39145 1 39151 17 39174 3 39179 20 39303 7 39321 13 39348 5 39400 24 39435 20 39558 10 39577 13 39603 7 39655 26 39691 21 39814 12 39832 14 39860 7 39911 27 39947 22 40069 9 40081 2 40089 14 40117 8 40166 28 40203 22 40325 8 40338 1 40344 15 40374 8 40423 27 40459 22 40581 7 40600 15 40630 9 40679 26 40715 22 40837 7 40856 16 40886 10 40933 27 40971 21 41093 9 41111 17 41142 10 41188 28 41228 18 41350 9 41363 3 41367 17 41399 9 41442 30 41484 16 41606 6 41614 2 41618 3 41624 16 41655 9 41697 31 41742 13 41862 7 41874 2 41880 16 41910 9 41953 31 42001 9 42118 7 42136 15 42166 9 42210 30 42374 7 42393 13 42422 10 42466 30 42629 9 42649 9 42680 9 42722 30 42885 9 42906 2 42910 5 42936 9 42979 29 43142 7 43165 9 43192 9 43236 14 43254 10 43398 6 43421 9 43448 10 43493 11 43510 10 43656 3 43677 7 43705 10 43751 4 43767 9 43934 6 43961 11 44024 8 44190 5 44217 12 44280 8 44424 1 44433 3 44474 11 44536 8 44679 3 44687 5 44694 2 44730 12 44793 7 44935 3 44942 6 44950 6 44986 12 45049 7 45191 4 45198 5 45205 8 45216 3 45242 12 45306 6 45448 3 45454 4 45461 14 45498 13 45562 6 45680 3 45705 1 45710 5 45716 14 45754 13 45818 6 45934 7 45966 4 45973 13 46009 14 46065 4 46073 7 46189 9 46222 4 46230 13 46263 15 46320 6 46329 7 46444 11 46479 2 46488 11 46518 16 46575 7 46584 8 46700 11 46747 9 46774 15 46831 17 46954 13 47003 9 47029 15 47088 16 47210 12 47229 3 47260 8 47284 16 47345 15 47460 8 47473 3 47484 5 47498 2 47508 4 47517 7 47534 22 47602 14 47715 6 47740 6 47754 2 47763 7 47774 6 47789 24 47858 14 47970 6 47996 6 48010 3 48018 8 48032 3 48045 24 48113 15 48226 5 48252 4 48267 16 48300 24 48369 15 48387 4 48482 5 48523 15 48556 24 48624 16 48643 5 48663 8 48738 4 48780 13 48812 23 48879 17 48898 8 48917 11 48969 2 48994 2 49038 9 49068 24 49135 17 49155 9 49171 16 49222 6 49250 3 49295 7 49324 24 49390 18 49411 10 49426 19 49477 8 49506 2 49552 5 49579 25 49646 18 49667 12 49680 22 49732 10 49810 3 49835 25 49902 18 49922 42 49988 10 50068 1 50091 25 50157 63 50244 11 50346 25 50413 64 50499 13 50602 24 50631 3 50669 64 50754 14 50858 24 50886 5 50925 64 51010 14 51114 25 51142 6 51180 41 51224 5 51232 13 51265 15 51370 34 51436 18 51456 20 51481 3 51490 11 51520 17 51558 3 51626 35 51692 17 51712 19 51747 10 51776 17 51812 6 51882 34 51949 14 51970 17 52003 10 52032 17 52068 7 52139 33 52205 13 52229 13 52258 11 52289 16 52324 7 52397 30 52461 13 52485 12 52514 11 52545 16 52580 8 52655 28 52716 14 52742 10 52770 10 52801 16 52836 8 52912 24 52972 13 52998 10 53026 10 53057 16 53092 9 53104 1 53169 22 53229 12 53254 10 53283 8 53314 16 53349 13 53427 19 53485 12 53511 8 53539 7 53571 15 53605 13 53684 18 53715 4 53720 2 53741 12 53767 7 53796 5 53829 12 53863 11 53941 16 53970 10 53998 11 54025 4 54053 3 54086 9 54120 11 54133 4 54198 14 54225 12 54240 3 54255 10 54343 5 54377 5 54387 7 54454 13 54480 20 54512 10 54634 2 54643 7 54710 12 54736 22 54769 11 54899 6 54967 10 54989 26 55026 12 55154 7 55223 9 55243 29 55288 6 55411 5 55479 5 55497 32 55544 7 55667 5 55736 2 55753 9 55765 20 55801 7 55861 4 55914 3 55923 5 56008 10 56024 16 56060 4 56116 7 56169 4 56180 4 56257 1 56263 10 56280 15 56317 3 56372 7 56424 6 56436 4 56511 18 56534 16 56573 5 56628 7 56637 3 56680 6 56692 4 56766 19 56789 17 56830 5 56884 4 56936 6 57022 19 57044 19 57085 7 57141 1 57193 4 57277 43 57341 8 57533 18 57554 23 57597 8 57789 16 57810 24 57853 8 58045 15 58067 1 58070 21 58109 8 58297 19 58327 1 58331 16 58368 4 58552 20 58586 18 58624 3 58807 21 58842 18 59062 22 59098 18 59317 24 59346 4 59354 19 59572 35 59610 19 59827 21 59850 13 59866 19 60082 21 60105 14 60122 18 60337 22 60361 14 60379 16 60592 39 60635 14 60847 39 60891 13 60911 5 61102 38 61147 12 61165 9 61358 37 61404 10 61420 12 61613 38 61660 8 61675 14 61858 5 61869 37 61916 8 61929 17 62114 4 62124 39 62172 7 62184 18 62371 1 62380 41 62429 5 62439 20 62636 42 62686 4 62693 1 62696 19 62891 44 62943 1 62948 2 62952 19 63149 42 63203 23 63405 42 63458 24 63662 40 63714 23 63898 3 63919 39 63969 23 64153 6 64176 39 64224 24 64394 2 64408 8 64434 38 64480 24 64650 3 64663 10 64692 37 64732 27 64902 7 64918 12 64949 66 65157 6 65174 12 65205 66 65412 6 65429 13 65462 65
474754,17 7 65 6 75 14 107 7 140 2 171 7 189 5 224 11 242 5 254 2 273 8 321 7 330 16 350 1 363 6 426 8 446 3 481 9 499 3 511 1 529 9 555 2 577 32 619 5 681 9 738 7 785 10 810 5 834 32 872 5 934 12 995 4 1041 10 1065 6 1091 32 1127 5 1146 2 1190 12 1297 11 1321 7 1348 31 1383 6 1401 6 1445 12 1554 14 1576 8 1606 30 1638 7 1656 8 1701 12 1810 15 1832 8 1864 10 1878 23 1912 9 1944 1 1958 10 2067 14 2088 8 2121 8 2135 22 2168 10 2195 6 2215 6 2323 15 2344 8 2377 7 2394 19 2425 9 2450 6 2472 2 2579 15 2601 6 2634 6 2652 17 2683 7 2706 5 2835 15 2858 5 2892 2 2909 16 2941 5 2964 2 3091 14 3116 3 3166 6 3174 7 3197 5 3348 13 3423 4 3431 7 3454 4 3604 8 3613 2 3680 2 3687 6 3711 2 3861 4 3944 3 4117 3 4849 4 4867 6 5104 9 5122 7 5237 2 5360 11 5378 8 5491 5 5616 16 5634 8 5746 7 5872 16 5889 9 5906 4 6001 8 6128 16 6145 8 6161 6 6182 3 6203 4 6256 9 6286 3 6384 16 6401 8 6416 8 6437 5 6458 6 6511 8 6542 4 6640 16 6657 8 6672 9 6693 5 6713 7 6766 8 6788 4 6798 4 6896 16 6913 8 6927 11 6949 6 6969 8 7022 6 7044 5 7054 5 7152 16 7169 8 7183 12 7204 7 7224 13 7278 5 7300 5 7311 4 7324 4 7359 5 7408 16 7426 7 7439 12 7460 7 7479 21 7518 1 7535 3 7556 6 7568 3 7578 7 7614 6 7649 2 7659 1 7665 15 7682 7 7695 13 7716 8 7734 22 7774 4 7813 6 7833 8 7845 5 7869 8 7904 5 7914 5 7924 12 7938 8 7951 13 7972 8 7989 23 8029 6 8070 5 8087 10 8100 8 8125 8 8143 1 8160 18 8182 10 8195 7 8207 14 8228 8 8245 22 8285 6 8328 3 8342 23 8381 8 8397 5 8415 19 8439 9 8451 7 8464 13 8484 9 8501 19 8522 1 8541 7 8569 2 8597 24 8637 8 8653 7 8671 20 8696 8 8708 6 8722 10 8741 8 8758 17 8797 7 8824 3 8852 26 8893 8 8909 9 8926 13 8940 7 8952 8 8965 4 8981 6 8998 7 9021 11 9052 8 9080 4 9093 4 9107 27 9150 7 9165 9 9182 13 9197 6 9209 7 9238 4 9255 6 9277 11 9308 9 9336 4 9348 5 9363 27 9406 7 9421 10 9438 13 9454 5 9465 7 9512 4 9533 11 9564 9 9594 1 9603 7 9619 27 9662 7 9677 10 9695 12 9722 6 9790 10 9820 10 9855 11 9875 27 9919 6 9933 9 9952 11 9980 4 10046 8 10077 9 10110 12 10131 27 10176 4 10189 9 10214 5 10302 8 10334 8 10366 11 10388 25 10446 7 10470 4 10559 6 10592 5 10622 4 10629 2 10644 24 10703 4 10816 4 10878 3 10900 21 11157 5 11163 13 11370 1 11414 2 11420 12 11625 3 11677 11 11864 1 11881 4 11933 11 12120 2 12137 4 12190 9 12376 2 12394 2 12412 4 12451 3 12667 5 12923 5 13179 4 13436 2 14355 2 14610 5 14865 6 15053 2 15121 6 15307 6 15375 8 15404 2 15434 2 15562 9 15594 4 15630 9 15660 2 15668 1 15690 4 15818 10 15849 6 15885 9 15915 3 15922 5 15945 5 16074 10 16105 7 16141 8 16171 2 16178 5 16201 6 16330 10 16361 7 16398 7 16426 3 16434 6 16456 7 16474 1 16586 10 16616 7 16655 4 16690 6 16712 7 16729 3 16843 9 16872 7 16946 6 16968 8 16985 4 17099 10 17127 8 17203 4 17225 7 17242 1 17356 9 17383 8 17393 3 17459 3 17481 6 17612 9 17639 8 17648 4 17740 3 17868 9 17895 12 18126 7 18152 10 18386 2 18408 10 18665 9 18923 7 19112 4 19181 4 19360 4 19368 4 19490 3 19616 5 19624 4 19746 3 19872 5 19881 3 20001 5 20129 4 20178 4 20258 3 20434 5 20514 2 20665 2 20689 7 20770 4 20919 5 20945 7 21026 6 21168 4 21174 7 21201 7 21281 7 21298 3 21424 13 21458 5 21537 8 21553 6 21680 13 21714 4 21793 8 21808 8 21899 3 21937 11 21971 2 21991 4 22049 8 22064 9 22138 3 22154 6 22194 8 22245 7 22305 8 22320 10 22392 5 22410 6 22450 7 22501 7 22561 8 22576 10 22647 7 22666 6 22706 7 22756 8 22818 8 22833 9 22902 8 22922 6 22962 6 23012 8 23076 7 23089 9 23157 10 23179 5 23219 4 23268 8 23334 5 23346 8 23395 3 23413 10 23434 6 23524 8 23591 4 23604 6 23650 6 23668 12 23682 6 23690 6 23781 8 23848 2 23861 4 23906 6 23923 29 24038 6 24118 3 24161 7 24178 29 24295 5 24374 3 24417 7 24434 23 24459 4 24552 3 24673 6 24690 22 24817 5 24930 4 24946 23 25073 5 25203 10 25215 10 25329 5 25459 9 25472 9 25716 7 25729 8 25973 6 25986 7 26230 5 26243 5 26254 3 26486 4 26510 3 26743 2 29140 4 29395 6 29651 7 29906 8 30163 8 30419 9 30676 8 30836 2 30933 8 31091 3 31190 6 31346 4 31447 4 31602 4 31858 4 32114 3 33181 3 33435 6 33690 7 33946 7 34202 6 34458 5 36569 3 36823 8 37077 21 37333 23 37366 3 37375 1 37588 27 37621 11 37822 6 37833 6 37844 30 37876 12 38077 67 38332 68 38587 69 38842 70 39098 70 39353 71 39608 72 39863 73 39997 2 40056 1 40117 75 40251 7 40310 6 40373 75 40503 14 40538 3 40566 8 40579 1 40584 1 40627 77 40758 15 40793 4 40821 9 40833 9 40882 78 41014 15 41047 6 41077 22 41138 78 41270 15 41301 8 41333 22 41393 79 41525 14 41557 8 41583 3 41589 22 41649 79 41771 2 41781 11 41812 7 41839 5 41846 21 41905 79 42026 21 42068 5 42095 5 42103 20 42161 79 42281 22 42324 4 42351 5 42359 20 42418 78 42537 23 42582 1 42606 6 42615 20 42674 78 42793 23 42862 6 42870 20 42931 77 43049 23 43075 5 43118 24 43186 78 43305 32 43373 25 43442 78 43561 33 43622 1 43629 25 43698 78 43817 33 43870 1 43878 1 43885 24 43954 45 44002 30 44073 33 44123 7 44141 22 44209 46 44259 29 44311 3 44330 33 44378 10 44396 22 44465 46 44517 27 44566 5 44580 39 44632 13 44652 19 44720 47 44775 25 44821 7 44835 41 44887 14 44908 17 44975 47 45034 22 45077 8 45090 43 45142 16 45164 15 45230 48 45291 21 45332 10 45345 44 45398 16 45420 13 45486 48 45548 20 45587 58 45654 17 45677 9 45741 50 45805 10 45818 6 45843 58 45910 16 45933 6 45987 3 45996 52 46060 10 46076 4 46098 59 46167 15 46241 64 46308 18 46332 4 46350 63 46424 13 46491 90 46587 5 46606 64 46681 12 46698 2 46745 91 46842 6 46862 64 46939 10 46952 5 46995 96 47097 7 47118 64 47198 15 47247 100 47352 8 47374 64 47446 1 47457 12 47502 102 47608 8 47630 54 47686 7 47702 1 47714 11 47758 103 47864 8 47886 54 47943 6 47969 12 48014 103 48119 9 48141 54 48202 1 48225 12 48270 114 48396 54 48480 15 48526 114 48651 54 48736 16 48782 114 48907 54 48993 16 49039 112 49162 55 49249 16 49296 110 49418 54 49506 15 49554 108 49673 55 49762 15 49814 104 49929 54 50018 15 50069 106 50185 53 50274 14 50322 109 50441 52 50530 14 50576 112 50697 52 50786 12 50831 113 50953 52 51043 5 51086 114 51209 5 51217 44 51342 114 51466 4 51473 44 51598 114 51723 2 51728 45 51855 113 51983 47 52114 110 52236 28 52267 20 52372 108 52492 27 52524 21 52629 107 52747 26 52781 21 52886 106 53003 25 53037 21 53142 106 53259 24 53294 21 53398 106 53515 23 53550 22 53654 106 53773 21 53806 22 53911 105 54031 18 54064 21 54167 20 54189 83 54287 18 54324 16 54423 17 54446 82 54544 16 54580 16 54679 15 54703 81 54791 2 54800 15 54837 14 54880 1 54935 10 54960 80 55046 4 55056 15 55093 14 55134 5 55191 8 55216 80 55301 7 55312 15 55350 11 55388 7 55447 8 55471 81 55557 8 55568 15 55606 9 55642 9 55703 8 55726 82 55813 9 55823 16 55851 6 55862 9 55897 11 55958 10 55981 83 56069 25 56105 9 56117 10 56148 16 56214 10 56236 84 56325 11 56337 13 56359 24 56404 16 56470 11 56492 84 56581 10 56594 11 56613 25 56661 16 56726 12 56742 90 56836 11 56851 10 56868 25 56921 12 56982 12 56997 91 57091 11 57109 7 57123 25 57177 13 57239 11 57253 104 57366 5 57379 24 57434 12 57494 11 57508 105 57635 24 57690 12 57749 12 57764 104 57891 23 57946 12 58002 15 58021 102 58146 24 58202 12 58256 17 58278 100 58402 24 58460 10 58511 18 58534 99 58638 3 58657 25 58717 9 58765 19 58790 99 58893 5 58913 33 58973 9 59017 23 59045 100 59149 5 59168 38 59229 9 59272 25 59299 102 59405 5 59424 39 59486 7 59528 129 59661 4 59680 40 59743 6 59783 129 59917 4 59936 40 59978 1 60002 3 60040 128 60173 4 60192 45 60296 127 60429 3 60448 45 60553 125 60686 1 60704 45 60810 122 60960 45 61065 119 61217 43 61316 124 61474 42 61572 124 61730 42 61828 124 61986 42 62082 126 62242 41 62337 127 62497 42 62592 128 62728 8 62752 41 62800 4 62847 129 62983 10 63008 41 63055 6 63091 6 63102 130 63238 13 63263 42 63311 8 63345 9 63358 130 63494 13 63519 42 63567 9 63600 12 63613 131 63751 4 63756 8 63775 43 63823 10 63855 145 64013 7 64031 42 64079 11 64110 146 64270 6 64288 41 64335 12 64366 146 64516 2 64526 6 64544 38 64591 12 64622 146 64771 4 64782 5 64802 6 64809 27 64847 12 64879 145 65028 2 65038 4 65059 5 65065 25 65103 12 65136 144 65294 3 65316 3 65321 22 65358 13 65392 144
478603,0 65536
487585,0 38 42 7 55 6 63 4 123 38 213 23 252 39 300 5 311 6 379 37 469 22 508 38 556 5 567 5 635 37 725 23 765 36 812 5 823 5 891 37 981 24 1022 35 1069 4 1078 5 1147 36 1237 25 1278 35 1325 4 1333 5 1404 35 1494 25 1527 2 1533 36 1581 13 1611 2 1662 8 1671 24 1750 27 1781 45 1836 14 1864 6 1920 5 1930 21 2005 77 2091 15 2119 7 2178 3 2190 17 2260 77 2348 14 2374 7 2435 2 2447 15 2513 80 2601 16 2630 7 2691 3 2704 13 2766 84 2855 18 2885 8 2947 3 2961 11 3019 88 3111 18 3140 9 3204 2 3219 9 3274 89 3368 17 3396 9 3461 2 3475 8 3529 91 3625 17 3643 4 3652 9 3718 1 3732 6 3783 93 3881 22 3908 9 3974 1 3989 4 4038 95 4137 22 4163 10 4246 1 4294 121 4419 10 4550 121 4675 9 4739 2 4806 121 4931 9 4994 4 5062 121 5187 8 5250 4 5318 121 5443 8 5506 4 5573 122 5699 8 5763 2 5829 123 5955 8 6086 122 6211 8 6342 122 6468 7 6599 120 6722 2 6727 3 6855 121 6977 8 7113 128 7372 126 7629 126 7886 126 8142 129 8399 128 8655 115 8771 13 8911 115 9027 14 9161 1 9167 115 9283 14 9415 4 9424 83 9509 44 9568 2 9671 5 9680 83 9767 42 9822 6 9926 7 9936 128 10065 8 10078 7 10182 7 10193 124 10321 8 10334 7 10438 7 10450 122 10578 2 10590 8 10694 7 10706 121 10847 7 10950 8 10963 120 11103 8 11206 8 11219 119 11359 9 11463 7 11476 118 11614 11 11719 6 11732 118 11870 12 11975 6 11989 117 12126 12 12231 5 12244 5 12250 111 12383 11 12487 5 12500 4 12507 36 12544 73 12639 11 12743 5 12756 3 12763 109 12897 9 12999 5 13013 1 13019 108 13153 9 13255 4 13274 35 13310 71 13409 9 13530 35 13566 70 13665 10 13789 30 13824 68 13922 9 14048 26 14080 69 14178 10 14306 23 14336 69 14434 2 14437 7 14563 15 14592 69 14690 2 14693 7 14820 16 14848 70 14920 5 14946 2 14949 7 15077 15 15104 70 15175 6 15201 3 15206 5 15335 13 15360 77 15457 3 15464 1 15533 2 15593 11 15616 65 15684 8 15713 3 15787 6 15850 9 15872 64 15940 7 15969 4 15978 1 16041 9 16106 9 16128 64 16196 7 16225 5 16231 6 16295 12 16363 9 16383 64 16452 7 16482 12 16549 15 16620 8 16637 66 16708 6 16737 14 16804 16 16876 8 16892 67 16964 5 16991 16 17058 19 17132 5 17147 68 17219 6 17236 1 17246 16 17310 23 17389 4 17403 20 17424 11 17437 35 17474 6 17491 2 17501 17 17564 24 17645 4 17662 17 17680 11 17693 43 17757 15 17819 26 17901 4 17917 30 17949 43 18013 14 18074 27 18158 3 18173 31 18205 43 18270 13 18330 26 18415 1 18429 75 18526 12 18585 27 18684 31 18716 44 18782 13 18841 26 18940 30 18973 43 19038 14 19097 24 19196 30 19230 45 19294 14 19351 27 19456 26 19487 45 19550 15 19605 29 19697 2 19712 25 19744 43 19806 15 19861 30 19953 5 19968 24 20001 42 20061 15 20117 30 20209 5 20224 23 20258 40 20318 14 20373 30 20465 4 20480 22 20514 39 20574 14 20629 29 20721 3 20736 21 20771 37 20831 13 20886 28 20977 1 20991 20 21027 35 21087 13 21147 22 21220 4 21231 2 21246 21 21284 10 21296 21 21344 11 21403 21 21476 4 21502 19 21541 8 21553 19 21600 10 21659 21 21732 4 21756 21 21797 7 21810 16 21848 6 21855 11 21915 20 21988 5 22012 21 22053 6 22068 9 22098 23 22171 18 22245 4 22268 3 22272 18 22310 5 22324 6 22332 3 22353 24 22428 10 22497 9 22517 3 22524 3 22528 18 22566 5 22588 3 22608 25 22685 5 22725 3 22751 12 22765 1 22772 6 22781 21 22824 1 22845 2 22863 26 22980 10 23001 2 23007 52 23101 2 23118 27 23233 17 23255 60 23374 27 23488 83 23629 28 23743 83 23885 28 23998 83 24141 28 24253 84 24397 28 24507 86 24653 29 24762 87 24910 29 25017 88 25166 29 25264 97 25422 30 25520 96 25679 31 25776 96 25936 31 26032 95 26193 31 26288 95 26451 29 26545 93 26708 36 26801 92 26965 36 27057 91 27222 36 27300 4 27313 90 27431 4 27478 37 27555 7 27569 90 27683 9 27697 3 27735 36 27793 4 27805 1 27808 11 27825 90 27936 14 27951 6 27991 37 28046 8 28059 17 28080 91 28189 24 28232 1 28248 40 28290 20 28311 118 28443 26 28486 4 28503 184 28698 27 28741 7 28758 186 28953 23 28996 9 29014 59 29078 8 29092 112 29208 23 29251 11 29269 58 29334 4 29349 139 29507 13 29525 56 29589 5 29606 138 29762 16 29779 57 29844 6 29863 138 30014 78 30099 7 30118 139 30268 80 30354 11 30374 4 30381 132 30523 81 30608 14 30628 6 30636 133 30779 81 30863 17 30883 8 30892 132 31035 81 31119 160 31290 81 31375 158 31545 81 31631 156 31801 81 31887 156 32056 82 32142 156 32312 100 32417 138 32567 100 32674 139 32822 99 32931 139 33076 101 33188 140 33329 103 33445 244 33702 238 33944 4 33959 70 34032 4 34038 158 34198 7 34214 71 34295 157 34453 9 34470 71 34553 244 34811 242 35070 239 35328 237 35584 237 35840 237 36096 237 36352 87 36441 149 36611 82 36698 148 36869 78 36954 149 37126 78 37209 150 37383 233 37640 232 37898 231 38156 229 38413 229 38670 227 38926 227 39182 227 39438 228 39693 229 39949 229 40204 225 40432 2 40460 224 40716 224 40972 224 41228 224 41484 224 41740 224 41996 225 42252 226 42480 2 42508 225 42734 4 42765 35 42801 188 42990 4 43022 33 43057 189 43249 1 43278 32 43313 189 43533 31 43569 189 43789 28 43825 188 44044 28 44081 188 44300 27 44337 188 44555 28 44591 190 44811 28 44846 191 45067 28 45100 193 45323 27 45355 194 45580 26 45611 194 45809 1 45836 25 45867 194 46065 1 46092 25 46123 194 46320 2 46348 24 46379 192 46572 6 46603 25 46635 192 46828 6 46859 24 46891 192 47084 6 47115 23 47146 54 47204 135 47340 6 47372 21 47402 53 47461 134 47596 6 47628 20 47656 54 47718 140 47872 3 47878 2 47884 21 47911 55 47975 139 48128 9 48140 21 48167 55 48232 138 48384 10 48395 23 48422 56 48488 138 48640 10 48651 23 48678 56 48744 139 48896 9 48906 24 48934 55 49000 141 49152 8 49162 24 49189 56 49256 143 49408 7 49418 24 49445 56 49511 146 49664 6 49673 25 49701 55 49767 147 49920 5 49928 26 49958 53 50022 148 50176 34 50214 53 50278 147 50434 31 50471 52 50534 146 50690 30 50729 50 50790 146 50945 25 50986 49 51046 145 51200 25 51242 48 51302 145 51456 25 51498 48 51558 145 51712 25 51754 49 51815 145 51968 25 52011 49 52061 5 52072 144 52224 25 52267 56 52328 145 52480 26 52523 57 52585 144 52736 26 52780 56 52842 143 52992 26 53027 1 53037 55 53100 140 53248 28 53278 9 53295 53 53359 135 53504 40 53552 52 53617 128 53760 40 53806 54 53874 122 54016 42 54060 56 54131 120 54272 99 54387 121 54528 98 54642 122 54784 98 54898 122 55040 98 55153 123 55296 98 55410 121 55552 99 55666 120 55808 100 55922 118 56064 101 56178 117 56320 102 56433 117 56576 102 56688 118 56832 103 56943 85 57032 30 57088 103 57199 84 57290 28 57344 104 57455 81 57549 2 57557 17 57600 105 57710 77 57815 15 57856 106 57966 75 58074 12 58112 107 58221 76 58331 10 58368 185 58624 186 58880 187 59136 188 59392 189 59648 125 59776 61 59904 108 60013 14 60034 60 60160 107 60270 11 60290 60 60416 98 60518 3 60527 8 60547 59 60672 97 60784 5 60803 59 60928 98 61041 2 61059 59 61184 98 61315 59 61440 100 61571 59 61696 104 61801 4 61827 59 61952 111 62083 60 62208 120 62339 60 62464 125 62593 64 62720 194 62976 194 63232 195 63488 196 63744 197 64000 197 64256 197 64512 197 64768 197 65024 197 65280 197
487629,0 15 56 2 65 26 94 32 127 6 256 15 321 27 349 32 384 5 512 15 577 27 605 31 642 3 768 15 833 44 879 11 1024 14 1089 44 1135 11 1280 14 1345 43 1391 11 1413 3 1536 13 1601 43 1647 11 1669 3 1792 13 1858 55 1925 4 2048 12 2088 1 2114 42 2158 10 2181 4 2304 12 2333 1 2371 40 2416 7 2438 3 2560 11 2587 7 2628 37 2674 2 2816 10 2837 18 2884 36 3072 10 3090 20 3141 35 3328 10 3344 22 3397 36 3584 9 3599 21 3654 35 3840 9 3854 20 3910 36 4110 19 4166 36 4366 17 4423 34 4623 16 4679 34 4880 13 4935 34 5137 9 5191 33 5392 8 5447 7 5461 19 5647 8 5703 7 5719 16 5902 9 5960 5 5976 15 6157 11 6216 5 6232 14 6413 13 6472 5 6489 12 6668 16 6729 4 6746 3 6923 19 6985 3 7179 20 7242 1 7435 20 7488 5 7692 19 7742 10 7949 18 7998 11 8212 11 8253 13 8469 7 8509 14 8727 4 8764 15 9020 17 9276 17 9533 17 9790 16 9836 3 10047 15 10090 5 10304 14 10345 7 10560 13 10601 7 10611 4 10816 10 10858 13 10883 2 11072 8 11115 12 11328 8 11374 8 11387 5 11584 8 11630 7 11643 5 11840 7 11887 5 11899 5 12097 5 12143 4 12155 4 12296 2 12400 3 12410 4 12551 4 12667 4 12807 4 12923 5 13063 4 13179 4 13319 5 13435 3 13575 4 13692 1 13775 3 13832 3 13934 2 13948 1 14031 5 14041 1 14189 4 14287 13 14444 6 14542 17 14700 7 14798 21 14823 5 14956 9 14983 4 15054 32 15214 9 15227 4 15237 7 15311 32 15471 9 15481 7 15492 9 15567 34 15729 5 15739 18 15824 36 15998 15 16080 38 16255 13 16292 2 16336 40 16445 3 16511 13 16535 3 16547 5 16592 41 16699 6 16766 14 16790 5 16802 7 16847 48 16955 6 17022 14 17043 9 17058 7 17103 49 17210 7 17277 15 17299 22 17358 50 17466 6 17531 17 17555 22 17614 50 17723 4 17786 16 17811 21 17868 52 17980 1 18034 22 18067 21 18104 3 18122 54 18290 20 18322 22 18359 11 18376 56 18544 21 18578 22 18615 14 18630 58 18800 21 18834 21 18871 73 19056 9 19067 9 19090 21 19127 73 19311 5 19324 7 19345 22 19383 73 19565 7 19580 7 19601 22 19640 72 19820 7 19857 22 19897 65 20075 7 20113 22 20153 5 20162 55 20331 7 20368 23 20409 5 20418 54 20587 8 20612 1 20624 23 20664 5 20674 53 20844 8 20867 7 20880 23 20920 8 20930 52 21101 7 21121 39 21176 62 21357 7 21376 40 21431 63 21594 2 21614 7 21632 40 21687 63 21850 2 21870 7 21888 40 21942 64 22105 3 22127 6 22145 37 22197 64 22361 2 22383 6 22400 34 22453 63 22618 1 22640 5 22656 33 22706 55 22763 8 22874 1 22896 4 22912 32 22959 57 23130 1 23142 1 23152 2 23162 38 23215 55 23386 3 23397 4 23418 38 23479 47 23640 8 23653 5 23675 36 23737 44 23897 9 23908 4 23928 37 23995 19 24016 20 24154 14 24184 19 24208 9 24253 16 24273 2 24278 9 24288 4 24410 15 24440 16 24465 8 24511 15 24534 15 24667 16 24696 12 24722 7 24768 15 24790 4 24796 9 24924 16 24953 10 24978 7 25024 14 25043 8 25052 11 25180 16 25211 6 25234 7 25280 14 25297 10 25308 12 25436 17 25467 6 25536 26 25565 11 25692 18 25722 6 25786 3 25790 27 25823 8 25949 3 25953 13 25978 6 25998 5 26042 29 26084 2 26210 12 26234 6 26252 8 26298 17 26316 9 26345 1 26462 1 26467 12 26489 8 26508 7 26553 18 26572 7 26714 5 26724 11 26745 8 26763 8 26808 8 26818 9 26970 5 26981 10 27001 8 27020 5 27064 9 27076 8 27198 4 27226 5 27237 9 27255 9 27276 4 27320 9 27334 6 27453 7 27482 5 27493 8 27509 11 27590 5 27708 15 27738 5 27749 7 27764 13 27848 2 27965 16 27996 3 28004 6 28019 13 28104 2 28221 19 28253 3 28260 6 28275 13 28479 9 28489 8 28510 3 28516 5 28530 10 28736 5 28747 6 28766 3 28772 4 28785 9 29004 4 29029 3 29041 8 29285 3 29296 5 29303 2 29542 3 29553 4 29799 2 29809 5 29905 1 30053 4 30067 3 30160 2 30309 4 30324 1 30415 3 30565 4 30671 2 30822 3 31848 1 32104 1 32335 5 32359 2 32584 15 32615 2 32840 23 32871 2 33096 24 33126 3 33352 24 33380 4 33608 25 33636 3 33864 26 33892 2 34122 23 34385 16 34642 14 34898 12 35155 10 35214 2 35413 8 35470 3 35581 1 35671 5 35726 2 35835 5 36090 6 36200 1 36344 8 36455 3 36587 6 36598 10 36711 4 36842 22 36966 4 37097 23 37223 3 37352 24 37480 2 37607 25 37862 26 38117 27 38373 27 38629 27 38884 28 39140 28 39395 29 39651 29 39819 2 39906 30 40073 6 40089 1 40162 30 40328 8 40343 5 40418 9 40428 20 40564 1 40583 9 40597 7 40675 7 40684 20 40819 3 40838 11 40852 8 40870 1 40932 6 40940 20 41075 3 41094 10 41107 10 41126 1 41193 1 41196 20 41331 3 41342 2 41349 7 41358 1 41364 11 41381 2 41452 20 41596 14 41622 11 41636 3 41707 21 41851 14 41880 9 41892 3 41963 21 42107 14 42149 3 42219 20 42364 6 42375 2 42476 19 42622 2 42630 4 42733 18 42888 4 42989 4 42998 9 43145 6 43246 2 43255 8 43402 6 43513 2 43516 2 43659 5 43915 5 44172 4 44254 2 44428 4 44495 1 44508 5 44541 3 44684 3 44762 5 44797 3 44939 5 45017 6 45052 4 45194 6 45272 8 45308 4 45450 7 45528 9 45705 9 45788 6 45961 9 45989 3 46044 7 46054 5 46069 1 46218 8 46302 14 46476 6 46561 12 46734 4 46819 12 46991 3 47075 14 47247 2 47330 16 47586 17 47844 15 47871 1 48006 3 48104 11 48126 2 48250 2 48260 5 48361 11 48383 1 48505 4 48516 5 48617 11 48761 6 48772 5 48872 12 49016 9 49027 6 49128 12 49272 10 49384 12 49528 9 49640 11 49784 5 49897 10 50039 5 50153 8 50294 4 50410 6 50548 4 50803 5 51058 5 51314 5 51569 6 51826 5 52082 4 52340 2 54890 3 55146 4 55402 3 55657 3 55913 3 56169 2 56426 1 57958 1 58214 1 58470 2 58609 5 58727 2 58864 7 58984 1 59120 7 59376 6 59633 3 64870 6 65125 8 65380 11 65401 3
489967,0 86 87 61991 62079 242 62324 9 62336 242 62579 6 62588 1 62592 237 62830 11 62848 2 62852 232 63087 10 63104 2 63108 232 63344 9 63360 1 63365 231 63600 8 63623 228 63856 7 63881 226 64112 7 64136 220 64357 3 64362 1 64368 6 64392 2 64395 217 64614 1 64623 7 64652 215 64878 4 64894 1 64913 210 65126 1 65134 4 65149 3 65166 2 65170 209 65382 3 65390 4 65403 5 65422 2 65426 110
490941,0 55 135 43 193 118 391 25 417 17 449 118 647 24 672 19 705 117 904 22 927 20 962 117 1160 43 1218 119 1417 43 1473 121 1634 1 1673 43 1729 121 1890 1 1929 44 1985 122 2132 3 2146 2 2185 44 2241 123 2387 6 2402 2 2441 44 2496 125 2641 9 2659 2 2697 44 2752 126 2896 11 2915 4 2952 45 3008 126 3150 14 3171 5 3207 46 3264 127 3401 20 3427 7 3440 5 3463 45 3520 129 3651 27 3683 7 3695 7 3718 46 3776 158 3939 8 3950 8 3973 47 4033 157 4194 10 4205 10 4229 48 4289 156 4450 10 4461 11 4484 49 4545 155 4705 23 4737 1 4739 50 4802 154 4960 25 4992 53 5060 151 5216 26 5248 52 5317 149 5471 27 5504 52 5575 147 5727 27 5759 53 5831 147 5983 29 6013 54 6087 146 6239 84 6343 145 6495 83 6599 144 6751 83 6856 142 7008 82 7112 141 7265 81 7368 139 7526 75 7624 136 7785 72 7880 135 8044 69 8136 134 8301 68 8393 134 8559 65 8649 136 8816 64 8905 138 9072 64 9148 3 9162 137 9327 65 9404 4 9419 137 9583 66 9657 7 9676 136 9838 68 9910 10 9932 136 10094 83 10189 135 10349 84 10445 136 10605 84 10701 137 10861 84 10957 138 11117 83 11213 140 11374 82 11469 141 11629 83 11726 144 11885 82 11983 145 12140 83 12239 146 12395 83 12496 146 12651 82 12752 147 12906 82 13009 146 13163 80 13265 147 13420 78 13521 147 13676 72 13752 1 13778 146 13933 69 14035 7 14045 1 14050 131 14189 22 14215 45 14304 135 14446 20 14474 42 14559 138 14703 18 14730 26 14757 16 14813 142 14963 12 14986 25 15014 15 15068 144 15221 10 15242 25 15270 16 15323 146 15480 7 15498 25 15527 16 15578 147 15738 5 15754 24 15784 19 15833 149 15995 4 16010 23 16041 26 16089 149 16251 4 16266 21 16297 29 16345 149 16507 5 16522 19 16553 1 16557 33 16602 149 16763 5 16778 18 16809 200 17021 4 17033 19 17062 210 17277 4 17288 20 17314 217 17534 7 17543 22 17569 219 17790 255 18047 47489
491029,0 65536
494025,19 3 28 16 97 5 114 5 131 7 145 5 171 3 182 63 251 5 273 4 284 16 354 4 370 3 387 7 401 8 437 64 508 4 528 5 539 17 612 1 626 3 643 7 657 9 675 6 694 31 726 31 764 4 783 5 795 16 882 3 899 7 912 10 931 7 950 27 984 28 1020 4 1038 7 1050 17 1138 3 1154 9 1167 11 1187 7 1206 26 1240 28 1277 3 1292 10 1304 20 1410 10 1423 12 1445 5 1460 28 1496 10 1508 14 1533 3 1544 36 1666 10 1679 12 1702 4 1713 31 1752 8 1765 1 1771 6 1791 1 1798 37 1890 5 1922 10 1935 13 1954 2 1958 4 1968 29 1998 2 2009 4 2028 4 2054 37 2146 6 2177 30 2210 43 2254 2 2265 4 2285 3 2310 6 2318 28 2402 7 2433 79 2520 6 2541 3 2566 5 2575 27 2604 4 2658 9 2688 80 2774 8 2823 3 2831 34 2917 6 2942 85 3028 7 3036 4 3079 2 3086 35 3174 6 3197 94 3292 5 3332 4 3342 35 3430 6 3452 94 3550 3 3587 4 3598 34 3685 12 3702 100 3807 4 3843 4 3854 33 3941 14 3957 101 4063 5 4099 4 4110 33 4196 113 4310 4 4319 6 4355 3 4366 33 4452 113 4566 4 4575 7 4611 2 4622 33 4708 113 4823 3 4832 14 4867 1 4878 33 4960 117 5080 2 5089 14 5133 31 5165 2 5215 117 5336 2 5346 7 5354 5 5380 1 5389 31 5421 4 5470 117 5592 2 5605 1 5611 4 5636 1 5644 32 5677 4 5726 116 5848 2 5868 2 5892 3 5899 33 5933 5 5983 114 6103 2 6148 4 6155 33 6189 5 6240 112 6359 1 6405 38 6445 5 6498 109 6661 38 6701 5 6755 107 6918 35 6957 4 7010 106 7174 6 7182 19 7205 3 7213 4 7266 105 7424 1 7430 7 7443 11 7469 4 7522 104 7633 3 7680 2 7686 7 7700 8 7725 4 7777 104 7890 1 7936 2 7943 7 7960 4 7981 4 8033 104 8192 3 8201 3 8205 3 8216 4 8221 5 8236 5 8288 32 8321 71 8448 5 8464 1 8471 12 8538 3 8543 33 8579 14 8596 51 8704 6 8720 3 8727 13 8793 39 8836 11 8853 49 8960 6 8977 2 8986 13 9048 39 9095 7 9109 48 9163 1 9216 6 9247 9 9304 39 9351 7 9365 48 9417 3 9472 6 9506 6 9558 41 9607 7 9621 47 9670 6 9729 4 9764 4 9797 4 9811 44 9863 7 9877 47 9926 6 9986 1 10052 6 10066 47 10118 8 10132 48 10182 6 10308 7 10321 50 10374 8 10388 48 10438 5 10522 3 10564 74 10644 48 10695 3 10778 2 10807 2 10819 74 10900 49 11062 5 11075 74 11155 50 11268 2 11318 8 11330 74 11410 5 11422 39 11523 4 11573 86 11665 5 11680 30 11714 3 11778 5 11829 85 11919 6 11937 29 11970 3 12034 5 12085 85 12175 6 12192 30 12225 5 12290 5 12342 83 12431 7 12448 30 12481 5 12546 5 12598 82 12687 10 12702 31 12738 4 12802 4 12855 80 12943 13 12957 31 12994 4 13058 3 13112 79 13199 45 13249 4 13315 2 13369 76 13456 44 13504 4 13625 77 13712 51 13882 76 13969 50 14063 1 14138 77 14226 49 14318 4 14347 1 14394 78 14485 46 14573 5 14592 1 14650 77 14741 45 14828 5 14848 2 14905 78 14998 44 15084 4 15104 2 15161 74 15253 14 15274 23 15360 3 15417 73 15509 3 15514 7 15531 22 15609 3 15616 2 15650 1 15673 72 15788 21 15865 3 15872 2 15905 3 15929 71 16044 22 16121 4 16128 3 16161 4 16185 71 16301 20 16378 2 16384 4 16418 4 16431 3 16441 70 16557 10 16570 7 16634 2 16640 2 16675 3 16687 4 16697 63 16814 7 16828 3 16891 1 16896 2 16932 3 16943 4 16952 64 17071 4 17152 3 17187 4 17198 5 17209 63 17408 4 17443 3 17453 7 17465 63 17664 4 17699 3 17707 10 17721 63 17798 1 17911 1 17921 4 17954 3 17961 12 17978 61 18053 2 18163 6 18178 4 18201 2 18209 5 18216 15 18232 60 18418 5 18436 4 18447 6 18456 3 18462 84 18673 6 18692 5 18702 14 18717 85 18929 6 18948 5 18957 100 19186 5 19203 110 19459 110 19714 111 19970 110 20226 109 20481 109 20717 2 20737 110 20973 3 20994 20 21017 87 21227 5 21252 17 21273 87 21484 4 21508 12 21523 2 21529 87 21741 3 21765 8 21780 1 21785 88 22016 3 22021 7 22036 1 22039 29 22069 60 22272 3 22278 3 22292 92 22528 3 22548 90 22784 3 22803 93 23015 3 23040 4 23059 94 23269 6 23296 4 23315 93 23524 7 23552 4 23571 39 23611 49 23779 8 23808 4 23828 37 23869 10 23884 32 24034 8 24064 4 24084 33 24126 7 24142 30 24289 4 24320 5 24340 17 24359 14 24399 30 24547 1 24576 6 24596 13 24616 12 24656 30 24832 6 24851 6 24861 3 24871 9 24913 30 25088 6 25106 6 25126 10 25170 29 25296 2 25344 6 25362 4 25381 11 25427 28 25546 10 25569 1 25600 6 25617 4 25632 17 25684 26 25801 11 25824 3 25856 6 25873 4 25889 16 25941 24 26056 12 26081 2 26107 1 26113 5 26128 5 26145 18 26199 22 26311 13 26338 3 26361 3 26371 2 26387 2 26402 4 26407 14 26455 21 26566 16 26595 3 26669 12 26712 6 26725 7 26817 23 26851 3 26927 13 26968 6 26983 4 27071 25 27107 4 27185 13 27225 4 27325 27 27364 3 27442 13 27482 1 27581 25 27620 4 27699 12 27836 25 27877 3 27957 11 28093 24 28134 5 28180 1 28214 11 28350 23 28390 7 28470 13 28607 22 28647 6 28722 1 28731 11 28863 26 28903 7 28949 2 28987 12 29120 26 29161 5 29204 3 29238 2 29243 15 29288 2 29377 27 29418 5 29445 1 29469 1 29490 25 29542 5 29633 28 29676 4 29701 2 29720 7 29745 27 29791 12 29890 29 29933 4 29958 1 29976 7 30001 27 30046 14 30145 27 30176 2 30232 7 30242 1 30256 28 30301 15 30401 13 30418 8 30432 2 30488 7 30497 2 30512 28 30557 15 30657 13 30674 7 30746 1 30753 2 30768 28 30813 16 30913 13 30931 6 31010 1 31023 30 31070 15 31171 12 31187 6 31267 4 31279 30 31327 13 31428 12 31442 7 31486 2 31523 4 31534 32 31585 9 31684 13 31698 7 31742 2 31779 5 31789 34 31916 4 31940 20 31997 3 32006 1 32035 5 32045 13 32060 19 32172 4 32196 17 32215 1 32253 3 32260 3 32290 6 32302 10 32316 18 32427 6 32451 18 32509 3 32516 2 32546 6 32558 10 32572 17 32683 7 32706 19 32765 3 32801 8 32814 9 32829 14 32874 3 32939 9 32961 20 33021 3 33057 8 33070 9 33085 12 33130 4 33194 11 33217 21 33243 1 33277 3 33311 10 33323 2 33327 8 33341 10 33385 6 33448 14 33473 20 33498 2 33534 2 33566 12 33579 3 33585 6 33596 11 33641 6 33697 1 33704 15 33729 20 33791 1 33819 20 33841 5 33852 11 33897 8 33954 22 33985 19 34047 1 34072 24 34098 2 34108 10 34154 8 34209 24 34241 18 34301 3 34326 26 34365 9 34410 8 34465 24 34496 18 34557 3 34583 26 34621 9 34666 9 34699 2 34720 26 34752 17 34812 4 34840 25 34878 8 34922 9 34954 4 34976 26 35008 16 35067 5 35098 23 35134 7 35178 9 35210 4 35232 26 35266 14 35323 5 35355 23 35391 6 35434 4 35439 4 35466 4 35478 3 35488 26 35523 13 35579 5 35611 24 35690 3 35696 3 35706 2 35722 4 35733 5 35744 25 35779 13 35835 5 35867 25 35945 3 35953 2 35959 7 35977 7 35987 8 36001 24 36035 13 36092 4 36123 26 36200 4 36209 3 36213 9 36232 21 36257 24 36290 14 36349 3 36379 26 36452 8 36465 14 36488 22 36514 24 36546 14 36563 3 36635 27 36707 9 36721 15 36745 21 36770 24 36802 21 36890 28 36962 10 36978 14 37002 21 37027 23 37058 21 37147 28 37217 11 37234 15 37259 21 37283 23 37315 21 37403 29 37472 12 37490 14 37516 21 37538 23 37572 21 37661 29 37728 12 37746 14 37772 45 37828 21 37919 33 37983 13 38002 13 38028 44 38084 22 38144 2 38159 5 38175 34 38240 12 38254 15 38285 43 38341 21 38400 7 38413 5 38431 35 38497 17 38542 42 38597 22 38656 8 38669 4 38687 35 38754 16 38799 41 38853 23 38912 9 38927 1 38941 36 39011 15 39056 39 39109 25 39141 6 39168 9 39196 37 39268 13 39312 38 39365 26 39397 7 39424 9 39440 5 39451 37 39524 13 39568 37 39620 28 39653 9 39680 21 39707 37 39767 4 39779 13 39824 31 39857 3 39876 29 39913 5 39936 22 39961 38 40015 13 40034 13 40079 31 40132 29 40170 4 40192 22 40217 38 40270 14 40289 13 40335 31 40387 30 40427 4 40448 22 40473 3 40477 34 40525 16 40545 13 40591 31 40643 29 40684 4 40704 23 40729 2 40735 31 40781 16 40800 13 40829 3 40847 31 40881 5 40899 29 40941 3 40960 27 40992 30 41036 17 41056 12 41084 5 41103 43 41156 26 41197 5 41216 27 41252 25 41292 16 41311 12 41340 6 41359 44 41412 25 41453 5 41472 27 41509 13 41524 8 41547 17 41567 12 41597 6 41615 43 41669 23 41709 5 41728 27 41768 9 41782 4 41803 17 41823 12 41854 5 41870 43 41925 22 41965 5 41984 27 42026 4 42059 16 42079 12 42112 1 42125 43 42181 22 42221 4 42237 30 42314 18 42335 12 42378 46 42437 22 42477 3 42492 31 42526 1 42570 33 42631 48 42692 23 42732 4 42748 32 42781 3 42785 1 42827 32 42886 49 42948 23 42989 1 43003 33 43037 7 43087 29 43141 50 43204 23 43259 33 43293 8 43343 29 43397 50 43460 23 43515 32 43549 7 43594 34 43652 51 43716 24 43771 32 43806 6 43842 41 43908 51 43972 24 44026 33 44063 4 44096 42 44164 51 44227 26 44281 35 44320 3 44350 43 44420 51 44483 26 44537 35 44582 5 44605 44 44676 30 44708 19 44740 25 44793 4 44800 29 44837 7 44860 5 44867 39 44931 23 44964 19 44997 24 45049 2 45056 29 45093 7 45116 1 45125 39 45187 24 45221 17 45255 23 45312 30 45348 7 45370 1 45384 37 45428 3 45442 25 45477 17 45512 22 45557 2 45568 30 45603 6 45638 40 45682 6 45698 26 45733 17 45771 20 45813 3 45824 39 45894 6 45901 33 45937 7 45954 27 45989 16 46035 12 46069 6 46080 37 46148 8 46157 44 46209 31 46244 16 46292 11 46325 8 46336 37 46403 54 46462 34 46500 15 46548 10 46581 8 46592 36 46658 44 46705 9 46715 38 46756 13 46805 8 46835 48 46913 39 46953 3 46962 48 47013 12 47062 5 47087 52 47168 19 47190 9 47202 4 47216 1 47220 46 47270 10 47339 55 47401 5 47424 12 47437 6 47448 6 47458 3 47472 1 47476 46 47526 10 47595 55 47653 11 47680 12 47706 4 47714 3 47728 2 47733 45 47782 10 47851 3 47857 49 47907 13 47935 13 47962 3 47970 3 47984 51 48038 9 48067 1 48114 62 48191 12 48226 3 48240 2 48243 60 48371 61 48447 12 48482 3 48499 60 48628 60 48691 2 48702 13 48756 60 48883 60 48946 5 48957 14 49013 59 49138 13 49152 36 49189 9 49202 6 49213 14 49270 58 49394 13 49408 36 49447 6 49458 7 49468 15 49527 57 49643 3 49650 54 49714 6 49724 16 49783 57 49897 5 49906 54 49969 7 49979 17 49999 3 50038 58 50149 9 50161 56 50225 5 50235 17 50255 3 50294 32 50327 24 50402 71 50480 6 50491 16 50511 3 50550 32 50584 22 50657 19 50678 52 50736 5 50752 10 50768 1 50806 32 50840 20 50913 73 50992 1 50996 1 51012 6 51061 33 51097 15 51168 65 51237 6 51250 5 51317 32 51355 12 51423 65 51494 5 51506 6 51573 31 51612 11 51675 69 51763 6 51829 28 51869 9 51928 71 52019 6 52085 28 52131 3 52182 73 52276 7 52316 1 52341 29 52437 74 52532 12 52547 10 52572 1 52597 29 52692 9 52703 63 52788 25 52854 30 52948 8 52959 60 53044 26 53110 10 53122 21 53203 8 53215 58 53300 26 53379 22 53411 2 53459 9 53471 57 53534 2 53555 26 53635 23 53665 6 53700 2 53714 10 53726 57 53789 4 53810 27 53890 24 53920 7 53955 3 53969 12 53982 57 54045 7 54056 37 54146 25 54176 7 54210 6 54224 70 54301 38 54402 25 54431 7 54465 9 54479 49 54529 20 54557 37 54658 6 54665 19 54687 4 54721 11 54734 50 54787 17 54813 36 54916 3 54922 18 54977 63 55044 15 55069 43 55158 8 55172 2 55178 19 55233 63 55301 14 55326 43 55413 11 55428 2 55435 19 55489 63 55557 13 55582 44 55668 14 55684 2 55688 2 55691 19 55746 62 55822 4 55838 45 55923 43 56002 62 56095 45 56146 3 56178 6 56187 3 56191 32 56258 62 56351 47 56402 3 56436 2 56447 32 56514 62 56607 53 56704 2 56709 27 56769 63 56863 52 56967 24 57025 63 57120 51 57223 24 57281 63 57376 50 57478 24 57537 63 57632 50 57733 22 57792 67 57888 51 57965 2 57986 24 58048 71 58144 52 58221 3 58239 27 58303 72 58400 52 58477 2 58495 27 58558 74 58656 52 58751 26 58781 4 58814 74 58911 52 59006 23 59037 4 59070 74 59167 52 59222 1 59262 22 59292 6 59325 75 59423 57 59518 22 59547 10 59580 77 59664 3 59679 59 59775 21 59802 14 59834 80 59920 4 59934 59 60018 1 60031 22 60058 23 60088 83 60175 6 60183 66 60273 2 60287 22 60312 28 60343 86 60430 75 60529 2 60542 23 60567 189 60760 1 60780 4 60798 22 60823 196 61036 6 61054 22 61078 36 61117 159 61291 7 61311 20 61334 36 61374 159 61546 10 61567 20 61589 202 61802 11 61825 222 62057 12 62082 30 62114 190 62312 13 62340 27 62371 189 62568 13 62601 21 62627 178 62810 7 62823 7 62831 6 62861 16 62883 178 63066 7 63079 5 63089 5 63117 17 63139 178 63323 6 63336 3 63346 5 63373 17 63392 181 63580 5 63593 1 63602 6 63630 16 63648 181 63837 2 63859 7 63889 9 63900 2 63904 4 63910 175 64090 4 64116 6 64147 11 64160 4 64165 176 64345 5 64373 5 64382 3 64403 194 64600 6 64629 4 64658 196 64856 6 64914 6 64922 187 65112 5 65169 195 65368 5 65425 111
500314,66 12 323 10 580 9 598 1 837 6 1094 4 1108 3 1364 3 1621 2 1878 1 2136 1 2392 1 2527 1 2781 5 3035 9 3290 10 3539 18 3793 21 4047 23 4302 24 4557 25 4812 26 5068 9 5078 16 5323 9 5335 15 5579 8 5591 15 5834 8 5846 15 6090 8 6102 12 6346 7 6357 10 6601 8 6612 10 6857 7 6868 9 7113 7 7124 6 7369 7 7382 2 7625 8 7798 4 7881 8 8053 8 8138 6 8308 10 8395 5 8564 11 8651 5 8820 11 8907 5 9076 12 9162 6 9332 12 9417 8 9588 12 9670 11 9844 13 9925 12 10100 13 10181 13 10329 5 10356 13 10437 13 10583 8 10611 15 10698 8 10839 9 10866 17 10956 6 11095 9 11122 20 11212 5 11351 9 11379 22 11468 5 11608 8 11636 23 11864 9 11893 23 12120 10 12149 22 12375 11 12405 21 12630 13 12662 20 12886 13 12920 19 13141 15 13184 11 13396 16 13441 11 13651 17 13697 12 13903 21 13954 11 14155 25 14210 11 14408 27 14466 11 14662 28 14723 9 14917 28 14979 7 15172 28 15237 4 15428 27 15605 1 15685 26 15942 18 15963 2 16004 2 16201 15 16259 4 16458 13 16515 5 16534 5 16716 11 16772 4 16790 5 16973 9 17029 4 17045 7 17233 2 17286 2 17301 7 17557 6 17567 1 17822 4 17951 3 18063 6 18078 5 18206 6 18319 6 18335 4 18461 8 18518 1 18574 7 18591 4 18717 9 18768 9 18830 8 18973 10 19023 10 19085 10 19152 4 19229 10 19278 11 19342 10 19486 9 19534 11 19598 10 19661 3 19742 10 19789 12 19854 10 19917 2 19998 10 20045 12 20111 9 20171 3 20255 10 20302 11 20367 9 20427 4 20511 11 20558 11 20624 7 20682 5 20768 11 20814 11 20881 5 20937 7 21025 10 21071 9 21192 8 21282 9 21329 6 21449 7 21539 8 21706 6 21767 5 21796 6 21963 5 22022 12 22053 4 22220 4 22277 14 22477 1 22533 15 22788 17 23042 19 23298 4 23303 14 23553 4 23560 13 23758 1 23808 5 23816 15 24013 3 24064 5 24072 3 24079 9 24263 2 24266 6 24320 11 24336 8 24517 4 24526 2 24576 10 24592 8 24678 9 24772 4 24784 2 24832 10 24848 8 24934 10 25028 3 25088 10 25104 8 25189 13 25284 2 25344 10 25360 8 25445 16 25600 10 25615 8 25679 4 25700 18 25799 5 25806 2 25856 9 25871 8 25935 5 25956 18 26055 9 26112 7 26127 7 26190 8 26213 17 26311 9 26368 5 26383 6 26447 11 26470 17 26569 8 26624 4 26639 5 26703 12 26727 16 26825 8 26847 3 26880 4 26895 5 26959 11 26984 15 27082 10 27102 4 27136 5 27151 4 27216 9 27241 13 27338 12 27358 5 27392 5 27472 5 27497 13 27565 6 27594 13 27614 6 27648 6 27730 1 27754 11 27820 8 27851 13 27871 6 27904 7 28017 4 28075 10 28107 14 28127 6 28160 10 28274 5 28328 13 28364 13 28383 6 28403 1 28416 14 28530 7 28583 14 28621 13 28640 4 28659 1 28672 3 28678 10 28785 10 28838 15 28878 12 28897 2 28915 1 28928 2 28935 9 29041 11 29053 2 29093 16 29134 12 29170 2 29184 2 29193 8 29293 20 29349 16 29390 12 29422 5 29440 2 29451 9 29554 6 29564 5 29605 16 29646 12 29677 6 29696 2 29707 11 29790 4 29813 2 29822 3 29861 15 29903 11 29933 5 29964 10 30043 8 30080 1 30117 14 30160 8 30189 5 30224 7 30299 9 30373 12 30417 4 30445 5 30481 7 30554 10 30630 8 30701 4 30740 6 30809 11 30956 5 30997 6 31065 11 31082 1 31213 4 31254 5 31321 10 31338 2 31469 4 31511 4 31578 10 31594 3 31726 3 31768 3 31835 9 31852 1 31983 3 32024 1 32043 1 32091 9 32239 3 32296 7 32310 4 32315 1 32348 9 32493 6 32551 8 32564 9 32605 8 32749 6 32806 10 32818 11 32861 8 33004 9 33016 2 33062 23 33118 6 33260 14 33317 23 33374 5 33517 14 33551 3 33573 2 33579 17 33777 9 33805 6 33836 15 33974 4 34035 3 34059 9 34092 15 34229 6 34314 10 34348 15 34398 3 34484 8 34573 7 34604 15 34654 5 34740 9 34830 6 34860 15 34909 8 34996 10 35085 6 35117 14 35165 10 35252 11 35341 6 35373 13 35421 11 35508 12 35588 2 35596 7 35630 11 35678 11 35764 12 35843 3 35852 6 35888 7 35934 11 36020 13 36099 4 36108 5 36146 4 36190 10 36276 12 36356 4 36364 1 36378 3 36403 2 36445 4 36453 4 36532 12 36612 3 36634 4 36650 3 36659 2 36700 5 36710 1 36778 1 36788 10 36890 4 36904 5 36916 1 36955 6 36986 4 36998 2 37030 7 37046 2 37146 4 37159 7 37172 1 37210 6 37242 5 37253 5 37264 7 37284 10 37403 2 37414 8 37428 2 37466 6 37498 7 37508 7 37518 12 37537 16 37555 2 37660 1 37670 9 37684 3 37723 5 37754 8 37763 9 37774 13 37793 21 37926 9 37939 4 37980 5 38010 18 38029 14 38048 23 38171 2 38181 10 38195 4 38237 3 38267 16 38285 6 38293 6 38305 23 38425 4 38436 10 38451 4 38525 13 38541 4 38550 4 38561 23 38681 5 38691 10 38708 2 38782 11 38797 3 38806 3 38818 23 38937 5 38946 10 39043 5 39053 2 39062 3 39075 22 39193 5 39202 9 39310 1 39332 22 39449 5 39457 9 39566 1 39591 21 39633 1 39705 5 39713 8 39822 1 39849 22 39886 6 39935 1 39961 6 39968 9 40066 1 40078 1 40106 23 40141 9 40190 2 40217 6 40224 8 40322 1 40332 5 40364 1 40371 14 40396 10 40446 2 40473 6 40481 7 40588 6 40596 3 40628 13 40651 12 40702 2 40729 6 40737 7 40843 13 40883 14 40907 12 40958 2 40985 6 40993 7 41094 24 41139 13 41163 12 41214 2 41241 15 41350 12 41365 11 41395 12 41419 12 41471 1 41497 9 41507 4 41606 9 41623 10 41650 13 41676 9 41753 9 41864 6 41879 10 41906 12 41933 6 42009 10 42120 5 42135 10 42161 11 42191 1 42266 10 42378 1 42391 8 42417 9 42523 10 42608 3 42648 6 42674 4 42782 7 42904 6 43039 6 43161 4 43215 2 43296 4 43471 2 43689 4 43727 1 43815 3 43945 5 44070 5 44155 7 44202 5 44236 2 44326 6 44410 9 44459 5 44490 5 44582 7 44665 11 44702 3 44717 4 44746 6 44837 8 44922 10 44958 4 44973 5 45001 7 45091 11 45178 9 45214 4 45230 6 45256 8 45345 13 45434 3 45440 2 45451 3 45470 5 45486 6 45510 11 45600 14 45692 1 45696 2 45706 5 45726 5 45742 7 45766 11 45855 15 45952 3 45962 5 45984 3 45999 6 46021 11 46111 14 46206 5 46217 6 46241 3 46259 3 46277 10 46367 7 46378 1 46462 6 46473 6 46497 4 46516 2 46533 9 46623 6 46714 10 46728 7 46753 5 46788 10 46880 5 46970 21 47009 5 47044 9 47136 4 47225 22 47265 5 47301 8 47393 3 47412 3 47481 21 47521 5 47558 6 47650 2 47666 6 47737 21 47776 6 47792 7 47817 1 47906 2 47921 7 47994 19 48032 5 48047 10 48176 9 48254 14 48288 5 48302 13 48432 11 48510 14 48544 4 48558 13 48690 9 48765 12 48800 4 48814 15 48946 11 49021 11 49057 2 49070 15 49202 12 49277 10 49326 15 49457 14 49533 10 49583 14 49712 15 49792 7 49839 13 49968 15 50049 6 50098 8 50117 3 50223 15 50258 5 50306 6 50330 1 50370 7 50479 13 50513 7 50562 6 50585 2 50625 8 50736 10 50768 10 50818 6 50840 3 50881 7 50993 8 51023 15 51074 5 51096 3 51125 4 51138 4 51250 6 51279 16 51330 3 51352 2 51378 8 51508 3 51521 9 51533 19 51608 2 51633 9 51774 35 51864 2 51869 8 51889 9 51961 2 52028 38 52120 2 52124 11 52138 16 52214 7 52283 40 52375 1 52379 28 52469 10 52537 42 52630 2 52635 28 52725 11 52792 43 52890 28 52981 11 53047 45 53146 28 53238 10 53301 47 53401 18 53420 6 53494 10 53556 49 53657 17 53745 2 53750 10 53812 50 53914 16 54000 4 54008 7 54068 50 54170 15 54256 4 54264 6 54324 51 54426 13 54445 7 54512 3 54523 1 54580 51 54679 3 54683 11 54701 7 54841 46 54934 4 54940 4 54956 4 54963 1 55097 47 55190 4 55197 2 55212 4 55344 3 55351 50 55446 10 55470 1 55598 6 55606 52 55702 10 55852 63 55958 11 56108 63 56215 9 56364 61 56620 60 56756 2 56876 59 57011 5 57132 57 57266 7 57388 5 57395 47 57444 1 57514 2 57522 7 57645 2 57652 45 57737 3 57770 2 57778 7 57909 45 57966 1 57992 5 58026 3 58034 5 58165 50 58220 3 58247 6 58282 3 58291 3 58423 47 58476 4 58502 7 58538 3 58681 45 58732 4 58756 9 58794 4 58937 46 58989 3 59011 10 59051 4 59164 2 59193 46 59242 1 59267 9 59308 4 59451 49 59522 9 59566 2 59708 48 59778 7 59823 1 59966 47 60034 2 60037 5 60229 41 60296 2 60385 1 60485 41 60552 3 60639 5 60742 41 60808 5 60894 6 60935 14 60999 40 61064 6 61150 6 61191 15 61252 1 61255 40 61320 6 61406 7 61447 17 61513 35 61550 1 61576 6 61663 4 61702 19 61769 34 61831 7 61885 2 61921 1 61930 2 61959 18 62025 33 62084 1 62088 7 62141 2 62184 4 62215 19 62282 31 62338 4 62345 6 62396 3 62439 6 62471 19 62502 6 62539 23 62563 5 62594 4 62601 7 62695 7 62727 19 62755 13 62792 1 62795 23 62819 5 62850 5 62857 7 62951 8 62960 6 62984 19 63010 15 63051 28 63107 3 63113 6 63208 16 63240 19 63264 17 63308 24 63370 5 63414 3 63466 15 63498 19 63519 19 63565 23 63626 3 63670 2 63722 15 63756 38 63821 23 63978 16 64013 37 64077 22 64234 16 64270 37 64334 6 64341 13 64450 3 64490 16 64525 38 64590 4 64600 9 64658 1 64706 3 64746 15 64781 38 64846 1 64858 6 64913 5 64961 5 65002 14 65038 37 65102 1 65169 6 65218 4 65258 12 65294 38 65358 1 65424 7 65474 5 65514 11
504868,0 65391 65395 141
513583,47 10 142 10 210 2 235 10 302 10 399 8 467 1 492 10 539 3 558 9 656 7 723 1 748 11 793 8 814 8 978 3 1005 11 1048 9 1069 8 1234 3 1261 11 1302 12 1325 8 1517 11 1555 16 1580 10 1761 1 1773 12 1810 19 1835 11 2017 2 2030 11 2066 20 2087 15 2272 4 2286 10 2322 35 2526 6 2543 8 2578 35 2782 6 2800 6 2835 31 3038 6 3059 1 3097 24 3295 4 3355 22 3616 17 3672 6 3837 3 3879 10 3928 8 4093 3 4136 8 4183 9 4309 2 4350 2 4393 6 4428 1 4438 9 4564 4 4607 1 4651 2 4684 5 4693 10 4728 3 4819 5 4940 6 4949 9 4983 5 5028 3 5075 5 5180 1 5196 6 5205 9 5237 8 5284 2 5331 5 5371 3 5383 1 5434 3 5452 5 5463 7 5492 10 5588 3 5627 4 5632 1 5639 2 5688 5 5708 5 5720 7 5748 10 5843 3 5883 6 5895 2 5944 5 5964 5 5978 5 6004 11 6093 9 6139 6 6151 2 6199 6 6220 4 6235 4 6259 13 6349 8 6397 3 6407 3 6454 6 6476 3 6492 2 6515 15 6604 8 6662 3 6710 5 6731 3 6748 1 6771 16 6860 7 6916 5 6928 3 6965 5 7027 16 7116 6 7172 4 7183 5 7220 6 7283 17 7372 6 7439 5 7476 7 7539 17 7629 5 7696 2 7732 8 7796 16 7887 3 7988 9 8052 17 8243 11 8282 1 8309 3 8316 1 8321 5 8499 10 8579 3 8755 10 8836 3 8922 3 9003 3 9011 10 9174 8 9258 7 9267 10 9358 3 9429 9 9514 20 9613 5 9685 10 9770 24 9810 1 9869 5 9941 10 10026 26 10066 2 10076 3 10125 5 10198 10 10282 26 10321 4 10330 5 10380 6 10456 8 10538 25 10576 6 10585 6 10636 6 10714 5 10794 25 10831 7 10841 6 10892 5 10971 4 11050 25 11087 7 11097 6 11149 4 11159 5 11228 2 11307 24 11342 17 11408 1 11413 8 11564 23 11598 17 11665 13 11822 22 11857 14 11921 13 12079 21 12115 11 12177 14 12335 22 12371 11 12385 3 12433 14 12592 21 12627 18 12689 14 12850 19 12883 18 12945 13 13091 2 13109 8 13119 7 13138 20 13203 11 13247 7 13344 6 13366 6 13376 8 13393 22 13461 9 13495 17 13600 7 13623 5 13634 7 13648 23 13674 3 13722 4 13754 14 13856 7 13879 5 13890 8 13904 31 13980 2 13983 2 14011 14 14102 3 14113 6 14135 6 14146 8 14160 12 14175 7 14184 7 14237 5 14268 13 14357 4 14369 6 14391 7 14401 9 14416 12 14431 6 14441 6 14493 6 14525 12 14613 3 14626 5 14648 17 14672 11 14688 5 14698 3 14748 7 14883 3 14904 16 14929 10 14944 4 15003 8 15162 13 15187 7 15259 8 15404 3 15419 11 15444 5 15515 8 15564 2 15650 2 15659 5 15675 11 15771 7 15821 1 15904 5 15913 7 15931 11 16028 6 16077 1 16160 5 16170 6 16187 10 16238 2 16285 2 16333 2 16415 6 16427 5 16443 10 16493 4 16589 2 16634 4 16671 5 16685 3 16701 8 16749 3 16845 1 16888 7 16927 3 16942 2 16958 6 17006 1 17141 11 17183 2 17198 2 17216 3 17396 12 17454 2 17651 13 17694 3 17702 4 17710 1 17907 13 17949 4 17957 6 17966 1 17969 4 18163 13 18205 5 18213 7 18221 8 18419 13 18461 6 18469 16 18676 12 18717 6 18725 7 18734 7 18933 11 18974 5 18982 6 18991 6 19191 9 19230 5 19246 6 19448 8 19487 3 19502 5 19705 7 19758 3 19823 1 19963 5 20013 3 20078 2 20268 4 20523 3 20594 1 20780 1 21680 2 21935 4 22064 1 22190 8 22445 7 22701 6 22957 7 23212 8 23468 8 23725 6 23793 6 23982 5 24048 8 24065 3 24239 3 24304 8 24321 3 24559 9 24576 5 24763 3 24814 10 24832 5 25018 5 25075 5 25089 5 25274 6 25331 3 25530 6 25598 2 25607 2 25714 6 25728 2 25786 6 25852 4 25970 7 25984 5 26042 6 26109 3 26225 13 26240 7 26299 7 26480 23 26735 19 26860 3 26991 20 27116 3 27246 21 27276 1 27372 3 27502 21 27628 3 27758 21 27871 3 27884 3 28014 19 28141 1 28229 2 28269 20 28484 3 28525 19 28740 3 28780 20 28887 1 28996 2 29036 13 29054 3 29185 4 29291 13 29310 4 29389 3 29417 3 29440 8 29547 12 29566 5 29645 3 29672 3 29696 8 29803 11 29822 5 29899 6 29928 3 29952 9 30060 10 30077 6 30155 1 30158 2 30183 3 30208 10 30317 9 30332 7 30383 4 30394 7 30437 5 30464 11 30574 8 30588 6 30637 8 30649 10 30693 5 30720 11 30831 8 30892 23 30948 6 30976 11 31088 6 31148 23 31203 5 31232 10 31344 6 31403 24 31456 8 31488 9 31601 5 31659 23 31711 7 31744 8 31820 1 31857 5 31915 23 31963 11 32000 9 32076 2 32115 2 32126 2 32172 22 32200 5 32218 10 32256 11 32293 2 32332 5 32381 3 32430 20 32456 5 32473 8 32512 12 32549 2 32588 5 32637 4 32689 11 32702 4 32711 6 32728 8 32768 13 32847 3 32893 4 32948 7 32960 1 32967 5 32984 7 32999 1 33026 14 33060 1 33104 2 33204 6 33223 5 33239 7 33254 3 33284 14 33315 3 33336 1 33362 1 33460 6 33479 5 33495 6 33508 5 33541 14 33618 1 33717 3 33736 3 33751 6 33763 7 33799 12 33874 1 34007 7 34019 7 34056 11 34130 2 34263 6 34276 6 34314 9 34379 5 34385 4 34519 5 34533 5 34571 8 34588 1 34634 6 34641 4 34775 5 34791 3 34828 6 34843 4 34890 6 34899 2 35032 2 35085 4 35100 4 35146 6 35154 3 35342 2 35356 4 35404 2 35409 4 35614 2 35617 1 35635 4 35666 1 35872 3 35889 6 36014 1 36127 5 36145 7 36383 5 36401 7 36575 1 36639 6 36657 7 36829 4 36895 6 36913 6 37084 6 37114 2 37151 6 37170 5 37339 7 37370 2 37408 4 37426 1 37503 3 37595 7 37625 3 37760 1 37851 7 37881 2 38106 8 38357 2 38362 7 38610 15 38865 7 38874 6 39120 7 39375 8 39631 8 39887 8 40118 2 40142 10 40373 4 40398 11 40630 3 40639 3 40655 17 40887 1 40896 2 40911 19 41153 2 41169 17 41427 14 41685 12 41942 10 42199 8 42457 4 43719 3 43973 6 44228 7 44484 7 44740 6 44996 5 45252 3 45527 5 45781 8 46035 11 46291 11 46460 2 46547 13 46715 6 46803 14 46970 9 47060 14 47226 9 47275 6 47317 13 47481 10 47528 10 47574 12 47737 10 47782 12 47831 10 47989 13 48038 12 48088 8 48244 13 48295 10 48345 6 48500 13 48554 4 48602 5 48755 14 48858 6 49006 19 49114 6 49260 21 49371 5 49516 22 49629 1 49771 23 50000 1 50027 23 50256 1 50282 23 50512 3 50539 22 50767 4 50796 23 50901 7 51022 5 51054 25 51095 5 51136 1 51155 9 51279 4 51311 24 51350 8 51411 10 51536 3 51568 24 51606 8 51659 1 51667 10 51792 2 51826 22 51861 10 51913 4 51923 4 51928 3 52048 1 52082 22 52117 11 52145 3 52168 5 52339 20 52372 13 52402 4 52424 6 52595 18 52628 13 52658 4 52680 7 52851 17 52884 11 52916 2 52936 8 52953 1 53108 15 53141 9 53193 4 53198 2 53202 3 53209 2 53366 11 53397 9 53449 4 53454 8 53465 1 53501 3 53628 3 53653 8 53671 1 53705 3 53711 8 53756 4 53883 3 53908 9 53926 2 53967 8 54010 6 54138 4 54164 8 54181 3 54222 10 54265 7 54394 5 54419 9 54437 2 54478 11 54521 7 54650 5 54675 9 54693 1 54734 11 54777 7 54905 7 54930 9 54990 12 55012 6 55021 1 55033 7 55161 7 55186 9 55220 2 55231 4 55246 12 55267 13 55289 7 55417 9 55442 8 55475 3 55486 5 55501 14 55521 14 55536 3 55545 7 55674 9 55697 9 55731 3 55741 6 55757 33 55792 4 55800 8 55931 10 55953 8 55987 3 55995 8 56012 34 56048 5 56056 8 56188 14 56209 7 56243 2 56250 8 56268 34 56305 6 56312 8 56444 13 56466 7 56506 7 56524 43 56568 8 56701 12 56722 7 56761 8 56780 43 56824 8 56958 11 56979 6 57018 6 57037 51 57216 9 57235 5 57275 4 57293 51 57473 8 57492 4 57551 49 57730 7 57770 4 57812 44 57987 6 58026 5 58068 44 58244 4 58282 6 58324 44 58538 7 58581 43 58795 6 58838 42 59051 6 59095 41 59307 6 59351 41 59566 2 59607 41 59863 41 60118 42 60374 42 60631 41 60887 41 61143 41 61401 39 61658 38 61748 1 61858 2 61915 37 62003 4 62171 37 62259 4 62400 3 62426 38 62515 4 62535 5 62624 1 62655 5 62681 39 62772 3 62790 13 62880 1 62911 6 62937 39 63045 15 63136 1 63167 6 63193 38 63300 17 63391 2 63423 6 63449 38 63555 19 63647 1 63680 4 63707 36 63811 20 63902 2 63965 35 64067 22 64224 32 64322 25 64482 30 64579 25 64738 30 64835 26 64995 29 65092 25 65252 28 65348 25 65511 25
516869,0 64511 64512 255 64768 255 65024 255 65280 255
521139,0 65536
524214,0 9804 9805 251 10063 248 10320 247 10577 246 10835 245 11091 245 11339 7 11347 767 12115 255 12371 41644 54016 254 54272 252 54528 251 54784 251 55040 252 55296 253 55552 243 55796 10 55808 243 56052 10 56064 242 56308 10 56320 242 56564 10 56576 242 56821 9 56832 242 57077 6 57088 242 57344 242 57600 241 57847 3 57856 240 58102 3 58112 239 58355 1 58358 3 58362 2 58367 240 58612 8 58624 240 58868 8 58880 239 59124 10 59136 239 59379 4 59384 6 59392 240 59636 10 59648 241 59893 9 59904 254 60160 254 60416 255 60672 255 60928 255 61184 255 61440 255 61696 254 61952 253 62208 251 62464 249 62720 248 62976 248 63232 243 63478 2 63488 238 63733 5 63744 237 63989 6 63997 1 64000 255 64256 255 64512 761 65274 255 65531 5
529350, 
534313,0 23 50 3 78 3 171 15 208 4 256 23 307 3 336 1 427 16 463 5 512 23 563 4 683 16 719 5 768 23 812 11 910 3 939 16 975 5 1024 24 1057 2 1066 14 1165 6 1195 16 1231 5 1254 4 1280 25 1313 4 1323 13 1420 8 1451 15 1488 3 1500 15 1536 25 1569 4 1582 10 1675 9 1707 15 1755 17 1792 25 1825 4 1839 9 1930 11 1963 14 2010 18 2048 9 2059 14 2082 3 2095 9 2186 12 2220 12 2266 19 2304 9 2315 14 2339 2 2350 9 2442 12 2477 11 2522 19 2560 10 2571 14 2602 1 2605 7 2698 13 2733 10 2778 19 2816 10 2827 14 2856 12 2954 13 2990 8 3034 20 3073 24 3112 13 3211 13 3246 7 3266 4 3291 19 3330 23 3368 13 3468 11 3503 4 3521 8 3531 2 3550 17 3587 22 3624 14 3725 11 3777 12 3807 16 3844 21 3880 14 3982 10 4033 10 4064 16 4101 20 4130 1 4136 14 4238 19 4288 11 4321 15 4361 16 4384 4 4392 11 4493 21 4543 14 4584 7 4618 15 4639 6 4648 10 4749 22 4799 15 4841 5 4874 14 4895 6 4905 8 5005 23 5055 23 5080 4 5131 12 5150 6 5162 6 5261 24 5311 31 5385 14 5405 5 5416 8 5517 24 5568 7 5578 27 5632 3 5641 4 5647 7 5661 4 5671 8 5773 24 5824 6 5834 27 5888 4 5897 10 5917 2 5927 7 6029 23 6081 5 6090 26 6144 5 6153 7 6182 8 6285 22 6338 4 6346 25 6400 5 6411 6 6437 8 6498 4 6541 5 6549 13 6594 5 6603 22 6656 6 6667 6 6680 3 6693 8 6752 11 6798 2 6807 11 6834 4 6851 5 6859 15 6876 3 6912 6 6923 7 6934 7 6949 8 7008 13 7063 10 7088 9 7107 5 7115 14 7168 7 7179 18 7204 11 7226 4 7255 4 7263 17 7289 2 7319 9 7344 12 7364 20 7424 8 7433 20 7460 13 7480 7 7509 27 7544 5 7574 9 7600 12 7620 21 7681 28 7715 15 7736 8 7764 29 7800 6 7830 9 7855 14 7875 22 7937 28 7971 15 7991 10 8020 30 8056 7 8086 8 8111 13 8130 24 8194 27 8226 7 8235 7 8247 10 8276 30 8312 8 8342 7 8367 12 8386 25 8451 12 8474 3 8482 5 8494 3 8502 12 8532 31 8569 6 8598 6 8624 10 8642 26 8707 12 8731 3 8739 3 8757 14 8788 20 8810 9 8826 4 8855 4 8881 8 8898 26 8964 11 8987 4 9011 17 9044 20 9069 7 9138 6 9155 26 9221 10 9243 4 9266 19 9300 22 9325 6 9396 2 9412 24 9479 9 9522 20 9557 21 9579 8 9670 21 9736 10 9778 20 9813 30 9933 11 9992 10 10035 20 10069 29 10191 5 10247 12 10292 19 10325 29 10503 11 10533 3 10552 15 10581 28 10759 11 10787 6 10809 15 10838 27 11015 11 11042 8 11066 8 11075 6 11094 26 11271 10 11297 9 11323 6 11333 5 11351 24 11528 9 11553 8 11579 5 11588 14 11607 22 11785 8 11810 7 11835 4 11845 15 11864 20 12042 6 12067 3 12089 7 12101 17 12121 19 12300 2 12345 7 12357 17 12377 19 12600 9 12612 18 12633 19 12855 53 13110 54 13366 26 13395 25 13621 56 13877 40 13920 13 14132 41 14176 14 14388 40 14432 14 14644 40 14687 14 14901 3 14907 32 14943 14 15163 15 15181 12 15199 14 15420 13 15437 10 15456 13 15656 4 15677 9 15693 9 15712 13 15906 11 15920 5 15936 5 15950 8 15968 13 16161 20 16206 7 16225 11 16416 22 16464 4 16482 10 16672 21 16745 2 16926 23 17180 25 17435 26 17691 26 17915 5 17947 26 18169 12 18203 26 18424 15 18461 23 18679 15 18718 22 18935 15 18962 4 18974 22 19191 13 19216 13 19231 21 19448 10 19464 22 19487 21 19704 9 19719 46 19960 8 19974 47 20217 7 20230 48 20473 7 20486 49 20715 3 20725 4 20735 1 20742 50 20970 5 20980 6 20999 49 21225 8 21234 9 21253 52 21481 18 21508 53 21736 20 21763 54 21993 19 22018 55 22249 20 22274 34 22310 19 22505 20 22529 35 22567 3 22574 9 22763 21 22785 35 22823 4 22840 1 23020 20 23042 34 23078 5 23096 3 23278 18 23299 32 23333 6 23351 6 23501 4 23533 19 23557 30 23589 5 23606 9 23756 6 23789 19 23821 22 23845 4 23860 11 24012 6 24045 19 24079 20 24102 3 24115 13 24268 5 24301 19 24336 19 24371 12 24524 5 24557 19 24594 17 24627 11 24779 5 24814 18 24852 15 24883 11 25030 10 25062 4 25073 2 25080 8 25109 15 25140 9 25220 4 25283 13 25309 15 25336 8 25365 14 25397 7 25476 4 25538 13 25564 16 25592 8 25621 14 25654 6 25731 6 25792 14 25819 18 25848 8 25877 13 25910 6 25987 5 26048 14 26075 18 26105 7 26134 12 26167 4 26243 5 26303 15 26330 20 26362 6 26391 10 26500 4 26559 15 26586 20 26619 5 26649 6 26756 4 26816 15 26841 21 26879 1 26905 5 27073 13 27097 22 27161 4 27284 4 27332 5 27338 4 27354 25 27417 3 27542 1 27611 27 27674 1 27868 27 28124 30 28381 30 28588 3 28637 30 28842 6 28894 29 29097 7 29150 28 29352 8 29407 2 29412 22 29608 7 29670 19 29864 4 29926 19 30183 18 30232 4 30440 16 30487 7 30697 15 30742 10 30955 10 30997 12 31213 4 31253 12 31508 14 31764 22 32020 23 32276 24 32532 25 32788 26 33045 25 33301 25 33557 25 33812 9 33823 15 34067 9 34080 14 34323 7 34344 7 34578 8 34601 6 34834 8 34857 7 35091 6 35113 6 35349 3 35370 5 35626 5 35852 2 35882 5 35985 5 36083 1 36107 2 36131 3 36138 5 36240 8 36338 4 36386 5 36394 4 36495 10 36526 1 36594 7 36642 4 36649 4 36751 10 36779 6 36849 10 36899 2 36906 1 37007 12 37034 8 37104 12 37263 17 37288 10 37357 16 37391 2 37519 18 37543 11 37612 18 37648 1 37776 18 37798 12 37868 19 37906 1 38032 19 38054 12 38123 21 38271 8 38288 20 38310 13 38380 20 38525 13 38544 20 38566 14 38636 20 38779 18 38800 20 38823 13 38892 20 39034 42 39080 12 39148 20 39289 43 39337 11 39403 21 39545 44 39594 10 39658 22 39801 44 39850 10 39913 17 39932 4 40056 7 40064 38 40107 8 40169 15 40190 2 40312 46 40363 8 40424 14 40567 46 40620 7 40680 13 40823 35 40861 8 40878 4 40936 13 41079 29 41192 13 41245 3 41334 30 41448 13 41500 5 41589 30 41704 13 41756 6 41844 30 41961 13 42011 8 42093 2 42099 31 42217 13 42267 8 42348 3 42355 31 42473 14 42524 7 42603 5 42611 31 42729 14 42780 7 42858 40 42912 2 42985 14 43037 5 43114 39 43168 2 43240 14 43294 3 43352 1 43371 37 43423 3 43496 14 43605 6 43618 3 43631 23 43657 7 43673 9 43752 13 43769 3 43859 9 43872 6 43888 19 43914 5 43928 10 44008 13 44024 7 44107 17 44127 7 44144 17 44172 1 44183 11 44263 13 44278 10 44360 31 44399 19 44440 10 44519 13 44534 10 44616 32 44655 20 44690 1 44697 9 44763 3 44775 12 44790 10 44871 33 44908 24 44943 6 44953 10 44973 4 45019 4 45031 11 45045 11 45127 61 45199 6 45209 9 45228 6 45275 4 45291 6 45300 12 45383 61 45455 6 45465 9 45482 8 45531 4 45548 5 45556 12 45639 60 45712 4 45722 7 45736 12 45787 4 45805 4 45812 12 45888 5 45895 60 45978 5 45990 15 46043 3 46062 2 46069 11 46143 53 46199 11 46236 1 46246 16 46325 11 46398 42 46442 4 46456 9 46501 19 46582 10 46637 3 46653 42 46713 7 46757 20 46838 10 46891 12 46909 42 46970 7 47013 21 47094 10 47147 27 47175 32 47230 4 47263 5 47269 24 47349 11 47403 26 47433 5 47439 25 47486 4 47493 4 47520 4 47526 25 47604 12 47659 26 47690 3 47697 27 47742 4 47749 4 47777 3 47783 24 47859 13 47916 25 47954 27 48006 3 48040 24 48114 14 48172 25 48211 26 48262 2 48297 29 48370 14 48428 25 48467 27 48554 30 48602 3 48626 14 48683 26 48722 28 48809 10 48822 20 48857 5 48883 13 48935 30 48977 29 49065 9 49079 21 49113 6 49141 1 49144 8 49189 32 49232 30 49320 7 49335 6 49344 12 49369 6 49400 8 49444 33 49486 31 49576 8 49591 6 49602 10 49625 6 49657 7 49700 33 49741 32 49832 10 49846 8 49859 9 49881 5 49913 7 49956 33 49995 13 50009 19 50087 23 50117 6 50138 3 50169 7 50211 35 50250 14 50267 17 50339 27 50373 15 50397 4 50425 7 50459 44 50505 15 50526 14 50593 28 50628 17 50653 5 50681 7 50712 64 50785 11 50849 25 50884 17 50908 6 50937 7 50957 3 50968 64 51041 11 51105 25 51137 20 51164 6 51192 8 51213 3 51224 63 51296 12 51361 25 51391 21 51419 7 51447 9 51469 4 51479 64 51552 12 51617 26 51645 23 51675 7 51703 9 51724 5 51734 60 51797 2 51807 12 51860 4 51873 51 51930 7 51959 9 51980 5 51989 61 52062 12 52115 6 52129 39 52175 1 52177 3 52186 6 52214 14 52237 4 52245 62 52316 4 52321 8 52371 6 52385 38 52432 5 52443 5 52470 17 52493 3 52501 62 52570 5 52578 6 52627 6 52641 37 52688 6 52699 5 52726 18 52756 66 52826 5 52885 5 52898 36 52944 6 52956 13 52983 18 53012 67 53082 4 53143 4 53155 35 53200 6 53213 13 53239 18 53268 68 53337 6 53412 35 53452 10 53468 15 53495 17 53523 76 53668 36 53706 12 53724 16 53751 16 53780 76 53923 51 53980 19 54006 10 54036 77 54179 51 54236 21 54259 13 54292 77 54435 51 54492 36 54549 76 54691 50 54748 36 54805 75 54948 51 55003 37 55061 73 55204 59 55266 30 55312 77 55461 58 55523 29 55567 75 55717 58 55779 29 55810 4 55822 76 55973 58 56035 26 56065 88 56229 35 56268 19 56292 23 56320 89 56484 35 56528 15 56546 26 56576 87 56739 36 56785 15 56802 26 56832 84 56995 36 57050 35 57089 80 57251 35 57307 34 57346 79 57507 35 57563 34 57603 78 57763 35 57819 34 57859 78 58019 36 58073 36 58115 78 58210 5 58276 36 58329 16 58353 10 58371 77 58466 5 58532 9 58543 26 58584 17 58610 8 58628 68 58697 7 58724 4 58748 4 58789 7 58801 24 58840 17 58866 6 58883 68 58954 7 58981 4 59004 4 59046 6 59060 4 59068 13 59087 5 59096 18 59138 69 59210 7 59238 3 59260 3 59302 6 59324 12 59341 8 59352 20 59393 80 59559 5 59579 12 59597 8 59608 22 59648 80 59815 5 59833 11 59853 8 59864 23 59904 80 60071 5 60089 11 60109 8 60121 22 60160 16 60177 61 60327 5 60345 11 60365 8 60377 11 60392 7 60416 81 60583 6 60602 10 60622 6 60634 9 60649 5 60672 81 60839 7 60858 9 60879 5 60895 2 60906 3 60928 76 61006 3 61095 7 61114 9 61137 1 61184 75 61263 2 61352 7 61370 9 61440 74 61608 7 61626 9 61696 74 61786 1 61865 7 61877 1 61882 9 61952 74 62041 4 62072 3 62122 7 62131 3 62139 8 62208 68 62277 6 62296 6 62326 6 62379 12 62395 8 62464 68 62535 2 62552 6 62581 9 62633 14 62651 7 62720 68 62807 6 62836 10 62888 15 62907 7 62976 68 63063 4 63091 12 63144 15 63163 6 63232 68 63346 13 63400 15 63419 5 63488 67 63602 14 63619 4 63656 14 63744 67 63858 22 63912 14 64000 64 64114 22 64169 11 64256 1 64260 60 64370 22 64426 10 64516 59 64625 23 64678 14 64771 59 64881 24 64932 15 65018 4 65026 60 65097 8 65137 26 65188 15 65273 5 65281 60 65352 10 65380 3 65392 30 65444 15 65529 5
534649, 
535798,3 6 13 11 66 7 80 14 95 3 139 12 174 5 260 4 269 10 323 6 337 12 395 11 430 5 518 2 526 8 579 7 594 10 651 10 686 4 774 2 782 4 835 11 851 8 907 9 942 5 1030 1 1091 13 1106 8 1163 7 1199 6 1346 22 1420 4 1454 10 1602 20 1709 12 1858 20 1965 12 1995 2 2114 20 2221 15 2249 6 2371 19 2477 16 2506 9 2547 1 2627 7 2637 9 2733 16 2762 10 2803 1 2819 4 2884 6 2894 8 2989 15 3019 10 3073 6 3141 6 3151 6 3246 14 3276 9 3329 8 3396 8 3408 4 3502 14 3531 11 3561 4 3585 8 3651 10 3666 1 3759 13 3787 10 3815 7 3842 7 3906 11 3997 4 4016 13 4044 9 4070 8 4099 6 4162 11 4251 7 4273 13 4301 7 4326 8 4417 12 4506 8 4536 6 4560 2 4581 10 4673 12 4762 9 4796 5 4837 13 4874 5 4928 12 5019 10 5093 14 5130 5 5184 11 5253 3 5275 5 5282 2 5314 3 5318 5 5349 15 5386 4 5440 8 5508 5 5532 2 5574 6 5606 17 5643 1 5696 7 5722 7 5747 3 5763 8 5832 3 5862 19 5953 5 5979 8 6001 6 6018 12 6031 7 6120 22 6210 3 6236 8 6252 1 6257 7 6274 20 6377 22 6493 8 6507 5 6513 7 6529 22 6632 23 6750 8 6762 6 6769 6 6784 23 6886 24 7006 9 7018 6 7026 1 7039 24 7141 16 7263 9 7273 7 7290 30 7338 2 7397 12 7439 6 7502 1 7520 15 7545 31 7653 8 7694 8 7747 2 7758 1 7777 14 7801 31 7910 6 7949 11 8004 1 8016 1 8033 14 8057 4 8065 8 8076 12 8090 1 8205 14 8260 1 8272 1 8289 14 8314 2 8322 7 8333 11 8346 2 8461 16 8546 12 8580 5 8590 9 8602 3 8649 3 8717 17 8802 12 8837 4 8846 8 8859 2 8904 4 8973 18 9050 1 9060 1 9064 6 9078 5 9094 1 9102 7 9115 3 9159 5 9228 19 9276 2 9288 2 9306 1 9322 3 9333 7 9359 5 9372 5 9415 5 9445 2 9484 19 9531 4 9542 5 9556 4 9589 8 9614 6 9628 5 9671 4 9700 4 9740 18 9787 5 9797 7 9812 4 9844 9 9862 4 9870 7 9884 5 9927 3 9947 1 9956 4 9995 18 10044 7 10053 8 10070 1 10100 9 10117 5 10126 10 10140 4 10202 5 10211 6 10251 17 10300 8 10309 7 10348 1 10356 8 10372 7 10381 12 10458 15 10507 16 10558 1 10566 5 10603 2 10612 7 10627 7 10637 12 10714 15 10762 15 10822 1 10859 3 10869 4 10883 7 10893 11 10969 16 11018 15 11106 1 11115 3 11139 7 11148 11 11226 14 11272 17 11361 3 11371 3 11396 6 11403 11 11482 9 11527 19 11616 4 11627 3 11634 2 11659 11 11738 11 11782 21 11840 1 11844 1 11871 5 11884 9 11915 11 11961 1 11995 10 12037 24 12094 8 12126 6 12139 11 12172 11 12251 11 12292 26 12348 10 12382 6 12394 12 12428 11 12508 10 12547 29 12603 8 12638 7 12649 13 12685 6 12764 10 12803 30 12858 9 12895 7 12904 13 12942 4 13020 11 13059 15 13075 16 13112 12 13144 3 13151 23 13198 2 13232 1 13276 11 13316 13 13332 16 13368 13 13399 7 13407 11 13421 9 13486 4 13533 9 13574 1 13578 6 13588 17 13626 12 13655 19 13678 8 13741 5 13791 5 13837 2 13845 17 13883 12 13910 20 13934 8 13978 1 13995 8 14101 17 14139 13 14166 20 14190 8 14233 3 14250 9 14357 18 14394 14 14423 19 14447 7 14489 4 14504 11 14614 17 14649 16 14679 18 14703 6 14745 4 14759 11 14871 17 14904 18 14936 9 14947 6 14960 4 15001 5 15013 12 15130 14 15158 20 15192 10 15203 7 15257 6 15267 9 15390 10 15413 21 15449 9 15460 6 15514 16 15648 7 15669 21 15707 15 15770 17 15906 5 15924 22 15964 14 16026 17 16163 3 16180 23 16218 16 16283 17 16436 23 16473 17 16539 17 16692 23 16728 8 16739 6 16794 18 16948 23 16983 8 16995 6 17050 19 17205 21 17238 9 17252 4 17306 18 17461 20 17494 9 17510 1 17562 18 17717 19 17750 9 17820 8 17926 4 17972 18 18005 10 18181 8 18228 17 18261 10 18437 10 18482 18 18517 10 18643 5 18693 10 18737 19 18773 14 18899 6 18949 10 18993 19 19028 16 19155 7 19206 8 19249 18 19282 21 19411 8 19463 6 19505 17 19538 22 19670 10 19764 14 19793 23 19828 4 19927 10 20022 11 20048 27 20083 6 20184 9 20279 10 20304 27 20338 8 20439 10 20535 9 20560 28 20593 10 20680 6 20693 5 20700 6 20791 8 20817 29 20849 11 20935 7 20948 13 21048 6 21074 42 21190 9 21204 9 21214 2 21304 6 21331 9 21341 31 21446 8 21459 10 21525 3 21561 5 21588 7 21599 29 21702 8 21714 10 21737 1 21780 5 21818 3 21857 25 21958 6 21970 10 21991 3 22020 6 22034 8 22074 3 22116 21 22214 5 22224 11 22246 6 22275 8 22289 9 22371 19 22470 5 22479 12 22502 6 22531 9 22545 9 22626 20 22664 3 22727 5 22735 12 22758 7 22787 7 22800 11 22881 21 22921 2 22983 20 23014 8 23040 5 23056 11 23137 21 23239 20 23271 9 23296 2 23316 3 23393 21 23496 19 23527 11 23552 2 23574 1 23649 21 23752 19 23784 12 23808 1 23906 5 23913 13 24008 20 24041 12 24064 1 24074 3 24164 1 24170 12 24264 20 24299 11 24329 5 24426 12 24521 20 24558 8 24585 6 24683 9 24727 3 24777 20 24815 7 24840 8 24939 7 24982 6 25033 20 25071 7 25096 8 25195 7 25215 12 25236 9 25290 19 25327 7 25352 8 25451 6 25471 12 25491 11 25546 18 25583 6 25609 7 25707 5 25727 12 25746 13 25795 1 25803 3 25808 12 25838 7 25866 5 25964 3 25982 13 26002 13 26050 3 26060 15 26095 6 26119 1 26123 2 26234 17 26259 17 26305 4 26317 13 26351 6 26363 2 26488 18 26515 13 26561 5 26574 13 26608 7 26616 6 26744 18 26772 11 26816 6 26831 15 26865 15 27000 18 27029 7 27072 5 27087 15 27121 15 27162 1 27257 16 27329 4 27339 19 27378 14 27417 2 27514 15 27540 5 27597 17 27634 14 27674 1 27770 14 27794 8 27854 17 27881 1 27890 14 28027 12 28048 11 28110 18 28134 4 28147 13 28182 4 28283 11 28303 12 28367 17 28389 6 28403 13 28438 1 28539 10 28558 13 28624 16 28644 7 28661 11 28754 1 28796 7 28812 15 28880 15 28898 10 28919 9 28993 2 29010 1 29052 7 29068 15 29137 14 29154 10 29176 8 29248 3 29270 2 29308 8 29323 16 29395 24 29433 7 29504 3 29526 2 29566 7 29579 15 29652 11 29664 11 29690 6 29822 8 29834 9 29846 4 29910 9 29922 8 29946 6 30056 1 30091 6 30167 8 30180 2 30203 5 30235 2 30311 4 30350 2 30424 8 30459 5 30492 1 30566 5 30606 1 30680 8 30715 5 30739 3 30822 1 30825 3 30935 10 30963 1 30971 5 31082 1 31191 12 31219 1 31228 4 31269 2 31446 17 31475 1 31484 4 31524 3 31701 22 31731 1 31740 4 31779 4 31957 23 31985 3 31996 4 32034 5 32214 23 32240 4 32251 5 32289 6 32471 29 32506 6 32545 7 32728 29 32761 7 32800 9 32984 40 33040 1 33056 13 33104 1 33241 39 33312 14 33484 2 33498 38 33569 13 33590 1 33739 3 33755 37 33826 12 33845 3 33995 3 34012 36 34066 1 34084 10 34101 2 34269 35 34322 1 34341 7 34357 2 34526 34 34578 1 34597 7 34614 1 34788 28 34839 3 34853 5 34859 1 35009 2 35045 27 35093 6 35109 5 35116 1 35264 6 35301 27 35334 3 35343 3 35349 6 35364 6 35372 5 35520 9 35558 26 35591 2 35598 4 35608 2 35620 6 35627 7 35776 9 35814 26 35848 1 35851 6 35876 5 35883 7 35898 5 35916 2 36033 9 36069 27 36106 8 36132 4 36140 6 36152 7 36172 4 36289 9 36328 9 36344 8 36362 8 36388 2 36399 3 36404 11 36428 4 36545 10 36585 5 36601 7 36619 7 36644 2 36655 3 36660 12 36684 4 36802 10 36840 6 36859 5 36876 5 36899 3 36910 4 36915 13 36940 4 37058 5 37066 3 37076 3 37095 7 37117 3 37154 5 37163 21 37315 4 37321 15 37351 8 37375 1 37410 29 37571 22 37607 9 37666 29 37828 21 37862 11 37912 1 37922 29 38084 21 38118 12 38167 4 38177 29 38341 20 38372 15 38416 26 38443 18 38598 18 38628 16 38671 27 38699 11 38854 18 38883 18 38926 28 38955 10 39111 15 39138 19 39182 38 39368 11 39394 20 39437 39 39619 15 39650 20 39693 39 39874 15 39906 20 39949 40 40038 3 40128 8 40138 6 40150 7 40163 19 40205 45 40294 2 40383 9 40397 2 40405 9 40420 19 40461 46 40637 12 40660 14 40679 2 40685 11 40708 3 40716 41 40759 5 40893 12 40916 15 40944 10 40963 48 41016 4 41150 9 41171 17 41202 10 41219 48 41406 9 41427 17 41458 12 41475 41 41517 6 41662 9 41683 18 41714 12 41731 41 41773 6 41918 8 41939 18 41970 12 41987 47 42175 7 42196 17 42224 14 42244 41 42287 2 42431 7 42453 17 42476 18 42501 40 42710 16 42731 19 42758 38 42966 16 42985 20 43019 32 43222 37 43276 30 43433 2 43478 37 43533 29 43687 5 43734 38 43788 31 43942 7 43990 39 44044 38 44148 2 44198 8 44245 40 44300 39 44402 6 44454 9 44501 41 44556 39 44658 6 44710 11 44730 7 44758 41 44812 40 44861 4 44914 6 44966 28 45014 42 45068 41 45114 7 45170 6 45223 27 45270 42 45325 41 45369 7 45426 5 45479 26 45526 42 45581 27 45612 12 45625 3 45683 3 45735 26 45782 41 45837 26 45871 13 45992 25 46037 42 46094 25 46128 12 46248 25 46292 43 46350 25 46385 11 46505 24 46547 44 46606 24 46641 10 46762 23 46803 43 46862 24 46898 6 47018 22 47059 43 47118 23 47144 3 47154 5 47274 18 47315 44 47375 22 47399 5 47410 1 47530 17 47572 44 47636 25 47708 3 47786 16 47828 44 47893 7 47901 17 47964 4 48042 16 48084 44 48149 2 48153 3 48157 18 48220 3 48249 5 48256 1 48297 17 48340 44 48405 2 48409 11 48423 8 48442 1 48448 1 48505 9 48553 17 48596 44 48661 14 48679 8 48696 2 48704 2 48722 4 48761 9 48808 18 48853 43 48916 15 48935 9 48951 3 48959 4 48978 7 49017 9 49064 19 49109 27 49138 14 49172 28 49208 5 49215 4 49234 8 49258 5 49274 7 49320 18 49366 25 49394 14 49428 28 49463 12 49489 9 49514 6 49531 4 49576 18 49622 25 49651 13 49685 30 49717 14 49744 10 49770 6 49834 15 49879 24 49908 12 49942 46 49999 11 50027 5 50092 13 50136 23 50164 12 50203 41 50254 13 50284 3 50352 8 50393 22 50420 12 50461 40 50508 14 50608 7 50650 21 50674 13 50726 3 50732 24 50764 11 50866 3 50907 21 50930 12 50982 2 50991 21 51019 12 51164 33 51235 6 51248 19 51274 14 51421 31 51477 4 51491 8 51504 18 51528 16 51569 2 51677 30 51717 5 51730 7 51744 11 51760 16 51783 17 51810 7 51825 2 51934 29 51966 2 51972 7 51985 7 51999 13 52016 15 52039 18 52065 10 52082 1 52150 7 52191 27 52221 3 52227 7 52240 8 52255 11 52272 12 52295 18 52321 11 52340 1 52405 9 52448 24 52477 3 52483 7 52496 6 52510 11 52529 8 52551 18 52576 12 52596 2 52662 8 52706 8 52716 8 52733 3 52738 7 52752 6 52766 10 52785 8 52806 20 52831 13 52852 4 52922 3 52962 7 52973 6 52989 3 52993 8 53007 6 53022 10 53041 8 53062 20 53086 15 53108 5 53219 6 53229 6 53244 4 53249 8 53263 6 53277 10 53297 10 53315 23 53341 15 53364 6 53407 3 53475 6 53485 5 53501 3 53505 9 53519 6 53532 11 53554 11 53570 23 53597 14 53620 6 53655 1 53662 5 53731 5 53741 5 53757 3 53761 9 53775 6 53787 11 53810 12 53825 24 53853 13 53875 7 53909 5 53918 5 53988 4 53997 4 54013 3 54018 18 54043 10 54066 39 54109 11 54131 7 54164 7 54174 5 54245 1 54254 3 54269 3 54275 17 54298 11 54322 38 54364 10 54386 8 54419 18 54512 16 54532 16 54554 10 54578 38 54620 8 54642 8 54675 19 54768 16 54794 9 54809 11 54835 47 54897 9 54931 19 55023 17 55051 8 55065 11 55091 45 55152 9 55187 20 55278 18 55307 8 55321 10 55347 45 55408 9 55432 4 55443 20 55532 20 55576 11 55603 44 55664 8 55688 5 55700 19 55785 23 55826 17 55858 44 55920 8 55944 5 55958 17 56040 24 56082 16 56114 42 56176 7 56199 6 56214 16 56295 25 56337 16 56370 43 56430 8 56455 5 56469 14 56551 25 56592 15 56625 45 56686 7 56711 5 56723 13 56807 25 56848 14 56881 51 56942 7 56967 5 56979 14 57064 24 57104 9 57137 52 57197 8 57223 5 57234 7 57244 5 57320 24 57361 7 57393 53 57453 8 57479 5 57490 5 57501 5 57513 1 57578 22 57617 6 57649 54 57709 8 57735 4 57745 5 57758 5 57768 4 57835 21 57863 2 57905 53 57965 7 58001 4 58014 6 58092 20 58118 4 58161 53 58222 5 58257 1 58271 5 58349 19 58374 5 58418 52 58477 7 58487 4 58529 1 58605 19 58630 6 58678 48 58733 15 58778 1 58861 19 58886 6 58936 46 58983 21 59030 6 59117 10 59128 8 59142 6 59193 68 59286 7 59372 11 59386 6 59398 6 59451 67 59542 8 59627 12 59641 7 59655 4 59709 5 59717 58 59798 8 59821 3 59883 11 59897 7 59912 3 59974 46 60021 3 60025 7 60054 8 60077 3 60139 11 60152 8 60168 4 60190 1 60230 28 60259 17 60282 6 60300 3 60310 8 60333 3 60394 11 60408 8 60488 46 60538 6 60556 4 60566 7 60590 1 60650 5 60656 16 60749 41 60794 7 60812 8 60823 5 60836 2 60907 3 60913 15 61007 40 61049 8 61068 8 61088 7 61170 14 61264 49 61324 8 61344 8 61426 14 61521 37 61561 8 61580 8 61600 8 61681 14 61778 36 61817 8 61837 7 61852 2 61857 6 61901 1 61935 15 62035 34 62074 7 62093 7 62108 1 62116 2 62156 3 62191 15 62292 32 62330 7 62345 11 62361 4 62412 4 62446 11 62549 30 62590 3 62602 2 62606 1 62610 1 62617 3 62644 5 62667 5 62702 11 62806 28 62866 1 62900 5 62923 5 62957 11 63062 18 63082 7 63155 5 63179 6 63212 14 63320 16 63358 1 63411 4 63434 7 63468 15 63575 4 63582 8 63689 8 63723 17 63746 9 63831 3 63840 5 63944 9 63979 18 64001 11 64087 4 64200 9 64235 18 64256 13 64343 4 64395 9 64457 9 64491 18 64512 14 64598 6 64651 10 64714 8 64747 18 64768 15 64854 6 64907 10 64971 7 65003 18 65024 16 65110 6 65162 11 65207 2 65230 4 65259 18 65280 16 65308 2 65365 7 65418 12 65462 5 65515 18
544420,0 94 96 1 113 237 355 3 369 237 611 5 620 242 863 64673
548413,0 65536
562305, 
563581,0 9 33 20 80 16 102 7 116 7 130 14 178 7 194 10 207 5 226 8 241 5 256 11 286 22 336 15 358 7 372 7 387 12 434 7 450 9 463 3 482 8 498 2 512 12 534 3 541 20 593 14 614 6 628 6 643 11 689 8 705 10 738 4 768 14 786 4 792 25 848 9 870 6 884 6 900 9 944 9 954 1 962 11 994 4 1011 1 1024 46 1104 9 1126 6 1141 6 1156 9 1172 2 1196 17 1218 12 1244 2 1248 6 1280 46 1359 11 1382 6 1398 6 1413 8 1426 7 1449 22 1472 14 1498 3 1504 6 1513 1 1536 46 1598 1 1610 1 1615 12 1638 7 1654 6 1669 8 1681 9 1704 22 1729 13 1755 1 1760 6 1792 17 1811 27 1851 4 1861 23 1897 3 1902 1 1912 4 1917 2 1925 8 1937 9 1958 23 1986 14 2013 1 2017 3 2048 46 2106 36 2153 3 2158 1 2169 6 2181 7 2192 11 2210 16 2231 5 2243 13 2304 46 2360 38 2409 3 2416 1 2427 3 2437 4 2448 12 2464 17 2488 4 2499 13 2560 27 2589 17 2615 39 2666 2 2671 2 2684 1 2703 13 2720 17 2756 12 2816 26 2846 16 2867 41 2923 7 2958 14 2975 18 3014 8 3073 25 3102 61 3180 7 3213 14 3230 19 3272 5 3329 2 3334 20 3358 61 3437 6 3468 14 3485 13 3503 3 3573 2 3590 20 3614 61 3696 3 3723 14 3740 14 3760 3 3815 2 3829 3 3845 21 3869 45 3915 16 3979 13 3997 13 4016 3 4071 3 4085 3 4101 21 4125 45 4171 17 4235 13 4253 13 4273 2 4328 3 4357 22 4381 10 4394 50 4492 11 4506 16 4528 2 4585 3 4611 24 4637 8 4651 50 4748 10 4762 15 4785 1 4866 25 4893 8 4910 47 4997 1 5004 10 5015 15 5063 2 5121 26 5149 8 5167 30 5203 10 5232 4 5239 3 5252 4 5261 24 5316 7 5377 23 5405 9 5424 26 5466 1 5488 5 5494 6 5508 3 5520 20 5554 1 5571 9 5632 24 5661 11 5681 23 5739 3 5743 7 5751 5 5763 4 5780 15 5807 6 5825 11 5888 24 5917 12 5938 23 5992 4 5999 6 6008 5 6036 14 6062 8 6080 13 6144 24 6172 14 6194 24 6248 4 6256 3 6266 4 6273 2 6291 15 6317 9 6335 14 6363 1 6366 2 6400 24 6429 13 6449 30 6504 3 6524 1 6546 17 6571 11 6590 15 6619 1 6656 24 6685 13 6704 32 6760 2 6788 1 6802 17 6826 12 6846 15 6875 2 6897 3 6912 24 6941 13 6960 33 7057 18 7082 12 7101 24 7131 1 7153 3 7169 3 7174 3 7184 8 7197 14 7216 33 7313 18 7335 1 7337 13 7356 25 7409 3 7428 5 7440 7 7453 14 7473 24 7501 4 7569 18 7590 16 7612 25 7666 2 7684 6 7696 7 7709 15 7729 23 7825 19 7846 17 7868 24 7923 1 7940 6 7952 7 7964 17 7984 23 8074 1 8082 36 8124 25 8192 1 8197 5 8208 7 8220 18 8240 23 8280 3 8329 2 8338 30 8372 2 8380 26 8448 2 8453 5 8464 6 8476 43 8536 3 8583 2 8594 27 8636 25 8704 3 8711 3 8719 7 8732 43 8792 3 8839 2 8844 1 8850 26 8893 24 8957 1 8960 3 8975 7 8987 42 9048 4 9095 7 9105 26 9150 22 9191 3 9211 4 9216 3 9230 8 9243 42 9292 1 9305 3 9351 34 9408 20 9446 5 9466 9 9480 2 9485 9 9499 36 9538 3 9545 7 9562 2 9608 6 9616 24 9664 20 9704 3 9721 6 9728 22 9755 36 9795 16 9818 2 9864 2 9873 22 9921 19 9960 4 9977 6 9984 10 9995 11 10011 39 10051 17 10076 1 10132 19 10177 19 10216 4 10235 4 10240 9 10251 10 10267 58 10389 18 10434 18 10472 4 10492 2 10496 9 10507 10 10523 59 10645 18 10690 18 10728 4 10752 8 10764 9 10778 60 10850 5 10902 16 10947 18 10984 8 11008 8 11019 10 11035 60 11098 1 11106 6 11159 16 11203 17 11239 11 11264 8 11275 9 11291 64 11362 7 11406 2 11410 2 11415 16 11458 18 11494 13 11520 9 11533 6 11547 65 11617 8 11662 6 11671 16 11715 15 11750 13 11776 9 11790 4 11802 67 11873 8 11917 7 11929 14 11972 12 12006 13 12032 10 12057 69 12130 7 12173 6 12186 13 12225 15 12249 1 12260 16 12288 10 12311 71 12387 5 12414 1 12424 2 12429 5 12448 3 12472 2 12481 15 12505 1 12516 16 12544 10 12566 73 12644 1 12679 3 12685 5 12727 3 12739 12 12760 3 12771 17 12800 10 12821 75 12933 5 12941 4 12967 2 12976 2 12983 3 12996 11 13016 9 13026 17 13056 11 13076 79 13188 7 13197 4 13233 1 13239 1 13253 9 13275 23 13312 11 13331 30 13363 48 13444 7 13454 2 13489 4 13494 1 13510 7 13532 21 13568 12 13586 29 13620 48 13699 6 13706 2 13709 3 13722 4 13744 5 13770 2 13788 20 13824 15 13841 25 13876 51 13954 6 13962 7 13975 8 14000 5 14037 1 14045 10 14080 42 14132 53 14210 6 14218 7 14230 9 14300 10 14319 1 14336 42 14389 54 14448 2 14466 6 14473 23 14532 6 14556 9 14575 1 14596 38 14645 9 14657 23 14681 18 14704 2 14722 6 14729 22 14777 3 14786 7 14812 9 14831 1 14854 36 14903 6 14914 22 14937 18 14961 2 14977 7 14985 21 15033 3 15042 6 15068 8 15110 37 15159 5 15170 41 15218 1 15232 30 15267 3 15289 3 15297 7 15324 7 15367 36 15427 39 15474 1 15488 29 15522 4 15544 5 15550 10 15581 4 15623 37 15682 39 15738 2 15746 26 15778 4 15799 9 15837 3 15879 42 15937 39 15991 6 16003 24 16034 3 16054 10 16093 1 16135 42 16193 40 16246 8 16259 23 16311 9 16392 16 16409 26 16444 8 16454 1 16457 34 16501 9 16515 22 16557 1 16559 3 16567 9 16646 17 16671 20 16700 7 16713 35 16756 11 16772 21 16814 3 16824 8 16901 3 16909 9 16927 20 16955 7 16969 35 17012 12 17028 19 17048 2 17070 2 17080 8 17157 2 17166 5 17184 6 17196 6 17212 7 17223 7 17231 29 17266 16 17284 22 17314 2 17338 5 17423 2 17441 4 17468 7 17477 9 17487 30 17522 40 17564 2 17570 2 17596 2 17668 1 17698 2 17733 9 17745 27 17778 20 17799 24 17852 2 17923 3 17989 9 18002 26 18034 19 18055 26 18108 2 18177 6 18219 3 18245 9 18261 21 18288 48 18364 2 18432 8 18443 4 18472 7 18501 10 18521 3 18525 13 18543 47 18613 5 18620 4 18659 3 18688 8 18699 4 18724 1 18727 7 18757 10 18780 13 18797 46 18868 2 18875 6 18944 8 18957 1 18980 9 19013 12 19036 6 19043 5 19051 47 19123 3 19130 8 19144 3 19200 8 19235 5 19270 12 19292 2 19306 34 19341 13 19378 16 19399 4 19456 8 19491 4 19532 7 19561 31 19598 13 19633 18 19654 5 19712 7 19746 5 19789 6 19802 3 19816 15 19833 14 19854 13 19888 19 19911 5 19968 7 20002 5 20046 4 20058 3 20072 14 20091 4 20098 4 20110 13 20144 18 20168 5 20224 7 20259 3 20302 6 20314 3 20327 13 20366 13 20399 16 20426 4 20480 7 20516 2 20534 6 20558 7 20569 3 20583 12 20621 15 20655 13 20683 4 20736 8 20789 9 20814 7 20826 2 20839 11 20878 13 20913 5 20939 6 20992 11 21044 11 21068 9 21095 11 21111 5 21135 12 21196 5 21248 13 21299 12 21324 9 21351 11 21367 6 21392 11 21426 1 21453 3 21504 13 21555 13 21581 8 21607 12 21623 7 21648 12 21681 3 21760 14 21790 1 21811 13 21837 9 21864 14 21884 3 21889 4 21904 11 21937 4 22017 14 22043 5 22065 15 22093 10 22124 10 22141 9 22160 11 22192 5 22273 15 22298 5 22316 6 22323 12 22349 10 22380 10 22400 6 22418 8 22448 5 22529 22 22554 5 22571 6 22580 11 22605 9 22636 8 22659 3 22675 7 22702 4 22708 1 22785 22 22809 7 22827 7 22837 8 22860 11 22894 6 22916 3 22933 4 22954 3 22974 3 23040 23 23065 7 23083 8 23094 6 23115 5 23122 5 23150 2 23154 1 23172 3 23190 2 23207 7 23230 4 23296 33 23339 8 23350 1 23366 8 23379 6 23428 4 23463 8 23486 4 23552 37 23593 9 23606 1 23617 12 23636 7 23684 8 23719 8 23743 2 23808 24 23834 10 23848 10 23873 12 23893 6 23909 6 23940 8 23976 7 23998 4 24064 22 24091 8 24102 12 24129 12 24150 4 24163 10 24196 8 24232 6 24249 10 24320 35 24358 11 24386 11 24408 1 24419 11 24455 5 24491 3 24503 12 24576 18 24597 13 24614 2 24617 6 24642 11 24675 12 24714 2 24748 2 24757 1 24759 13 24832 17 24852 14 24869 2 24899 10 24931 12 25004 2 25014 18 25088 17 25107 15 25125 2 25155 12 25189 9 25261 1 25270 20 25344 17 25363 15 25382 1 25411 13 25426 1 25445 9 25517 1 25526 20 25600 16 25619 16 25667 18 25702 8 25717 3 25742 3 25772 3 25781 21 25821 4 25856 12 25875 18 25922 19 25961 4 25973 3 25997 4 26028 3 26040 18 26077 4 26112 9 26132 18 26178 19 26206 1 26228 4 26253 3 26283 5 26296 20 26332 6 26368 8 26388 27 26424 1 26435 15 26462 2 26482 5 26509 3 26539 6 26553 19 26590 4 26624 7 26643 28 26677 5 26692 13 26718 3 26737 6 26765 3 26795 8 26810 17 26846 4 26863 1 26880 5 26899 28 26932 7 26949 11 26974 3 26991 9 27051 9 27063 21 27102 5 27136 4 27155 28 27187 8 27206 10 27232 1 27240 16 27307 33 27358 5 27392 3 27411 25 27443 8 27462 10 27496 17 27564 32 27613 5 27648 2 27667 23 27698 9 27718 4 27725 2 27750 19 27821 31 27869 4 27904 1 27923 23 27950 13 28006 20 28077 32 28124 5 28179 24 28205 14 28262 21 28333 33 28380 5 28416 1 28434 40 28518 21 28589 33 28636 5 28672 2 28690 40 28775 11 28788 7 28845 32 28892 6 28900 7 28928 2 28945 41 29031 11 29044 8 29100 8 29110 24 29148 16 29184 2 29199 42 29289 9 29299 9 29356 6 29368 22 29404 16 29440 2 29454 46 29544 19 29611 7 29625 20 29660 16 29693 1 29696 1 29709 50 29774 1 29800 17 29867 6 29881 19 29912 3 29917 14 29949 2 29952 2 29964 52 30022 1 30031 2 30059 11 30124 5 30137 12 30150 5 30167 20 30204 6 30219 54 30276 4 30287 2 30316 9 30333 6 30381 5 30393 10 30408 2 30422 21 30449 1 30459 7 30475 62 30543 2 30573 7 30590 7 30638 4 30650 9 30677 22 30705 3 30715 7 30731 43 30779 15 30798 3 30832 1 30846 7 30895 3 30906 8 30933 21 30961 3 30971 7 30987 43 31035 16 31054 4 31105 3 31152 2 31162 8 31188 22 31217 4 31227 8 31243 42 31295 12 31311 3 31362 1 31409 3 31420 6 31443 23 31473 4 31483 9 31499 41 31552 12 31565 5 31666 2 31676 7 31699 22 31729 5 31738 20 31759 37 31809 17 31828 3 31933 6 31958 19 31985 5 31994 18 32016 38 32065 17 32083 6 32189 4 32217 17 32241 5 32249 19 32272 40 32322 16 32339 6 32445 4 32459 4 32473 17 32497 5 32505 19 32529 40 32579 7 32591 3 32595 7 32703 1 32715 5 32727 19 32753 5 32760 20 32785 40 32836 1 32848 10 32972 4 32980 22 33010 5 33016 20 33041 40 33104 1 33107 7 33237 22 33266 5 33272 7 33280 12 33297 40 33364 5 33494 22 33521 6 33528 7 33536 13 33552 41 33627 3 33750 23 33774 76 33882 5 33987 1 34006 100 34126 1 34138 5 34263 98 34379 4 34396 4 34418 2 34501 1 34521 38 34560 58 34635 4 34652 6 34781 33 34816 60 34891 4 34907 9 35039 30 35072 61 35142 1 35148 3 35154 1 35162 10 35194 2 35295 29 35328 62 35395 5 35404 3 35410 2 35417 11 35449 4 35552 13 35566 14 35584 14 35599 48 35650 7 35660 4 35665 4 35671 12 35706 3 35808 27 35840 12 35856 47 35905 8 35915 24 35949 4 36064 27 36096 13 36114 81 36206 5 36320 26 36352 13 36371 80 36463 5 36576 26 36608 14 36627 43 36673 34 36721 2 36832 26 36864 15 36883 9 36893 33 36931 32 37089 25 37120 16 37138 9 37150 32 37188 31 37345 25 37376 16 37395 7 37408 30 37446 30 37601 25 37632 16 37650 7 37663 31 37702 30 37858 24 37888 16 37905 7 37919 31 37958 31 38114 25 38144 23 38175 32 38214 15 38234 12 38371 24 38397 1 38400 22 38431 32 38470 14 38491 12 38627 23 38652 26 38687 31 38727 12 38748 12 38883 23 38909 25 38942 32 38984 11 39004 17 39139 21 39168 22 39196 34 39241 10 39259 18 39393 22 39424 24 39449 36 39498 36 39540 4 39649 21 39680 60 39755 35 39794 6 39904 5 39910 16 39936 59 40012 34 40049 7 40160 5 40168 15 40192 59 40268 33 40304 8 40417 3 40425 13 40448 58 40527 30 40560 8 40673 3 40682 12 40704 57 40785 3 40789 24 40816 7 40893 1 40896 1 40939 9 40960 56 41030 4 41042 1 41045 22 41072 7 41150 5 41195 5 41216 56 41285 5 41301 21 41328 7 41406 6 41472 30 41503 25 41540 6 41557 6 41570 4 41575 3 41584 6 41662 6 41728 25 41759 3 41769 3 41776 7 41796 5 41813 6 41827 3 41840 6 41919 4 41984 25 42015 6 42025 2 42052 5 42069 6 42084 1 42096 7 42197 1 42240 25 42269 8 42281 1 42308 4 42324 8 42352 7 42452 3 42496 38 42537 1 42579 10 42608 7 42707 5 42752 42 42834 12 42863 7 42966 4 42976 4 43008 42 43090 12 43104 1 43118 7 43222 5 43230 6 43264 42 43345 20 43374 7 43478 7 43510 3 43520 42 43564 1 43600 20 43630 7 43734 6 43764 5 43776 20 43797 21 43825 3 43855 21 43887 6 43991 4 44016 9 44032 18 44054 19 44080 7 44108 24 44134 3 44145 4 44247 3 44273 7 44288 17 44310 8 44325 3 44335 10 44364 23 44390 4 44503 3 44528 8 44544 19 44564 9 44589 14 44620 23 44647 4 44760 2 44784 8 44801 28 44846 14 44877 22 44904 3 45016 2 45039 9 45057 29 45105 2 45109 8 45122 3 45133 22 45160 4 45261 5 45272 2 45295 8 45313 29 45365 7 45378 4 45389 21 45417 3 45517 5 45528 2 45550 9 45568 29 45621 6 45634 6 45644 22 45674 2 45775 3 45783 1 45786 3 45807 7 45824 28 45859 2 45877 6 45890 21 45913 8 46038 2 46042 4 46063 7 46080 15 46097 8 46115 2 46134 4 46147 20 46170 6 46294 3 46298 3 46320 5 46336 14 46354 6 46372 1 46376 2 46390 4 46404 18 46428 3 46551 6 46577 3 46592 13 46609 7 46632 3 46660 17 46807 5 46848 2 46856 5 46868 3 46889 2 46917 13 47063 5 47114 4 47173 11 47319 5 47373 2 47429 10 47576 4 47629 2 47685 8 47722 1 47833 4 47886 1 47941 6 47978 1 48090 3 48140 4 48197 5 48384 1 48392 1 48395 6 48438 1 48455 2 48571 3 48629 1 48640 4 48651 6 48705 4 48721 6 48828 2 48885 2 48896 2 48899 1 48911 2 48961 4 48975 11 49058 4 49070 4 49084 2 49140 3 49218 2 49230 13 49312 6 49322 9 49341 1 49395 2 49474 2 49485 15 49568 6 49578 10 49649 3 49729 4 49742 14 49826 2 49835 9 49985 4 49998 15 50091 9 50183 5 50240 2 50256 12 50285 2 50349 4 50354 1 50431 1 50438 6 50496 1 50518 5 50541 2 50686 2 50693 7 50798 1 50942 2 50949 6 51046 3 51199 1 51205 6 51302 3 51455 1 51461 6 51711 1 51716 7 51800 4 51967 1 51973 3 52054 9 52202 4 52223 1 52309 10 52330 1 52458 3 52477 3 52564 12 52586 1 52715 1 52733 3 52819 13 52989 3 53074 15 53245 3 53330 14 53503 1 53586 13 53688 3 53799 4 53842 13 53944 5 54054 7 54098 12 54200 5 54259 1 54310 8 54354 11 54456 5 54566 10 54610 11 54630 1 54712 5 54767 1 54822 11 54864 14 54883 5 54969 4 55022 2 55078 11 55118 26 55226 3 55278 2 55332 14 55374 26 55482 4 55531 1 55587 15 55629 23 55653 2 55738 4 55785 4 55843 16 55885 19 55995 3 56006 3 56041 4 56099 16 56141 19 56251 3 56261 5 56296 5 56354 17 56397 18 56516 6 56551 6 56610 16 56654 17 56772 6 56807 7 56868 14 56899 4 56910 18 56940 2 57027 7 57049 4 57063 12 57124 14 57143 18 57167 17 57196 3 57283 7 57304 6 57319 15 57382 11 57399 19 57423 17 57453 2 57538 9 57560 6 57576 15 57639 8 57655 19 57679 17 57710 2 57793 10 57816 6 57832 16 57874 3 57898 2 57911 19 57933 19 57966 1 58048 11 58073 5 58089 15 58128 5 58168 18 58189 19 58213 3 58304 11 58329 5 58345 16 58425 17 58443 21 58468 9 58560 11 58586 3 58604 13 58682 52 58816 11 58843 1 58861 13 58938 9 58954 36 59072 10 59119 11 59143 3 59195 6 59210 36 59329 4 59377 8 59397 5 59466 37 59621 1 59634 7 59651 6 59685 5 59722 37 59877 3 59891 6 59907 7 59939 7 59978 36 60135 1 60152 2 60163 8 60193 10 60234 36 60408 3 60419 8 60449 9 60459 2 60490 37 60663 5 60675 7 60704 9 60715 4 60747 32 60782 2 60919 6 60930 7 60946 1 60960 15 61003 30 61037 2 61174 8 61186 6 61201 4 61216 16 61258 29 61292 3 61430 10 61442 6 61456 5 61472 17 61511 28 61685 10 61699 4 61712 5 61728 18 61752 4 61757 37 61822 3 61925 1 61940 11 61969 3 61986 17 62007 42 62078 2 62195 11 62243 32 62277 27 62320 4 62333 2 62450 12 62500 30 62533 27 62575 5 62590 1 62705 13 62741 1 62756 30 62787 28 62820 2 62830 7 62961 13 62996 2 63011 60 63078 1 63086 7 63218 12 63252 1 63264 5 63272 54 63334 1 63342 7 63474 12 63508 2 63520 4 63529 8 63545 37 63598 6 63665 2 63731 11 63764 4 63775 5 63786 6 63805 17 63825 2 63829 9 63855 5 63919 5 63973 3 63989 9 64020 4 64031 5 64043 4 64056 3 64062 16 64079 5 64089 4 64111 4 64175 4 64229 3 64245 8 64260 1 64276 6 64288 4 64300 3 64311 4 64318 16 64335 5 64345 3 64368 3 64431 3 64474 6 64485 4 64502 6 64515 3 64533 5 64547 2 64567 27 64601 4 64729 7 64741 3 64757 8 64770 5 64790 4 64803 2 64822 28 64858 3 64933 3 64954 4 64985 8 64999 1 65013 8 65027 5 65046 5 65059 4 65077 31 65113 5 65174 1 65188 4 65209 5 65241 7 65255 1 65269 8 65283 6 65303 5 65315 5 65333 31 65369 6 65384 1 65428 4 65442 7 65464 6 65497 7 65511 1 65526 6
563999,0 14 22 8 79 13 125 42 186 3 204 35 240 31 276 11 335 16 380 44 443 2 462 33 498 30 529 15 592 17 636 45 718 33 755 46 848 18 874 4 880 3 891 47 940 2 975 82 1105 18 1129 13 1144 55 1231 82 1363 17 1383 71 1487 82 1619 90 1743 41 1787 38 1874 88 2000 40 2045 36 2129 89 2257 38 2303 34 2385 89 2504 4 2513 38 2560 31 2640 90 2758 8 2769 36 2816 30 2896 92 3012 47 3072 29 3151 96 3251 1 3267 48 3328 28 3375 2 3407 96 3507 4 3522 50 3584 27 3629 5 3663 90 3764 4 3777 52 3840 27 3884 7 3918 90 4020 4 4032 53 4096 27 4139 9 4167 5 4173 91 4276 3 4287 54 4352 27 4388 17 4423 98 4542 56 4608 27 4643 19 4679 100 4789 1 4796 59 4864 55 4935 179 5120 55 5192 179 5376 55 5450 178 5632 54 5709 175 5888 54 5965 174 6144 53 6222 170 6400 52 6477 170 6656 51 6733 170 6912 51 6989 170 7168 51 7245 170 7424 51 7502 169 7680 52 7758 169 7936 52 8014 169 8192 53 8259 2 8269 170 8448 53 8514 5 8525 171 8704 53 8770 6 8778 174 8960 54 9026 182 9216 54 9281 183 9472 54 9537 184 9728 54 9793 183 9984 54 10049 183 10240 54 10305 183 10496 54 10561 182 10752 54 10818 181 11008 53 11074 180 11264 53 11329 181 11520 52 11584 181 11776 52 11839 182 12032 52 12095 181 12288 51 12351 181 12544 52 12606 182 12800 52 12860 183 13056 53 13116 182 13312 53 13372 181 13568 54 13627 181 13824 229 14080 228 14336 228 14592 228 14848 227 15104 227 15360 226 15616 225 15872 221 16128 220 16383 220 16639 219 16896 218 17152 219 17408 219 17664 219 17920 219 18176 219 18426 225 18681 227 18937 227 19192 228 19449 227 19705 228 19962 227 20219 225 20477 223 20735 221 20991 220 21247 220 21493 1 21502 221 21749 6 21757 221 22003 231 22259 230 22514 230 22770 230 23026 230 23281 231 23537 231 23793 231 24049 231 24305 233 24561 235 24817 236 25073 237 25328 240 25584 241 25839 243 26094 245 26349 247 26604 248 26860 247 27116 247 27372 246 27629 240 27887 235 28145 233 28401 233 28658 233 28914 233 29170 233 29426 238 29682 241 29939 241 30195 242 30452 242 30708 243 30965 243 31222 243 31480 242 31737 241 31995 240 32254 237 32512 235 32768 236 33024 176 33201 60 33280 171 33457 60 33536 170 33713 60 33792 169 33969 61 34048 168 34224 63 34304 167 34480 63 34560 166 34737 16 34756 45 34803 1 34816 164 34996 13 35012 50 35072 162 35254 10 35268 52 35328 158 35510 10 35524 217 35767 8 35780 215 36025 6 36036 215 36283 1 36293 214 36549 215 36805 216 37048 1 37061 218 37305 1 37316 222 37562 3 37571 225 37817 5 37826 227 38072 8 38082 228 38327 208 38537 34 38582 208 38793 35 38836 210 39048 37 39091 211 39303 39 39346 210 39559 4211 43776 248 44032 241 44276 4 44288 240 44532 5 44544 239 44788 8 44800 239 45043 11 45056 239 45296 9989 55286 1178 56465 254 56723 243 56980 241 57236 241 57486 247 57736 4 57742 2584 60328 253 60586 251 60842 252 61098 252 61354 4182
565798,170 7 426 6 680 6 935 7 1192 5 1449 3 1606 1 1864 1 1867 5 2035 3 2121 8 2291 3 2304 3 2377 9 2398 8 2547 3 2560 4 2634 8 2655 8 2802 4 2816 5 2891 6 2912 8 2985 6 3057 5 3072 6 3149 3 3169 7 3240 8 3313 4 3328 9 3343 1 3364 6 3426 6 3496 9 3569 3 3584 11 3597 4 3617 9 3683 4 3717 2 3723 2 3752 8 3840 18 3869 14 3973 2 3980 1 4009 6 4096 19 4124 15 4184 1 4229 3 4267 4 4352 19 4380 15 4439 2 4488 1 4523 6 4608 19 4636 14 4695 2 4779 6 4864 19 4894 11 4952 1 5035 7 5120 19 5154 5 5291 7 5376 19 5548 7 5632 19 5798 1 5805 7 5888 18 6062 7 6144 17 6319 6 6407 7 6578 2 7202 1 7457 3 7714 1 11311 1 12332 3 12587 4 12842 6 13068 1 13099 5 13323 2 13357 2 15877 5 16132 6 16388 7 16402 4 16644 8 16657 4 16904 5 16911 6 17160 3 17167 6 17423 6 17679 6 17935 5 18193 2 18271 3 18524 8 18779 10 19034 12 19282 2 19289 13 19537 5 19543 15 19792 23 20048 24 20303 27 20559 28 20814 31 21070 33 21325 35 21580 36 21835 38 22090 40 22136 3 22345 52 22600 54 22856 55 23111 57 23366 58 23621 59 23876 61 24132 61 24387 63 24643 63 24886 2 24898 65 25140 4 25153 67 25396 4 25408 69 25652 3 25664 70 25919 74 26173 77 26427 82 26682 84 26937 85 27193 80 27276 2 27448 80 27532 1 27703 71 27775 8 27958 71 28033 6 28213 21 28235 50 28290 4 28467 23 28491 50 28547 3 28706 4 28722 19 28743 3 28747 51 28803 4 28960 6 28977 25 29003 51 29060 3 29215 8 29232 77 29316 3 29470 9 29486 79 29572 3 29714 4 29726 9 29740 81 29830 1 29982 9 29996 31 30031 46 30237 9 30254 26 30282 1 30291 41 30492 8 30508 28 30538 1 30549 39 30741 2 30747 6 30762 29 30806 8 30817 26 30996 4 31003 4 31017 31 31049 2 31061 9 31075 23 31250 6 31259 3 31272 35 31317 9 31335 17 31506 6 31527 37 31572 9 31590 17 31762 6 31782 39 31828 8 31846 16 32017 6 32038 20 32059 19 32084 8 32102 16 32272 6 32290 23 32316 19 32340 8 32358 16 32529 4 32544 24 32579 12 32596 8 32615 14 32799 23 32837 11 32852 6 32871 12 33052 25 33093 11 33108 6 33128 10 33306 26 33350 9 33364 5 33372 1 33384 9 33561 27 33589 4 33607 8 33619 6 33640 6 33792 5 33815 36 33864 6 33875 8 33886 4 33896 5 34048 5 34069 38 34121 5 34131 5 34142 5 34152 2 34304 6 34311 2 34323 40 34379 4 34388 2 34398 5 34408 2 34560 9 34577 42 34636 3 34644 2 34654 5 34664 1 34816 9 34832 43 34893 4 34902 1 34910 2 34913 2 35072 8 35085 46 35150 3 35156 2 35170 1 35328 7 35340 46 35406 4 35411 3 35584 7 35594 44 35662 1 35668 2 35840 53 36096 53 36196 1 36200 1 36352 41 36397 8 36451 8 36608 41 36654 5 36707 8 36864 40 36965 4 37120 39 37222 3 37376 39 37480 1 37632 39 37888 40 38144 40 38400 39 38656 39 38912 38 39168 36 39424 34 39680 33 39936 32 40192 31 40448 29 40704 21 40728 1 40964 16 41220 14 41476 6 41484 5 44288 1 44544 2 44800 2 45056 2 45312 2 45568 2 45824 1 46080 1 47068 4 47323 5 47578 7 47833 8 48088 13 48338 3 48342 2 48346 11 48593 7 48603 10 48849 7 48860 9 48928 3 49105 7 49116 9 49182 5 49362 8 49372 9 49438 6 49618 9 49628 13 49694 6 49875 5 49884 14 49950 7 50140 14 50205 8 50396 14 50460 10 50482 2 50653 13 50714 12 50736 2 50912 2 50916 3 50969 15 50991 3 51004 3 51173 3 51178 6 51225 16 51252 1 51428 13 51482 16 51507 3 51684 16 51737 18 51940 17 51958 2 51993 19 52196 20 52250 18 52451 22 52481 4 52507 17 52708 22 52736 5 52764 16 52964 22 52992 6 53022 13 53221 22 53248 6 53278 12 53478 22 53504 8 53535 10 53734 23 53760 8 53791 9 53989 25 54016 9 54047 8 54238 4 54245 26 54272 10 54304 6 54492 35 54528 11 54561 3 54733 2 54748 35 54784 12 54989 3 55002 37 55040 13 55244 5 55258 51 55499 6 55510 41 55552 15 55754 8 55764 43 55808 15 56011 52 56064 16 56267 52 56320 16 56524 68 56780 68 57037 67 57293 67 57548 70 57804 70 58060 70 58316 84 58572 85 58828 13 58842 71 59085 12 59099 1 59104 65 59341 12 59361 64 59597 13 59617 65 59854 5 59860 6 59874 29 59904 34 60113 1 60117 1 60120 2 60134 24 60160 34 60376 2 60392 2 60396 18 60416 33 60646 4 60653 17 60672 30 60703 1 60900 6 60910 15 60928 30 61138 6 61154 9 61167 14 61184 30 61394 6 61410 9 61425 12 61440 29 61650 7 61665 12 61685 9 61696 29 61906 7 61920 14 61947 3 61952 29 62160 9 62176 14 62208 29 62416 9 62429 1 62434 13 62464 29 62674 8 62689 14 62720 30 62936 5 62945 13 62976 31 63191 3 63196 2 63201 13 63232 33 63447 3 63452 2 63458 12 63488 32 63714 11 63744 32 63970 10 64000 32 64226 10 64256 31 64482 10 64512 32 64741 6 64768 33 64999 2 65024 35 65280 36 65395 9
566885,148 108 401 111 655 113 903 121 1155 125 1408 128 1661 131 1915 133 2170 134 2425 135 2681 135 2937 135 3193 135 3448 136 3695 6 3703 137 3949 147 4198 1 4204 148 4453 155 4706 158 4960 160 5199 7 5207 4 5213 163 5452 180 5706 182 5960 184 6214 186 6469 187 6723 189 6978 190 7232 192 7487 193 7729 6 7743 193 7985 6 7998 194 8241 7 8254 194 8497 7 8509 195 8754 6 8765 195 9011 4 9022 194 9278 194 9532 196 9787 197 10026 3 10041 199 10281 4 10295 201 10537 4 10550 202 10793 5 10803 205 11048 216 11303 217 11557 219 11811 221 12066 222 12320 224 12575 225 12830 226 13085 227 13334 234 13589 235 13836 5 13843 237 14082 1 14088 37410 51499 513 52013 1285 53299 253 53557 250 53813 249 54068 244 54313 2 54317 3 54323 244 54573 5 54579 245 54829 4 54839 3 54843 237 55086 2 55096 1 55099 239 55356 241 55613 11 55627 224 55873 6 55883 224 56129 5 56139 220 56385 2 56394 219 56641 2 56650 219 56898 1 56907 217 57163 219 57420 219 57676 218 57932 218 58174 4 58188 217 58430 4 58444 216 58685 5 58700 216 58941 5 58950 1 58956 216 59196 6 59205 3 59211 218 59452 5 59461 3 59466 220 59708 3 59717 226 59970 1 59974 226 60225 2 60231 5 60237 220 60481 4 60488 227 60736 5 60745 228 60992 1 60995 3 61002 227 61248 1 61252 4 61259 226 61504 1 61508 2 61511 230 61748 1 61764 1 61767 232 62026 229 62282 231 62541 229 62797 230 63053 230 63309 230 63565 229 63800 3 63822 229 64053 7 64077 241 64332 242 64588 242 64845 246 65100 248 65355 181
567096,0 65536
567220, 
567636,0 5 256 6 512 7 768 8 1024 10 1120 1 1280 12 1374 3 1539 11 1629 6 1796 11 1885 6 2054 8 2141 6 2311 6 2397 6 2567 5 2654 5 2824 3 2845 3 2911 5 3100 5 3168 4 3355 10 3425 3 3499 8 3611 10 3682 2 3754 10 3867 7 3875 3 3927 2 3938 2 4009 10 4120 10 4176 3 4182 4 4194 1 4264 11 4376 11 4432 4 4437 6 4520 11 4630 13 4687 12 4776 10 4885 13 4943 12 5032 10 5052 1 5140 14 5199 12 5288 10 5306 4 5395 14 5455 11 5544 11 5561 5 5651 14 5711 9 5728 5 5800 11 5817 5 5906 15 5968 7 5984 6 6056 10 6073 5 6162 15 6225 6 6240 6 6310 12 6330 3 6419 14 6482 3 6497 6 6565 2 6570 7 6676 13 6753 6 6821 2 6827 5 6934 11 7010 4 7193 8 7449 8 7706 7 7961 6 7974 3 8003 3 8192 1 8217 5 8229 4 8258 5 8473 5 8485 4 8512 7 8728 6 8739 6 8767 10 8983 7 8994 7 9023 11 9239 9 9250 6 9279 12 9488 3 9494 11 9507 4 9535 12 9743 18 9792 11 9999 19 10019 2 10048 12 10255 22 10303 13 10510 22 10559 11 10767 21 10814 9 11023 20 11070 7 11279 20 11325 5 11535 20 11581 4 11792 19 11837 4 12032 1 12048 20 12094 1 12288 1 12306 18 12544 1 12565 15 12822 14 12869 3 13078 14 13124 4 13334 13 13380 4 13590 13 13636 3 13846 13 14103 10 14360 8 15200 1 15455 2 15616 4 15710 11 15872 4 15950 3 15966 12 16128 4 16206 3 16222 13 16384 3 16462 3 16478 13 16640 2 16720 1 16738 9 16996 7 17253 7 17510 6 17768 3 18026 1 20810 1 21064 6 21320 6 21576 6 21833 4 22612 3 23092 2 23348 1 23602 1 23857 3 24112 4 24367 5 24620 7 24875 8 25130 8 25386 8 25600 1 25642 8 25856 1 25899 8 26112 2 26155 8 26368 2 26412 7 26565 3 26624 3 26668 8 26820 5 26880 3 26924 8 27076 5 27136 3 27157 2 27180 8 27331 6 27392 1 27412 5 27436 8 27588 4 27668 5 27691 9 27827 4 27924 5 27946 10 28082 6 28180 5 28201 11 28337 7 28416 1 28436 4 28457 9 28593 7 28672 2 28713 7 28849 8 28868 3 28928 2 28971 3 29108 6 29122 5 29184 2 29366 5 29374 9 29440 1 29623 16 29880 14 30136 14 30393 13 30649 12 30906 9 31162 8 31418 7 31674 7 31930 7 32186 7 32443 6 32731 3 32987 5 33243 5 33499 5 33756 4 35301 1 35499 1 35547 12 35702 1 35755 2 35802 13 35954 2 35958 2 36011 3 36057 15 36210 2 36214 1 36267 3 36312 15 36466 2 36567 16 36722 2 36823 15 37080 14 37336 10 37488 2 37498 1 37593 8 37744 2 37752 8 37851 4 38000 1 38007 12 38263 14 38459 5 38519 15 38673 3 38713 9 38775 16 38928 5 38968 11 39031 17 39083 2 39184 7 39224 12 39287 18 39338 5 39439 9 39479 13 39544 17 39593 7 39695 10 39735 13 39801 16 39848 8 39951 10 39991 13 40060 13 40104 8 40185 1 40208 9 40247 13 40318 11 40360 8 40441 2 40464 9 40503 13 40562 3 40575 10 40617 7 40696 4 40720 9 40760 11 40818 4 40832 9 40873 7 40924 4 40952 4 40976 8 41017 9 41038 1 41076 2 41088 9 41129 7 41179 6 41209 2 41233 6 41279 2 41292 5 41345 7 41370 1 41385 6 41434 9 41469 3 41547 10 41603 4 41624 4 41641 5 41690 14 41724 4 41802 12 41846 1 41880 4 41898 3 41947 6 41955 6 41980 4 42052 2 42057 14 42102 2 42135 6 42189 6 42213 4 42235 5 42257 3 42307 5 42313 14 42357 3 42391 6 42444 8 42470 3 42491 5 42513 4 42562 21 42613 3 42646 6 42699 9 42726 2 42750 2 42769 4 42818 21 42870 2 42902 6 42955 9 43026 4 43075 18 43158 5 43211 9 43282 5 43331 5 43337 8 43414 5 43467 10 43538 5 43588 3 43593 8 43669 6 43724 9 43794 8 43846 11 43917 2 43926 5 43981 8 44048 11 44102 10 44174 2 44182 5 44238 6 44304 12 44358 9 44430 3 44438 5 44495 5 44559 13 44614 8 44675 3 44685 4 44695 3 44752 5 44768 3 44814 15 44870 8 44929 6 44940 4 45009 4 45022 6 45069 16 45126 8 45184 15 45265 5 45277 7 45325 16 45382 8 45437 17 45521 6 45532 8 45581 16 45618 8 45638 7 45692 17 45777 7 45788 8 45838 14 45873 10 45895 6 45948 16 46033 7 46045 7 46069 1 46094 13 46129 10 46205 14 46290 6 46301 9 46350 1 46356 7 46385 11 46463 11 46548 3 46557 10 46605 3 46612 7 46641 11 46697 10 46724 3 46815 9 46860 5 46867 9 46897 12 46950 13 47072 8 47116 17 47154 12 47205 15 47329 6 47371 19 47410 12 47461 15 47587 3 47626 21 47666 13 47716 16 47881 22 47923 12 47972 15 48089 2 48136 24 48172 3 48180 10 48228 2 48231 8 48240 1 48345 3 48391 25 48426 6 48487 6 48601 3 48647 25 48681 8 48744 4 48859 1 48903 26 48937 8 48999 4 49115 1 49159 26 49193 8 49243 2 49254 5 49370 3 49416 25 49449 9 49497 7 49508 7 49521 2 49626 3 49672 26 49703 11 49752 20 49775 4 49880 6 49928 27 49958 14 50007 15 50023 5 50030 5 50135 7 50184 45 50263 14 50281 10 50391 7 50432 3 50439 47 50519 13 50538 8 50576 3 50647 7 50688 5 50695 48 50748 3 50776 12 50794 5 50832 4 50904 5 50944 6 50951 49 51003 5 51033 10 51050 3 51088 5 51200 64 51290 9 51306 1 51344 6 51456 66 51548 8 51600 6 51712 44 51759 20 51806 6 51815 4 51857 4 51968 43 52015 21 52063 11 52114 2 52125 5 52224 44 52271 21 52320 10 52381 11 52480 46 52527 22 52577 5 52637 12 52736 47 52784 21 52890 15 52992 47 53040 21 53142 20 53248 46 53295 21 53396 12 53412 5 53504 46 53551 21 53650 14 53669 4 53760 7 53769 59 53906 14 53926 2 53938 4 54016 5 54026 58 54162 15 54193 6 54272 2 54275 1 54283 34 54319 20 54418 16 54448 8 54539 34 54575 20 54674 17 54704 8 54796 31 54831 6 54845 4 54930 16 54959 9 55052 30 55087 6 55187 15 55209 1 55214 11 55309 29 55342 6 55443 14 55465 16 55554 2 55565 30 55599 4 55698 15 55720 17 55823 29 55954 14 55976 17 56082 13 56098 10 56209 15 56232 18 56339 10 56353 11 56465 16 56488 18 56583 3 56595 8 56609 10 56645 4 56720 17 56745 17 56839 3 56853 5 56864 11 56900 7 56976 17 57003 15 57095 2 57102 5 57110 3 57119 12 57156 8 57174 1 57231 18 57260 13 57356 15 57376 11 57412 8 57430 1 57487 18 57516 14 57612 17 57633 10 57668 7 57685 3 57743 17 57771 15 57801 2 57868 16 57891 8 57928 3 57941 2 58000 16 58027 15 58056 3 58124 16 58148 6 58189 3 58233 4 58258 14 58278 2 58283 15 58312 4 58382 1 58384 11 58404 5 58446 3 58487 5 58516 12 58533 2 58540 13 58566 6 58643 7 58661 4 58702 3 58742 6 58772 11 58790 1 58796 13 58820 8 58901 4 58918 2 58997 7 59005 2 59029 10 59052 13 59076 8 59159 1 59253 10 59287 8 59309 12 59332 8 59509 7 59517 3 59544 6 59566 10 59587 9 59765 6 59774 3 59802 3 59823 8 59843 9 59988 1 60022 3 60031 2 60099 8 60152 2 60243 4 60288 1 60356 6 60407 6 60457 2 60499 5 60544 1 60612 3 60664 6 60711 4 60755 5 60920 6 60966 5 61011 6 61177 5 61201 3 61221 6 61267 6 61390 4 61434 4 61457 3 61477 6 61523 7 61644 6 61691 1 61712 5 61734 5 61779 7 61898 8 61968 5 61990 5 62035 8 62152 8 62224 5 62247 2 62291 8 62407 9 62480 4 62542 12 62662 9 62718 2 62736 4 62797 13 62917 9 62973 3 62992 3 63052 13 63174 8 63228 4 63307 14 63430 9 63484 4 63562 13 63653 4 63687 7 63740 4 63816 13 63908 6 63944 6 63996 4 64071 14 64162 9 64251 5 64318 4 64327 11 64414 13 64507 5 64583 11 64668 15 64767 1 64839 11 64911 29 65012 2 65023 2 65095 10 65166 29 65267 4 65280 2 65351 9 65420 30 65522 6
570211,0 65536
578073,937 5 1193 5 1259 1 1448 6 1499 3 1582 1 1704 7 1754 5 1835 5 1961 5 2010 6 2090 7 2217 5 2265 7 2346 7 2472 7 2521 7 2601 8 2728 7 2777 6 2857 9 2984 7 3031 7 3113 10 3241 6 3286 7 3369 10 3499 3 3542 6 3625 10 3798 5 3881 10 4054 4 4138 8 4394 6 4651 3 4832 4 4857 1 5086 6 5109 5 5340 9 5364 6 5593 11 5620 6 5809 2 5849 11 5876 6 6063 5 6105 11 6132 6 6319 6 6361 10 6391 2 6575 7 6606 4 6617 9 6831 7 6862 4 6873 8 6953 4 7086 8 7119 3 7134 3 7207 6 7342 8 7463 6 7598 7 7653 1 7719 5 7854 6 7908 2 8110 6 8161 5 8365 6 8386 1 8418 3 8622 5 8878 4 9134 4 9512 3 9767 7 9906 1 10023 8 10161 5 10279 8 10417 5 10536 7 10719 1 10793 6 10975 3 11050 3 11231 3 13769 1 13984 5 14024 3 14240 6 14279 4 14495 7 14535 4 14751 5 14772 2 14791 4 15028 3 15047 4 15284 3 15540 2 19776 1 20029 6 20278 3 20283 9 20293 2 20533 20 20789 21 21045 21 21293 6 21301 4 21308 14 21547 10 21565 13 21803 13 21821 13 22059 15 22077 13 22316 15 22334 12 22575 12 22591 10 22833 10 22847 9 23089 10 23105 6 23346 8 23361 6 23604 5 23618 4 33142 1 33396 6 33652 6 33662 3 33907 9 33917 5 34163 16 34419 16 34676 15 34932 15 35193 11 35450 2 35455 5 35700 1 35706 3 35711 5 35955 4 35961 5 35967 4 36211 16 36467 13 36723 13 36980 12 37236 12 37492 11 37748 10 38004 8 38259 9 38515 10 38771 10 38859 9 39027 11 39114 11 39283 11 39369 13 39539 11 39624 16 39795 10 39879 18 40051 8 40134 20 40307 7 40390 20 40563 6 40647 20 40820 3 40903 21 41159 21 41414 22 41670 21 41924 23 42178 24 42434 24 42689 25 42945 16 42962 7 43112 4 43200 17 43367 6 43457 16 43623 7 43714 16 43774 2 43878 8 43972 14 44023 9 44133 9 44229 14 44275 10 44387 11 44487 13 44531 9 44642 11 44743 13 44787 8 44898 11 44999 13 45044 7 45153 12 45255 13 45300 7 45409 11 45511 13 45556 6 45664 11 45767 13 45812 6 45920 10 46023 13 46068 6 46175 10 46279 13 46324 5 46431 10 46535 13 46580 4 46687 8 46791 13 46836 3 46924 3 46943 7 47047 13 47179 5 47200 6 47303 13 47345 1 47434 6 47456 6 47560 12 47585 3 47689 7 47712 5 47816 11 47840 4 47944 8 47969 4 48072 10 48095 5 48103 3 48199 9 48226 1 48328 8 48350 6 48358 4 48456 7 48585 6 48608 4 48614 4 48713 6 48841 6 48855 1 48870 4 48970 4 49098 4 49110 4 49126 3 49354 5 49367 3 49611 4 49623 2 49867 5 50030 1 50123 5 50286 1 50379 4 50636 2 52431 7 52685 9 52939 11 53195 11 53451 11 53547 5 53707 10 53802 8 53963 10 54057 10 54219 9 54313 10 54475 8 54569 10 54651 2 54695 11 54732 7 54825 10 54905 6 54950 13 54990 5 55081 11 55160 8 55205 15 55248 3 55337 10 55415 10 55460 16 55593 10 55670 11 55703 6 55716 18 55850 8 55926 11 55958 7 55970 6 55980 12 56106 8 56183 9 56213 9 56225 5 56237 12 56361 8 56439 8 56469 17 56500 5 56616 9 56697 4 56724 17 56758 4 56864 1 56871 9 56980 16 57120 3 57125 11 57236 16 57295 1 57377 13 57491 16 57550 3 57634 11 57747 16 57806 4 57891 9 58003 15 58062 3 58148 7 58259 15 58346 3 58514 15 58602 4 58770 8 58781 3 58857 5 59026 8 59115 3 59282 8 59371 4 59539 8 59629 1 59795 13 60052 12 60310 10 60566 2 60572 3 60653 2 60822 2 60909 3 61077 5 61165 3 61332 6 61861 2 62352 1 62607 2 62862 3 63119 2 63317 5 63572 6 63828 7 64084 8 64292 5 64339 9 64546 8 64594 11 64767 1 64800 11 64848 15 65022 2 65056 12 65104 16 65278 2 65312 13 65360 16 65534 2
580255,46 14 66 87 302 14 323 85 558 14 579 84 813 15 835 84 1069 15 1091 29 1123 52 1325 15 1348 28 1379 53 1582 13 1604 28 1635 54 1838 13 1863 25 1891 57 2095 11 2120 87 2351 10 2376 88 2607 9 2632 89 2863 8 2887 90 3119 7 3142 91 3336 3 3376 5 3398 80 3483 6 3590 6 3634 1 3653 81 3740 4 3845 8 3910 80 3997 2 4100 9 4166 80 4356 9 4422 6 4429 73 4612 9 4686 72 4764 1 4788 7 4869 8 4942 74 5018 3 5043 9 5126 5 5199 78 5298 12 5456 81 5553 16 5714 80 5809 22 5978 71 6064 24 6236 50 6288 17 6320 25 6492 50 6544 18 6575 26 6748 70 6830 27 7002 72 7078 35 7253 77 7332 37 7507 78 7588 38 7680 1 7762 78 7844 39 7936 3 8017 78 8099 40 8192 4 8264 3 8273 77 8355 41 8448 4 8518 7 8528 71 8610 43 8704 4 8772 83 8866 44 8960 4 9026 86 9122 45 9216 5 9281 82 9365 5 9378 46 9472 5 9538 80 9621 6 9634 46 9728 5 9794 79 9878 3 9882 4 9890 47 9984 5 10050 77 10140 3 10149 45 10240 5 10305 77 10397 1 10406 44 10495 6 10558 77 10662 45 10751 6 10814 73 10918 45 11007 6 11069 73 11168 2 11174 45 11264 5 11325 73 11424 3 11430 44 11520 5 11581 73 11680 49 11776 5 11836 74 11936 49 12031 7 12091 75 12192 50 12285 9 12346 76 12448 51 12540 9 12602 75 12704 51 12795 10 12857 76 12960 52 13050 10 13113 76 13217 51 13306 6 13369 76 13474 50 13562 6 13625 76 13730 50 13818 6 13881 75 13987 50 14074 6 14137 75 14243 51 14329 7 14393 75 14499 53 14585 7 14649 75 14755 53 14841 7 14905 76 15011 54 15097 7 15162 75 15262 59 15353 7 15418 75 15517 60 15609 7 15675 74 15772 61 15865 7 15932 73 16027 62 16121 7 16189 72 16282 62 16377 7 16446 71 16538 62 16634 6 16703 70 16794 61 16891 5 16959 70 17050 60 17147 5 17216 68 17307 4 17313 53 17402 6 17472 68 17569 38 17608 12 17657 7 17665 2 17729 66 17826 35 17864 14 17912 12 17985 64 18083 33 18120 15 18167 14 18242 60 18340 32 18375 16 18423 15 18498 60 18597 3 18603 25 18631 17 18679 15 18748 4 18755 5 18761 54 18861 23 18887 17 18935 15 19002 8 19020 52 19120 20 19143 17 19191 14 19258 9 19279 49 19380 16 19399 17 19448 12 19514 10 19537 47 19637 15 19655 17 19704 11 19771 9 19791 48 19895 12 19912 14 19960 8 20028 4 20034 8 20043 47 20156 6 20169 11 20217 7 20290 54 20353 4 20413 5 20473 7 20546 54 20608 6 20671 2 20729 7 20802 54 20864 7 20985 7 21058 54 21119 9 21240 8 21314 53 21376 7 21395 5 21497 7 21570 45 21618 3 21632 7 21644 13 21753 7 21825 47 21889 5 21898 16 22010 6 22079 49 22146 3 22153 18 22268 4 22333 51 22407 21 22525 3 22588 54 22662 23 22783 1 22843 56 22917 25 23076 3 23093 63 23172 26 23331 4 23348 65 23427 27 23587 5 23603 66 23682 28 23842 4 23859 67 23938 28 23968 6 24098 3 24114 68 24194 37 24370 69 24450 37 24625 71 24706 37 24879 74 24962 36 25134 76 25218 36 25390 119 25646 118 25902 118 26158 117 26414 117 26668 118 26922 120 27177 121 27433 120 27688 121 27943 121 28199 121 28455 112 28571 4 28711 111 28966 112 29222 112 29478 113 29735 114 29991 115 30247 116 30426 8 30504 115 30680 10 30760 115 30935 12 30957 1 31017 69 31090 41 31191 12 31274 68 31347 39 31446 13 31531 67 31604 38 31702 14 31788 66 31861 5 31868 29 31958 14 32045 65 32125 28 32214 15 32302 64 32381 28 32470 16 32559 62 32637 27 32726 16 32817 51 32869 7 32894 26 32982 16 33074 48 33125 6 33150 25 33238 16 33331 47 33380 6 33406 23 33493 17 33588 54 33662 21 33748 18 33844 53 33918 19 34004 17 34099 54 34175 16 34259 18 34355 55 34431 10 34514 18 34611 55 34687 9 34770 17 34867 54 34943 8 35026 17 35045 5 35123 50 35199 7 35282 16 35301 5 35380 48 35456 5 35538 16 35556 7 35636 47 35713 2 35796 14 35813 5 35893 45 36056 10 36071 1 36152 42 36313 9 36412 4 36419 30 36569 9 36677 28 36825 8 36933 27 37081 8 37190 4 37197 18 37337 7 37446 3 37455 16 37594 5 37713 13 37851 3 37970 11 38230 5 38734 3 38989 5 39245 5 39501 5 39758 4 40014 3 43520 6 43776 8 44032 9 44288 9 44544 9 44800 9 45057 7
580290,0 4 243 5 252 8 499 6 508 8 755 6 765 3 769 3 779 2 1010 6 1022 2 1028 1 1033 5 1266 5 1279 1 1282 11 1521 6 1536 13 1552 1 1777 5 1792 1 1796 6 1807 4 2032 7 2048 1 2053 4 2063 4 2288 7 2303 2 2310 1 2321 1 2335 2 2544 7 2558 3 2589 4 2794 2 2800 7 2814 2 2844 5 3048 4 3056 7 3070 2 3100 5 3303 5 3312 7 3327 1 3334 1 3357 3 3385 2 3466 1 3559 5 3567 8 3582 2 3589 3 3640 3 3711 1 3814 7 3822 12 3844 3 3897 2 3966 4 4071 19 4099 4 4120 1 4222 7 4328 17 4354 4 4375 3 4477 8 4584 17 4610 4 4631 3 4724 1 4734 6 4841 17 4867 2 4887 3 4991 4 5097 18 5142 3 5247 3 5353 18 5398 2 5504 1 5610 17 5629 1 5866 17 5884 2 6122 20 6378 22 6634 21 6683 2 6887 1 6890 21 7143 1 7147 21 7192 2 7404 20 7448 2 7660 20 7704 1 7774 3 7795 2 7917 1 7920 16 8051 3 8177 15 8304 2 8307 3 8434 14 8560 3 8568 2 8690 14 8816 3 8824 4 8946 14 9072 3 9080 5 9201 15 9328 3 9336 6 9442 2 9456 16 9584 2 9597 2 9697 5 9712 16 9854 1 9953 5 9967 17 10209 5 10223 17 10368 1 10479 17 10735 17 10991 17 11248 16 11505 15 11761 15 12018 14 12272 16 12300 1 12527 17 12555 3 12784 16 12810 5 13041 15 13067 4 13298 14 13323 4 13554 14 13581 2 13808 16 14057 4 14064 16 14094 1 14182 2 14313 23 14340 2 14349 3 14438 2 14569 23 14596 3 14605 4 14826 22 14853 2 14861 4 15083 21 15109 2 15118 1 15339 21 15365 3 15596 20 15620 3 15852 20 15875 4 16108 20 16131 3 16364 20 16492 1 16619 21 16748 1 16875 21 17004 1 17131 21 17390 18 17648 16 17903 17 18022 1 18159 17 18415 17 18556 1 18639 1 18672 16 18812 1 18895 1 18928 16 19067 2 19151 1 19184 16 19323 2 19407 1 19441 15 19579 2 19698 14 19954 14 20211 13 20467 13 20660 2 20677 5 20723 13 20916 2 20932 6 20979 13 21036 1 21158 3 21188 6 21236 12 21413 5 21444 5 21492 12 21668 6 21699 3 21748 12 21924 5 21955 3 22005 11 22180 5 22211 3 22261 11 22436 3 22467 2 22517 11 22722 2 22774 10 22959 3 23031 9 23214 4 23290 6 23470 4 23547 5 23726 4 23804 4 23983 2 23990 2 24061 2 24244 5 24500 6 24757 5 25013 4 25268 4 25525 3 25781 3 26035 6 26291 7 26547 7 26802 8 27058 7 27315 5 27480 1 27736 2 28325 1 30316 1 30572 1 30828 3 32340 1 32596 1 32852 1 32872 1 33128 1 33896 1 35431 2 35686 3 35912 3 35942 2 35956 1 36168 3 36702 1 36957 2 37200 1 37212 4 37224 1 37455 2 37468 4 37479 3 37724 4 37735 3 37985 3 37991 4 38240 11 38495 11 38508 1 38513 4 38732 1 38751 11 38763 11 38986 3 39006 24 39242 3 39261 25 39497 5 39517 9 39528 15 39754 6 39763 3 39773 9 39785 14 40010 17 40029 9 40041 14 40266 18 40285 9 40297 15 40313 2 40520 8 40529 42 40775 9 40785 41 41030 10 41041 39 41285 11 41299 36 41541 11 41555 36 41798 10 41810 37 42055 9 42065 37 42312 45 42569 43 42825 44 43081 44 43336 45 43592 44 43847 45 44102 48 44358 49 44614 48 44870 47 45131 41 45388 2 45391 36 45644 38 45899 7 45907 30 46155 7 46163 29 46411 36 46668 34 46924 34 47181 32 47437 7 47445 15 47462 7 47694 21 47718 7 47951 19 47974 2 47977 4 48207 5 48213 15 48229 3 48233 3 48464 2 48473 14 48490 1 48720 2 48732 5 48976 2 49230 3 49486 3 49744 1 64256 1 64512 1 64768 1 65024 1 65281 2
584567,0 9 36 6 70 1 89 12 221 5 247 24 291 6 326 2 345 12 477 5 504 24 544 9 582 3 601 12 735 2 761 23 799 10 837 4 848 1 857 13 1017 27 1055 12 1094 3 1103 5 1113 13 1272 28 1312 11 1352 1 1358 7 1369 13 1527 29 1568 11 1613 9 1625 12 1782 30 1825 11 1852 6 1867 13 1885 8 2037 9 2048 20 2081 9 2107 13 2121 15 2143 6 2270 2 2292 8 2304 19 2336 10 2360 33 2399 5 2526 3 2547 8 2560 17 2592 9 2616 33 2656 4 2783 9 2803 7 2816 14 2851 5 2871 34 2912 4 3039 9 3059 6 3072 14 3108 4 3127 34 3169 2 3295 10 3315 5 3328 14 3360 4 3365 3 3383 35 3426 1 3550 11 3584 15 3615 9 3638 37 3682 1 3804 14 3840 16 3870 11 3894 38 4059 7 4069 5 4096 18 4126 13 4149 15 4165 13 4181 7 4251 3 4315 6 4326 5 4352 20 4382 14 4404 15 4422 11 4436 8 4506 6 4516 4 4571 5 4581 6 4607 26 4639 13 4659 16 4681 7 4692 8 4761 15 4827 5 4837 6 4860 28 4898 10 4914 16 4939 3 4948 9 5017 15 5085 2 5093 7 5111 1 5115 28 5155 9 5169 17 5195 3 5204 8 5272 17 5349 8 5365 4 5370 27 5412 8 5424 17 5449 5 5461 7 5527 18 5605 9 5619 33 5668 8 5679 18 5704 7 5718 6 5783 19 5861 10 5874 20 5901 4 5925 27 5960 7 5971 9 6038 20 6118 7 6130 20 6181 26 6217 6 6226 10 6293 21 6374 6 6386 11 6398 8 6437 25 6473 20 6545 25 6573 4 6631 3 6641 12 6654 7 6694 24 6730 19 6801 32 6897 12 6910 7 6951 4 6959 14 6986 19 7045 3 7057 32 7152 13 7168 4 7215 14 7243 18 7299 6 7313 32 7408 14 7424 3 7472 12 7499 19 7552 9 7568 33 7665 14 7680 1 7728 12 7755 21 7806 12 7824 33 7901 4 7915 1 7922 14 7985 10 8012 21 8061 13 8079 34 8151 10 8178 14 8241 10 8268 22 8316 15 8335 34 8406 11 8435 13 8499 8 8523 24 8571 17 8591 35 8661 12 8691 13 8756 7 8778 25 8826 18 8847 35 8917 12 8947 13 9011 9 9034 25 9082 20 9104 33 9173 12 9204 12 9267 10 9289 26 9337 21 9362 5 9369 24 9428 13 9460 12 9522 11 9545 26 9593 21 9619 3 9626 22 9683 14 9717 11 9778 12 9794 3 9801 26 9849 21 9882 22 9938 14 9973 8 9983 1 10034 20 10057 9 10068 15 10097 28 10133 1 10137 23 10193 13 10229 6 10290 22 10313 8 10325 14 10353 27 10388 6 10396 19 10448 11 10547 30 10581 7 10608 27 10644 9 10658 13 10703 11 10735 1 10803 30 10835 9 10863 27 10900 9 10917 10 10959 11 10990 3 11060 3 11066 34 11118 26 11156 8 11173 9 11214 12 11246 3 11323 33 11374 22 11411 9 11429 8 11470 11 11503 1 11579 32 11629 24 11668 10 11685 4 11725 6 11732 3 11835 31 11885 25 11924 11 11939 1 11941 3 11981 6 11989 1 12090 32 12141 25 12180 11 12194 7 12237 6 12345 32 12394 28 12436 11 12450 7 12494 5 12601 32 12646 31 12692 11 12705 7 12750 6 12800 1 12857 31 12901 32 12948 20 13006 6 13037 1 13056 3 13108 2 13111 33 13157 33 13206 9 13216 6 13262 6 13293 2 13303 2 13312 4 13363 37 13413 34 13464 6 13474 3 13519 6 13549 3 13559 3 13568 4 13619 38 13669 35 13775 6 13807 3 13814 4 13824 5 13874 39 13926 24 13951 10 14031 6 14063 4 14068 6 14079 5 14130 39 14183 20 14207 10 14288 5 14320 10 14335 5 14386 39 14440 19 14463 11 14544 5 14577 8 14590 2 14642 40 14695 35 14799 6 14835 2 14839 4 14847 1 14898 40 14950 36 15013 5 15052 9 15095 6 15154 40 15204 38 15267 8 15306 12 15349 8 15411 16 15430 19 15459 40 15522 9 15561 14 15605 8 15668 14 15685 20 15714 43 15778 9 15816 16 15860 9 15926 12 15940 20 15969 45 16034 9 16071 17 16116 10 16184 31 16225 46 16291 7 16326 13 16372 10 16440 30 16476 1 16481 47 16548 4 16581 14 16629 9 16696 27 16731 3 16737 48 16835 15 16886 7 16952 26 16986 6 16993 51 17091 15 17143 5 17208 25 17243 60 17347 15 17364 5 17464 23 17499 61 17604 21 17720 21 17756 60 17860 22 17919 1 17977 18 18012 48 18061 12 18117 21 18174 2 18233 18 18268 47 18317 12 18374 21 18430 2 18490 4 18495 11 18524 46 18573 12 18630 23 18685 3 18753 6 18779 47 18830 10 18886 25 18941 3 19033 48 19086 9 19143 25 19197 3 19287 50 19342 9 19399 25 19452 4 19542 50 19599 7 19655 25 19708 4 19798 48 19856 6 19911 25 19963 5 20053 12 20069 30 20112 6 20166 25 20216 8 20309 11 20325 30 20369 5 20421 27 20463 17 20565 11 20581 29 20626 4 20676 29 20717 19 20821 11 20835 31 20882 4 20932 29 20971 21 21078 10 21090 31 21138 3 21188 29 21226 22 21308 2 21334 8 21345 32 21444 29 21481 23 21563 5 21590 7 21601 32 21700 28 21736 24 21819 6 21846 7 21857 32 21957 27 21991 25 22054 7 22075 6 22102 7 22112 33 22213 27 22246 26 22309 10 22333 2 22358 44 22420 4 22445 2 22469 19 22502 26 22564 12 22614 32 22648 10 22675 8 22700 4 22726 18 22758 26 22820 12 22870 31 22905 14 22930 11 22984 16 23014 26 23075 14 23128 22 23154 1 23161 16 23184 14 23243 13 23270 26 23331 13 23385 21 23418 15 23438 16 23501 11 23527 25 23588 12 23644 17 23674 16 23693 18 23763 5 23783 25 23849 6 23902 4 23907 9 23930 37 24040 24 24107 4 24166 4 24186 37 24298 17 24316 4 24363 5 24413 4 24444 26 24471 9 24555 16 24572 4 24619 5 24667 8 24701 23 24729 7 24801 4 24812 15 24828 4 24875 5 24923 9 24959 20 24986 5 25055 7 25070 11 25084 4 25133 3 25178 11 25220 14 25243 4 25309 10 25329 6 25340 4 25376 5 25391 3 25400 4 25435 10 25477 13 25509 1 25563 12 25585 5 25596 4 25630 8 25647 4 25654 7 25691 10 25733 13 25763 5 25816 16 25838 3 25852 4 25886 8 25903 5 25909 9 25947 9 25990 16 26019 7 26061 5 26071 17 26093 5 26109 3 26142 9 26159 22 26204 8 26247 20 26275 9 26315 9 26326 18 26349 5 26365 3 26398 9 26415 23 26460 8 26504 20 26531 9 26570 10 26582 18 26607 1 26621 3 26654 10 26670 25 26716 7 26761 20 26787 10 26826 10 26838 19 26876 4 26910 11 26925 26 26973 5 27018 20 27043 10 27081 11 27094 19 27132 4 27166 41 27230 3 27274 20 27299 10 27337 10 27350 19 27388 4 27422 41 27511 5 27534 16 27554 11 27592 11 27606 20 27643 5 27678 41 27765 9 27793 13 27810 11 27848 11 27860 23 27899 5 27934 41 28021 10 28050 11 28065 12 28104 35 28155 5 28189 42 28270 1 28276 12 28307 9 28320 12 28360 36 28411 5 28445 43 28523 5 28532 12 28564 9 28575 12 28617 34 28667 5 28701 45 28778 7 28787 13 28820 21 28873 34 28923 5 28959 44 29034 8 29043 14 29078 18 29129 34 29179 5 29217 43 29291 22 29335 14 29385 34 29435 5 29473 43 29550 19 29590 14 29641 35 29693 2 29730 42 29808 17 29846 14 29897 36 29985 42 30063 19 30101 15 30154 10 30168 21 30240 42 30318 20 30356 20 30425 20 30495 43 30574 20 30611 22 30673 3 30682 19 30751 42 30829 21 30867 22 30928 6 30939 1 30945 12 31007 27 31037 12 31084 22 31123 22 31183 9 31201 12 31264 20 31296 9 31338 24 31379 23 31408 3 31438 11 31458 11 31520 19 31553 7 31594 24 31626 4 31635 33 31694 12 31715 9 31776 18 31810 6 31849 39 31892 33 31932 5 31949 13 31973 7 32032 17 32066 6 32105 40 32149 33 32187 7 32203 15 32229 3 32287 16 32323 4 32361 40 32405 33 32443 9 32458 16 32481 6 32543 15 32580 1 32617 40 32661 33 32698 10 32713 31 32799 14 32873 40 32917 34 32954 10 32969 32 33055 14 33129 41 33172 35 33211 7 33225 33 33312 13 33384 78 33481 33 33568 13 33640 78 33723 2 33736 35 33825 11 33895 69 33967 7 33978 4 33992 36 34081 11 34151 67 34224 6 34233 5 34246 38 34338 9 34407 66 34480 4 34488 6 34501 39 34594 8 34663 66 34735 5 34744 6 34756 40 34851 6 34919 69 34989 6 35000 5 35010 42 35108 3 35175 76 35257 2 35266 42 35431 76 35521 42 35687 76 35776 42 35940 74 36016 3 36030 41 36194 76 36272 3 36284 39 36324 3 36449 77 36528 2 36539 40 36580 3 36705 81 36794 45 36961 81 37049 45 37217 81 37304 46 37473 82 37559 44 37729 82 37814 45 37986 129 38242 128 38498 127 38755 125 39012 9 39025 110 39281 109 39397 1 39537 67 39606 41 39652 6 39792 67 39863 40 39908 6 40040 4 40048 67 40119 31 40152 7 40165 7 40296 6 40303 68 40375 30 40408 7 40422 6 40551 74 40632 29 40664 7 40679 6 40807 74 40889 28 40920 7 40936 4 41064 73 41147 26 41176 7 41193 3 41320 72 41402 27 41432 5 41576 71 41650 3 41657 36 41831 72 41906 33 41940 8 42087 73 42162 31 42194 10 42342 110 42455 4 42598 110 42711 3 42838 3 42854 110 42966 4 43093 5 43110 73 43187 4 43192 2 43196 29 43251 1 43349 5 43367 72 43443 3 43453 28 43503 5 43605 5 43623 51 43677 7 43688 7 43700 2 43710 27 43758 6 43861 5 43879 50 43934 4 43944 8 43956 2 43966 27 44013 7 44100 3 44118 3 44136 48 44198 16 44224 24 44260 3 44269 6 44355 4 44392 48 44453 17 44480 24 44515 6 44524 6 44533 5 44611 4 44648 49 44708 19 44737 22 44770 14 44788 7 44868 2 44904 49 44963 21 44994 21 45025 14 45043 9 45158 51 45217 23 45251 19 45278 13 45298 10 45413 52 45471 25 45509 16 45530 17 45554 10 45669 14 45686 66 45766 14 45785 17 45810 11 45925 13 45944 65 46024 11 46040 17 46066 12 46181 13 46201 64 46282 7 46295 17 46322 14 46437 13 46457 63 46538 6 46550 17 46578 14 46693 14 46712 58 46774 1 46795 3 46805 18 46833 15 46949 15 46967 45 47014 12 47061 18 47089 15 47206 59 47270 12 47317 18 47345 15 47463 51 47516 4 47525 13 47574 17 47602 14 47723 46 47781 13 47810 2 47830 17 47858 14 47981 43 48036 14 48065 5 48086 17 48115 13 48237 44 48292 13 48322 5 48331 4 48342 17 48372 12 48465 3 48494 43 48548 13 48577 6 48586 6 48598 18 48629 11 48721 4 48751 42 48805 11 48833 7 48842 6 48854 18 48886 10 48977 4 49007 41 49061 10 49089 8 49098 7 49109 19 49143 9 49234 3 49263 41 49317 10 49344 18 49364 20 49401 5 49490 4 49520 40 49573 10 49600 18 49620 21 49659 1 49746 4 49776 39 49828 12 49856 16 49876 20 50002 5 50033 38 50084 13 50112 5 50120 7 50132 20 50258 5 50266 4 50290 37 50340 14 50368 4 50377 5 50389 19 50514 13 50548 34 50596 15 50625 3 50633 5 50646 18 50770 14 50805 33 50852 15 50888 5 50903 1 50908 12 51025 15 51062 32 51102 1 51109 14 51144 5 51165 11 51281 15 51318 33 51357 5 51365 14 51400 5 51421 9 51537 16 51574 33 51612 6 51620 15 51646 4 51655 6 51677 7 51793 15 51831 33 51868 23 51901 15 51934 4 52050 14 52087 33 52124 22 52157 14 52309 11 52343 34 52381 21 52413 13 52568 7 52599 34 52638 19 52668 14 52711 3 52825 2 52854 35 52899 12 52923 15 52966 4 53108 37 53157 6 53179 15 53222 4 53364 10 53377 24 53435 12 53479 3 53619 3 53626 1 53634 25 53692 9 53876 1 53890 27 53950 5 54146 28 54207 2 54221 4 54403 28 54477 5 54659 28 54733 4 54743 5 54916 27 54990 2 54998 6 55173 27 55231 3 55254 6 55430 30 55486 4 55508 8 55686 32 55742 5 55763 9 55943 32 55997 7 56018 11 56200 32 56251 36 56456 32 56505 38 56712 24 56739 3 56755 44 56968 23 57010 44 57224 23 57266 43 57480 24 57522 42 57736 24 57777 42 57991 26 58026 48 58247 27 58281 49 58503 27 58538 52 58759 28 58795 56 59015 28 59052 56 59271 28 59309 55 59527 28 59568 52 59784 27 59828 48 60041 26 60084 47 60298 25 60340 20 60365 8 60376 11 60555 25 60597 11 60622 5 60634 8 60812 24 60854 10 60892 5 61070 22 61111 8 61327 21 61368 6 61585 19 61842 19 62099 17 62355 17 62612 13 62868 5 63443 4 63697 8 63708 3 63800 1 63935 3 63952 17 64056 4 64137 2 64185 10 64208 17 64312 7 64392 3 64440 12 64464 17 64568 9 64649 2 64697 11 64720 17 64824 9 64953 11 64977 17 65081 8 65210 11 65235 15 65337 9 65412 4 65466 11 65495 11
596931,0 3 8 1 21 14 81 16 107 3 154 20 203 8 230 5 236 11 249 1 253 5 278 11 338 15 362 5 410 19 458 9 486 5 493 10 504 2 511 2 534 11 595 15 618 6 666 19 714 9 743 3 750 12 767 1 790 11 852 15 873 7 921 20 969 10 1007 17 1046 11 1109 15 1129 7 1176 21 1225 10 1263 17 1303 10 1364 16 1386 6 1432 22 1482 9 1519 17 1559 9 1619 17 1640 2 1643 6 1687 23 1738 10 1778 14 1815 3 1872 21 1895 12 1943 23 1996 9 2038 10 2071 3 2128 37 2199 23 2252 10 2296 8 2327 4 2387 10 2400 21 2456 21 2508 9 2533 3 2555 3 2583 4 2643 8 2657 20 2713 20 2764 9 2789 3 2840 4 2898 8 2914 19 2969 3 2977 11 3020 8 3045 3 3097 3 3154 8 3171 7 3183 6 3233 10 3276 8 3301 3 3355 6 3409 9 3428 3 3440 2 3486 13 3532 8 3555 5 3611 6 3664 10 3740 15 3788 8 3811 4 3867 6 3919 11 3995 16 4045 7 4065 5 4123 7 4174 12 4250 17 4280 7 4301 7 4321 5 4328 2 4379 7 4430 11 4476 1 4506 4 4514 10 4534 11 4557 7 4577 8 4636 6 4685 12 4732 1 4762 3 4770 11 4790 12 4813 7 4833 4 4838 2 4892 6 4941 12 5018 3 5026 12 5046 13 5069 7 5089 2 5149 8 5191 5 5197 12 5282 12 5302 15 5326 6 5407 8 5446 6 5455 10 5538 12 5558 16 5583 2 5663 10 5701 7 5713 8 5786 2 5794 12 5814 7 5825 6 5918 11 5956 10 5969 8 6039 6 6050 12 6069 9 6082 6 6174 12 6210 23 6294 7 6308 10 6325 10 6338 6 6430 12 6464 26 6549 7 6565 13 6581 11 6594 6 6687 11 6719 27 6805 7 6821 14 6836 11 6851 5 6943 10 6975 27 7061 6 7077 24 7166 2 7199 10 7231 28 7313 9 7334 21 7421 3 7455 10 7488 27 7568 12 7591 19 7676 4 7711 9 7744 26 7811 4 7824 13 7847 18 7931 5 7967 9 8000 26 8067 4 8080 15 8103 18 8187 5 8223 9 8257 25 8323 4 8336 41 8443 5 8479 10 8513 25 8579 4 8592 41 8699 5 8736 9 8769 24 8835 4 8848 42 8956 4 8996 5 9025 22 9092 2 9104 41 9253 4 9281 21 9360 41 9537 20 9606 1 9615 35 9652 6 9792 20 9862 3 9872 33 9908 6 9981 3 10048 19 10118 4 10130 30 10164 6 10235 5 10303 20 10374 5 10386 27 10420 5 10489 7 10559 20 10629 5 10642 26 10676 3 10745 7 10814 21 10886 2 10898 26 10932 2 10965 1 11000 8 11070 21 11155 24 11221 3 11255 9 11326 22 11412 21 11476 6 11511 9 11583 21 11668 21 11733 6 11748 2 11767 9 11839 22 11925 19 11989 6 12001 6 12023 9 12096 21 12182 18 12245 5 12257 6 12278 10 12352 22 12438 17 12502 3 12513 5 12532 12 12609 20 12696 15 12784 16 12865 20 12952 15 12986 5 13039 17 13120 20 13188 2 13209 15 13241 6 13297 15 13361 3 13376 18 13443 6 13465 16 13482 2 13494 9 13554 14 13617 3 13632 17 13698 7 13723 16 13750 9 13810 14 13872 4 13888 16 13954 7 13981 14 14005 10 14066 14 14129 3 14144 15 14211 7 14238 11 14261 10 14323 13 14386 2 14401 11 14468 6 14495 9 14516 11 14580 12 14650 3 14657 9 14725 5 14752 9 14775 8 14837 11 14905 6 14914 7 14981 5 15009 10 15020 4 15032 8 15094 10 15161 7 15171 6 15237 4 15267 13 15289 7 15350 10 15417 7 15428 5 15492 5 15524 11 15547 5 15606 10 15677 2 15685 4 15748 4 15781 9 15861 11 15941 4 16004 4 16039 6 16117 11 16197 3 16371 12 16444 1 16453 3 16626 13 16698 4 16710 1 16881 14 16953 6 17137 14 17209 6 17393 15 17421 2 17465 6 17649 15 17677 2 17721 6 17904 16 17932 4 17977 6 18101 4 18158 18 18233 6 18345 4 18355 6 18408 24 18489 6 18600 6 18610 8 18662 26 18743 8 18856 6 18865 8 18918 26 18998 9 19111 7 19120 9 19174 26 19254 8 19366 7 19377 7 19430 26 19509 8 19621 8 19633 6 19686 26 19764 10 19876 9 19891 2 19942 26 20020 10 20131 11 20198 8 20208 16 20277 9 20387 11 20453 9 20464 16 20533 8 20643 11 20709 27 20789 8 20900 10 20964 7 20974 18 21046 7 21157 9 21220 7 21231 17 21415 8 21476 7 21486 18 21672 9 21733 5 21742 18 21929 6 21989 4 21997 19 22185 6 22253 19 22442 6 22497 3 22509 19 22700 4 22751 5 22765 19 22956 5 23005 8 23022 18 23158 5 23212 6 23259 11 23279 17 23414 5 23467 6 23513 17 23536 16 23669 7 23723 6 23768 18 23792 16 23924 8 23980 4 24024 18 24048 16 24179 10 24279 19 24304 16 24435 10 24535 19 24561 15 24689 13 24790 20 24817 15 24945 12 25010 2 25047 18 25074 13 25200 13 25264 6 25303 16 25330 13 25456 13 25520 7 25560 14 25587 12 25698 5 25706 3 25712 13 25776 7 25816 12 25843 6 25851 5 25952 29 26033 7 26073 10 26099 5 26109 3 26207 29 26279 6 26290 6 26331 2 26355 5 26365 3 26448 1 26462 30 26535 6 26546 6 26703 6 26716 33 26783 3 26791 6 26798 1 26804 3 26959 7 26971 36 27038 4 27048 6 27215 49 27267 4 27294 4 27304 6 27471 50 27551 3 27561 5 27656 3 27728 50 27807 3 27818 5 27912 4 27984 50 28063 6 28075 3 28168 4 28240 50 28318 7 28424 4 28496 5 28503 15 28519 27 28575 7 28681 2 28751 6 28767 5 28775 27 28832 6 29006 7 29022 36 29088 5 29262 7 29278 35 29343 6 29517 8 29534 34 29598 5 29619 1 29766 4 29771 9 29790 33 29854 4 29874 2 30022 4 30031 11 30046 32 30110 3 30130 2 30279 3 30292 7 30302 32 30386 2 30536 2 30546 10 30558 31 30643 1 30792 1 30800 12 30814 28 31055 13 31070 28 31310 13 31326 18 31345 9 31566 12 31583 13 31601 8 31641 3 31822 12 31839 13 31859 6 31897 5 32079 11 32096 11 32153 6 32335 10 32355 8 32409 6 32570 1 32592 7 32614 5 32665 7 32824 4 32836 2 32848 5 32871 4 32921 8 32936 3 33080 5 33092 3 33128 2 33177 9 33190 5 33336 5 33348 3 33384 2 33433 9 33446 6 33592 5 33604 2 33640 2 33677 4 33690 8 33702 6 33849 4 33896 2 33932 6 33946 8 33958 5 34107 2 34151 4 34188 6 34202 8 34214 5 34364 2 34407 3 34443 7 34459 7 34469 1 34471 4 34664 1 34699 6 34716 10 34955 5 34972 10 35211 5 35228 11 35468 2 35484 11 35724 1 35741 11 35978 3 35997 11 36234 3 36254 10 36489 4 36513 8 36746 2 36776 1 36910 1 37034 3 37166 3 37424 2 38226 3 38452 3 38708 3 38965 1 43519 1 43775 1 43853 4 44031 1 44104 9 44287 1 44338 2 44360 9 44542 2 44593 4 44616 10 44797 3 44849 4 44872 10 45053 3 45105 4 45129 9 45309 3 45361 3 45386 8 45565 3 45617 3 45642 8 45820 4 45873 2 45899 6 46076 4 46157 3 46333 3 47670 3 47912 3 47922 8 48168 8 48177 10 48424 19 48617 5 48680 18 48872 7 48936 18 48968 1 49127 9 49192 19 49383 9 49448 19 49639 11 49704 19 49896 11 49960 12 50153 12 50166 4 50217 10 50410 17 50477 5 50666 19 50922 19 51178 16 51401 5 51433 16 51656 7 51688 16 51911 9 51944 16 52166 10 52200 16 52422 10 52456 15 52677 12 52712 16 52933 13 52968 16 53189 14 53211 3 53223 18 53246 2 53446 14 53465 7 53476 23 53500 3 53703 56 53960 54 54217 53 54473 53 54729 53 54985 53 55240 52 55496 53 55752 56 56007 57 56262 3 56266 54 56523 53 56780 52 57037 51 57293 51 57548 52 57665 2 57803 53 57921 4 58059 53 58177 4 58314 54 58433 4 58570 54 58690 3 58826 54 58946 3 59075 61 59330 62 59585 63 59841 63 60096 64 60352 55 60413 2 60607 57 60863 58 61119 57 61375 56 61631 58 61816 3 61876 1 61887 60 62071 4 62131 2 62144 60 62290 4 62326 5 62387 2 62401 56 62458 3 62482 1 62545 15 62582 5 62658 55 62736 4 62801 17 62838 7 62915 54 62992 4 63056 23 63093 8 63172 52 63248 5 63312 24 63345 12 63429 50 63504 7 63569 24 63601 12 63686 47 63760 8 63825 24 63857 13 63944 43 64014 10 64082 24 64112 13 64200 43 64266 14 64338 24 64368 13 64458 27 64488 11 64512 5 64519 18 64594 24 64624 13 64718 23 64743 11 64768 26 64851 23 64880 13 64976 20 64998 12 65024 29 65107 23 65136 13 65233 17 65254 13 65280 30 65363 23 65391 13 65490 13 65510 14
597667,0 92 106 241 363 149 514 89 620 148 769 89 876 238 1133 236 1389 236 1639 242 1894 243 2148 245 2403 246 2659 245 2912 247 3167 247 3423 247 3679 247 3936 246 4192 246 4447 248 4703 250 4959 253 5214 909 6124 255 6381 254 6638 254 6894 767 7662 257 7920 85 8012 247 8271 241 8528 3 8537 228 8794 225 9051 223 9308 221 9564 220 9793 2 9821 218 10048 3 10076 218 10304 2 10332 217 10588 217 10844 216 11101 215 11357 215 11592 3 11614 213 11846 9 11870 212 12103 10 12126 210 12359 11 12381 211 12615 13 12637 210 12871 14 12893 209 13126 15 13150 162 13314 43 13382 15 13408 160 13572 40 13637 15 13669 155 13829 38 13893 15 13926 154 14087 33 14148 16 14183 153 14344 30 14404 16 14440 152 14602 27 14661 15 14696 152 14860 24 14917 14 14952 152 15117 22 15173 14 15208 152 15375 5 15381 12 15429 14 15463 153 15633 15 15685 14 15719 153 15890 6 15941 15 15975 153 16146 6 16197 15 16230 154 16402 6 16453 15 16485 155 16659 4 16710 13 16741 155 16916 3 16966 12 16996 156 17223 7 17251 157 17480 4 17506 158 17735 5 17762 164 17989 7 18017 167 18240 12 18269 172 18493 16 18524 174 18749 16 18778 177 19006 15 19032 179 19260 18 19287 181 19508 26 19542 183 19763 29 19795 186 20018 223 20273 99 20373 106 20480 18 20528 98 20630 104 20736 18 20784 206 20992 19 21039 204 21244 2 21248 19 21295 207 21504 20 21550 208 21760 20 21807 208 22016 22 22063 188 22252 42 22319 230 22559 7 22578 227 22814 9 22835 161 22997 63 23070 17 23092 159 23253 64 23326 18 23348 225 23582 20 23606 225 23837 23 23861 228 24091 121 24213 57 24272 259 24532 254 24788 42 24832 210 25046 38 25088 209 25303 35 25344 210 25559 35 25600 211 25815 35 25856 250 26112 249 26367 249 26624 248 26880 248 27136 249 27392 250 27648 250 27904 251 28160 254 28416 254 28672 254 28928 255 29184 1023 30208 255 30464 255 30720 255 30976 255 31232 255 31488 254 31744 254 32000 254 32256 253 32512 253 32768 253 33024 254 33280 19181 52466 250 52722 247 52979 244 53235 241 53493 237 53753 234 54011 232 54267 233 54524 232 54781 232 55039 231 55296 230 55552 231 55808 231 56064 231 56320 230 56576 229 56832 227 57088 225 57344 224 57600 223 57856 223 58112 223 58368 224 58624 224 58880 225 59136 226 59392 226 59648 226 59904 226 60160 226 60416 226 60672 225 60928 225 61184 225 61440 224 61696 224 61952 225 62208 225 62464 226 62720 33 62757 189 62976 33 63014 188 63232 32 63271 188 63488 32 63527 188 63744 31 63784 187 64000 31 64040 187 64256 31 64297 164 64462 20 64512 31 64552 165 64719 19 64768 31 64808 164 64975 19 65024 31 65064 164 65232 18 65280 31 65320 163 65488 18
602248,0 65536
607765,0 32 33 210 244 5 256 251 512 255 768 64768
609763,191 10 447 9 705 6 55296 3 55552 4 55808 4 56064 4 56320 4 56576 3 56832 3 57088 3 57344 3 57600 3 57856 3 58112 2 58368 2 58624 2 58880 2 59136 1 59141 6 59395 9 59651 10 59907 11 60163 12 60420 10 60678 6 60934 3 65368 4 65373 7 65492 6
614290,14847 1 15100 4 15354 6 15607 9 15859 13 16111 17 16365 19 16620 20 16876 20 17122 4 17131 21 17376 9 17386 22 17628 36 17884 36 18133 43 18385 47 18635 53 18889 55 19144 56 19399 57 19654 58 19907 61 20153 3 20161 63 20407 73 20661 75 20917 75 21173 75 21429 75 21684 76 21940 76 22195 77 22450 78 22706 78 22962 78 23217 79 23472 80 23728 80 23983 81 24239 81 24480 1 24489 1 24494 82 24734 4 24745 87 24989 5 25000 88 25244 7 25255 89 25500 6 25511 89 25755 6 25766 90 26011 5 26021 91 26250 1 26275 93 26480 2 26492 4 26501 7 26531 93 26733 7 26741 2 26746 7 26756 8 26787 93 26986 37 27043 93 27241 39 27290 1 27299 93 27496 41 27556 92 27752 42 27796 2 27814 90 28008 41 28060 5 28070 90 28242 7 28253 5 28264 37 28315 9 28325 91 28498 60 28567 105 28754 48 28805 12 28820 108 29010 47 29062 122 29266 47 29319 121 29512 3 29522 48 29574 122 29749 3 29768 5 29779 173 30002 8 30025 183 30258 8 30282 182 30514 9 30539 96 30636 84 30759 5 30770 9 30795 96 30893 83 31015 7 31025 10 31052 96 31150 82 31270 21 31308 97 31409 79 31525 22 31565 96 31665 79 31781 22 31821 97 31921 79 32025 4 32037 22 32077 97 32177 79 32270 3 32279 6 32294 21 32332 89 32424 7 32432 80 32521 9 32533 8 32550 21 32587 90 32681 87 32774 24 32806 20 32842 91 32937 7 32946 78 33029 25 33062 20 33084 104 33194 5 33204 76 33283 27 33318 19 33340 104 33449 4 33461 75 33537 29 33574 20 33597 81 33684 16 33706 3 33716 106 33829 21 33853 77 33932 2 33942 13 33963 84 34048 30 34085 101 34198 13 34218 85 34304 140 34454 13 34474 85 34560 134 34697 3 34702 4 34709 14 34730 85 34816 130 34953 3 34958 21 34986 217 35210 24 35241 86 35328 132 35462 2 35467 23 35497 82 35584 133 35718 1 35723 23 35752 82 35840 135 35979 22 36007 82 36096 136 36233 24 36260 84 36352 162 36515 31 36550 49 36608 194 36806 49 36864 158 37024 35 37060 51 37115 4 37120 248 37370 178 37552 251 37808 250 38065 247 38321 245 38572 3 38578 243 38827 249 39082 249 39338 247 39594 85 39680 160 39850 246 40106 246 40362 246 40618 246 40874 246 41123 252 41378 252 41633 23903
614416,0 65536
623676,0 6 215 12 239 15 256 7 471 12 495 16 512 7 727 13 751 25 983 2 987 9 1007 25 1245 7 1263 26 1502 4 1520 25 1759 2 1776 25 2032 24 2288 23 2543 24 2800 22 3056 21 3234 5 3312 16 3488 8 3569 15 3744 9 3825 15 4001 8 4081 14 4258 7 4338 11 4514 7 4585 1 4594 8 4771 5 4840 4 4851 3 5028 3 5096 4 5351 5 5608 5 5864 5 6119 7 6375 7 6632 6 6888 5 7952 3 8205 10 8398 2 8460 13 8715 14 8970 16 9225 16 9479 18 9734 18 9988 20 10215 5 10240 23 10470 7 10496 24 10703 1 10724 10 10752 24 10980 11 11008 24 11236 13 11264 25 11491 15 11520 26 11747 16 11776 26 12003 16 12032 26 12258 17 12288 26 12514 17 12544 2 12550 19 12770 17 12808 15 13026 17 13065 12 13281 17 13322 10 13536 18 13579 10 13791 18 13836 9 14047 17 14093 7 14302 15 14350 5 14558 14 14815 13 15071 13 15093 1 15328 12 15349 1 15585 11 15604 2 15843 8 15859 3 16030 2 16100 7 16115 3 16283 7 16357 4 16371 3 16536 12 16626 5 16790 16 16882 5 17045 17 17138 5 17300 18 17395 3 17555 19 17651 3 17811 19 18067 19 18323 19 18580 18 18837 17 19094 7 19423 10 19678 12 19933 14 20189 19 20445 20 20702 20 20958 21 21215 20 21472 19 21728 19 21985 17 22241 17 22498 15 22754 14 23012 11 23254 4 23272 6 23510 4 23765 6 24019 8 24273 9 24528 11 24780 16 25019 1 25036 17 25265 6 25273 5 25292 18 25519 16 25548 18 25774 18 25804 18 26030 18 26059 18 26286 19 26315 16 26542 19 26570 15 26798 19 26826 15 27054 21 27076 21 27312 40 27569 46 27827 33 27863 10 28083 47 28340 47 28596 50 28853 52 29110 54 29370 52 29627 51 29884 50 30141 49 30399 46 30637 3 30656 45 30892 6 30915 18 30938 19 31147 7 31173 16 31194 19 31402 10 31430 16 31449 20 31656 13 31685 39 31911 15 31940 38 32167 15 32192 41 32423 16 32446 32 32480 9 32679 16 32700 32 32737 8 32936 15 32955 32 32995 7 33193 14 33210 32 33251 8 33452 1 33456 7 33466 31 33507 8 33713 6 33722 31 33764 7 33969 6 33978 31 34021 4 34225 5 34234 31 34278 2 34482 3 34489 33 34525 4 34533 2 34538 4 34745 42 34788 11 34809 1 35001 55 35065 1 35258 54 35514 55 35571 1 35770 55 35826 3 36027 61 36283 62 36540 61 36796 61 37052 61 37308 61 37563 62 37629 3 37819 63 37884 4 38074 70 38330 70 38585 71 38839 73 39094 74 39349 75 39605 75 39861 75 40118 74 40374 74 40629 75 40885 75 41141 75 41396 76 41652 76 41901 4 41909 75 42153 8 42167 73 42408 10 42429 66 42664 10 42686 65 42919 11 42942 63 43175 12 43197 66 43414 2 43430 13 43453 67 43669 4 43681 18 43708 68 43880 5 43924 6 43936 18 43958 74 44135 7 44180 6 44191 18 44213 75 44390 9 44436 6 44446 19 44466 78 44646 9 44694 4 44702 98 44902 9 44950 4 44957 68 45026 30 45158 9 45206 5 45212 67 45283 29 45415 9 45426 3 45463 71 45540 22 45564 4 45672 15 45719 71 45800 18 45822 2 45930 14 45978 68 46058 15 46079 1 46188 12 46235 67 46314 14 46445 10 46491 66 46570 14 46702 2 46747 66 46826 12 47003 65 47083 10 47259 65 47339 7 47515 65 47596 4 47770 55 47827 9 47861 6 48026 54 48088 2 48116 8 48283 4 48292 45 48372 9 48539 3 48550 33 48589 5 48628 10 48806 33 48884 10 48970 6 49062 33 49140 10 49225 8 49319 33 49396 11 49480 9 49575 33 49653 10 49736 9 49822 2 49836 28 49910 10 49992 9 50076 4 50093 27 50167 9 50248 9 50330 6 50350 26 50423 9 50504 9 50582 10 50606 25 50680 8 50761 8 50837 11 50863 21 50936 8 51018 6 51093 11 51120 18 51192 8 51275 4 51348 12 51380 11 51449 7 51603 13 51638 6 51705 7 51855 18 51967 1 52109 21 52365 21 52620 22 52875 22 52979 4 53130 23 53159 6 53192 4 53234 7 53386 23 53414 9 53447 6 53457 1 53489 9 53641 25 53669 12 53703 12 53744 10 53898 25 53924 14 53945 1 53959 5 53966 6 54000 11 54154 42 54199 6 54206 3 54216 2 54223 5 54256 11 54410 57 54479 5 54512 11 54666 60 54736 4 54769 9 54921 63 54992 3 55176 64 55247 4 55431 66 55502 6 55687 66 55758 7 55942 85 56198 89 56454 76 56534 10 56711 60 56772 12 56791 13 56968 11 56982 58 57052 10 57226 8 57243 42 57286 10 57310 9 57484 2 57499 53 57568 8 57755 52 57813 2 57825 7 57875 4 58011 51 58068 5 58083 1 58091 3 58130 7 58266 49 58323 6 58347 4 58385 9 58519 50 58581 3 58604 2 58641 11 58759 1 58773 52 58837 3 58861 1 58897 12 59014 8 59028 56 59153 12 59270 70 59410 11 59525 72 59666 11 59781 72 59859 3 59922 11 59938 2 60036 77 60114 4 60157 3 60178 11 60193 4 60292 83 60412 4 60434 11 60449 5 60548 84 60668 4 60690 11 60704 7 60805 88 60894 1 60924 4 60945 13 60959 8 61066 85 61181 3 61201 22 61322 85 61457 21 61578 85 61713 20 61834 72 61907 11 61952 2 61970 19 62091 69 62164 9 62208 3 62227 17 62351 65 62420 7 62436 2 62464 4 62485 17 62608 61 62670 2 62675 7 62691 4 62702 4 62720 5 62742 17 62865 60 62930 6 62946 6 62958 6 62976 6 62997 19 63122 58 63183 8 63202 5 63214 7 63232 7 63253 19 63379 57 63439 7 63458 5 63470 8 63488 8 63509 19 63635 57 63695 7 63715 3 63726 8 63744 9 63765 19 63892 56 63950 7 63983 6 64000 9 64021 19 64148 56 64207 6 64239 6 64256 9 64277 19 64404 55 64463 6 64495 5 64512 9 64534 18 64573 4 64661 54 64719 6 64752 3 64768 9 64792 17 64827 7 64918 52 64974 7 65024 9 65050 15 65082 8 65175 49 65227 10 65280 7 65308 12 65337 9 65432 45 65478 2 65483 11
632056,0 11007 11008 254 11264 253 11520 253 11776 251 12032 249 12288 248 12544 240 12800 239 13056 236 13312 234 13568 230 13824 228 14080 226 14336 223 14592 220 14848 218 15104 215 15360 213 15616 209 15872 207 16128 203 16384 202 16640 198 16896 195 17152 192 17408 189 17664 186 17920 184 18176 180 18432 177 18688 174 18944 172 19200 168 19456 166 19712 163 19968 160 20224 156 20480 142 20625 9 20736 114 20851 26 20992 103 21097 9 21107 8 21116 16 21248 122 21373 14 21504 122 21629 14 21760 122 21885 12 22016 100 22119 19 22143 7 22272 74 22349 22 22375 11 22387 9 22398 5 22528 71 22605 7 22616 11 22630 8 22643 9 22654 3 22784 70 22862 5 22874 33 23040 69 23119 4 23134 29 23296 68 23375 3 23391 26 23552 62 23615 4 23631 3 23649 7 23657 5 23663 7 23808 65 23887 3 23905 7 23915 2 24064 64 24143 2 24162 6 24320 64 24393 3 24398 3 24421 3 24576 64 24642 3 24649 8 24672 1 24678 1 24832 63 24898 3 24905 8 25088 62 25153 5 25162 6 25176 2 25344 61 25410 3 25418 2 25432 2 25600 58 25674 1 25688 1 25856 5 25864 50 25930 1 26112 4 26121 2 26126 44 26186 1 26368 4 26384 42 26624 4 26641 41 26700 2 26880 4 26901 2 26905 32 27136 4 27157 2 27163 27 27191 2 27208 3 27392 5 27414 1 27419 25 27648 5 27675 24 27904 5 27931 24 28160 5 28189 16 28416 5 28454 6 28675 1 28710 1 29226 2 29696 2 29952 4 30208 5 30464 6 30720 10 30733 2 30976 14 30999 2 31232 13 31254 6 31488 6 31495 6 31744 5 31751 6 32001 4 32007 6 32259 2 32263 6 32512 5 32519 5 32768 4 32777 2 33024 3 33280 3
636405,0 65536
636648,0 127 256 127 512 127 768 128 1024 128 1280 128 1536 128 1792 128 2048 128 2304 129 2560 129 2816 129 3072 129 3328 130 3584 130 3840 130 4096 130 4352 130 4608 131 4864 131 5120 131 5376 131 5632 131 5888 131 6144 131 6400 131 6656 132 6912 132 7168 132 7424 132 7680 132 7936 132 8192 132 8448 133 8704 133 8960 133 9216 132 9472 132 9728 132 9984 132 10240 132 10496 132 10752 132 11008 131 11264 131 11520 132 11776 133 12032 133 12288 133 12544 133 12800 134 13056 135 13312 136 13568 137 13824 137 14080 136 14336 136 14592 136 14848 137 15104 138 15360 138 15616 138 15872 138 16128 139 16384 139 16640 139 16896 140 17152 140 17408 140 17664 141 17920 141 18176 141 18432 142 18688 142 18944 142 19200 142 19456 142 19712 142 19968 142 20224 143 20480 143 20736 144 20992 144 21248 144 21504 145 21760 145 22016 146 22272 146 22528 146 22784 146 23040 146 23296 147 23552 147 23808 147 24064 148 24320 148 24576 148 24832 149 25088 149 25344 149 25600 149 25856 149 26112 150 26368 150 26624 150 26880 150 27136 151 27392 151 27648 151 27904 151 28160 151 28416 151 28672 151 28928 152 29184 152 29440 152 29696 152 29952 152 30208 153 30464 153 30720 153 30976 153 31232 153 31488 154 31744 154 32000 154 32256 154 32512 154 32768 154 33024 155 33280 155 33536 155 33792 155 34048 156 34304 156 34560 156 34816 156 35072 156 35328 156 35584 157 35840 157 36096 157 36352 157 36608 158 36864 158 37120 158 37376 158 37632 158 37888 158 38144 158 38400 158 38656 159 38912 159 39168 159 39424 141 39570 12 39680 142 39827 11 39936 143 40084 10 40192 143 40340 10 40448 143 40596 2 40600 4 40704 144 40851 2 40960 144 41216 145 41472 146 41628 3 41728 141 41883 5 41984 140 42139 5 42240 140 42395 5 42496 141 42653 3 42752 141 42910 1 43008 140 43264 139 43520 139 43776 139 44032 139 44288 139 44544 138 44800 138 45056 138 45312 139 45568 141 45824 141 46080 141 46336 142 46592 142 46848 142 47104 141 47360 140 47616 140 47872 141 48128 139 48384 138 48640 138 48896 138 49152 138 49408 141 49664 141 49920 141 50176 141 50432 141 50688 142 50944 143 51200 143 51456 143 51712 143 51968 143 52224 144 52480 144 52736 142 52992 142 53248 142 53504 143 53760 143 54016 144 54272 144 54528 143 54784 141 55040 141 55296 141 55552 141 55808 142 55951 3 56064 146 56320 146 56576 147 56832 147 57088 147 57258 3 57344 148 57513 4 57600 148 57753 8 57768 6 57856 148 58008 12 58022 8 58112 144 58258 2 58263 23 58368 144 58517 25 58624 143 58773 25 58880 146 59029 25 59136 142 59279 4 59285 25 59392 138 59541 26 59648 138 59796 27 59904 138 60052 28 60160 137 60308 28 60416 137 60564 28 60672 137 60818 30 60928 137 61073 31 61184 138 61327 33 61440 138 61582 34 61696 140 61838 35 61952 140 62096 34 62208 139 62353 33 62464 140 62608 34 62720 140 62863 5 62869 30 62976 140 63118 37 63232 139 63374 37 63488 139 63631 36 63744 141 63888 35 64000 139 64143 36 64256 139 64397 38 64512 139 64654 38 64768 138 64911 37 65024 139 65164 41 65280 181
650818,39 217 295 217 551 217 808 216 1064 216 1321 215 1577 215 1833 215 2089 215 2345 215 2601 215 2857 215 3113 215 3370 214 3626 214 3883 213 4139 213 4395 213 4651 213 4907 213 5163 213 5420 212 5676 212 5932 212 6189 211 6445 211 6701 211 6957 211 7213 211 7469 211 7725 211 7982 210 8238 210 8494 210 8751 209 9007 209 9263 209 9519 209 9775 209 10031 209 10288 208 10544 208 10800 208 11056 208 11312 208 11568 208 11825 207 12081 207 12337 207 12593 207 12850 206 13106 206 13362 206 13619 205 13875 205 14131 205 14388 204 14644 204 14900 204 15156 204 15412 204 15668 204 15925 203 16181 203 16437 203 16693 203 16949 203 17206 202 17462 202 17718 202 17974 202 18230 202 18487 201 18743 201 18999 201 19255 201 19511 201 19767 201 20023 201 20280 200 20536 200 20792 200 21049 199 21305 199 21561 199 21817 199 22073 199 22330 198 22586 198 22842 198 23098 198 23354 198 23611 197 23867 197 24123 197 24379 197 24636 196 24892 196 25148 196 25404 196 25660 196 25917 195 26173 195 26429 195 26685 195 26941 195 27197 195 27453 195 27710 194 27966 194 28222 194 28479 193 28735 193 28991 193 29247 193 29503 193 29759 193 30015 193 30272 192 30528 192 30784 192 31041 191 31297 191 31553 191 31809 191 32065 191 32321 191 32577 191 32834 190 33090 190 33346 190 33603 189 33859 189 34115 189 34371 189 34627 189 34883 189 35139 189 35396 188 35652 188 35908 188 36165 187 36421 187 36677 187 36933 187 37189 187 37445 187 37702 186 37958 186 38214 186 38470 186 38727 185 38983 185 39239 185 39495 185 39751 185 40007 185 40264 184 40520 184 40776 184 41032 184 41289 183 41545 183 41801 183 42057 183 42313 183 42569 183 42826 182 43082 182 43338 182 43594 182 43851 181 44107 181 44363 181 44619 181 44875 181 45131 181 45387 181 45643 181 45899 181 46156 180 46412 180 46668 180 46924 180 47181 179 47437 179 47693 179 47949 179 48205 179 48461 179 48718 178 48974 178 49230 178 49486 178 49743 177 49999 177 50255 177 50511 177 50767 177 51023 177 51280 176 51536 176 51792 176 52048 176 52305 175 52561 175 52817 175 53073 175 53330 174 53586 174 53842 174 54099 173 54355 173 54611 173 54867 173 55124 172 55380 172 55636 172 55892 172 56149 171 56405 171 56661 171 56917 171 57173 171 57429 171 57686 170 57942 170 58198 170 58455 169 58711 169 58967 169 59223 169 59479 169 59735 169 59991 169 60247 169 60504 168 60760 168 61016 168 61272 168 61529 167 61785 167 62041 167 62297 167 62553 167 62809 167 63065 167 63321 167 63578 166 63834 166 64090 166 64347 165 64603 165 64859 165 65115 165 65371 165
652005,33001 1 38657 2 38912 5 39168 6 39175 2 39424 9 39680 10 39936 10 40192 10 40448 10 40704 10 40960 10 41216 11 41472 12 41728 15 41744 3 41984 19 42240 20 42496 25 42752 27 43008 28 43057 3 43072 3 43264 32 43312 5 43320 4 43328 3 43520 34 43568 19 43776 35 43824 20 44032 36 44080 20 44288 39 44335 21 44544 40 44589 22 44800 42 44843 24 45056 67 45312 71 45568 71 45824 71 46080 72 46336 71 46592 71 46848 70 47104 70 47360 71 47616 72 47872 74 48128 75 48384 76 48640 79 48896 83 49152 84 49408 85 49664 85 49920 85 50176 87 50432 88 50688 88 50944 88 51200 88 51456 88 51712 74 51792 9 51968 74 52052 6 52224 74 52308 9 52480 74 52564 10 52736 75 52817 13 52992 94 53087 3 53174 2 53248 101 53504 102 53760 102 54016 94 54111 6 54120 1 54272 82 54355 18 54528 33 54565 11 54577 9 54587 23 54611 17 54784 32 54822 44 54867 17 55040 32 55078 8 55087 4 55093 3 55101 21 55123 7 55133 5 55296 32 55334 6 55344 3 55357 29 55390 5 55552 31 55601 1 55614 28 55646 7 55808 31 55873 25 55899 11 55988 3 56064 30 56130 40 56178 1 56240 8 56320 27 56365 5 56376 1 56385 41 56496 8 56576 22 56618 10 56631 5 56641 41 56752 7 56832 20 56874 20 56897 45 57009 1 57012 2 57088 19 57129 23 57153 45 57268 2 57344 20 57385 69 57518 10 57600 20 57626 1 57641 69 57770 15 57856 21 57879 5 57897 70 58029 13 58113 15 58130 11 58152 10 58164 59 58285 13 58369 30 58413 4 58426 51 58543 1 58546 9 58625 32 58683 22 58708 24 58809 3 58881 34 58925 3 58929 2 58939 20 58965 23 59063 3 59068 2 59136 35 59180 7 59195 18 59222 5 59232 7 59242 1 59317 5 59324 2 59392 35 59435 8 59450 18 59479 17 59498 1 59573 5 59580 2 59648 25 59675 3 59679 4 59691 8 59706 17 59735 17 59762 1 59829 4 59904 26 59931 2 59936 3 59947 9 59963 16 59991 17 60085 3 60160 26 60194 1 60202 11 60220 12 60248 2 60255 8 60340 4 60416 27 60450 1 60456 16 60473 14 60512 1 60515 4 60672 15 60696 3 60706 1 60711 31 60928 17 60952 5 60966 31 61184 18 61209 7 61222 31 61440 21 61463 9 61478 31 61540 1 61696 22 61719 10 61734 24 61759 6 61790 1 61794 4 61952 21 61975 11 61991 21 62014 7 62040 2 62045 9 62208 9 62221 8 62232 10 62247 20 62270 6 62291 9 62301 9 62464 8 62478 7 62488 11 62503 18 62526 7 62545 21 62720 7 62736 3 62746 25 62782 7 62800 22 62826 2 62976 6 62992 2 63002 42 63047 4 63055 30 63232 6 63239 2 63247 2 63258 42 63302 6 63311 30 63488 9 63499 7 63507 2 63513 42 63557 8 63567 11 63579 11 63591 3 63744 8 63755 18 63775 36 63813 9 63825 7 63837 8 63848 1 63945 1 64000 28 64031 37 64069 9 64081 9 64093 7 64256 26 64287 29 64317 17 64337 2 64342 4 64349 6 64512 27 64543 29 64573 4 64584 1 64594 8 64605 5 64767 25 64793 2 64799 29 64830 1 64850 7 64862 4 65022 62 65104 17 65276 65 65356 21 65379 3 65444 2 65476 4 65531 5
655919,0 236 253 240 511 238 768 231 1000 6 1024 230 1256 3 1260 4 1280 230 1513 7 1536 231 1768 9 1792 242 2048 243 2304 245 2560 247 2816 247 3072 248 3328 248 3584 250 3840 250 4096 251 4352 246 4601 1 4608 245 4864 244 5120 244 5376 244 5632 237 5870 6 5888 234 6125 7 6144 232 6381 7 6400 232 6637 6 6656 232 6893 5 6912 234 7159 4 7168 235 7414 6 7424 235 7670 4 7680 235 7925 5 7933 237 8176 15 8192 234 8430 17 8448 236 8686 16 8704 252 8960 253 9216 253 9472 1006 10480 255 10736 1033 11772 251 12028 250 12284 247 12539 249 12796 249 13052 146 13203 100 13307 147 13459 102 13562 166 13732 251 13990 251 14246 254 14502 1266 15769 254 16026 357 16384 144 16534 105 16640 145 16789 106 16896 148 17045 106 17152 255 17408 184 17595 68 17664 183 17850 252 18106 252 18361 253 18616 1530 20147 255 20404 254 20661 252 20917 252 21173 240 21416 8 21430 238 21674 6 21688 236 21933 2 21946 233 22203 232 22464 64 22529 162 22725 59 22785 161 22983 57 23041 161 23241 55 23298 159 23497 55 23554 159 23753 55 23810 158 24010 54 24067 157 24266 54 24323 156 24523 53 24579 156 24781 51 24836 154 25037 51 25092 153 25294 50 25348 152 25547 1 25550 50 25604 151 25802 2 25806 50 25860 109 25975 35 26063 49 26116 104 26221 4 26239 25 26319 49 26373 102 26499 14 26574 50 26629 101 26762 2 26830 50 26886 100 27085 51 27143 100 27341 51 27399 99 27597 51 27656 97 27778 1 27854 7 27866 38 27911 98 28123 37 28167 92 28264 1 28382 23 28408 2 28423 91 28638 21 28679 90 28894 19 28935 89 29150 15 29191 87 29407 7 29448 84 29704 67 29774 13 29960 66 30031 9 30216 65 30288 8 30473 63 30545 6 30730 61 30801 6 30987 60 31245 58 31501 47 31550 8 31758 37 31798 5 31808 6 32014 37 32053 6 32064 5 32270 36 32308 6 32320 5 32356 5 32526 36 32563 6 32576 4 32613 7 32781 36 32819 6 32832 4 32870 9 33037 43 33088 4 33126 10 33293 43 33344 7 33382 10 33415 3 33549 42 33601 6 33639 10 33671 3 33806 41 33858 4 33895 10 33927 2 34062 39 34152 10 34319 37 34408 11 34574 37 34665 10 34830 34 34922 8 35086 30 35117 2 35179 7 35342 29 35385 2 35435 8 35598 1 35604 22 35640 4 35692 4 35860 21 35894 6 36115 22 36149 7 36368 24 36404 8 36430 5 36624 23 36660 7 36686 5 36879 23 36917 5 36934 3 36943 4 37135 21 37172 6 37189 5 37200 1 37391 20 37419 3 37428 6 37445 5 37648 20 37674 5 37683 7 37904 13 37919 5 37930 5 37939 7 38160 14 38175 5 38186 6 38195 7 38417 19 38443 6 38451 6 38673 19 38699 4 38707 3 38930 18 38954 4 39186 18 39210 1 39443 18 39699 18 39956 16 40213 8 40470 3
659565,0 65536
661320,0 65536
664566,0 65536
666091,12 244 269 243 526 242 782 242 1039 241 1295 241 1551 241 1807 241 2063 241 2319 241 2575 241 2831 241 3088 240 3344 240 3600 240 3857 239 4113 239 4369 239 4625 239 4881 239 5137 239 5394 238 5650 238 5906 238 6163 237 6419 237 6675 237 6931 237 7187 237 7444 236 7700 236 7956 236 8212 236 8468 236 8725 235 8981 235 9237 235 9494 234 9750 234 10006 234 10262 234 10519 233 10775 233 11031 233 11287 233 11543 233 11800 232 12057 231 12314 230 12570 230 12826 195 13024 11 13040 5 13048 8 13082 195 13280 11 13296 4 13305 7 13339 193 13536 11 13552 2 13562 6 13595 194 13792 10 13809 1 13821 3 13851 194 14048 10 14108 193 14305 9 14364 192 14564 6 14620 191 14821 5 14876 191 15132 191 15388 191 15644 191 15843 1 15901 192 16098 6 16157 190 16348 2 16354 6 16413 190 16604 3 16610 7 16670 193 16867 6 16926 192 17123 7 17182 192 17379 7 17437 193 17635 7 17694 206 17950 207 18207 206 18463 207 18719 208 18975 208 19232 208 19488 209 19744 210 19967 1 20000 211 20222 2 20256 211 20478 2 20513 210 20734 2 20769 211 20988 4 21026 211 21244 4 21282 212 21498 6 21538 222 21794 222 22050 222 22307 221 22563 221 22819 221 23076 220 23332 220 23590 218 23846 218 24102 218 24357 219 24613 219 24869 219 25125 219 25381 219 25637 219 25893 219 26150 218 26406 218 26663 217 26919 217 27175 217 27431 217 27687 217 27944 216 28200 216 28456 216 28713 215 28969 215 29225 215 29481 215 29738 214 29994 214 30250 214 30507 213 30763 213 31019 213 31275 213 31531 213 31788 212 32044 212 32300 212 32556 212 32812 212 33069 211 33325 211 33581 211 33837 211 34094 210 34350 210 34607 209 34863 209 35119 209 35376 208 35632 208 35888 208 36145 207 36401 207 36657 207 36913 207 37170 206 37427 205 37683 205 37940 204 38196 204 38451 205 38707 205 38963 205 39220 204 39476 204 39732 204 39988 204 40244 204 40501 203 40757 203 41013 203 41269 203 41526 202 41782 202 42038 202 42294 202 42550 202 42807 201 43063 201 43319 201 43575 201 43832 200 44088 200 44344 200 44600 200 44856 200 45113 199 45369 199 45625 199 45882 198 46138 198 46394 198 46650 198 46907 197 47163 197 47419 197 47675 197 47932 196 48188 196 48444 196 48700 196 48957 195 49213 195 49469 195 49726 194 49982 194 50238 194 50494 194 50751 193 51007 193 51263 193 51520 192 51776 192 52032 192 52288 192 52544 192 52801 191 53057 191 53313 191 53569 191 53826 190 54082 190 54338 190 54595 189 54851 189 55107 189 55363 189 55620 188 55876 188 56132 188 56388 188 56644 188 56900 188 57157 187 57413 187 57669 187 57925 187 58181 187 58438 186 58694 186 58950 186 59207 185 59463 185 59719 185 59976 184 60232 184 60488 184 60744 184 61001 183 61257 183 61513 183 61769 183 62025 183 62282 182 62538 182 62794 182 63050 182 63307 181 63563 181 63819 181 64075 181 64332 180 64588 180 64844 180 65101 179 65357 179
672675,0 3 7 7 43 2 106 45 190 5 262 9 296 5 363 29 395 13 446 4 518 10 550 8 620 27 652 17 701 2 775 9 805 11 875 26 909 17 956 3 1031 11 1061 12 1131 27 1166 17 1211 5 1286 13 1315 15 1386 30 1423 16 1467 5 1542 15 1570 17 1642 32 1679 18 1724 5 1798 16 1825 18 1898 34 1935 19 1981 5 2054 19 2080 19 2154 35 2191 19 2237 7 2311 19 2335 20 2410 57 2493 7 2567 19 2590 22 2664 60 2748 9 2822 20 2846 25 2876 3 2919 61 3005 8 3078 20 3102 26 3131 5 3174 40 3217 22 3261 8 3336 12 3349 44 3429 40 3474 14 3490 10 3517 9 3567 7 3592 12 3607 43 3685 39 3731 12 3747 11 3774 9 3823 9 3847 59 3942 35 3988 10 4003 12 4030 10 4079 12 4103 16 4120 42 4198 34 4245 9 4259 12 4286 11 4335 15 4358 16 4377 41 4455 20 4479 9 4504 5 4516 10 4542 3 4547 5 4590 17 4614 16 4633 4 4641 32 4712 18 4736 8 4773 9 4798 2 4805 3 4846 18 4870 15 4900 29 4968 18 4992 7 5020 3 5030 9 5054 2 5102 11 5114 6 5126 14 5157 28 5224 17 5249 5 5276 5 5287 9 5310 4 5358 10 5371 5 5381 15 5414 26 5480 18 5506 3 5532 5 5544 9 5566 5 5613 11 5629 3 5635 17 5671 24 5736 17 5789 5 5802 7 5821 6 5869 10 5887 1 5891 17 5929 15 5992 16 6045 4 6059 7 6076 7 6125 9 6146 19 6186 13 6247 17 6301 4 6315 8 6329 1 6332 7 6381 8 6402 18 6443 10 6503 16 6557 4 6571 9 6584 10 6637 6 6657 17 6700 8 6759 16 6813 4 6827 20 6848 1 6893 5 6913 17 6957 6 7016 14 7068 4 7084 19 7149 4 7169 17 7215 3 7266 1 7273 13 7307 4 7325 3 7342 17 7406 3 7425 18 7492 2 7529 13 7563 5 7600 4 7608 5 7680 11 7693 6 7747 5 7786 11 7819 6 7936 18 8003 6 8032 3 8042 11 8075 6 8192 18 8216 4 8228 4 8259 6 8283 8 8300 2 8303 5 8332 5 8448 11 8463 16 8481 9 8517 4 8538 10 8589 2 8704 10 8720 27 8786 1 8791 14 8960 9 8976 28 9045 16 9216 5 9232 28 9272 3 9301 14 9472 5 9484 1 9486 32 9528 3 9558 13 9728 4 9740 34 9784 3 9815 12 9984 5 9995 37 10040 5 10072 11 10240 5 10251 38 10295 7 10303 2 10329 9 10496 5 10508 39 10551 12 10566 5 10585 8 10749 7 10764 41 10807 21 10841 6 11003 8 11018 47 11067 19 11098 4 11259 6 11274 47 11323 20 11354 4 11514 6 11530 47 11579 21 11611 2 11770 6 11787 69 12026 6 12045 54 12108 5 12282 6 12302 49 12368 2 12537 7 12558 48 12792 8 12814 47 13046 10 13070 47 13142 1 13301 11 13326 47 13398 1 13556 12 13576 4 13583 47 13812 12 13831 6 13840 46 13906 2 14068 12 14087 6 14099 44 14162 4 14324 12 14342 7 14358 7 14369 30 14418 9 14580 12 14598 6 14615 4 14625 30 14837 11 14854 6 14873 2 14882 13 14897 14 15093 11 15111 5 15140 10 15155 12 15350 10 15368 3 15397 9 15412 11 15606 10 15654 8 15669 9 15866 6 15912 6 15925 9 16126 2 16170 3 16181 9 16382 2 16428 1 16434 12 16638 2 16689 14 16894 2 16944 15 17149 3 17201 13 17405 3 17457 13 17661 3 17714 13 17829 2 17834 2 17916 4 17970 14 18010 7 18068 1 18085 3 18090 2 18095 1 18165 1 18171 5 18227 13 18265 8 18324 1 18340 13 18421 11 18484 15 18503 4 18510 6 18521 3 18526 1 18580 1 18596 13 18677 11 18708 3 18741 32 18834 4 18852 13 18933 11 18963 5 18969 2 18998 32 19090 4 19107 14 19189 11 19220 13 19255 31 19346 3 19364 6 19373 5 19445 11 19476 16 19511 31 19602 3 19621 4 19632 2 19706 6 19732 17 19767 31 19963 5 19988 19 20024 29 20219 5 20244 18 20280 30 20476 4 20500 4 20505 5 20511 5 20537 29 20732 4 20793 29 20988 4 21046 33 21176 1 21244 4 21304 30 21342 5 21501 5 21560 30 21598 5 21685 1 21758 5 21817 28 21853 6 22016 4 22074 27 22108 7 22272 5 22330 28 22365 5 22384 2 22528 5 22587 27 22622 2 22639 8 22650 2 22704 1 22720 2 22784 6 22843 28 22874 7 22886 2 22893 7 22926 1 22948 2 22958 3 22974 5 23040 6 23099 29 23130 7 23141 5 23147 9 23160 1 23182 5 23202 8 23212 5 23229 7 23296 6 23354 60 23416 1 23435 10 23458 15 23484 8 23552 5 23609 45 23657 13 23681 3 23691 12 23705 3 23713 16 23739 9 23808 4 23864 68 23934 8 23946 13 23960 3 23969 15 23995 9 24064 3 24118 80 24202 16 24225 13 24251 9 24320 2 24372 83 24458 12 24472 4 24482 11 24507 8 24559 3 24576 1 24623 89 24715 7 24728 4 24739 9 24763 8 24814 6 24877 91 24972 6 24983 5 24995 9 25009 1 25020 5 25070 6 25132 93 25232 2 25238 5 25252 5 25263 6 25277 1 25326 6 25387 95 25495 4 25507 9 25518 7 25583 5 25634 1 25637 3 25641 98 25760 22 25840 3 25879 1 25889 107 25998 1 26012 2 26015 23 26111 1 26133 5 26145 110 26265 30 26365 3 26387 8 26399 113 26519 32 26621 3 26641 128 26774 34 26877 3 26896 130 27029 34 27133 3 27151 166 27389 3 27406 165 27644 4 27659 5 27671 145 27817 9 27900 4 27915 6 27927 145 28074 16 28157 5 28172 5 28183 145 28330 17 28404 2 28413 6 28428 5 28437 122 28561 43 28670 5 28684 130 28817 28 28846 16 28927 6 28940 129 29073 45 29184 6 29196 128 29330 42 29440 7 29452 130 29585 43 29696 8 29707 177 29952 176 30130 9 30208 175 30386 8 30464 175 30642 6 30720 176 30976 176 31232 165 31398 10 31488 164 31655 10 31744 159 31913 8 32000 142 32146 13 32168 10 32183 3 32256 134 32391 4 32407 9 32424 4 32430 6 32438 4 32512 134 32648 2 32664 8 32682 1 32687 4 32768 137 32920 7 32943 1 33024 137 33176 8 33280 100 33381 3 33385 19 33407 10 33431 9 33536 102 33641 32 33686 10 33792 102 33899 31 33942 10 34048 102 34160 27 34197 11 34304 102 34417 27 34450 14 34560 102 34673 27 34704 15 34816 102 34929 28 34960 13 35072 102 35185 28 35216 12 35328 102 35441 28 35471 12 35584 102 35689 3 35696 28 35727 11 35840 102 35944 34 35985 7 36096 102 36199 35 36241 4 36352 137 36497 3 36608 137 36748 8 36864 66 36931 70 37003 9 37120 65 37187 81 37376 64 37442 61 37509 14 37632 120 37753 6 37765 13 37888 80 37969 39 38009 3 38013 3 38020 10 38031 4 38144 78 38226 33 38265 3 38270 2 38275 15 38400 78 38482 32 38522 1 38526 1 38530 16 38549 3 38656 114 38778 1 38783 1 38785 24 38912 123 39038 28 39150 2 39168 155 39405 3 39424 155 39661 3 39680 156 39917 3 39936 156 40173 3 40192 156 40363 2 40429 3 40443 3 40448 88 40537 66 40617 5 40685 3 40697 6 40704 88 40793 66 40871 7 40941 3 40952 96 41053 61 41126 8 41197 4 41208 94 41309 61 41381 9 41452 6 41462 95 41561 5 41567 59 41637 4 41704 109 41816 66 41892 4 41911 2 41960 107 42072 66 42146 5 42166 6 42216 108 42327 67 42400 7 42422 7 42473 107 42583 67 42653 9 42678 5 42729 189 42933 5 42987 187 43187 4 43244 186 43441 6 43452 1 43500 185 43695 15 43757 5 43764 113 43879 62 43949 18 44021 99 44121 3 44125 8 44135 61 44203 21 44278 98 44377 3 44381 4 44387 65 44459 21 44534 98 44638 1 44643 65 44714 22 44791 97 44894 1 44898 66 44970 22 45048 97 45149 3 45153 66 45225 23 45307 94 45405 71 45480 25 45566 89 45662 71 45736 24 45822 88 45918 72 45991 19 46011 5 46078 87 46173 100 46334 87 46429 91 46522 7 46590 87 46684 93 46778 7 46847 187 47035 5 47104 186 47292 3 47360 187 47616 188 47872 188 48128 187 48384 186 48615 3 48640 185 48871 4 48885 4 48896 184 49127 5 49139 7 49152 184 49382 6 49392 9 49408 184 49638 22 49662 186 49894 210 50150 210 50406 211 50664 209 50921 210 51177 16 51194 195 51433 15 51456 189 51689 15 51712 190 51945 15 51968 126 52097 61 52201 15 52224 127 52354 59 52460 9 52480 122 52603 3 52611 57 52716 8 52736 114 52853 6 52867 56 52973 6 52992 113 53111 4 53123 56 53229 6 53248 104 53353 6 53377 57 53485 5 53504 102 53610 4 53631 59 53742 2 53760 74 53835 7 53843 19 53870 1 53887 5 53893 52 54016 73 54092 4 54102 1 54108 10 54143 4 54150 48 54272 73 54348 4 54364 8 54405 49 54528 74 54605 2 54624 2 54660 50 54784 74 54880 1 54916 49 55040 74 55136 1 55172 48 55296 73 55410 1 55427 51 55552 73 55646 1 55681 54 55808 72 55901 3 55937 29 55969 20 56064 71 56156 5 56193 29 56227 17 56320 70 56411 5 56450 27 56484 16 56576 70 56666 6 56674 1 56709 24 56740 15 56832 70 56922 6 56966 24 56997 5 57004 6 57088 70 57178 6 57225 21 57254 3 57344 70 57437 3 57482 20 57510 3 57600 70 57680 1 57694 1 57738 12 57752 1 57756 2 57856 69 57935 4 57996 8 58112 69 58186 10 58253 4 58368 38 58407 30 58442 10 58458 4 58624 37 58666 24 58698 10 58712 7 58729 2 58880 30 58911 6 58927 17 58954 9 58968 6 58980 2 58983 4 59136 28 59167 5 59184 4 59189 3 59193 2 59209 9 59224 5 59235 9 59392 28 59423 5 59465 9 59479 5 59492 8 59648 24 59673 2 59677 7 59721 8 59734 6 59749 7 59904 36 59977 8 59989 7 60005 7 60160 36 60215 1 60233 7 60244 8 60253 2 60260 8 60416 37 60470 1 60490 5 60499 25 60672 37 60726 1 60748 2 60755 24 60782 4 60928 36 60982 1 61011 22 61038 4 61065 1 61184 35 61238 1 61267 21 61293 4 61320 2 61440 36 61493 2 61523 21 61575 4 61696 37 61746 5 61781 18 61830 5 61952 37 62002 5 62038 16 62087 3 62208 37 62258 4 62295 14 62343 3 62464 37 62510 8 62551 13 62600 3 62720 34 62757 1 62765 5 62771 2 62806 13 62857 3 62976 34 63019 8 63062 12 63113 2 63232 34 63272 11 63295 2 63318 11 63370 1 63488 37 63529 10 63548 6 63580 4 63625 2 63745 37 63786 8 63803 7 63881 2 64002 36 64043 7 64058 8 64258 36 64299 7 64313 9 64340 1 64366 2 64513 37 64558 1 64570 8 64622 3 64769 32 64803 4 64826 7 64878 4 65024 33 65060 3 65083 8 65132 6 65280 32 65317 3 65340 9 65387 8
675111,0 173 256 173 512 173 768 174 1024 174 1280 174 1536 173 1792 172 2048 170 2304 169 2560 168 2816 168 3072 168 3328 168 3584 166 3840 166 4096 166 4352 167 4608 168 4864 168 5120 168 5376 168 5632 168 5888 168 6144 167 6400 166 6656 166 6912 166 7168 166 7424 167 7680 168 7850 5 7936 175 8192 176 8448 176 8704 177 8960 177 9216 177 9472 177 9728 176 9984 177 10240 173 10414 3 10496 172 10752 172 11008 173 11264 174 11520 174 11776 174 12032 174 12288 171 12544 170 12800 170 12976 2 13056 170 13312 171 13568 171 13824 171 14080 172 14258 2 14336 180 14592 181 14848 183 15104 180 15360 180 15616 179 15872 179 16128 179 16384 179 16640 179 16824 2 16896 187 17152 188 17408 188 17664 189 17920 189 18176 189 18432 190 18688 190 18944 190 19200 190 19456 190 19712 191 19968 191 20224 191 20480 191 20736 191 20992 192 21248 192 21504 192 21760 192 22016 191 22272 192 22528 193 22784 193 23040 193 23296 194 23552 194 23808 194 24064 194 24320 195 24576 195 24832 195 25088 195 25344 196 25600 196 25856 196 26112 196 26368 197 26624 197 26880 197 27136 197 27392 197 27648 198 27904 198 28160 198 28416 198 28672 198 28928 198 29184 198 29440 199 29696 199 29952 199 30208 199 30464 200 30720 200 30976 200 31232 200 31488 201 31744 201 32000 201 32256 201 32512 201 32768 201 33024 202 33280 202 33536 202 33792 202 34048 202 34304 202 34560 202 34816 202 35072 203 35328 203 35584 203 35840 203 36096 203 36352 204 36608 204 36864 204 37120 204 37376 204 37632 205 37888 205 38144 205 38400 206 38656 206 38912 206 39168 207 39424 207 39680 207 39936 208 40192 208 40448 208 40704 208 40960 209 41216 209 41472 209 41728 209 41984 209 42240 210 42496 210 42752 210 43008 210 43264 210 43520 211 43776 211 44032 212 44288 212 44544 212 44800 212 45056 213 45312 213 45568 213 45824 213 46080 213 46336 213 46592 214 46848 214 47104 214 47360 214 47616 214 47872 214 48128 215 48384 215 48640 215 48896 215 49152 216 49408 216 49664 216 49920 216 50176 217 50432 217 50688 217 50944 218 51200 218 51456 218 51712 218 51968 219 52224 219 52480 219 52736 219 52992 219 53248 220 53504 220 53760 220 54016 221 54272 221 54528 221 54784 221 55040 222 55296 222 55552 222 55808 222 56064 222 56320 223 56576 223 56832 223 57088 223 57344 223 57600 224 57856 224 58112 224 58368 225 58624 225 58880 225 59136 225 59392 225 59648 225 59904 226 60160 226 60416 226 60672 227 60928 227 61184 227 61440 227 61696 227 61952 227 62208 227 62464 228 62720 228 62976 228 63232 229 63488 229 63744 229 64000 229 64256 230 64512 230 64768 231 65024 231 65280 231
677723,0 6911 6912 255 7168 255 7424 255 7680 254 7936 254 8192 254 8448 252 8704 252 8960 252 9216 252 9472 251 9728 252 9984 253 10240 254 10496 55040
680771,0 129 140 2 149 13 183 203 396 1 406 14 439 205 663 16 695 207 920 18 951 210 1176 20 1207 211 1430 23 1462 213 1685 24 1717 215 1942 246 2198 246 2459 241 2715 232 2949 8 2970 233 3206 7 3218 2 3225 243 3474 3 3478 246 3730 247 3987 246 4244 245 4494 1 4502 244 4749 5 4758 245 5004 510 5515 255 5772 254 6028 254 6284 12631 18916 254 19176 5 19184 242 19432 3 19436 231 19669 1 19672 10 19689 2 19692 7 19700 11 19712 214 19927 10 19944 3 19952 3 19956 9 19968 224 20199 3 20208 3 20212 7 20224 224 20455 3 20464 12 20480 224 20717 1 20720 7 20730 3 20736 224 20976 8 20988 2 20992 221 21214 1 21233 8 21245 227 21490 3 21494 3 21499 229 21747 2 21750 234 22003 1 22007 6 22015 226 22264 4 22272 227 22520 4 22528 230 22777 2 22784 231 23033 1 23040 231 23288 2 23296 232 23552 233 23808 233 24064 233 24320 225 24549 3 24576 225 24832 226 25088 226 25323 1 25341 1 25344 226 25577 3 25600 226 25832 4 25856 226 26089 1 26112 226 26345 1 26368 227 26624 227 26880 227 27136 227 27392 228 27648 228 27904 228 28160 228 28416 228 28672 228 28928 228 29184 228 29440 222 29664 5 29696 220 29920 6 29952 221 30175 8 30208 231 30464 231 30720 229 30976 215 31192 13 31232 213 31448 13 31488 213 31705 12 31744 212 31961 13 32000 212 32217 13 32256 212 32473 12 32512 209 32728 13 32768 208 32980 2 32984 11 33024 208 33242 9 33280 210 33500 7 33508 2 33536 210 33756 7 33792 209 34012 6 34048 209 34270 4 34304 216 34527 3 34560 216 34783 3 34816 209 35026 5 35039 3 35072 208 35284 3 35328 207 35540 3 35584 206 35840 206 36096 207 36352 210 36608 210 36864 211 37120 213 37376 214 37632 216 37888 217 38144 218 38400 220 38622 4 38656 230 38912 234 39168 236 39415 1 39424 239 39664 8 39680 248 39936 245 40182 2 40192 249 40448 254 40704 24832
682813,0 90 256 90 512 90 768 91 1024 91 1280 91 1536 91 1792 91 2048 92 2304 92 2560 92 2816 93 3072 93 3328 93 3584 93 3840 93 4096 93 4352 94 4608 94 4864 95 5120 95 5376 95 5632 95 5888 95 6144 95 6400 95 6656 95 6912 96 7168 96 7424 96 7680 97 7936 97 8192 97 8448 97 8704 97 8960 97 9216 97 9472 97 9728 98 9984 98 10240 99 10496 99 10752 99 11008 99 11264 99 11520 99 11776 99 12032 100 12288 100 12544 101 12800 101 13056 101 13312 102 13568 102 13824 102 14080 102 14336 102 14592 102 14848 103 15104 103 15360 103 15616 103 15872 103 16128 103 16384 103 16640 104 16896 104 17152 104 17408 105 17664 105 17920 105 18176 105 18432 105 18688 105 18944 105 19200 106 19456 106 19712 106 19968 107 20224 107 20480 107 20736 107 20992 107 21248 107 21504 107 21760 108 22016 109 22272 109 22528 109 22784 109 23040 109 23296 110 23552 110 23808 110 24064 110 24320 110 24576 110 24832 111 25088 111 25344 111 25600 111 25856 111 26112 111 26368 111 26624 111 26880 112 27136 112 27392 113 27648 113 27904 113 28160 113 28416 113 28672 112 28928 113 29184 114 29440 114 29696 115 29952 115 30208 115 30464 115 30720 115 30976 115 31232 115 31488 116 31744 116 32000 117 32256 117 32512 117 32768 118 33024 118 33280 117 33536 118 33792 118 34048 118 34304 118 34560 118 34816 119 35072 119 35328 119 35584 119 35840 119 36096 119 36352 120 36608 120 36864 120 37120 120 37376 120 37632 119 37888 118 38144 119 38264 1 38400 121 38656 121 38912 122 39168 122 39424 123 39680 123 39936 123 40192 123 40448 123 40704 124 40960 124 41216 124 41472 125 41728 125 41984 125 42240 126 42496 126 42752 126 43008 126 43264 126 43520 126 43776 127 44032 127 44288 127 44544 128 44800 128 45056 128 45312 128 45568 128 45824 128 46080 128 46336 129 46592 129 46848 129 47104 129 47360 129 47616 129 47872 129 48128 129 48384 129 48640 129 48896 129 49152 130 49408 130 49664 130 49920 130 50176 129 50432 129 50688 130 50944 131 51200 131 51456 131 51712 124 51840 3 51968 123 52096 3 52224 122 52480 120 52736 119 52992 117 53248 116 53504 115 53760 115 54016 114 54272 114 54528 114 54784 104 54889 4 54896 1 55040 92 55133 9 55296 91 55390 7 55552 89 55646 7 55808 86 55902 3 56067 82 56327 77 56584 75 56691 2 56839 76 56948 1 57095 75 57350 75 57606 73 57863 71 58119 70 58375 67 58631 2 58635 63 58888 1 58892 61 59149 48 59200 7 59404 48 59455 8 59657 2 59660 46 59710 9 59915 46 59966 7 60171 46 60223 5 60416 1 60421 50 60480 4 60672 1 60676 51 60737 2 60928 53 61184 53 61440 40 61482 11 61698 37 61740 9 61955 35 61996 6 62212 32 62252 3 62469 31 62725 31 62980 32 63236 32 63491 33 63746 33 64001 34 64256 35 64512 34 64768 34 65024 34 65280 35
688285,23339 3 23591 10 23846 11 24101 13 24357 13 24613 13 24869 13 25125 13 25381 12 25636 13 25892 11 26148 10 26404 10 26661 8 26918 7 27175 5 27431 6 27688 5 27943 7 28199 7 28456 6 28713 5 28971 2 36662 2 36917 4 37173 4 37428 6 37684 6 37939 9 38196 9 38454 9 38710 9 38966 10 39222 11 39478 13 39734 14 39991 13 40248 12 40505 12 40762 10 41022 6 41280 3 57709 3 57965 3 58221 4 58476 4 58690 1 58731 5 58946 11 58970 3 58986 5 59201 14 59225 5 59241 4 59457 14 59480 6 59500 1 59712 1 59715 13 59736 7 59756 1 59971 13 59991 8 60012 1 60227 15 60245 11 60268 1 60483 29 60739 33 60996 33 61253 32 61288 2 61508 34 61543 4 61764 39 62020 40 62275 41 62531 41 62787 42 63044 10 63055 31 63300 7 63313 30 63557 5 63570 29 63814 1 63829 27 64086 25 64343 23 64599 13 64613 9 64855 13 64870 8 65111 13 65127 6 65368 11 65385 4
689810,0 65536
692688,0 18 19 11 37 6 187 99 293 6 442 100 548 8 694 103 801 12 949 100 1057 6 1064 6 1205 99 1314 3 1319 8 1329 2 1459 101 1568 6 1575 13 1596 3 1713 133 1851 5 1956 1 1967 136 2105 7 2211 3 2222 146 2468 2 2476 147 2712 1 2724 2 2729 147 2968 3 2978 4 2984 4 2990 141 3225 3 3233 5 3240 4 3246 143 3482 1 3488 7 3496 5 3502 143 3744 158 4000 158 4252 2 4255 159 4507 164 4763 164 5020 163 5276 164 5533 163 5790 103 5895 57 6040 1 6047 97 6145 2 6152 4 6158 50 6304 12 6318 82 6407 4 6415 49 6559 9 6570 2 6573 83 6662 4 6671 49 6816 7 6829 83 6918 3 6927 7 6936 40 7073 7 7086 82 7193 40 7330 6 7346 78 7446 1 7450 39 7587 4 7604 76 7698 6 7707 38 7844 2 7860 76 7952 8 7963 38 8099 2 8116 76 8208 8 8219 37 8354 2 8372 76 8465 7 8476 36 8610 2 8628 76 8708 1 8721 7 8732 36 8884 76 8964 1 8977 6 8990 37 9140 76 9220 1 9233 6 9246 37 9396 76 9489 5 9502 37 9652 76 9746 3 9759 7 9768 27 9908 76 10016 6 10025 27 10165 75 10273 5 10282 26 10421 75 10529 6 10537 27 10678 51 10730 22 10785 35 10935 50 10986 13 11000 8 11041 35 11192 55 11248 16 11298 34 11342 3 11450 51 11504 16 11554 35 11600 1 11614 1 11707 49 11760 16 11809 40 11870 1 11963 48 12017 7 12028 3 12065 37 12103 2 12220 45 12273 7 12284 2 12320 38 12360 1 12476 44 12529 7 12576 38 12616 1 12732 45 12785 5 12832 10 12843 17 12862 7 12872 1 12989 44 13039 6 13089 8 13099 17 13119 6 13246 44 13294 2 13298 3 13345 8 13356 1 13358 14 13375 5 13502 45 13548 4 13555 1 13566 2 13601 8 13614 13 13632 3 13759 46 13806 1 13811 1 13821 3 13857 8 13870 13 14018 42 14067 1 14077 3 14113 9 14126 13 14275 40 14323 1 14369 9 14382 4 14390 5 14402 1 14532 39 14579 2 14624 10 14638 4 14792 35 14835 2 14879 11 14894 6 15049 34 15091 1 15135 12 15150 7 15305 34 15392 12 15406 7 15430 3 15562 32 15650 20 15686 2 15818 34 15913 13 15942 1 16074 19 16094 15 16170 1 16174 10 16330 35 16430 3 16435 6 16444 4 16585 36 16628 2 16688 9 16700 4 16845 31 16944 10 16955 4 17115 17 17183 5 17201 8 17369 18 17438 7 17457 5 17624 19 17695 6 17715 2 17882 2 17889 8 17940 1 17952 5 18145 1 18148 2 18208 1 18218 3 18464 1 18473 4 18647 1 18720 3 18729 3 18843 2 18965 3 18976 3 18985 2 18995 2 19098 3 19222 1 20282 1 20516 3 20525 2 20538 2 20709 1 20771 3 20781 4 20794 1 21015 2 21027 2 21037 6 21050 1 21271 2 21294 5 21306 1 21551 4 21562 2 21568 1 21808 3 22067 2 22320 4 22575 4 22832 3 23088 2 23344 1 23857 2 24112 3 24369 3 24626 3 24882 3 25138 4 25654 1 29507 3 29762 5 30019 2 31816 1 32071 2 32326 3 32582 3 32839 2 33096 1 33870 3 34128 1 34390 1 34395 2 34644 9 34887 2 34899 10 35137 3 35141 6 35154 11 35393 11 35410 12 35430 1 35558 3 35649 11 35664 15 35686 2 35814 3 35904 13 35919 8 35929 7 35942 5 36070 3 36160 14 36175 8 36187 6 36198 3 36326 3 36415 24 36443 7 36672 23 36700 6 36863 1 36929 22 36956 6 37117 3 37185 22 37211 7 37373 3 37441 22 37467 7 37486 1 37629 3 37697 22 37722 9 37742 1 37952 23 37978 10 37998 1 38208 23 38234 10 38254 2 38462 25 38490 10 38511 2 38716 28 38746 10 38767 3 38972 32 39005 7 39024 2 39140 2 39228 32 39261 7 39396 2 39478 1 39483 41 39653 1 39734 1 39739 41 39990 1 39996 40 40038 1 40044 1 40245 2 40253 35 40289 8 40299 3 40308 1 40500 5 40509 34 40547 11 40564 3 40756 6 40765 33 40803 11 40820 4 41011 42 41060 9 41076 4 41267 41 41316 6 41324 1 41333 3 41523 40 41574 1 41590 1 41780 3 41785 33 42042 32 42081 3 42230 2 42235 2 42298 31 42337 4 42350 1 42486 2 42491 3 42554 32 42592 5 42743 1 42747 4 42810 31 42848 7 43004 3 43066 30 43103 8 43261 3 43322 30 43357 10 43501 1 43517 3 43577 31 43611 9 43632 1 43642 2 43767 1 43772 4 43833 31 43867 8 43886 5 43898 1 44023 1 44028 4 44089 30 44123 8 44141 7 44283 5 44345 30 44378 9 44395 10 44414 1 44538 6 44601 43 44650 10 44669 1 44790 2 44794 6 44858 43 44906 10 44924 3 45046 2 45050 3 45054 2 45114 3 45119 40 45162 10 45179 5 45302 2 45309 3 45376 40 45417 11 45435 5 45557 3 45566 2 45632 26 45661 23 45691 3 45813 4 45822 2 45889 25 45919 22 46069 4 46078 2 46145 25 46174 24 46325 4 46334 2 46400 26 46430 26 46581 4 46590 2 46656 26 46686 27 46839 1 46846 2 46912 25 46941 29 46978 1 47103 1 47167 25 47197 29 47233 3 47422 26 47452 31 47489 3 47678 28 47707 32 47744 4 47934 61 48000 3 48190 68 48446 69 48706 66 48774 2 48777 3 48963 74 49143 1 49149 1 49219 74 49476 74 49587 1 49733 72 49989 72 50244 72 50499 5 50507 65 50756 3 50763 66 51019 68 51275 69 51531 69 51602 1 51674 2 51787 69 51858 3 51930 2 52043 76 52165 2 52176 2 52186 2 52299 76 52421 5 52430 5 52443 1 52554 77 52669 4 52677 5 52686 5 52809 79 52924 7 52933 5 52942 5 53064 8 53073 73 53180 7 53189 6 53197 8 53320 10 53331 74 53436 15 53453 8 53575 11 53587 75 53685 2 53692 25 53831 86 53947 25 54087 86 54178 2 54202 26 54342 86 54434 2 54456 28 54598 84 54689 3 54712 27 54759 1 54854 8 54863 74 54944 4 54968 27 55111 5 55119 74 55199 6 55231 1 55233 5 55240 11 55368 2 55371 78 55455 4 55482 2 55486 7 55496 11 55624 2 55627 78 55710 3 55738 2 55741 7 55752 11 55803 1 55880 82 55964 4 55993 10 56009 10 56136 88 56249 9 56266 9 56392 73 56469 5 56476 1 56505 10 56522 9 56647 73 56727 2 56760 5 56768 3 56779 8 56798 1 56904 74 57016 4 57024 3 57035 9 57160 74 57242 1 57272 3 57292 9 57416 74 57497 2 57528 3 57548 8 57563 1 57573 1 57672 73 57752 3 57784 2 57804 8 57819 1 57829 1 57855 1 57928 73 58006 5 58030 2 58060 7 58075 1 58110 2 58187 70 58261 6 58286 2 58316 6 58365 3 58442 4 58447 5 58454 68 58542 3 58572 2 58621 3 58698 3 58703 5 58712 65 58798 3 58817 3 58828 2 58879 1 58954 1 58959 7 58969 66 59054 2 59074 1 59085 1 59210 1 59214 8 59225 67 59300 3 59310 2 59325 2 59341 1 59345 6 59470 8 59482 66 59556 4 59566 1 59580 5 59597 10 59608 2 59727 7 59738 59 59798 7 59812 5 59821 1 59836 5 59853 9 59864 5 59983 6 59994 54 60050 2 60054 7 60068 8 60092 5 60107 11 60240 5 60251 52 60311 5 60324 9 60348 5 60362 12 60506 53 60565 8 60574 1 60580 8 60603 6 60617 11 60762 53 60820 24 60859 5 60872 11 61018 53 61077 22 61117 3 61127 10 61182 2 61274 25 61302 25 61333 17 61352 3 61382 9 61395 1 61415 1 61425 1 61437 3 61530 26 61558 26 61590 15 61608 4 61639 9 61650 1 61670 2 61693 3 61786 26 61814 30 61847 14 61863 5 61896 11 61922 6 61949 3 62046 2 62049 19 62071 29 62101 22 62153 9 62178 6 62196 2 62305 19 62327 51 62410 7 62433 6 62451 3 62561 19 62582 53 62666 6 62689 7 62707 3 62817 19 62838 54 62923 4 62931 2 62944 8 62962 4 63074 18 63094 28 63123 21 63187 3 63200 8 63220 2 63333 15 63350 22 63373 5 63380 19 63444 4 63456 8 63590 14 63606 22 63629 5 63635 18 63700 3 63717 3 63848 6 63855 7 63868 16 63885 24 63965 2 64104 4 64111 6 64125 39 64213 2 64220 3 64370 3 64382 18 64402 17 64460 4 64468 5 64476 4 64638 16 64661 10 64718 2 64724 2 64732 6 64895 13 64918 2 64921 5 64976 2 64988 6 65152 1 65156 9 65177 4 65230 4 65245 3 65413 8 65433 4 65486 5
694806,143 9 185 4 248 6 398 10 441 4 505 4 654 11 696 6 872 2 909 12 952 7 1128 2 1165 16 1208 8 1222 4 1384 3 1421 17 1465 17 1639 5 1671 3 1677 17 1723 17 1888 1 1893 7 1924 26 1964 5 1980 16 2143 3 2147 9 2180 27 2219 6 2237 15 2398 5 2404 7 2437 26 2475 6 2494 14 2531 1 2656 1 2694 26 2731 6 2751 12 2779 1 2786 9 2903 2 2951 26 2987 6 3006 12 3034 2 3042 10 3158 4 3208 25 3244 5 3262 12 3290 3 3297 11 3379 2 3413 6 3465 13 3480 9 3501 2 3518 13 3545 19 3634 4 3669 6 3723 10 3738 7 3773 14 3801 19 3890 4 3924 8 3981 7 3995 4 4028 15 4057 19 4146 4 4180 8 4240 3 4283 16 4313 19 4404 1 4436 8 4538 17 4569 19 4660 1 4693 6 4794 17 4825 18 4950 3 5050 16 5081 18 5305 16 5337 18 5429 2 5561 14 5594 17 5685 4 5816 15 5851 15 5942 4 5967 2 6070 17 6093 3 6111 11 6144 1 6200 2 6220 7 6325 18 6349 3 6368 10 6400 2 6475 9 6581 18 6605 1 6626 7 6656 2 6720 1 6733 7 6837 18 6882 7 6912 2 6976 1 6991 5 7038 4 7095 2 7103 9 7139 5 7168 2 7248 3 7294 5 7360 8 7383 3 7395 5 7424 2 7472 2 7550 4 7617 7 7638 5 7651 5 7680 2 7726 5 7808 1 7873 7 7893 6 7907 5 7936 3 7982 5 8129 6 8151 4 8164 4 8192 3 8239 4 8385 6 8408 2 8421 3 8448 3 8496 3 8641 7 8678 2 8702 5 8896 9 8957 7 9152 9 9213 8 9403 14 9468 10 9657 17 9679 1 9692 2 9724 11 9912 26 9942 9 9980 10 10167 28 10196 12 10225 1 10236 8 10421 44 10480 4 10493 7 10596 2 10677 46 10735 6 10751 5 10851 4 10933 46 10990 8 11008 4 11108 3 11191 44 11241 13 11264 4 11449 43 11496 15 11520 4 11707 41 11752 15 11775 4 11852 4 11964 12 11977 28 12008 15 12029 6 12106 7 12221 40 12265 15 12284 6 12360 9 12478 22 12502 14 12523 13 12540 4 12609 5 12615 9 12735 20 12785 6 12796 4 12864 16 12993 17 13052 4 13120 15 13250 16 13308 4 13377 13 13507 26 13566 2 13612 4 13634 10 13764 26 13864 10 13893 6 14020 27 14118 15 14150 4 14276 28 14372 19 14408 1 14533 29 14626 21 14789 30 14880 23 15046 29 15135 22 15303 8 15312 19 15386 3 15390 10 15401 9 15562 4 15569 18 15642 1 15646 8 15659 7 15813 3 15826 17 15868 4 15898 1 15904 5 15916 6 16067 5 16083 16 16123 5 16161 2 16174 4 16323 6 16340 14 16380 4 16578 8 16598 11 16636 4 16834 11 16854 12 16894 2 16951 3 17044 3 17090 11 17110 12 17151 1 17209 2 17298 7 17346 10 17366 13 17465 2 17551 11 17603 8 17621 14 17806 13 17859 7 17878 13 18062 13 18116 5 18134 12 18317 17 18390 9 18567 24 18822 26 19077 27 19333 8 19343 17 19590 6 19600 15 19846 6 19855 15 20102 7 20111 15 20358 24 20614 23 20870 22 21126 21 21384 5 21397 4 26169 4 26424 5 26556 8 26680 5 26810 11 26935 6 27066 12 27141 4 27191 5 27322 13 27396 6 27447 4 27578 13 27650 9 27702 3 27833 14 27910 5 28090 13 28167 4 28314 3 28346 13 28423 3 28570 4 28602 14 28677 5 28825 6 28858 14 28931 7 29081 6 29114 14 29185 9 29336 6 29371 13 29441 9 29590 7 29627 13 29697 9 29844 7 29884 11 29953 9 30098 10 30140 9 30208 10 30353 11 30397 8 30467 7 30608 17 30654 6 30724 6 30863 20 30912 2 30980 7 31118 21 31236 10 31374 22 31491 13 31630 21 31746 15 31885 8 31895 12 32002 15 32141 6 32152 10 32258 15 32394 8 32409 9 32515 14 32650 8 32771 13 32906 7 33026 13 33162 6 33281 14 33418 5 33537 13 33622 3 33675 2 33794 12 33857 17 33877 7 34050 11 34113 27 34159 6 34309 7 34368 28 34414 10 34550 3 34566 5 34625 26 34670 11 34708 8 34779 2 34805 5 34822 4 34882 25 34926 11 34962 11 35033 7 35060 9 35080 1 35139 23 35182 11 35217 12 35288 9 35316 12 35339 6 35396 12 35412 5 35438 11 35472 13 35544 10 35571 13 35594 8 35654 8 35695 10 35727 13 35800 11 35826 14 35849 9 35912 1 35951 9 35983 12 36056 12 36082 14 36105 8 36208 8 36240 11 36312 12 36337 15 36360 8 36467 4 36497 4 36504 5 36569 11 36593 15 36617 5 36722 5 36754 1 36760 6 36825 11 36849 15 36978 5 37016 6 37082 10 37104 15 37233 7 37273 6 37338 10 37360 13 37489 9 37529 6 37594 10 37615 12 37745 10 37787 5 37850 9 37871 13 38001 11 38044 4 38093 3 38107 7 38119 1 38126 16 38257 12 38300 3 38347 6 38364 6 38373 27 38513 14 38597 13 38620 7 38628 28 38762 22 38851 15 38876 36 39017 24 39073 8 39107 17 39127 1 39131 37 39272 25 39329 10 39363 61 39463 3 39527 26 39584 12 39618 58 39718 5 39782 26 39840 12 39873 5 39880 50 39973 8 40036 27 40091 17 40129 4 40136 47 40229 9 40290 28 40346 18 40384 3 40390 48 40485 10 40544 30 40600 9 40615 6 40640 2 40644 49 40742 9 40800 29 40855 9 40872 5 40887 5 40895 3 40900 48 40999 7 41055 30 41110 10 41128 5 41142 61 41256 6 41310 31 41365 11 41383 6 41397 61 41514 3 41566 30 41619 14 41639 7 41652 62 41822 30 41875 15 41894 11 41908 63 42078 11 42091 16 42132 15 42150 77 42334 12 42347 16 42389 95 42590 28 42647 94 42742 4 42846 28 42877 2 42907 96 43102 28 43132 5 43164 95 43263 1 43339 4 43357 29 43388 5 43421 99 43593 8 43613 29 43644 6 43677 99 43844 1 43848 9 43868 10 43879 18 43900 5 43933 99 44100 1 44109 5 44124 8 44135 16 44156 5 44189 99 44346 3 44366 3 44380 7 44392 12 44412 4 44445 99 44559 3 44601 5 44624 1 44636 7 44649 7 44667 3 44701 99 44814 5 44856 8 44892 6 44907 3 44921 5 44958 98 45070 7 45112 8 45147 4 45164 1 45175 6 45217 95 45326 8 45368 7 45402 5 45419 4 45431 5 45476 92 45583 5 45623 12 45651 3 45658 7 45667 14 45687 4 45733 91 45840 3 45869 2 45878 8 45887 4 45905 7 45914 24 45990 90 46124 4 46134 7 46143 3 46159 11 46173 22 46246 90 46348 1 46380 4 46390 5 46399 3 46412 14 46430 22 46502 90 46603 4 46641 7 46653 5 46664 18 46686 26 46749 99 46853 4 46859 4 46896 7 46908 9 46919 19 46942 28 47004 100 47108 11 47152 6 47165 28 47198 30 47260 100 47364 15 47408 5 47421 28 47454 31 47508 2 47515 101 47620 15 47664 5 47677 27 47710 32 47762 7 47771 101 47876 15 47921 4 47933 27 47965 34 48016 112 48133 14 48178 3 48190 27 48220 38 48269 115 48390 13 48434 3 48446 28 48475 40 48524 116 48647 12 48690 3 48702 28 48731 41 48778 118 48904 1 48907 8 48945 4 48957 72 49031 121 49168 4 49201 5 49211 197 49425 2 49454 1 49457 6 49465 199 49681 1 49708 212 49964 212 50220 212 50476 212 50732 212 50988 108 51101 99 51245 103 51357 99 51501 102 51613 99 51757 102 51867 101 52012 103 52122 102 52268 104 52378 102 52524 105 52633 103 52780 212 53037 211 53293 17 53312 192 53510 2 53550 15 53569 56 53627 133 53764 7 53807 12 53825 55 53886 130 54019 8 54066 8 54082 53 54145 127 54275 10 54324 4 54338 52 54402 126 54530 11 54593 19 54615 31 54664 120 54786 12 54848 18 54870 31 54921 11 54935 105 55043 11 55102 18 55126 31 55160 3 55178 10 55191 104 55299 12 55357 16 55381 38 55435 9 55447 104 55555 12 55613 16 55637 26 55665 9 55691 9 55703 104 55811 11 55868 17 55893 25 55921 7 55948 114 56067 11 56124 17 56149 22 56177 7 56204 114 56324 9 56381 17 56406 18 56425 4 56435 3 56460 114 56581 7 56632 1 56639 16 56662 7 56682 3 56692 1 56716 3 56722 107 56838 5 56887 3 56897 15 56918 9 56938 1 56971 4 56978 107 57095 3 57143 3 57155 15 57174 6 57181 2 57194 1 57226 4 57235 106 57399 3 57411 16 57430 6 57482 4 57496 81 57578 21 57655 3 57667 17 57685 7 57700 3 57737 5 57752 80 57835 21 57871 4 57923 26 57956 3 57994 3 58008 80 58092 5 58099 13 58125 7 58179 26 58212 4 58252 1 58263 80 58348 4 58356 12 58378 10 58434 27 58467 5 58516 83 58602 6 58613 11 58633 6 58641 3 58689 28 58723 5 58732 1 58748 2 58771 93 58869 10 58890 5 58898 2 58945 17 58964 9 58979 5 58988 3 59003 3 59026 9 59037 3 59041 62 59104 16 59124 11 59155 1 59200 14 59221 8 59235 4 59244 3 59258 5 59281 9 59298 61 59360 17 59378 13 59407 7 59456 12 59477 8 59491 4 59501 2 59514 4 59537 8 59553 80 59635 10 59663 7 59713 9 59733 8 59747 4 59757 3 59769 5 59793 7 59809 78 59896 4 59919 7 59969 9 59990 9 60003 2 60014 2 60025 4 60050 5 60066 77 60147 3 60154 2 60175 7 60226 8 60247 11 60270 2 60282 2 60296 2 60307 2 60323 75 60403 3 60411 2 60430 8 60483 7 60504 10 60552 2 60579 76 60656 7 60667 3 60684 10 60740 6 60765 5 60835 42 60878 43 60922 4 60938 11 60996 7 61021 5 61038 2 61091 42 61135 47 61193 12 61253 6 61277 5 61292 4 61346 44 61392 46 61449 12 61509 7 61520 1 61533 5 61548 4 61601 93 61704 12 61765 13 61789 5 61804 5 61856 67 61924 26 61959 12 62021 13 62046 4 62059 6 62111 8 62122 85 62215 8 62276 15 62303 3 62314 7 62364 6 62382 10 62396 49 62448 16 62470 9 62531 15 62570 6 62617 9 62641 7 62653 49 62705 15 62725 6 62733 2 62786 14 62804 1 62826 6 62870 12 62898 4 62910 12 62924 34 62962 11 62982 5 63041 12 63060 1 63081 7 63126 13 63166 49 63220 8 63231 1 63238 4 63296 13 63316 2 63337 2 63341 6 63381 15 63421 50 63478 3 63486 2 63510 2 63551 15 63583 3 63593 9 63636 18 63676 5 63682 45 63734 3 63740 4 63764 6 63806 18 63838 7 63849 7 63892 20 63932 3 63940 44 63989 4 63996 4 64019 7 64062 20 64094 7 64104 8 64148 21 64196 44 64245 4 64252 4 64274 9 64317 22 64350 8 64359 8 64404 22 64430 1 64440 2 64452 44 64501 2 64505 3 64511 1 64530 9 64558 10 64573 23 64607 5 64615 7 64660 25 64707 45 64757 5 64767 1 64784 11 64813 40 64871 7 64916 26 64962 8 64974 34 65013 5 65023 1 65039 11 65068 41 65127 7 65171 28 65217 10 65230 33 65269 5 65295 11 65324 41 65384 7 65427 29 65472 12 65486 33 65529 1 65533 1
695503,0 1535 1536 255 1792 1791 3584 255 3840 253 4096 252 4352 251 4608 251 4864 252 5120 252 5376 132 5509 119 5632 132 5765 119 5888 132 6021 118 6144 131 6276 1 6279 115 6400 132 6536 115 6656 132 6792 115 6912 132 7047 115 7168 132 7302 116 7424 249 7677 1 7680 250 7932 259 8192 255 8448 255 8704 255 8960 255 9216 140 9357 507 9865 55671
701596,10 19 40 6 58 16 128 2 141 9 185 35 239 17 265 21 292 10 303 3 314 16 383 3 398 8 441 35 495 17 521 42 570 16 639 2 654 8 698 34 751 17 777 43 825 14 894 2 909 8 955 33 1008 16 1033 44 1080 11 1149 3 1166 7 1211 33 1264 16 1291 56 1404 4 1422 7 1468 32 1520 16 1547 27 1578 26 1659 4 1679 5 1725 6 1737 19 1776 16 1803 26 1835 25 1888 2 1898 3 1915 3 1922 3 1970 4 1982 5 1995 16 2033 15 2060 25 2091 26 2145 3 2153 5 2177 5 2226 5 2239 4 2252 9 2291 13 2317 7 2332 9 2348 25 2402 3 2409 6 2433 5 2483 2 2486 3 2495 4 2508 9 2553 4 2560 1 2573 7 2590 7 2604 25 2666 7 2688 6 2743 3 2751 5 2765 8 2816 3 2831 9 2847 6 2860 24 2923 8 2941 9 3000 2 3006 7 3022 7 3072 4 3087 10 3104 4 3116 24 3179 10 3196 10 3257 3 3262 8 3278 7 3328 5 3343 11 3372 20 3435 26 3513 13 3536 4 3584 6 3599 11 3629 17 3691 25 3769 4 3776 6 3840 7 3855 11 3886 14 3946 20 4033 5 4096 7 4112 9 4145 9 4202 6 4209 12 4290 4 4352 7 4368 7 4402 7 4460 2 4467 9 4608 6 4626 3 4659 5 4724 8 4865 2 5046 3 5301 5 5376 2 5557 5 5581 5 5632 3 5813 7 5834 10 5879 8 5888 5 6069 7 6088 13 6134 9 6144 7 6326 2 6330 2 6344 13 6358 8 6389 10 6400 9 6586 2 6600 23 6644 11 6656 10 6700 1 6857 23 6900 22 6951 8 7117 8 7126 10 7156 23 7207 8 7375 4 7383 9 7413 22 7464 7 7639 5 7646 2 7670 22 7722 5 7756 3 7895 4 7903 1 7928 21 8011 6 8150 4 8159 1 8186 21 8267 6 8405 4 8443 22 8524 4 8660 4 8699 23 8915 5 8951 1 8955 24 9170 5 9206 29 9426 5 9462 29 9682 6 9718 21 9744 2 9938 6 9974 19 10194 11 10230 19 10450 11 10485 20 10706 11 10741 20 10963 10 10997 20 11209 3 11219 9 11254 19 11465 4 11475 8 11512 17 11721 5 11731 5 11770 15 11876 5 11978 12 12028 13 12080 3 12130 7 12235 10 12286 10 12335 4 12385 8 12492 9 12514 3 12544 7 12592 3 12640 8 12748 10 12770 3 12800 7 12865 5 12894 9 13004 10 13025 4 13056 7 13120 9 13150 8 13260 11 13312 7 13375 12 13407 7 13516 11 13568 6 13630 14 13654 4 13664 5 13772 11 13824 6 13886 15 13909 5 13921 2 14028 11 14080 6 14129 2 14143 15 14164 7 14285 10 14336 5 14384 10 14400 14 14420 8 14522 1 14542 9 14592 5 14638 12 14655 15 14676 8 14798 8 14848 5 14892 15 14911 8 14921 5 14932 7 15036 2 15039 3 15055 7 15104 5 15148 14 15167 6 15178 4 15188 6 15292 7 15311 7 15360 6 15403 14 15423 5 15436 1 15480 3 15548 2 15552 4 15568 5 15616 6 15659 14 15677 7 15736 5 15808 5 15826 2 15869 10 15915 25 15980 1 15993 5 16065 5 16123 13 16172 23 16246 8 16320 7 16377 16 16406 3 16431 20 16501 10 16576 7 16632 19 16661 4 16675 6 16683 23 16756 11 16831 7 16888 22 16917 4 16930 32 17012 12 17086 8 17144 23 17173 4 17185 34 17267 13 17344 6 17400 11 17416 8 17429 5 17441 35 17522 15 17602 3 17655 13 17672 8 17685 5 17697 27 17725 8 17778 15 17859 2 17909 15 17928 11 17941 6 17953 26 17983 7 18020 1 18034 16 18115 2 18163 18 18183 20 18209 27 18240 6 18277 1 18290 16 18408 8 18418 41 18465 27 18497 3 18533 4 18547 15 18662 53 18722 27 18790 3 18805 14 18918 52 18980 25 19047 3 19063 12 19158 2 19165 6 19174 54 19235 27 19303 4 19320 12 19414 3 19420 76 19497 21 19558 5 19577 11 19669 105 19815 5 19836 8 19865 2 19925 106 20072 4 20086 1 20093 7 20120 4 20181 43 20225 49 20277 9 20329 3 20342 1 20350 6 20378 1 20436 44 20482 48 20534 7 20586 2 20596 3 20606 6 20692 44 20742 43 20790 7 20852 3 20863 5 20948 44 21000 25 21026 15 21045 7 21106 5 21120 3 21204 44 21257 39 21301 2 21361 4 21460 44 21513 35 21557 2 21615 3 21717 43 21769 35 21811 5 21973 43 22025 34 22066 7 22230 41 22281 48 22486 42 22537 49 22742 42 22793 13 22809 34 22857 4 22999 41 23049 13 23065 35 23112 6 23256 40 23303 14 23321 35 23368 7 23518 34 23557 16 23577 11 23592 20 23623 8 23648 1 23774 34 23812 17 23833 11 23851 7 23859 10 23879 8 23904 1 24031 33 24068 17 24090 10 24108 1 24118 7 24135 8 24160 1 24288 31 24325 16 24348 5 24375 8 24391 6 24437 2 24544 30 24581 15 24627 3 24633 8 24646 4 24682 1 24692 3 24800 29 24837 14 24882 5 24889 9 24900 1 24938 1 24947 4 25055 29 25093 13 25137 7 25146 12 25192 3 25201 7 25220 2 25310 29 25353 8 25393 7 25401 13 25460 3 25477 1 25566 27 25610 7 25646 1 25649 7 25657 13 25702 1 25717 2 25817 2 25822 26 25867 5 25913 13 26079 24 26170 2 26177 4 26336 21 26434 3 26593 19 26627 4 26690 3 26850 18 26883 3 26946 1 27089 3 27107 16 27202 1 27248 2 27344 4 27364 14 27503 4 27599 6 27621 3 27627 6 27759 5 27855 7 27877 1 27884 3 27976 3 28015 5 28111 7 28133 1 28222 1 28231 4 28271 4 28369 4 28476 4 28486 5 28528 2 28647 1 28731 5 28742 5 28902 2 28987 5 28998 5 29020 1 29244 4 29254 4 29276 1 29501 2 29510 4 29533 2 29768 1 29789 2 29799 2 29963 2 30024 1 30045 3 30054 4 30217 6 30280 1 30300 4 30310 5 30317 4 30324 1 30472 7 30536 1 30556 4 30566 6 30573 5 30580 1 30728 7 30792 1 30811 5 30822 6 30829 6 30984 7 31048 1 31068 3 31079 3 31084 7 31240 6 31286 1 31324 1 31340 8 31552 1 31596 7 31807 2 31850 4 31855 3 31996 4 32063 2 32252 4 32316 2 32509 3 32607 2 32862 4 33117 6 33286 1 33309 2 33372 7 33541 3 33549 7 33564 4 33576 5 33628 6 33796 4 33805 10 33819 6 33831 7 33884 5 34053 2 34061 10 34075 6 34087 8 34140 4 34317 10 34329 9 34343 8 34395 4 34422 2 34574 20 34598 10 34644 4 34649 4 34676 4 34825 2 34831 6 34839 3 34846 1 34849 2 34853 12 34900 4 34905 4 34931 5 34994 3 35080 5 35094 4 35103 18 35156 4 35161 4 35188 3 35250 4 35264 2 35336 6 35350 3 35357 20 35412 4 35420 1 35456 7 35506 5 35519 4 35591 7 35605 5 35611 22 35668 4 35673 4 35712 9 35762 5 35774 7 35846 8 35861 28 35924 4 35929 5 35967 10 36019 4 36029 8 36102 7 36117 28 36184 6 36196 1 36223 11 36265 6 36275 4 36284 9 36352 2 36358 6 36373 28 36440 7 36480 10 36519 8 36532 3 36540 9 36608 4 36629 27 36696 7 36733 13 36774 12 36796 9 36864 5 36885 25 36953 6 36989 14 37029 14 37052 10 37120 5 37141 24 37209 6 37244 15 37285 14 37309 11 37376 5 37397 22 37466 6 37499 21 37542 13 37565 13 37632 6 37653 19 37724 5 37755 15 37771 8 37799 13 37821 13 37888 7 37909 18 37980 6 38010 14 38028 8 38056 13 38078 12 38144 8 38164 18 38214 3 38236 6 38265 14 38284 9 38312 14 38336 10 38400 9 38419 15 38467 9 38492 7 38514 21 38541 8 38572 10 38593 8 38656 10 38675 13 38722 11 38749 9 38770 21 38796 9 38828 11 38850 7 38912 11 38931 13 38977 12 39006 13 39025 22 39052 8 39085 11 39107 5 39168 11 39187 11 39233 14 39263 12 39282 23 39308 7 39342 11 39364 3 39424 25 39490 15 39520 11 39538 33 39599 11 39680 24 39746 8 39756 6 39776 10 39795 30 39856 10 39936 21 40003 6 40013 6 40033 8 40054 12 40068 12 40114 7 40193 19 40260 5 40270 5 40290 7 40311 11 40324 12 40370 6 40450 7 40459 9 40515 7 40527 4 40548 4 40567 10 40580 11 40707 4 40715 9 40771 8 40784 3 40823 10 40837 10 40971 8 41026 11 41040 4 41072 3 41079 10 41093 10 41135 1 41227 8 41282 18 41328 17 41350 9 41390 2 41465 1 41482 8 41537 19 41583 18 41607 8 41645 3 41707 1 41717 7 41738 7 41777 4 41783 3 41792 20 41839 17 41864 7 41900 4 41963 1 41972 12 41993 8 42032 12 42045 23 42097 14 42122 5 42155 6 42225 15 42249 8 42288 35 42338 5 42354 13 42402 4 42409 10 42480 16 42505 8 42544 35 42592 8 42612 11 42656 20 42736 16 42761 8 42799 35 42847 9 42869 9 42891 2 42903 3 42912 20 42992 16 43018 7 43055 35 43102 9 43125 9 43146 4 43155 7 43168 20 43248 16 43274 7 43310 36 43358 8 43382 7 43401 5 43411 6 43425 18 43504 16 43531 6 43553 2 43558 3 43564 38 43613 8 43639 5 43657 5 43668 5 43682 16 43760 16 43787 6 43808 50 43870 6 43913 5 43925 2 43940 13 44018 14 44045 2 44063 52 44126 5 44170 4 44198 10 44240 4 44276 12 44318 53 44383 3 44426 5 44454 9 44495 6 44533 11 44564 2 44574 53 44682 5 44711 6 44750 8 44790 10 44820 2 44830 52 44939 4 45006 9 45050 6 45085 51 45152 4 45195 4 45262 10 45307 5 45313 4 45341 51 45408 5 45451 4 45519 9 45564 10 45597 51 45664 6 45708 3 45757 5 45775 8 45820 11 45852 53 45920 6 46011 8 46032 6 46076 11 46108 57 46177 4 46266 9 46288 7 46324 18 46364 59 46434 3 46517 3 46522 10 46544 7 46579 10 46592 5 46620 60 46770 18 46800 7 46837 8 46848 4 46876 62 46939 4 47025 18 47044 3 47056 7 47098 3 47133 68 47280 18 47300 4 47312 8 47355 3 47389 71 47535 19 47556 5 47562 14 47613 1 47646 73 47783 21 47806 2 47815 16 47903 73 48038 21 48072 14 48165 67 48293 29 48329 12 48423 66 48536 3 48548 30 48586 10 48621 1 48646 4 48651 6 48679 66 48772 3 48781 4 48790 6 48804 30 48842 9 48900 28 48935 66 49026 16 49045 7 49059 31 49099 6 49157 28 49191 66 49280 18 49301 9 49315 32 49356 5 49369 4 49384 2 49413 29 49446 67 49535 68 49612 5 49624 6 49639 4 49669 29 49702 67 49790 20 49811 38 49850 11 49868 4 49878 9 49894 4 49925 31 49957 67 50045 21 50067 38 50106 12 50121 7 50133 10 50149 5 50181 98 50301 21 50324 51 50378 3 50383 3 50387 12 50400 10 50436 90 50530 4 50557 75 50634 4 50639 26 50692 91 50813 108 50947 92 51069 72 51142 34 51184 2 51203 92 51324 72 51400 19 51420 12 51438 4 51458 94 51581 71 51657 16 51677 10 51693 4 51712 96 51837 71 51911 18 51934 8 51949 4 51968 96 52094 91 52190 7 52204 5 52224 95 52350 6 52360 82 52460 4 52480 95 52607 3 52617 81 52716 4 52736 95 52863 2 52872 81 52971 4 52992 8 53002 85 53119 2 53128 81 53227 4 53248 8 53258 87 53373 4 53384 81 53474 3 53483 5 53504 7 53514 89 53628 6 53640 81 53729 5 53739 6 53760 6 53769 89 53883 8 53896 78 53985 5 53995 6 54016 5 54025 89 54138 10 54152 74 54240 6 54251 6 54272 4 54280 90 54394 11 54409 73 54495 7 54509 3 54528 3 54536 91 54649 13 54666 72 54750 8 54784 3 54790 94 54898 95 55005 9 55044 32 55081 59 55150 99 55259 10 55299 31 55337 59 55405 94 55500 8 55513 12 55555 30 55594 3 55602 50 55660 95 55757 8 55768 13 55809 32 55858 50 55916 117 56035 1 56064 33 56114 55 56171 117 56320 35 56369 55 56428 116 56549 1 56576 36 56625 55 56685 5 56693 106 56805 1 56832 37 56881 54 56942 3 56949 98 57059 3 57088 37 57138 52 57198 1 57204 99 57314 3 57343 17 57362 18 57397 48 57460 99 57569 3 57599 16 57619 17 57654 47 57716 2 57719 96 57824 3 57854 19 57874 17 57911 45 57972 1 57975 94 58079 3 58109 37 58167 44 58231 21 58255 70 58334 3 58365 36 58424 10 58435 23 58463 3 58488 105 58620 4 58625 32 58680 9 58692 19 58752 97 58875 39 58937 27 59009 94 59132 38 59193 18 59213 7 59266 2 59269 89 59388 22 59411 15 59451 15 59469 14 59500 1 59526 11 59539 3 59544 2 59548 63 59643 21 59668 15 59708 14 59725 15 59755 2 59785 7 59796 1 59800 2 59805 60 59874 2 59891 3 59899 19 59924 14 59964 15 59981 16 60011 2 60041 8 60052 64 60145 6 60154 19 60180 14 60221 34 60298 34 60336 34 60400 28 60436 13 60485 26 60554 34 60592 35 60656 27 60693 11 60741 26 60810 33 60848 3 60852 31 60912 26 60950 8 60998 25 61065 34 61108 31 61166 27 61207 6 61254 25 61320 35 61365 30 61421 28 61510 26 61560 3 61575 36 61622 29 61657 3 61677 27 61766 27 61800 3 61815 5 61830 37 61879 28 61911 5 61929 30 62022 28 62054 6 62071 4 62086 36 62135 27 62167 4 62184 24 62209 5 62279 37 62327 4 62341 37 62392 25 62423 3 62436 28 62531 44 62581 5 62598 25 62629 3 62648 22 62692 28 62785 46 62836 4 62854 24 62885 1 62905 18 62947 29 63040 44 63093 6 63113 21 63161 18 63203 29 63295 45 63351 10 63371 18 63418 17 63459 29 63551 9 63561 23 63585 10 63607 10 63628 17 63678 14 63716 28 63773 4 63806 10 63819 18 63842 9 63863 12 63884 16 63935 13 63972 28 64028 5 64062 9 64075 21 64097 9 64120 10 64140 15 64192 13 64229 36 64283 7 64316 10 64332 29 64376 10 64397 12 64448 13 64485 44 64536 10 64572 10 64589 28 64633 8 64652 11 64703 14 64742 46 64789 13 64827 11 64846 20 64867 3 64890 7 64907 11 64957 16 64999 59 65083 11 65103 19 65125 4 65147 6 65163 12 65213 15 65255 59 65338 13 65360 17 65382 3 65404 4 65419 12 65469 15 65512 24
702433,0 65536
711772, 
715702,0 65536
719371,0 17 69 204 324 205 579 206 834 207 1089 209 1338 217 1592 220 1838 6 1845 229 2093 204 2298 34 2349 204 2554 35 2606 203 2811 35 2862 203 3067 35 3117 204 3324 34 3368 209 3580 35 3622 210 3836 35 3877 211 4092 35 4133 211 4349 34 4388 213 4605 2 4608 31 4643 215 4861 2 4864 31 4899 216 5116 35 5155 252 5411 252 5667 15 5685 234 5925 3 5929 6 5948 12 5963 212 6206 8 6219 212 6476 211 6733 210 6990 209 7248 207 7505 205 7763 204 8020 203 8277 203 8533 204 8789 204 9045 205 9301 205 9559 5 9571 190 9828 189 10084 188 10340 187 10596 185 10852 184 11107 184 11363 183 11619 181 11874 182 12130 182 12386 184 12643 183 12899 184 13088 2 13158 181 13342 6 13422 184 13679 185 13935 184 14192 183 14448 180 14705 179 14963 178 15225 172 15426 3 15483 92 15576 78 15682 4 15739 90 15832 78 15937 8 15996 88 16088 79 16193 10 16252 86 16344 84 16449 11 16509 84 16600 85 16706 10 16722 2 16765 84 16855 87 16962 10 16977 4 17022 8 17033 72 17111 87 17218 10 17232 6 17278 7 17287 74 17366 90 17474 10 17487 7 17536 1 17543 74 17622 94 17730 9 17743 8 17798 75 17877 98 17986 8 17999 8 18054 75 18132 100 18242 7 18255 9 18309 76 18388 100 18498 6 18511 9 18564 75 18644 101 18754 6 18767 9 18818 75 18901 72 18977 24 19011 4 19023 9 19073 27 19103 43 19157 72 19233 23 19268 2 19279 9 19329 27 19360 41 19409 75 19490 22 19535 8 19584 28 19616 41 19664 76 19747 19 19782 1 19791 8 19840 28 19872 41 19918 78 20008 5 20017 3 20038 1 20047 7 20096 29 20128 41 20173 79 20303 7 20352 155 20559 7 20607 157 20816 5 20856 164 21073 3 21111 163 21330 1 21366 161 21621 161 21873 164 22074 1 22079 8 22094 3 22123 56 22181 111 22327 15 22349 4 22378 58 22437 110 22583 15 22605 4 22634 169 22838 16 22861 4 22890 169 23093 17 23117 3 23146 169 23349 16 23374 1 23402 168 23604 17 23658 168 23862 15 23884 11 23916 164 24086 4 24121 12 24139 13 24177 157 24342 4 24379 10 24394 15 24428 160 24598 4 24636 8 24648 18 24683 162 24890 11 24903 19 24937 166 25145 34 25193 168 25400 36 25447 171 25655 220 25911 221 26138 2 26167 221 26392 5 26402 4 26422 222 26646 8 26657 7 26670 78 26751 159 26913 7 26924 80 27007 159 27169 91 27263 158 27426 90 27519 158 27683 89 27775 157 27939 249 28195 108 28305 139 28450 108 28561 138 28706 108 28817 137 28962 107 29074 136 29218 106 29330 136 29473 106 29585 137 29728 103 29841 246 30096 248 30352 249 30608 250 30864 252 31120 253 31376 254 31633 255 31889 2098 33988 253 34244 251 34500 250 34756 249 35011 250 35267 249 35523 248 35779 246 36036 244 36293 234 36550 233 36806 233 37061 223 37287 9 37317 222 37545 8 37572 220 37801 8 37828 218 38057 8 38083 218 38314 7 38339 215 38571 5 38594 213 38846 215 39096 220 39351 222 39605 224 39860 225 40116 225 40372 225 40628 225 40885 4 40894 215 41153 212 41411 209 41668 208 41925 206 42182 205 42438 204 42694 203 42950 202 43208 199 43466 196 43723 194 43980 192 44237 190 44493 189 44754 184 45011 183 45267 183 45523 183 45779 182 46035 182 46266 2 46291 182 46520 5 46547 181 46773 10 46803 181 47028 12 47058 181 47284 14 47314 181 47539 17 47569 181 47795 18 47824 182 48015 2 48026 4 48050 19 48078 182 48268 21 48306 20 48333 182 48524 23 48548 6 48561 22 48588 182 48779 33 48815 24 48843 183 49034 248 49290 249 49546 250 49803 250 50060 250 50321 245 50577 245 50833 244 51089 244 51345 244 51601 244 51856 245 52111 245 52366 246 52622 246 52877 246 53133 246 53389 245 53645 244 53901 243 54157 243 54413 242 54669 242 54925 242 55181 242 55437 244 55694 245 55953 243 56213 240 56467 243 56723 244 56979 244 57235 245 57491 245 57748 244 58005 243 58262 37 58300 204 58520 34 58560 199 58777 32 58817 198 59033 33 59074 197 59289 33 59332 14 59349 177 59544 34 59589 13 59606 175 59797 36 59847 11 59864 172 60053 36 60105 8 60121 170 60308 37 60363 4 60379 167 60565 32 60635 167 60821 30 60892 166 61077 30 61147 167 61334 29 61403 166 61590 30 61659 166 61846 30 61915 166 62102 31 62171 165 62358 32 62426 166 62614 33 62682 166 62870 34 62938 165 63127 33 63194 165 63383 33 63450 165 63638 34 63706 164 63894 28 63924 2 63962 71 64036 90 64149 29 64217 67 64285 4 64294 14 64309 73 64405 30 64472 69 64550 87 64661 31 64726 71 64806 86 64917 8 64929 20 64980 74 65062 86 65174 6 65187 17 65235 76 65318 85 65430 6 65443 17 65490 46
722180,0 231 256 230 512 231 768 231 1024 232 1280 232 1536 232 1792 232 2048 233 2304 233 2560 233 2816 233 3072 233 3328 233 3584 234 3840 234 4096 234 4352 235 4608 235 4864 235 5120 235 5376 235 5632 235 5888 236 6144 236 6400 236 6656 236 6912 237 7168 237 7424 237 7680 237 7936 238 8192 238 8448 239 8704 239 8960 239 9216 239 9472 239 9728 239 9984 239 10240 240 10496 240 10752 240 11008 241 11264 241 11520 241 11776 241 12032 241 12288 241 12544 242 12800 242 13056 242 13312 242 13568 243 13824 243 14080 243 14336 243 14592 243 14848 243 15104 244 15360 244 15616 244 15872 245 16128 245 16384 245 16640 245 16896 246 17152 246 17408 246 17664 247 17920 247 18176 247 18432 247 18688 247 18944 247 19200 247 19456 248 19712 248 19968 248 20224 249 20480 249 20736 249 20992 249 21248 249 21504 250 21760 250 22016 250 22272 250 22528 251 22784 251 23040 251 23296 251 23552 251 23808 251 24064 252 24320 252 24576 252 24832 253 25088 253 25344 253 25599 254 25854 39682
726981,28 27 107 28 285 26 363 27 542 25 618 28 801 23 874 10 888 7 898 3 1060 22 1129 11 1249 6 1317 22 1384 11 1504 9 1573 22 1640 11 1760 10 1829 22 1895 11 2014 13 2085 22 2150 12 2269 16 2341 22 2406 12 2524 19 2597 21 2662 11 2779 23 2853 20 2918 10 3035 23 3109 20 3175 8 3290 25 3321 3 3366 18 3431 8 3448 2 3546 36 3623 15 3687 8 3704 3 3802 37 3879 13 3944 6 4057 39 4136 10 4200 6 4311 41 4394 6 4457 4 4565 43 4820 44 5075 45 5330 46 5430 6 5586 46 5678 16 5842 47 5933 18 6098 48 6189 19 6354 49 6445 19 6610 49 6700 21 6865 50 6955 21 7115 56 7207 25 7370 57 7463 17 7481 7 7625 58 7719 15 7737 8 7880 59 7975 15 7993 10 8136 58 8232 14 8249 12 8392 57 8467 3 8489 13 8504 14 8647 57 8723 4 8745 13 8759 16 8903 57 8978 5 9001 31 9158 57 9234 5 9257 31 9414 57 9491 4 9513 31 9670 56 9747 5 9768 32 9926 56 10003 5 10022 34 10096 2 10182 55 10259 5 10277 34 10352 3 10437 55 10516 5 10533 34 10607 4 10692 56 10772 6 10788 34 10863 4 10947 57 11028 7 11044 34 11119 4 11203 56 11284 7 11299 34 11375 3 11459 56 11540 8 11555 34 11715 48 11764 6 11796 8 11810 35 11970 48 12020 6 12053 8 12065 36 12226 49 12278 2 12309 8 12319 38 12442 4 12482 49 12566 48 12698 5 12737 50 12823 47 12953 7 12993 40 13035 7 13080 45 13198 21 13250 37 13337 43 13453 24 13507 33 13593 44 13708 26 13765 30 13849 45 13961 30 14022 22 14047 3 14104 46 14216 31 14278 20 14360 47 14471 32 14534 20 14616 47 14727 32 14790 16 14872 47 14982 33 15045 17 15129 46 15236 35 15301 17 15325 2 15387 44 15483 3 15491 35 15556 18 15580 9 15641 47 15737 7 15747 35 15813 16 15836 9 15896 48 15989 50 16069 16 16092 9 16151 49 16242 53 16310 2 16325 15 16349 6 16406 50 16497 54 16564 5 16581 15 16606 4 16662 50 16750 56 16820 6 16837 13 16918 50 17005 56 17076 7 17093 12 17112 5 17169 2 17174 49 17260 56 17320 4 17330 12 17349 11 17367 8 17423 6 17431 48 17515 55 17576 25 17605 10 17622 9 17669 1 17678 7 17687 48 17771 55 17830 27 17862 9 17878 9 17923 5 17934 8 17943 47 18026 56 18085 28 18119 7 18134 9 18178 6 18190 55 18282 56 18339 29 18375 7 18389 10 18433 7 18446 54 18537 86 18632 6 18645 9 18687 1 18689 6 18702 53 18793 86 18888 5 18900 9 18919 1 18945 5 18959 51 19049 86 19144 5 19156 9 19175 2 19197 1 19203 2 19215 51 19304 87 19399 5 19412 8 19431 1 19471 50 19560 88 19655 3 19667 8 19726 51 19815 90 19923 6 19963 1 19981 51 20071 91 20177 6 20219 1 20237 50 20326 93 20432 6 20475 1 20491 50 20582 94 20687 6 20727 4 20746 51 20837 96 20942 6 20953 4 20982 5 21001 51 21092 97 21198 6 21208 6 21236 7 21256 53 21348 97 21454 6 21463 7 21479 5 21491 8 21511 54 21603 97 21709 7 21718 8 21735 6 21746 9 21767 55 21859 96 21965 17 21991 6 22002 8 22022 57 22114 96 22220 6 22228 10 22248 5 22257 9 22278 57 22370 95 22475 19 22504 5 22512 9 22533 59 22626 95 22730 20 22761 4 22766 10 22789 58 22882 94 22986 20 23016 17 23034 3 23040 1 23045 58 23137 95 23242 20 23272 26 23299 60 23393 94 23498 20 23528 22 23552 63 23648 95 23753 21 23783 21 23808 62 23903 96 24010 20 24039 19 24064 61 24158 97 24267 19 24295 19 24320 59 24413 64 24478 36 24524 18 24549 20 24576 57 24668 58 24729 3 24736 36 24780 18 24802 19 24822 3 24834 52 24923 57 24993 36 25036 18 25058 23 25092 49 25179 57 25249 36 25293 44 25349 47 25434 57 25506 35 25549 44 25606 4 25614 36 25690 56 25762 35 25805 44 25851 1 25862 3 25870 35 25945 56 26018 35 26060 45 26118 1 26126 33 26201 56 26274 35 26316 45 26372 4 26382 23 26407 7 26457 55 26530 35 26570 49 26628 4 26637 23 26666 2 26713 55 26786 34 26825 51 26882 6 26892 24 26969 53 27042 35 27080 52 27136 8 27148 24 27226 27 27256 20 27298 35 27336 51 27392 8 27404 25 27482 25 27510 20 27554 89 27648 8 27660 25 27739 23 27765 21 27810 7 27818 82 27904 10 27916 14 27932 9 27995 23 28022 19 28066 7 28076 80 28160 17 28180 4 28189 7 28251 23 28278 19 28322 7 28334 79 28416 13 28446 5 28508 22 28533 19 28579 6 28592 77 28672 9 28766 20 28789 12 28803 4 28835 6 28849 76 28928 6 29024 32 29092 4 29106 76 29184 5 29285 27 29363 76 29542 25 29619 76 29798 24 29875 77 29972 2 30054 24 30131 76 30227 4 30310 23 30386 76 30483 4 30565 23 30642 76 30739 4 30821 22 30899 75 30995 3 31076 22 31155 74 31331 14 31348 4 31411 73 31495 1 31587 14 31666 74 31746 7 31757 2 31761 2 31833 6 31842 16 31920 76 32002 7 32017 1 32087 27 32176 75 32259 5 32342 28 32431 76 32598 28 32688 77 32854 28 32944 78 33111 26 33200 78 33367 14 33386 3 33457 77 33623 15 33713 77 33792 1 33880 14 33969 4 33976 70 34048 1 34136 14 34225 4 34233 69 34393 13 34407 4 34479 6 34489 69 34650 17 34735 5 34746 68 34880 5 34907 15 34991 5 35003 67 35135 7 35150 3 35165 12 35248 2 35259 67 35389 11 35405 5 35422 10 35515 67 35644 13 35661 7 35684 1 35770 67 35900 14 35917 10 36024 68 36155 29 36279 66 36410 31 36533 68 36665 33 36789 68 36920 34 37045 68 37176 34 37301 68 37431 35 37557 68 37687 35 37812 69 37944 5 37953 24 38068 59 38128 9 38201 2 38211 22 38323 24 38350 33 38384 9 38470 19 38579 24 38607 32 38642 8 38733 12 38835 23 38863 32 38900 6 38990 12 39091 23 39119 33 39157 5 39247 11 39347 23 39374 34 39414 4 39429 2 39503 11 39603 24 39630 35 39669 5 39684 6 39759 11 39858 64 39926 4 39940 6 40014 11 40114 63 40183 3 40189 3 40198 3 40270 11 40370 63 40447 1 40455 2 40526 12 40625 30 40657 1 40661 1 40663 26 40782 12 40881 30 40919 26 40965 2 41038 13 41106 3 41136 32 41175 27 41220 3 41294 13 41361 5 41392 33 41432 28 41486 3 41550 13 41616 6 41647 35 41689 28 41728 2 41741 4 41807 11 41870 8 41903 11 41917 21 41952 24 41984 8 41997 4 42063 9 42125 9 42157 12 42179 15 42208 24 42240 10 42255 1 42319 8 42368 2 42380 10 42412 13 42436 14 42463 24 42496 10 42575 7 42624 3 42636 10 42667 14 42692 14 42716 26 42752 11 42831 7 42881 3 42892 10 42922 14 42949 12 42969 29 43008 11 43070 5 43086 8 43138 2 43148 10 43177 15 43206 4 43213 4 43222 32 43261 1 43264 11 43325 7 43342 9 43394 3 43404 10 43432 16 43469 40 43515 3 43520 11 43581 7 43599 9 43650 3 43660 10 43687 17 43725 20 43747 17 43771 16 43837 7 43855 10 43906 2 43917 9 43941 19 43981 20 44003 16 44027 15 44091 9 44112 10 44162 1 44173 8 44196 20 44237 20 44259 8 44284 14 44346 9 44368 10 44430 5 44447 25 44493 30 44540 14 44602 9 44625 8 44700 31 44748 9 44766 12 44796 14 44857 10 44881 5 44956 32 45004 8 45022 11 45051 15 45113 10 45136 5 45211 35 45260 7 45278 11 45307 16 45368 11 45392 4 45467 36 45516 7 45534 11 45563 15 45624 11 45648 3 45724 37 45772 7 45789 12 45819 15 45879 12 45980 38 46028 6 46043 14 46074 15 46134 13 46236 38 46284 6 46298 15 46330 14 46390 13 46454 4 46492 38 46540 6 46553 17 46585 14 46646 13 46710 5 46748 29 46780 7 46795 7 46808 20 46841 13 46901 14 46966 5 47003 29 47037 6 47051 8 47063 22 47096 12 47157 14 47221 6 47259 28 47294 4 47306 11 47318 24 47351 12 47413 14 47477 6 47515 25 47552 1 47562 38 47602 3 47606 12 47669 13 47733 7 47771 24 47818 55 47926 10 47989 6 48027 23 48074 54 48182 8 48247 4 48276 4 48282 25 48317 2 48329 55 48439 5 48531 31 48572 4 48584 56 48696 3 48786 32 48829 3 48838 58 49041 32 49085 2 49092 25 49118 34 49296 32 49348 60 49552 32 49603 61 49809 30 49859 46 49912 6 50066 12 50080 14 50115 45 50323 10 50336 12 50370 45 50581 7 50592 11 50626 44 50838 6 50848 10 50881 45 51104 9 51137 10 51148 15 51166 15 51359 9 51392 27 51420 15 51614 10 51642 47 51870 10 51895 49 52127 9 52150 50 52383 8 52405 52 52639 8 52661 20 52683 31 52895 10 52917 21 52940 30 53092 3 53151 12 53172 22 53197 29 53348 3 53406 14 53428 22 53455 22 53570 1 53604 3 53661 15 53684 22 53712 19 53825 2 53862 1 53869 4 53915 17 53939 24 53968 3 53976 11 54080 3 54124 5 54170 18 54194 28 54223 4 54234 12 54330 2 54336 1 54379 6 54425 14 54440 3 54450 34 54489 13 54584 6 54628 3 54634 7 54681 14 54706 34 54744 15 54840 6 54884 3 54890 6 54937 14 54961 35 55000 15 55099 4 55140 4 55146 6 55193 17 55215 37 55255 16 55356 1 55396 4 55404 1 55449 59 55511 16 55652 3 55706 58 55766 17 55908 3 55962 58 56022 16 56218 57 56279 15 56473 56 56534 15 56622 3 56728 57 56790 15 56878 2 56984 56 57048 12 57132 3 57238 57 57305 10 57388 2 57494 57 57563 7 57642 3 57695 2 57750 56 57821 5 57897 4 57951 2 58005 57 58077 2 58151 5 58207 2 58261 57 58333 1 58407 4 58517 57 58588 3 58658 9 58773 32 58807 23 58844 4 58912 11 59029 31 59062 25 59098 8 59166 13 59285 8 59294 22 59318 25 59354 9 59390 2 59422 13 59516 3 59542 6 59551 21 59574 13 59588 11 59610 10 59645 3 59677 14 59771 5 59798 5 59807 22 59830 13 59844 11 59865 11 59900 4 59932 16 60027 5 60056 1 60064 46 60122 10 60156 4 60188 16 60283 6 60321 45 60378 11 60412 4 60443 18 60475 2 60539 7 60577 44 60635 10 60668 4 60699 23 60727 8 60795 7 60835 41 60892 9 60924 4 60954 36 61051 7 61092 35 61149 7 61180 4 61210 35 61307 7 61349 31 61405 7 61436 4 61465 36 61564 5 61606 29 61661 7 61693 3 61721 36 61863 28 61909 2 61917 7 61949 3 61977 36 62119 28 62165 2 62174 4 62204 4 62233 36 62375 27 62404 9 62420 4 62459 5 62490 35 62631 38 62677 1 62715 5 62746 35 62868 4 62880 4 62886 39 62970 6 63003 34 63123 5 63136 44 63227 5 63260 33 63377 7 63392 44 63483 5 63518 30 63560 1 63632 9 63648 43 63741 3 63775 27 63815 2 63885 12 63904 42 63999 1 64032 25 64069 4 64139 15 64160 41 64289 24 64325 4 64394 19 64414 43 64545 24 64580 5 64650 63 64801 25 64836 6 64906 64 65057 25 65093 5 65163 62 65313 26 65349 6 65420 61
732471, 
734470,0 2 8 3 17 17 111 28 256 5 263 4 272 19 367 30 512 10 527 20 582 1 622 31 768 8 783 20 835 5 872 34 1024 7 1039 21 1089 8 1126 35 1280 6 1295 21 1340 14 1381 37 1536 5 1551 21 1591 25 1637 42 1792 4 1807 22 1846 28 1892 45 2048 4 2063 23 2101 30 2148 46 2304 3 2320 22 2356 32 2404 46 2560 3 2577 21 2611 34 2660 47 2816 3 2834 19 2858 1 2865 37 2916 48 3072 3 3091 17 3114 1 3120 39 3173 48 3328 4 3347 14 3375 41 3429 50 3584 4 3603 10 3629 43 3678 1 3685 54 3840 4 3859 8 3878 1 3880 4 3885 43 3934 1 3942 55 4096 3 4103 2 4114 7 4132 52 4190 1 4198 58 4352 3 4358 5 4370 3 4388 52 4445 2 4455 59 4608 3 4613 7 4625 4 4644 51 4700 3 4711 60 4865 9 4881 5 4900 51 4967 62 5121 8 5137 6 5156 50 5224 61 5376 9 5394 7 5412 50 5472 3 5481 61 5632 25 5667 51 5726 8 5737 63 5888 24 5923 51 5979 77 6144 24 6179 51 6235 78 6400 23 6435 51 6490 79 6656 23 6691 50 6745 80 6912 23 6946 50 7001 80 7168 24 7200 52 7257 80 7424 25 7454 53 7513 80 7680 83 7766 84 7936 84 8021 85 8192 170 8448 84 8533 85 8704 80 8789 85 8960 80 9044 86 9216 79 9300 86 9472 80 9556 86 9728 80 9812 87 9984 173 10240 88 10329 85 10496 88 10585 86 10752 88 10841 86 11008 88 11097 86 11264 175 11520 175 11776 174 12032 173 12288 171 12544 171 12800 171 13056 172 13312 173 13568 174 13824 175 14080 175 14336 175 14592 176 14848 84 14933 91 15104 84 15189 92 15360 83 15445 92 15616 84 15701 92 15872 176 16128 176 16384 175 16640 174 16896 173 17152 173 17408 173 17664 173 17920 174 18176 174 18432 174 18688 174 18944 175 19200 176 19456 177 19712 177 19968 177 20224 177 20480 177 20736 178 20992 179 21248 179 21504 179 21760 179 22016 178 22272 179 22528 180 22784 179 23040 179 23296 179 23552 179 23808 180 24064 180 24258 2 24320 180 24514 3 24576 180 24769 5 24832 181 25024 6 25088 178 25268 9 25280 7 25344 178 25523 20 25600 200 25856 200 26112 200 26368 201 26624 201 26880 201 27136 201 27392 202 27648 202 27904 202 28160 202 28416 203 28672 203 28928 203 29184 203 29440 203 29696 203 29952 203 30208 203 30464 203 30720 204 30976 204 31232 204 31488 204 31744 205 32000 205 32256 206 32512 206 32768 206 33024 206 33280 207 33536 207 33792 207 34048 207 34304 207 34560 207 34816 207 35072 208 35328 208 35584 209 35840 209 36096 209 36352 209 36608 209 36864 210 37120 198 37321 9 37376 198 37578 8 37632 197 37835 7 37888 196 38092 6 38144 196 38349 4 38400 196 38656 197 38912 198 39168 199 39424 199 39680 200 39936 200 40192 200 40448 200 40704 199 40960 199 41216 199 41472 200 41728 199 41984 199 42240 198 42496 199 42752 199 43008 199 43264 200 43520 201 43776 202 44032 202 44288 202 44544 202 44800 202 45056 202 45312 202 45568 202 45824 203 46080 204 46336 205 46592 206 46848 206 47104 203 47360 202 47616 202 47872 203 48128 205 48334 2 48384 208 48640 209 48896 209 49152 207 49408 205 49664 204 49920 201 50176 198 50432 197 50688 197 50944 197 51200 196 51456 196 51712 195 51968 195 52224 196 52480 197 52736 197 52992 197 53248 197 53504 125 53632 1 53636 65 53760 116 53877 7 53889 3 53893 64 54016 115 54134 5 54145 2 54150 62 54272 114 54388 6 54407 60 54528 122 54665 57 54784 121 54922 2 54925 52 55040 120 55181 48 55296 121 55437 47 55552 121 55692 47 55808 122 55948 45 56064 122 56205 43 56320 123 56461 43 56576 124 56718 20 56741 19 56832 126 56973 21 56997 20 57088 127 57229 20 57254 19 57344 127 57485 19 57510 18 57600 127 57741 16 57766 16 57856 127 57996 19 58023 1 58025 5 58032 2 58112 127 58251 7 58263 8 58282 2 58368 125 58506 7 58519 8 58538 2 58624 124 58761 6 58775 8 58794 2 58880 126 59017 5 59032 8 59050 2 59136 128 59274 4 59288 8 59308 1 59392 127 59531 2 59545 8 59648 128 59801 9 59904 131 60044 1 60055 12 60160 132 60299 2 60310 13 60416 133 60552 6 60567 13 60582 2 60672 143 60825 16 60928 143 61081 12 61094 2 61128 5 61184 143 61340 8 61382 8 61440 144 61593 12 61629 18 61696 145 61849 12 61881 23 61952 145 62105 8 62136 24 62208 145 62360 8 62392 24 62464 144 62617 3 62647 25 62720 144 62903 24 62976 144 63159 25 63232 145 63415 25 63488 144 63670 28 63744 141 63925 31 64000 144 64179 35 64256 145 64406 1 64433 39 64512 146 64661 3 64671 1 64688 39 64768 153 64926 3 64943 38 65024 153 65182 3 65199 38 65280 154 65435 6 65454 39 65495 1 65498 1
737692,0 46080 46081 255 46337 19199
747518,0 65536
748680,0 18246 18249 252 18506 253 18761 255 19017 2742 21760 848 22609 255 22865 255 23121 255 23377 9999 33379 253 33635 252 33892 251 34149 251 34401 3 34405 255 34661 255 34917 255 35173 255 35429 5 35436 246 35686 1 35693 243 35949 243 36207 240 36464 239 36720 240 36976 240 37235 236 37491 236 37747 236 38002 237 38259 236 38516 236 38772 236 39028 237 39284 238 39540 238 39797 239 40054 238 40310 237 40567 236 40825 234 41083 232 41339 231 41595 231 41850 231 42106 230 42362 230 42618 230 42876 229 43109 2 43133 234 43389 235 43644 236 43900 236 44156 237 44412 239 44669 239 44926 239 45182 243 45438 246 45694 247 45950 248 46205 250 46460 252 46716 254 46971 18565
769836,0 109 256 109 512 109 768 109 1024 109 1280 110 1536 110 1792 111 2048 111 2304 111 2560 111 2816 112 3072 112 3328 113 3584 113 3840 113 4096 113 4352 114 4608 114 4864 115 5120 115 5376 115 5632 115 5888 116 6144 116 6400 117 6656 117 6912 117 7168 117 7424 117 7680 117 7936 118 8192 119 8448 119 8704 119 8960 120 9216 121 9472 121 9728 121 9984 121 10240 121 10496 122 10752 122 11008 122 11264 123 11520 123 11776 123 12032 123 12288 124 12544 124 12800 125 13056 125 13312 126 13568 126 13824 127 14080 127 14336 128 14592 128 14848 128 15104 129 15360 129 15616 129 15872 130 16128 130 16384 130 16640 131 16896 132 17152 132 17408 132 17664 132 17920 133 18176 133 18432 134 18688 134 18944 134 19200 134 19456 135 19712 135 19968 136 20224 136 20480 136 20736 136 20992 136 21248 137 21504 137 21760 138 22016 138 22272 138 22528 139 22784 139 23040 140 23296 140 23552 140 23808 140 24064 141 24320 141 24576 142 24832 142 25088 142 25344 142 25600 143 25856 143 26112 144 26368 144 26624 144 26880 144 27136 145 27392 145 27648 146 27904 146 28160 146 28416 146 28672 147 28928 147 29184 148 29440 148 29696 148 29952 148 30208 149 30464 149 30720 150 30976 150 31232 150 31488 150 31744 151 32000 151 32256 151 32512 152 32768 152 33024 152 33280 153 33536 153 33792 153 34048 154 34304 154 34560 155 34816 155 35072 155 35328 156 35584 156 35840 156 36096 157 36352 157 36608 158 36864 158 37120 158 37376 158 37632 159 37888 159 38144 159 38400 160 38656 160 38912 160 39168 160 39424 161 39680 161 39936 161 40192 162 40448 162 40704 162 40960 163 41216 163 41472 163 41728 163 41984 164 42240 164 42496 165 42752 165 43008 166 43264 166 43520 166 43776 167 44032 168 44288 168 44544 168 44800 168 45056 168 45312 169 45568 169 45824 169 46080 170 46336 170 46592 170 46848 171 47104 171 47360 171 47616 172 47872 172 48128 173 48384 174 48640 174 48896 174 49152 175 49408 175 49664 175 49920 176 50176 176 50432 176 50688 177 50944 177 51200 177 51456 178 51712 178 51968 178 52224 178 52480 179 52736 179 52992 180 53248 180 53504 180 53760 181 54016 181 54272 182 54528 182 54784 182 55040 182 55296 183 55552 183 55808 183 56064 184 56320 184 56576 184 56832 185 57088 185 57344 185 57600 186 57856 186 58112 186 58368 186 58624 187 58880 187 59136 188 59392 188 59648 188 59904 188 60160 189 60416 189 60672 190 60928 190 61184 190 61440 191 61696 191 61952 192 62208 192 62464 192 62720 192 62976 193 63232 193 63488 193 63744 194 64000 194 64256 194 64512 194 64768 195 65024 195 65280 196
772465,0 81 117 223 344 4 374 233 630 232 886 232 1142 232 1397 233 1653 233 1908 234 2164 235 2411 4 2419 236 2666 245 2919 249 3174 250 3425 3 3429 763 4195 252 4451 252 4707 252 4963 237 5201 2 5206 9 5220 234 5462 10 5476 234 5723 5 5732 234 5980 3 5988 234 6244 234 6501 233 6757 233 7012 169 7183 63 7267 169 7441 61 7523 168 7697 61 7779 169 7952 62 8035 235 8290 236 8543 242 8798 243 9054 244 9310 245 9566 246 9825 241 10082 240 10340 238 10597 240 10854 244 11107 249 11360 230 11591 23 11615 229 11848 252 12104 251 12360 10 12371 241 12616 252 12873 250 13128 251 13383 254 13639 46637 60277 255 60534 254 60792 251 61049 248 61306 245 61564 242 61823 239 62081 238 62339 236 62596 235 62854 233 63115 228 63372 227 63629 224 63886 224 64142 224 64398 225 64654 225 64908 227 65160 4 65165 226 65415 5 65421 115
777433,167 1 2730 1 3241 1 3494 4 3749 5 4004 6 4260 5 4486 3 4516 5 4739 8 4772 4 4784 3 4994 9 5250 10 5506 11 5762 12 6018 14 6274 16 6530 17 6786 17 7042 16 7299 15 7556 13 7813 12 8070 11 8327 9 8584 8 8841 6 17357 1 17613 1 20064 3 20316 8 20572 9 20828 9 21083 10 21340 9 21596 9 21853 9 22109 9 22365 9 22621 9 22878 7 23134 7 23391 6 23648 4 23904 4 24161 2 32772 6 33027 8 33282 9 33538 9 33795 8 34052 6 51557 2 51811 5 52066 7 52321 8 52576 9 52604 1 52833 7 52859 4 53089 6 53114 5 53346 5 53371 2 53603 3 53845 5 54100 8 54355 10 54611 10 54867 11 55124 10 55381 9 55638 8 55670 1 55895 6 55926 1 56152 4 58198 3 58456 1
778684,1158 1 1162 2 1418 2 1674 2 1925 1 1930 5 2180 3 2186 5 2435 12 2691 11 2947 11 3203 11 3460 9 3718 2 3721 4 3978 3 4234 3 4492 1 6454 4 6705 11 6958 17 7211 25 7465 28 7720 29 7976 31 8232 32 8488 33 8596 1 8745 33 8853 2 9001 33 9258 32 9516 5 9524 22 9781 21 10038 20 10294 20 10551 18 10808 16 18208 1 18463 5 18718 7 18974 7 19229 8 19485 8 19742 6 19999 3 20245 3 20397 3 20486 1 20500 5 20652 5 20756 6 20906 8 21012 6 21161 9 21268 5 21416 11 21525 3 21672 11 21928 14 22183 17 22440 16 22545 3 22696 17 22952 17 23209 16 23466 14 23723 12 23980 3 23985 3 26536 2 26790 5 27046 6 27164 7 27301 8 27419 8 27558 7 27674 10 27816 2 27930 9 28186 9 28442 8 28698 8 28954 8 29210 8 29465 9 29721 6 29729 2 29977 5 29984 3 30232 6 30240 3 30488 6 30495 4 30503 2 30743 12 30758 3 30999 12 31013 4 31255 13 31269 3 31511 13 31525 4 31767 13 31781 4 32023 18 32280 17 32539 12 32798 7 33056 4 33314 1 35880 4 36138 1 36662 3 36915 8 37173 6 37429 6 37687 3 39044 5 39300 6 39556 6 39813 5 40014 7 40071 4 40269 9 40525 10 40582 1 40782 9 40835 4 40866 1 41040 7 41091 3 41120 3 41295 7 41347 3 41375 4 41550 4 41604 1 41631 4 41805 6 41886 4 42060 8 42140 5 42316 8 42395 7 42572 8 42649 13 42829 7 42902 16 43150 2 43158 18 43180 4 43269 4 43404 6 43413 28 43524 6 43659 36 43696 2 43779 7 43915 35 43952 2 44035 8 44162 2 44170 39 44290 10 44418 1 44426 36 44544 12 44681 35 44800 13 44937 34 45056 13 45192 35 45312 13 45448 33 45501 3 45568 13 45705 29 45753 9 45824 13 45962 28 46009 9 46080 14 46219 29 46265 10 46336 14 46476 30 46521 10 46592 14 46733 29 46777 10 46848 14 46993 25 47034 9 47104 14 47250 23 47291 8 47360 14 47506 23 47548 6 47616 13 47763 21 47804 6 47844 2 47873 12 48019 21 48061 3 48100 4 48131 9 48276 20 48357 3 48388 6 48533 19 48599 3 48613 3 48790 18 48853 5 48870 2 49046 18 49108 6 49126 2 49302 18 49329 1 49364 6 49381 3 49558 18 49584 2 49620 6 49636 5 49649 1 49815 16 49837 5 49876 5 49891 6 49902 4 50073 6 50092 7 50132 5 50146 16 50181 3 50331 3 50347 8 50362 4 50388 5 50402 16 50436 5 50603 8 50618 4 50643 13 50658 4 50665 10 50692 6 50858 10 50870 2 50874 5 50896 21 50923 8 50948 7 51114 22 51151 21 51181 7 51204 8 51371 21 51408 18 51438 6 51460 9 51628 20 51665 17 51695 5 51717 10 51886 18 51921 16 51952 3 51973 12 52148 12 52177 17 52229 14 52404 11 52433 18 52485 16 52660 10 52689 19 52741 17 52917 8 52945 20 52997 17 53174 6 53200 22 53253 18 53456 22 53510 17 53711 23 53767 16 53967 22 54024 15 54223 21 54282 12 54479 20 54541 8 54734 20 54799 3 54833 6 54974 10 54990 6 54998 11 55063 2 55084 13 55186 5 55228 13 55246 6 55256 8 55319 5 55339 15 55439 9 55484 14 55502 6 55512 6 55575 7 55595 16 55693 12 55740 15 55758 6 55770 3 55831 15 55849 18 55948 15 55995 16 56015 5 56087 37 56203 17 56251 15 56272 3 56342 38 56459 18 56506 16 56598 38 56641 4 56714 20 56762 15 56855 38 56896 5 56970 20 57003 8 57018 13 57112 38 57152 7 57227 22 57257 12 57274 12 57368 38 57408 11 57483 24 57511 15 57530 11 57624 38 57665 11 57739 44 57788 8 57880 40 57921 11 57996 44 58046 6 58136 52 58252 44 58305 2 58392 53 58513 39 58648 20 58669 35 58770 38 58905 18 58926 35 59026 38 59161 17 59182 35 59283 36 59419 4 59427 46 59539 36 59632 4 59684 45 59795 36 59887 6 59940 30 59973 2 59977 8 60051 35 60143 7 60196 30 60234 7 60307 34 60398 15 60452 30 60490 6 60502 1 60562 34 60654 16 60708 28 60747 4 60757 4 60817 33 60885 1 60910 17 60964 24 61004 1 61012 7 61072 35 61138 6 61165 15 61219 24 61260 1 61266 11 61327 36 61393 8 61421 11 61475 24 61508 4 61522 12 61583 38 61648 10 61679 7 61731 24 61762 8 61776 16 61840 39 61903 12 61981 30 62018 8 62032 15 62096 40 62158 13 62237 30 62273 10 62288 15 62352 40 62413 14 62493 30 62530 8 62549 10 62608 40 62668 15 62749 30 62786 8 62806 8 62865 38 62924 15 62951 1 63004 14 63021 11 63043 7 63063 8 63121 37 63180 15 63260 12 63278 1 63300 7 63321 6 63377 27 63407 5 63436 16 63516 12 63556 6 63634 26 63680 1 63692 15 63772 11 63812 6 63844 4 63890 26 63934 5 63949 12 64029 9 64068 6 64147 25 64188 7 64205 11 64286 6 64324 6 64361 7 64403 25 64442 10 64462 10 64544 2 64584 1 64620 5 64659 25 64698 10 64718 10 64830 2 64876 7 64915 25 64954 9 64974 9 65086 5 65132 7 65170 26 65211 7 65231 7 65339 8 65367 3 65389 7 65426 26 65489 5 65508 1
787614,0 65536
797883,252 4 509 3 766 2 1019 5 1275 5 1531 5 1685 3 1690 4 1786 4 1938 12 2042 3 2190 16 2250 3 2296 5 2446 16 2506 3 2523 3 2547 10 2703 15 2762 3 2778 5 2804 7 2960 14 3019 2 3034 6 3217 7 3227 3 3290 6 3474 6 3545 8 3731 4 3795 1 3802 7 4050 4 4060 5 4305 5 4317 2 4562 5 4820 2 5818 2 6083 1 6856 4 6897 5 7112 4 7153 6 7368 3 7387 1 7409 6 7625 1 7641 5 7665 5 7896 6 7921 5 8151 6 8178 3 8407 5 8435 2 8691 1 22777 6 23031 9 23286 10 23541 11 23797 11 24053 11 24309 11 24564 12 24820 12 25076 11 25332 10 25588 8 25845 6 26101 5
798199,15 9 111 145 270 21 366 146 526 22 550 1 620 148 775 3 781 30 876 148 1029 40 1075 2 1132 148 1282 51 1386 150 1537 53 1641 207 1872 1 1892 213 2128 1 2144 217 2383 3 2398 220 2639 3 2653 223 2896 1 2908 224 3152 1 3164 225 3395 3 3408 1 3420 227 3649 5 3656 1 3664 1 3675 234 3912 1 3930 235 4168 1 4186 234 4424 1 4441 236 4679 3 4697 237 4935 3 4939 2 4950 247 5204 250 5460 250 5715 252 5970 254 6226 254 6481 789 7272 255 7529 254 7785 254 8042 254 8300 253 8557 252 8813 253 9068 254 9323 255 9579 51344 60924 2563 63488 2048
798724,0 19 80 14 102 12 234 2 256 18 336 14 358 12 491 1 512 17 592 14 614 11 768 16 848 14 870 11 1024 15 1104 15 1126 11 1280 14 1361 15 1382 10 1536 13 1617 15 1638 10 1792 12 1872 16 1894 10 2048 10 2087 1 2128 18 2149 10 2304 9 2341 5 2361 2 2383 20 2406 8 2418 3 2560 8 2591 5 2597 7 2616 4 2639 20 2673 4 2816 8 2844 8 2857 8 2872 1 2895 20 2928 5 3072 7 3098 9 3113 9 3150 21 3184 5 3328 7 3352 9 3368 9 3388 5 3406 25 3440 5 3584 6 3608 8 3624 10 3643 8 3662 26 3697 8 3840 6 3863 5 3880 11 3899 8 3913 2 3917 28 3954 7 4096 6 4119 4 4136 11 4155 9 4167 5 4173 28 4212 5 4352 6 4375 3 4395 8 4410 47 4470 2 4608 6 4652 5 4665 49 4864 6 4908 4 4922 48 5120 6 5165 1 5179 48 5376 7 5418 1 5437 46 5632 7 5673 2 5694 45 5746 6 5888 6 5928 1 5950 44 6002 6 6144 5 6183 2 6207 42 6258 7 6401 3 6439 2 6464 41 6514 7 6694 1 6720 40 6770 7 6950 3 6978 35 7026 5 7206 1 7235 32 7283 3 7492 7 7504 18 7750 3 7761 8 7771 6 8016 8 8027 5 8272 7 8284 3 8526 9 8744 6 8769 2 8780 11 8997 10 9026 1 9036 11 9058 1 9249 14 9272 2 9292 5 9299 3 9314 3 9506 13 9549 4 9569 4 9764 10 9781 1 9802 1 9806 3 9824 6 10021 9 10062 3 10080 7 10278 7 10319 2 10336 14 10524 1 10534 8 10592 14 10778 7 10790 8 10849 14 11034 7 11046 9 11105 14 11289 8 11302 10 11362 6 11369 7 11536 2 11544 11 11557 11 11618 6 11626 5 11791 20 11813 11 11875 4 11886 1 12047 21 12069 12 12302 35 12559 24 12585 8 12700 2 12819 19 12842 7 12955 3 13064 9 13076 17 13099 6 13211 4 13319 10 13333 12 13356 2 13359 2 13467 4 13574 5 13580 4 13590 7 13599 2 13723 3 13829 4 13846 6 13896 1 13979 1 14084 5 14103 4 14151 2 14234 2 14339 6 14359 3 14367 2 14405 3 14490 1 14595 6 14622 4 14654 1 14848 1 14850 7 14868 2 14878 5 14909 3 14914 2 15104 10 15124 4 15133 6 15165 6 15176 3 15360 11 15380 5 15388 7 15422 5 15430 6 15440 1 15616 11 15635 6 15644 7 15678 5 15685 6 15872 11 15891 6 15900 7 15921 2 15934 12 16128 10 16147 7 16157 7 16178 1 16190 10 16384 10 16403 7 16413 9 16446 9 16640 10 16660 6 16668 12 16705 6 16896 10 16916 21 16951 2 16962 5 17152 8 17172 21 17204 1 17207 3 17218 7 17408 7 17427 22 17455 1 17460 1 17463 3 17475 6 17664 7 17683 23 17719 3 17731 6 17936 29 17975 3 17987 6 18193 29 18230 4 18242 7 18449 29 18485 5 18494 11 18518 1 18704 30 18741 4 18747 15 18774 1 18959 31 18997 3 19002 16 19029 2 19198 2 19215 31 19253 21 19284 3 19454 3 19471 31 19508 22 19539 4 19710 2 19729 29 19763 22 19796 2 19967 1 19986 28 20019 20 20052 1 20056 1 20242 26 20275 22 20307 3 20312 1 20498 24 20531 23 20562 7 20753 25 20782 3 20787 24 21009 24 21038 30 21263 9 21273 16 21293 32 21518 9 21533 13 21549 19 21569 12 21774 10 21788 14 21806 31 22028 33 22063 27 22091 2 22284 33 22319 26 22539 33 22576 5 22589 2 22593 5 22794 35 22851 4 23048 37 23108 3 23304 39 23363 5 23560 40 23619 5 23816 41 23874 5 24072 41 24128 6 24328 42 24384 5 24583 26 24611 15 24641 3 24839 42 24898 1 25095 42 25350 43 25602 46 25857 47 25934 3 26112 46 26189 5 26368 45 26445 5 26624 44 26678 1 26681 2 26700 2 26707 2 26880 43 26932 3 26957 4 26963 4 27136 43 27187 3 27214 4 27219 5 27392 43 27442 4 27471 3 27475 5 27648 43 27697 4 27729 5 27904 46 27951 5 28160 40 28203 9 28416 40 28457 11 28672 39 28713 12 28928 38 28967 14 29185 37 29223 13 29441 50 29698 48 29951 1 29954 32 29989 13 30207 1 30210 31 30247 10 30465 31 30503 10 30720 30 30759 3 30766 3 30976 29 31015 3 31020 5 31232 28 31272 2 31275 7 31488 28 31531 7 31745 28 31787 8 32001 28 32044 6 32256 31 32301 5 32320 1 32324 1 32513 30 32556 5 32769 31 32810 6 33024 32 33065 7 33280 32 33321 6 33536 32 33575 8 33792 32 33831 7 34048 23 34073 7 34087 7 34304 19 34330 1 34332 4 34344 5 34560 19 34589 3 34602 3 34817 19 34846 2 34888 1 35072 20 35144 1 35328 19 35584 15 35609 2 35658 1 35840 14 35861 5 35867 1 35910 5 35918 1 36096 15 36116 7 36169 3 36174 1 36352 17 36371 8 36426 5 36608 16 36627 7 36682 1 36864 16 36883 7 37120 15 37139 6 37376 15 37395 5 37632 14 37651 5 37888 12 37906 6 38144 11 38162 6 38400 11 38418 6 38656 12 38674 6 38912 12 38930 6 39168 13 39187 5 39424 14 39444 4 39509 2 39680 15 39701 2 39936 17 40192 18 40448 20 40704 19 40960 18 41216 18 41472 18 41728 18 41985 15 42244 11 42501 9 42757 7 43014 5 44638 1 47712 1 47967 3 48216 2 48221 6 48471 13 48725 13 48981 12 49237 11 49493 11 49655 2 49753 8 49910 3 50010 8 50163 2 50166 4 50266 8 50419 7 50522 8 50676 7 50778 8 50932 8 51033 9 51182 14 51289 9 51436 17 51546 8 51691 20 51802 8 51818 3 51946 21 51981 1 52059 7 52074 5 52200 24 52234 5 52315 7 52329 6 52441 1 52444 36 52489 8 52571 7 52584 7 52696 40 52744 8 52827 7 52839 8 52940 2 52952 40 52998 10 53082 10 53094 9 53196 2 53208 40 53253 11 53339 19 53451 3 53464 40 53508 13 53595 19 53707 3 53719 41 53764 13 53851 19 53964 2 53975 41 54020 15 54106 20 54154 3 54220 2 54230 41 54274 18 54361 22 54409 4 54476 2 54486 41 54529 20 54616 14 54631 8 54665 5 54732 2 54741 41 54785 19 54871 14 54887 8 54921 4 54988 2 54997 41 55040 20 55126 15 55144 7 55177 4 55243 4 55248 46 55296 20 55317 2 55381 17 55401 5 55433 4 55499 4 55504 47 55552 24 55636 18 55658 4 55688 6 55754 78 55890 20 55914 5 55944 6 56011 3 56015 74 56145 21 56170 6 56200 7 56267 1 56271 74 56401 3 56405 15 56426 6 56456 8 56526 75 56655 5 56661 15 56682 5 56712 8 56781 77 56911 5 56917 14 56937 6 56969 7 57034 81 57160 1 57167 5 57173 14 57192 6 57225 7 57289 81 57413 4 57423 5 57429 13 57449 5 57481 7 57544 76 57624 1 57668 4 57677 7 57685 13 57705 4 57727 5 57737 7 57800 73 57878 2 57934 20 57982 8 57991 14 58055 74 58133 3 58190 20 58238 24 58298 2 58310 74 58387 4 58446 6 58453 13 58494 25 58553 4 58567 72 58643 4 58697 3 58701 7 58709 13 58749 26 58808 5 58823 72 58898 5 58952 11 58965 13 59005 27 59064 5 59077 4 59084 66 59153 6 59206 13 59222 13 59261 28 59320 5 59331 6 59341 66 59409 6 59462 14 59477 14 59516 29 59576 4 59587 8 59596 67 59664 6 59717 30 59771 30 59833 2 59842 76 59920 5 59974 29 60026 31 60098 75 60175 5 60230 29 60281 33 60349 4 60354 75 60430 6 60454 1 60486 28 60536 34 60604 67 60672 20 60710 3 60721 2 60742 27 60791 35 60859 68 60928 22 60965 3 60976 1 60999 25 61047 35 61105 5 61113 70 61184 23 61221 3 61232 1 61255 23 61302 37 61356 83 61440 12 61459 3 61476 1 61510 24 61558 38 61611 84 61696 11 61716 2 61732 1 61766 23 61813 39 61865 45 61912 50 61971 4 62022 22 62069 40 62121 45 62167 51 62227 4 62279 20 62325 40 62376 45 62423 51 62483 4 62537 17 62581 45 62631 99 62738 5 62756 1 62795 15 62837 46 62886 99 62995 4 63012 1 63055 9 63094 147 63251 4 63268 1 63312 8 63350 92 63444 50 63524 1 63546 1 63564 2 63568 6 63606 143 63800 4 63820 4 63825 4 63862 143 64036 1 64056 4 64065 2 64075 8 64119 65 64186 75 64291 3 64311 5 64319 5 64330 7 64375 63 64443 73 64547 3 64552 1 64567 13 64586 8 64608 5 64631 63 64698 74 64790 1 64803 3 64807 5 64813 2 64822 14 64841 4 64847 7 64863 7 64887 64 64953 74 65043 5 65059 14 65078 13 65097 3 65103 11 65115 11 65142 64 65209 73 65298 7 65315 17 65333 3 65338 8 65354 1 65358 24 65390 71 65464 72
799155,0 26 27 115 144 254 400 492 894 254 1150 1236 2387 254 2646 250 2902 250 3159 247 3414 171 3587 2 3591 70 3668 172 3848 248 4105 247 4361 247 4620 7 4628 235 4865 3 4870 3 4877 4 4885 234 5120 9 5133 4 5141 234 5376 8 5390 3 5397 233 5633 7 5646 3 5653 232 5890 7 5909 71 5981 159 6148 6 6157 2 6165 71 6237 159 6406 10 6421 71 6495 154 6653 1 6663 10 6681 68 6752 153 6909 1 6919 11 6938 68 7007 153 7165 1 7175 12 7198 14 7213 203 7431 12 7454 218 7686 14 7703 2 7710 218 7935 1 7942 19 7968 218 8191 1 8198 18 8224 221 8446 2 8455 2 8479 225 8735 225 8990 226 9246 226 9502 226 9758 225 10016 2 10019 220 10278 218 10535 217 10792 216 11019 4 11048 216 11273 8 11304 216 11528 10 11560 8 11571 205 11783 12 11816 7 11828 204 12040 11 12072 6 12085 203 12296 12 12329 3 12342 202 12553 14 12599 201 12810 14 12856 191 13048 8 13071 10 13113 199 13330 8 13369 7 13377 191 13586 8 13624 200 13843 7 13880 17 13899 178 14078 2 14099 7 14136 13 14155 177 14335 1 14356 6 14392 4 14400 1 14411 174 14612 6 14650 2 14668 155 14826 15 14869 5 14923 155 15083 13 15127 2 15163 2 15179 173 15418 4 15425 2 15433 5 15441 43 15487 119 15672 11 15686 8 15699 39 15744 10 15755 109 15927 12 15942 8 15955 38 16006 1 16013 112 16127 1 16182 10 16200 6 16212 36 16270 114 16438 10 16457 4 16468 35 16527 113 16694 10 16728 31 16784 112 16950 11 16987 29 17041 111 17159 4 17206 12 17244 28 17302 2 17305 103 17414 7 17463 11 17501 32 17563 101 17668 11 17687 6 17719 12 17757 33 17822 98 17921 15 17941 9 17975 12 18014 33 18079 128 18219 6 18231 13 18272 18 18295 8 18310 5 18335 128 18473 9 18487 13 18531 15 18551 8 18564 7 18591 128 18727 11 18743 12 18788 13 18807 8 18819 9 18847 128 18982 12 19000 11 19045 11 19064 6 19074 10 19103 9 19116 115 19238 13 19257 9 19278 1 19301 11 19320 6 19329 12 19359 11 19372 114 19493 14 19514 8 19532 5 19558 8 19578 1 19585 12 19616 10 19628 113 19750 14 19771 7 19788 6 19813 10 19840 13 19872 125 20006 14 20028 5 20047 4 20069 11 20094 15 20128 124 20263 14 20286 2 20304 4 20323 13 20344 20 20383 125 20519 14 20547 6 20561 4 20571 22 20600 20 20639 124 20777 11 20803 6 20817 5 20825 24 20856 19 20895 7 20906 111 21035 9 21059 6 21072 34 21112 19 21151 6 21163 108 21277 6 21292 7 21316 6 21327 35 21368 20 21406 6 21420 105 21530 10 21549 5 21575 5 21581 37 21624 20 21662 5 21676 104 21785 12 21805 5 21832 42 21879 21 21918 8 21935 100 22040 14 22063 2 22088 41 22134 7 22145 10 22174 9 22192 98 22296 15 22345 40 22390 6 22402 8 22431 7 22450 95 22551 16 22601 39 22646 6 22659 6 22687 5 22707 9 22718 83 22808 4 22815 8 22858 38 22902 5 22944 3 22965 7 22974 2 22978 78 23074 6 23115 41 23159 4 23225 1 23235 76 23330 6 23371 42 23416 2 23491 68 23563 2 23587 6 23627 43 23706 1 23748 3 23752 5 23760 54 23843 5 23883 48 24009 61 24100 4 24139 50 24266 60 24357 2 24367 4 24385 4 24393 53 24522 60 24607 3 24622 6 24639 64 24778 61 24862 8 24877 8 24894 66 25025 3 25030 67 25117 11 25132 9 25149 68 25232 2 25280 64 25345 9 25373 12 25388 9 25404 71 25487 5 25534 66 25602 10 25629 25 25659 73 25742 6 25788 68 25858 10 25886 25 25913 76 25997 6 26043 69 26114 10 26143 102 26253 5 26298 70 26371 11 26399 102 26509 4 26551 73 26627 14 26656 102 26766 2 26806 74 26883 14 26912 102 27022 2 27061 75 27140 14 27169 101 27279 1 27316 76 27396 15 27425 101 27572 76 27654 13 27681 101 27828 76 27914 9 27937 101 28083 77 28171 8 28193 95 28289 7 28338 78 28427 7 28449 95 28545 10 28593 79 28683 7 28706 94 28801 11 28848 80 28939 6 28962 105 29103 81 29195 6 29218 90 29309 13 29359 81 29451 5 29474 90 29565 13 29615 81 29707 3 29730 88 29821 14 29871 81 29964 1 29986 107 30126 83 30241 109 30382 84 30497 87 30585 21 30637 85 30754 86 30842 20 30892 87 31010 108 31148 84 31234 3 31267 2 31273 102 31403 85 31531 100 31659 85 31793 94 31915 84 32051 92 32171 84 32312 87 32427 85 32570 84 32682 86 32827 83 32938 86 33083 82 33193 87 33340 80 33435 2 33448 88 33590 1 33595 80 33690 6 33703 89 33822 4 33845 86 33945 103 34077 7 34100 87 34201 103 34332 11 34355 89 34456 104 34587 13 34611 90 34713 103 34843 14 34866 92 34969 103 35098 17 35122 93 35225 103 35354 118 35481 103 35608 121 35737 103 35864 123 35993 103 36120 124 36250 102 36376 125 36508 100 36631 127 36767 97 36886 128 37026 94 37139 37 37178 92 37281 95 37394 38 37436 89 37535 97 37649 39 37693 88 37790 98 37895 3 37905 39 37949 17 37967 69 38045 99 38150 5 38161 40 38207 84 38301 99 38406 5 38417 41 38462 1 38467 77 38557 99 38662 5 38672 42 38723 15 38745 37 38785 10 38814 98 38918 5 38928 45 38975 20 39004 32 39072 107 39184 46 39231 20 39264 27 39328 107 39441 49 39491 17 39519 26 39584 106 39697 49 39747 17 39774 27 39822 6 39840 105 39952 7 39960 42 40004 16 40030 26 40075 12 40095 106 40208 49 40261 16 40285 27 40330 14 40351 106 40464 49 40517 17 40541 26 40584 17 40608 105 40720 49 40774 17 40796 27 40840 17 40865 104 40976 48 41032 16 41051 27 41095 19 41124 101 41232 47 41289 44 41349 21 41380 101 41488 46 41544 44 41603 23 41637 100 41744 47 41800 43 41857 26 41893 100 42001 48 42055 43 42112 27 42149 76 42226 22 42258 4 42263 42 42310 44 42368 27 42405 76 42483 21 42515 2 42519 42 42565 11 42577 31 42623 7 42632 20 42661 76 42739 21 42772 1 42776 41 42821 43 42870 1 42879 6 42892 15 42917 76 42994 22 43034 39 43078 8 43087 32 43126 1 43135 6 43150 13 43173 99 43285 2 43290 41 43335 5 43341 34 43392 5 43406 13 43430 69 43500 27 43541 3 43545 43 43597 15 43617 14 43648 5 43664 11 43686 68 43759 24 43796 49 43853 7 43863 3 43874 12 43904 5 43920 11 43943 67 44015 25 44052 49 44109 6 44130 1 44134 7 44158 8 44177 10 44200 66 44270 5 44278 18 44308 49 44364 7 44391 6 44413 10 44433 11 44457 66 44526 4 44535 17 44565 48 44619 8 44640 2 44648 3 44669 10 44690 18 44714 65 44782 4 44792 23 44823 5 44829 34 44866 4 44874 9 44894 4 44924 10 44946 19 44971 8 44983 51 45039 3 45050 22 45081 6 45089 27 45124 1 45129 10 45148 6 45180 9 45197 1 45202 33 45240 6 45249 40 45295 2 45309 2 45312 17 45338 6 45345 27 45380 14 45403 7 45436 9 45451 4 45458 33 45507 37 45551 1 45568 17 45596 32 45636 11 45654 1 45657 8 45691 10 45706 3 45714 33 45764 36 45824 17 45853 27 45881 3 45891 12 45909 12 45947 11 45962 3 45971 31 46021 34 46080 17 46110 25 46137 3 46147 12 46165 12 46203 11 46219 2 46228 30 46289 19 46336 17 46367 19 46389 2 46393 3 46403 11 46420 12 46459 13 46484 7 46493 20 46547 15 46592 16 46624 17 46646 2 46649 4 46659 11 46676 11 46715 15 46742 3 46753 15 46805 10 46848 15 46880 17 46902 7 46915 10 46931 12 46976 11 47012 2 47018 5 47065 5 47099 2 47104 3 47109 9 47136 14 47157 8 47171 9 47187 12 47208 3 47234 10 47355 1 47360 3 47365 9 47391 14 47413 10 47427 10 47443 12 47464 3 47491 9 47616 2 47622 8 47647 15 47669 10 47683 11 47697 14 47720 1 47749 8 47872 1 47879 8 47903 16 47924 43 48006 7 48060 3 48136 9 48160 15 48179 44 48262 7 48315 7 48369 1 48392 11 48407 3 48416 63 48505 2 48519 7 48571 8 48625 1 48648 31 48683 53 48760 4 48778 5 48827 8 48904 28 48941 51 49008 3 49016 5 49035 4 49083 9 49143 1 49155 32 49199 49 49262 5 49273 6 49289 7 49338 10 49396 5 49408 35 49458 45 49517 6 49530 6 49544 8 49594 10 49651 6 49664 19 49685 14 49724 35 49770 10 49787 5 49797 10 49850 10 49906 8 49920 15 49943 13 49960 4 49980 35 50022 14 50044 4 50053 9 50106 10 50161 9 50176 14 50200 21 50233 39 50278 16 50302 1 50309 9 50333 5 50356 4 50363 8 50416 11 50432 13 50457 20 50488 40 50534 17 50558 1 50565 9 50588 7 50611 6 50620 7 50672 11 50688 14 50714 19 50745 40 50791 17 50811 5 50824 6 50842 9 50867 7 50877 5 50928 31 50970 19 51001 40 51049 3 51054 19 51080 10 51096 12 51123 7 51134 3 51185 29 51226 19 51259 38 51311 19 51336 10 51351 14 51379 7 51442 9 51452 19 51481 20 51515 38 51568 18 51592 11 51606 18 51634 8 51700 4 51708 20 51735 21 51771 38 51818 25 51847 13 51863 18 51889 10 51965 20 51987 25 52027 35 52064 1 52068 1 52072 28 52102 15 52119 19 52145 11 52224 44 52283 35 52322 51 52375 20 52400 13 52480 44 52539 35 52577 52 52632 20 52656 14 52736 46 52795 35 52833 50 52884 1 52888 20 52912 14 52992 53 53051 36 53089 52 53144 20 53168 15 53248 96 53345 76 53424 15 53483 6 53504 173 53679 16 53736 10 53760 82 53845 106 53987 16 54016 79 54102 106 54242 19 54272 80 54358 106 54498 19 54528 81 54614 106 54753 20 54784 82 54869 108 55009 22 55040 18 55062 61 55125 108 55264 23 55288 2 55296 18 55317 63 55381 108 55519 25 55552 18 55573 173 55772 27 55808 17 55829 174 56025 29 56064 17 56086 48 56135 124 56277 33 56320 17 56342 174 56533 34 56576 16 56598 175 56789 34 56832 17 56855 52 56909 120 57045 37 57088 17 57112 36 57149 14 57165 120 57301 38 57344 17 57368 35 57408 134 57556 40 57600 18 57625 34 57664 134 57811 41 57856 18 57881 34 57919 135 58067 43 58112 19 58139 31 58174 136 58323 64 58392 34 58430 136 58579 64 58647 34 58685 137 58835 243 59092 241 59348 241 59604 240 59860 240 60117 62 60181 174 60374 61 60437 174 60632 59 60694 40 60735 132 60888 59 60951 26 60993 131 61145 58 61208 5 61216 15 61250 130 61403 56 61472 15 61508 4 61515 122 61664 3 61669 47 61729 14 61772 123 61927 45 61985 15 62030 121 62185 44 62241 16 62291 116 62441 44 62497 16 62547 117 62698 43 62753 17 62804 116 62954 43 63010 16 63059 117 63210 44 63266 17 63315 117 63467 43 63523 16 63571 117 63695 2 63724 42 63779 16 63826 119 63950 4 63983 39 64036 16 64069 4 64081 120 64205 6 64240 38 64293 16 64323 134 64460 8 64497 37 64551 16 64579 149 64753 37 64809 15 64834 152 65009 37 65065 15 65090 152 65265 36 65322 15 65345 154 65521 15
799282,56 29 98 2 104 3 111 14 312 28 352 12 367 11 564 1 567 29 608 26 820 24 845 6 863 29 1075 25 1102 3 1119 29 1331 24 1358 1 1374 30 1586 8 1595 15 1614 1 1630 30 1842 8 1852 14 1869 2 1886 30 2098 8 2108 1 2111 6 2125 3 2142 30 2353 12 2381 3 2399 27 2430 4 2610 11 2637 3 2646 1 2657 18 2685 5 2868 8 2893 3 2900 3 2914 16 2940 6 3126 6 3149 3 3156 3 3171 15 3196 6 3382 6 3406 1 3427 15 3451 7 3638 6 3683 15 3707 6 3895 5 3939 15 3963 6 4115 2 4152 3 4194 17 4219 6 4369 7 4450 17 4475 5 4624 8 4680 2 4706 17 4731 4 4879 9 4936 1 4962 8 4971 8 5135 10 5219 7 5227 8 5391 11 5475 15 5566 1 5647 11 5732 4 5737 9 5821 3 5903 11 5990 1 5993 8 6160 10 6249 8 6416 9 6505 7 6673 7 6761 6 6930 3 6970 3 7018 4 7226 4 7482 5 7496 3 7738 6 7751 6 7994 5 8006 7 8097 1 8193 4 8250 5 8261 8 8448 6 8457 4 8507 4 8514 11 8569 3 8704 14 8764 3 8769 12 8821 7 8960 19 9020 4 9026 6 9075 10 9217 18 9257 2 9263 4 9276 4 9286 1 9330 11 9473 19 9511 14 9532 3 9585 12 9730 18 9767 14 9789 2 9841 12 9985 18 10023 2 10032 5 10096 13 10241 18 10289 3 10313 2 10351 13 10496 19 10567 5 10607 13 10752 19 10778 3 10822 6 10863 12 11008 19 11033 5 11078 6 11120 11 11264 19 11289 5 11334 6 11368 1 11377 9 11520 19 11546 1 11590 6 11603 5 11624 1 11634 7 11776 19 11847 5 11857 8 11880 1 11892 3 12033 17 12102 7 12111 11 12136 1 12289 16 12358 20 12545 15 12614 21 12801 15 12870 22 13057 15 13126 22 13314 14 13339 4 13383 7 13391 14 13571 12 13594 5 13638 7 13648 14 13828 11 13849 5 13894 7 13906 12 14084 11 14105 5 14150 7 14162 11 14340 12 14362 4 14406 7 14420 7 14597 12 14619 4 14662 8 14676 3 14853 12 14876 3 14920 7 14932 1 15109 13 15177 5 15369 9 15434 3 15625 10 15882 9 16133 2 16138 9 16388 6 16398 4 16643 7 16898 9 17155 8 17411 8 17672 3 17685 2 17929 2 17940 4 17961 4 18195 6 18450 8 18706 9 18962 10 19216 11 19471 12
804179,6 3 19 4 24 46 80 2 260 4 275 51 515 5 531 52 771 6 788 53 1026 7 1044 54 1282 8 1300 55 1538 8 1556 56 1620 2 1623 4 1794 7 1812 16 1829 39 1875 10 2050 7 2067 17 2085 39 2130 11 2306 6 2322 58 2386 11 2561 7 2576 10 2587 48 2643 10 2817 5 2832 59 2899 10 3072 6 3087 59 3155 10 3329 5 3343 63 3407 14 3584 6 3598 9 3610 66 3840 7 3853 9 3868 65 4096 8 4109 9 4124 64 4352 10 4363 9 4380 64 4608 19 4636 64 4864 10 4875 13 4892 64 5120 10 5134 12 5148 58 5207 5 5376 10 5392 11 5404 65 5632 10 5648 72 5721 4 5888 10 5903 65 5969 8 6144 10 6159 63 6225 8 6400 10 6415 62 6480 9 6656 10 6671 62 6736 9 6912 9 6927 61 6992 8 7168 9 7183 61 7249 6 7424 9 7439 61 7505 3 7680 9 7695 61 7936 8 7945 2 7949 62 8192 7 8201 65 8448 75 8704 74 8960 74 9216 73 9472 73 9728 73 9984 73 10240 73 10496 72 10752 71 11008 49 11061 17 11264 47 11319 6 11331 2 11520 46 11578 1 11776 45 12032 41 12288 38 12544 38 12800 37 13056 37 13204 2 13312 37 13422 1 13459 3 13568 36 13824 35 13930 4 14080 36 14164 1 14186 4 14229 2 14336 36 14419 2 14442 5 14484 3 14592 35 14658 1 14699 3 14728 2 14848 28 14877 6 14914 1 14984 4 15104 35 15239 4 15360 30 15393 2 15450 4 15488 1 15495 3 15616 30 15705 5 15743 2 15752 1 15872 30 15958 8 15999 2 16128 31 16214 8 16230 5 16384 31 16469 8 16485 6 16640 32 16724 10 16735 12 16896 32 16979 25 17152 33 17234 25 17266 3 17408 34 17489 25 17521 6 17532 5 17664 34 17744 26 17775 8 17789 4 17920 35 18000 26 18030 10 18045 4 18176 35 18256 27 18286 9 18432 35 18511 28 18542 9 18688 36 18767 28 18798 9 18944 37 19023 28 19054 8 19200 36 19278 29 19310 8 19397 5 19456 36 19533 29 19566 8 19652 6 19712 35 19788 8 19797 21 19825 3 19908 7 19968 23 19998 1 20044 8 20054 20 20165 6 20224 20 20301 6 20311 18 20421 6 20480 19 20557 5 20568 9 20580 3 20679 3 20736 19 20814 3 20824 8 20936 2 20992 19 21080 7 21192 3 21248 19 21336 6 21409 2 21449 3 21504 19 21593 4 21663 6 21706 2 21760 17 21912 2 21915 11 21962 3 22016 16 22168 14 22218 3 22233 1 22272 15 22322 1 22421 17 22475 1 22489 1 22528 13 22577 4 22676 18 22784 13 22832 5 22932 18 23040 13 23087 7 23188 18 23292 2 23296 12 23343 6 23428 4 23444 18 23511 2 23552 12 23599 6 23684 8 23700 17 23766 3 23785 1 23808 12 23856 6 23894 1 23897 2 23940 33 24022 4 24041 1 24064 12 24112 6 24150 5 24196 31 24278 4 24297 1 24317 1 24320 12 24368 6 24406 5 24452 30 24534 4 24572 3 24576 13 24662 2 24666 1 24709 24 24789 6 24810 2 24827 4 24832 13 24965 18 25046 5 25063 5 25088 12 25220 17 25303 4 25318 6 25344 12 25477 15 25559 3 25574 6 25600 12 25734 14 25816 2 25830 6 25856 10 25991 12 26073 1 26086 5 26111 10 26158 4 26248 11 26366 11 26414 4 26508 5 26622 11 26670 4 26878 11 26926 4 27135 9 27182 4 27392 8 27440 1 27648 8 27904 1 27907 5 28160 1 28163 5 28420 4 28676 3 28933 2 29189 2 29445 2 29700 2 29956 2 30211 2 30467 2 30920 2 30976 2 31175 3 31232 2 31429 4 31488 2 31685 4 31744 2 31941 3 32000 1 32197 3 32452 4 32708 4 32951 1 32963 4 33206 3 33219 4 33462 3 33477 1 33717 4 33964 4 33970 7 34218 15 34471 18 34726 19 34977 24 35230 26 35273 1 35484 28 35739 29 35994 31 36247 34 36502 35 36756 37 36893 6 37011 39 37147 7 37265 37 37304 2 37402 6 37520 36 37560 3 37658 6 37774 38 37816 3 37913 7 38029 36 38066 4 38072 4 38170 6 38283 37 38323 3 38328 4 38426 5 38537 38 38578 4 38584 2 38682 5 38792 40 38833 6 38840 2 38937 5 39047 50 39192 5 39302 50 39447 6 39557 50 39698 1 39701 8 39812 50 39950 5 39956 9 40068 50 40205 15 40323 51 40461 14 40579 51 40712 18 40834 52 40965 20 41089 53 41220 20 41344 54 41475 19 41600 54 41728 1 41730 19 41856 54 41984 1 41987 16 42112 54 42244 1 42246 12 42288 1 42367 56 42499 12 42544 2 42623 57 42755 10 42800 4 42878 58 43011 7 43056 5 43132 60 43267 6 43310 7 43388 60 43523 4 43550 3 43566 8 43643 61 43779 3 43804 9 43822 11 43899 61 44032 1 44059 10 44079 9 44154 61 44288 1 44315 12 44336 8 44409 58 44468 2 44544 1 44571 13 44593 8 44665 57 44800 1 44827 12 44850 7 44921 56 45056 1 45083 12 45107 5 45176 56 45312 1 45339 11 45364 3 45430 57 45568 1 45595 11 45620 1 45685 57 45852 8 45941 56 46109 5 46195 58 46366 3 46449 61 46622 1 46703 63 46851 2 46865 1 46912 2 46958 64 47107 2 47120 2 47168 5 47213 64 47363 3 47376 2 47424 5 47467 66 47619 4 47680 5 47722 67 47875 5 47936 7 47977 68 48130 6 48192 8 48231 69 48385 7 48448 11 48486 70 48641 6 48670 6 48705 10 48741 70 48896 7 48926 6 48962 9 48997 70 49152 7 49181 7 49193 2 49220 7 49252 71 49408 7 49436 7 49449 6 49476 2 49479 2 49507 72 49664 8 49686 1 49692 7 49705 6 49732 2 49761 74 49921 8 49940 5 49948 7 49962 5 49988 1 50016 75 50179 6 50195 6 50203 8 50218 5 50244 1 50271 74 50435 6 50450 17 50475 3 50524 74 50691 6 50706 17 50779 74 50948 5 50962 16 51034 75 51204 4 51219 6 51229 4 51289 76 51478 3 51487 2 51544 76 51741 2 51799 76 51997 2 52055 75 52286 1 52311 35 52348 37 52540 4 52566 32 52606 30 52794 8 52806 2 52822 31 52863 28 53050 9 53061 4 53078 28 53108 1 53120 25 53306 16 53335 25 53379 18 53562 17 53591 23 53636 15 53818 14 53834 1 53849 20 53896 9 54072 15 54090 1 54106 2 54109 13 54153 6 54326 17 54346 1 54350 2 54365 9 54375 4 54412 2 54572 4 54581 18 54602 1 54605 4 54624 1 54632 3 54829 27 54857 3 54861 6 55085 10 55097 15 55113 11 55342 2 55345 36 55576 3 55598 39 55833 2 55851 40 56107 11 56120 26 56364 9 56378 22 56620 8 56635 20 56877 3 56881 2 56891 20 57133 3 57148 18 57390 2 57393 2 57405 17 57646 5 57662 16 57902 3 57918 16 58008 2 58156 4 58175 14 58263 3 58411 3 58430 12 58519 6 58666 3 58686 11 58713 2 58774 7 58942 9 58966 5 59001 6 59009 4 59028 7 59198 9 59218 8 59255 18 59283 7 59305 7 59454 7 59473 9 59510 20 59539 5 59562 7 59710 6 59729 9 59740 1 59765 21 59796 3 59818 8 59967 4 59984 10 60021 21 60051 4 60074 7 60240 6 60247 3 60268 1 60272 1 60277 21 60307 4 60330 6 60495 10 60507 3 60523 8 60533 21 60563 5 60585 7 60751 10 60763 3 60775 12 60789 21 60818 7 60841 7 61007 8 61020 1 61031 11 61047 18 61074 6 61096 7 61263 8 61276 1 61287 11 61304 16 61330 6 61346 12 61416 3 61521 6 61532 1 61544 9 61560 16 61586 7 61601 12 61672 6 61778 5 61795 2 61800 8 61816 17 61842 7 61856 11 61925 2 61928 7 62035 3 62045 19 62072 18 62098 8 62110 14 62180 11 62301 19 62329 18 62354 9 62366 14 62435 13 62556 12 62570 5 62587 18 62611 8 62622 14 62691 13 62812 11 62826 2 62844 19 62867 8 62878 13 62947 13 63067 8 63100 19 63123 8 63135 14 63203 8 63322 8 63356 19 63378 10 63393 13 63459 7 63578 8 63611 14 63634 10 63647 16 63716 4 63834 8 63867 3 63873 5 63890 9 63902 8 63915 5 63973 2 64090 7 64147 18 64173 2 64349 3 64403 17 64483 1 64659 15 64739 2 64915 11 64993 4 65079 4 65158 2 65173 8 65249 4 65334 5 65359 5 65396 3 65413 3 65433 1 65503 6 65511 4 65529 5
809952,1279 1 1534 2 1789 3 2044 4 2291 13 2545 15 2799 17 3053 19 3307 21 3561 23 3814 26 4069 27 4322 30 4576 32 4831 33 5081 39 5334 42 5587 45 5841 47 6096 48 6349 51 6599 2 6602 54 6853 59 7102 2 7107 61 7355 69 7609 71 7862 74 8115 77 8367 81 8621 83 8876 84 9126 90 9379 93 9634 94 9883 101 10137 103 10390 106 10644 108 10899 109 11153 111 11404 116 11659 117 11910 122 12159 129 12413 131 12665 135 12916 140 13170 142 13420 148 13674 150 13927 153 14183 153 14438 154 14691 157 14946 158 15200 160 15455 161 15706 166 15958 170 16212 172 16466 174 16718 178 16972 180 17214 7 17224 184 17467 197 17719 3 17723 197 17973 203 18228 204 18484 204 18739 205 18992 208 19246 210 19500 212 19755 213 20009 215 20256 1 20263 217 20509 227 20764 228 21016 232 21270 234 21522 238 21774 242 22019 2 22025 247 22274 43262
810943,0 65536
822622,2815 1 3070 2 3323 5 3574 10 3827 13 4077 1 4080 16 4330 22 4581 27 4835 29 5090 30 5334 3 5338 38 5588 44 5843 45 6098 46 6353 47 6608 48 6863 49 7118 50 7372 52 7614 5 7620 60 7869 67 8123 69 8378 70 8627 2 8634 70 8882 4 8889 71 9145 71 9400 72 9655 73 9910 74 10157 4 10166 74 10390 4 10412 7 10422 74 10646 5 10662 1 10668 8 10677 75 10897 10 10917 3 10923 85 11153 13 11172 4 11182 82 11406 2 11409 17 11428 4 11438 82 11662 20 11684 4 11694 82 11915 30 11949 83 12171 29 12205 83 12426 30 12461 83 12682 31 12714 2 12717 83 12937 119 13174 1 13193 119 13429 3 13449 119 13685 3 13704 120 13941 4 13954 3 13960 120 14197 4 14208 6 14216 120 14453 5 14460 132 14709 5 14715 133 14958 2 14962 1 14966 138 15214 1 15218 4 15227 133 15464 2 15473 5 15483 133 15720 2 15729 5 15738 134 15976 2 15984 6 15994 134 16240 5 16249 135 16496 4 16504 136 16751 5 16759 137 16984 3 17007 6 17015 137 17241 2 17262 146 17488 1 17519 145 17744 1 17775 145 18000 1 18016 3 18035 141 18273 2 18289 143 18530 1 18544 144 18786 1 18800 144 19055 144 19311 144 19567 144 19822 146 20075 61 20138 86 20330 61 20395 85 20534 1 20574 3 20585 61 20651 85 20790 1 20829 4 20841 62 20904 1 20908 84 21072 1 21083 6 21092 1 21097 65 21164 49 21216 32 21327 3 21339 8 21353 55 21410 3 21420 49 21472 32 21564 1 21582 5 21594 10 21609 54 21676 49 21728 32 21819 2 21839 4 21851 8 21864 54 21932 48 21983 33 22075 2 22084 1 22096 2 22104 1 22108 7 22120 53 22188 37 22226 9 22238 33 22332 1 22340 3 22352 4 22364 10 22375 52 22444 47 22493 35 22595 5 22608 4 22620 62 22699 48 22748 36 22853 3 22864 5 22875 62 22954 86 23109 3 23121 6 23131 5 23137 56 23208 88 23354 1 23365 3 23377 7 23386 62 23463 89 23609 2 23622 2 23626 1 23633 7 23641 63 23717 90 23878 3 23888 8 23897 64 23971 93 24126 3 24134 3 24143 9 24153 65 24226 94 24381 6 24390 4 24398 76 24482 94 24609 2 24636 8 24645 5 24653 76 24738 94 24864 3 24893 7 24901 5 24909 77 24993 95 25119 4 25149 7 25159 3 25163 79 25247 97 25357 1 25375 4 25406 4 25414 84 25501 99 25603 2 25612 2 25632 1 25664 1 25670 2 25673 3 25677 77 25756 100 25858 3 25868 2 25890 1 25926 6 25934 54 25992 120 26114 3 26123 2 26146 3 26170 2 26182 6 26190 50 26250 118 26371 2 26377 4 26401 5 26420 3 26435 10 26447 48 26512 112 26633 4 26643 2 26654 1 26657 5 26674 6 26690 11 26703 47 26768 113 26888 5 26899 2 26910 8 26930 7 26946 10 26959 47 27025 112 27144 5 27156 2 27166 8 27186 7 27201 10 27215 47 27282 112 27401 4 27411 4 27422 8 27443 7 27456 11 27470 49 27537 113 27666 5 27679 9 27700 24 27725 51 27793 113 27921 6 27941 3 27949 4 27959 73 28048 114 28177 5 28203 6 28215 9 28225 62 28304 114 28433 6 28458 7 28471 72 28561 113 28689 6 28714 6 28726 72 28817 113 28945 6 28969 7 28981 31 29013 41 29073 114 29202 5 29225 6 29235 75 29329 114 29459 7 29480 7 29490 9 29501 9 29511 53 29583 116 29704 5 29716 8 29725 3 29735 6 29746 7 29759 5 29768 50 29838 128 29969 15 29990 5 30004 1 30007 2 30015 4 30024 45 30092 148 30245 5 30263 2 30271 4 30280 42 30347 150 30500 6 30519 2 30527 5 30536 41 30602 151 30755 8 30772 5 30783 6 30791 42 30857 166 31028 5 31038 7 31047 42 31113 167 31284 6 31291 9 31304 10 31315 29 31368 120 31490 46 31542 15 31559 42 31623 121 31745 48 31798 61 31878 122 32001 49 32054 57 32133 123 32257 49 32309 56 32389 123 32513 49 32566 54 32644 173 32822 54 32900 173 33078 54 33155 140 33297 32 33334 54 33411 173 33590 58 33667 171 33846 59 33923 171 34101 60 34178 172 34355 62 34433 172 34610 63 34689 169 34859 2 34864 65 34944 170 35115 2 35119 65 35200 169 35371 68 35456 77 35536 88 35627 65 35712 76 35792 88 35883 9 35894 53 35968 66 36038 5 36048 88 36139 64 36224 65 36296 2 36301 91 36395 64 36479 65 36553 1 36556 91 36651 64 36735 65 36809 1 36812 91 36908 62 36991 64 37065 1 37069 90 37164 62 37244 67 37326 88 37419 62 37499 68 37581 90 37675 62 37753 69 37840 88 37930 63 38005 73 38098 151 38259 74 38355 4 38360 146 38514 74 38611 3 38616 40 38658 105 38768 75 38867 3 38872 40 38914 106 39022 76 39124 7 39132 36 39170 183 39380 44 39426 183 39636 44 39682 120 39803 61 39891 45 39937 117 40060 60 40147 45 40193 116 40316 60 40403 45 40449 114 40572 60 40658 46 40706 112 40827 69 40914 46 40961 113 41080 72 41170 46 41217 113 41333 75 41426 46 41473 191 41683 45 41729 191 41940 44 41985 191 42191 3 42196 44 42241 31 42273 160 42445 82 42531 158 42700 83 42787 158 42955 53 43009 30 43043 158 43210 9 43220 44 43265 30 43300 157 43458 2 43466 54 43521 31 43555 161 43722 54 43777 32 43811 162 43977 55 44033 196 44233 48 44290 196 44488 49 44547 246 44803 246 45058 246 45314 197 45513 18 45532 28 45572 195 45770 46 45828 196 46025 47 46083 196 46280 48 46338 246 46592 248 46848 248 47104 248 47360 249 47616 206 47828 31 47860 7 47868 2 47872 206 48084 30 48116 215 48340 30 48372 215 48593 33 48628 217 48846 35 48882 255 49138 253 49393 253 49649 253 49905 254 50160 255 50416 1295 51712 254 51968 254 52224 254 52480 201 52682 1 52687 47 52736 201 52943 47 52992 201 53199 1 53201 46 53248 201 53454 2 53457 28 53489 14 53504 199 53704 5 53713 27 53747 12 53760 199 53961 1 53970 25 54004 10 54016 198 54226 25 54261 8 54272 198 54483 25 54516 8 54528 198 54740 25 54771 9 54784 197 54996 27 55026 10 55040 197 55253 39 55296 197 55510 38 55552 197 55770 34 55808 197 56026 31 56064 197 56273 2 56279 34 56320 196 56527 5 56534 35 56576 196 56783 13 56798 21 56820 5 56832 196 57040 11 57056 18 57078 5 57088 195 57297 9 57314 15 57335 5 57344 194 57553 9 57570 14 57593 1 57600 21 57625 169 57809 8 57826 14 57856 21 57881 91 57974 75 58065 7 58082 15 58112 20 58137 73 58211 16 58230 75 58321 5 58338 16 58368 21 58393 72 58468 15 58487 73 58578 2 58593 21 58624 22 58648 70 58724 16 58743 73 58834 2 58849 27 58880 80 58962 1 58966 3 58980 17 59000 71 59090 2 59104 19 59124 11 59136 79 59236 3 59244 9 59256 69 59346 3 59359 18 59381 86 59502 6 59513 67 59593 5 59602 4 59615 18 59639 82 59759 4 59770 66 59848 15 59872 15 59897 80 60015 4 60026 65 60101 19 60128 14 60154 76 60271 5 60282 65 60357 20 60385 13 60411 78 60526 6 60541 61 60612 21 60643 10 60667 78 60782 7 60799 59 60867 22 60901 8 60923 77 61006 1 61041 3 61056 58 61122 25 61158 7 61178 77 61258 6 61312 58 61377 27 61415 6 61434 74 61511 9 61526 1 61535 2 61567 59 61632 29 61672 4 61689 74 61767 11 61779 7 61791 3 61802 1 61823 59 61885 1 61888 29 61929 3 61945 76 62023 29 62055 7 62077 61 62143 31 62200 78 62279 41 62332 62 62399 31 62453 127 62587 63 62655 31 62708 129 62843 64 62911 31 62951 5 62963 132 63097 67 63166 31 63201 4 63208 5 63218 215 63434 18 63456 7 63464 222 63691 15 63711 8 63721 87 63811 127 63949 12 63967 7 63978 3 63982 5 63988 11 64000 62 64066 124 64207 10 64224 5 64239 3 64244 10 64256 61 64322 119 64464 9 64480 4 64501 9 64512 61 64581 116 64713 2 64721 9 64737 3 64759 2 64764 62 64837 117 64968 3 64978 8 64995 5 65021 60 65092 117 65222 7 65234 9 65250 6 65277 60 65348 117 65476 10 65489 10 65504 8 65529 1 65533 3
826515,0 86 94 14 113 229 350 16 368 230 605 250 860 251 1116 64420
830714,0 65536
839719,0 3 31 81 115 3 141 13 180 76 286 82 372 1 397 14 436 76 513 2 542 84 654 14 691 80 798 88 910 15 947 85 1035 3 1053 91 1166 16 1202 94 1297 104 1411 3 1421 17 1448 1 1458 212 1675 20 1701 5 1712 214 1927 24 1956 250 2210 251 2464 252 2720 252 2974 2286 5261 255 5518 254 5774 254 6030 254 6286 255 6542 1052 7596 253 7853 252 8110 252 8367 251 8623 252 8879 253 9134 4914 14051 253 14307 253 14564 252 14821 251 15078 250 15335 249 15593 248 15843 1 15846 3 15850 251 16102 3 16106 258 16366 253 16622 251 16875 253 17131 250 17382 253 17640 252 17896 253 18152 11 18164 216 18383 34 18421 215 18639 33 18677 250 18934 237 19172 10 19190 236 19428 10 19446 235 19684 10 19702 235 19941 9 19958 235 20198 7 20213 2 20218 231 20454 7 20475 230 20710 7 20736 225 20966 7 20992 178 21173 44 21221 9 21248 176 21430 44 21477 18 21504 175 21686 31 21719 33 21760 176 21943 30 21976 33 22015 182 22201 26 22228 2 22234 221 22458 25 22484 2 22491 10 22502 210 22715 10 22728 11 22740 2 22747 9 22759 209 22971 8 22985 12 23005 1 23014 67 23084 141 23229 3 23242 11 23268 68 23339 142 23486 2 23499 11 23523 69 23594 142 23742 2 23756 11 23776 72 23850 142 23998 2 24011 12 24029 219 24254 3 24267 12 24284 220 24510 4 24522 13 24540 221 24766 4 24778 238 25021 4 25034 15 25050 78 25131 141 25277 3 25289 16 25306 76 25393 131 25534 2 25545 92 25650 130 25791 2 25794 2 25801 91 25905 130 26047 2 26050 1 26056 87 26161 130 26303 2 26312 86 26416 131 26568 85 26671 132 26824 86 26927 131 27080 87 27182 131 27322 2 27335 12 27348 76 27438 132 27576 5 27591 90 27693 133 27831 7 27846 7 27857 83 27948 135 28087 8 28101 8 28114 85 28204 136 28342 10 28357 7 28371 85 28460 148 28612 7 28628 85 28716 149 28867 6 28885 243 29142 3 29146 237 29398 3 29402 237 29655 2 29658 237 29911 1 29914 236 30169 236 30417 1 30424 236 30673 3 30680 80 30761 154 30927 1 30930 2 30936 80 31017 154 31181 10 31192 234 31436 11 31448 234 31691 12 31704 235 31947 12 31960 74 32038 157 32203 12 32216 73 32294 144 32447 5 32459 84 32552 142 32704 5 32710 88 32808 142 32961 93 33064 150 33216 93 33319 247 33575 252 33830 254 34085 2050 36136 256 36393 507 36902 254 37159 253 37415 3292 40710 252 40967 249 41223 249 41479 249 41735 249 41991 249 42248 97 42348 148 42504 97 42608 144 42761 96 42867 3 42872 1 42876 132 43018 94 43132 132 43276 92 43388 132 43533 3 43538 86 43647 129 43795 84 43904 34 43940 11 43955 77 44051 83 44161 32 44197 9 44213 75 44308 80 44418 30 44454 8 44469 3 44474 70 44564 79 44650 1 44673 31 44711 5 44730 70 44821 74 44906 1 44924 4 44929 5 44936 6 44947 12 44968 4 44986 70 45078 72 45161 2 45180 9 45204 8 45242 70 45335 70 45417 2 45437 5 45461 7 45498 70 45591 67 45659 2 45664 1 45668 4 45673 3 45696 1 45717 1 45719 7 45754 70 45848 60 45909 3 45920 1 45924 4 45929 3 45952 1 45956 1 45976 6 46010 70 46105 59 46165 2 46180 7 46205 9 46266 70 46362 61 46436 7 46461 10 46521 71 46619 59 46692 8 46719 7 46777 71 46877 57 46948 4 46953 3 46976 6 47033 71 47133 57 47205 3 47210 1 47233 5 47290 70 47390 57 47462 1 47491 3 47547 69 47648 55 47748 2 47804 68 47906 53 48004 1 48060 68 48162 52 48316 68 48419 51 48573 67 48675 51 48828 68 48931 51 49083 69 49188 50 49337 71 49445 51 49514 1 49592 72 49704 51 49851 69 49960 51 50092 3 50107 69 50217 47 50348 3 50364 68 50473 43 50518 1 50604 2 50624 64 50730 41 50881 63 50987 40 51122 8 51134 66 51245 42 51377 79 51503 40 51632 80 51759 40 51888 80 52015 40 52082 1 52086 3 52140 2 52144 80 52271 40 52331 2 52394 4 52399 81 52524 43 52585 4 52602 1 52647 89 52782 40 52840 5 52902 90 53039 39 53096 5 53158 90 53297 37 53352 6 53413 91 53553 37 53608 6 53667 1 53669 91 53809 38 53864 7 53922 94 54065 39 54119 8 54178 94 54321 44 54374 10 54433 95 54577 45 54630 10 54688 96 54834 44 54888 1 54892 4 54943 97 55091 44 55148 5 55198 98 55348 44 55402 7 55419 5 55425 2 55453 99 55605 46 55657 9 55674 10 55708 100 55862 60 55929 11 55963 101 56119 60 56182 14 56218 102 56375 78 56474 102 56633 76 56729 103 56889 76 56984 104 57145 77 57240 104 57401 78 57496 104 57659 81 57751 105 57914 85 58007 105 58164 1 58169 87 58262 106 58421 91 58517 107 58677 92 58770 110 58931 205 59186 206 59444 204 59701 203 59958 202 60214 202 60471 201 60727 201 60983 201 61239 95 61336 119 61495 219 61726 2 61751 222 61979 9 62006 241 62249 7 62257 2 62261 3275
841484,8877 1 8888 2 9143 5 9398 6 9654 6 9910 6 10165 8 10421 8 10676 9 10932 10 11188 10 11444 11 11700 12 11956 12 12212 13 12467 14 12718 1 12723 14 12972 4 12979 14 12996 3 13226 7 13235 14 13251 3 13482 7 13492 12 13507 3 13738 7 13751 8 13994 6 14009 5 14252 4 14777 3 15031 6 15286 7 15540 10 15795 11 16051 12 16306 12 16562 11 16816 10 17071 9 17327 9 17583 9 17839 8 18096 6 18353 5 20672 2 20928 3 21184 3 26803 2 27050 11 27304 12 27559 10 27815 9 28071 9 28326 10 28364 1 28582 10 28621 1 28837 11 28877 2 29093 11 29348 12 29586 6 29604 12 29836 14 29860 11 30090 23 30116 10 30345 25 30372 10 30601 25 30628 10 30648 3 30857 25 30885 8 30904 3 31113 35 31152 2 31160 3 31368 32 31407 3 31430 2 31625 31 31661 5 31683 5 31857 6 31881 31 31916 6 31938 6 32113 10 32138 30 32172 6 32193 8 32268 1 32368 12 32395 30 32428 6 32448 11 32523 2 32624 13 32652 5 32663 18 32684 10 32704 12 32778 4 32870 1 32880 14 32908 3 32919 19 32939 15 32959 14 32998 2 33033 4 33125 3 33138 12 33174 56 33253 5 33289 4 33380 4 33396 9 33428 59 33506 9 33635 4 33653 7 33684 61 33760 12 33891 4 33910 2 33939 63 34011 18 34146 5 34196 62 34266 19 34402 5 34452 63 34522 2 34528 2 34536 5 34658 5 34679 2 34708 63 34776 5 34792 5 34914 5 34933 5 34952 3 34965 61 35032 8 35049 6 35170 4 35189 6 35207 5 35221 61 35286 12 35305 7 35336 3 35428 1 35444 9 35462 6 35479 58 35540 18 35564 6 35590 6 35684 1 35701 8 35718 6 35735 78 35821 5 35845 8 35940 1 35958 7 35975 5 35990 78 36079 3 36101 8 36196 1 36219 2 36246 78 36336 2 36355 10 36451 2 36476 1 36502 75 36580 2 36610 10 36707 2 36732 2 36758 75 36836 3 36867 7 36964 1 36988 2 37013 81 37123 5 37244 2 37269 77 37452 2 37499 2 37524 78 37707 4 37780 78 37962 6 38035 79 38218 6 38291 79 38474 6 38547 77 38730 7 38740 3 38804 76 38985 8 38996 4 39062 2 39066 70 39241 8 39252 3 39321 47 39370 23 39496 10 39576 47 39627 22 39751 12 39832 46 39883 22 40007 12 40087 47 40139 22 40262 13 40344 46 40396 20 40518 12 40554 5 40600 46 40652 20 40774 11 40807 9 40857 45 40908 19 41029 12 41062 11 41114 44 41166 12 41284 13 41318 12 41357 3 41370 44 41423 9 41453 1 41524 3 41540 12 41553 4 41574 12 41612 5 41627 42 41680 7 41707 5 41779 6 41795 13 41810 3 41830 13 41867 7 41884 33 41921 4 41936 6 41963 5 42034 8 42051 12 42066 3 42086 13 42122 9 42141 32 42193 3 42219 5 42289 10 42307 12 42342 13 42378 9 42398 31 42475 5 42545 10 42563 12 42598 13 42634 8 42657 29 42732 4 42800 11 42819 13 42854 14 42890 2 42915 27 43055 12 43075 12 43110 15 43172 26 43310 14 43331 13 43366 15 43428 27 43565 15 43587 14 43623 13 43685 27 43821 16 43843 16 43880 12 43902 4 43908 4 43941 27 44076 19 44099 16 44140 6 44158 11 44196 28 44333 38 44398 4 44414 11 44452 28 44590 37 44653 7 44670 11 44708 28 44847 36 44909 9 44926 11 44965 28 45104 33 45165 11 45189 6 45199 2 45221 29 45361 32 45420 13 45445 13 45478 28 45617 31 45676 14 45701 14 45735 27 45874 4 45882 21 45932 16 45956 16 45992 25 46139 20 46188 18 46212 17 46248 24 46396 19 46445 19 46468 17 46504 21 46653 18 46702 19 46724 18 46760 16 46910 16 46959 19 46980 18 47016 15 47167 15 47216 18 47236 18 47273 12 47427 10 47474 36 47530 6 47684 8 47731 35 47941 6 47988 33 48198 3 48245 32 48320 1 48415 2 48502 30 48575 3 48669 5 48759 28 48831 3 48857 3 48924 7 49016 27 49087 3 49112 4 49178 9 49273 24 49368 4 49433 10 49529 18 49625 2 49688 11 49785 17 49944 10 50042 16 50200 9 50298 15 50455 10 50555 13 50712 8 50817 7 50968 8 51075 4 51169 2 51223 9 51423 5 51448 7 51479 9 51678 8 51703 9 51730 4 51737 7 51935 7 51959 9 51985 6 51994 7 52192 8 52215 9 52241 6 52251 6 52449 7 52471 9 52498 5 52507 6 52705 7 52727 9 52755 4 52763 6 52961 7 52983 9 53012 3 53019 6 53218 6 53239 9 53275 6 53474 5 53496 8 53532 4 53725 1 53732 2 53753 7 54010 6 54267 5 54523 5 54779 5 55035 5 55291 1 55547 1 55775 1 55803 1 56029 4 56284 6 56296 2 56539 7 56552 2 56780 2 56795 7 56807 3 57037 3 57050 8 57063 2 57293 3 57305 8 57319 1 57560 9 57813 11 58068 12 58324 12 58455 6 58579 8 58708 10 58835 7 58963 12 59093 3 59219 12 59475 12 59731 11 59987 11 60243 10 60413 3 60499 9 60668 4 60756 8 60923 5 61012 7 61179 5 61269 5 61436 3 61693 2 62717 3 62973 3 63229 3 63397 3 63485 3 63650 7 63741 3 63849 2 63905 9 63998 2 64103 8 64155 15 64358 10 64410 16 64614 10 64666 16 64869 11 64923 16 65126 10 65179 16 65382 9 65435 17
842508,238 9 495 7 751 7 1007 6 1264 5 1521 1 2521 4 2776 8 3026 2 3030 10 3276 3 3280 16 3533 19 3790 17 4047 15 4304 13 4562 11 4820 7 18078 3 18334 3 18590 3 34039 1 34498 2 47057 1 47313 2 47568 3 47824 2 48080 2 51429 1 51684 3 51939 4 52195 4 52452 2 52709 1 53751 1 54006 2 54261 3 54515 6 54770 7 55025 11 55261 1 55279 14 55525 3 55534 15 55753 3 55781 3 55790 7 55798 8 56008 5 56037 3 56046 7 56054 5 56060 2 56264 6 56293 4 56302 6 56310 4 56520 10 56548 6 56558 7 56568 2 56776 12 56803 7 56814 7 56825 1 57032 13 57058 7 57071 6 57287 14 57313 7 57327 6 57335 1 57540 20 57568 7 57584 8 57795 22 57822 9 57840 9 58050 25 58078 9 58095 15 58305 26 58334 10 58348 19 58561 26 58590 9 58604 20 58816 27 58846 9 58859 21 59072 27 59102 8 59115 21 59327 27 59358 7 59371 21 59584 26 59614 28 59644 4 59840 26 59870 27 59901 3 60096 27 60126 27 60157 3 60352 29 60382 27 60412 4 60608 57 60668 4 60864 27 60892 29 60923 5 61120 57 61180 4 61377 27 61406 27 61436 4 61634 27 61662 29 61692 4 61891 56 61948 4 62147 61 62404 60 62660 60 62916 60 63172 3 63179 13 63193 39 63429 1 63436 11 63451 37 63692 11 63707 37 63947 13 63963 37 64203 10 64215 1 64218 38 64459 9 64472 4 64480 32 64736 32 64994 30 65250 30 65479 3 65506 30
844747,0 15 33 17 136 5 230 5 256 14 289 16 392 5 485 6 512 14 545 15 649 3 740 7 768 13 800 17 919 2 996 6 1024 12 1054 19 1173 6 1252 5 1280 12 1309 21 1372 1 1394 2 1398 2 1406 6 1428 11 1525 5 1536 12 1564 22 1626 4 1650 2 1653 4 1661 8 1683 13 1780 7 1792 13 1819 23 1882 4 1906 2 1909 4 1916 12 1938 14 2036 7 2048 14 2074 24 2137 6 2162 2 2165 3 2171 13 2191 17 2293 5 2304 15 2328 27 2393 6 2418 2 2421 3 2427 13 2442 22 2560 15 2579 2 2583 28 2649 6 2674 2 2677 3 2683 12 2698 22 2813 1 2816 14 2834 34 2906 5 2929 7 2939 12 2955 20 3065 22 3089 35 3163 4 3185 22 3211 20 3319 61 3385 2 3419 3 3447 40 3533 3 3574 62 3640 5 3704 38 3789 4 3829 12 3843 49 3895 6 3930 1 3961 11 3974 23 4045 4 4084 13 4099 49 4150 7 4184 3 4218 9 4230 22 4301 4 4339 74 4440 2 4476 2 4479 4 4485 20 4559 1 4577 6 4595 17 4613 56 4697 4 4736 23 4833 6 4851 74 4953 3 4958 1 4993 22 5107 74 5210 2 5213 4 5250 21 5284 1 5363 74 5466 7 5506 3 5513 6 5522 3 5538 4 5619 74 5728 1 5770 4 5793 5 5875 74 6048 6 6095 3 6131 73 6303 7 6350 4 6387 73 6558 8 6606 5 6643 72 6729 4 6814 8 6863 4 6899 73 6984 5 7018 6 7070 9 7119 4 7141 1 7155 75 7239 6 7273 8 7326 10 7375 4 7397 1 7410 77 7493 8 7529 9 7582 7 7594 1 7621 5 7631 4 7666 25 7693 51 7748 9 7784 11 7838 6 7850 2 7854 2 7876 15 7923 24 7949 39 7989 11 8004 8 8039 12 8094 5 8106 2 8109 4 8132 15 8179 13 8193 4 8200 3 8205 39 8245 13 8260 8 8295 12 8351 1 8365 5 8387 16 8435 17 8457 2 8462 62 8550 11 8622 4 8643 22 8692 17 8719 60 8805 9 8871 2 8878 3 8899 23 8949 16 8977 51 9029 4 9061 5 9068 1 9126 4 9134 3 9156 22 9205 16 9235 48 9317 5 9339 4 9381 6 9390 3 9412 23 9461 16 9492 45 9573 5 9595 6 9637 7 9668 23 9716 17 9736 1 9750 43 9828 5 9851 7 9892 9 9924 25 9972 16 10009 3 10019 30 10083 5 10106 8 10148 10 10182 23 10228 15 10277 28 10338 5 10361 9 10403 11 10439 5 10449 13 10484 10 10496 3 10536 27 10593 6 10617 8 10659 11 10674 6 10705 12 10741 6 10793 5 10799 22 10848 7 10873 7 10915 11 10929 7 10961 11 10997 5 11048 30 11082 3 11105 5 11129 5 11171 10 11185 8 11218 7 11255 3 11303 19 11323 18 11361 4 11370 2 11379 9 11427 9 11441 8 11475 3 11529 2 11557 21 11579 13 11593 5 11617 4 11625 4 11633 11 11682 8 11698 6 11785 3 11810 23 11835 12 11849 6 11873 4 11880 6 11887 13 11937 8 11954 6 12065 23 12091 11 12106 4 12126 30 12192 8 12210 5 12320 23 12347 10 12362 2 12382 30 12448 8 12466 4 12576 22 12602 9 12638 29 12704 9 12724 1 12749 1 12773 1 12833 11 12845 9 12858 8 12895 27 12960 10 13003 4 13014 4 13026 5 13089 9 13102 7 13115 6 13151 26 13217 9 13233 2 13259 3 13267 7 13281 6 13347 6 13359 6 13408 19 13473 9 13488 10 13516 2 13523 11 13537 7 13606 3 13615 5 13654 5 13664 16 13715 5 13731 6 13743 11 13779 11 13793 7 13872 3 13884 1 13910 7 13921 14 13970 7 13990 2 13999 12 14034 12 14048 8 14126 5 14140 1 14166 10 14177 14 14226 7 14255 12 14290 23 14382 5 14396 1 14405 4 14422 10 14435 12 14481 8 14510 13 14546 23 14637 2 14641 2 14661 4 14678 4 14683 6 14692 9 14737 9 14766 13 14801 15 14818 8 14891 4 14916 5 14936 1 14941 4 14949 8 14982 2 14994 9 15022 13 15056 13 15074 8 15146 5 15173 3 15198 3 15208 3 15237 3 15251 8 15278 12 15312 13 15331 7 15402 6 15455 2 15492 2 15508 8 15518 2 15534 7 15568 12 15587 8 15658 5 15710 1 15765 14 15791 5 15824 12 15843 7 15913 5 15965 2 15992 4 16021 15 16048 3 16081 11 16100 6 16169 5 16221 2 16248 6 16278 15 16337 12 16359 2 16425 6 16477 2 16504 7 16537 14 16556 2 16593 12 16681 6 16724 1 16759 7 16794 12 16823 2 16849 12 16938 5 16975 6 17014 7 17053 9 17077 4 17105 12 17194 5 17220 2 17231 4 17269 6 17309 8 17333 5 17362 11 17450 5 17475 4 17487 4 17524 7 17566 7 17589 5 17596 3 17618 11 17730 5 17742 1 17779 8 17822 6 17846 8 17875 9 17936 8 17986 5 17998 1 18034 8 18055 6 18078 6 18102 8 18131 8 18142 7 18190 13 18241 6 18290 8 18308 10 18334 6 18359 6 18387 7 18397 9 18443 17 18496 7 18547 6 18563 12 18589 6 18616 4 18644 6 18652 10 18698 18 18750 9 18805 4 18818 16 18843 8 18900 10 18953 20 19004 11 19073 19 19099 9 19156 9 19209 20 19260 14 19288 1 19329 20 19355 10 19415 4 19466 19 19515 16 19542 5 19585 21 19612 14 19628 1 19729 11 19772 10 19783 2 19806 4 19840 22 19870 3 19875 7 19986 9 20028 9 20060 6 20080 4 20091 2 20095 23 20132 6 20165 2 20243 8 20284 10 20315 8 20336 6 20345 29 20388 9 20419 4 20541 10 20570 9 20592 39 20644 10 20672 7 20749 4 20796 4 20801 6 20825 10 20849 39 20901 6 20928 6 20953 3 21004 5 21023 3 21052 3 21058 4 21075 3 21079 12 21105 11 21117 30 21160 2 21171 5 21183 6 21209 3 21259 7 21274 10 21308 1 21330 17 21366 5 21374 30 21428 5 21439 5 21466 2 21515 9 21527 14 21586 17 21630 30 21684 7 21695 2 21771 7 21783 15 21842 16 21886 30 21940 8 21951 3 22027 5 22038 12 22053 4 22098 16 22141 31 22196 8 22207 4 22272 1 22283 2 22295 10 22353 17 22395 35 22451 7 22528 2 22539 1 22554 6 22609 11 22621 6 22648 39 22706 6 22784 2 22794 1 22809 5 22864 12 22877 6 22904 46 22959 8 23040 3 23049 2 23065 3 23119 13 23133 6 23159 47 23214 8 23296 3 23320 4 23374 10 23385 2 23390 5 23415 48 23469 8 23552 3 23574 5 23594 4 23630 8 23646 10 23672 47 23725 7 23736 2 23808 2 23830 5 23849 6 23886 8 23903 10 23916 1 23930 46 23981 7 23991 4 24085 6 24104 7 24142 8 24160 10 24172 1 24187 3 24192 10 24204 29 24237 6 24244 7 24279 1 24341 5 24357 10 24398 8 24416 9 24444 12 24460 30 24492 6 24500 7 24596 5 24612 12 24654 8 24673 7 24702 8 24716 38 24756 7 24764 2 24842 1 24852 5 24867 13 24911 7 24926 11 24958 8 24973 37 25011 14 25059 1 25097 4 25107 5 25122 14 25167 7 25181 12 25215 8 25229 52 25313 5 25354 5 25364 1 25379 13 25423 7 25438 12 25472 7 25486 53 25568 7 25610 5 25629 2 25635 13 25680 7 25695 13 25728 7 25744 25 25775 22 25823 9 25867 3 25882 5 25894 9 25936 7 25952 12 25984 6 26000 24 26032 22 26078 10 26138 4 26151 7 26193 6 26210 10 26239 5 26255 24 26288 22 26319 7 26333 9 26347 1 26395 2 26409 4 26424 6 26448 7 26465 11 26494 6 26509 27 26546 20 26574 7 26589 7 26679 7 26703 7 26721 11 26749 6 26765 29 26803 20 26829 7 26845 7 26857 1 26860 3 26924 1 26935 8 26959 7 26977 11 27004 6 27022 29 27061 17 27085 7 27102 5 27113 6 27180 1 27192 8 27215 7 27233 9 27260 6 27279 29 27317 17 27341 7 27359 3 27369 6 27436 1 27441 2 27449 7 27471 8 27489 9 27516 5 27535 29 27575 15 27597 7 27625 7 27692 8 27705 6 27727 8 27745 8 27772 5 27791 17 27811 10 27832 14 27855 5 27881 7 27961 7 27983 9 27999 9 28028 5 28047 16 28068 9 28087 15 28112 3 28138 6 28218 7 28240 8 28254 8 28284 5 28300 18 28324 9 28343 5 28352 6 28395 5 28474 7 28496 8 28509 2 28542 2 28545 6 28554 19 28578 6 28588 6 28599 5 28608 6 28651 4 28730 8 28753 5 28763 3 28801 28 28832 7 28844 14 28860 2 28865 6 28986 8 29009 3 29058 27 29086 9 29100 7 29109 4 29119 9 29167 1 29242 9 29266 1 29271 2 29314 37 29356 5 29367 1 29374 10 29421 3 29498 10 29570 26 29597 10 29612 2 29630 9 29678 2 29754 13 29827 4 29835 17 29853 10 29868 1 29885 5 29907 2 29934 2 30012 11 30084 1 30091 16 30109 10 30141 10 30163 3 30270 8 30347 15 30365 10 30398 10 30419 3 30528 1 30531 3 30604 13 30621 10 30655 10 30789 2 30861 11 30877 10 30912 14 31036 1 31117 10 31133 10 31168 14 31289 6 31376 6 31390 11 31424 15 31443 2 31494 1 31545 5 31646 11 31681 15 31698 4 31749 4 31800 6 31902 11 31938 22 31995 3 32005 4 32057 4 32158 11 32195 22 32251 2 32262 3 32323 6 32336 2 32414 10 32453 21 32518 4 32578 8 32592 3 32670 10 32711 8 32722 8 32774 4 32830 13 32849 2 32926 10 32967 8 32981 4 32988 5 33013 4 33030 4 33086 13 33182 10 33198 2 33223 7 33239 1 33243 9 33267 5 33286 4 33342 13 33438 9 33452 5 33480 5 33499 9 33523 2 33543 3 33598 13 33632 3 33695 8 33708 5 33737 3 33755 10 33778 3 33800 2 33854 14 33880 1 33887 5 33923 3 33927 9 33951 8 33964 5 33994 2 34010 11 34029 6 34111 13 34136 1 34143 5 34178 14 34209 5 34220 4 34250 2 34266 11 34283 7 34369 11 34398 6 34433 16 34478 1 34507 1 34520 13 34539 4 34545 1 34627 9 34654 6 34688 18 34763 1 34776 13 34794 4 34888 3 34903 4 34909 7 34944 18 34999 2 35032 12 35050 4 35157 15 35200 19 35254 4 35287 13 35306 4 35413 15 35457 19 35508 6 35535 1 35541 8 35550 6 35562 4 35581 1 35600 4 35661 22 35713 20 35761 9 35794 11 35809 3 35817 6 35836 3 35853 9 35914 25 35969 20 36009 2 36016 10 36051 9 36067 1 36071 8 36089 7 36108 11 36152 4 36170 22 36225 19 36264 18 36306 11 36323 1 36326 9 36344 8 36364 11 36407 6 36426 22 36466 6 36481 18 36519 19 36562 12 36579 11 36600 8 36620 12 36663 6 36681 22 36720 10 36737 17 36775 19 36817 15 36834 11 36855 9 36878 10 36918 6 36937 21 36975 12 36992 17 37030 20 37072 27 37111 9 37134 11 37174 6 37193 21 37231 11 37248 16 37286 19 37328 26 37367 9 37389 13 37427 10 37448 22 37487 10 37504 16 37542 17 37583 26 37622 10 37645 13 37682 11 37703 22 37744 8 37760 16 37798 16 37839 25 37877 11 37901 13 37937 12 37958 22 37983 3 38000 7 38016 15 38054 15 38094 25 38132 12 38158 1 38160 10 38194 10 38213 22 38239 3 38256 7 38272 15 38310 13 38351 23 38388 12 38417 7 38450 10 38468 23 38495 3 38511 8 38528 14 38567 9 38613 1 38616 15 38644 12 38673 6 38709 6 38723 23 38752 1 38767 8 38785 12 38824 1 38870 17 38900 11 38929 5 38954 5 38966 5 38979 21 39023 8 39045 1 39126 18 39157 9 39185 5 39209 6 39222 5 39234 22 39279 9 39382 21 39408 14 39441 4 39465 6 39477 6 39488 23 39536 8 39640 35 39698 4 39721 6 39730 9 39743 23 39793 8 39896 36 39956 2 39980 1 39985 10 39998 22 40049 8 40152 37 40213 2 40218 2 40241 11 40253 23 40306 8 40409 36 40469 2 40473 4 40497 34 40562 8 40586 1 40666 36 40726 1 40729 5 40754 32 40819 8 40841 2 40923 35 40986 4 41011 30 41076 7 41095 4 41180 34 41242 5 41267 27 41332 7 41349 6 41437 32 41497 7 41523 26 41590 5 41606 5 41693 32 41754 7 41779 26 41863 3 41892 2 41949 32 42010 7 42037 4 42043 17 42146 6 42204 32 42267 6 42299 17 42401 8 42458 34 42514 3 42523 6 42556 16 42657 8 42713 34 42770 3 42779 6 42811 17 42913 9 42968 35 43025 4 43036 5 43066 18 43170 7 43212 2 43223 36 43282 4 43293 4 43321 19 43412 2 43426 7 43463 8 43478 38 43538 5 43549 4 43577 19 43666 6 43684 5 43719 9 43733 39 43794 6 43806 3 43833 7 43844 8 43910 3 43922 7 43941 3 43974 12 43989 40 44050 6 44091 5 44100 9 44166 5 44177 9 44230 13 44246 39 44306 6 44358 7 44422 6 44433 10 44485 14 44502 40 44563 4 44616 5 44678 7 44688 11 44737 62 44819 4 44873 4 44927 5 44933 22 44992 12 45007 1 45010 46 45075 4 45181 9 45191 20 45247 13 45267 45 45331 4 45436 10 45451 16 45502 13 45523 28 45554 7 45562 6 45586 5 45690 12 45708 14 45757 14 45780 19 45800 2 45809 8 45818 6 45842 6 45945 13 45966 12 46013 14 46037 18 46057 1 46064 9 46076 4 46098 8 46200 13 46230 4 46269 13 46296 15 46313 1 46319 9 46332 4 46355 7 46454 14 46486 4 46526 12 46553 14 46574 3 46578 5 46589 3 46614 4 46704 15 46733 3 46742 4 46783 12 46796 4 46810 13 46829 4 46834 5 46846 2 46957 15 46987 5 46998 3 47039 23 47065 16 47084 10 47102 2 47211 11 47241 8 47294 43 47339 7 47359 1 47390 1 47466 12 47497 9 47549 53 47615 1 47644 4 47682 3 47723 11 47738 4 47752 10 47804 55 47871 1 47899 6 47937 10 47980 20 48008 10 48059 57 48155 5 48193 11 48237 19 48264 10 48315 61 48410 6 48448 13 48493 20 48520 11 48571 61 48667 4 48705 11 48749 21 48775 11 48827 58 48924 3 48962 10 49005 21 49029 13 49084 56 49221 6 49260 36 49340 54 49478 3 49515 36 49573 2 49596 52 49770 37 49828 4 49853 48 49902 2 50026 36 50083 5 50109 47 50282 35 50365 48 50417 1 50514 1 50537 35 50621 48 50672 3 50754 2 50770 3 50792 14 50807 21 50878 46 50927 5 50935 1 51007 6 51025 4 51047 14 51063 21 51101 2 51134 46 51183 6 51190 2 51260 9 51273 4 51281 5 51303 14 51319 20 51357 3 51365 9 51390 46 51439 8 51510 3 51515 27 51559 13 51575 19 51612 19 51645 46 51695 8 51765 34 51815 34 51868 20 51900 46 51951 10 52019 35 52072 31 52124 20 52156 6 52164 37 52206 12 52274 32 52329 27 52379 22 52413 4 52421 35 52460 6 52468 9 52529 32 52586 6 52593 19 52635 22 52670 2 52679 30 52715 6 52724 12 52784 31 52843 4 52850 17 52892 20 52935 24 52962 4 52970 7 52980 12 53038 18 53057 9 53100 3 53106 16 53148 20 53192 18 53220 2 53225 7 53236 12 53294 18 53313 8 53354 25 53405 20 53448 9 53458 2 53476 2 53480 7 53492 12 53548 19 53571 6 53609 29 53661 21 53704 5 53733 1 53736 6 53748 11 53804 17 53828 3 53863 31 53918 20 54004 10 54060 15 54118 6 54125 26 54174 21 54259 10 54316 4 54321 8 54374 9 54388 20 54431 20 54515 10 54574 1 54579 5 54606 1 54636 1 54645 20 54688 19 54771 10 54835 5 54856 10 54876 1 54901 20 54946 17 54972 2 55024 13 55091 5 55110 13 55131 2 55158 20 55203 16 55228 2 55278 15 55347 6 55360 19 55387 2 55414 19 55459 18 55478 2 55532 17 55603 7 55615 20 55644 1 55671 13 55685 4 55715 21 55786 19 55859 7 55869 21 55928 17 55971 22 56041 21 56116 5 56125 21 56177 2 56184 3 56190 2 56193 8 56226 23 56297 21 56372 4 56381 21 56434 1 56441 3 56451 4 56482 23 56554 9 56566 8 56628 4 56637 21 56691 5 56697 3 56739 1 56742 19 56805 1 56812 6 56823 6 56883 6 56893 20 56949 7 56995 22 57030 1 57060 5 57068 6 57081 3 57139 6 57150 18 57205 8 57251 21 57285 3 57307 1 57315 14 57394 7 57405 19 57461 9 57507 22 57571 14 57650 7 57661 19 57682 1 57719 7 57728 2 57763 22 57827 14 57849 1 57906 7 57917 19 57978 8 58019 5 58027 13 58082 15 58162 14 58177 16 58236 6 58275 3 58284 12 58327 2 58337 17 58420 10 58432 16 58493 5 58533 1 58544 2 58592 18 58677 8 58688 15 58749 5 58760 1 58822 2 58831 1 58848 18 58869 1 58933 10 58947 11 59005 1 59077 3 59104 18 59125 1 59129 4 59189 10 59204 9 59332 4 59345 1 59354 2 59359 20 59381 1 59384 8 59446 11 59460 9 59589 3 59609 26 59637 11 59703 10 59717 7 59845 4 59864 27 59892 12 59960 19 60121 26 60148 12 60217 17 60332 2 60337 3 60378 38 60474 12 60488 1 60588 4 60635 37 60731 10 60845 3 60892 36 60988 9 61101 3 61148 36 61246 7 61357 4 61369 3 61403 37 61504 5 61613 5 61627 1 61658 38 61762 3 61869 6 61913 39 62128 1 62169 39 62424 40 62681 39 62937 39 63194 38 63451 37 63706 38 63960 40 64214 42 64318 5 64468 44 64573 7 64721 47 64828 8 64975 49 65084 9 65231 49 65339 11 65486 13 65501 35
846389,108 7 338 1 364 8 594 2 602 3 620 9 849 6 857 5 876 9 1087 2 1106 12 1132 9 1341 5 1362 11 1388 9 1597 5 1619 9 1645 8 1853 5 1876 7 1901 7 2037 1 2100 3 2108 6 2133 6 2158 6 2293 3 2356 4 2364 6 2391 5 2415 5 2549 3 2612 4 2620 6 2647 5 2672 3 2804 5 2867 7 2875 8 2904 4 2928 3 3060 5 3123 16 3160 4 3316 5 3379 15 3416 3 3572 5 3635 14 3827 7 3892 6 3899 5 3924 1 4083 7 4148 6 4200 3 4259 1 4339 8 4405 4 4456 3 4514 2 4595 8 4662 1 4770 2 4851 8 4860 4 5026 2 5107 8 5279 1 5282 1 5363 8 5534 4 5617 10 5788 6 5872 12 6042 8 6128 14 6297 10 6384 16 6541 2 6552 12 6640 16 6796 3 6808 13 6896 16 7053 3 7064 12 7137 3 7153 15 7244 1 7310 2 7324 9 7391 6 7410 14 7567 1 7575 3 7580 9 7647 6 7668 12 7823 1 7831 3 7836 10 7903 7 7925 11 8079 2 8088 2 8092 10 8159 6 8184 8 8245 5 8336 1 8348 11 8416 5 8440 8 8499 8 8605 11 8695 9 8754 9 8863 9 8950 10 9009 10 9055 3 9120 8 9206 10 9264 11 9310 5 9376 8 9462 10 9520 11 9565 7 9632 8 9695 4 9718 10 9776 11 9820 9 9888 8 9950 9 9973 11 10032 10 10076 10 10144 7 10205 12 10219 8 10228 12 10288 10 10332 10 10399 7 10461 35 10546 6 10589 9 10654 7 10718 34 10846 8 10909 8 10974 34 11102 9 11153 18 11231 33 11359 8 11409 12 11488 27 11616 7 11666 10 11745 26 11775 1 11873 6 11922 7 12004 22 12031 1 12130 3 12179 3 12261 20 12443 2 12517 19 12697 5 12775 15 12952 6 13032 12 13208 6 13288 11 13464 6 13535 1 13545 8 13720 6 13788 6 13798 12 13977 4 14044 23 14300 23 14556 22 14812 22 15069 21 15326 20 15582 19 15605 1 15840 17 15858 5 16012 2 16097 16 16114 6 16184 4 16267 4 16354 14 16370 6 16438 6 16474 2 16522 6 16611 12 16626 7 16693 8 16729 4 16779 5 16867 11 16882 7 16948 9 16985 5 17038 2 17124 9 17138 8 17204 9 17241 6 17381 7 17394 8 17460 8 17497 7 17637 7 17650 8 17716 7 17753 8 17893 3 17906 8 17974 4 18009 9 18149 1 18162 8 18265 9 18418 7 18521 10 18673 8 18764 3 18777 11 18929 8 19019 5 19034 11 19057 3 19184 8 19275 6 19289 12 19313 3 19439 8 19530 8 19544 13 19569 3 19695 7 19786 7 19800 8 19951 6 20043 6 20056 7 20207 5 20300 4 20313 5 20463 5 20570 3 20719 5 20976 4 21224 3 21232 4 21479 4 21489 3 21735 4 21747 1 21757 3 21807 4 21855 12 21991 5 22013 3 22061 8 22110 13 22199 4 22248 5 22268 4 22316 8 22366 13 22454 7 22505 3 22523 5 22567 13 22621 14 22709 11 22761 3 22779 5 22824 1 22829 6 22877 14 22965 14 23018 2 23035 5 23080 1 23133 14 23222 15 23291 5 23390 14 23479 15 23549 3 23646 15 23736 15 23805 1 23903 15 23993 14 24160 14 24251 11 24287 2 24319 1 24416 15 24508 9 24542 3 24670 17 24766 6 24797 4 24870 2 24923 19 25054 3 25125 4 25178 20 25311 2 25381 4 25434 19 25637 4 25690 19 25946 19 26202 19 26458 19 26715 9 26726 7 26971 8 26983 6 27227 7 27240 4 27483 6 27740 3 28758 7 29014 9 29257 5 29270 12 29513 5 29527 14 29594 4 29770 4 29783 16 29849 7 29901 3 30027 2 30039 16 30104 8 30156 5 30295 17 30359 9 30412 6 30550 18 30614 10 30628 3 30669 5 30805 18 30868 12 30883 5 30925 5 31060 19 31122 14 31137 8 31182 3 31316 19 31377 24 31571 21 31633 25 31825 23 31890 25 32081 23 32153 19 32338 1 32344 16 32410 19 32604 12 32666 20 32862 10 32922 21 33121 8 33183 17 33378 7 33440 16 33503 3 33602 1 33634 7 33696 15 33750 2 33757 6 33859 2 33889 8 33953 13 34006 14 34115 2 34144 9 34210 6 34263 13 34372 1 34399 3 34403 6 34468 2 34521 11 34654 3 34661 4 34778 11 34910 3 34918 3 35034 14 35134 3 35166 2 35175 2 35291 14 35388 8 35422 2 35432 1 35547 14 35643 11 35678 2 35688 1 35803 13 35898 13 35934 2 36059 12 36082 2 36154 15 36190 3 36257 4 36316 11 36338 4 36352 1 36410 15 36446 3 36512 6 36572 9 36593 7 36608 3 36667 15 36692 5 36701 4 36767 8 36829 12 36849 8 36864 3 36924 14 36947 14 37023 9 37087 10 37104 9 37120 3 37180 14 37202 16 37223 2 37280 8 37343 11 37361 7 37376 4 37435 15 37456 18 37478 4 37536 8 37599 12 37618 6 37632 3 37691 15 37711 20 37734 4 37792 8 37854 13 37875 3 37888 3 37946 18 37966 28 38048 9 38109 17 38144 2 38201 50 38303 10 38337 3 38362 22 38457 50 38560 8 38591 8 38616 25 38712 51 38816 8 38846 9 38871 27 38968 51 39073 5 39102 10 39126 28 39224 49 39330 4 39357 12 39381 30 39481 46 39612 14 39637 31 39738 44 39868 14 39892 36 39996 40 40123 16 40147 40 40255 32 40317 4 40379 4 40384 12 40400 46 40512 30 40571 7 40634 4 40641 62 40769 30 40826 9 40890 4 40897 63 41025 30 41076 4 41081 11 41147 3 41152 64 41282 30 41331 17 41400 4 41408 64 41541 28 41577 2 41585 19 41624 15 41655 5 41664 64 41797 28 41832 4 41840 19 41878 18 41910 6 41920 64 42049 33 42089 3 42095 19 42133 19 42166 6 42175 65 42304 34 42346 1 42349 18 42389 18 42421 7 42431 65 42512 3 42558 2 42563 30 42606 12 42641 21 42677 7 42688 64 42767 4 42813 3 42820 27 42862 12 42895 22 42933 7 42944 64 43023 4 43042 15 43068 4 43078 8 43087 13 43117 13 43143 30 43188 43 43232 32 43279 4 43289 26 43323 5 43335 7 43345 10 43373 13 43398 31 43443 43 43490 30 43544 27 43578 8 43591 6 43602 4 43629 13 43654 32 43698 42 43748 17 43766 10 43799 29 43833 9 43847 5 43885 13 43910 34 43946 1 43953 29 43984 11 44005 9 44023 9 44054 30 44088 12 44101 5 44141 13 44166 38 44209 28 44242 7 44261 8 44279 9 44309 31 44344 18 44398 12 44423 38 44465 28 44517 6 44535 10 44565 13 44579 4 44585 11 44600 17 44655 11 44679 38 44721 28 44773 5 44791 5 44798 4 44821 12 44842 11 44856 13 44911 11 44936 38 44978 27 45020 3 45024 2 45029 5 45047 4 45056 4 45077 10 45098 12 45113 11 45167 11 45192 38 45235 24 45260 2 45275 8 45293 3 45303 4 45312 5 45333 9 45354 12 45370 1 45375 5 45422 13 45448 38 45492 23 45516 3 45529 10 45548 6 45568 5 45591 6 45609 13 45631 4 45676 15 45704 38 45748 13 45762 13 45784 11 45803 7 45824 6 45848 3 45864 15 45884 6 45910 3 45931 16 45959 39 46003 13 46019 5 46026 5 46039 12 46059 7 46080 5 46120 15 46139 7 46166 7 46186 18 46215 39 46259 13 46282 6 46294 12 46315 8 46337 2 46376 15 46396 5 46423 7 46441 19 46471 39 46514 13 46538 5 46549 12 46571 8 46632 5 46642 6 46653 4 46680 4 46697 18 46728 39 46770 11 46793 5 46805 11 46828 6 46867 5 46887 6 46899 5 46953 17 46976 1 46984 51 47048 4 47061 11 47085 5 47120 10 47142 7 47210 15 47230 5 47240 49 47302 6 47317 2 47320 6 47342 4 47368 3 47375 11 47396 9 47466 13 47485 7 47496 47 47555 7 47572 2 47577 3 47623 20 47650 10 47723 12 47740 8 47752 13 47768 29 47810 7 47828 2 47878 22 47905 10 47979 12 47995 11 48008 13 48024 28 48066 6 48134 23 48159 13 48176 1 48184 1 48235 12 48251 26 48280 10 48291 16 48322 4 48390 44 48439 2 48492 11 48507 27 48535 28 48579 3 48646 45 48696 1 48749 10 48762 57 48902 46 48952 2 49006 9 49018 56 49159 45 49207 2 49263 6 49273 58 49415 45 49463 2 49529 25 49556 1 49560 27 49663 1 49672 43 49718 2 49786 22 49818 25 49915 1 49919 1 49928 43 49973 2 50042 22 50074 26 50175 1 50182 49 50298 21 50331 25 50437 51 50553 21 50579 3 50584 2 50588 25 50692 54 50800 1 50808 22 50833 9 50848 21 50947 57 51055 4 51063 36 51104 22 51147 1 51202 58 51310 5 51319 36 51360 22 51403 1 51457 30 51489 27 51565 7 51574 36 51617 22 51713 28 51745 26 51820 46 51873 20 51968 28 52002 24 52034 1 52075 47 52130 18 52224 27 52258 23 52290 3 52330 48 52395 9 52480 26 52515 5 52523 13 52545 4 52586 48 52652 7 52736 27 52782 1 52800 5 52843 30 52875 13 52909 6 52992 27 53055 5 53101 27 53132 11 53166 4 53248 28 53312 3 53359 24 53388 10 53421 5 53504 28 53533 4 53619 18 53646 6 53676 5 53760 27 53789 3 53859 2 53872 21 53931 5 54016 26 54045 3 54064 1 54114 4 54128 9 54144 2 54147 3 54185 7 54200 2 54272 25 54302 1 54319 5 54372 3 54381 11 54440 8 54528 25 54575 6 54608 3 54629 3 54635 9 54645 2 54682 3 54693 10 54784 25 54833 2 54864 4 54887 13 54938 4 54948 11 55040 25 55090 1 55119 8 55144 11 55166 1 55193 6 55203 12 55279 1 55296 24 55375 7 55401 10 55418 5 55449 5 55459 11 55531 1 55535 1 55545 1 55552 24 55632 6 55657 10 55673 6 55684 3 55705 5 55715 10 55787 2 55790 2 55799 3 55808 23 55859 2 55888 6 55914 8 55929 15 55962 4 55972 8 56046 2 56053 6 56064 15 56115 2 56144 5 56170 8 56185 15 56218 4 56228 5 56302 2 56308 7 56320 15 56371 2 56400 5 56427 6 56441 15 56475 2 56485 2 56565 6 56576 15 56656 5 56678 1 56683 6 56696 16 56821 5 56832 15 56913 4 56934 2 56940 4 56952 16 57073 1 57078 4 57088 14 57103 2 57169 4 57188 4 57197 3 57209 14 57242 1 57329 4 57334 3 57344 13 57359 2 57426 1 57443 6 57452 6 57465 13 57571 1 57586 9 57600 5 57607 6 57696 9 57707 7 57722 11 57825 3 57843 11 57856 2 57863 5 57951 5 57963 7 57978 11 57996 1 58101 10 58112 1 58119 5 58207 5 58219 6 58234 10 58252 1 58350 2 58358 10 58375 3 58450 1 58462 10 58473 8 58491 8 58592 2 58603 6 58611 13 58631 2 58703 6 58717 21 58748 7 58820 2 58847 5 58857 8 58866 14 58958 7 58973 22 59005 5 59068 14 59102 7 59111 25 59214 7 59229 24 59280 3 59324 16 59357 33 59470 7 59488 22 59535 3 59580 17 59613 35 59726 7 59746 2 59751 16 59789 4 59836 17 59868 36 59983 6 60008 16 60094 7 60104 4 60118 4 60125 35 60240 2 60243 2 60265 16 60351 5 60374 4 60382 34 60522 17 60629 5 60639 32 60688 1 60779 17 60885 4 60896 11 60908 19 61037 16 61140 5 61154 29 61202 1 61297 13 61396 5 61412 27 61500 7 61555 12 61600 2 61651 5 61667 28 61696 2 61750 13 61814 9 61853 6 61906 6 61923 31 62005 14 62072 7 62108 7 62162 6 62179 28 62208 1 62261 15 62315 6 62331 5 62363 8 62417 7 62435 28 62516 16 62569 11 62588 5 62619 8 62674 6 62692 27 62723 1 62740 1 62772 17 62824 12 62847 3 62864 3 62874 9 62931 5 62948 26 63028 17 63080 14 63096 3 63104 1 63120 2 63130 6 63188 3 63204 25 63232 1 63284 17 63336 20 63376 1 63386 5 63425 4 63461 22 63488 2 63491 1 63539 18 63593 20 63643 3 63678 7 63716 22 63744 5 63795 18 63850 20 63933 8 63946 5 63967 3 63972 20 64000 5 64051 18 64106 20 64187 11 64215 33 64256 4 64306 19 64362 20 64418 3 64443 11 64468 35 64512 1 64563 18 64621 4 64629 8 64674 2 64699 11 64721 37 64819 18 64878 3 64885 6 64929 3 64954 12 64976 35 65022 3 65075 18 65108 3 65117 9 65134 2 65142 4 65185 3 65210 11 65231 36 65277 4 65331 18 65361 23 65390 1 65441 2 65466 10 65487 36 65527 1 65532 4
850742,0 67 79 23 105 222 333 1834 2170 253 2429 251 2685 253 2940 11943 14887 250 15143 247 15399 246 15655 244 15912 243 16168 234 16405 4 16425 232 16682 231 16940 229 17197 228 17454 227 17709 228 17964 229 18220 228 18475 229 18730 230 18985 230 19241 229 19496 229 19751 228 20006 228 20260 230 20514 232 20769 233 21024 234 21279 235 21534 237 21790 237 22046 237 22301 238 22556 240 22810 242 23064 245 23320 245 23575 247 23831 248 24087 248 24342 249 24598 250 24853 684 25538 254 25795 251 26052 231 26286 13 26308 21 26333 203 26545 5 26565 13 26591 199 26823 9 26849 197 27084 3 27106 195 27371 186 27627 185 27883 185 28138 185 28391 189 28645 191 28900 193 29154 196 29406 200 29660 202 29913 206 30168 207 30423 208 30678 209 30933 210 31188 212 31443 214 31698 218 31953 220 32209 221 32464 222 32718 225 32973 226 33227 229 33480 232 33734 235 33989 251 34244 4922 39168 253 39424 252 39680 251 39936 251 40192 250 40445 254 40700 858 41560 1 41563 251 41819 254 42076 12195 54272 255 54528 255 54784 254 55040 254 55296 254 55552 255 55808 255 56064 9472
863209,0 12266 12270 251 12526 251 12781 512 13296 252 13553 252 13809 2 13813 248 14065 1 14072 244 14336 231 14568 4 14592 236 14848 204 15053 31 15104 202 15309 29 15360 202 15565 25 15616 202 15821 21 15872 201 16074 20 16128 201 16332 10 16384 128 16513 7 16521 6 16530 55 16588 8 16640 126 16770 6 16777 3 16790 52 16896 126 17026 5 17033 2 17046 31 17083 9 17097 1 17152 126 17283 3 17302 31 17341 7 17408 126 17540 1 17556 23 17582 7 17601 2 17664 126 17812 33 17920 127 18067 18 18086 15 18176 122 18300 2 18322 35 18432 121 18573 3 18577 35 18688 120 18831 35 18944 119 19080 2 19087 33 19200 120 19336 2 19342 24 19368 4 19456 121 19592 2 19598 24 19712 121 19854 22 19968 48 20020 68 20102 2 20110 21 20224 47 20277 68 20358 2 20365 13 20480 47 20534 67 20607 2 20613 4 20620 10 20736 32 20769 13 20790 67 20869 2 20878 5 20992 32 21025 13 21046 24 21071 42 21122 2 21248 45 21302 22 21327 3 21331 37 21378 2 21504 45 21558 18 21584 1 21588 36 21634 2 21760 44 21815 17 21834 4 21839 2 21843 36 22016 43 22071 16 22089 5 22095 3 22099 36 22140 1 22272 43 22324 17 22347 6 22356 34 22528 42 22573 1 22579 17 22603 4 22613 15 22629 17 22784 48 22834 19 22859 7 22870 6 22877 24 23040 71 23115 8 23129 2 23133 19 23296 71 23373 8 23384 21 23552 71 23630 8 23639 21 23808 70 23885 25 24064 44 24109 25 24140 24 24320 71 24395 19 24576 71 24650 17 24832 71 24905 9 25088 71 25161 8 25344 70 25601 68 25860 62 26125 51 26382 49 26643 31 26677 4 26899 29 27155 28 27403 3 27412 26 27658 5 27668 22 27914 5 27925 18 28170 5 28182 15 28426 5 28439 8 28681 6 28937 6 29193 6 29450 2
863364,5 17 69 187 260 18 325 187 515 19 581 187 770 19 837 187 1026 19 1094 186 1283 18 1350 186 1539 17 1606 186 1795 17 1861 187 2051 17 2116 188 2307 18 2372 188 2563 20 2628 188 2819 21 2884 188 3074 23 3140 188 3329 24 3395 189 3585 24 3650 215 3906 214 4142 3 4162 214 4384 4 4396 6 4418 214 4640 5 4651 7 4673 216 4897 3 4905 9 4929 217 5152 5 5159 11 5184 219 5407 18 5440 240 5694 241 5950 241 6205 243 6460 245 6715 247 6970 249 7225 251 7479 8648 16128 255 16384 255 16640 255 16896 255 17152 653 17809 249 18067 246 18324 245 18580 244 18836 243 19092 243 19348 242 19604 241 19861 240 20118 234 20373 233 20629 233 20884 233 21140 232 21396 139 21537 91 21652 138 21797 85 21908 138 22055 82 22164 137 22313 79 22420 137 22569 79 22676 136 22826 77 22932 135 23082 76 23188 134 23339 75 23444 127 23595 75 23700 126 23852 75 23956 126 24108 75 24212 126 24364 76 24467 127 24620 76 24723 128 24876 76 24978 130 25133 74 25232 133 25389 75 25488 133 25646 75 25744 133 25902 70 25982 4 26000 133 26159 67 26237 7 26256 132 26415 66 26493 9 26513 130 26670 67 26749 11 26769 129 26926 66 27006 13 27024 129 27182 66 27263 13 27279 131 27438 65 27519 13 27533 133 27694 63 27761 3 27775 148 27951 61 28015 6 28032 148 28207 60 28270 7 28291 147 28463 70 28549 7 28558 138 28718 71 28807 4 28816 137 28974 71 29064 4 29071 139 29230 71 29321 145 29486 71 29578 145 29742 70 29835 143 29998 70 30091 143 30254 70 30348 141 30505 73 30609 136 30760 73 30841 5 30867 134 31014 76 31096 11 31124 132 31269 77 31350 16 31383 135 31524 99 31641 238 31898 237 32155 235 32412 119 32532 113 32668 119 32788 110 32925 228 33181 228 33438 226 33694 204 33899 21 33951 203 34155 21 34208 230 34464 231 34720 232 34975 233 35229 236 35483 238 35738 240 35994 241 36250 241 36507 240 36764 239 37021 239 37277 239 37532 240 37787 241 38042 242 38298 217 38518 21 38554 215 38775 19 38810 213 39031 19 39067 211 39287 18 39324 210 39543 18 39580 210 39799 16 39837 99 39940 106 40055 16 40094 98 40196 106 40312 14 40350 98 40451 107 40568 14 40606 98 40706 108 40832 5 40862 98 40961 109 41080 1 41118 98 41217 109 41375 206 41632 205 41890 203 42147 202 42404 202 42661 202 42918 90 43009 22 43032 20 43057 62 43174 90 43265 22 43289 17 43313 62 43431 89 43521 23 43545 16 43569 63 43688 88 43777 39 43825 64 43944 88 44033 38 44081 66 44201 87 44289 26 44317 9 44337 67 44458 114 44575 6 44594 67 44676 3 44718 81 44800 28 44832 4 44850 68 44930 6 44954 2 44977 78 45056 29 45107 68 45185 8 45210 4 45238 69 45308 33 45363 69 45440 9 45466 7 45494 53 45551 12 45564 33 45620 69 45695 11 45722 10 45751 51 45808 11 45820 33 45877 69 45950 12 45978 11 46007 51 46065 44 46134 84 46234 12 46263 50 46320 44 46391 83 46490 12 46519 50 46576 43 46647 83 46746 13 46775 50 46832 41 46904 82 47003 12 47031 49 47088 41 47142 3 47160 82 47259 13 47287 48 47344 41 47397 102 47515 13 47544 46 47600 41 47653 102 47772 13 47801 44 47856 41 47909 103 48028 13 48058 42 48112 42 48164 104 48284 14 48315 40 48368 43 48419 107 48540 14 48572 39 48624 45 48674 115 48796 14 48828 38 48881 165 49051 16 49085 36 49137 167 49305 18 49341 36 49393 187 49597 35 49648 189 49853 34 49903 191 50109 34 50144 2 50159 192 50364 39 50414 194 50620 39 50670 18 50691 173 50875 40 50926 18 50948 173 51130 41 51181 19 51204 174 51386 41 51437 19 51458 1 51460 174 51642 41 51693 197 51900 10 51912 26 51949 197 52157 8 52169 24 52205 88 52299 103 52414 6 52431 11 52444 4 52461 85 52557 101 52671 1 52694 3 52717 23 52743 18 52766 35 52814 100 52949 3 52973 23 53000 16 53023 33 53072 99 53205 3 53228 23 53256 16 53280 31 53329 101 53485 22 53512 16 53537 4 53545 21 53585 102 53741 22 53768 16 53802 20 53842 102 53998 21 54024 16 54059 19 54098 103 54257 18 54280 16 54314 20 54354 103 54514 16 54536 15 54570 21 54610 103 54770 15 54793 14 54826 21 54866 103 55026 14 55051 11 55082 21 55123 102 55245 4 55281 15 55310 7 55339 20 55379 101 55499 7 55537 15 55595 20 55635 100 55754 9 55792 16 55852 19 55891 100 56009 9 56047 17 56096 2 56110 17 56147 100 56264 10 56303 17 56351 13 56367 15 56403 101 56520 11 56546 2 56559 17 56606 15 56623 15 56658 102 56776 11 56800 5 56816 16 56862 32 56914 102 57031 13 57055 6 57072 16 57118 31 57170 102 57286 31 57329 15 57374 30 57425 103 57542 30 57585 15 57629 30 57681 102 57799 28 57841 15 57885 29 57936 103 58055 28 58096 16 58143 13 58157 11 58192 104 58311 1 58314 25 58352 16 58402 10 58414 10 58447 111 58570 29 58607 17 58652 1 58658 9 58671 8 58703 111 58826 30 58863 17 58913 10 58927 8 58959 111 59082 30 59118 18 59169 9 59183 7 59215 111 59338 30 59374 18 59425 9 59438 8 59472 110 59593 31 59630 18 59680 10 59693 9 59729 110 59849 31 59886 18 59936 9 59948 10 59986 110 60105 31 60141 19 60192 8 60204 11 60243 110 60361 31 60396 20 60448 7 60459 12 60499 110 60617 31 60651 21 60705 5 60715 11 60756 113 60872 33 60906 22 60961 4 60971 11 61008 116 61128 56 61218 2 61227 11 61263 114 61384 56 61483 11 61505 5 61518 114 61638 58 61739 11 61760 7 61774 113 61893 59 61995 11 62015 10 62030 112 62147 61 62251 11 62270 12 62285 111 62402 62 62507 15 62525 13 62541 111 62658 30 62691 29 62763 31 62797 111 62914 30 62949 27 63020 30 63053 110 63170 31 63205 27 63276 30 63308 111 63425 32 63461 27 63533 142 63681 32 63716 28 63789 140 63937 32 63972 28 64046 139 64193 32 64226 30 64302 138 64449 63 64558 30 64589 111 64704 64 64815 28 64845 179 65072 6 65087 12 65101 179 65331 1 65344 10 65357 179
863933,116 3 121 135 371 3 377 135 627 3 633 135 883 141 1139 141 1394 142 1648 144 1903 145 2158 146 2414 146 2670 146 2916 1 2926 146 3172 1 3182 146 3424 1 3437 147 3680 1 3692 148 3940 4 3948 148 4195 5 4205 147 4450 6 4462 146 4705 8 4719 145 4946 4 4956 1 4961 8 4975 145 5202 7 5212 3 5217 7 5229 147 5457 8 5469 3 5473 7 5484 148 5713 9 5725 11 5740 148 5966 1 5969 9 5981 11 5997 147 6214 1 6221 13 6235 13 6254 146 6470 2 6478 20 6499 4 6511 145 6726 3 6733 21 6756 1 6767 145 6982 4 6988 20 7023 145 7238 26 7278 146 7493 30 7534 146 7749 30 7790 146 8002 35 8046 146 8240 1 8255 39 8303 145 8510 40 8557 147 8762 46 8813 147 9016 51 9070 146 9271 52 9326 146 9524 1 9526 53 9583 145 9780 54 9839 145 10037 54 10095 145 10293 55 10350 146 10549 203 10805 203 11061 203 11316 204 11572 204 11828 204 12084 204 12340 204 12597 203 12853 203 13110 202 13367 201 13624 200 13830 3 13880 200 14086 3 14136 200 14341 4 14392 200 14598 3 14648 200 14854 2 14904 200 15161 199 15419 3 15423 193 15676 1 15681 191 15939 3 15943 185 16198 186 16454 1 16459 181 16717 179 16975 177 17231 177 17487 177 17743 177 18000 176 18257 175 18514 2 18517 94 18613 70 18684 4 18770 95 18871 68 18940 4 19026 93 19127 68 19198 2 19284 90 19384 66 19454 2 19464 1 19540 3 19545 84 19640 65 19709 1 19802 82 19896 61 19958 3 20059 81 20152 60 20215 1 20315 81 20409 58 20471 1 20571 81 20667 55 20827 80 20924 54 21083 79 21180 49 21233 1 21339 79 21437 49 21488 3 21594 79 21693 49 21744 4 21850 79 21951 46 22001 1 22106 78 22209 1 22211 41 22362 78 22468 39 22618 78 22725 37 22874 78 22981 36 23129 78 23238 35 23385 78 23494 35 23641 78 23750 20 23778 10 23896 78 24006 20 24033 11 24152 78 24262 20 24289 2 24292 10 24407 78 24518 18 24544 13 24663 77 24775 10 24787 3 24800 12 24919 77 25032 8 25056 12 25176 76 25257 4 25290 5 25312 6 25320 3 25432 85 25530 1 25546 4 25567 8 25576 3 25688 85 25780 2 25785 3 25801 5 25822 9 25832 3 25944 85 26033 11 26057 5 26077 10 26088 4 26200 11 26213 88 26311 1 26314 5 26332 10 26347 1 26368 2 26458 9 26471 88 26567 9 26587 11 26624 4 26722 1 26727 90 26824 9 26842 11 26854 2 26880 5 26983 90 27081 9 27098 14 27136 6 27237 92 27338 8 27353 15 27385 3 27392 6 27494 92 27594 8 27609 15 27640 5 27648 6 27751 91 27853 6 27860 2 27865 18 27896 14 28007 93 28106 9 28116 2 28121 19 28150 18 28265 92 28359 1 28362 12 28376 22 28406 20 28522 133 28661 23 28778 133 28916 27 29032 135 29172 29 29288 135 29428 31 29543 136 29682 35 29798 177 30054 178 30312 2 30317 172 30573 172 30828 173 31085 172 31341 172 31597 172 31853 172 32040 5 32110 172 32294 9 32366 172 32548 12 32622 171 32803 14 32878 174 33056 19 33135 197 33391 198 33648 197 33904 198 34160 199 34416 200 34672 201 34928 202 35183 204 35438 206 35695 175 35873 28 35952 174 36130 27 36207 174 36386 27 36462 175 36642 27 36718 172 36891 2 36898 26 36975 170 37153 27 37229 171 37409 26 37484 171 37664 26 37738 173 37919 26 37992 174 38175 26 38247 154 38404 18 38431 26 38502 154 38666 11 38686 28 38758 154 38924 3 38929 4 38943 27 39013 155 39185 3 39206 21 39269 47 39318 106 39441 2 39465 18 39524 46 39575 105 39697 2 39721 19 39779 46 39832 104 39953 1 39976 21 40035 46 40089 103 40232 21 40291 46 40345 103 40488 21 40547 45 40601 103 40744 21 40804 44 40856 104 41002 4 41008 13 41061 43 41112 104 41265 11 41317 43 41368 104 41521 11 41573 42 41623 105 41778 10 41829 42 41878 106 42034 9 42050 1 42085 39 42126 1 42133 107 42290 7 42341 39 42382 1 42389 107 42545 6 42597 38 42644 108 42802 4 42853 36 42900 108 43058 1 43108 37 43156 108 43314 1 43364 36 43412 108 43570 3 43619 35 43668 108 43825 4 43854 2 43857 4 43875 35 43924 108 44081 4 44087 2 44109 9 44131 35 44168 1 44179 109 44336 4 44343 2 44365 9 44387 40 44434 110 44599 3 44621 10 44643 40 44690 110 44855 3 44864 1 44877 10 44900 39 44946 110 45111 3 45115 6 45133 10 45157 38 45201 111 45366 11 45389 10 45413 35 45449 3 45455 113 45622 10 45645 10 45669 155 45878 9 45900 10 45925 155 46136 7 46155 12 46182 30 46215 121 46394 5 46410 13 46438 30 46471 121 46652 2 46666 13 46695 29 46728 120 46897 2 46920 15 46952 28 46983 121 47153 2 47175 17 47212 23 47239 121 47409 3 47430 17 47469 21 47494 122 47665 4 47684 19 47726 20 47751 121 47922 3 47940 18 47982 11 47995 3 48000 1 48008 120 48178 4 48196 17 48239 8 48251 3 48263 121 48435 3 48452 17 48496 6 48508 1 48519 121 48692 1 48709 17 48755 3 48775 121 48965 18 49031 121 49222 17 49286 122 49470 3 49480 12 49494 1 49541 123 49726 2 49740 6 49798 122 49982 1 50000 1 50055 121 50242 1 50311 121 50498 1 50567 121 50754 1 50823 121 51010 2 51079 121 51266 5 51335 121 51522 5 51591 121 51778 5 51849 3 51853 115 52033 6 52109 115 52284 1 52287 8 52363 117 52539 12 52619 117 52792 15 52876 5 52886 10 52897 95 53047 16 53133 2 53144 6 53154 94 53297 22 53389 1 53402 1 53411 93 53550 25 53667 93 53805 27 53924 92 54061 28 54180 92 54316 30 54436 92 54572 31 54692 92 54828 30 54948 92 55083 31 55204 92 55339 29 55459 93 55594 29 55715 93 55848 31 55971 93 56101 33 56229 91 56353 36 56394 1 56487 89 56607 37 56649 3 56744 88 56858 41 56903 6 57001 87 57112 42 57158 7 57257 87 57366 43 57414 7 57513 87 57619 44 57669 8 57769 87 57872 47 57926 7 58025 87 58128 47 58183 6 58280 88 58383 50 58439 5 58536 88 58638 51 58696 3 58792 88 58894 48 58952 3 59047 89 59149 47 59210 1 59303 89 59405 47 59464 4 59559 89 59661 50 59720 4 59814 90 59916 49 59976 4 60070 90 60171 50 60232 4 60326 90 60427 49 60489 3 60582 90 60682 43 60729 2 60746 1 60838 90 60938 43 60985 2 61002 1 61094 90 61193 43 61241 2 61258 3 61350 90 61448 43 61514 3 61606 90 61702 45 61770 3 61862 90 61957 45 62026 4 62032 1 62035 2 62119 89 62213 45 62282 16 62376 88 62469 46 62537 17 62631 89 62725 47 62792 18 62887 89 62980 48 63047 19 63142 90 63236 36 63275 9 63291 2 63302 20 63395 1 63398 90 63492 35 63533 7 63546 3 63557 20 63651 1 63653 91 63748 35 63791 5 63801 3 63805 26 63906 2 63909 91 64005 34 64048 4 64054 33 64162 94 64261 33 64304 3 64309 33 64415 1 64418 94 64516 34 64563 35 64670 2 64673 95 64772 33 64819 34 64926 98 65028 32 65075 35 65182 98 65282 1 65284 31 65331 35 65438 98
863998,18616 2 18872 2 19100 6 19128 3 19353 9 19607 10 19862 11 19895 2 20117 12 20150 4 20157 3 20373 12 20406 4 20413 3 20628 13 20662 4 20669 3 20701 2 20884 12 20918 3 20926 2 20957 1 21140 11 21183 1 21213 1 21397 9 21654 6 21912 3 23447 2 23702 4 23958 4 24214 5 24470 5 24726 5 24983 3 28270 2 28526 3 28782 3 28838 1 29040 1 33226 4 33482 4 33737 6 33993 6 34247 7 34503 6 34758 7 35014 7 35271 6 35527 7 35784 7 35875 2 36041 6 36129 4 36298 4 36384 6 36640 6 36897 4 37672 4 37927 7 38183 8 38439 7 38696 4 40390 2 40644 5 40900 5 41156 4 41411 5 41667 5 41923 4 42179 4 42435 3 50289 2 50356 1 50546 1 50610 4 50865 5 50981 2 51122 3 53205 3 53229 3 53461 3 53485 3 53500 4 53719 1 53741 3 53755 5 54010 6 54266 6 54520 8 54776 8 55029 11 55285 11 55542 10 55799 9 56057 7 56314 6 56571 5 56828 4 57084 4 57329 1 57342 2 58089 3 58343 8 58596 12 58851 15 59107 19 59362 20 59618 21 59874 24 60131 23 60388 22 60644 26 60900 26 61157 22 61180 2 61414 11 61428 7 61671 23 61928 23 62084 2 62185 23 62339 4 62443 21 62594 6 62700 20 62850 6 62957 1 62960 16 63106 6 63169 5 63215 17 63362 6 63423 8 63471 17 63619 5 63676 11 63726 18 63876 4 63931 12 63982 18 64132 5 64186 15 64238 18 64389 4 64441 17 64494 18 64646 3 64697 19 64750 18 64902 3 64953 21 65007 17 65159 2 65209 21 65263 17 65416 1 65465 21 65520 16
867180,17 2 32 1 39 37 95 8 273 3 277 4 292 40 352 6 529 8 547 43 596 1 610 1 783 6 803 44 850 4 1035 11 1051 7 1059 53 1114 5 1290 87 1382 1 1544 91 1638 3 1792 2 1798 93 1894 2 1898 1 2048 100 2151 6 2304 100 2407 6 2560 100 2663 5 2816 100 2917 4 3072 104 3328 104 3584 103 3840 102 4008 4 4096 102 4263 6 4352 102 4516 8 4608 101 4771 10 4864 102 4972 1 5027 11 5120 102 5228 1 5282 13 5377 93 5471 8 5537 16 5633 92 5728 4 5733 2 5791 20 5889 92 5985 5 6046 22 6145 94 6242 4 6274 3 6301 23 6401 93 6500 4 6531 3 6555 25 6657 93 6757 4 6787 4 6810 26 6912 96 7042 3 7066 27 7168 97 7298 2 7321 28 7424 103 7577 29 7680 104 7833 30 7936 109 8048 5 8088 32 8192 119 8343 33 8448 117 8598 34 8704 117 8853 35 8960 117 9109 36 9216 118 9365 36 9472 118 9621 35 9728 120 9879 33 9984 121 10136 32 10240 122 10366 1 10392 31 10496 123 10621 4 10648 31 10752 129 10905 29 11008 120 11129 4 11161 29 11264 120 11385 4 11417 30 11520 126 11673 29 11776 127 11929 29 12032 127 12185 29 12288 118 12407 8 12441 28 12515 2 12544 128 12698 27 12767 1 12771 3 12800 128 12954 27 13023 8 13056 128 13206 30 13280 7 13312 128 13458 2 13461 30 13528 2 13536 7 13544 1 13568 128 13716 31 13782 4 13792 10 13824 127 13972 29 14037 7 14048 10 14080 127 14227 29 14293 8 14303 11 14336 126 14480 31 14549 21 14592 125 14737 32 14805 22 14848 125 14995 31 15060 23 15104 124 15256 17 15275 8 15316 24 15360 124 15513 14 15531 8 15573 24 15603 1 15616 124 15767 14 15787 8 15828 26 15872 123 15998 1 16021 15 16043 8 16084 27 16113 1 16128 121 16275 16 16298 8 16340 30 16378 3 16384 120 16527 18 16554 7 16591 4 16596 32 16631 7 16640 121 16782 19 16808 9 16847 47 16896 122 17036 20 17062 10 17102 48 17152 124 17278 2 17293 20 17320 5 17326 1 17358 178 17549 25 17576 4 17613 181 17804 26 17832 2 17860 2 17866 184 18058 10 18069 20 18113 6 18121 187 18314 10 18325 20 18369 195 18569 31 18625 195 18825 34 18880 194 19080 35 19135 196 19335 36 19391 197 19590 36 19648 196 19845 37 19904 63 19968 170 20140 1 20159 5 20166 57 20224 173 20418 1 20422 56 20480 165 20647 7 20678 56 20736 164 20902 8 20934 56 20992 163 21158 8 21189 57 21248 173 21442 60 21504 172 21696 62 21760 171 21940 1 21951 64 22016 167 22186 1 22194 7 22205 66 22272 170 22449 8 22461 66 22528 170 22700 14 22719 64 22784 187 22974 238 23213 12115 35329 255 35585 255 35844 252 36101 251 36357 251 36613 251 36869 251 37125 251 37380 252 37636 252 37891 253 38147 253 38402 254 38658 254 38913 255 39169 462 39632 1533 41166 254 41422 72 41495 181 41678 71 41751 181 41934 67 42003 2 42007 181 42190 68 42259 2 42262 182 42446 252 42702 252 42958 11 42970 239 43215 233 43451 11 43471 10 43482 222 43711 6 43727 9 43738 222 43970 2 43983 9 43994 222 44229 2 44240 9 44250 217 44485 3 44496 47 44544 178 44741 3 44752 8 44762 29 44792 3 44796 2 44800 177 44997 3 45004 43 45049 1 45053 1 45056 178 45249 1 45254 3 45260 9 45272 31 45312 178 45500 2 45505 3 45510 4 45516 8 45528 32 45568 178 45753 1 45756 2 45760 10 45773 2 45778 3 45783 39 45824 178 46009 1 46012 2 46016 10 46031 1 46034 41 46076 2 46080 177 46274 5 46286 44 46336 177 46531 2 46542 45 46592 177 46796 48 46848 177 47051 51 47104 177 47307 52 47360 178 47541 3 47546 1 47562 233 47796 3 47801 3 47815 240 48056 5 48071 247 48326 57 48384 179 48564 11 48582 57 48640 181 48824 7 48839 56 48896 180 49080 8 49095 3 49101 50 49152 180 49335 9 49347 7 49357 50 49408 180 49591 10 49602 8 49613 228 49842 24 49869 227 50099 22 50125 227 50355 22 50381 205 50591 14 50606 1 50610 23 50636 207 50847 15 50866 233 51103 15 51122 14 51138 217 51358 10 51369 4 51377 13 51395 216 51613 8 51626 2 51632 14 51652 213 51867 9 51882 2 51887 15 51908 10 51920 201 52123 8 52138 1 52143 15 52164 7 52176 201 52380 6 52390 2 52399 15 52423 3 52432 201 52636 5 52646 2 52653 1 52658 12 52687 6 52694 196 52892 4 52915 10 52941 7 52950 196 53171 10 53196 6 53210 194 53409 4 53428 8 53453 6 53466 22 53491 169 53664 8 53684 8 53709 7 53723 20 53751 163 53920 10 53939 9 53964 9 53980 19 54007 163 54175 13 54194 7 54219 11 54237 19 54267 3 54272 153 54430 13 54451 5 54474 9 54484 3 54494 18 54523 158 54686 11 54707 5 54726 13 54741 3 54750 18 54779 158 54941 12 54963 6 54980 15 55006 18 55034 159 55197 12 55217 8 55233 1 55235 18 55261 19 55290 159 55453 11 55473 8 55482 4 55489 21 55516 15 55532 4 55546 159 55709 10 55729 13 55745 22 55772 15 55788 4 55801 161 55965 7 55984 8 55996 2 56001 22 56026 21 56059 159 56221 7 56240 8 56258 21 56282 21 56316 158 56479 8 56496 5 56513 24 56539 1 56542 15 56576 154 56735 10 56769 24 56801 10 56815 1 56832 146 56980 7 56991 10 57025 25 57057 6 57064 3 57088 145 57236 21 57282 21 57304 3 57316 3 57321 2 57344 140 57486 18 57505 7 57539 23 57577 1 57600 139 57745 14 57762 5 57795 23 57833 1 57856 139 58000 13 58018 2 58052 19 58112 138 58255 14 58274 2 58308 19 58368 138 58511 2 58516 8 58565 17 58624 137 58773 5 58821 16 58880 138 59029 3 59045 3 59078 13 59136 138 59285 3 59300 5 59335 12 59379 5 59392 137 59542 2 59556 3 59592 11 59635 4 59648 137 59813 1 59849 14 59891 4 59904 136 60105 10 60116 4 60148 3 60160 135 60362 9 60372 4 60405 1 60416 134 60618 9 60629 3 60672 134 60875 8 60886 2 60895 2 60907 3 60928 134 61132 7 61148 6 61162 4 61184 134 61392 4 61402 8 61417 5 61440 134 61649 1 61657 9 61671 7 61696 134 61889 2 61911 11 61927 6 61947 1 61951 135 62167 10 62182 6 62202 140 62395 4 62422 11 62438 4 62456 143 62651 5 62678 9 62693 6 62711 144 62866 1 62907 5 62925 1 62934 8 62949 8 62967 145 63163 3 63193 1 63206 2 63212 2 63222 147 63418 2 63468 2 63477 128 63608 18 63723 4 63734 2 63739 3 63744 116 63865 17 63979 4 63991 1 64000 116 64121 18 64233 6 64256 42 64299 72 64377 18 64489 7 64512 34 64547 6 64556 13 64572 55 64630 21 64744 8 64768 32 64813 12 64829 54 64885 21 64999 9 65024 32 65069 12 65085 54 65141 22 65255 9 65280 32 65326 1 65329 8 65341 53 65395 24 65511 8
874368,920 4 1175 5 1429 7 1684 9 1939 11 2196 10 2452 10 2709 8 4705 3 4960 4 5216 5 5464 3 5471 6 5711 2 5720 4 5725 8 5965 6 5981 8 6221 6 6235 9 6477 6 6488 12 6733 5 6743 13 6998 15 7254 15 7510 16 7765 17 8021 16 8275 10 8530 11 8785 11 9041 11 9298 9 9556 7 9713 1 9813 5 9967 3 10142 2 10223 4 10397 5 10478 6 10653 7 10734 6 10908 9 10989 8 11161 13 11245 8 11416 15 11500 9 11671 17 11754 10 11926 19 12009 10 12181 20 12265 10 12436 20 12520 10 12692 19 12764 3 12776 10 12948 17 13018 7 13032 9 13203 16 13274 8 13288 9 13458 17 13530 8 13544 8 13709 22 13786 8 13800 8 13964 22 14042 8 14057 6 14152 1 14220 22 14299 7 14315 1 14397 3 14408 3 14476 16 14494 3 14517 3 14555 6 14653 3 14663 8 14731 16 14813 2 14908 4 14919 10 14987 15 15163 5 15175 11 15243 14 15419 5 15431 12 15499 14 15676 3 15687 12 15756 12 15820 2 15830 2 15943 12 16012 12 16072 7 16085 3 16193 5 16199 12 16270 9 16323 12 16437 2 16449 17 16528 7 16578 13 16691 7 16705 16 16786 3 16833 14 16947 8 16961 16 17088 14 17203 7 17217 7 17227 4 17344 13 17459 7 17473 6 17600 12 17718 1 17731 3 17857 8 18114 4 20509 4 20765 5 21020 13 21279 12 21536 11 21793 10 22051 8 22304 1 22308 7 22370 2 22559 2 22566 5 22601 5 22624 7 22815 2 22823 4 22855 8 22880 9 23070 3 23080 2 23110 9 23135 11 23325 4 23366 9 23391 11 23581 4 23620 11 23647 11 23838 2 23876 11 23904 10 24131 11 24160 11 24386 10 24416 10 24642 9 24673 9 24898 7 24930 7 25153 7 25188 5 25409 7 25445 2 25666 6 25921 7 26177 8 26434 7 26691 6 26950 3 27208 5 27463 6 27719 6 27975 6 28231 6 28486 7 28742 8 28999 7 29256 7 29513 6 29771 4 30026 6 30282 9 30469 4 30538 10 30724 6 30793 11 30977 9 31048 12 31232 11 31304 12 31488 11 31559 12 31744 10 31816 4 31824 3 32000 10 32071 5 32256 9 32327 4 32512 8 32583 4 32768 8 32839 4 33024 7 33280 7 33536 5 33792 4 34048 3 34304 3 34560 2 34894 3 35149 5 35404 7 35503 2 35661 7 35757 6 35917 7 36011 8 36174 7 36267 8 36430 8 36525 3 36687 8 36943 9 36965 3 37200 7 37221 4 37460 1 37477 3 40280 1 40535 2 40791 2 41357 2 41610 6 41865 8 42119 10 42375 10 42602 6 42630 11 42857 8 42886 11 43076 3 43112 9 43142 11 43332 3 43368 9 43391 1 43398 10 43588 1 43625 7 43646 3 43655 9 43881 6 43902 3 43912 7 44168 7 44426 5 44684 3 45446 1 45701 3 45957 4 46213 4 46470 4 46727 3 46984 1 47020 2 47272 8 47462 1 47527 10 47717 4 47782 11 47970 7 48002 1 48037 13 48225 7 48281 1 48292 14 48481 7 48536 3 48548 13 48737 6 48792 4 48804 13 48994 4 49048 5 49060 12 49305 3 49316 12 49573 10 50292 3 50548 3 51340 3 51595 4 51851 4 52106 5 52362 5 52618 5 53656 3 53912 3 54146 5 54167 5 54401 7 54424 3 54656 10 54911 13 55166 15 55422 15 55678 16 55713 3 55933 17 55969 3 56189 18 56225 4 56287 1 56446 17 56481 3 56703 16 56737 2 56963 11 57220 10 57293 3 57476 9 57499 2 57548 5 57732 9 57754 4 57803 7 57989 7 58010 4 58016 1 58059 8 58246 2 58266 5 58272 2 58315 8 58521 6 58571 7 58777 5 58827 6 59033 3 59084 3 59289 1 59350 3 59606 4 59862 4 60119 3 60627 1 60882 4 61137 5 61392 6 61648 6 61904 6 62160 6 62417 4 62955 1 63210 4 63466 4 63659 1 63722 4 63810 1 63914 4 63978 4 64066 3 64170 4 64235 2 64321 4 64425 5 64576 5 64676 9 64829 8 64921 3 64930 11 65084 9 65178 1 65186 11 65330 6 65339 8 65441 12
877548,0 65536
890795,0 16128 16129 255 16385 9745 26135 250 26392 248 26648 247 26905 245 27161 243 27417 241 27674 239 27931 237 28187 237 28444 235 28701 234 28957 233 29213 232 29469 231 29725 230 29981 229 30237 227 30492 228 30735 241 30991 241 31246 242 31501 60 31566 178 31756 60 31824 176 32012 60 32081 175 32267 61 32337 102 32441 71 32523 60 32594 100 32698 70 32778 61 32850 97 32960 64 33034 61 33106 98 33217 63 33290 61 33363 98 33476 60 33546 61 33619 98 33733 59 33800 60 33861 1 33875 99 33991 57 34055 62 34131 100 34248 56 34310 63 34387 100 34504 56 34565 65 34643 101 34761 20 34782 34 34820 67 34899 101 35018 17 35038 33 35075 73 35154 102 35277 9 35294 33 35329 183 35537 3 35550 33 35584 183 35805 34 35840 182 36060 218 36316 218 36571 219 36826 221 37081 223 37336 225 37591 226 37846 227 38102 227 38357 228 38611 229 38855 1 38866 222 39092 3 39109 5 39121 222 39365 6 39376 220 39620 231 39873 234 40126 236 40382 236 40637 236 40893 235 41138 6 41148 235 41391 10 41404 96 41502 135 41646 11 41659 91 41759 133 41901 103 42016 131 42157 102 42272 131 42412 102 42528 131 42667 103 42784 131 42921 103 43040 131 43176 103 43295 132 43432 104 43550 133 43687 105 43806 133 43943 105 44063 132 44199 105 44319 131 44455 104 44575 130 44711 104 44832 125 44968 102 45088 123 45224 102 45327 2 45344 122 45481 105 45600 115 45718 1 45738 104 45856 114 45994 104 46113 112 46250 97 46350 3 46370 52 46423 57 46506 94 46626 50 46681 55 46762 93 46884 47 46939 45 47018 94 47142 36 47183 2 47195 43 47275 93 47398 35 47452 8 47462 32 47531 95 47654 36 47709 5 47722 27 47786 97 47909 37 47978 27 48042 97 48164 37 48233 3 48238 18 48298 98 48419 38 48488 4 48495 16 48552 100 48673 40 48744 4 48750 16 48803 105 48928 41 49000 19 49058 106 49184 40 49256 18 49313 107 49439 42 49512 17 49569 107 49681 2 49695 31 49728 11 49767 17 49813 2 49826 114 49951 31 49986 11 50023 16 50068 4 50082 115 50207 47 50279 11 50324 4 50338 116 50462 48 50535 11 50580 4 50594 116 50718 49 50792 9 50836 3 50849 117 50974 50 51048 8 51092 3 51104 118 51230 50 51304 7 51359 119 51487 49 51561 5 51614 120 51743 48 51818 3 51870 120 52000 47 52125 121 52255 48 52381 121 52511 48 52637 121 52767 27 52797 18 52893 121 53021 29 53053 18 53149 121 53273 34 53309 5 53315 12 53405 121 53527 37 53572 11 53661 120 53783 37 53829 10 53917 120 54039 38 54085 9 54174 119 54295 39 54430 106 54539 9 54552 39 54686 106 54796 8 54808 39 54916 3 54941 106 55053 6 55064 30 55095 8 55171 6 55196 106 55311 2 55319 40 55427 8 55450 108 55575 40 55683 9 55705 108 55829 44 55940 9 55961 108 56084 45 56197 9 56217 108 56339 17 56359 27 56454 9 56473 109 56587 2 56595 16 56616 27 56710 10 56730 118 56850 16 56873 26 56966 11 56986 135 57130 26 57222 12 57241 136 57387 24 57477 13 57496 136 57643 24 57733 14 57752 135 57900 21 57968 5 57987 16 58007 135 58157 15 58224 6 58242 145 58396 1 58413 16 58479 8 58495 147 58669 16 58735 9 58749 149 58924 18 58990 163 59175 2 59179 19 59245 164 59430 24 59499 165 59682 28 59754 166 59936 30 60010 164 60176 3 60191 32 60265 164 60431 4 60446 34 60520 164 60687 4 60701 11 60713 23 60774 166 60944 3 60957 7 60969 24 61018 5 61028 167 61201 2 61211 7 61226 24 61273 178 61467 6 61481 25 61529 178 61716 11 61735 26 61784 180 61972 10 61990 26 62037 183 62228 5 62235 2 62246 25 62291 186 62485 5 62502 19 62547 186 62741 6 62758 18 62802 188 62997 10 63014 18 63058 188 63252 11 63269 19 63315 188 63507 13 63525 19 63569 200 63771 29 63823 199 64028 1 64031 12 64045 11 64078 200 64284 1 64288 1 64291 8 64301 10 64333 201 64543 12 64559 7 64588 202 64793 2 64799 6 64808 3 64816 5 64844 204 65055 7 65063 5 65100 205 65307 2 65311 14 65356 180
891930,88 3 102 2 107 56 205 16 223 9 246 2 253 3 344 4 359 60 461 16 478 9 503 1 511 1 599 5 616 61 716 17 734 9 767 1 855 6 873 62 972 24 1111 7 1130 63 1196 5 1228 22 1256 4 1367 7 1387 72 1490 15 1510 7 1519 1 1534 2 1623 8 1643 74 1746 15 1765 12 1787 5 1879 8 1900 75 2003 14 2020 17 2042 6 2135 7 2156 76 2260 35 2298 6 2392 6 2412 76 2517 43 2648 5 2668 77 2760 2 2775 41 2903 5 2912 4 2920 81 3014 4 3032 40 3158 6 3167 6 3175 81 3264 3 3269 5 3288 40 3413 17 3432 80 3518 12 3544 40 3669 17 3690 78 3774 13 3799 41 3926 15 3948 75 4029 15 4053 43 4183 14 4204 74 4285 20 4306 46 4439 15 4460 75 4537 71 4696 14 4716 57 4774 17 4792 72 4952 14 4972 56 5031 15 5049 71 5209 12 5227 57 5288 14 5304 72 5483 56 5546 86 5738 56 5802 86 5995 55 6058 86 6251 55 6314 86 6509 53 6571 85 6766 52 6827 85 7021 53 7081 87 7276 55 7336 88 7533 54 7591 89 7790 54 7845 91 8047 145 8303 145 8559 145 8815 145 9072 144 9328 2 9331 141 9587 141 9844 140 10078 1 10100 140 10334 2 10357 139 10590 1 10611 141 10867 141 11122 142 11377 143 11633 143 11885 3 11889 143 12139 149 12394 150 12650 150 12906 150 13164 148 13421 147 13680 1 13683 141 13941 139 14196 140 14451 141 14707 141 14963 141 15219 141 15471 3 15475 141 15728 144 15984 144 16239 145 16493 147 16749 147 17004 148 17260 148 17516 148 17772 148 18027 149 18283 149 18538 150 18793 151 19049 151 19303 153 19558 154 19814 154 20069 155 20325 155 20582 154 20838 154 21094 154 21350 154 21607 153 21863 153 22119 153 22375 153 22632 152 22888 152 23144 152 23400 152 23656 152 23913 151 24169 151 24425 151 24681 151 24938 150 25194 150 25450 150 25707 149 25963 149 26220 148 26476 148 26732 148 26989 130 27120 16 27245 129 27376 16 27501 147 27757 147 28014 146 28270 146 28526 146 28783 145 29039 145 29296 144 29552 144 29809 143 30066 141 30322 140 30578 141 30834 142 31090 142 31346 142 31602 142 31858 142 32115 141 32371 141 32628 140 32885 139 33142 138 33398 138 33654 138 33910 138 34166 2 34169 135 34425 135 34682 134 34938 134 35195 133 35455 129 35712 128 35971 125 36230 122 36489 119 36747 117 37003 117 37260 116 37519 113 37777 111 38034 110 38290 110 38545 111 38800 112 39053 115 39308 116 39564 116 39820 116 40075 117 40331 117 40585 119 40840 120 41096 120 41351 121 41607 121 41860 124 42116 124 42371 125 42627 4 42633 119 42883 3 42889 119 43140 2 43146 118 43396 2 43402 118 43657 119 43911 121 44166 122 44421 123 44677 123 44932 124 45188 124 45444 124 45700 124 45956 124 46213 123 46469 123 46725 123 46981 123 47238 122 47494 122 47750 122 48006 122 48262 122 48518 122 48775 121 49031 121 49287 121 49543 121 49800 120 50056 120 50312 120 50569 119 50825 119 51081 119 51338 111 51450 6 51594 91 51690 11 51702 2 51707 5 51850 89 51946 3 51955 5 52107 88 52212 4 52363 87 52465 7 52619 80 52720 8 52876 78 52961 1 52973 1 52981 2 53132 77 53216 4 53229 1 53388 77 53472 6 53645 76 53728 6 53901 28 53937 41 53984 7 54158 26 54195 40 54240 7 54414 25 54453 1 54455 48 54527 1 54670 25 54712 47 54782 2 54926 24 54968 48 55036 4 55183 23 55225 47 55291 5 55440 21 55480 49 55547 5 55696 20 55736 49 55803 5 55952 16 55994 48 56059 5 56209 14 56251 47 56316 4 56465 13 56508 47 56570 6 56721 12 56765 47 56825 7 56978 11 57024 45 57078 10 57234 10 57287 38 57333 11 57491 7 57544 38 57587 13 57750 1 57802 36 57843 13 58060 34 58099 13 58318 31 58355 13 58575 30 58613 11 58832 29 58871 9 59089 28 59126 10 59346 7 59354 18 59382 10 59602 4 59611 17 59638 10 59869 15 59894 10 60125 15 60150 10 60382 13 60397 1 60406 10 60633 1 60638 5 60645 5 60653 3 60663 9 60888 4 60894 5 60909 3 60920 8 61145 1 61150 5 61176 8 61406 4 61432 8 61663 3 61688 8 61920 2 61944 8 62111 5 62175 2 62192 2 62200 8 62366 7 62430 3 62447 5 62456 8 62621 8 62686 3 62702 7 62712 8 62876 9 62941 4 62946 3 62958 7 62968 8 63131 11 63200 9 63214 7 63222 10 63386 12 63457 9 63470 18 63642 12 63713 10 63726 18 63898 12 63969 10 63985 1 63988 12 64154 12 64225 10 64243 13 64410 12 64481 10 64499 13 64666 12 64738 13 64754 14 64923 11 64995 29 65179 11 65251 29 65436 10 65508 28
892843,168 12 253 3 425 11 509 3 682 10 766 2 941 8 1198 11 1459 8 1716 7 1973 6 2229 5 2485 5 2741 4 2996 5 3251 6 3506 6 3762 6 4017 8 4273 8 4527 9 4542 2 4781 9 4798 3 4889 3 5037 3 5144 5 5400 5 5656 4 5913 3 9728 4 9984 5 10240 6 10496 6 10752 6 11008 6 11264 5 11520 5 11776 5 12032 4 12288 4 12544 3 12800 3 13056 2 13312 1 16474 4 16730 8 16985 10 17241 10 17497 10 17753 10 17948 7 18009 9 18203 8 18265 8 18459 8 18522 6 18715 8 18778 5 18971 8 19037 2 19228 6 19485 4 20845 2 21100 4 21356 5 21611 6 21628 2 21867 6 21884 4 22123 7 22139 6 22380 6 22395 8 22637 4 22651 10 22907 12 23162 14 23419 13 23600 3 23675 13 23857 1 23932 12 24189 10 24446 4 25002 4 25257 6 25513 6 25770 5 26026 4 26283 3 26398 1 26540 2 26649 8 26704 9 26901 13 26964 4 27155 16 27222 1 27412 15 27668 15 27925 13 28182 12 28438 11 28695 2 28699 5 28955 5 29211 4 29468 3 29724 3 29981 1 33420 1 33602 1 33674 3 33858 2 33929 4 34077 7 34114 2 34185 4 34329 12 34370 2 34441 4 34584 12 34626 1 34698 1 34839 13 35095 12 35351 11 35607 10 35863 8 35904 1 36120 5 36159 2 36378 1 36414 3 36670 1 37038 2 37460 1 37646 4 37690 3 37715 3 37901 7 37946 4 37971 3 38157 8 38202 4 38228 1 38413 10 38458 4 38669 11 38715 2 38925 12 39182 11 39439 11 39695 11 39951 11 40207 11 40374 5 40462 12 40630 6 40718 12 40886 6 40975 10 41141 7 41231 8 41397 6 41488 4 41653 6 41745 2 41908 7 42164 6 42421 4 51653 1 51909 1 52165 1 52933 1 53187 3 56567 3 56821 6 56828 4 57076 12 57331 13 57587 13 57843 12 58101 8 58358 3 58362 2 63000 1 63254 4 63509 5 63764 6 64020 5 64275 6 64532 5 64788 3
904357,138 11 162 9 203 2 243 6 394 11 417 10 460 2 499 5 649 11 673 11 756 3 904 11 929 11 947 2 1160 10 1185 11 1203 2 1416 9 1441 12 1525 5 1672 8 1698 13 1780 8 1929 6 1954 15 2033 12 2184 7 2211 14 2289 13 2438 9 2468 13 2544 14 2693 10 2725 12 2800 14 2947 13 2985 11 3056 12 3202 19 3243 13 3312 11 3458 19 3500 13 3514 1 3568 9 3715 18 3756 16 3824 8 3974 15 4001 1 4013 13 4081 6 4230 15 4255 5 4270 12 4337 5 4485 16 4510 6 4526 12 4593 5 4741 16 4766 7 4783 10 4849 5 4997 14 5021 8 5039 9 5105 6 5253 6 5263 3 5277 8 5296 8 5360 7 5508 5 5533 9 5553 2 5558 7 5616 8 5752 1 5764 4 5788 10 5815 6 5869 10 6007 4 6021 3 6044 10 6071 6 6124 10 6263 4 6277 3 6300 9 6319 2 6328 5 6380 9 6519 3 6533 3 6556 10 6573 5 6584 3 6636 9 6790 3 6813 9 6828 7 6841 1 6893 9 7046 4 7054 1 7069 9 7083 9 7095 4 7151 8 7303 3 7310 1 7326 9 7338 11 7350 5 7409 7 7420 4 7560 1 7584 21 7606 5 7645 1 7665 6 7674 6 7843 22 7899 4 7921 6 7929 7 8099 22 8154 5 8177 6 8184 8 8355 22 8409 5 8433 12 8592 1 8611 22 8665 4 8690 7 8847 2 8867 22 8921 3 8946 6 9102 4 9122 24 9202 4 9291 4 9358 3 9377 26 9459 2 9545 7 9615 1 9634 26 9800 8 9890 27 10055 10 10146 27 10309 18 10403 27 10565 19 10660 26 10820 21 10925 18 11076 21 11183 17 11332 21 11441 15 11588 21 11705 8 11844 21 11962 7 12099 21 12217 9 12354 22 12430 3 12471 11 12487 2 12610 27 12686 5 12726 12 12865 29 12942 7 12981 13 13120 30 13198 8 13237 13 13375 32 13411 4 13455 7 13493 13 13630 34 13665 7 13711 8 13749 14 13884 44 13940 1 13968 7 13981 2 14006 13 14138 48 14193 5 14225 7 14234 8 14263 12 14393 62 14481 18 14520 11 14649 60 14730 1 14736 19 14776 11 14905 58 14985 27 15033 9 15162 58 15241 27 15288 9 15418 59 15497 27 15544 8 15559 6 15676 57 15756 24 15800 9 15815 6 15934 56 16012 23 16055 11 16069 8 16191 59 16268 23 16311 23 16449 58 16524 22 16566 25 16703 61 16780 22 16822 25 16958 52 17011 9 17036 22 17078 5 17084 19 17213 53 17267 10 17292 22 17334 4 17340 18 17469 52 17522 11 17548 22 17590 4 17597 16 17725 50 17778 11 17804 22 17845 6 17854 16 17981 49 18035 9 18061 20 18099 8 18111 16 18237 46 18294 7 18318 18 18358 5 18367 16 18493 45 18551 7 18575 15 18615 1 18618 2 18622 17 18749 44 18808 7 18832 13 18875 19 19004 45 19064 8 19088 12 19131 10 19142 8 19260 43 19321 7 19345 11 19387 9 19399 7 19516 40 19567 2 19577 7 19601 10 19644 7 19656 6 19778 34 19833 5 19858 8 19900 6 19915 1 20035 33 20088 5 20116 3 20138 1 20156 5 20291 34 20344 4 20389 7 20413 2 20547 35 20600 4 20643 10 20803 35 20856 4 20898 12 21059 35 21111 4 21152 14 21174 3 21316 26 21345 6 21364 2 21368 6 21407 16 21431 4 21573 23 21602 6 21618 4 21627 5 21659 20 21688 5 21830 20 21858 7 21871 7 21883 6 21914 20 21947 1 22086 19 22114 8 22125 9 22139 6 22168 22 22342 17 22371 19 22394 7 22423 21 22598 16 22628 18 22650 8 22678 21 22720 2 22856 3 22861 9 22889 11 22905 10 22934 21 23118 8 23147 8 23160 12 23189 10 23203 7 23376 6 23403 7 23416 12 23446 10 23459 7 23636 1 23658 7 23672 13 23702 10 23716 6 23915 4 23928 13 23957 12 23972 6 24152 2 24184 14 24209 17 24229 4 24408 4 24442 3 24450 5 24463 26 24664 5 24706 5 24718 32 24919 8 24962 5 24974 32 25175 11 25219 3 25230 33 25432 10 25476 1 25486 32 25688 11 25744 30 25944 11 26000 30 26202 9 26222 1 26252 1 26256 30 26476 4 26507 35 26732 5 26762 10 26777 22 26987 6 27018 9 27034 22 27243 6 27274 6 27291 21 27472 3 27499 4 27531 1 27547 21 27726 6 27756 2 27804 21 27983 5 28061 20 28239 4 28319 4 28326 2 28330 6 28532 2 28550 1 28586 6 28786 6 28804 3 28825 1 28842 4 28857 3 29042 6 29060 2 29080 1 29098 4 29113 3 29298 6 29335 2 29355 3 29369 3 29554 6 29612 2 29810 6 29824 1 29868 3 30066 6 30126 2 30323 4 30382 2 30580 2 31158 5 31414 6 31669 8 31925 1 31929 4 32186 2 32370 1 32626 1 32881 2 33136 3 33391 2 33640 9 33783 1 33893 12 33927 3 34037 3 34148 13 34182 5 34293 3 34403 14 34438 6 34549 4 34658 15 34694 5 34805 3 34913 17 34950 4 35007 3 35167 20 35262 5 35352 1 35422 21 35518 6 35608 1 35678 22 35774 7 35821 3 35864 1 35933 24 36031 7 36077 3 36189 25 36287 8 36333 4 36444 25 36544 8 36589 4 36699 26 36800 8 36845 4 36890 1 36953 28 37056 8 37101 4 37144 6 37207 30 37313 7 37357 4 37399 10 37462 31 37570 6 37613 5 37654 11 37717 31 37827 4 37869 5 37879 1 37910 11 37970 1 37973 31 38125 6 38135 3 38147 2 38165 12 38224 35 38383 3 38390 5 38402 4 38420 13 38476 12 38490 25 38641 1 38645 7 38659 3 38676 13 38731 13 38749 22 38902 6 38915 2 38931 13 38986 14 39001 4 39009 17 39158 6 39171 3 39187 13 39241 20 39266 16 39415 5 39427 5 39442 14 39497 22 39523 13 39672 4 39684 6 39698 14 39752 23 39779 10 39940 7 39954 15 40007 21 40030 1 40035 9 40197 6 40210 15 40262 21 40290 9 40454 4 40467 14 40517 20 40546 6 40724 13 40773 19 40802 5 40988 5 41027 20 41057 6 41283 20 41313 5 41539 20 41568 6 41719 1 41794 21 41825 5 41975 3 42050 20 42081 4 42230 4 42306 20 42338 3 42486 4 42562 20 42596 1 42742 4 42818 20 42999 4 43075 19 43255 4 43332 19 43511 4 43590 17 43767 4 43846 19 44023 5 44102 21 44280 4 44358 22 44536 4 44614 22 44792 4 44871 23 45048 5 45128 22 45301 4 45306 4 45384 22 45556 5 45562 4 45640 22 45811 6 45818 6 45896 22 46068 5 46074 6 46152 22 46329 7 46408 22 46585 7 46669 17 46841 7 46926 15 47097 7 47183 14 47200 3 47353 7 47439 13 47455 7 47609 4 47627 2 47699 8 47710 8 47865 4 47883 3 47956 6 47966 9 48121 4 48139 4 48149 5 48213 5 48223 9 48369 6 48376 5 48395 6 48403 8 48470 3 48479 9 48625 12 48651 16 48726 1 48736 7 48881 11 48907 16 48972 1 48992 7 49137 8 49162 18 49228 1 49249 6 49394 5 49417 19 49483 2 49505 6 49651 3 49673 20 49739 2 49761 6 49907 3 49929 20 49956 1 49996 1 50017 6 50185 21 50273 6 50442 21 50529 6 50699 20 50785 6 50957 18 51042 4 51216 15 51278 1 51472 14 51532 4 51540 1 51727 15 51788 9 51822 1 51983 15 52044 9 52064 1 52072 8 52213 1 52239 16 52300 10 52315 6 52327 9 52494 18 52556 10 52570 8 52582 10 52727 1 52750 19 52812 10 52825 11 52837 11 53007 19 53069 9 53079 13 53093 10 53263 20 53326 8 53335 11 53349 9 53519 21 53583 18 53606 8 53674 2 53775 28 53839 15 53863 6 53930 4 54031 28 54096 13 54120 5 54186 4 54286 30 54354 12 54375 7 54443 4 54542 31 54583 2 54613 9 54623 16 54700 6 54798 31 54837 5 54869 26 54956 7 55053 33 55091 8 55125 27 55213 6 55308 35 55346 9 55380 27 55469 7 55563 49 55635 28 55725 7 55805 3 55819 31 55851 16 55891 28 55981 7 56061 3 56076 29 56107 16 56147 28 56231 4 56236 8 56317 3 56332 30 56363 15 56404 27 56484 16 56573 3 56588 45 56660 28 56739 18 56830 2 56844 44 56916 28 56995 19 57100 43 57172 29 57251 20 57356 43 57427 30 57507 21 57613 41 57682 32 57732 1 57763 21 57869 41 57937 33 58019 21 58118 47 58193 33 58275 21 58373 47 58448 34 58531 21 58628 9 58639 33 58673 1 58704 34 58787 21 58884 10 58895 32 58959 35 59044 20 59140 10 59152 31 59196 3 59214 36 59300 20 59378 6 59396 10 59408 31 59450 7 59467 39 59556 20 59634 6 59652 10 59665 29 59704 10 59719 43 59764 1 59812 21 59889 8 59907 11 59922 28 59960 68 60067 22 60145 7 60163 11 60180 26 60216 70 60323 5 60331 14 60401 7 60418 13 60436 24 60473 70 60579 5 60590 5 60598 2 60658 5 60674 14 60691 24 60729 72 60836 4 60914 4 60930 14 60948 23 60985 72 61093 3 61171 2 61186 14 61204 3 61209 16 61241 72 61349 3 61427 1 61443 15 61465 16 61497 73 61683 1 61703 12 61721 13 61753 74 61834 1 61856 3 61937 3 61960 11 61978 11 61991 2 62008 74 62111 6 62193 3 62217 10 62235 10 62247 3 62264 74 62366 7 62449 4 62473 11 62493 14 62519 75 62621 9 62705 4 62728 12 62751 13 62775 65 62844 7 62876 10 62907 2 62962 2 62984 14 63007 16 63030 65 63100 6 63132 11 63162 4 63241 13 63263 17 63281 68 63357 4 63388 11 63417 6 63477 1 63498 13 63519 85 63645 10 63674 5 63755 13 63776 84 63901 10 63931 3 63990 2 64012 15 64035 79 64157 9 64269 14 64293 75 64414 8 64525 16 64551 71 64671 6 64782 19 64810 66 64885 2 64927 5 65039 18 65067 64 65142 1 65184 3 65296 18 65323 61
905849,0 65536
907141,0 25 69 6 86 19 134 30 170 19 213 26 256 25 325 5 342 20 391 29 427 17 469 26 512 26 582 4 595 24 647 29 683 17 725 25 768 27 839 2 850 26 904 5 913 18 940 15 981 21 1024 27 1105 27 1169 18 1196 15 1237 21 1280 31 1361 28 1426 17 1453 12 1493 21 1536 32 1616 29 1683 15 1709 10 1749 20 1792 32 1871 30 1940 14 1966 8 2006 18 2048 34 2127 30 2202 8 2223 7 2262 14 2304 34 2383 31 2458 8 2480 5 2520 10 2560 34 2639 30 2715 8 2738 2 2777 7 2816 34 2895 30 2972 6 3035 2 3072 34 3151 29 3228 6 3328 34 3390 1 3407 28 3486 2 3584 34 3663 27 3840 33 3919 7 3991 10 4096 33 4175 6 4246 13 4352 34 4431 7 4502 15 4608 34 4687 6 4758 18 4864 35 4943 6 5014 19 5120 36 5200 5 5270 19 5376 36 5456 5 5526 20 5632 36 5694 5 5712 6 5728 3 5782 20 5888 35 5948 8 5968 9 5983 5 6038 20 6103 3 6144 35 6202 10 6219 16 6239 6 6295 20 6353 10 6400 34 6457 12 6473 19 6493 8 6552 19 6609 10 6656 20 6677 11 6712 45 6809 18 6864 11 6912 18 6936 6 6967 44 7033 2 7064 20 7111 1 7119 12 7168 17 7223 29 7255 8 7284 8 7319 21 7366 18 7390 5 7424 15 7478 28 7512 6 7540 8 7574 22 7621 19 7645 6 7680 14 7734 28 7768 5 7796 8 7830 21 7877 19 7900 7 7936 14 7990 27 8025 4 8052 8 8086 21 8133 19 8156 6 8192 13 8245 28 8282 3 8308 8 8342 20 8389 19 8412 5 8448 13 8496 33 8536 5 8565 7 8598 19 8624 4 8645 18 8668 3 8704 13 8751 33 8792 5 8822 5 8855 17 8877 8 8892 5 8901 18 8925 1 8960 12 9006 34 9049 4 9111 17 9132 10 9147 28 9216 12 9262 34 9368 16 9386 12 9402 28 9472 12 9517 35 9624 31 9657 29 9728 12 9773 35 9881 30 9912 30 9984 12 10029 34 10137 30 10168 30 10240 12 10284 35 10356 3 10393 54 10450 4 10496 12 10540 35 10608 9 10649 52 10706 4 10752 12 10796 34 10863 12 10905 51 10962 5 11008 12 11052 34 11118 13 11159 53 11218 4 11264 12 11308 34 11350 1 11354 1 11373 14 11404 6 11413 55 11474 3 11520 12 11563 37 11603 10 11628 15 11658 66 11776 11 11817 53 11883 16 11912 69 12032 11 12071 55 12139 16 12168 71 12288 11 12324 58 12394 17 12423 73 12544 11 12579 59 12650 16 12678 76 12761 1 12800 10 12834 59 12906 16 12934 77 13017 4 13056 10 13090 58 13162 14 13191 77 13273 5 13312 9 13346 57 13418 13 13447 77 13529 9 13568 8 13602 48 13681 5 13703 76 13785 8 13824 8 13857 47 13938 3 13960 75 14041 2 14044 4 14080 8 14111 49 14194 2 14217 74 14299 5 14336 8 14366 49 14450 1 14465 2 14473 75 14555 1 14592 8 14621 49 14702 1 14720 4 14729 74 14822 2 14848 8 14877 49 14956 5 14975 6 14985 71 15078 2 15104 9 15132 49 15211 7 15232 4 15242 70 15334 2 15360 9 15387 50 15467 7 15498 70 15590 2 15616 9 15642 51 15723 8 15755 19 15776 49 15847 1 15872 10 15895 55 15979 8 16012 16 16033 49 16093 4 16103 1 16128 13 16149 60 16235 8 16268 16 16288 51 16349 6 16356 4 16384 86 16491 8 16524 16 16543 54 16605 11 16640 87 16742 14 16781 71 16862 10 16896 87 16997 15 17037 71 17118 10 17152 87 17252 17 17293 71 17374 10 17408 87 17508 17 17549 71 17631 9 17655 1 17664 88 17764 17 17801 75 17887 9 17920 88 18020 17 18056 76 18143 9 18176 88 18276 17 18311 77 18397 2 18400 8 18432 89 18532 18 18567 75 18652 3 18657 7 18688 90 18788 18 18824 74 18903 14 18944 91 19045 17 19080 74 19157 14 19200 92 19302 15 19336 75 19413 13 19456 92 19560 12 19592 90 19712 92 19816 12 19837 4 19848 91 19949 3 19968 92 20072 11 20091 7 20103 78 20182 14 20205 4 20224 93 20328 10 20346 9 20357 94 20461 4 20480 94 20584 10 20600 106 20717 5 20735 113 20854 93 20948 11 20975 4 20992 111 21110 89 21200 2 21204 10 21231 5 21248 110 21365 90 21456 2 21462 11 21488 4 21504 109 21621 90 21712 2 21720 14 21744 5 21760 110 21877 90 21968 2 21977 14 21999 5 22016 111 22133 92 22238 13 22254 5 22272 112 22389 93 22494 21 22528 113 22646 92 22750 18 22784 113 22904 4 22910 88 23006 18 23040 113 23166 88 23263 16 23296 113 23422 1 23426 84 23519 13 23552 113 23682 84 23776 9 23795 1 23808 112 23940 82 24025 17 24051 1 24064 106 24171 5 24197 81 24280 18 24306 2 24320 112 24455 99 24576 113 24711 100 24832 113 24967 100 25088 112 25223 100 25344 112 25470 1 25479 101 25600 112 25722 5 25734 102 25856 113 25979 4 25990 102 26112 113 26235 5 26245 103 26368 115 26492 4 26500 105 26624 116 26749 4 26754 107 26867 5 26880 117 27006 111 27122 7 27136 117 27263 112 27376 11 27392 118 27519 125 27648 119 27776 124 27904 119 28032 125 28160 119 28281 2 28290 123 28416 120 28537 3 28551 118 28672 125 28807 119 28928 123 29063 120 29184 121 29313 100 29415 24 29440 121 29566 103 29672 146 29821 105 29929 253 30185 254 30442 253 30698 253 30954 524 31480 254 31736 255 31992 1519 33520 245 33776 244 34031 246 34286 247 34541 10 34560 230 34796 10 34816 230 35049 11 35072 243 35328 242 35584 241 35840 239 36096 239 36352 239 36608 238 36864 238 37120 235 37356 1 37376 234 37632 231 37888 231 38144 235 38400 237 38656 238 38912 238 39168 238 39424 239 39680 239 39936 239 40192 240 40448 240 40704 240 40960 239 41216 240 41472 241 41728 243 41984 244 42240 248 42496 250 42752 252 43008 254 43264 255 43520 1784 45312 154 45469 91 45568 153 45726 43 45776 40 45824 152 45982 40 46035 1 46042 30 46080 151 46238 36 46297 32 46336 149 46495 34 46553 13 46568 17 46592 147 46751 1 46754 29 46809 13 46824 17 46848 147 47012 25 47065 12 47080 17 47104 146 47278 11 47321 11 47336 16 47360 146 47536 7 47578 10 47592 16 47616 145 47834 10 47847 7 47861 3 47872 145 48091 8 48103 7 48128 144 48348 5 48360 7 48384 143 48605 3 48616 12 48640 143 48861 5 48872 15 48896 143 49117 5 49130 18 49152 144 49373 4 49387 19 49408 145 49628 5 49644 165 49862 13 49885 7 49901 164 50118 15 50143 7 50157 1 50160 161 50372 19 50398 9 50417 4 50422 2 50427 1 50432 145 50627 22 50654 12 50675 5 50688 145 50872 8 50882 25 50908 2 50912 11 50930 6 50944 145 51127 39 51169 10 51186 6 51200 146 51382 40 51425 9 51441 7 51456 146 51637 42 51680 9 51696 7 51712 147 51887 23 51914 30 51952 7 51968 148 52140 25 52173 24 52208 7 52224 85 52313 59 52388 32 52430 23 52464 7 52480 81 52569 60 52642 34 52687 22 52720 7 52736 80 52826 59 52898 32 52943 22 52975 9 52992 79 53082 59 53154 30 53200 20 53230 11 53248 79 53339 59 53410 27 53457 4 53463 13 53486 11 53504 79 53595 59 53657 35 53721 11 53735 3 53740 11 53760 79 53851 97 53979 9 53991 18 54016 79 54108 96 54217 1 54236 8 54246 19 54272 79 54364 96 54470 6 54492 9 54502 13 54519 1 54528 79 54620 96 54725 7 54748 20 54779 2 54784 81 54872 99 54980 9 55004 18 55035 1 55040 181 55222 3 55236 9 55260 18 55296 179 55492 9 55516 18 55552 178 55749 8 55772 18 55808 177 56006 6 56029 17 56066 174 56286 9 56297 5 56322 177 56543 8 56555 3 56579 178 56799 7 56812 6 56837 176 57055 2 57068 8 57093 177 57309 4 57324 8 57347 179 57565 5 57580 9 57602 180 57821 5 57837 8 57858 180 58076 5 58094 7 58114 3 58119 174 58332 5 58352 5 58379 170 58588 5 58609 3 58636 169 58843 5 58893 168 59070 2 59099 5 59149 169 59324 6 59354 6 59405 170 59580 8 59610 5 59635 3 59660 171 59835 10 59865 5 59891 4 59916 172 60090 10 60121 5 60147 3 60167 2 60172 183 60423 188 60679 187 60915 3 60935 186 61171 3 61191 185 61411 1 61427 3 61448 185 61706 183 61907 1 61924 4 61963 183 62180 4 62221 181 62429 1 62435 6 62478 181 62682 15 62735 180 62936 18 62990 182 63192 18 63246 183 63448 9 63460 6 63503 183 63704 10 63718 4 63761 183 63960 10 64017 183 64217 9 64273 184 64477 5 64529 186 64785 187 65041 188 65297 189
919234,0 8338 8340 255 8597 255 8854 249 9106 2 9110 249 9362 2 9366 249 9623 249 9879 49470 59351 253 59608 251 59865 249 60122 247 60379 246 60635 14 60655 227 60892 13 60912 228 61148 12 61168 229 61405 9 61424 230 61664 3 61681 229 61927 1 61938 229 62183 3 62195 228 62439 3 62452 227 62695 4 62710 225 62939 3 62951 5 62968 223 63194 4 63208 4 63224 224 63450 4 63464 4 63482 223 63706 3 63721 3 63740 222 63977 2 63998 220 64256 218 64512 221 64768 191 64964 26 65024 191 65220 27 65280 190 65476 27 65527 3
925045,0 65536
927607,129 4 146 6 179 3 188 13 208 8 384 5 402 6 446 3 450 9 465 7 639 6 658 6 703 15 720 7 774 5 893 9 915 4 960 21 1029 6 1148 10 1173 1 1216 20 1283 9 1404 9 1471 21 1538 10 1660 9 1726 23 1794 9 1916 10 1982 23 2049 10 2172 10 2237 24 2306 7 2428 10 2493 24 2563 5 2684 11 2749 24 2941 11 3006 23 3197 12 3263 21 3351 3 3454 12 3521 7 3530 10 3607 4 3716 6 3778 5 3788 9 3973 5 4036 2 4044 9 4230 3 4251 2 4300 8 4506 3 4556 7 4762 3 4813 5 5019 2 5115 5 5370 6 5626 6 5882 5 7614 2 7869 4 8124 4 8378 4 8631 7 8886 8 9113 4 9141 10 9367 7 9395 12 9622 8 9650 14 9877 10 9905 15 10133 10 10161 15 10389 11 10416 17 10626 1 10645 11 10672 16 10881 4 10901 11 10928 16 11136 6 11156 14 11185 15 11392 7 11411 18 11442 13 11648 7 11667 20 11700 11 11904 8 11922 22 11960 7 12160 9 12170 3 12178 22 12217 5 12416 14 12433 24 12467 1 12474 4 12674 13 12689 25 12721 5 12935 9 12945 25 12976 6 13192 8 13201 25 13231 8 13449 32 13487 9 13706 30 13742 10 13962 8 13971 8 13984 6 13998 10 14218 8 14229 4 14254 10 14474 8 14511 8 14730 8 14767 7 14985 8 15023 7 15242 8 15280 4 15498 11 15754 11 16011 9 16268 8 16525 6 16782 4 16828 6 17083 9 17304 1 17339 10 17557 6 17595 15 17812 9 17851 16 18067 11 18107 16 18324 10 18363 17 18580 10 18619 17 18838 9 18875 20 19095 9 19132 24 19352 10 19388 25 19608 12 19644 26 19865 11 19900 25 20122 10 20157 23 20378 10 20414 21 20634 10 20670 21 20890 10 20927 19 21145 11 21171 2 21184 4 21191 10 21400 11 21426 4 21655 5 21661 6 21681 6 21911 4 21936 7 22167 3 22191 8 22423 3 22446 9 22679 5 22702 9 22935 5 22959 8 23192 5 23215 9 23472 8 23729 7 23986 6 24243 5 24501 2 31432 3 31687 5 31942 6 32198 7 32453 8 32708 9 32956 3 32964 9 33211 17 33466 18 33722 18 33798 5 33978 18 34053 6 34234 19 34308 6 34489 22 34562 8 34745 23 34816 9 35001 24 35072 9 35258 23 35328 8 35386 1 35514 24 35584 8 35640 5 35770 24 35840 7 35896 5 36027 23 36096 7 36152 5 36283 23 36352 4 36408 5 36540 18 36608 3 36664 5 36796 17 36864 4 36921 3 37052 17 37120 4 37177 3 37308 16 37376 5 37409 2 37434 4 37563 17 37632 5 37665 3 37691 6 37819 17 37888 6 37922 3 37947 8 38074 17 38144 6 38178 3 38203 9 38330 17 38400 6 38436 1 38459 10 38585 18 38656 6 38714 10 38841 18 38915 2 38968 12 39096 20 39223 12 39352 20 39479 12 39608 19 39735 11 39864 19 39990 12 40121 18 40245 12 40378 18 40495 2 40500 12 40635 17 40728 3 40751 16 40892 15 40984 4 41007 15 41149 13 41264 14 41406 10 41520 13 41659 3 41664 6 41776 13 41915 2 41920 2 42032 13 42290 11 42548 8 42806 6 43063 4 43965 1 44217 7 44471 10 44726 11 44981 11 45237 11 45493 10 45749 9 46007 5 46936 1 47696 1 47951 4 48042 4 48207 4 48296 10 48463 3 48552 12 48720 1 48808 12 49063 13 49319 13 49575 13 49832 12 50088 12 50111 3 50345 11 50367 4 50604 8 50623 5 50878 6 51134 6 51390 6 51524 1 51646 6 51902 5 52159 3 53108 9 53156 4 53302 5 53364 9 53412 5 53557 8 53620 9 53668 6 53813 10 53868 2 53871 13 53924 6 54069 11 54120 2 54123 3 54127 13 54180 8 54325 11 54339 3 54374 3 54383 12 54436 11 54581 20 54628 6 54639 12 54692 12 54837 11 54851 6 54884 23 54914 3 54949 14 55093 11 55107 7 55139 24 55169 4 55205 15 55349 10 55364 7 55394 25 55424 5 55463 13 55605 9 55621 6 55649 27 55680 5 55720 11 55861 8 55877 4 55904 29 55936 5 55978 8 56118 7 56133 3 56153 4 56159 31 56192 5 56235 7 56376 5 56388 4 56407 39 56447 5 56490 10 56635 3 56643 4 56658 48 56746 10 56891 3 56898 6 56906 1 56913 49 57001 11 57148 2 57153 65 57256 12 57410 64 57511 12 57666 64 57766 12 57922 65 58022 10 58178 66 58278 8 58434 66 58535 4 58691 64 58947 64 59203 15 59219 48 59459 13 59475 50 59607 2 59716 12 59732 50 59862 4 59973 3 59980 1 59986 53 60116 7 60241 54 60371 9 60496 55 60587 1 60627 10 60751 55 60841 5 60883 11 60997 5 61007 56 61065 2 61096 6 61138 12 61252 72 61352 7 61394 13 61508 72 61607 7 61650 12 61763 73 61863 7 61886 1 61906 12 62020 71 62119 5 62163 10 62276 67 62375 4 62419 10 62532 67 62630 8 62676 8 62789 66 62885 9 62933 6 63046 64 63124 2 63141 9 63303 62 63379 4 63396 10 63559 62 63634 3 63653 1 63658 3 63816 60 63887 5 64072 59 64143 5 64328 57 64399 5 64580 59 64655 5 64827 67 64912 3 65083 67 65280 3 65338 68 65511 5
927691,0 3128 3133 5 3139 244 3398 10 3409 229 3654 8 3667 226 3910 8 3923 226 4166 8 4180 224 4423 237 4680 235 4937 15 4955 215 5194 10 5212 214 5451 8 5469 212 5707 6 5729 206 5964 4 5985 206 6241 205 6498 204 6754 204 7011 202 7268 201 7525 200 7781 200 8038 199 8295 197 8551 197 8807 197 9064 196 9320 197 9575 198 9831 197 10086 198 10341 199 10596 200 10852 200 11108 201 11364 203 11620 205 11876 206 12132 207 12388 208 12634 1 12643 209 12888 5 12898 211 13143 7 13154 211 13399 9 13409 214 13625 5 13653 235 13906 240 14156 246 14410 14916 29332 248 29588 247 29844 246 30100 244 30355 242 30611 240 30867 239 31123 20 31151 8 31164 197 31379 20 31408 6 31420 197 31635 20 31664 7 31676 196 31881 4 31891 20 31919 9 31932 196 32136 7 32148 19 32175 9 32189 194 32391 10 32405 18 32430 11 32445 193 32646 33 32686 11 32701 188 32902 17 32925 11 32941 12 32958 186 33158 18 33181 11 33198 11 33215 184 33415 19 33437 10 33454 10 33473 181 33672 18 33694 7 33711 8 33730 180 33930 16 33951 3 33967 7 33987 178 34187 14 34224 6 34243 177 34444 12 34481 4 34498 177 34709 2 34755 175 35011 173 35268 170 35526 168 35782 167 36038 167 36293 168 36503 9 36548 169 36759 10 36802 171 37014 13 37057 171 37271 13 37311 149 37464 19 37529 11 37567 149 37723 9 37734 4 37787 10 37822 150 37982 4 38045 13 38078 150 38302 14 38334 150 38559 14 38590 149 38817 12 38846 149 39075 10 39102 148 39331 11 39358 147 39588 11 39615 145 39844 11 39871 146 40101 11 40127 146 40358 10 40380 149 40614 170 40871 169 41127 169 41382 170 41637 171 41892 174 42146 177 42401 180 42656 181 42910 184 43165 186 43420 188 43674 190 43929 192 44184 194 44439 196 44691 202 44943 208 45197 211 45452 214 45708 217 45963 220 46219 221 46462 2 46465 5 46473 225 46717 250 46972 13427 60402 255 60658 256 60917 254 61172 263 61436 255 61693 254 61952 253 62208 234 62449 13 62464 233 62706 244 62963 243 63219 243 63475 243 63732 241 63988 240 64244 11 64256 226 64501 10 64512 224 64757 10 64768 185 64958 33 65013 10 65024 182 65217 1 65221 25 65269 9 65280 181 65479 22 65525 8
933048,60 4 65 4 205 1 315 5 321 5 570 6 577 5 715 1 826 6 833 6 970 5 1083 5 1089 6 1226 6 1240 5 1342 9 1482 5 1493 8 1599 7 1738 5 1748 9 1856 5 1996 2 2004 8 2113 3 2261 4 4234 1 6562 2 6810 11 7065 6 7072 4 7319 6 7574 6 7828 7 8078 12 8333 13 8566 3 8588 14 8818 9 8843 14 9074 12 9098 14 9330 13 9354 14 9586 14 9610 7 9618 4 9842 14 9866 5 10099 13 10356 13 10613 11 10871 8 11129 4 62058 3 62314 4 62569 5 62825 6 62879 5 63082 4 63135 6 63340 1 63391 6 63648 5 63905 4 63918 2 64162 3 64174 2 64419 2 64429 2 64676 1 64933 1
938416,30 6 286 5 14078 2 14334 2 14589 3 14845 3 15101 3 15341 9 15356 4 15596 12 15610 6 15850 22 16105 23 16359 25 16615 25 16871 25 17127 25 17383 25 17640 24 17896 24 18154 22 18410 22 18659 4 18666 22 18914 6 18922 22 19166 11 19178 22 19422 34 19678 34 19927 2 19933 35 20182 42 20437 43 20692 17 20710 26 20947 45 21202 46 21458 46 21714 12 21729 31 21970 11 21985 31 22227 9 22241 14 22257 9 22268 4 22484 8 22497 14 22512 5 22525 3 22740 6 22754 18 22782 2 22996 6 23009 8 23018 10 23252 5 23265 6 23275 10 23509 4 23521 3 23531 10 23765 3 23787 10 24022 1 24043 10 24287 1 24300 8 24541 3 24556 8 24791 1 24796 4 24812 7 25049 7 25071 3 25304 8 25561 7 25818 6 26075 5 26277 3 26333 4 26532 6 26591 2 26787 7 27042 9 27298 10 27349 1 27553 11 27809 11 28065 11 28321 11 28338 4 28369 1 28578 10 28593 5 28835 8 28848 6 28883 1 29093 5 29104 6 29360 5 29616 5 29874 1 30113 3 30368 4 30624 4 30646 1 30880 3 30899 6 31154 8 31407 11 31662 13 31916 18 32172 19 32426 21 32680 23 32929 31 33184 32 33439 33 33696 33 33953 35 34209 17 34229 16 34461 16 34480 2 34485 16 34716 16 34736 2 34740 17 34972 16 34991 2 34996 16 35228 16 35247 3 35252 15 35484 17 35503 3 35508 15 35741 21 35764 15 35787 1 35997 19 36019 16 36042 3 36253 38 36298 3 36510 8 36519 27 36554 3 36767 6 36776 26 36810 2 37024 5 37034 9 37044 15 37281 5 37290 8 37301 14 37537 16 37558 13 37792 17 37814 13 38037 4 38048 17 38071 12 38293 5 38304 16 38328 11 38549 5 38559 17 38584 10 38807 4 38815 17 38840 10 39064 4 39070 16 39095 11 39320 4 39326 15 39349 13 39576 20 39604 4 39613 5 39821 1 39832 20 39860 4 39870 5 40076 2 40087 21 40117 4 40127 4 40332 3 40341 24 40375 2 40384 1 40588 4 40595 11 40607 15 40640 1 40845 3 40853 7 40864 15 41110 3 41121 15 41378 14 41419 1 41634 15 41890 15 42146 15 42401 16 42657 17 42913 17 43169 17 43424 18 43680 18 43935 19 44190 20 44446 20 44701 22 44957 23 45212 24 45467 25 45722 26 45978 25 46234 24 46490 24 46747 21 47004 20 47260 21 47516 22 47772 23 48029 7 48038 13 48286 6 48294 13 48542 21 48799 19 49055 8 49065 9 49310 8 49322 7 49566 7 49579 6 49822 6 49838 1 49861 1 50079 5 50117 1 50336 3 50624 3 50879 7 51134 9 51390 10 51646 11 51901 14 52151 21 52407 22 52620 6 52662 24 52875 7 52919 23 53128 11 53175 24 53383 12 53431 24 53639 14 53687 24 53904 6 53943 24 54161 6 54199 24 54416 7 54456 22 54672 7 54713 20 54928 6 54970 13 55169 3 55184 6 55195 3 55204 4 55226 12 55418 12 55441 14 55460 6 55483 11 55673 16 55697 15 55716 7 55739 11 55793 3 55929 17 55948 4 55954 14 55972 8 55997 9 56184 24 56211 13 56228 10 56255 7 56443 22 56467 13 56484 10 56504 3 56513 4 56556 2 56705 16 56723 13 56741 10 56759 5 56810 4 56961 32 56997 9 57012 9 57065 3 57216 35 57254 7 57264 13 57321 3 57466 51 57520 13 57576 3 57714 3 57721 51 57775 13 57831 4 57968 4 57976 51 58031 12 58087 3 58109 1 58224 5 58232 49 58287 11 58343 3 58364 3 58480 6 58488 22 58511 8 58522 9 58543 11 58557 11 58599 3 58619 1 58736 6 58744 10 58756 9 58769 5 58779 3 58799 6 58811 14 58855 3 58875 1 58992 7 59000 9 59014 5 59025 5 59035 1 59057 4 59065 17 59109 5 59196 5 59248 8 59257 7 59272 2 59281 4 59320 18 59365 5 59450 8 59504 16 59538 1 59543 3 59569 1 59582 13 59621 5 59704 10 59719 5 59762 14 59798 4 59825 1 59839 13 59876 7 59959 11 59975 6 60019 14 60051 8 60098 10 60132 7 60214 12 60230 8 60276 15 60306 7 60356 8 60388 11 60420 3 60470 12 60486 8 60533 15 60561 7 60612 8 60644 12 60674 8 60726 12 60742 8 60789 15 60817 7 60868 8 60899 14 60929 9 60984 10 60997 8 61045 16 61072 8 61124 7 61155 14 61186 8 61241 19 61301 17 61326 10 61380 7 61410 14 61445 5 61453 3 61498 17 61557 34 61636 5 61665 15 61704 1 61708 5 61754 16 61813 33 61921 15 61965 4 62011 16 62069 33 62177 15 62222 4 62268 15 62324 34 62432 16 62479 3 62525 14 62580 36 62627 2 62688 16 62736 4 62782 13 62836 26 62864 9 62880 6 62944 16 62995 1 63040 11 63092 26 63120 10 63135 7 63200 17 63251 1 63298 9 63349 25 63377 9 63391 7 63456 18 63507 1 63554 9 63606 24 63633 9 63647 7 63712 19 63763 2 63810 9 63863 24 63889 9 63903 7 63913 2 63968 20 64038 2 64066 10 64120 34 64159 6 64225 19 64291 8 64323 9 64358 1 64377 9 64387 23 64417 3 64482 18 64537 2 64546 9 64574 4 64579 12 64613 5 64632 9 64643 23 64674 2 64680 2 64727 5 64739 17 64792 20 64829 19 64868 8 64886 10 64900 22 64935 3 64982 6 64995 17 65048 20 65085 5 65092 12 65123 9 65142 12 65157 21 65237 7 65251 16 65304 1 65307 17 65342 3 65349 12 65379 10 65397 13 65424 11 65492 9 65507 15
942725,3 3 30 1 85 11 155 32 192 4 258 3 283 4 341 12 411 32 448 3 513 3 537 6 596 12 667 31 703 3 769 1 792 7 851 13 923 31 958 4 1042 1 1048 7 1107 12 1179 31 1213 4 1296 4 1303 8 1362 13 1436 30 1468 5 1551 16 1618 12 1692 36 1807 16 1874 12 1949 35 2063 17 2131 10 2206 33 2319 16 2388 6 2465 30 2575 16 2646 2 2723 23 2748 2 2832 15 2979 13 3089 15 3236 12 3345 15 3492 13 3523 5 3553 1 3602 14 3681 4 3748 14 3778 6 3807 5 3858 14 3935 7 4003 15 4032 7 4062 6 4114 14 4189 10 4258 5 4266 9 4288 7 4317 9 4371 12 4445 11 4512 5 4523 9 4543 9 4567 2 4570 12 4628 11 4701 12 4767 6 4780 8 4799 9 4822 15 4884 12 4958 13 5023 6 5037 9 5055 10 5071 1 5076 16 5140 13 5214 13 5279 6 5294 5 5311 12 5326 21 5363 3 5395 15 5470 14 5535 6 5567 35 5623 1 5651 15 5726 13 5792 4 5818 1 5823 35 5860 2 5879 2 5907 16 5983 12 6074 2 6080 31 6112 8 6163 16 6240 4 6245 5 6330 4 6337 40 6393 1 6419 15 6586 4 6593 40 6637 3 6649 3 6674 16 6842 5 6848 49 6905 7 6929 15 7097 56 7161 7 7184 10 7352 57 7417 7 7439 11 7605 1 7607 58 7671 9 7695 11 7860 60 7925 11 7946 3 7951 12 8114 61 8181 11 8202 18 8276 7 8288 7 8300 4 8363 1 8370 60 8437 11 8458 19 8530 11 8543 8 8556 5 8617 5 8624 62 8693 8 8716 3 8720 13 8785 13 8799 8 8811 8 8873 68 8949 7 8976 14 9040 14 9057 4 9068 9 9108 3 9129 68 9204 9 9232 14 9296 13 9314 1 9330 6 9363 4 9385 67 9460 9 9488 14 9551 13 9588 8 9618 5 9642 65 9716 8 9735 5 9743 16 9807 12 9848 4 9874 5 9898 65 9973 7 9983 1 9991 6 9999 16 10063 12 10156 62 10229 5 10238 2 10247 24 10292 3 10318 12 10378 1 10417 46 10464 10 10494 2 10503 24 10547 4 10575 10 10632 4 10675 44 10720 9 10749 3 10760 11 10775 7 10803 3 10831 10 10887 6 10933 38 10976 8 11005 3 11016 11 11029 10 11088 9 11143 6 11190 31 11222 7 11232 8 11263 1 11273 9 11285 10 11345 7 11399 6 11446 30 11478 8 11488 3 11492 4 11540 16 11568 4 11602 6 11630 4 11638 6 11654 6 11702 30 11734 19 11796 18 11822 7 11838 6 11859 4 11885 6 11893 8 11910 6 11958 30 11990 21 12019 1 12052 18 12077 8 12091 17 12140 19 12165 6 12214 40 12258 9 12275 1 12308 18 12332 9 12345 20 12395 21 12421 5 12470 39 12515 7 12530 2 12564 19 12588 9 12601 22 12651 21 12728 9 12738 27 12787 2 12819 33 12857 26 12907 21 12985 7 12996 25 13043 2 13075 31 13113 27 13162 22 13242 5 13254 14 13273 4 13330 30 13378 19 13418 22 13499 3 13511 13 13531 1 13585 31 13617 3 13634 20 13674 22 13768 11 13840 38 13891 19 13930 22 14024 11 14095 41 14147 19 14186 21 14280 17 14309 1 14322 9 14334 2 14350 18 14369 24 14402 20 14443 19 14537 16 14565 1 14577 15 14606 6 14613 11 14625 25 14658 19 14699 21 14794 15 14832 18 14861 6 14871 4 14877 29 14914 18 14942 3 14948 1 14956 21 15051 14 15081 1 15088 19 15117 6 15128 35 15171 10 15197 5 15214 17 15308 13 15337 1 15343 21 15373 7 15384 35 15427 10 15453 7 15472 10 15485 1 15565 12 15598 23 15628 8 15641 34 15683 10 15710 7 15729 9 15823 10 15854 25 15882 10 15898 33 15939 10 15966 7 15986 7 16084 6 16110 37 16153 34 16195 9 16222 8 16244 2 16340 8 16366 37 16409 33 16451 8 16478 8 16596 9 16622 37 16665 33 16709 4 16734 8 16852 9 16877 33 16911 4 16921 33 16966 1 16972 1 16991 7 17108 10 17133 39 17179 30 17222 3 17228 1 17248 5 17365 8 17385 1 17390 40 17435 30 17478 4 17623 5 17640 3 17646 43 17691 30 17733 6 17896 3 17903 11 17920 27 17948 28 17989 6 18152 3 18161 8 18176 27 18205 27 18409 2 18419 6 18432 27 18464 23 18490 1 18510 5 18675 6 18688 27 18721 26 18765 7 18845 5 18930 6 18944 27 18977 19 18998 6 19020 8 19054 1 19100 7 19186 6 19200 28 19233 18 19255 5 19275 10 19310 4 19315 5 19356 8 19443 3 19456 28 19489 17 19511 5 19525 16 19566 11 19612 8 19712 28 19745 16 19781 16 19822 10 19867 9 19968 12 19983 6 19991 8 20001 15 20037 16 20079 9 20092 1 20122 11 20202 5 20224 12 20239 6 20247 8 20257 7 20265 2 20295 14 20336 8 20378 12 20457 7 20480 12 20495 5 20505 5 20514 4 20530 4 20552 12 20593 6 20634 12 20712 8 20736 11 20750 5 20761 5 20786 3 20808 13 20849 5 20890 13 20960 1 20968 7 20993 10 21005 5 21018 4 21044 1 21064 13 21106 2 21146 14 21215 3 21225 5 21248 7 21261 4 21274 3 21319 15 21362 1 21402 13 21470 5 21504 3 21516 5 21531 2 21575 16 21659 12 21726 5 21771 6 21830 18 21891 3 21915 9 21982 6 22026 7 22085 20 22128 2 22147 5 22172 7 22238 6 22280 9 22341 22 22384 1 22403 5 22430 3 22494 8 22535 10 22575 3 22597 8 22609 12 22631 10 22652 1 22659 5 22750 10 22792 9 22854 4 22867 18 22887 10 22908 1 22915 5 23007 9 23049 9 23124 17 23143 9 23164 1 23172 3 23264 8 23310 5 23381 16 23400 8 23522 4 23567 4 23638 14 23656 8 23824 2 23894 14 23912 8 24149 14 24169 7 24258 8 24405 14 24425 7 24513 13 24660 14 24682 6 24768 16 24915 14 24938 6 25024 17 25124 7 25166 19 25194 2 25197 4 25280 17 25378 11 25426 12 25450 2 25454 4 25537 16 25633 12 25682 9 25705 2 25711 6 25794 15 25890 12 25939 6 25962 1 25967 3 26051 15 26146 12 26196 3 26218 1 26222 3 26309 13 26402 12 26478 4 26566 12 26659 11 26733 5 26823 10 26916 9 26989 5 27081 6 27173 7 27247 2 27383 3 27638 5 27730 5 27893 7 27985 8 28149 8 28238 12 28404 9 28494 15 28660 10 28750 17 28798 4 28822 2 28916 10 29006 17 29053 7 29077 5 29172 10 29262 15 29308 9 29332 8 29428 10 29519 10 29564 10 29587 10 29683 12 29775 10 29820 12 29842 11 29939 12 30032 8 30076 12 30097 13 30194 14 30288 8 30332 13 30352 14 30450 14 30544 8 30587 14 30607 15 30705 15 30800 7 30843 15 30862 16 30956 20 31056 7 31100 14 31116 17 31212 20 31312 7 31324 3 31362 27 31468 20 31568 7 31579 4 31618 26 31725 19 31824 8 31834 5 31875 25 31984 15 32081 7 32091 4 32131 24 32241 14 32337 7 32348 3 32387 24 32497 14 32593 7 32604 3 32620 1 32642 24 32754 13 32849 7 32862 1 32876 1 32898 24 33011 12 33105 7 33154 23 33269 6 33361 7 33382 1 33410 23 33564 1 33624 1 33633 6 33666 22 33819 3 33880 2 33885 10 33922 22 34076 3 34140 11 34178 22 34395 12 34435 21 34651 12 34690 23 34907 11 34946 24 35163 11 35202 8 35212 14 35420 9 35458 6 35468 14 35676 9 35715 4 35724 14 35932 8 35980 13 36188 8 36202 1 36237 12 36344 3 36377 5 36445 7 36456 4 36493 12 36597 11 36632 7 36702 5 36712 4 36750 12 36852 12 36888 7 36960 1 36967 4 37008 4 37016 2 37105 15 37144 7 37223 4 37272 3 37360 16 37400 7 37478 3 37501 4 37509 6 37529 2 37615 17 37657 6 37755 6 37766 8 37786 1 37795 13 37868 20 37914 5 38010 7 38026 5 38041 1 38050 17 38121 18 38140 4 38266 7 38283 4 38295 2 38305 19 38377 18 38396 4 38522 7 38541 2 38550 2 38559 22 38632 24 38719 2 38778 6 38806 2 38814 24 38888 24 38976 1 39034 6 39061 3 39070 24 39144 24 39289 6 39316 4 39325 25 39399 25 39460 1 39538 2 39542 9 39571 6 39581 25 39655 25 39716 1 39731 2 39792 15 39826 6 39837 24 39910 26 39986 4 40048 16 40081 6 40094 19 40165 35 40241 6 40303 17 40337 5 40350 18 40421 37 40487 7 40497 7 40559 16 40593 4 40606 6 40617 6 40677 23 40704 11 40742 19 40814 17 40850 3 40863 4 40874 5 40933 22 40960 12 40997 21 41070 17 41106 3 41124 2 41130 6 41189 21 41216 12 41253 21 41326 16 41362 2 41380 3 41386 6 41445 21 41472 12 41509 21 41582 16 41611 4 41636 4 41643 4 41653 8 41702 18 41728 13 41764 22 41838 17 41866 6 41892 5 41898 5 41908 12 41926 3 41958 17 41984 16 42020 21 42094 1 42102 9 42122 6 42148 12 42162 16 42180 6 42213 17 42240 17 42276 19 42364 3 42379 5 42400 43 42467 19 42496 18 42532 18 42636 5 42655 30 42686 13 42722 15 42740 3 42752 18 42788 16 42892 5 42910 45 42977 13 42997 2 43009 17 43044 11 43149 5 43166 45 43233 13 43256 2 43267 15 43301 10 43404 6 43421 45 43489 10 43513 1 43523 14 43557 11 43660 5 43675 47 43747 7 43779 14 43814 10 43917 4 43930 48 43986 4 44035 14 44070 10 44185 49 44241 5 44287 1 44291 14 44328 7 44441 49 44496 7 44543 1 44547 14 44585 6 44696 67 44798 2 44804 14 44842 4 44950 71 45055 1 45060 14 45204 75 45316 14 45352 1 45460 76 45572 16 45606 5 45717 77 45828 18 45861 6 45973 78 46083 20 46117 7 46230 77 46336 23 46372 8 46487 78 46592 23 46628 9 46749 72 46848 23 46884 9 47006 72 47104 23 47139 11 47264 70 47360 23 47389 18 47520 70 47616 22 47643 22 47776 67 47872 3 47879 16 47899 24 48031 27 48062 37 48139 13 48154 27 48286 25 48318 38 48358 2 48395 13 48410 27 48542 22 48575 38 48614 2 48650 14 48666 28 48797 11 48831 38 48872 3 48905 15 48923 28 49054 9 49088 36 49128 4 49160 13 49179 28 49310 7 49345 35 49385 3 49408 1 49415 5 49421 6 49435 29 49567 5 49602 34 49641 5 49664 3 49669 6 49678 4 49689 31 49824 3 49859 33 49897 6 49920 10 49945 32 50115 33 50153 10 50176 11 50200 33 50369 34 50409 10 50432 12 50456 33 50624 35 50665 10 50688 12 50711 34 50879 35 50921 11 50944 12 50967 34 51014 1 51135 34 51177 15 51200 12 51221 36 51268 4 51390 34 51435 10 51446 4 51456 11 51475 14 51491 22 51524 5 51645 34 51694 5 51702 4 51712 4 51730 15 51747 20 51780 5 51900 35 51950 4 51959 4 51968 3 51986 15 52003 18 52037 4 52155 36 52201 1 52205 5 52215 4 52224 4 52241 16 52260 16 52294 5 52411 36 52455 11 52471 4 52480 4 52497 16 52517 15 52542 2 52550 6 52564 1 52584 7 52667 35 52710 12 52736 5 52753 16 52775 13 52797 5 52804 9 52817 7 52839 10 52924 33 52964 15 52992 6 53009 16 53032 12 53053 30 53094 12 53181 30 53219 17 53248 6 53266 15 53290 9 53309 31 53350 13 53438 28 53474 17 53504 7 53524 12 53547 8 53565 31 53597 2 53604 17 53695 27 53729 18 53760 6 53782 6 53806 3 53821 29 53853 15 53872 5 53952 25 53985 19 54016 6 54077 27 54109 14 54129 4 54213 20 54241 19 54272 5 54332 27 54365 12 54386 5 54471 17 54496 19 54528 5 54587 25 54619 13 54642 10 54728 14 54751 18 54784 4 54844 6 54851 13 54865 3 54878 1 54881 7 54898 13 54984 11 55006 18 55040 4 55101 2 55107 6 55121 3 55140 3 55154 14 55241 8 55261 19 55296 5 55363 3 55374 9 55409 16 55516 20 55552 5 55618 3 55628 16 55660 2 55663 20 55772 21 55808 5 55874 1 55880 24 55917 22 56027 14 56044 5 56064 5 56128 3 56135 27 56173 22 56282 15 56301 5 56320 5 56384 3 56391 28 56428 23 56537 16 56558 4 56576 5 56640 2 56646 29 56683 7 56691 15 56793 12 56806 3 56814 5 56832 4 56896 2 56902 30 56939 6 56948 14 57049 13 57071 2 57088 1 57152 1 57159 29 57196 5 57205 12 57306 13 57416 30 57452 4 57462 11 57557 1 57562 14 57673 5 57679 11 57692 12 57718 9 57812 2 57816 16 57931 2 57935 7 57949 12 57975 7 58067 21 58153 5 58192 1 58196 1 58205 12 58232 6 58323 20 58410 3 58440 3 58461 12 58487 8 58579 20 58667 2 58695 4 58717 3 58722 7 58743 9 58835 19 58951 4 58978 6 58999 10 59092 15 59207 4 59234 5 59255 11 59349 9 59436 5 59464 2 59490 5 59510 14 59606 6 59691 8 59745 6 59766 16 59863 2 59947 8 59964 1 60000 7 60022 16 60119 1 60203 8 60219 2 60254 9 60278 17 60415 1 60458 9 60514 5 60534 17 60671 1 60713 10 60730 1 60770 2 60790 18 60902 2 60967 13 61026 1 61046 18 61067 6 61158 2 61222 15 61282 1 61302 28 61383 7 61478 16 61558 28 61638 10 61734 16 61763 3 61814 28 61892 13 61942 6 61990 16 62015 7 62070 28 62148 14 62199 3 62246 15 62268 10 62282 1 62327 27 62405 13 62464 3 62502 16 62520 16 62537 2 62585 25 62661 13 62720 5 62758 16 62775 20 62842 25 62868 1 62918 13 62976 5 63014 16 63031 20 63099 23 63174 13 63232 6 63272 35 63356 22 63381 4 63431 12 63488 6 63533 8 63543 12 63561 2 63613 21 63638 3 63688 10 63744 6 63790 6 63799 8 63870 18 63894 2 63944 9 64000 6 64047 4 64055 4 64126 20 64166 1 64200 9 64256 6 64322 4 64382 21 64421 2 64455 9 64512 6 64576 7 64638 22 64666 6 64676 4 64713 7 64768 5 64832 7 64895 23 64919 17 64970 5 65024 5 65087 8 65151 41 65280 5 65343 9 65408 40
944809, 
962767,22 17 125 25 170 56 242 14 279 16 382 24 427 52 480 2 497 15 535 15 638 24 684 55 752 16 791 15 896 20 947 48 1007 17 1048 14 1152 19 1203 48 1262 16 1306 11 1408 17 1458 49 1518 16 1567 2 1664 16 1713 51 1773 17 1920 14 1969 53 2028 18 2177 11 2226 52 2282 20 2483 51 2537 21 2741 50 2792 23 2816 1 2999 72 3072 3 3256 71 3328 5 3513 70 3584 5 3770 69 3840 5 4029 66 4096 5 4288 69 4544 68 4800 67 5056 67 5312 64 5568 64 5824 64 6081 63 6337 63 6593 63 6849 46 6897 15 7105 45 7154 14 7360 46 7412 12 7529 2 7616 21 7638 24 7668 12 7785 2 7872 21 7896 23 7924 12 8042 1 8128 47 8179 13 8383 65 8639 65 8895 64 9152 35 9188 27 9409 33 9445 26 9665 34 9704 23 9895 1 9922 34 9961 21 10150 2 10178 34 10217 21 10406 2 10435 33 10473 20 10691 31 10729 20 10840 3 10947 28 10977 1 10985 21 11085 4 11092 8 11116 3 11204 27 11232 2 11241 23 11340 23 11371 4 11461 32 11498 22 11595 7 11603 7 11612 9 11623 7 11717 31 11750 26 11851 7 11862 3 11868 18 11973 31 12006 6 12013 16 12030 2 12107 6 12123 18 12229 29 12263 4 12270 14 12363 6 12379 18 12485 29 12520 3 12527 11 12619 4 12634 18 12741 29 12783 11 12876 3 12890 8 12899 8 12998 29 13039 11 13146 5 13155 8 13255 29 13287 2 13294 11 13402 4 13411 7 13513 10 13524 24 13550 11 13668 5 13772 6 13781 23 13806 10 13926 3 14029 4 14041 20 14062 10 14284 5 14299 18 14318 9 14540 5 14556 26 14797 3 14812 25 15069 24 15327 22 15586 19 15843 18 16100 18 16357 6 16364 10 16615 1 16622 8 16738 2 16879 6 16993 5 17002 2 17137 1 17249 20 17505 22 17756 4 17761 23 18011 31 18267 31 18523 31 18767 4 18780 29 18899 3 19022 7 19037 27 19154 6 19279 6 19299 20 19409 7 19535 6 19557 17 19630 2 19664 8 19792 3 19815 13 19885 4 19920 7 20075 9 20140 6 20176 5 20334 3 20396 6 20432 7 20652 6 20687 10 20909 4 20942 12 21184 8 21195 15 21440 9 21450 10 21465 3 21696 19 21721 7 21951 20 21980 4 22207 19 22236 5 22462 20 22493 5 22698 4 22717 14 22732 5 22751 4 22931 5 22953 5 22969 18 22990 2 23007 5 23186 8 23209 5 23222 21 23263 5 23443 7 23464 6 23478 20 23519 5 23699 7 23720 5 23733 21 23774 6 23957 3 23975 6 23989 21 24030 6 24230 7 24245 21 24286 5 24484 9 24501 21 24541 6 24736 12 24757 22 24796 7 24991 13 25013 23 25052 7 25245 16 25269 23 25308 10 25384 2 25444 5 25500 19 25525 25 25563 11 25639 5 25662 3 25699 7 25756 20 25783 2 25789 1 25802 6 25819 12 25918 3 25954 7 26012 12 26025 7 26059 7 26075 12 26174 3 26210 6 26269 10 26281 8 26315 12 26332 11 26432 1 26468 1 26524 22 26572 11 26588 12 26688 10 26700 3 26780 22 26829 11 26844 3 26848 8 26943 19 26994 3 27036 22 27085 12 27100 12 27199 20 27249 5 27292 22 27341 14 27356 12 27454 23 27506 5 27549 3 27553 16 27598 27 27710 24 27764 5 27810 14 27854 27 27965 26 28021 4 28067 7 28111 25 28221 5 28234 1 28237 11 28277 4 28291 3 28369 23 28477 4 28493 12 28533 4 28547 3 28626 22 28708 1 28734 3 28749 13 28790 3 28802 5 28885 18 28990 3 29005 14 29046 3 29058 4 29141 18 29246 3 29258 18 29302 3 29314 4 29398 17 29471 3 29497 8 29514 18 29557 5 29568 6 29653 8 29663 7 29725 6 29751 11 29769 19 29812 6 29822 8 29908 8 29981 6 30006 10 30017 2 30022 10 30033 10 30068 6 30077 9 30164 8 30237 6 30259 13 30273 13 30290 8 30323 19 30420 7 30493 6 30512 16 30529 12 30547 7 30579 7 30587 12 30635 4 30676 6 30750 6 30766 19 30787 9 30803 7 30835 5 30843 12 30882 3 30889 7 31008 3 31022 20 31043 8 31060 6 31092 2 31099 12 31137 16 31264 3 31278 20 31299 8 31319 2 31356 12 31392 17 31534 20 31555 8 31613 10 31644 1 31647 18 31791 19 31811 8 31871 7 31897 24 32050 25 32129 3 32152 25 32181 6 32308 23 32407 26 32436 8 32564 23 32662 27 32692 9 32818 27 32918 27 32948 14 33074 7 33083 19 33175 26 33204 15 33330 2 33339 8 33354 4 33433 16 33452 5 33459 17 33597 5 33611 3 33693 11 33709 4 33715 17 33855 2 33950 10 33966 3 33970 17 34206 10 34222 2 34226 17 34462 10 34482 17 34718 10 34738 16 34974 10 34986 3 34992 18 35140 1 35230 10 35242 24 35381 1 35395 3 35485 38 35636 2 35652 2 35738 41 35868 1 35892 1 35993 42 36122 5 36166 1 36248 43 36377 7 36414 5 36422 1 36503 44 36632 8 36669 6 36678 1 36759 42 36888 9 36926 5 36933 2 37013 43 37143 10 37182 5 37189 2 37268 44 37399 11 37440 2 37445 2 37524 43 37655 10 37701 2 37780 42 37885 3 37912 8 37955 5 38036 42 38140 4 38156 6 38168 8 38210 6 38292 42 38396 4 38411 9 38425 7 38466 6 38548 42 38652 4 38667 10 38682 6 38721 6 38804 42 38908 4 38923 12 38939 4 38976 7 38995 11 39060 20 39083 19 39163 5 39179 13 39195 4 39231 8 39250 12 39270 3 39316 20 39340 18 39418 6 39435 14 39452 2 39487 6 39505 14 39525 7 39571 21 39597 17 39673 7 39691 15 39735 3 39744 5 39760 15 39781 8 39827 21 39853 16 39928 8 39947 15 39990 3 40001 5 40016 16 40036 18 40082 23 40110 15 40184 8 40204 14 40248 1 40257 5 40272 40 40338 23 40366 16 40440 8 40461 15 40514 4 40527 45 40594 22 40622 18 40696 8 40718 15 40770 3 40783 46 40850 21 40879 7 40887 10 40952 8 40973 7 40985 5 41040 46 41106 21 41136 18 41208 8 41226 9 41241 6 41296 46 41362 21 41392 17 41465 7 41481 10 41499 3 41553 45 41619 20 41648 16 41722 6 41736 11 41756 1 41811 44 41876 19 41904 15 41978 6 41991 12 42068 17 42088 22 42133 17 42159 15 42235 5 42246 13 42325 14 42344 22 42389 17 42415 15 42491 5 42503 11 42582 12 42599 22 42646 9 42657 6 42671 15 42748 4 42759 11 42843 7 42854 23 42902 8 42914 7 42922 20 43005 3 43015 13 43101 32 43159 7 43171 27 43271 14 43357 34 43416 6 43428 26 43527 16 43612 37 43673 5 43685 25 43783 16 43867 39 43942 24 44039 16 44122 41 44198 24 44295 16 44378 42 44454 23 44551 15 44599 2 44607 5 44633 43 44710 22 44806 16 44826 3 44848 10 44861 8 44889 44 44967 20 45061 17 45079 8 45102 24 45145 47 45224 6 45233 8 45316 18 45335 10 45354 29 45401 49 45482 3 45489 7 45573 29 45608 31 45657 50 45745 7 45830 29 45863 17 45883 13 45913 50 46002 5 46086 48 46141 11 46169 51 46259 3 46342 47 46397 11 46425 51 46598 45 46654 10 46681 50 46825 4 46854 44 46911 9 46936 51 47072 21 47109 46 47167 9 47191 52 47326 25 47365 47 47423 9 47446 53 47581 27 47621 47 47680 8 47701 41 47744 11 47836 30 47876 50 47936 7 47956 41 48000 11 48092 31 48132 51 48192 7 48212 41 48255 12 48349 31 48388 52 48448 7 48468 40 48511 5 48519 2 48605 3 48609 28 48643 53 48703 8 48724 39 48766 7 48861 2 48866 27 48899 53 48958 9 48980 39 49022 7 49117 32 49154 54 49214 8 49236 38 49277 8 49371 34 49410 54 49469 8 49491 39 49533 9 49627 34 49666 67 49747 39 49788 9 49883 30 49922 67 50003 39 50043 10 50140 10 50154 9 50165 3 50179 66 50260 42 50398 7 50410 11 50437 64 50516 41 50656 5 50667 11 50695 46 50743 6 50772 40 50913 3 50923 11 50952 45 51001 3 51028 38 51169 3 51179 12 51213 40 51284 35 51426 2 51436 7 51444 3 51471 38 51540 35 51682 2 51692 7 51700 3 51729 2 51736 29 51795 35 51937 3 51949 3 51956 4 51993 28 52051 34 52193 3 52212 4 52250 18 52273 2 52307 33 52352 1 52447 5 52468 4 52508 16 52563 33 52606 4 52702 5 52724 4 52766 13 52819 33 52860 7 52958 3 52980 2 53023 12 53076 32 53115 8 53214 3 53279 10 53305 3 53333 31 53368 11 53471 1 53536 7 53560 5 53590 44 53696 3 53743 1 53792 6 53815 6 53847 17 53865 25 53952 4 54028 2 54048 5 54071 7 54104 16 54122 24 54207 6 54237 2 54240 4 54249 2 54284 3 54305 4 54326 9 54361 17 54379 23 54463 6 54493 13 54540 2 54561 5 54582 10 54618 16 54635 23 54720 4 54749 13 54818 5 54837 13 54874 4 54881 33 55005 12 55074 5 55092 15 55138 32 55261 12 55330 6 55347 17 55395 30 55517 12 55587 5 55603 17 55651 29 55773 12 55844 3 55856 19 55907 29 56030 11 56110 21 56163 28 56287 10 56366 16 56419 28 56549 4 56621 16 56674 28 56805 4 56877 7 56886 5 56931 26 57134 6 57196 16 57390 6 57454 4 57461 6 57646 6 57711 2 57718 4 57903 4 58159 4 58282 2 58423 3 58536 5 58678 5 58783 15 58881 2 58933 7 59038 21 59136 5 59189 8 59294 22 59392 5 59445 12 59464 3 59550 23 59584 2 59648 6 59701 13 59719 5 59805 25 59839 4 59904 6 59913 5 59957 13 59974 6 60061 25 60092 7 60160 16 60213 13 60230 6 60317 39 60416 17 60469 13 60486 5 60572 7 60582 31 60672 17 60725 12 60743 4 60828 6 60838 32 60928 17 60981 11 61084 5 61095 31 61184 17 61237 11 61341 2 61353 29 61440 16 61493 11 61612 26 61696 15 61746 14 61870 25 61952 14 62001 15 62127 23 62208 14 62256 16 62364 2 62384 22 62464 13 62513 16 62618 5 62639 22 62720 12 62769 16 62873 6 62895 21 62976 12 63025 17 63128 7 63150 22 63232 12 63282 16 63384 7 63405 22 63488 12 63538 16 63640 8 63654 4 63659 23 63744 12 63794 16 63897 9 63908 29 64000 13 64050 16 64155 23 64182 10 64256 13 64307 15 64412 11 64426 7 64439 8 64512 12 64565 13 64669 10 64682 6 64695 8 64768 12 64824 11 64926 9 64939 4 64950 8 65024 9 65083 8 65174 2 65185 5 65196 3 65207 7 65280 7 65342 5 65430 3 65463 6
966384,87 14 119 11 165 20 193 9 240 11 343 13 375 11 422 18 449 11 496 10 599 13 632 9 678 17 705 12 752 10 808 1 855 12 890 1 935 13 961 12 1007 11 1064 1 1111 11 1198 3 1216 14 1262 12 1327 3 1368 5 1472 14 1517 12 1583 4 1625 2 1727 14 1773 12 1840 2 1939 6 1984 4 2029 11 2194 7 2285 11 2450 6 2541 10 2707 3 2798 8 2880 4 3056 4 3135 7 3391 8 3646 10 3902 11 4158 6 4167 4 4336 4 4352 2 4414 6 4425 3 4590 10 4608 1 4671 3 4681 4 4845 12 4937 6 5049 1 5100 14 5116 4 5193 6 5304 3 5356 20 5449 5 5560 6 5577 1 5611 21 5706 4 5816 6 5833 1 5867 21 6072 6 6121 9 6133 11 6329 6 6376 7 6389 1 6394 6 6587 4 6632 5 6652 3 6756 4 6888 4 7004 4 7011 6 7146 2 7259 14 7514 16 7770 16 8025 17 8052 3 8280 19 8307 4 8534 21 8563 4 8790 22 8818 5 9046 22 9074 5 9207 1 9303 20 9330 5 9463 3 9561 18 9586 6 9721 1 9817 18 9841 8 9977 1 10074 16 10097 10 10330 16 10352 12 10587 15 10607 13 10843 15 10862 14 11098 16 11117 14 11353 17 11372 13 11608 18 11628 13 11862 35 12116 24 12141 12 12372 23 12399 11 12629 22 12656 10 12886 21 12913 9 13143 20 13169 8 13312 1 13382 1 13400 19 13426 7 13638 1 13656 18 13686 2 13893 2 13913 11 13928 1 14148 3 14160 2 14169 11 14404 3 14414 5 14425 11 14660 1 14670 5 14683 8 14925 5 15181 4 15438 1 15502 2 16853 3 17108 6 17365 4 17487 3 17494 1 17623 1 17965 1 17996 2 18008 1 18012 5 18218 5 18252 1 18266 7 18474 6 18503 2 18521 9 18730 6 18753 8 18778 7 18988 3 19008 9 19034 7 19263 10 19290 6 19519 10 19547 3 19775 12 19991 4 20031 13 20247 3 20287 13 20503 3 20543 15 20801 6 20809 8 20838 7 21059 4 21067 7 21079 4 21093 9 21324 6 21333 8 21349 11 21581 17 21604 13 21837 17 21860 13 22092 19 22117 12 22347 20 22374 11 22602 22 22631 9 22858 26 22885 10 22914 2 22946 2 22956 3 23114 37 23170 4 23193 23 23372 34 23449 24 23630 16 23648 14 23705 25 23887 14 23907 9 23962 5 23974 13 24144 12 24165 5 24232 12 24400 12 24422 3 24489 12 24657 11 24746 13 24914 9 25003 12 25171 8 25206 2 25260 11 25428 5 25516 11 25569 1 25685 3 25773 10 25821 5 25942 1 26030 9 26077 5 26234 3 26289 5 26333 5 26410 5 26484 1 26490 3 26546 3 26590 3 26664 9 26740 2 26744 2 26803 2 26846 3 26920 11 26994 7 27103 2 27175 14 27249 8 27359 2 27431 16 27503 5 27510 1 27615 1 27686 19 27728 1 27757 7 27871 1 27942 20 27982 3 28013 7 28126 3 28199 6 28211 7 28236 5 28269 7 28382 3 28468 6 28491 7 28525 7 28624 4 28638 4 28672 1 28725 1 28746 8 28782 5 28879 5 28894 4 28928 3 29001 8 29037 6 29134 7 29151 3 29184 3 29252 1 29256 9 29292 6 29389 8 29407 3 29440 4 29507 2 29513 7 29547 7 29644 9 29665 1 29696 8 29714 6 29764 1 29774 1 29802 8 29815 5 29900 10 29952 10 29969 8 30058 8 30070 6 30155 11 30208 11 30224 10 30239 2 30314 7 30325 8 30411 11 30464 11 30480 11 30495 2 30570 7 30581 8 30667 11 30720 12 30735 18 30827 6 30837 8 30906 7 30923 11 30976 12 30990 20 31084 5 31094 6 31162 10 31179 10 31232 12 31246 20 31267 1 31340 6 31351 4 31418 12 31435 10 31488 37 31597 5 31608 1 31674 12 31690 11 31744 37 31793 6 31854 5 31930 13 31946 11 32000 37 32049 7 32111 5 32186 12 32202 11 32256 14 32273 10 32285 8 32304 8 32368 4 32442 12 32459 9 32512 13 32530 6 32541 7 32559 10 32624 4 32698 12 32716 7 32768 12 32787 4 32797 6 32815 10 32955 11 32973 5 33024 9 33053 6 33071 10 33212 10 33230 2 33280 9 33308 7 33327 9 33468 10 33508 2 33536 9 33564 7 33583 9 33724 9 33763 4 33792 1 33795 7 33820 7 33840 7 33982 6 34020 4 34048 1 34056 3 34076 7 34098 5 34233 3 34277 3 34304 3 34332 7 34355 3 34487 5 34560 3 34588 7 34612 2 34743 5 34816 2 34844 7 34999 4 35072 2 35100 7 35328 3 35356 6 35584 3 35614 3 35840 4 36463 2 36718 4 36973 6 37228 7 37484 8 37604 6 37742 6 37858 9 38002 1 38113 10 38240 3 38368 12 38496 5 38557 1 38623 13 38751 7 38811 5 38879 13 39005 9 39064 10 39136 12 39261 9 39319 12 39392 12 39517 8 39574 14 39648 12 39775 5 39830 14 39905 11 40087 14 40162 10 40345 12 40419 9 40601 12 40675 9 40857 12 40933 7 40960 5 41113 11 41190 6 41216 6 41370 9 41472 6 41568 6 41628 6 41728 6 41822 9 41845 5 41984 6 42077 11 42099 8 42240 7 42332 12 42354 10 42496 7 42588 12 42610 10 42752 7 42843 13 42865 11 43008 7 43099 13 43120 11 43196 4 43264 8 43273 1 43355 13 43376 11 43450 6 43465 6 43520 11 43534 1 43538 4 43610 14 43631 9 43703 9 43720 8 43776 23 43866 15 43888 8 43957 11 43975 9 44015 1 44032 23 44121 16 44144 7 44212 12 44230 10 44270 2 44288 23 44377 16 44403 2 44467 12 44485 11 44526 2 44544 22 44632 17 44722 12 44739 13 44800 21 44888 17 44978 12 44994 13 45056 19 45144 17 45233 14 45249 12 45312 18 45400 17 45422 3 45489 14 45504 13 45565 9 45575 11 45656 6 45663 10 45676 7 45744 28 45780 2 45797 1 45824 6 45833 9 45912 4 45921 9 45931 8 46000 27 46034 6 46051 3 46080 7 46090 8 46177 18 46203 4 46256 27 46289 8 46306 5 46336 7 46347 6 46433 18 46458 10 46513 25 46544 9 46562 5 46592 8 46605 3 46690 4 46695 12 46714 19 46770 24 46800 9 46817 5 46848 8 46948 1 46952 10 46970 21 47029 20 47056 9 47072 6 47104 8 47209 8 47226 22 47287 16 47313 7 47326 8 47360 9 47466 5 47482 23 47544 14 47569 7 47582 9 47616 8 47739 23 47799 14 47826 5 47838 10 47872 8 47996 23 48056 12 48082 4 48094 10 48128 7 48247 3 48254 21 48313 9 48339 3 48350 11 48369 1 48384 7 48502 4 48510 21 48595 3 48606 13 48625 3 48640 7 48758 4 48766 20 48851 3 48860 16 48881 4 48896 8 49014 5 49022 20 49106 4 49115 18 49136 5 49152 8 49270 5 49278 19 49362 5 49370 28 49408 8 49527 3 49535 18 49617 6 49626 12 49640 15 49664 8 49783 3 49791 17 49872 9 49882 33 49920 7 50047 17 50126 19 50150 22 50176 6 50303 16 50381 16 50407 22 50432 5 50560 14 50636 16 50663 22 50688 4 50816 14 50890 18 50918 23 50944 4 51072 13 51093 6 51140 24 51174 22 51200 4 51328 12 51347 9 51393 27 51430 16 51456 5 51584 12 51601 12 51648 28 51687 14 51712 7 51732 4 51840 29 51904 28 51944 12 51968 8 51987 6 52094 31 52159 29 52202 9 52224 8 52243 6 52348 34 52416 29 52460 6 52480 8 52499 7 52604 33 52672 30 52719 1 52736 8 52755 7 52860 33 52928 20 52950 9 52992 8 53012 6 53116 32 53185 19 53209 7 53248 7 53269 3 53372 8 53381 22 53441 18 53466 6 53504 7 53628 7 53638 20 53698 17 53722 6 53760 6 53824 1 53884 7 53894 20 53955 16 53978 5 54016 6 54074 9 54140 7 54150 20 54213 3 54217 9 54235 4 54272 4 54329 10 54366 7 54397 5 54407 18 54475 7 54528 1 54584 12 54622 9 54654 3 54664 16 54732 5 54839 12 54878 9 54923 12 55095 12 55135 9 55180 10 55352 10 55392 7 55437 7 55608 9 55648 6 55694 5 55865 9 55952 1 56122 9 56378 11 56634 12 56738 2 56831 1 56889 13 56992 12 57085 3 57145 13 57247 14 57340 4 57401 13 57503 15 57595 5 57657 13 57758 17 57850 6 57914 12 58014 17 58107 5 58171 10 58269 17 58363 5 58429 7 58524 19 58591 2 58619 5 58686 5 58779 20 58846 4 58876 4 58944 1 59034 21 59102 3 59132 4 59178 1 59290 21 59389 3 59432 5 59545 22 59645 3 59687 7 59801 21 59901 3 59943 7 60057 21 60157 3 60199 8 60312 21 60414 2 60455 8 60569 22 60711 9 60825 23 60850 6 60967 10 61090 23 61223 11 61348 22 61479 11 61603 24 61735 11 61859 25 61950 2 61991 11 62114 16 62135 5 62205 3 62247 10 62348 5 62370 15 62393 5 62459 5 62504 8 62603 7 62627 13 62649 6 62714 6 62762 3 62858 9 62884 12 62906 6 62968 8 63109 14 63143 9 63162 7 63223 9 63364 16 63401 7 63419 6 63469 19 63527 3 63619 16 63657 7 63675 7 63724 20 63777 10 63874 17 63914 8 63931 7 63979 21 64024 20 64129 17 64171 6 64187 7 64234 22 64278 23 64384 17 64429 4 64442 8 64488 13 64504 8 64532 26 64639 18 64686 4 64698 8 64744 14 64760 8 64787 27 64894 19 64943 3 64954 9 64999 15 65016 8 65043 28 65150 19 65200 2 65210 8 65254 15 65273 7 65298 29 65405 20 65456 2 65467 7 65509 16 65529 7
972712,21 6 277 6 295 8 532 8 550 10 788 8 805 12 1045 7 1061 13 1301 8 1317 13 1557 7 1573 13 1813 7 1829 12 1933 2 2069 7 2086 10 2188 4 2325 6 2342 10 2444 4 2581 6 2599 9 2838 4 2855 8 3094 4 3112 6 3350 4 3606 5 3775 2 3861 7 4030 5 4117 7 4285 7 4373 7 4456 2 4529 5 4541 8 4629 7 4784 6 4797 9 4886 4 5039 7 5053 9 5294 8 5310 8 5550 8 5568 6 5806 8 5825 4 6063 6 6082 3 6338 3 6593 3 6775 2 6849 1 7026 9 7282 8 7442 3 7539 7 7698 4 7796 5 7952 5 8053 3 8206 7 8461 7 8717 7 8974 5 9231 3 9386 4 9640 6 9894 8 9984 2 10150 9 10240 3 10249 4 10406 9 10496 5 10503 7 10662 8 10752 14 10917 9 11008 13 11174 8 11264 6 11430 7 11521 1 11688 2 14765 2 15020 5 15277 4 15533 5 15789 6 16045 7 16301 7 16397 2 16556 8 16652 4 16812 7 16906 8 17068 5 17162 9 17419 8 17679 3 18984 2 19239 4 19494 6 19542 2 19750 6 19797 4 20006 7 20052 6 20261 7 20308 6 20516 7 20564 8 20772 7 20821 5 21028 8 21078 4 21285 7 21542 6 21801 2 25091 4 25346 5 25600 8 25856 8 26112 8 26368 8 26624 8 26880 8 27136 8 27392 8 27648 7 27853 3 27904 7 28108 5 28160 6 28363 6 28416 6 28619 6 28672 6 28708 4 28876 5 28928 5 28963 9 29133 4 29184 3 29219 11 29283 3 29387 7 29440 2 29467 1 29475 5 29539 4 29641 9 29720 6 29730 1 29795 5 29822 4 29895 11 29977 5 30053 3 30078 5 30108 2 30152 10 30312 1 30334 5 30363 4 30415 2 30568 2 30590 6 30619 4 30824 3 30847 5 30875 4 31080 3 31103 5 31132 3 31336 3 31362 1 31592 3 31643 2 31848 3 31895 8 32104 3 32150 9 32406 10 32662 10 32868 3 32918 11 33122 9 33173 12 33377 10 33429 11 33501 4 33632 12 33685 12 33757 5 33887 13 33942 11 34012 6 34143 12 34199 4 34204 5 34231 4 34268 6 34378 1 34399 12 34460 5 34486 6 34525 6 34632 4 34656 10 34716 6 34741 8 34782 6 34886 7 34912 9 34972 6 34997 8 35040 5 35140 10 35171 5 35228 5 35253 8 35296 5 35395 11 35485 3 35509 9 35553 4 35651 11 35765 9 35810 2 35907 10 36022 9 36164 9 36278 9 36421 6 36534 10 36679 3 36790 10 37048 7 37305 5 41711 3 41966 5 42221 7 42477 7 42733 6 42919 2 42989 6 43173 6 43246 5 43428 7 43503 4 43683 8 43759 5 43939 7 44016 4 44195 6 44273 2 44452 4 44709 3 46081 6 46336 8 46442 1 46592 10 46697 3 46848 12 46952 4 47104 14 47207 5 47360 15 47463 5 47616 15 47718 5 47872 15 47973 6 48128 14 48230 6 48384 12 48486 6 48640 10 48742 5 48897 8 49152 9 49408 8 49665 7 49776 1 49921 7 50032 3 50179 5 50288 3 50543 5 50799 5 51054 6 51306 11 51562 11 51817 12 52071 13 52327 13 52583 13 52840 12 53097 10 53357 5 54828 3 55084 6 55342 4 62224 3 62480 4 62736 5 62992 5 63248 6 63505 5 63761 5 64017 6 64274 5 64530 4
976097,41149 5 41404 6 41660 6 41915 6 42171 4 42428 2 44001 2 44256 4 44512 4 44768 5 45026 5 45282 6 45539 6 45795 6 46052 6 46309 5 46566 3 47847 3 48103 3
980103,0 197 205 4 213 241 460 6 468 2 472 241 714 12 728 15 744 254 1000 253 1256 495 1752 1505 3259 508 3770 253 4026 252 4282 252 4538 252 4794 251 5049 283 5334 9 5344 242 5592 5 5600 240 5850 3 5856 3 5860 235 6107 3 6113 2 6116 235 6364 2 6369 240 6621 1 6624 244 6877 248 7133 249 7390 247 7647 246 7903 247 8159 247 8416 246 8673 245 8929 245 9185 245 9442 244 9698 244 9954 9 9964 224 10190 8 10210 233 10450 4 10467 9 10479 221 10706 4 10722 10 10736 220 10962 4 10978 11 10993 219 11219 4 11235 8 11250 219 11475 4 11491 7 11507 220 11731 4 11748 7 11763 220 11987 5 12001 1 12004 8 12020 219 12244 4 12261 7 12276 219 12500 4 12518 6 12533 218 12757 3 12775 4 12789 218 13014 3 13032 3 13045 217 13270 3 13287 6 13300 218 13526 6 13542 9 13556 217 13782 7 13797 232 14038 9 14053 232 14294 10 14309 232 14550 11 14567 1 14573 224 14805 13 14829 225 15059 17 15085 248 15335 3 15341 21779 37121 255 37378 254 37637 251 37894 250 38150 250 38406 250 38658 1 38661 251 38914 254 39170 254 39427 253 39683 253 39939 253 40195 253 40451 253 40706 254 40962 254 41217 6374 47592 768 48362 254 48620 252 48876 252 49133 18 49152 233 49389 18 49408 234 49646 252 49903 251 50159 251 50415 251 50671 9 50683 4 50688 234 50927 9 50940 236 51183 9 51196 233 51439 9 51452 233 51696 8 51709 232 51951 9 51968 229 52207 9 52224 230 52463 8 52480 230 52718 9 52736 231 52973 9 52992 231 53229 9 53248 232 53484 9 53504 232 53740 8 53757 2 53760 244 54013 1 54016 243 54267 2 54272 242 54528 241 54777 1 54784 241 55032 2 55040 241 55287 4 55296 241 55542 6 55552 241 55796 10 55808 241 56052 2570 58624 251 58880 255 59136 6400
981723,0 7 26 18 72 3 256 7 281 8 291 8 328 3 512 8 537 8 547 6 584 3 768 8 793 8 806 1 839 4 1024 8 1050 6 1095 4 1280 8 1307 4 1350 4 1536 8 1606 4 1792 7 1862 4 2048 7 2118 7 2304 7 2353 2 2374 9 2560 8 2610 1 2629 11 2816 12 2875 2 2885 11 3072 15 3122 1 3125 2 3130 5 3141 11 3328 17 3378 13 3397 11 3584 17 3633 14 3653 11 3840 17 3889 14 3910 9 3953 4 4096 17 4145 14 4166 9 4203 11 4352 17 4402 13 4421 10 4458 13 4608 17 4658 13 4677 9 4715 12 4864 17 4915 13 4933 8 4972 11 5121 17 5171 14 5188 8 5230 9 5377 18 5426 15 5444 7 5487 8 5632 10 5644 7 5681 17 5699 7 5744 7 5754 3 5888 20 5936 25 6000 7 6009 6 6144 20 6192 24 6257 16 6400 21 6449 21 6514 16 6656 21 6705 20 6773 13 6912 22 6961 20 7029 13 7168 22 7218 11 7234 1 7285 13 7424 23 7474 7 7542 12 7680 24 7730 6 7798 11 7936 25 7968 5 7985 6 8055 9 8192 26 8223 7 8237 10 8252 3 8284 1 8316 3 8448 26 8478 9 8492 11 8505 6 8540 2 8580 3 8704 26 8734 9 8747 7 8758 10 8797 2 8835 5 8848 2 8898 7 8960 25 8990 9 9003 21 9091 6 9104 4 9154 8 9216 25 9245 10 9259 21 9323 4 9346 7 9359 6 9372 4 9409 11 9472 24 9501 11 9515 22 9579 5 9603 6 9616 5 9628 7 9665 13 9728 23 9757 36 9835 10 9859 6 9878 2 9884 8 9920 21 9942 2 9984 24 10013 36 10092 10 10116 5 10134 3 10140 8 10176 25 10240 25 10270 34 10348 10 10373 4 10391 1 10402 3 10432 3 10439 19 10496 24 10526 34 10604 9 10660 1 10696 19 10752 24 10784 32 10850 1 10861 3 10953 19 11008 23 11046 28 11209 20 11264 22 11303 30 11433 4 11466 19 11520 22 11559 30 11691 3 11723 19 11776 22 11814 31 11947 6 11981 18 12003 2 12032 20 12053 1 12070 29 12204 4 12237 25 12288 20 12326 29 12460 4 12494 24 12544 6 12551 12 12582 26 12680 3 12717 2 12751 24 12800 5 12808 11 12838 10 12849 13 12935 4 13007 24 13056 5 13067 10 13094 10 13105 13 13264 19 13284 4 13312 5 13327 7 13349 25 13522 17 13540 4 13568 5 13580 1 13585 5 13605 24 13779 21 13824 5 13836 1 13841 6 13860 25 14036 2 14043 12 14080 5 14097 6 14116 24 14300 11 14336 5 14353 6 14372 24 14557 5 14564 3 14592 6 14611 4 14628 23 14655 5 14815 1 14820 4 14849 5 14868 3 14884 18 14910 6 14948 4 15077 3 15103 7 15139 15 15165 7 15206 3 15331 6 15357 9 15395 14 15421 6 15464 2 15562 4 15586 8 15611 11 15650 15 15677 6 15818 5 15839 8 15848 4 15867 14 15888 1 15906 15 15933 6 16073 8 16091 1 16094 7 16105 4 16122 10 16135 2 16163 18 16191 2 16271 3 16330 8 16347 11 16361 3 16377 10 16391 3 16419 18 16448 1 16527 3 16586 9 16602 13 16616 3 16632 8 16641 2 16676 17 16702 3 16781 5 16843 8 16858 12 16886 10 16932 17 16957 4 17036 5 17101 6 17112 14 17132 2 17140 12 17188 17 17213 3 17292 6 17357 1 17368 12 17395 13 17444 17 17470 1 17549 6 17609 1 17612 1 17624 8 17650 14 17700 17 17808 2 17880 7 17906 14 17956 18 18134 9 18162 14 18214 1 18217 13 18393 6 18417 15 18479 7 18650 4 18666 2 18672 16 18736 5 18919 6 18926 18 18994 1 19000 1 19082 1 19174 26 19259 2 19338 2 19430 26 19514 5 19594 4 19686 26 19770 5 19851 4 19941 27 20026 6 20096 4 20107 5 20197 27 20282 7 20350 7 20365 3 20452 28 20538 8 20583 6 20605 8 20622 2 20708 28 20794 8 20838 8 20860 10 20878 2 20964 28 21050 7 21094 12 21114 14 21129 6 21220 28 21306 1 21309 3 21350 2 21354 38 21395 1 21477 27 21562 1 21613 35 21650 4 21656 2 21733 27 21868 36 21907 7 21990 26 22124 34 22163 6 22246 26 22380 32 22419 6 22502 26 22636 30 22674 7 22758 26 22892 30 22931 6 23014 26 23148 29 23188 5 23270 26 23404 28 23444 5 23525 27 23660 27 23700 6 23780 19 23801 7 23916 28 23956 5 24036 29 24172 6 24180 20 24292 30 24428 6 24437 19 24547 32 24684 3 24694 18 24803 32 24940 4 24945 3 24951 17 25060 32 25194 1 25197 3 25201 5 25208 16 25316 21 25338 11 25450 1 25453 9 25463 16 25571 21 25596 9 25700 1 25709 25 25827 18 25853 7 25966 24 26083 8 26092 4 26108 8 26223 23 26338 9 26363 8 26479 24 26594 7 26618 8 26735 25 26851 5 26874 7 26992 24 27107 5 27130 6 27249 24 27364 4 27386 6 27506 23 27643 7 27763 21 27902 5 28021 7 28033 8 28160 3 28278 4 28291 6 28416 3 28536 1 28549 5 28672 3 28737 2 28807 3 28928 3 28993 2 29064 1 29184 3 29440 3 29508 1 29696 3 29952 3 30020 1 30208 2 30276 1 30464 1 30528 1 30532 1 30784 3 31042 2 31292 2 31299 3 31556 2 31812 2 33342 1 33598 1 35356 2 35611 7 35865 9 36095 1 36117 14 36350 2 36372 15 36605 3 36627 16 36860 4 36882 17 37115 5 37138 15 37369 7 37394 14 37624 8 37650 4 37655 5 37661 2 37880 8 37906 4 37911 5 38135 9 38164 8 38391 9 38421 7 38647 9 38678 6 38904 8 38934 6 39161 7 39190 6 39419 5 39426 2 39447 6 39675 10 39697 2 39703 6 39906 2 39931 10 39953 2 39959 6 40162 2 40188 10 40215 6 40444 10 40471 6 40701 9 40727 5 40957 10 40984 1 41216 7 41461 4 41472 8 41491 4 41717 4 41728 8 41746 5 41941 3 41973 4 41984 8 42001 7 42196 4 42229 4 42240 8 42257 7 42453 1 42485 4 42496 8 42514 5 42743 3 42752 8 43001 1 43008 7 43259 3 43265 5 43515 5 43522 3 43770 6 44027 5 44283 5 44541 3 46071 2 46326 4 46581 5 46837 3 47109 2 47365 3 47599 1 47620 3 47853 4 47875 4 48109 5 48131 3 48364 9 48388 1 48620 12 48875 14 49131 15 49386 16 49642 16 49898 16 50154 15 50411 14 50667 14 50691 2 50924 12 50947 2 51181 11 51204 1 51438 10 51695 9 51952 6 53576 1 53723 1 53978 4 54016 3 54089 3 54233 7 54272 5 54344 5 54444 7 54489 7 54528 6 54559 4 54600 6 54700 8 54745 8 54784 6 54813 6 54856 7 54956 9 55000 10 55040 6 55068 7 55112 7 55213 8 55251 17 55296 8 55323 7 55369 6 55469 7 55506 18 55552 10 55578 8 55625 6 55726 6 55761 20 55808 13 55822 6 55835 7 55882 5 55892 1 55982 6 56017 20 56064 21 56091 6 56138 6 56148 1 56238 5 56273 20 56320 22 56349 3 56394 8 56403 2 56494 5 56529 20 56576 22 56650 11 56750 5 56757 4 56785 20 56832 22 56906 11 57007 3 57013 4 57041 12 57054 7 57088 22 57162 12 57269 5 57296 11 57311 5 57344 6 57358 8 57421 9 57527 1 57552 9 57566 6 57600 3 57614 10 57679 7 57807 10 57821 7 57856 3 57871 11 57937 5 58062 24 58112 3 58127 12 58194 3 58316 27 58383 13 58572 13 58587 13 58639 13 58829 12 58844 12 58895 13 59086 10 59100 12 59151 13 59218 2 59343 8 59357 11 59407 13 59472 5 59599 8 59614 8 59663 12 59728 6 59804 5 59855 6 59872 5 59918 13 59983 9 60057 10 60108 10 60174 13 60239 11 60312 12 60361 13 60430 13 60492 15 60567 13 60616 14 60685 14 60746 17 60823 12 60871 15 60942 12 60999 18 61064 6 61079 12 61127 15 61198 9 61254 17 61320 7 61334 13 61382 17 61456 4 61509 15 61575 10 61590 12 61638 17 61693 1 61764 15 61831 12 61846 12 61894 18 61948 4 62019 16 62087 13 62101 11 62149 20 62203 5 62230 2 62275 15 62345 21 62405 21 62457 7 62487 2 62531 15 62602 18 62641 5 62662 20 62711 9 62734 1 62744 1 62786 15 62859 16 62892 11 62918 20 62965 14 62987 4 62999 4 63043 14 63116 6 63125 5 63145 15 63174 20 63221 15 63243 4 63255 6 63299 14 63373 4 63381 4 63400 17 63431 18 63476 16 63499 4 63511 8 63556 11 63629 4 63656 19 63686 11 63700 4 63732 17 63755 4 63766 10 63815 6 63885 3 63912 22 63942 10 63988 18 64011 4 64022 11 64141 3 64168 22 64198 10 64244 19 64267 3 64278 12 64397 2 64423 23 64453 10 64500 19 64523 5 64535 12 64680 22 64706 11 64755 21 64779 10 64792 12 64886 1 64936 22 64961 8 65010 22 65035 7 65043 2 65049 11 65138 1 65142 1 65192 22 65216 7 65266 22 65292 5 65305 12 65392 4 65397 2 65449 21 65472 6 65521 15
982804,0 767 768 254 1024 254 1280 254 1536 254 1792 27391 29184 255 29440 36096
986585,0 15879 15883 250 16137 251 16393 250 16647 249 16902 250 17157 251 17413 251 17667 253 17922 254 18178 254 18433 28753 47188 253 47446 251 47702 251 47958 251 48213 252 48469 253 48723 16813
990714,134 8 192 15 390 8 448 14 574 1 646 8 703 14 828 4 866 1 902 9 958 15 1084 5 1122 2 1158 10 1212 16 1340 6 1379 2 1414 10 1460 2 1464 19 1596 5 1670 10 1714 25 1852 5 1927 9 1970 25 2109 3 2183 9 2225 27 2366 1 2411 4 2439 9 2482 26 2666 6 2696 7 2738 15 2756 2 2764 1 2915 3 2920 8 2952 7 2995 6 3002 6 3103 4 3170 14 3208 7 3252 11 3277 1 3358 5 3426 13 3464 6 3508 11 3532 3 3615 4 3682 13 3721 4 3764 11 3787 4 3942 2 3945 5 4021 12 4043 4 4278 12 4298 6 4368 2 4539 9 4553 7 4622 5 4796 9 4809 10 4878 5 5052 9 5068 8 5134 6 5309 7 5324 8 5390 7 5565 6 5580 9 5646 8 5822 4 5835 10 5903 10 6091 10 6160 10 6286 1 6347 11 6416 10 6540 5 6589 4 6602 13 6674 9 6795 7 6840 11 6856 16 6933 6 7051 8 7095 23 7120 9 7192 2 7307 9 7349 23 7377 8 7451 5 7563 11 7604 23 7633 8 7707 6 7819 12 7859 23 7890 7 7964 5 8075 13 8115 21 8146 7 8220 5 8331 13 8370 17 8402 7 8478 1 8587 13 8627 15 8657 8 8843 12 8883 14 8912 8 9098 9 9140 13 9167 8 9353 9 9396 13 9423 1 9426 4 9608 8 9653 11 9864 8 9909 11 10120 6 10166 9 10376 4 10414 5 10423 8 10670 6 10678 16 10925 27 11180 28 11215 2 11435 7 11443 22 11471 4 11691 7 11699 22 11727 5 11947 30 11983 5 12203 29 12239 5 12460 5 12466 22 12495 5 12616 2 12719 1 12723 21 12752 3 12870 5 12981 20 13124 8 13231 5 13238 22 13379 9 13486 6 13494 24 13634 11 13742 7 13752 22 13890 11 13998 7 14011 19 14146 11 14255 5 14267 20 14402 12 14521 22 14658 12 14776 20 14915 11 15032 18 15174 8 15289 16 15432 6 15546 13 15615 1 15804 11 15820 1 15869 3 15919 6 16055 3 16068 3 16073 5 16125 3 16174 9 16310 7 16324 10 16381 3 16429 12 16566 8 16580 10 16637 3 16684 15 16822 9 16838 7 16894 2 16940 16 17063 5 17077 10 17096 4 17192 2 17195 23 17318 9 17333 11 17447 28 17574 12 17588 12 17602 4 17703 29 17830 32 17959 29 18086 33 18217 27 18342 32 18474 26 18599 20 18623 6 18728 29 18855 21 18984 29 19092 2 19111 21 19239 30 19346 7 19368 20 19495 31 19601 9 19624 20 19751 30 19857 10 19879 20 20008 20 20029 8 20114 9 20135 17 20266 16 20288 4 20370 10 20391 16 20526 8 20618 4 20626 10 20647 15 20772 1 20783 5 20874 5 20883 5 20903 14 20949 3 21026 5 21040 3 21130 6 21159 13 21204 4 21281 7 21298 1 21385 7 21415 13 21460 4 21536 8 21641 7 21670 14 21716 4 21788 11 21898 6 21926 14 21971 4 22043 12 22155 4 22182 14 22227 4 22297 12 22438 14 22482 5 22552 13 22694 14 22738 4 22808 12 22950 14 22994 4 23064 12 23206 14 23250 4 23321 10 23462 14 23507 3 23577 8 23718 14 23763 3 23834 4 23974 14 24019 4 24230 13 24275 5 24487 12 24532 4 24745 9 24788 4 25003 8 25045 1 25262 6 25518 7 25773 8 25986 3 26029 13 26134 5 26241 4 26285 15 26329 1 26389 8 26497 3 26541 16 26645 9 26753 2 26797 17 26901 9 27053 17 27093 1 27158 9 27186 4 27309 18 27347 4 27415 7 27441 7 27565 18 27603 4 27672 5 27697 8 27820 18 27860 3 27954 6 28075 19 28115 4 28211 5 28331 18 28371 4 28556 6 28587 18 28627 2 28674 7 28811 8 28843 17 28883 1 28928 12 29067 15 29100 15 29139 1 29184 13 29323 17 29356 14 29440 14 29579 18 29613 14 29696 14 29835 18 29870 14 29952 15 30090 19 30127 14 30208 16 30346 19 30384 14 30464 17 30601 19 30641 13 30720 18 30856 20 30898 13 30976 18 31112 20 31157 11 31232 18 31368 19 31414 10 31488 17 31625 18 31672 8 31744 16 31881 17 31932 4 32000 16 32143 11 32186 8 32256 15 32403 7 32441 11 32512 14 32662 3 32697 12 32768 13 32811 3 32953 12 33024 14 33048 6 33066 5 33210 11 33280 18 33302 10 33321 6 33467 9 33536 33 33576 7 33726 5 33792 47 33952 3 34048 48 34206 6 34304 49 34460 8 34560 49 34714 10 34757 1 34816 48 34968 11 35011 6 35072 48 35223 12 35260 5 35266 8 35291 1 35328 48 35477 13 35515 16 35546 3 35584 48 35732 13 35770 17 35803 1 35840 48 35988 12 36026 6 36034 10 36072 2 36096 47 36234 7 36243 11 36283 2 36290 10 36352 47 36482 22 36507 2 36547 9 36608 14 36627 28 36738 27 36803 9 36864 12 36890 21 36994 28 37060 8 37120 10 37147 20 37250 19 37270 8 37316 9 37376 8 37403 20 37507 17 37526 8 37575 6 37632 7 37660 20 37764 15 37783 7 37831 6 37888 6 37916 21 38021 11 38039 8 38070 1 38088 5 38144 6 38172 22 38278 9 38295 7 38344 4 38400 5 38428 22 38535 8 38551 7 38656 5 38684 23 38792 6 38807 7 38912 6 38927 3 38940 22 39048 6 39062 7 39168 5 39181 7 39197 21 39305 4 39318 6 39424 4 39436 8 39453 15 39562 3 39575 5 39680 3 39692 9 39709 14 39936 2 39948 9 39965 14 40192 2 40204 10 40221 13 40448 2 40460 11 40477 12 40704 2 40717 10 40733 11 40960 5 40974 10 40988 12 41216 9 41231 11 41244 12 41446 2 41472 9 41486 13 41501 10 41699 7 41728 10 41743 13 41757 10 41954 9 41984 11 41999 24 42133 1 42144 3 42210 9 42240 11 42255 15 42272 5 42388 2 42399 4 42466 9 42496 11 42511 15 42653 1 42655 4 42722 9 42752 10 42767 15 42908 6 42979 7 43008 10 43022 18 43163 6 43264 9 43278 19 43419 6 43503 3 43520 7 43533 20 43676 5 43759 4 43776 5 43788 11 43801 8 43933 4 44015 3 44032 3 44042 13 44058 7 44267 1 44288 2 44297 15 44315 6 44344 3 44452 2 44521 4 44544 1 44550 27 44600 4 44747 3 44777 2 44800 2 44803 30 44856 5 45003 3 45033 1 45056 32 45112 5 45259 4 45297 1 45312 32 45368 6 45421 2 45515 4 45553 5 45568 32 45625 5 45676 5 45770 5 45809 5 45824 31 45881 4 45930 8 46027 4 46045 1 46065 6 46080 31 46186 9 46284 2 46297 7 46322 4 46336 30 46442 10 46552 8 46592 12 46608 12 46698 10 46808 9 46848 11 46954 10 47064 9 47104 10 47190 5 47210 10 47320 10 47360 9 47445 10 47466 10 47576 10 47616 8 47700 12 47723 9 47831 10 47872 5 47956 13 47979 9 48087 7 48128 4 48138 2 48212 13 48236 7 48384 4 48393 5 48468 13 48492 7 48573 1 48640 3 48648 7 48724 13 48748 7 48826 6 48896 4 48901 10 48980 13 49004 7 49081 7 49152 15 49239 10 49260 8 49334 10 49408 15 49496 9 49517 8 49589 10 49664 15 49753 7 49774 7 49844 11 49920 15 50009 7 50031 6 50062 4 50099 11 50176 15 50265 6 50290 1 50318 4 50354 12 50432 16 50522 4 50573 5 50610 11 50664 4 50688 16 50722 3 50830 4 50867 8 50919 6 50944 16 50977 5 51086 4 51173 8 51200 16 51233 7 51343 4 51429 8 51456 15 51489 8 51601 2 51618 4 51673 2 51685 8 51712 15 51745 9 51858 1 51873 6 51929 3 51941 8 51968 13 52002 8 52091 3 52129 7 52186 3 52196 8 52224 11 52259 8 52371 1 52385 6 52445 3 52452 7 52480 10 52515 8 52526 5 52627 2 52644 3 52702 5 52708 6 52736 9 52771 7 52781 7 52901 1 52992 8 53027 6 53037 8 53159 3 53248 8 53283 5 53293 8 53401 6 53412 9 53504 7 53538 5 53549 9 53657 7 53668 11 53760 8 53776 3 53796 3 53806 8 53878 5 53912 11 53925 10 54016 8 54031 5 54053 2 54062 7 54130 10 54166 14 54181 10 54272 7 54286 6 54309 2 54319 4 54384 12 54421 14 54438 8 54528 7 54542 6 54553 2 54566 1 54634 18 54675 16 54695 7 54784 7 54797 7 54809 2 54889 19 54930 17 54953 5 55040 7 55053 8 55065 2 55144 20 55177 3 55186 17 55210 5 55296 8 55309 8 55321 2 55332 3 55400 21 55434 1 55442 18 55467 4 55552 9 55565 8 55578 1 55585 6 55655 22 55698 20 55724 3 55808 9 55821 9 55834 2 55840 8 55911 23 55955 21 55980 2 56064 10 56078 8 56090 3 56095 3 56099 6 56167 23 56212 22 56236 1 56320 10 56335 8 56346 3 56424 21 56468 21 56576 11 56591 14 56680 21 56724 21 56746 1 56803 3 56832 10 56848 11 56935 22 56980 21 57048 1 57059 5 57088 10 57105 10 57190 23 57230 4 57236 21 57303 3 57314 17 57344 10 57361 10 57446 22 57486 5 57492 19 57569 19 57600 9 57618 9 57702 21 57742 5 57750 16 57825 18 57856 9 57875 8 57958 20 57998 5 58007 14 58081 17 58112 8 58131 9 58214 19 58254 5 58265 11 58342 12 58368 7 58387 17 58470 19 58511 4 58522 7 58601 8 58627 3 58643 18 58726 19 58767 5 58780 3 58858 7 58900 5 58906 12 58983 19 59023 7 59117 3 59163 12 59240 19 59280 6 59343 1 59419 12 59497 18 59536 7 59676 11 59753 19 59792 7 59820 1 59934 9 60010 18 60049 9 60075 2 60193 6 60266 18 60306 12 60330 3 60450 5 60523 16 60562 11 60586 3 60707 4 60780 13 60819 10 60842 2 61036 12 61076 9 61292 11 61322 5 61332 9 61549 9 61575 10 61588 8 61805 9 61830 12 61845 6 62063 6 62086 18 62321 4 62342 15 62598 15 62854 15 63112 14 63371 11 63629 7 63744 1 63888 2 64000 2 64256 2 64512 3 64768 3 64794 4 65024 2 65278 3 65533 3
995278,190 66 446 66 702 66 958 66 1214 66 1472 64 1729 63 1985 63 2240 64 2312 1 2318 3 2494 66 2567 10 2598 3 2749 67 2824 8 2853 7 3003 69 3081 6 3108 11 3258 70 3336 6 3363 15 3514 70 3592 5 3619 16 3769 71 3847 3 3866 3 3873 19 4025 71 4103 2 4121 5 4128 21 4281 71 4376 28 4536 72 4632 28 4787 77 4888 28 5041 79 5144 27 5295 81 5400 26 5551 81 5656 25 5807 81 5912 25 6062 82 6167 26 6318 82 6423 26 6574 10 6587 69 6679 25 6830 9 6844 68 6937 23 7087 6 7100 68 7195 20 7344 4 7356 68 7452 13 7468 3 7611 69 7709 10 7726 1 7866 70 7945 3 7966 8 8120 72 8201 4 8225 4 8375 73 8455 4 8630 74 8711 4 8886 74 8967 3 9142 74 9224 1 9398 74 9520 1 9654 74 9773 6 9909 75 10028 8 10165 75 10284 9 10421 75 10499 2 10540 9 10678 74 10754 5 10796 9 10934 74 11010 4 11052 9 11192 72 11266 4 11308 10 11448 72 11523 3 11527 4 11565 9 11701 75 11783 4 11822 8 11956 76 12040 3 12079 6 12211 77 12297 2 12337 3 12465 76 12543 1 12594 1 12720 77 12798 2 12976 77 13054 2 13231 81 13487 81 13742 66 13810 14 13918 6 13998 64 14066 12 14173 7 14254 63 14320 13 14429 7 14489 6 14510 63 14576 13 14686 6 14744 8 14767 64 14832 12 14943 3 15000 11 15023 76 15200 5 15256 14 15281 74 15457 4 15512 15 15538 72 15713 5 15741 11 15769 14 15795 62 15858 6 15969 5 15996 17 16025 15 16052 60 16114 5 16226 1 16252 18 16281 14 16309 65 16508 18 16529 3 16537 14 16566 9 16579 48 16628 2 16763 27 16794 13 16824 5 16836 50 17019 27 17051 12 17093 49 17274 29 17309 10 17350 48 17529 30 17565 9 17606 49 17784 31 17822 8 17863 47 17915 1 18040 32 18084 1 18120 46 18170 6 18282 1 18295 33 18377 46 18426 6 18536 5 18551 32 18633 47 18682 6 18790 10 18807 32 18890 54 19045 13 19061 34 19109 3 19147 9 19158 42 19301 50 19365 3 19405 6 19415 41 19554 53 19621 4 19663 2 19672 40 19813 50 19876 6 19930 38 20069 50 20132 6 20188 36 20321 54 20388 6 20446 34 20576 56 20644 5 20705 31 20831 56 20900 5 20970 22 21087 56 21157 3 21232 15 21342 57 21488 15 21597 57 21745 12 21853 57 22002 9 22109 56 22258 7 22364 57 22515 5 22619 57 22852 1 22875 57 23107 4 23131 40 23173 15 23363 4 23387 40 23429 15 23619 4 23643 41 23685 14 23899 56 24154 57 24409 58 24665 58 24920 59 25154 3 25175 60 25409 6 25430 62 25665 14 25686 62 25921 15 25942 62 26177 15 26199 62 26433 16 26455 65 26689 17 26711 65 26944 19 26967 67 27200 20 27223 67 27457 19 27479 68 27713 19 27735 69 27969 71 28041 19 28226 68 28298 19 28482 68 28554 19 28738 69 28808 1 28812 18 28995 68 29064 1 29068 18 29252 66 29328 14 29508 71 29586 12 29766 70 29842 11 30023 69 30098 11 30279 69 30354 10 30535 69 30610 12 30790 58 30850 10 30865 14 31046 58 31106 10 31121 16 31302 59 31366 6 31376 23 31559 53 31614 3 31631 25 31815 49 31866 1 31871 3 31886 26 32071 49 32127 3 32141 27 32327 49 32379 3 32383 6 32397 3 32405 20 32583 61 32662 19 32839 61 32919 18 33096 60 33177 14 33353 59 33439 4 33610 49 33662 6 33677 5 33835 2 33867 47 33918 7 33932 6 34122 49 34174 8 34188 7 34377 39 34419 8 34430 8 34443 8 34633 37 34676 8 34686 9 34699 9 34890 34 34933 7 34941 11 34954 10 35147 32 35189 7 35197 22 35404 30 35445 7 35453 22 35660 29 35700 8 35709 21 35916 28 35956 7 35966 20 36172 27 36213 5 36222 12 36235 7 36427 26 36478 10 36493 5 36683 26 36735 8 36749 4 36939 24 36991 7 37196 22 37246 7 37453 20 37501 7 37711 18 37750 3 37756 7 37968 17 38004 6 38011 6 38225 17 38257 16 38482 16 38511 17 38730 3 38739 15 38765 18 38985 5 38996 13 39021 15 39240 6 39252 12 39275 13 39496 7 39508 12 39530 14 39751 8 39763 13 39785 14 40006 10 40017 15 40040 13 40261 11 40273 16 40296 11 40517 29 40552 8 40773 29 40808 5 41028 30 41065 2 41284 30 41540 10 41551 20 41797 8 41807 21 42054 2 42064 19 42320 18 42576 15 42832 13 43088 11 43345 8 43602 3
